clipping_fraction,cumulative_runtime_seconds,epoch,epoch_runtime_seconds,gpu_peak_allocated_mib,gpu_peak_reserved_mib,gradient_norm_after_clip_max,gradient_norm_after_clip_mean,gradient_norm_before_clip_max,gradient_norm_before_clip_mean,learning_rate_end,learning_rate_start,microbatches_seen,microbatches_this_epoch,nonfinite_count,optimizer_updates,optimizer_updates_this_epoch,train_loss_max,train_loss_mean,train_loss_min
0.9761904761904762,12.092573169999014,1,12.092573169999014,562.81591796875,714.0,1.0,0.9995170718147641,38.89436340332031,9.42597221618607,1.3333333333333335e-05,3.174603174603175e-07,168,168,0,42,42,659.9599743336439,108.33139369281984,4.1940345242619514
0.9761904761904762,23.17232347999925,2,11.079750310000236,562.81591796875,714.0,1.0,0.9938609458151317,41.86302185058594,8.037212546382632,2.666666666666667e-05,1.3650793650793652e-05,336,168,0,84,42,883.4539565294981,108.09565894279096,1.346664384007454
0.9523809523809523,34.27034653299961,3,11.098023053000361,562.81591796875,714.0,1.0000001192092896,0.9909297497499556,35.84739685058594,6.046692683583214,4e-05,2.6984126984126987e-05,504,168,0,126,42,651.0357709042728,107.74696207152945,1.5416133999824524
0.9523809523809523,45.36518574599904,4,11.094839212999432,562.81591796875,714.0,1.0,0.9883812751088824,35.23018264770508,4.8431925518172125,5.333333333333334e-05,4.031746031746032e-05,672,168,0,168,42,1035.0131559744477,107.36465838693437,0.5586626715958118
0.9761904761904762,56.44393702099842,5,11.078751274999377,562.81591796875,714.0,1.0,0.9977429821377709,32.69649887084961,5.562392253251303,6.666666666666667e-05,5.3650793650793654e-05,840,168,0,210,42,740.1454069316387,106.97823325850602,1.576036922633648
0.9761904761904762,67.55393182999796,6,11.109994808999545,562.81591796875,714.0,0.9999999403953552,0.999733954668045,47.52328109741211,7.539779813516708,8e-05,6.698412698412698e-05,1008,168,0,252,42,1236.6284455135465,106.58609991307769,1.7817605920135975
0.9285714285714286,78.7404696679987,7,11.186537838000731,562.81591796875,714.0,1.0,0.9694922694138118,61.62348937988281,11.626289523783184,9.333333333333333e-05,8.031746031746032e-05,1176,168,0,294,42,696.9737553596497,106.05040732780029,0.3022473882883787
0.9761904761904762,90.0407817569976,8,11.300312088998908,562.81591796875,714.0,1.0,0.9876655567260015,51.07476043701172,16.397324868610927,0.00010666666666666668,9.365079365079364e-05,1344,168,0,336,42,938.4254186265171,105.10737355590044,1.5222322940826416
0.9285714285714286,101.1954811359974,9,11.154699378999794,562.81591796875,714.0,1.0,0.9699705910115015,101.26205444335938,25.782864625964844,0.00012,0.000106984126984127,1512,168,0,378,42,656.4552685581148,103.51203620620072,1.5104669332504272
1.0,112.34278321899728,10,11.147302082999886,562.81591796875,714.0,1.0,0.9999998935631343,200.38958740234375,30.81204611346835,0.00013333333333333334,0.00012031746031746032,1680,168,0,420,42,691.3932750076056,101.55742946834792,2.227889522910118
1.0,123.51378063499578,11,11.1709974159985,562.81591796875,714.0,1.0000001192092896,0.9999999034972418,208.29261779785156,40.80206505173729,0.00014666666666666666,0.00013365079365079365,1848,168,0,462,42,667.2903426885605,99.2288318476418,1.9493429623544216
0.9761904761904762,134.64490196199586,12,11.131121327000074,562.81591796875,714.0,1.0000001192092896,0.9955594624791827,135.280517578125,40.048059599740164,0.00016,0.000146984126984127,2016,168,0,504,42,657.2468683719635,96.37156922050885,0.9555364809930325
0.9761904761904762,145.7830069199954,13,11.13810495799953,562.81591796875,714.0,1.0,0.9975262099788302,203.76852416992188,40.063119771934694,0.00017333333333333334,0.00016031746031746033,2184,168,0,546,42,658.2483413293958,93.34740347774434,2.0290168151259422
1.0,156.92031878599482,14,11.137311865999436,562.81591796875,714.0,1.0000001192092896,0.9999999077547164,122.10707092285156,47.31103525842939,0.00018666666666666666,0.00017365079365079368,2352,168,0,588,42,654.4290842860937,89.20494516499873,1.8924376219511032
1.0,168.09457457099415,15,11.174255784999332,562.81591796875,714.0,1.0000001192092896,0.9999999006589254,278.2222900390625,45.705434847445716,0.0002,0.00018698412698412697,2520,168,0,630,42,656.6545261666179,85.06545369074281,0.8974959701299667
1.0,179.2205030379955,16,11.125928467001359,562.81591796875,714.0,1.0000001192092896,0.9999999120121911,194.4154052734375,47.044127418881374,0.00021333333333333336,0.00020031746031746032,2688,168,0,672,42,852.3874467015266,80.7612302342341,0.7479570731520653
1.0,190.36185908399602,17,11.14135604600051,562.81591796875,714.0,1.0,0.9999999276229313,180.0119171142578,54.54734326544262,0.00022666666666666666,0.00021365079365079367,2856,168,0,714,42,651.1631278991699,75.49477514358503,1.8846713043749332
1.0,201.45997600399642,18,11.098116920000393,562.81591796875,714.0,1.0000001192092896,0.9999998822098687,191.79510498046875,44.948286635535105,0.00024,0.00022698412698412697,3024,168,0,756,42,650.1976148784161,71.19316648603196,1.2113949954509735
1.0,212.6517185909961,19,11.19174258699968,562.81591796875,714.0,1.0000001192092896,0.9999998964014507,213.65484619140625,44.583020573570614,0.00025333333333333333,0.00024031746031746032,3192,168,0,798,42,788.8725426197052,66.71440999520321,0.9394589923322201
1.0,223.84255357699658,20,11.190834986000482,562.81591796875,714.0,1.0,0.9999998949822926,181.23919677734375,45.44197108915874,0.0002666666666666667,0.00025365079365079364,3360,168,0,840,42,659.1936691179872,63.29193400272301,1.3944106549024582
1.0,234.91977497199696,21,11.077221395000379,562.81591796875,714.0,1.0,0.9999999063355582,209.71701049804688,49.23512423038483,0.00028,0.000266984126984127,3528,168,0,882,42,650.51029920578,60.3947251049713,1.0093615092337132
1.0,246.23320258599597,22,11.31342761399901,562.81591796875,714.0,1.0000001192092896,0.9999999162696657,206.3332061767578,49.647455104759764,0.0002933333333333333,0.00028031746031746034,3696,168,0,924,42,647.6512770242989,57.7991075941051,1.3591389302164316
1.0,257.435741745996,23,11.202539160000015,562.81591796875,714.0,1.0,0.9999998935631343,203.9424285888672,45.84678776207424,0.0003066666666666667,0.00029365079365079364,3864,168,0,966,42,650.9523900151253,55.47137106294256,1.0733200460672379
1.0,268.57755709599587,24,11.141815349999888,562.81591796875,714.0,1.0,0.9999999148505074,292.4490051269531,49.40530670540674,0.00032,0.000306984126984127,4032,168,0,1008,42,661.1339429020882,54.16143116168678,2.47118316963315
1.0,279.73855663599534,25,11.160999539999466,562.81591796875,714.0,1.0,0.9999999205271403,299.8431091308594,53.71873205900192,0.0003333333333333333,0.00032031746031746034,4200,168,0,1050,42,669.4885029047728,52.20286510055441,1.1334014013409615
1.0,290.93387511099536,26,11.195318475000022,562.81591796875,714.0,1.0,0.9999999091738746,367.93011474609375,51.46672467390696,0.00034666666666666667,0.00033365079365079364,4368,168,0,1092,42,739.3242259025574,51.174046494066715,1.6282487846910954
1.0,302.0528051659967,27,11.118930055001329,562.81591796875,714.0,1.0000001192092896,0.9999999148505074,353.895751953125,50.006017205261045,0.00036,0.000346984126984127,4536,168,0,1134,42,655.6538673192263,49.53592094308918,0.849702961742878
1.0,313.240089789997,28,11.187284624000313,562.81591796875,714.0,1.0000001192092896,0.9999999120121911,427.0416259765625,49.64026166995367,0.0003733333333333333,0.00036031746031746034,4704,168,0,1176,42,704.4295048117638,48.43902753204817,0.6604579500854015
0.9761904761904762,324.370788557997,29,11.130698768000002,562.81591796875,714.0,1.0000001192092896,0.9972727398077647,413.419189453125,56.714955554122014,0.00038666666666666667,0.0003736507936507937,4872,168,0,1218,42,665.4899187088013,47.544879516497964,1.5417446568608284
1.0,335.5582513659974,30,11.187462808000419,562.81591796875,714.0,1.0,0.999999924784615,451.0550231933594,59.98852081809725,0.0004,0.00038698412698412704,5040,168,0,1260,42,668.487614274025,46.151131473348606,0.6255197897553444
1.0,346.67810026499683,31,11.119848898999408,562.81591796875,714.0,1.0,0.9999999276229313,404.0234680175781,60.00243961811066,0.00041333333333333337,0.00040031746031746033,5208,168,0,1302,42,626.0135499089956,44.75806936626101,0.26833801344037056
0.9761904761904762,357.81536540999696,32,11.137265145000129,562.81591796875,714.0,1.0000001192092896,0.9963262038571494,522.0015258789062,62.519150379158205,0.0004266666666666667,0.00041365079365079363,5376,168,0,1344,42,751.5893165022135,44.68419226485172,0.3265901245176792
1.0,369.0562655019967,33,11.24090009199972,562.81591796875,714.0,1.0000001192092896,0.9999999347187224,508.01873779296875,63.19103020713443,0.00044,0.000426984126984127,5544,168,0,1386,42,643.9263286292553,43.772643948062544,1.8324668854475021
1.0,380.1686268669964,34,11.112361364999742,562.81591796875,714.0,1.0000001192092896,0.9999999134313493,576.1578369140625,68.0914594502676,0.0004533333333333333,0.00044031746031746033,5712,168,0,1428,42,636.0340446457267,42.58241495454595,0.9001784808933735
1.0,391.31087604899767,35,11.142249182001251,562.81591796875,714.0,1.0,0.9999999276229313,682.3713989257812,71.64878248884564,0.00046666666666666666,0.0004536507936507937,5880,168,0,1470,42,737.6414402723312,42.52830250006879,0.4513028431683779
1.0,402.4320649679976,36,11.121188918999906,562.81591796875,714.0,1.0,0.9999999077547164,564.5514526367188,61.58357877958389,0.00048,0.00046698412698412703,6048,168,0,1512,42,617.8098031282425,40.56336307782857,1.0336783453822136
1.0,413.63491304599665,37,11.202848077999079,562.81591796875,714.0,1.0000001192092896,0.9999999191079821,548.389892578125,65.18809550432931,0.0004933333333333334,0.0004803174603174604,6216,168,0,1554,42,630.0319018363953,39.576408447786456,0.7864781022071838
1.0,424.800376676998,38,11.16546363100133,562.81591796875,714.0,1.0000001192092896,0.9999999205271403,624.5078125,69.07222951593853,0.0005066666666666667,0.0004936507936507936,6384,168,0,1596,42,664.5687997341156,39.065988888431875,1.5728215128183365
1.0,435.91919447899636,39,11.118817801998375,562.81591796875,714.0,1.0000001192092896,0.9999999446528298,660.9251708984375,80.020610780943,0.0005200000000000001,0.000506984126984127,6552,168,0,1638,42,561.575456559658,37.86623273727795,1.842160977423191
1.0,447.22195876599653,40,11.302764287000173,562.81591796875,714.0,1.0000001192092896,0.9999999262037731,726.9121704101562,74.04822383040474,0.0005333333333333334,0.0005203174603174603,6720,168,0,1680,42,601.587753713131,37.224455949672986,1.7794621139764786
1.0,458.417826193996,41,11.195867427999474,562.81591796875,714.0,1.0000001192092896,0.9999999276229313,727.8137817382812,89.34855441252391,0.0005466666666666667,0.0005336507936507936,6888,168,0,1722,42,583.7576326727867,36.44589041887472,0.9849565401673317
1.0,469.52238711499376,42,11.104560920997756,562.81591796875,714.0,1.0000001192092896,0.999999938976197,797.1141357421875,73.80404917966752,0.00056,0.000546984126984127,7056,168,0,1764,42,532.8850453570485,35.56860907584252,1.093207910656929
1.0,480.65388114499365,43,11.131494029999885,562.81591796875,714.0,1.0,0.9999999049164,781.3201904296875,77.1913409006028,0.0005733333333333334,0.0005603174603174603,7224,168,0,1806,42,501.53704634308815,34.39019642672723,0.7756986059248447
1.0,491.77263758399204,44,11.118756438998389,562.81591796875,714.0,1.0000001192092896,0.9999999290420896,831.7066650390625,89.43290452730088,0.0005866666666666667,0.0005736507936507936,7392,168,0,1848,42,567.1224074363708,34.83878146874763,1.5253305360674858
1.0,502.9623857189945,45,11.189748135002446,562.81591796875,714.0,1.0,0.9999999276229313,757.9436645507812,84.73763170696441,0.0006000000000000001,0.000586984126984127,7560,168,0,1890,42,438.20651948451996,32.71021566296085,0.26654352247714996
1.0,514.1205246559948,46,11.15813893700033,562.81591796875,714.0,1.0000001192092896,0.9999999091738746,790.5488891601562,79.54095672141938,0.0006133333333333334,0.0006003174603174603,7728,168,0,1932,42,429.8122744895518,31.636959202853696,0.4770265743136406
1.0,525.3123500849943,47,11.191825428999437,562.81591796875,714.0,1.0000001192092896,0.9999999233654567,981.233642578125,90.07982349963416,0.0006266666666666666,0.0006136507936507937,7896,168,0,1974,42,453.9218923598528,32.35992758592502,1.0944166779518127
1.0,536.4429368639976,48,11.130586779003352,562.81591796875,714.0,1.0000001192092896,0.9999999276229313,805.9690551757812,85.61484738190968,0.00064,0.000626984126984127,8064,168,0,2016,42,394.3038607966155,30.612374703932023,1.7150056958198547
1.0,547.7655611419978,49,11.322624278000148,562.81591796875,714.0,1.0000001192092896,0.9999999233654567,960.4570922851562,87.91490937414623,0.0006533333333333332,0.0006403174603174603,8232,168,0,2058,42,408.49545350670815,30.523403108430404,0.42669084668159485
1.0,558.9640606089961,50,11.198499466998328,562.81591796875,714.0,1.0000001192092896,0.9999999162696657,1018.7943115234375,79.05374760854812,0.0006666666666666666,0.0006536507936507937,8400,168,0,2100,42,437.7516321390867,30.21621080306137,0.21500171348452568
1.0,570.1157754149972,51,11.15171480600111,562.81591796875,714.0,1.0000001192092896,0.9999999375570388,782.2479858398438,81.28592276573181,0.0006799999999999999,0.000666984126984127,8568,168,0,2142,42,369.5294305831194,29.45568110190687,0.45930203795433044
1.0,581.3643866299972,52,11.248611214999983,562.81591796875,714.0,1.0000001192092896,0.9999999332995642,1035.1810302734375,100.29323466051193,0.0006933333333333333,0.0006803174603174604,8736,168,0,2184,42,391.5017611607909,30.129290939574794,0.6689762808382511
1.0,592.4867044099956,53,11.122317779998411,562.81591796875,714.0,1.0,0.9999999063355582,1103.848876953125,124.33455168633233,0.0007066666666666666,0.0006936507936507937,8904,168,0,2226,42,473.3676527310163,32.273907597753265,0.21122878789901733
1.0,603.6108472989981,54,11.124142889002542,562.81591796875,714.0,1.0000001192092896,0.9999999262037731,1073.4913330078125,84.16699621223268,0.00072,0.0007069841269841269,9072,168,0,2268,42,404.7784976363182,29.344909161417966,0.5655748769640923
1.0,614.8168775189988,55,11.206030220000684,562.81591796875,714.0,1.0,0.9999998878865015,829.9839477539062,75.70949599288758,0.0007333333333333333,0.0007203174603174603,9240,168,0,2310,42,353.7008000612259,27.62202371342019,0.7101699560880661
1.0,626.1758883910006,56,11.359010872001818,562.81591796875,714.0,1.0000001192092896,0.9999999063355582,1231.222412109375,81.11096876575833,0.0007466666666666666,0.0007336507936507936,9408,168,0,2352,42,410.5194571018219,28.116684239934244,0.21097248420119286
1.0,637.426546278999,57,11.250657887998386,562.81591796875,714.0,1.0000001192092896,0.9999999361378806,863.3327026367188,85.94804325557891,0.00076,0.000746984126984127,9576,168,0,2394,42,322.8007672801614,27.09427482186861,1.4548624157905579
1.0,648.567207999,58,11.140661720000935,562.81591796875,714.0,1.0,0.9999999134313493,1182.7579345703125,92.36496624492463,0.0007733333333333333,0.0007603174603174603,9744,168,0,2436,42,388.2677009999752,28.151897222868033,0.7328895479440689
1.0,659.7065474039991,59,11.139339404999191,562.81591796875,714.0,1.0000001192092896,0.9999999176888239,996.5260009765625,94.94410294578189,0.0007866666666666667,0.0007736507936507936,9912,168,0,2478,42,336.6631578654051,26.71069173013703,0.640520129352808
1.0,670.9010557649999,60,11.194508361000771,562.81591796875,714.0,1.0000001192092896,0.9999999205271403,1131.8856201171875,88.50800205412365,0.0008,0.000786984126984127,10080,168,0,2520,42,342.9615220762789,26.769467422250834,0.6533676385879517
1.0,682.0675562539982,61,11.166500488998281,562.81591796875,714.0,1.0000001192092896,0.999999938976197,756.3072509765625,83.09739746366229,0.0008133333333333333,0.0008003174603174603,10248,168,0,2562,42,285.6286831498146,24.941172407363496,1.313347389921546
1.0,693.2347583279952,62,11.167202073997032,562.81591796875,714.0,1.0000001192092896,0.9999999176888239,1077.7479248046875,92.98887014389038,0.0008266666666666667,0.0008136507936507937,10416,168,0,2604,42,326.6593259368092,26.268607570434966,1.4948986060917377
1.0,704.4594867179949,63,11.224728389999655,562.81591796875,714.0,1.0000001192092896,0.9999999276229313,1420.7918701171875,97.38467016390392,0.0008399999999999999,0.000826984126984127,10584,168,0,2646,42,394.7713611125946,27.206733849165694,0.38742705062031746
1.0,715.6039438269945,64,11.144457108999632,562.81591796875,714.0,1.0000001192092896,0.999999924784615,1416.9908447265625,87.99051507314046,0.0008533333333333334,0.0008403174603174604,10752,168,0,2688,42,413.21721774339676,26.76163900643587,1.3743745498359203
1.0,726.7276310929956,65,11.12368726600107,562.81591796875,714.0,1.0000001192092896,0.9999999347187224,1325.1949462890625,93.56139625821795,0.0008666666666666666,0.0008536507936507937,10920,168,0,2730,42,359.6714119911194,25.230577625955146,1.5307937115430832
1.0,737.8448482659951,66,11.117217172999517,562.81591796875,714.0,1.0,0.9999999063355582,688.3718872070312,83.90059512002128,0.00088,0.000866984126984127,11088,168,0,2772,42,303.28840255737305,24.381857866421342,0.5420661568641663
1.0,749.0585324199928,67,11.213684153997747,562.81591796875,714.0,1.0000001192092896,0.9999999332995642,1123.4224853515625,88.13275995708648,0.0008933333333333333,0.0008803174603174604,11256,168,0,2814,42,306.7769436389208,24.48854633136874,1.292794045060873
1.0,760.2175654459934,68,11.159033026000543,562.81591796875,714.0,1.0000001192092896,0.9999999304612478,500.5533752441406,82.79858636288415,0.0009066666666666666,0.0008936507936507936,11424,168,0,2856,42,228.98800855875015,23.20610600000336,1.5394646897912025
1.0,771.3263191599945,69,11.108753714001068,562.81591796875,714.0,1.0,0.9999999191079821,1316.16650390625,110.46408157405399,0.00092,0.0009069841269841271,11592,168,0,2898,42,319.2401045560837,26.169182766140217,0.5408735312521458
1.0,782.5323100659953,70,11.205990906000807,562.81591796875,714.0,1.0000001192092896,0.9999999105930328,653.6195068359375,96.77393723101844,0.0009333333333333333,0.0009203174603174603,11760,168,0,2940,42,229.15738397091627,23.829489315194742,0.4884214624762535
1.0,793.6815228719934,71,11.149212805998104,562.81591796875,714.0,1.0000001192092896,0.9999999276229313,1026.7244873046875,99.1596994314875,0.0009466666666666667,0.0009336507936507937,11928,168,0,2982,42,249.0204102024436,24.300021480946313,0.2685837633907795
1.0,804.8172988909901,72,11.135776018996694,562.81591796875,714.0,1.0000001192092896,0.9999999375570388,871.2100219726562,100.87582748276847,0.00096,0.000946984126984127,12096,168,0,3024,42,226.6937445141375,23.628043741431263,1.58199030905962
1.0,815.9269984669882,73,11.109699575998093,562.81591796875,714.0,1.0000001192092896,0.9999999120121911,762.3202514648438,78.98047758284069,0.0009733333333333334,0.0009603174603174603,12264,168,0,3066,42,263.5411274433136,21.955902631350217,0.17596952989697456
1.0,827.0940101539891,74,11.167011687000922,562.81591796875,714.0,1.0000001192092896,0.9999999176888239,465.2303466796875,71.69810633432297,0.0009866666666666667,0.0009736507936507937,12432,168,0,3108,42,188.34538972377777,21.394296538084745,0.9574366509914398
1.0,838.2656869499915,75,11.17167679600243,562.81591796875,714.0,1.0000001192092896,0.9999999290420896,1253.6954345703125,103.42893962633042,0.001,0.000986984126984127,12600,168,0,3150,42,297.0825045108795,24.242027714937215,1.1249600648880005
1.0,849.3901094299945,76,11.124422480002977,562.81591796875,714.0,1.0000001192092896,0.9999999318804059,2009.7879638671875,109.5224131516048,0.0009999980523993305,0.0009999999988959173,12768,168,0,3192,42,392.31836876273155,25.759709969429032,0.6546968370676041
1.0,860.6586193039948,77,11.268509874000301,562.81591796875,714.0,1.0,0.9999999262037731,1524.177490234375,98.09622090771084,0.0009999922096125098,0.0009999979585524235,12936,168,0,3234,42,314.3899170011282,23.228085163980722,0.3156910873949528
1.0,871.826149767996,78,11.167530464001175,562.81591796875,714.0,1.0,0.9999999105930328,1435.3189697265625,96.9968212445577,0.000999982471685101,0.00099999202302351,13104,168,0,3276,42,284.56644546985626,22.480753038167244,0.4525138009339571
1.0,882.982249110999,79,11.156099343003007,562.81591796875,714.0,1.0000001192092896,0.9999999120121911,453.7667236328125,69.9751312477248,0.0009999688386930427,0.000999982192355464,13272,168,0,3318,42,181.40728652104735,19.899463418782467,0.5371257364749908
1.0,894.1409861700013,80,11.158737059002306,562.81591796875,714.0,1.0000001192092896,0.9999999290420896,1358.7508544921875,99.50475075699035,0.0009999513107426476,0.0009999684666249463,13440,168,0,3360,42,246.0909271389246,21.82406205768209,0.27803563699126244
1.0,905.3169809480023,81,11.17599477800104,562.81591796875,714.0,1.0000001192092896,0.9999999006589254,1304.5341796875,89.43711310908908,0.0009999298879706019,0.0009999508459389934,13608,168,0,3402,42,251.412479236722,20.890634330920875,0.27561331540346146
1.0,916.5262861020019,82,11.209305153999594,562.81591796875,714.0,1.0000001192092896,0.9999999091738746,942.5377807617188,81.12549106847672,0.000999904570543965,0.0009999293304350147,13776,168,0,3444,42,203.6303690057248,20.55146023305133,0.9206128548830748
1.0,927.7043402640011,83,11.178054161999171,562.81591796875,714.0,1.0,0.9999999162696657,419.3425598144531,77.96863512765793,0.000999875358660167,0.0009999039202807922,13944,168,0,3486,42,151.228600025177,19.460781737408112,1.0768848210573196
1.0,938.9193642810023,84,11.21502401700127,562.81591796875,714.0,1.0000001192092896,0.9999999446528298,1081.95361328125,87.8476909796397,0.0009998422525470084,0.00099987461567448,14112,168,0,3528,42,204.7095123231411,20.4944656274858,0.9130401685833931
1.0,950.1039972090002,85,11.184632927997882,562.81591796875,714.0,1.0000001192092896,0.9999999162696657,676.0797729492188,80.37728945414226,0.000999805252462657,0.0009998414168446007,14280,168,0,3570,42,146.0492165312171,18.965904295932326,1.2027932088822126
1.0,961.240442940998,86,11.13644573199781,562.81591796875,714.0,1.0000001192092896,0.9999999134313493,1417.9154052734375,105.0216835339864,0.000999764358695647,0.0009998043240500459,14448,168,0,3612,42,230.41711619496346,21.05985504056194,0.9968459084630013
0.9761904761904762,972.3764609989994,87,11.136018058001355,562.81591796875,714.0,1.0,0.9990617519333249,776.5430908203125,84.27273494289035,0.0009997195715648764,0.0009997633375800725,14616,168,0,3654,42,189.05352313444018,19.039195959811053,0.32587519474327564
1.0,983.5827064799996,88,11.206245481000224,562.81591796875,714.0,1.0,0.9999999176888239,861.673583984375,80.33177732285999,0.000999670891419604,0.000999718457754301,14784,168,0,3696,42,158.75127221643925,18.808947790148004,1.3287793844938278
1.0,994.7420448430021,89,11.159338363002462,562.81591796875,714.0,1.0000001192092896,0.9999999105930328,1171.017333984375,93.22509474413735,0.0009996183186394474,0.0009996696849227135,14952,168,0,3738,42,170.14194905757904,19.683115682209888,0.5701757594943047
1.0,1005.8313254820023,90,11.089280639000208,562.81591796875,714.0,1.0000001192092896,0.9999998836290269,1430.1624755859375,95.58223802418937,0.0009995618536343797,0.0009996170194656504,15120,168,0,3780,42,222.0714869350195,20.510100597959187,0.2702197339385748
0.9761904761904762,1017.0407462200055,91,11.209420738003246,562.81591796875,714.0,1.0000001192092896,0.9995788648014977,612.3954467773438,83.75061517528125,0.0009995014968447265,0.0009995604617938074,15288,168,0,3822,42,166.60878351330757,19.64228172808708,0.2170490212738514
1.0,1028.1130613420028,92,11.072315121997235,562.81591796875,714.0,1.0,0.9999999233654567,1092.2591552734375,99.71881991341,0.000999437248741162,0.0009995000123482329,15456,168,0,3864,42,180.56049391627312,20.30068539078569,0.9092449843883514
1.0,1039.229994141002,93,11.116932798999187,562.81591796875,714.0,1.0,0.9999999134313493,1551.6812744140625,100.97081886302857,0.0009993691098247057,0.0009994356716003232,15624,168,0,3906,42,253.2274432182312,20.70962893869728,0.7042088527232409
1.0,1050.3371293900018,94,11.107135248999839,562.81591796875,714.0,1.0000001192092896,0.9999999120121911,918.5587158203125,75.47463458492642,0.000999297080626719,0.0009993674400518209,15792,168,0,3948,42,151.49192617833614,17.456306682145666,0.631092868745327
1.0,1061.4997174300006,95,11.162588039998809,562.81591796875,714.0,1.0000001192092896,0.9999998978206089,702.4369506835938,79.46080904631387,0.0009992211617088995,0.000999295318234809,15960,168,0,3990,42,137.11723452806473,17.589618625961954,0.5869794152677059
1.0,1072.6824109700028,96,11.18269354000222,562.81591796875,714.0,1.0,0.9999999105930328,682.4370727539062,96.99024565446945,0.0009991413536632786,0.0009992193067117083,16128,168,0,4032,42,159.04586817324162,18.60530496237888,0.6695800963789225
1.0,1083.8181244510015,97,11.135713480998675,562.81591796875,714.0,1.0000001192092896,0.9999999148505074,968.0709838867188,84.92062297605332,0.0009990576571122154,0.0009991394060752715,16296,168,0,4074,42,142.6518406867981,17.581337528347614,0.867383299395442
1.0,1095.0469571420035,98,11.228832691002026,562.81591796875,714.0,1.0,0.9999999176888239,529.88720703125,81.4376241791816,0.000998970072708392,0.0009990556169485801,16464,168,0,4116,42,139.4737731218338,17.49663386578184,0.5835267528891563
1.0,1106.235500683004,99,11.1885435410004,562.81591796875,714.0,1.0000001192092896,0.9999999162696657,342.7119140625,58.760672433035715,0.00099887860113481,0.0009989679399850383,16632,168,0,4158,42,90.65188609808683,16.186238287593284,0.4467969462275505
0.9761904761904762,1117.3870660810062,100,11.151565398002276,562.81591796875,714.0,1.0000001192092896,0.9915216536748976,915.5249633789062,71.36357557631675,0.0009987832431047822,0.000998876375868369,16800,168,0,4200,42,127.3650314770639,15.820375652939436,0.07865842990577221
1.0,1128.5573024620062,101,11.170236380999995,562.81591796875,714.0,1.0,0.9999999205271403,845.52880859375,77.22916948227655,0.0009986839993619302,0.0009987809253126072,16968,168,0,4242,42,120.26512376219034,16.53311563793215,0.6472250148653984
1.0,1139.814438178004,102,11.25713571599772,562.81591796875,714.0,1.0000001192092896,0.9999999233654567,594.1288452148438,79.18871622993832,0.0009985808706801766,0.000998681589062096,17136,168,0,4284,42,108.35149429738522,15.889077477423209,0.8283154871314764
1.0,1150.9504433560032,103,11.136005177999323,562.81591796875,714.0,1.0000001192092896,0.9999999219462985,1006.9839477539062,81.69782746973492,0.0009984738578637396,0.000998578367891479,17304,168,0,4326,42,124.3989452496171,16.39767387739959,0.1695478167384863
1.0,1162.0087804560026,104,11.058337099999335,562.81591796875,714.0,1.0,0.9999999304612478,1325.105712890625,125.87441397848583,0.0009983629617471264,0.0009984712626056956,17472,168,0,4368,42,180.83565670251846,18.610993735935715,0.32322923839092255
1.0,1173.2398697730023,105,11.231089316999714,562.81591796875,714.0,1.0,0.9999999233654567,604.8652954101562,73.90281543277558,0.0009982481831951274,0.0009983602740399745,17640,168,0,4410,42,109.02069703862071,16.055315467928136,1.288048816844821
1.0,1184.4451381600047,106,11.205268387002434,562.81591796875,714.0,1.0000001192092896,0.9999999262037731,638.6636352539062,88.58824711186546,0.0009981295231028088,0.000998245403059827,17808,168,0,4452,42,101.31064557284117,16.720924545301212,0.8329914156347513
1.0,1195.5969122000024,107,11.15177403999769,562.81591796875,714.0,1.0000001192092896,0.999999924784615,567.5460815429688,88.1821216628665,0.0009980069823955057,0.00099812665056104,17976,168,0,4494,42,86.47863072156906,15.927150583116426,0.7921646684408188
1.0,1206.7497963700007,108,11.152884169998288,562.81591796875,714.0,1.0000001192092896,0.9999999134313493,1060.698486328125,93.96592695372445,0.0009978805620288154,0.000998004017469669,18144,168,0,4536,42,120.42596048116684,16.708091379675484,0.857471726834774
1.0,1217.9678410319975,109,11.218044661996828,562.81591796875,714.0,1.0,0.9999999219462985,621.9301147460938,73.44821416764032,0.000997750262988589,0.000997877504742032,18312,168,0,4578,42,95.6561399884522,15.376773644549152,0.5761454999446869
1.0,1229.0644168699946,110,11.09657583799708,562.81591796875,714.0,1.0,0.9999998921439761,803.9654541015625,72.68998003289813,0.0009976160862909247,0.0009977471133647,18480,168,0,4620,42,103.00681784749031,15.106032682804479,0.13623151928186417
1.0,1240.1993192479931,111,11.134902377998515,562.81591796875,714.0,1.0000001192092896,0.9999999176888239,666.4495239257812,74.72039164815631,0.0009974780329821595,0.0009976128443544916,18648,168,0,4662,42,99.31782312691212,14.870860607141541,1.358065351843834
1.0,1251.4754361089945,112,11.276116861001356,562.81591796875,714.0,1.0000001192092896,0.9999999233654567,594.9803466796875,70.93379997639428,0.0009973361041388607,0.0009974746987584636,18816,168,0,4704,42,76.83722126483917,14.605504279379689,0.5422378107905388
1.0,1262.6589424889935,113,11.183506379999017,562.81591796875,714.0,1.0,0.9999999219462985,424.7093200683594,55.78976186116537,0.0009971903008678179,0.000997332677653903,18984,168,0,4746,42,130.17998921871185,13.785182675834568,0.940736785531044
1.0,1273.7979597439953,114,11.139017255001818,562.81591796875,714.0,1.0000001192092896,0.9999999105930328,533.9647827148438,72.17191098417554,0.0009970406243060344,0.000997186782148319,19152,168,0,4788,42,84.25949200987816,14.61704592433359,0.5000461414456367
1.0,1284.941478013996,115,11.14351827000064,562.81591796875,714.0,1.0000001192092896,0.9999999148505074,603.92919921875,93.41915668476196,0.000996887075620718,0.0009970370133794335,19320,168,0,4830,42,71.4816752076149,16.24180292205087,0.5350423455238342
1.0,1296.169959519997,116,11.228481506001117,562.81591796875,714.0,1.0000001192092896,0.999999885048185,353.9559631347656,65.72567025536583,0.000996729656009272,0.0009968833725151741,19488,168,0,4872,42,63.87740159034729,14.286742961566363,0.1998333726078272
1.0,1307.366993206997,117,11.19703368699993,562.81591796875,714.0,1.0000001192092896,0.9999999191079821,561.132568359375,86.31033270699638,0.0009965683666992868,0.000996725860753663,19656,168,0,4914,42,65.6501985527575,14.788158553874208,0.4911369998008013
1.0,1318.5126775149984,118,11.145684308001364,562.81591796875,714.0,1.0000001192092896,0.9999999120121911,400.7071533203125,73.3329633133752,0.0009964032089485283,0.0009965644793232084,19824,168,0,4956,42,67.75356190279126,14.346274571759361,0.2752464599907398
1.0,1329.7036538409993,119,11.190976326000964,562.81591796875,714.0,1.0,0.9999999304612478,644.160400390625,71.82943107400622,0.0009962341840449298,0.0009963992294822952,19992,168,0,4998,42,65.88086570054293,13.659302032951798,0.933166541159153
1.0,1340.8892156549991,120,11.185561813999811,562.81591796875,714.0,1.0,0.9999999077547164,400.1534118652344,71.96450650691986,0.0009960612933065818,0.0009962301125195747,20160,168,0,5040,42,61.189185885712504,14.546241538466088,1.053595270961523
1.0,1352.0548658430016,121,11.165650188002473,562.81591796875,714.0,1.0,0.9999999162696657,636.35009765625,71.41290976319995,0.0009958845380817205,0.000996057129753855,20328,168,0,5082,42,54.2392458319664,13.29193537442812,0.6789640933275223
1.0,1363.2673455469994,122,11.212479703997815,562.81591796875,714.0,1.0000001192092896,0.999999924784615,474.0729675292969,82.70363581748236,0.0009957039197487192,0.0009958802825340907,20496,168,0,5124,42,57.75964035093784,14.393764545919286,0.33722951263189316
1.0,1374.4010106330024,123,11.13366508600302,562.81591796875,714.0,1.0,0.9999999219462985,402.3154602050781,85.60724602994465,0.0009955194397160757,0.0009956995722393718,20664,168,0,5166,42,74.27060304582119,14.51280007147718,0.7490952610969543
1.0,1385.5520273740003,124,11.151016740997875,562.81591796875,714.0,1.0,0.9999999105930328,812.962158203125,97.16569234359832,0.000995331099422402,0.0009955150002789134,20832,168,0,5208,42,66.51965384185314,14.978572769134882,0.24617155641317368
1.0,1396.6417725339998,125,11.089745159999438,562.81591796875,714.0,1.0000001192092896,0.9999999063355582,619.2138061523438,66.42600954430443,0.0009951389003364144,0.0009953265680920447,21000,168,0,5250,42,78.49266918748617,13.300728351143855,0.34681643918156624
1.0,1407.863640959,126,11.221868425000139,562.81591796875,714.0,1.0,0.9999998949822926,945.7545776367188,92.21799628791355,0.0009949428439569193,0.0009951342771481978,21168,168,0,5292,42,90.79290856420994,15.104955147619226,0.7747152578085661
1.0,1419.0553484270022,127,11.191707468002278,562.81591796875,714.0,1.0,0.9999999162696657,552.1680908203125,67.14472198486328,0.0009947429318128038,0.000994938128946896,21336,168,0,5334,42,55.751516222953796,13.49604165132734,0.32246141135692596
1.0,1430.2389818900047,128,11.18363346300248,562.81591796875,714.0,1.0,0.9999999162696657,581.757568359375,67.99717503502255,0.000994539165463023,0.0009947381250177427,21504,168,0,5376,42,61.78655195236206,13.165636366499323,0.516080416738987
1.0,1441.4836234680042,129,11.244641577999573,562.81591796875,714.0,1.0000001192092896,0.9999999105930328,619.55419921875,77.32182549294971,0.000994331546496588,0.0009945342669204086,21672,168,0,5418,42,89.80462926626205,14.309575415704222,0.4021268002688885
1.0,1452.6299339980033,130,11.146310529999027,562.81591796875,714.0,1.0,0.9999999262037731,671.613037109375,73.20659009899411,0.0009941200765325531,0.0009943265562446198,21840,168,0,5460,42,59.15380297601223,13.593934101229976,0.37583522871136665
1.0,1463.7987475160044,131,11.168813518001116,562.81591796875,714.0,1.0000001192092896,0.9999999162696657,810.42626953125,72.12341829708645,0.0009939047572200036,0.0009941149946101461,22008,168,0,5502,42,119.46014368534088,13.695041178814357,0.3731576409190893
1.0,1474.9650891460042,132,11.166341629999806,562.81591796875,714.0,1.0,0.9999999219462985,792.9562377929688,82.39727799097697,0.0009936855902380427,0.0009938995836667878,22176,168,0,5544,42,76.0971086025238,13.962356349231587,0.9684813618659973
1.0,1486.2247504750048,133,11.259661329000664,562.81591796875,714.0,1.0,0.9999999262037731,303.80804443359375,58.98853085154579,0.0009934625772957785,0.0009936803250943623,22344,168,0,5586,42,48.267904330044985,12.634331236859518,1.2705530114471912
1.0,1497.3112102810046,134,11.086459805999766,562.81591796875,714.0,1.0000001192092896,0.9999999049164,469.7945556640625,73.65359492812838,0.0009932357201323109,0.0009934572206026925,22512,168,0,5628,42,54.94521817564964,13.048493876964564,0.3352007754147053
1.0,1508.4311522920034,135,11.119942010998784,562.81591796875,714.0,1.0000001192092896,0.9999999162696657,289.7522277832031,59.519646599179225,0.0009930050205167172,0.0009932302719315913,22680,168,0,5670,42,44.05571973323822,12.38612809568821,0.534691222012043
1.0,1519.6296868350037,136,11.198534543000278,562.81591796875,714.0,1.0,0.9999998736949194,1199.82373046875,81.46390770446686,0.00099277048024804,0.0009929994808508507,22848,168,0,5712,42,81.00449327006936,13.506350650740345,0.2114554475992918
1.0,1530.7362179360061,137,11.106531101002474,562.81591796875,714.0,1.0,0.9999999105930328,472.0157470703125,81.27324233168648,0.0009925321011552708,0.0009927648491602258,23016,168,0,5754,42,59.165730863809586,13.403284460439213,0.42783961445093155
1.0,1541.939465367006,138,11.203247430999909,562.81591796875,714.0,1.0000001192092896,0.9999999105930328,428.73736572265625,61.258790964172,0.0009922898850973382,0.0009925263786894215,23184,168,0,5796,42,49.00676911696792,12.115211418962904,0.2991898860782385
1.0,1553.1099734160052,139,11.170508048999181,562.81591796875,714.0,1.0000001192092896,0.9999999063355582,1030.9266357421875,77.0677672624588,0.0009920438339630913,0.0009922840712980783,23352,168,0,5838,42,73.63112160563469,12.464615230758985,0.3270333856344223
1.0,1564.186583991006,140,11.076610575000814,562.81591796875,714.0,1.0000001192092896,0.9999999233654567,524.1787109375,78.07487556196395,0.0009917939496712864,0.0009920379288757583,23520,168,0,5880,42,54.951389729976654,13.488183103501797,0.37105813808739185
1.0,1575.332093220004,141,11.14550922899798,562.81591796875,714.0,1.0000001192092896,0.9999999276229313,874.1229248046875,77.71185519581749,0.0009915402341705711,0.0009917879533419293,23688,168,0,5922,42,65.02811366319656,12.978526897240608,0.3429842125624418
1.0,1586.4636870910035,142,11.131593870999495,562.81591796875,714.0,1.0000001192092896,0.9999999276229313,711.810546875,100.50182659853073,0.0009912826894394704,0.0009915341466459507,23856,168,0,5964,42,71.83661127090454,13.8936837056563,0.6134963631629944
1.0,1597.6336212210044,143,11.169934130000911,562.81591796875,714.0,1.0,0.9999999262037731,497.0186462402344,85.8821240606762,0.0009910213174863698,0.0009912765107670581,24024,168,0,6006,42,51.54378953576088,12.922513898417709,1.3184427544474602
1.0,1608.7169444550018,144,11.083323233997362,562.81591796875,714.0,1.0,0.9999999205271403,608.34765625,77.39672798202152,0.0009907561203494997,0.000991015047714348,24192,168,0,6048,42,61.007345139980316,12.765971223646332,0.6609289646148682
1.0,1619.7895794410033,145,11.072634986001503,562.81591796875,714.0,1.0000001192092896,0.9999999034972418,617.3331298828125,86.0592349937984,0.0009904871000969212,0.0009907497595267615,24360,168,0,6090,42,89.23878861963749,13.548795185827961,0.9191980687901378
1.0,1630.932043869001,146,11.142464427997766,562.81591796875,714.0,1.0,0.9999999120121911,460.9540100097656,70.16751951263065,0.000990214258826508,0.0009904806482730697,24528,168,0,6132,42,46.50358605384827,12.287250816777703,0.594160582870245
0.9761904761904762,1642.1573099900015,147,11.225266121000459,562.81591796875,714.0,1.0,0.9939725356442588,355.17584228515625,73.63796363274257,0.0009899375986659313,0.000990207716051856,24696,168,0,6174,42,44.68796804919839,12.707805954762513,0.08069015853106976
1.0,1653.2830275960005,148,11.125717605998943,562.81591796875,714.0,1.0000001192092896,0.9999999077547164,644.9900512695312,69.6634281022208,0.0009896571217726427,0.0009899309649915003,24864,168,0,6216,42,57.05194754526019,12.530822957932417,0.2738671787083149
1.0,1664.442072979,149,11.159045382999466,562.81591796875,714.0,1.0,0.9999999290420896,618.0953369140625,75.20634415036156,0.0009893728303338569,0.0009896503972501632,25032,168,0,6258,42,49.29706525802612,12.834737923351073,1.0877262353897095
1.0,1675.6262465409964,150,11.184173561996431,562.81591796875,714.0,1.0000001192092896,0.9999999191079821,655.2242431640625,83.54786551566352,0.000989084726566536,0.0009893660150157686,25200,168,0,6300,42,62.136433098465204,14.012604675765726,0.1315186470746994
1.0,1686.7807561329973,151,11.154509592000977,562.81591796875,714.0,1.0,0.9999999219462985,342.5029296875,70.42584986346108,0.000988792812717371,0.000989077820505986,25368,168,0,6342,42,46.63929296284914,12.711468807732066,0.5550827793776989
1.0,1697.9224418809972,152,11.141685747999873,562.81591796875,714.0,1.0000001192092896,0.9999999276229313,613.2227783203125,75.11110743454525,0.0009884970910627646,0.000988785815968214,25536,168,0,6384,42,68.88047361373901,12.759352316636415,0.4232849106192589
1.0,1709.076109511996,153,11.153667630998825,562.81591796875,714.0,1.0,0.9999999304612478,415.6602783203125,68.8360219172069,0.000988197563908814,0.0009884900036795628,25704,168,0,6426,42,51.73589912056923,12.23046699467869,0.5972452014684677
1.0,1720.3453437489952,154,11.269234236999182,562.81591796875,714.0,1.0000001192092896,0.9999999233654567,447.541748046875,65.77750024909065,0.0009878942335912917,0.000988190385946836,25872,168,0,6468,42,75.68142053484917,12.10650544507163,0.7777844425290823
1.0,1731.4389278969938,155,11.093584147998627,562.81591796875,714.0,1.0,0.999999924784615,365.9720153808594,61.55080930391947,0.0009875871024756287,0.0009878869651065133,26040,168,0,6510,42,60.30961042828858,11.549404315317847,0.2581119276583195
1.0,1742.6020339659954,156,11.163106069001515,562.81591796875,714.0,1.0,0.9999998978206089,491.7054748535156,67.48914420888538,0.0009872761729568954,0.0009875797435247304,26208,168,0,6552,42,51.52504210174084,11.670852533142481,0.16683894023299217
1.0,1753.783682010995,157,11.181648044999747,562.81591796875,714.0,1.0000001192092896,0.9999999332995642,386.1451110839844,64.90982384908767,0.0009869614474597819,0.0009872687235972636,26376,168,0,6594,42,38.927375335246325,11.614965379415523,0.8613802082836628
1.0,1764.9478962359935,158,11.164214224998432,562.81591796875,714.0,1.0000001192092896,0.9999999148505074,402.8145446777344,66.39177565631412,0.0009866429284385815,0.0009869539077495089,26544,168,0,6636,42,46.933438420295715,11.402034316211939,0.08278453908860683
1.0,1776.0785628539961,159,11.130666618002579,562.81591796875,714.0,1.0,0.9999998949822926,816.2167358398438,72.87365949437732,0.0009863206183771693,0.000986635298436463,26712,168,0,6678,42,48.31546139717102,11.843729475490926,0.20662787556648254
1.0,1787.3441967789986,160,11.265633925002476,562.81591796875,714.0,1.0,0.9999998978206089,282.1812438964844,59.18817905584971,0.000985994519788984,0.0009863128981427059,26880,168,0,6720,42,50.49447801709175,11.667101207832317,0.36318876780569553
0.9761904761904762,1798.4884037989978,161,11.144207019999158,562.81591796875,714.0,1.0000001192092896,0.9985861423469725,563.7770385742188,66.33679472122874,0.0009856646352170075,0.0009859867093823793,27048,168,0,6762,42,40.56438198685646,11.346387907663095,0.31691601499915123
1.0,1809.7930133529953,162,11.30460955399758,562.81591796875,714.0,1.0,0.9999999162696657,247.74974060058594,57.83809851464771,0.0009853309672337464,0.0009856567346991688,27216,168,0,6804,42,48.27199125289917,11.27355800209833,0.5410235486924648
1.0,1820.8814216489955,163,11.088408296000125,562.81591796875,714.0,1.0,0.9999999219462985,365.5779724121094,56.48204347065517,0.0009849935184412105,0.0009853229766662835,27384,168,0,6846,42,62.52822956442833,11.12741275113963,1.3791015297174454
1.0,1831.9536257899927,164,11.0722041409972,562.81591796875,714.0,1.0000001192092896,0.9999999006589254,608.7404174804688,73.30072137003853,0.0009846522914708934,0.0009849854378864355,27552,168,0,6888,42,38.49879392236471,11.454078541691636,0.21494372189044952
1.0,1843.130678535992,165,11.17705274599939,562.81591796875,714.0,1.0000001192092896,0.9999999148505074,531.4389038085938,75.23915886311303,0.0009843072889837512,0.00098464412099182,27720,168,0,6930,42,47.5928855240345,11.57154294730918,0.3590272143483162
1.0,1854.321122122994,166,11.190443587001937,562.81591796875,714.0,1.0000001192092896,0.9999999262037731,1185.6627197265625,79.0220287896338,0.000983958513670183,0.0009842990286440946,27888,168,0,6972,42,67.01131846383214,11.933939551624158,0.2013384774327278
1.0,1865.4077737229964,167,11.08665160000237,562.81591796875,714.0,1.0,0.9999999191079821,1204.6192626953125,80.31408367838178,0.0009836059682500086,0.0009839501635343587,28056,168,0,7014,42,74.82158690877259,12.158688368054019,0.2912910394370556
1.0,1876.6057888319956,168,11.198015108999243,562.81591796875,714.0,1.0,0.9999999276229313,644.0928955078125,79.5261150939124,0.000983249655472448,0.000983597528383133,28224,168,0,7056,42,46.34292322397232,11.965105925198822,0.6932961791753769
1.0,1887.7602207809941,169,11.154431948998536,562.81591796875,714.0,1.0000001192092896,0.9999999063355582,1122.160400390625,85.25949120521545,0.0009828895781160997,0.0009832411259403367,28392,168,0,7098,42,61.609727308154106,12.32593887492216,0.13029007986187935
1.0,1898.9005504129964,170,11.14032963200225,562.81591796875,714.0,1.0000001192092896,0.999999924784615,637.4653930664062,71.64186136779331,0.0009825257389889195,0.0009828809589852677,28560,168,0,7140,42,57.18371656164527,11.799413024292638,0.20157890394330025
1.0,1909.9913663039952,171,11.090815890998783,562.81591796875,714.0,1.0000001192092896,0.9999999361378806,481.3992614746094,61.6954707531702,0.0009821581409281978,0.0009825170303265805,28728,168,0,7182,42,84.70217323303223,11.18883965823001,0.43812655098736286
1.0,1921.0862307439966,172,11.094864440001402,562.81591796875,714.0,1.0,0.9999999105930328,377.0171813964844,74.52722631181989,0.0009817867868005385,0.0009821493428022637,28896,168,0,7224,42,64.94266831874847,12.276624362184,0.37408623844385147
1.0,1932.1761239109983,173,11.08989316700172,562.81591796875,714.0,1.0000001192092896,0.9999999134313493,596.9749755859375,81.81490316845122,0.000981411679501835,0.0009817778992796185,29064,168,0,7266,42,57.31526544690132,12.772364933376334,0.21251740865409374
1.0,1943.3413490029961,174,11.165225091997854,562.81591796875,714.0,1.0000001192092896,0.9999999191079821,421.4676513671875,62.81820810408819,0.0009810328219572498,0.0009814027026552364,29232,168,0,7308,42,45.05605999752879,11.226484066141504,0.23859811946749687
1.0,1954.5520615239948,175,11.21071252099864,562.81591796875,714.0,1.0000001192092896,0.9999998878865015,525.25732421875,71.92337620542163,0.0009806502171211904,0.0009810237558549755,29400,168,0,7350,42,48.61162143945694,11.478171198761888,0.2144752461463213
1.0,1965.6925276109941,176,11.140466086999368,562.81591796875,714.0,1.0,0.9999999290420896,456.13043212890625,71.29918632620857,0.0009802638679772856,0.0009806410618339396,29568,168,0,7392,42,73.24345823004842,11.502054519241764,0.5796035937964916
1.0,1976.8020653429921,177,11.109537731997989,562.81591796875,714.0,1.0,0.9999999318804059,513.5020751953125,72.62455708639962,0.0009798737775383638,0.0009802546235764533,29736,168,0,7434,42,73.85446906089783,12.11229691084563,0.6543050929903984
1.0,1987.9399418969915,178,11.137876553999376,562.81591796875,714.0,1.0000001192092896,0.9999999162696657,361.61865234375,65.35764374051776,0.0009794799488464288,0.0009798644440960397,29904,168,0,7476,42,48.06311658024788,11.328164397583654,0.4811366070061922
1.0,1999.0465617129921,179,11.106619816000602,562.81591796875,714.0,1.0000001192092896,0.9999999304612478,501.58148193359375,63.847148497899376,0.0009790823849726358,0.0009794705264353969,30072,168,0,7518,42,71.07835283130407,11.442125452460633,0.4337259642779827
1.0,2010.2172009499918,180,11.170639236999705,562.81591796875,714.0,1.0000001192092896,0.999999924784615,474.7546691894531,80.17698434420994,0.0009786810890172676,0.000979072873666374,30240,168,0,7560,42,50.16672907024622,12.064125296792813,0.6312558185309172
1.0,2021.406862874992,181,11.18966192500011,562.81591796875,714.0,1.0,0.9999999134313493,363.0700988769531,60.84396654651279,0.0009782760641097107,0.000978671488889947,30408,168,0,7602,42,67.7310049533844,11.125317372403861,0.40989378467202187
1.0,2032.4901439239911,182,11.083281048999197,562.81591796875,714.0,1.0000001192092896,0.9999999290420896,422.8072509765625,53.97461798077538,0.000977867313408431,0.000978266375236195,30576,168,0,7644,42,48.35517232120037,10.537875908338243,0.6286037117242813
1.0,2043.5761109819905,183,11.085967057999369,562.81591796875,714.0,1.0000001192092896,0.9999999233654567,512.3833618164062,61.97941678478604,0.0009774548401009482,0.0009778575358642756,30744,168,0,7686,42,49.156999215483665,10.654632550220759,0.4802597127854824
1.0,2054.674009056991,184,11.097898075000558,562.81591796875,714.0,1.0,0.9999999233654567,301.9537353515625,67.61338291565578,0.0009770386474038122,0.000977444973962401,30912,168,0,7728,42,39.623782152310014,11.034550807815755,0.24101056158542633
1.0,2065.8173657859916,185,11.143356729000516,562.81591796875,714.0,1.0000001192092896,0.9999999219462985,955.2403564453125,78.97471589133853,0.000976618738562577,0.0009770286927478107,31080,168,0,7770,42,63.34409737586975,12.034124840183981,0.23677385412156582
1.0,2077.000752823991,186,11.183387037999637,562.81591796875,714.0,1.0000001192092896,0.9999999063355582,499.8767395019531,72.42940130971726,0.0009761951168517766,0.00097660869546675,31248,168,0,7812,42,55.77105061709881,11.52438824082769,0.39667244255542755
1.0,2088.1775977859907,187,11.17684496199945,562.81591796875,714.0,1.0000001192092896,0.9999999290420896,1078.761962890625,75.71382663363502,0.0009757677855748977,0.0009761849853944421,31416,168,0,7854,42,55.45678699016571,11.23792937664049,0.6019922140985727
1.0,2099.310249117989,188,11.132651331998204,562.81591796875,714.0,1.0000001192092896,0.9999999162696657,420.0498352050781,67.2173886412666,0.0009753367480643556,0.0009757575658350629,31584,168,0,7896,42,48.66119723767042,10.887301422522537,0.4043576158583164
1.0,2110.4167598619897,189,11.106510744000843,562.81591796875,714.0,1.0000001192092896,0.999999938976197,479.0903625488281,74.03533546129863,0.0009749020076814675,0.000975326440121716,31752,168,0,7938,42,59.32588592916727,11.341495316076491,0.9813620653003454
1.0,2121.5198307009887,190,11.103070838998974,562.81591796875,714.0,1.0,0.9999999120121911,1451.30029296875,81.81718156451271,0.0009744635678164261,0.0009748916116164065,31920,168,0,7980,42,78.10138076171279,11.417683100106107,0.548896674066782
1.0,2132.6499435199876,191,11.130112818998896,562.81591796875,714.0,1.0,0.9999999105930328,308.5257873535156,56.18186579715638,0.0009740214318882737,0.0009744530837100144,32088,168,0,8022,42,43.000055968761444,10.63634480422895,0.23748081550002098
1.0,2143.911916183988,192,11.261972664000496,562.81591796875,714.0,1.0,0.9999999105930328,447.60546875,69.69376859494618,0.0009735756033448749,0.0009740108598222683,32256,168,0,8064,42,40.721156753599644,10.896840125943223,0.24973709136247635
1.0,2155.0575177939863,193,11.145601609998266,562.81591796875,714.0,1.0000001192092896,0.9999999205271403,495.347412109375,68.43591570286523,0.0009731260856628903,0.000973564943401719,32424,168,0,8106,42,44.07053470611572,10.752718884231788,0.4596688635647297
1.0,2166.261875242988,194,11.20435744900169,562.81591796875,714.0,1.0,0.9999999134313493,772.7776489257812,75.22980653955823,0.0009726728823477493,0.0009731153379257124,32592,168,0,8148,42,48.12521105632186,10.973425591031887,0.6111592501401901
1.0,2177.4006104539876,195,11.138735210999585,562.81591796875,714.0,1.0000001192092896,0.9999999006589254,912.5023803710938,68.08453026839665,0.0009722159969336219,0.000972662046900362,32760,168,0,8190,42,53.39205539226532,10.605152532901792,0.20162789151072502
1.0,2188.4914190399904,196,11.090808586002822,562.81591796875,714.0,1.0,0.9999999077547164,461.96337890625,75.99543993245987,0.0009717554329833928,0.0009722050738605226,32928,168,0,8232,42,62.400474548339844,10.65079992370946,0.3637951370328665
1.0,2199.621256311988,197,11.12983727199753,562.81591796875,714.0,1.0000001192092896,0.999999938976197,544.451904296875,64.18033237684341,0.000971291194088632,0.0009717444223697616,33096,168,0,8274,42,43.067518040537834,10.736496433460465,1.0830376148223877
1.0,2210.8933791479903,198,11.272122836002382,562.81591796875,714.0,1.0000001192092896,0.9999999318804059,561.5194702148438,71.6027193580355,0.0009708232838695676,0.000971280096020332,33264,168,0,8316,42,55.65928816795349,11.084812745607147,0.8302063941955566
1.0,2222.004465837992,199,11.111086690001684,562.81591796875,714.0,1.0,0.9999999276229313,513.3189086914062,65.80326929546538,0.0009703517059750578,0.0009708120984331438,33432,168,0,8358,42,40.155304580926895,10.47118825410005,0.4834076762199402
1.0,2233.0952321049917,200,11.090766266999708,562.81591796875,714.0,1.0,0.9999999162696657,371.41351318359375,70.94647056148166,0.0009698764640825614,0.0009703404332577364,33600,168,0,8400,42,40.46901946142316,10.468213304699887,0.4796350374817848
1.0,2244.2018406039933,201,11.106608499001595,562.81591796875,714.0,1.0,0.9999999091738746,291.12115478515625,52.36960535390036,0.0009693975618981103,0.0009698651041722493,33768,168,0,8442,42,42.65881189703941,9.94995278237565,0.4593687616288662
1.0,2255.316582095991,202,11.114741491997847,562.81591796875,714.0,1.0000001192092896,0.999999924784615,206.39682006835938,53.4803428763435,0.0009689150031562798,0.0009693861148833943,33936,168,0,8484,42,35.14721421897411,9.717123953425991,0.9919667840003967
0.9761904761904762,2266.4678361939914,203,11.151254098000209,562.81591796875,714.0,1.0000001192092896,0.9999382552646455,517.6124877929688,64.86822922456832,0.0009684287916201601,0.0009689034691264263,34104,168,0,8526,42,37.829976928420365,10.40965751179361,0.1529933139681816
0.9761904761904762,2277.753499326991,204,11.285663132999616,562.81591796875,714.0,1.0000001192092896,0.9994096912088848,394.6317443847656,55.11729008527029,0.0009679389310813264,0.0009684171706651135,34272,168,0,8568,42,42.91767656803131,10.136506824288517,0.15453175827860832
1.0,2288.973600756992,205,11.220101430000796,562.81591796875,714.0,1.0,0.9999999120121911,889.1357421875,99.37837488310677,0.0009674454253598093,0.0009679272232917092,34440,168,0,8610,42,103.50787663459778,12.435809234467646,0.2665479127317667
1.0,2300.069573844994,206,11.09597308800221,562.81591796875,714.0,1.0,0.9999999176888239,287.2850036621094,58.82310281481062,0.0009669482783040659,0.0009674336308269216,34608,168,0,8652,42,56.97633469104767,10.207141762887616,0.3659356143325567
1.0,2311.2287990199948,207,11.159225175000756,562.81591796875,714.0,1.0000001192092896,0.9999999332995642,512.4656982421875,69.9526031812032,0.0009664474937909488,0.0009669363971198835,34776,168,0,8694,42,63.089324655011296,11.152478756693503,0.7281960919499397
1.0,2322.331596551994,208,11.102797531999386,562.81591796875,714.0,1.0000001192092896,0.9999999049164,961.850341796875,77.56043998684201,0.000965943075725676,0.0009664355260481237,34944,168,0,8736,42,55.844104170799255,11.081308043184912,0.14630445651710033
1.0,2333.556310659995,209,11.224714108000626,562.81591796875,714.0,1.0000001192092896,0.9999999020780835,507.0289611816406,59.555423949445995,0.0009654350280418009,0.0009659310215175349,35112,168,0,8778,42,38.44925305619836,10.01811206183352,0.42617178335785866
1.0,2344.749611590996,210,11.193300931001431,562.81591796875,714.0,1.0000001192092896,0.9999999134313493,735.0867309570312,73.91925033217385,0.0009649233547011816,0.0009654228874623451,35280,168,0,8820,42,37.92423815280199,10.446030613678019,0.16138635948300362
1.0,2355.8136533339966,211,11.064041743000416,562.81591796875,714.0,1.0000001192092896,0.9999999205271403,696.2499389648438,65.31446787856873,0.0009644080596939497,0.0009649111278450858,35448,168,0,8862,42,44.63240194320679,10.632781264150427,0.7360626477748156
1.0,2366.939382051998,212,11.125728718001483,562.81591796875,714.0,1.0000001192092896,0.9999999148505074,705.6694946289062,67.01945012524014,0.0009638891470384786,0.0009643957466565611,35616,168,0,8904,42,62.621826365590096,10.48481409721786,0.328661622479558
1.0,2378.0320793149986,213,11.092697263000446,562.81591796875,714.0,1.0000001192092896,0.9999998978206089,866.9085693359375,73.28237279540016,0.0009633666207813541,0.0009638767479158171,35784,168,0,8946,42,47.267071574926376,10.381594899088322,0.32905764505267143
1.0,2389.206091498996,214,11.174012183997547,562.81591796875,714.0,1.0000001192092896,0.9999999148505074,373.492919921875,74.45315417789277,0.0009628404849973406,0.0009633541356701103,35952,168,0,8988,42,42.661623783409595,11.36411817105753,0.2865549325942993
1.0,2400.305831284997,215,11.09973978600101,562.81591796875,714.0,1.0,0.9999999034972418,645.3826293945312,71.79723964134853,0.0009623107437893506,0.0009628279139948759,36120,168,0,9030,42,60.714940309524536,10.942602509477487,0.4101536627858877
1.0,2411.614770297998,216,11.308939013000781,562.81591796875,714.0,1.0,0.9999999134313493,366.0419616699219,69.19768029167538,0.0009617774012884124,0.0009622980869936962,36288,168,0,9072,42,47.869999408721924,10.578825451012346,0.40774876438081264
1.0,2422.7129658529993,217,11.098195555001439,562.81591796875,714.0,1.0000001192092896,0.9999999318804059,394.7890930175781,73.91260467256818,0.0009612404616536382,0.0009617646587982688,36456,168,0,9114,42,44.69979281723499,11.065557569819724,0.5711286310106516
1.0,2433.8960420399962,218,11.183076186996914,562.81591796875,714.0,1.0,0.999999924784615,410.6531066894531,67.97100180103665,0.000960699929072191,0.0009612276335683737,36624,168,0,9156,42,47.42550012469292,10.370990769471973,0.45953328162431717
1.0,2445.0031250209977,219,11.10708298100144,562.81591796875,714.0,1.0000001192092896,0.9999999077547164,582.929443359375,66.39849658239456,0.0009601558077592524,0.0009606870154918414,36792,168,0,9198,42,48.342903554439545,9.985406531930147,0.32081038504838943
1.0,2456.0956508809977,220,11.092525860000023,562.81591796875,714.0,1.0,0.9999999077547164,523.0784301757812,64.63749470029559,0.0009596081019579897,0.0009601428087845207,36960,168,0,9240,42,46.63209003210068,9.946781177384159,0.55324337631464
1.0,2467.227391946999,221,11.131741066001268,562.81591796875,714.0,1.0,0.9999999262037731,1073.03955078125,76.92858804975238,0.0009590568159395229,0.0009595950176902445,37128,168,0,9282,42,60.2692950963974,10.752289188648795,0.7303979322314262
1.0,2478.4740255840006,222,11.24663363700165,562.81591796875,714.0,1.0000001192092896,0.9999999105930328,415.5864562988281,61.84039655185881,0.0009585019540028911,0.0009590436464807977,37296,168,0,9324,42,77.18552362918854,10.437647009224055,0.24348577484488487
1.0,2489.67809908,223,11.204073495999182,562.81591796875,714.0,1.0000001192092896,0.9999999006589254,562.45556640625,80.36570192518688,0.0009579435204750189,0.000958488699455884,37464,168,0,9366,42,39.622703686356544,11.072586883524698,0.21474820375442505
1.0,2500.841318379,224,11.163219299000048,562.81591796875,714.0,1.0000001192092896,0.9999999162696657,523.9097900390625,76.5637324934914,0.0009573815197106833,0.000957930180943092,37632,168,0,9408,42,56.59468933939934,11.53708374200921,0.3194405175745487
1.0,2512.0088550260007,225,11.167536647000816,562.81591796875,714.0,1.0000001192092896,0.9999999219462985,522.3494873046875,68.72196204321725,0.0009568159560924792,0.0009573680952978606,37800,168,0,9450,42,52.999745436012745,10.721582331317698,0.4710825253278017
1.0,2523.1690676100006,226,11.160212583999964,562.81591796875,714.0,1.0,0.9999999219462985,314.3271179199219,57.41907299132574,0.0009562468340307854,0.0009568024469034471,37968,168,0,9492,42,51.47314666211605,9.862560398300134,0.6257399506866932
1.0,2534.3433417609995,227,11.174274150998826,562.81591796875,714.0,1.0000001192092896,0.9999999446528298,441.9251403808594,61.104553404308504,0.0009556741579637298,0.0009562332401708909,38136,168,0,9534,42,32.16366112418473,9.880356619799775,0.8671663645654917
1.0,2545.5641363659997,228,11.220794605000265,562.81591796875,714.0,1.0000001192092896,0.9999999134313493,572.14697265625,57.349832038084664,0.0009550979323571555,0.0009556604795389808,38304,168,0,9576,42,35.4478085488081,9.682579972958635,0.34863244742155075
1.0,2556.721189046002,229,11.15705268000238,562.81591796875,714.0,1.0,0.9999999120121911,374.7490539550781,66.10182036104656,0.0009545181617045856,0.0009550841694742191,38472,168,0,9618,42,39.79195132851601,10.321041003423964,0.6365993469953537
1.0,2567.874067369001,230,11.152878322998731,562.81591796875,714.0,1.0,0.9999998921439761,493.47216796875,62.36719740856262,0.000953934850527188,0.0009545043144707876,38640,168,0,9660,42,78.17225313186646,10.223021267713714,0.34980353713035583
1.0,2579.007494777001,231,11.133427407999989,562.81591796875,714.0,1.0,0.9999998864673433,786.9138793945312,67.8470025403159,0.0009533480033737405,0.0009539209190505118,38808,168,0,9702,42,49.69244050979614,10.151418423612736,0.3128671757876873
1.0,2590.145001822002,232,11.137507045001257,562.81591796875,714.0,1.0000001192092896,0.9999999006589254,585.1582641601562,64.70594944840386,0.0009527576248205953,0.0009533339877628267,38976,168,0,9744,42,60.789379358291626,9.962555869482458,0.22029124572873116
1.0,2601.3208728930003,233,11.175871070998255,562.81591796875,714.0,1.0,0.9999999162696657,482.9931335449219,57.99233967349643,0.0009521637194716425,0.0009527435251847401,39144,168,0,9786,42,40.36015006899834,9.52794099104635,0.3440758530050516
1.0,2612.4787379709996,234,11.157865077999304,562.81591796875,714.0,1.0,0.9999999219462985,226.00547790527344,56.00074424062456,0.0009515662919582757,0.0009521495359207981,39312,168,0,9828,42,42.32829225063324,9.383192593897027,0.48687418550252914
1.0,2623.7190101429987,235,11.240272171999095,562.81591796875,714.0,1.0000001192092896,0.9999999105930328,496.3568115234375,65.68398085946129,0.0009509653469393545,0.000951552024603048,39480,168,0,9870,42,38.06999537348747,9.627785719354593,0.09508284647017717
1.0,2634.851975218,236,11.132965075001266,562.81591796875,714.0,1.0,0.9999999049164,220.92095947265625,56.70102487007777,0.0009503608891011689,0.0009509509958910033,39648,168,0,9912,42,44.435888167470694,9.567886914592236,0.18700927682220936
1.0,2646.018019195999,237,11.166043977998925,562.81591796875,714.0,1.0000001192092896,0.9999999120121911,672.6461181640625,63.73037859939394,0.0009497529231574025,0.0009503464544716066,39816,168,0,9954,42,63.192579977214336,9.892698299405831,0.5474164932966232
1.0,2657.134538277998,238,11.116519081999286,562.81591796875,714.0,1.0,0.9999998978206089,614.5155639648438,69.71581842218127,0.0009491414538490958,0.0009497384050591932,39984,168,0,9996,42,52.33877792023122,10.259605007756146,0.230158856138587
1.0,2668.2466627509966,239,11.112124472998403,562.81591796875,714.0,1.0,0.9999999233654567,441.1109313964844,64.89334348837535,0.0009485264859446096,0.0009491268523954548,40152,168,0,10038,42,36.04382172226906,9.813218401855833,0.6132147498428822
1.0,2679.343846077998,240,11.097183327001403,562.81591796875,714.0,1.0,0.9999998893056598,398.2683410644531,54.53422974972498,0.0009479080242395869,0.0009485118012494015,40320,168,0,10080,42,34.88067237660289,9.54734802594231,0.3660111166536808
1.0,2690.6382051379987,241,11.294359060000716,562.81591796875,714.0,1.0000001192092896,0.9999999290420896,676.7408447265625,70.55639809653873,0.0009472860735569163,0.0009478932564173262,40488,168,0,10122,42,35.493977069854736,10.00334911964213,1.0327925309538841
1.0,2701.7983398529977,242,11.160134714999003,562.81591796875,714.0,1.0000001192092896,0.9999999318804059,816.165771484375,75.67684245109558,0.0009466606387466943,0.0009472712227227653,40656,168,0,10164,42,42.478341937065125,10.128965820584979,0.6695848554372787
1.0,2712.902671459997,243,11.10433160699904,562.81591796875,714.0,1.0000001192092896,0.9999999205271403,435.9634704589844,74.89226770401001,0.0009460317246861869,0.0009466457050164629,40824,168,0,10206,42,56.88453724235296,10.362300401930476,0.31213613972067833
1.0,2724.0149777689985,244,11.112306309001724,562.81591796875,714.0,1.0000001192092896,0.9999998992397672,676.1964721679688,84.21726532209487,0.0009453993362797926,0.0009460167081763314,40992,168,0,10248,42,72.90374414622784,11.517194107197048,0.315091822296381
1.0,2735.1604553719953,245,11.145477602996834,562.81591796875,714.0,1.0000001192092896,0.9999999034972418,849.3267822265625,75.16332659834907,0.0009447634784590033,0.0009453842371074147,41160,168,0,10290,42,50.60701637901366,10.814233828513395,0.3334606885910034
1.0,2746.3607125229937,246,11.200257150998368,562.81591796875,714.0,1.0000001192092896,0.9999999262037731,421.09429931640625,65.6456225713094,0.0009441241561823656,0.0009447482967418492,41328,168,0,10332,42,36.62207716703415,10.347085058844337,0.9221503920853138
1.0,2757.5083742209936,247,11.147661697999865,562.81591796875,714.0,1.0000001192092896,0.9999999034972418,645.9170532226562,60.50719328153701,0.0009434813744354434,0.0009441088920388257,41496,168,0,10374,42,41.656791403889656,9.6783349380518,0.1644850503653288
1.0,2768.5883745939936,248,11.080000373000075,562.81591796875,714.0,1.0,0.9999999262037731,486.2706604003906,58.67059958548773,0.0009428351382307777,0.0009434660279845503,41664,168,0,10416,42,47.791069239377975,9.681855113179024,0.4719878900796175
1.0,2779.821194261993,249,11.232819667999138,562.81591796875,714.0,1.0,0.9999998992397672,479.8034973144531,54.44082289082663,0.0009421854526078483,0.0009428197095922061,41832,168,0,10458,42,52.339977622032166,9.283072310122883,0.3479398861527443
1.0,2790.9508317969958,250,11.129637535002985,562.81591796875,714.0,1.0000001192092896,0.9999999148505074,658.2304077148438,70.03383404867989,0.0009415323226330341,0.0009421699419019139,42000,168,0,10500,42,50.7683687210083,10.5469129434565,0.4928566589951515
1.0,2802.0899476909944,251,11.139115893998678,562.81591796875,714.0,1.0,0.9999999020780835,359.42626953125,49.8289098909923,0.000940875753399574,0.0009415167299806925,42168,168,0,10542,42,32.16099754720926,9.151225921143556,0.3345164284110069
1.0,2813.2352628249937,252,11.145315133999247,562.81591796875,714.0,1.0,0.9999999034972418,249.90037536621094,54.73639167206628,0.0009402157500275267,0.00094086007892242,42336,168,0,10584,42,51.81849217414856,9.28750086354003,0.30807251296937466
1.0,2824.4205742769955,253,11.18531145200177,562.81591796875,714.0,1.0,0.9999999162696657,390.8232421875,58.89506422338032,0.0009395523176637312,0.0009401999938477928,42504,168,0,10626,42,42.31054338812828,9.641553393942083,0.7157931849360466
1.0,2835.5492634429975,254,11.128689166002005,562.81591796875,714.0,1.0,0.9999998964014507,253.5550079345703,56.01026340609505,0.0009388854614817661,0.0009395364799042871,42672,168,0,10668,42,47.28275120258331,9.67752254173337,0.28565829806029797
1.0,2846.7238445649964,255,11.174581121998926,562.81591796875,714.0,1.0,0.9999998949822926,401.8615417480469,64.6531479699271,0.0009382151866819099,0.0009388695422661182,42840,168,0,10710,42,44.282363414764404,9.6408693019212,0.5227562189102173
1.0,2857.856419054995,256,11.13257448999866,562.81591796875,714.0,1.0000001192092896,0.9999999191079821,522.3692016601562,74.4089983190809,0.0009375414984911005,0.0009381991861341993,43008,168,0,10752,42,71.09490090608597,10.134518598272864,0.34724739845842123
1.0,2869.0390201819973,257,11.182601127002272,562.81591796875,714.0,1.0000001192092896,0.9999999105930328,618.2210083007812,70.38605671269553,0.0009368644021628933,0.0009375254167361026,43176,168,0,10794,42,57.64619970321655,9.690412186330096,0.33620768040418625
1.0,2880.1805406429958,258,11.141520460998436,562.81591796875,714.0,1.0,0.9999999162696657,585.8519287109375,76.37969590084893,0.0009361839029774215,0.0009368482393260168,43344,168,0,10836,42,45.27093756198883,10.344944663124071,0.3612062204629183
1.0,2891.335589966995,259,11.155049323999265,562.81591796875,714.0,1.0,0.9999999077547164,678.5828857421875,63.129666203544254,0.0009355000062413548,0.0009361676591847079,43512,168,0,10878,42,56.06918400526047,9.400316582660057,0.40729187428951263
1.0,2902.4464543279937,260,11.110864360998676,562.81591796875,714.0,1.0000001192092896,0.9999999205271403,524.5078735351562,67.3815002753621,0.000934812717287857,0.0009354836816194759,43680,168,0,10920,42,39.95062259212136,10.130428916442074,0.2486550696194172
1.0,2913.5739328509917,261,11.12747852299799,562.81591796875,714.0,1.0000001192092896,0.9999999290420896,723.8268432617188,67.21713783627465,0.0009341220414765456,0.0009347963119641159,43848,168,0,10962,42,46.45157008245587,9.830395495896006,0.4931255541741848
1.0,2924.706820585994,262,11.132887735002441,562.81591796875,714.0,1.0,0.9999999176888239,598.1580810546875,97.0446107614608,0.0009334279841934493,0.000934105555578874,44016,168,0,11004,42,51.834670178592205,11.990168137098884,0.5602999962866306
1.0,2935.847771699995,263,11.140951114000927,562.81591796875,714.0,1.0000001192092896,0.9999998964014507,1220.4793701171875,79.10224801301956,0.0009327305508509662,0.0009334114178504076,44184,168,0,11046,42,71.77231227606535,10.702755842047432,0.2731036236509681
1.0,2946.971513771994,264,11.123742071999004,562.81591796875,714.0,1.0000001192092896,0.999999924784615,378.2519836425781,65.10071790218353,0.0009320297468878212,0.000932713904191742,44352,168,0,11088,42,52.13181959465146,9.646402347123338,0.29187338799238205
1.0,2958.1001274759947,265,11.1286137040006,562.81591796875,714.0,1.0000001192092896,0.9999999304612478,370.926513671875,53.15476458697092,0.0009313255777690252,0.000932013020042229,44520,168,0,11130,42,40.915852174162865,8.96713870357988,0.3057794878259301
1.0,2969.262733818996,266,11.162606343001244,562.81591796875,714.0,1.0000001192092896,0.999999924784615,502.109375,62.484887713477725,0.0009306180489858299,0.0009313087708675038,44688,168,0,11172,42,32.23669639416039,9.634203673162986,0.29099574871361256
1.0,2980.391818231994,267,11.129084412998054,562.81591796875,714.0,1.0,0.9999998935631343,484.3118591308594,74.42022757019315,0.0009299071660556869,0.000930601162159443,44856,168,0,11214,42,32.57335053384304,9.943277914720099,0.21116503793746233
1.0,2991.515278031995,268,11.123459800001001,562.81591796875,714.0,1.0,0.9999999049164,1117.5499267578125,85.88610541252862,0.0009291929345222042,0.0009298901994361213,45024,168,0,11256,42,59.38855117559433,10.55330756472956,0.30259775929152966
1.0,3002.607156391994,269,11.0918783599991,562.81591796875,714.0,1.0000001192092896,0.999999924784615,361.8379211425781,51.929195744650706,0.0009284753599551027,0.0009291758882417693,45192,168,0,11298,42,36.04474872350693,9.01387998608074,0.6985935810953379
1.0,3013.6965717069943,270,11.089415315000224,562.81591796875,714.0,1.0000001192092896,0.9999999304612478,643.4927368164062,72.87875541618892,0.0009277544479501732,0.0009284582341467287,45360,168,0,11340,42,68.70704472064972,9.817203166118512,0.30007600598037243
1.0,3024.838557331994,271,11.141985624999506,562.81591796875,714.0,1.0000001192092896,0.9999999290420896,362.5652770996094,58.42890608878363,0.0009270302041292321,0.0009277372427474104,45528,168,0,11382,42,30.944307880476117,9.211906742858922,0.38981667533516884
1.0,3035.988744497994,272,11.15018716600025,562.81591796875,714.0,1.0,0.9999999120121911,708.082275390625,70.61728019941421,0.0009263026341400783,0.0009270129196662502,45696,168,0,11424,42,53.2153746150434,9.403533892284724,0.4024509657174349
1.0,3047.1422534499943,273,11.153508952000266,562.81591796875,714.0,1.0,0.9999998949822926,512.5747680664062,54.82943188008808,0.0009255717436564487,0.0009262852705516651,45864,168,0,11466,42,41.156645715236664,9.009143423377758,0.3843458779156208
1.0,3058.307703114995,274,11.165449665000779,562.81591796875,714.0,1.0000001192092896,0.9999999120121911,440.4601745605469,62.223084449768066,0.0009248375383779742,0.0009255543010780088,46032,168,0,11508,42,49.033360719680786,9.042784662762037,0.2555899955332279
1.0,3069.5655447619974,275,11.257841647002351,562.81591796875,714.0,1.0,0.9999999318804059,222.52322387695312,61.81980548586164,0.0009241000240301348,0.0009248200169455284,46200,168,0,11550,42,31.208093464374542,9.412771453304837,1.010399878025055
1.0,3080.6878303799967,276,11.122285617999296,562.81591796875,714.0,1.0,0.9999999077547164,427.8751525878906,59.57104762395223,0.0009233592063642159,0.000924082423880319,46368,168,0,11592,42,36.493587493896484,9.472571535834245,0.19119159132242203
1.0,3091.830420817998,277,11.142590438001207,562.81591796875,714.0,1.0,0.9999999063355582,442.5071105957031,63.146192613102144,0.0009226150911572624,0.0009233415276342793,46536,168,0,11634,42,41.6998964715749,10.01175006816075,0.10658146068453789
1.0,3102.9381630889984,278,11.107742271000461,562.81591796875,714.0,1.0000001192092896,0.9999999063355582,293.2069091796875,49.34289377643948,0.0009218676842120338,0.0009225973339850671,46704,168,0,11676,42,50.306578278541565,9.181053797670064,0.2925872728228569
1.0,3114.080513268,279,11.142350179001369,562.81591796875,714.0,1.0,0.9999999120121911,641.2674560546875,60.868171918959845,0.0009211169913569599,0.0009218498487360543,46872,168,0,11718,42,37.22210489958525,9.322641160272594,0.3155457526445389
1.0,3125.245038203,280,11.164524935000372,562.81591796875,714.0,1.0000001192092896,0.9999999077547164,399.7333068847656,65.56808673200153,0.0009203630184460944,0.0009210990777162806,47040,168,0,11760,42,38.687582552433014,9.403719071587105,0.5392382778227329
1.0,3136.420999643,281,11.17596143999981,562.81591796875,714.0,1.0000001192092896,0.9999999134313493,680.447998046875,76.96462286370141,0.0009196057713590694,0.0009203450267804095,47208,168,0,11802,42,50.914623737335205,10.02927186091741,0.25934238359332085
0.9761904761904762,3147.688798307998,282,11.267798664997827,562.81591796875,714.0,1.0,0.9999340687479291,365.4158020019531,53.667204608519874,0.00091884525600105,0.0009195877018086814,47376,168,0,11844,42,34.57949836552143,8.859093695568541,0.12507413607090712
1.0,3158.813181977999,283,11.124383670001407,562.81591796875,714.0,1.0000001192092896,0.9999999120121911,703.9578857421875,63.89975419498625,0.0009180814783026873,0.0009188271087068689,47544,168,0,11886,42,32.68504521250725,9.335002837813503,0.4052095264196396
1.0,3169.9702502479995,284,11.157068270000309,562.81591796875,714.0,1.0000001192092896,0.9999999120121911,376.6156311035156,51.05517456077394,0.0009173144442200737,0.0009180632534062296,47712,168,0,11928,42,40.15168561786413,8.85613414370233,0.3177337748929858
1.0,3181.0671411350013,285,11.096890887001791,562.81591796875,714.0,1.0,0.9999999176888239,642.6502685546875,68.44156667164394,0.0009165441597346948,0.0009172961418634605,47880,168,0,11970,42,34.95869493484497,9.439183250313537,0.42449202947318554
1.0,3192.2577069200015,286,11.190565785000217,562.81591796875,714.0,1.0,0.9999999077547164,227.71539306640625,45.429853723162694,0.0009157706308533839,0.0009165257800606517,48048,168,0,12012,42,43.88345289230347,8.689525194222195,0.5701799243688583
1.0,3203.4424936880023,287,11.184786768000777,562.81591796875,714.0,1.0000001192092896,0.9999999290420896,732.1640625,72.65260617505936,0.0009149938636082743,0.0009157521740052392,48216,168,0,12054,42,60.827754974365234,10.216579547706282,0.7938920501619577
1.0,3214.705029697001,288,11.262536008998723,562.81591796875,714.0,1.0000001192092896,0.9999999205271403,449.55462646484375,74.29832338151478,0.0009142138640567534,0.0009149753297299583,48384,168,0,12096,42,61.55653560347855,9.939518554291377,0.4770956337451935
1.0,3225.7889387780015,289,11.083909081000456,562.81591796875,714.0,1.0,0.9999999105930328,337.1229248046875,63.67337408803758,0.0009134306382814142,0.000914195253292797,48552,168,0,12138,42,40.01306748390198,9.618995566785868,0.2756804898381233
0.9761904761904762,3236.9416398210014,290,11.152701042999979,562.81591796875,714.0,1.0000001192092896,0.9984028694175539,556.603271484375,62.53022589002337,0.0009126441923900085,0.0009134119507769478,48720,168,0,12180,42,52.3311458658427,9.298564695753157,0.16132356598973274
1.0,3248.1185210660005,291,11.176881244999095,562.81591796875,714.0,1.0,0.9999999049164,630.2953491210938,62.6652983824412,0.0009118545325153995,0.0009126254282907612,48888,168,0,12222,42,40.81119490414858,9.071550660345348,0.19155202992260456
1.0,3259.283179604001,292,11.164658538000367,562.81591796875,714.0,1.0000001192092896,0.9999999020780835,451.07232666015625,75.49870107287452,0.0009110616648155136,0.0009118356919676974,49056,168,0,12264,42,49.001042783260345,9.90369688923515,0.4102578852325678
1.0,3270.406234142003,293,11.12305453800218,562.81591796875,714.0,1.0,0.9999999091738746,967.224609375,68.81543297427041,0.0009102655954732925,0.000911042747966279,49224,168,0,12306,42,66.28862118721008,9.60843160112078,0.4193390905857086
1.0,3281.545264377004,294,11.139030235000973,562.81591796875,714.0,1.0,0.9999999120121911,447.9638366699219,64.94251535052345,0.0009094663306966443,0.0009102466024700427,49392,168,0,12348,42,44.409544467926025,9.182495783149664,0.17199729941785336
1.0,3292.7886979710056,295,11.243433594001544,562.81591796875,714.0,1.0,0.9999999205271403,1171.686767578125,94.38817027353105,0.0009086638767183968,0.0009094472616874909,49560,168,0,12390,42,59.586883425712585,11.390337254275524,0.31668095756322145
1.0,3303.903323053004,296,11.114625081998383,562.81591796875,714.0,1.0,0.9999998878865015,430.7355041503906,58.79217528729212,0.0009078582397962472,0.0009086447318520434,49728,168,0,12432,42,51.327922221273184,8.963425691039967,0.26595788076519966
1.0,3314.990135792006,297,11.086812739002198,562.81591796875,714.0,1.0,0.9999999120121911,585.677490234375,61.61216608115605,0.0009070494262127139,0.0009078390192219896,49896,168,0,12474,42,41.151660323143005,9.054977979843638,0.46640127897262573
1.0,3326.056887434006,298,11.066751641999872,562.81591796875,714.0,1.0,0.9999999148505074,485.5011901855469,56.849592066946485,0.0009062374422750877,0.0009070301300804378,50064,168,0,12516,42,29.08087257295847,8.750017566007696,0.5107341557741165
1.0,3337.152050979006,299,11.095163545000105,562.81591796875,714.0,1.0,0.9999999077547164,386.7939758300781,52.33666656982331,0.0009054222943153827,0.0009062180707352685,50232,168,0,12558,42,42.21271336823702,8.418583730989624,0.32243285328149796
1.0,3348.3567602010044,300,11.2047092219982,562.81591796875,714.0,1.0000001192092896,0.9999999262037731,1409.1129150390625,79.78894092923119,0.0009046039886902864,0.0009054028475190834,50400,168,0,12600,42,61.307611675933,10.011608492183898,0.5111883878707886
1.0,3359.467373877007,301,11.110613676002686,562.81591796875,714.0,1.0000001192092896,0.9999999049164,218.1057891845703,57.29291129679907,0.0009037825317811103,0.0009045844667891568,50568,168,0,12642,42,30.756539903581142,8.718885449049552,0.2498168796300888
1.0,3370.6090242690043,302,11.141650391997246,562.81591796875,714.0,1.0000001192092896,0.9999999191079821,618.534423828125,66.79151549793426,0.0009029579299937402,0.0009037629349273862,50736,168,0,12684,42,42.305541429668665,9.355131474500965,0.29473894089460373
1.0,3381.8259461210037,303,11.21692185199936,562.81591796875,714.0,1.0,0.9999999262037731,261.8377685546875,49.769054747763136,0.0009021301897585869,0.000902938258340242,50904,168,0,12726,42,36.09475231543183,8.79760317167356,0.9644241202622652
1.0,3392.9853296290057,304,11.159383508002065,562.81591796875,714.0,1.0000001192092896,0.9999999006589254,1027.778076171875,72.71061033578147,0.0009012993175305349,0.0009021104434587179,51072,168,0,12768,42,60.09268881380558,9.644183283915655,0.26178477331995964
1.0,3404.1820917340046,305,11.196762104998925,562.81591796875,714.0,1.0,0.9999999020780835,714.2774047851562,64.05656785056705,0.0009004653197888924,0.0009012794967382808,51240,168,0,12810,42,38.565030470490456,9.113403413134316,0.24732701666653156
1.0,3415.302559392003,306,11.120467657998233,562.81591796875,714.0,1.0000001192092896,0.9999999262037731,581.9617919921875,65.3787324201493,0.0008996282030373419,0.0009004454246588199,51408,168,0,12852,42,31.513168413192034,8.858362307705518,0.3879646845161915
1.0,3426.4152941950015,307,11.112734802998602,562.81591796875,714.0,1.0000001192092896,0.9999999233654567,391.1513366699219,57.72699344725836,0.0008987879738038875,0.0008996082337245968,51576,168,0,12894,42,39.686084628105164,8.797937321055326,0.6151986978948116
1.0,3437.5392462140044,308,11.1239520190029,562.81591796875,714.0,1.0,0.9999999077547164,371.56927490234375,56.332054478781565,0.0008979446386408058,0.0008987679304641949,51744,168,0,12936,42,52.695349514484406,8.739572671153361,0.30253901332616806
1.0,3448.7820938170044,309,11.242847602999973,562.81591796875,714.0,1.0000001192092896,0.9999999162696657,474.3716735839844,64.15401083514804,0.0008970982041245939,0.0008979245214304676,51912,168,0,12978,42,49.14297389984131,8.892049471892062,0.2685807552188635
1.0,3459.9363510910043,310,11.154257273999974,562.81591796875,714.0,1.0000001192092896,0.9999999332995642,399.9466857910156,59.564786195755005,0.0008962486768559179,0.0008970780132004881,52080,168,0,13020,42,29.01158284395933,8.830892305089426,0.6795225907117128
1.0,3471.098249607003,311,11.161898515998473,562.81591796875,714.0,1.0,0.9999998807907104,471.341796875,67.36919108458927,0.0008953960634595623,0.0008962284123754972,52248,168,0,13062,42,34.94860439002514,9.209958143820543,0.27868197299540043
1.0,3482.231264707003,312,11.133015100000193,562.81591796875,714.0,1.0000001192092896,0.9999999375570388,375.5350646972656,63.593764083726064,0.0008945403705843774,0.0008953757255808534,52416,168,0,13104,42,31.260337620973587,9.036177931220404,0.6008468586951494
1.0,3493.334080237004,313,11.102815530000953,562.81591796875,714.0,1.0,0.9999999162696657,268.7098083496094,52.4247815041315,0.0008936816049032284,0.0008945199594659792,52584,168,0,13146,42,41.335997983813286,8.57625893929175,1.1495487410575151
1.0,3504.4695504420015,314,11.135470204997546,562.81591796875,714.0,1.0000001192092896,0.999999924784615,510.0360107421875,65.50348044009436,0.0008928197731129425,0.0008936611207043108,52752,168,0,13188,42,33.154647529125214,8.848365502964173,0.3969597779214382
1.0,3515.6618974070007,315,11.19234696499916,562.81591796875,714.0,1.0,0.9999999191079821,259.02569580078125,45.2328515847524,0.0008919548819342571,0.0008927992159932453,52920,168,0,13230,42,32.920782029628754,8.496455424753506,0.744565948843956
1.0,3526.717532557999,316,11.055635150998569,562.81591796875,714.0,1.0,0.9999998822098687,500.3998107910156,67.00678088551476,0.0008910869381117674,0.0008919342520540891,53088,168,0,13272,42,53.041874930262566,9.105404607375108,0.24224584363400936
1.0,3537.8950113099963,317,11.177478751997114,562.81591796875,714.0,1.0,0.9999999077547164,379.3526611328125,58.252770270620076,0.0008902159484138736,0.0008910662356320044,53256,168,0,13314,42,38.078759640455246,8.856817808157453,0.5197853446006775
1.0,3549.057845874995,318,11.162834564998775,562.81591796875,714.0,1.0000001192092896,0.9999999020780835,725.2214965820312,73.13535114129384,0.0008893419196327283,0.0008901951734959577,53424,168,0,13356,42,55.190176110714674,9.317239511979832,0.23485466837882996
0.9761904761904762,3560.220177561994,319,11.162331686999096,562.81591796875,714.0,1.0000001192092896,0.9985183023271107,532.361083984375,58.005145730007264,0.0008884648585841837,0.0008893210724386666,53592,168,0,13398,42,38.508273623883724,8.66478816823413,0.22384534403681755
1.0,3571.3877715079943,320,11.167593946000125,562.81591796875,714.0,1.0000001192092896,0.9999999262037731,265.9024353027344,57.119166714804514,0.0008875847721077378,0.0008884439392765466,53760,168,0,13440,42,33.1019921079278,8.513678438518019,0.5458495132625103
1.0,3582.596542049996,321,11.20877054200173,562.81591796875,714.0,1.0,0.9999999290420896,642.1010131835938,66.33764367444175,0.000886701667066482,0.0008875637808496585,53928,168,0,13482,42,35.185842886567116,8.80235508873704,0.27612072229385376
1.0,3593.730449618997,322,11.133907569001167,562.81591796875,714.0,1.0,0.9999999105930328,412.0160827636719,67.34269925242378,0.0008858155503470466,0.0008866806040216544,54096,168,0,13524,42,34.6995641104877,9.067323152397183,0.09911034815013409
0.9761904761904762,3604.794222927998,323,11.06377330900068,562.81591796875,714.0,1.0000001192092896,0.9954045145284562,291.1287841796875,52.179316778977714,0.0008849264288595478,0.0008857944156797246,54264,168,0,13566,42,35.06754134595394,8.741621326122965,0.12484677881002426
1.0,3615.8680725019985,324,11.073849574000633,562.81591796875,714.0,1.0000001192092896,0.9999999304612478,302.1929931640625,64.2600972765968,0.0008840343095375336,0.0008849052227345437,54432,168,0,13608,42,40.06807345151901,9.248678154533817,0.25462038815021515
1.0,3626.930096039996,325,11.062023537997447,562.81591796875,714.0,1.0,0.9999999134313493,346.6476135253906,56.47103060427166,0.0008831391993379295,0.0008840130321202171,54600,168,0,13650,42,30.85589700937271,8.648970952013595,0.3240729495882988
1.0,3638.1055707989944,326,11.175474758998462,562.81591796875,714.0,1.0000001192092896,0.9999999332995642,381.13525390625,52.75447418576195,0.0008822411052409852,0.0008831178507942263,54768,168,0,13692,42,28.766324879601598,8.319277875413675,0.7833774834871292
1.0,3649.2974483289945,327,11.191877530000056,562.81591796875,714.0,1.0000001192092896,0.9999999077547164,418.5387878417969,61.4067451442991,0.0008813400342502183,0.0008822196857373753,54936,168,0,13734,42,30.35516870394349,8.699914681991297,0.28229570388793945
1.0,3660.4100145799966,328,11.112566251002136,562.81591796875,714.0,1.0,0.9999999063355582,1284.171630859375,90.61447280077707,0.0008804359933923617,0.0008813185439537354,55104,168,0,13776,42,70.77810266241431,10.214331231545657,0.3009290434420109
1.0,3671.551608313999,329,11.141593734002527,562.81591796875,714.0,1.0000001192092896,0.9999999063355582,304.5057678222656,61.082060785520646,0.0008795289897173075,0.0008804144324705913,55272,168,0,13818,42,35.577892284840345,9.256099477277271,0.3233515899628401
1.0,3682.636056223997,330,11.084447909997834,562.81591796875,714.0,1.0000001192092896,0.9999999049164,620.5173950195312,62.201738238334656,0.0008786190302980524,0.0008795073583383862,55440,168,0,13860,42,50.263575196266174,8.899031279808176,0.23418030329048634
1.0,3693.831988623995,331,11.195932399998128,562.81591796875,714.0,1.0,0.9999998992397672,549.218017578125,74.35062642324539,0.000877706122230643,0.0008785973286306661,55608,168,0,13902,42,44.726996421813965,9.4953608900486,0.21827551163733006
1.0,3704.9104337939934,332,11.078445169998304,562.81591796875,714.0,1.0,0.9999999049164,468.914794921875,63.17480504512787,0.0008767902726341199,0.0008776843504440256,55776,168,0,13944,42,55.82565674558282,8.86630404862531,0.2788214720785618
1.0,3716.193839007996,333,11.283405214002414,562.81591796875,714.0,1.0,0.9999999063355582,867.9564208984375,79.2874823297773,0.0008758714886504619,0.0008767684308980518,55944,168,0,13986,42,50.89931267499924,9.427202025672333,0.3695413861423731
1.0,3727.2894326689966,334,11.095593661000748,562.81591796875,714.0,1.0,0.9999999120121911,648.5621337890625,65.40615983236404,0.000874949777444531,0.0008758495771352696,56112,168,0,14028,42,30.975320778787136,8.65657600214971,0.3880736120045185
1.0,3738.3482356759996,335,11.058803007003007,562.81591796875,714.0,1.0000001192092896,0.9999999148505074,302.5409240722656,66.27229265939621,0.0008740251462040168,0.0008749277963210851,56280,168,0,14070,42,36.3419298119843,9.045712251570963,0.3132116999477148
1.0,3749.475928909,336,11.127693233000173,562.81591796875,714.0,1.0000001192092896,0.9999999290420896,404.4544677734375,53.93718785331363,0.0008730976021393791,0.0008740030956437303,56448,168,0,14112,42,37.30339856445789,8.483336416427933,0.84133056178689
1.0,3760.5987229019993,337,11.122793992999505,562.81591796875,714.0,1.0000001192092896,0.9999999049164,309.8778076171875,49.21332718644823,0.0008721671524837929,0.0008730754823142069,56616,168,0,14154,42,34.622158009558916,8.385862010575476,0.2041651476174593
1.0,3771.741735708998,338,11.14301280699874,562.81591796875,714.0,1.0000001192092896,0.9999999233654567,657.0549926757812,67.28130190145401,0.0008712338044930917,0.0008721449635662297,56784,168,0,14196,42,34.729546789079905,8.84549715529595,0.3757619485259056
1.0,3782.9510404169996,339,11.209304708001582,562.81591796875,714.0,1.0000001192092896,0.9999999276229313,472.975830078125,58.145568518411544,0.0008702975654457103,0.000871211546656171,56952,168,0,14238,42,62.12141364812851,8.316050080050315,0.5242418590933084
1.0,3794.1101589960017,340,11.159118579002097,562.81591796875,714.0,1.0,0.9999999191079821,441.132568359375,64.15926247551327,0.0008693584426426292,0.0008702752388630033,57120,168,0,14280,42,28.92758037149906,8.882922961310085,0.404206320643425
1.0,3805.235996249001,341,11.12583725299919,562.81591796875,714.0,1.0,0.9999998921439761,272.2580261230469,54.52066230773926,0.0008684164434073163,0.0008693360474882429,57288,168,0,14322,42,56.48100200667977,8.632783232389816,0.2066446002572775
1.0,3816.444303813001,342,11.208307564000279,562.81591796875,714.0,1.0000001192092896,0.9999999205271403,650.6513061523438,66.9283200559162,0.0008674715750856712,0.000868393979855893,57456,168,0,14364,42,43.72643741965294,8.770615997812932,0.701290613040328
1.0,3827.588097205,343,11.14379339199877,562.81591796875,714.0,1.0,0.9999999134313493,257.6749572753906,45.79333214816593,0.0008665238450459667,0.000867449043312386,57624,168,0,14406,42,36.490608394145966,8.330977600001331,0.22097503766417503
1.0,3838.713200366001,344,11.12510316100088,562.81591796875,714.0,1.0000001192092896,0.9999999205271403,327.1737060546875,51.97193597895758,0.0008655732606787922,0.0008665012452265268,57792,168,0,14448,42,33.13106989860535,8.226187440256277,0.31318869069218636
1.0,3849.9482523999977,345,11.235052033996908,562.81591796875,714.0,1.0000001192092896,0.9999999148505074,665.9291381835938,65.43112109956287,0.0008646198293969952,0.0008655505929894355,57960,168,0,14490,42,43.10354322195053,8.999305877391071,0.24901443161070347
1.0,3861.0723520349966,346,11.124099634998856,562.81591796875,714.0,1.0,0.9999998964014507,904.1719970703125,71.18692186900547,0.0008636635586356247,0.0008645970940144893,58128,168,0,14532,42,47.86462686210871,8.751400694517153,0.3295785188674927
1.0,3872.1623925159984,347,11.090040481001779,562.81591796875,714.0,1.0000001192092896,0.9999999006589254,356.93939208984375,49.38284134864807,0.000862704455851872,0.0008636407557372642,58296,168,0,14574,42,47.69864797592163,8.617329854252082,0.2490686969831586
1.0,3883.235671943996,348,11.073279427997477,562.81591796875,714.0,1.0,0.9999999077547164,512.3854370117188,66.22380428654807,0.0008617425285250134,0.0008626815856154788,58464,168,0,14616,42,39.83943189680576,9.312187369114586,0.3031366802752018
1.0,3894.3416526609944,349,11.105980716998602,562.81591796875,714.0,1.0,0.9999998935631343,792.9006958007812,78.15468406677246,0.0008607777841563515,0.000861719591128934,58632,168,0,14658,42,47.103622533380985,9.348393395188308,0.1290350090712309
1.0,3905.586110620996,350,11.244457960001455,562.81591796875,714.0,1.0,0.9999998949822926,311.1837158203125,54.054271550405595,0.0008598102302691563,0.0008607547797794564,58800,168,0,14700,42,45.58464813232422,8.328138687980495,0.30697239749133587
1.0,3916.7115600069956,351,11.125449385999673,562.81591796875,714.0,1.0000001192092896,0.9999999205271403,232.2256317138672,47.682905918075924,0.0008588398744086079,0.0008597871590908384,58968,168,0,14742,42,33.85353156551719,8.240453730514716,0.9726566523313522
1.0,3927.804185920995,352,11.092625913999655,562.81591796875,714.0,1.0,0.9999999049164,265.56427001953125,54.034274194921764,0.0008578667241417357,0.0008588167366087805,59136,168,0,14784,42,32.15307516604662,8.3373526218569,0.17451813258230686
1.0,3938.9124558929943,353,11.108269971999107,562.81591796875,714.0,1.0,0.9999999105930328,612.225830078125,57.90604827517555,0.0008568907870573614,0.0008578435199008324,59304,168,0,14826,42,41.487945795059204,8.320354639109047,0.3573041819036007
1.0,3949.9958316019947,354,11.083375709000393,562.81591796875,714.0,1.0,0.9999998807907104,911.3468017578125,80.52167415051233,0.0008559120707660382,0.0008568675165563333,59472,168,0,14868,42,40.40380346029997,9.188228659331799,0.4695343244820833
1.0,3961.085870951996,355,11.090039350001462,562.81591796875,714.0,1.0,0.9999999049164,396.4653015136719,70.19556409404392,0.0008549305828999923,0.0008558887341863534,59640,168,0,14910,42,37.964967742562294,8.876359805753012,0.2986469743773341
1.0,3972.2315379559986,356,11.145667004002462,562.81591796875,714.0,1.0000001192092896,0.9999999162696657,756.0899658203125,62.98278999328613,0.0008539463311130635,0.0008549071804236342,59808,168,0,14952,42,51.38084137439728,8.689415956315186,0.4363052472472191
1.0,3983.4085630029986,357,11.177025046999916,562.81591796875,714.0,1.0,0.9999998921439761,363.99041748046875,62.969799163795656,0.0008529593230806446,0.0008539228629225291,59976,168,0,14994,42,36.56110784038901,8.9821603493765,0.34215410612523556
1.0,3994.460552184999,358,11.051989182000398,562.81591796875,714.0,1.0,0.9999999077547164,325.5076904296875,69.28305097988674,0.0008519695664996228,0.0008529357893589437,60144,168,0,15036,42,35.41806733421981,8.808289224902788,0.43999459221959114
1.0,4005.556707377,359,11.096155192000879,562.81591796875,714.0,1.0000001192092896,0.9999999063355582,331.79046630859375,52.880407412846886,0.0008509770690883186,0.0008519459674302762,60312,168,0,15078,42,37.24476022273302,8.338989382831468,0.41970232129096985
1.0,4016.6747554540016,360,11.118048077001731,562.81591796875,714.0,1.0,0.9999999120121911,454.02362060546875,57.35746009009225,0.0008499818385864262,0.0008509534048553565,60480,168,0,15120,42,39.34071159362793,8.205328836394031,0.7123802565038204
1.0,4027.761861328003,361,11.087105874001281,562.81591796875,714.0,1.0000001192092896,0.9999999176888239,498.2451477050781,55.634122828642525,0.0008489838827549529,0.000849958109374387,60648,168,0,15162,42,28.706066358834505,8.33097603928209,0.15115046501159668
1.0,4038.910300953001,362,11.148439624997991,562.81591796875,714.0,1.0000001192092896,0.9999999176888239,195.639892578125,52.450917669704985,0.000847983209376159,0.0008489600887488819,60816,168,0,15204,42,30.39160230755806,8.044071268888988,0.49989314936101437
0.9761904761904762,4050.019930565999,363,11.109629612998106,562.81591796875,714.0,1.0,0.9959375290643602,554.4091796875,54.806698012919654,0.0008469798262534962,0.0008479593507616065,60984,168,0,15246,42,33.05889090895653,8.366458663428645,0.175239535048604
1.0,4061.091574839,364,11.071644273000857,562.81591796875,714.0,1.0000001192092896,0.9999999262037731,324.0437927246094,59.31413494972956,0.0008459737412115478,0.0008469559032165165,61152,168,0,15288,42,34.11275577545166,8.485129691239091,0.507483079098165
1.0,4072.1641555349997,365,11.072580695999932,562.81591796875,714.0,1.0000001192092896,0.999999924784615,705.1180419921875,64.1933418455578,0.0008449649620959672,0.0008459497539386976,61320,168,0,15330,42,38.01069280132651,8.534546467298199,0.378779124468565
1.0,4083.234831351001,366,11.070675816001312,562.81591796875,714.0,1.0000001192092896,0.9999999219462985,276.17486572265625,57.84035445962633,0.0008439534967734164,0.0008449409107743039,61488,168,0,15372,42,35.003870733082294,8.40358960375722,0.4794084466993809
1.0,4094.2642674220006,367,11.029436070999509,562.81591796875,714.0,1.0000001192092896,0.9999998722757611,620.4083862304688,65.14932256937027,0.0008429393531315052,0.0008439293815904971,61656,168,0,15414,42,31.663839995861053,8.704163012760025,0.15031207911670208
1.0,4105.471620995999,368,11.207353573998262,562.81591796875,714.0,1.0000001192092896,0.9999999191079821,788.8344116210938,66.28337955474854,0.0008419225390787294,0.0008429151742753851,61824,168,0,15456,42,36.55989484488964,8.744080088921779,0.8497415855526924
1.0,4116.595747327996,369,11.124126331997104,562.81591796875,714.0,1.0,0.9999999205271403,570.540283203125,67.3300827060427,0.0008409030625444093,0.0008418982967379599,61992,168,0,15498,42,46.565347731113434,8.277627755865632,0.1644643060863018
1.0,4127.691507959997,370,11.095760632000747,562.81591796875,714.0,1.0000001192092896,0.9999998964014507,739.185791015625,77.51455140965325,0.0008398809314786276,0.0008408787569080372,62160,168,0,15540,42,41.14832156896591,9.024723830832434,0.29901461489498615
1.0,4138.794277987996,371,11.102770027999213,562.81591796875,714.0,1.0000001192092896,0.999999924784615,354.1067199707031,73.70118402299427,0.0008388561538521679,0.0008398565627361931,62328,168,0,15582,42,40.78973161056638,9.312584429314095,0.8743088617920876
1.0,4149.965579569995,372,11.171301581998705,562.81591796875,714.0,1.0000001192092896,0.9999999120121911,375.3211364746094,66.74628671577999,0.0008378287376564518,0.0008388317221937033,62496,168,0,15624,42,38.62275333888829,8.897805588430769,0.30549874994903803
1.0,4161.082061309993,373,11.116481739998562,562.81591796875,714.0,1.0,0.9999998964014507,314.90838623046875,54.36677666221346,0.0008367986909034773,0.0008378042432724802,62664,168,0,15666,42,36.54715686291456,8.136748084377142,0.2653256691992283
1.0,4172.361058023995,374,11.27899671400155,562.81591796875,714.0,1.0,0.9999998978206089,576.8450317382812,58.26288443236124,0.0008357660216257558,0.0008367741339850106,62832,168,0,15708,42,38.761604109779,8.31635715579614,0.321603761985898
1.0,4183.509809710995,375,11.148751687000185,562.81591796875,714.0,1.0,0.9999999219462985,560.1117553710938,57.47825834864662,0.0008347307378762498,0.0008357414023642939,63000,168,0,15750,42,26.75904194265604,8.202055871996674,0.47277856431901455
1.0,4194.537753790995,376,11.027944080000452,562.81591796875,714.0,1.0,0.9999999105930328,280.2134704589844,62.95438363438561,0.00083369284772831,0.0008347060564637787,63168,168,0,15792,42,29.066659200936556,8.422511360541518,0.3688460271805525
0.9761904761904762,4205.614353817993,377,11.076600026997767,562.81591796875,714.0,1.0000001192092896,0.9967213187898908,398.48931884765625,59.189463430926914,0.000832652359275612,0.0008336681043573002,63336,168,0,15834,42,45.31364631652832,8.552973924825588,0.19830119609832764
1.0,4216.699985419993,378,11.085631601999921,562.81591796875,714.0,1.0,0.9999999134313493,1309.326171875,80.63395601794834,0.0008316092806320942,0.0008326275541390175,63504,168,0,15876,42,54.89478709548712,9.134285157967714,0.41162316128611565
1.0,4227.763039909994,379,11.063054490001377,562.81591796875,714.0,1.0,0.9999999148505074,233.55099487304688,48.12935787723178,0.0008305636199318931,0.0008315844139233501,63672,168,0,15918,42,38.13183123618364,7.784125986619896,0.4062057062983513
1.0,4238.913597411996,380,11.150557502001902,562.81591796875,714.0,1.0000001192092896,0.9999999205271403,569.9188842773438,59.2703963574909,0.0008295153853292809,0.0008305386918449153,63840,168,0,15960,42,38.33959095925093,8.334905999912214,0.570992911234498
1.0,4250.080993938995,381,11.167396526998346,562.81591796875,714.0,1.0000001192092896,0.9999999105930328,388.6329040527344,58.359073803538365,0.0008284645849986019,0.0008294903960584636,64008,168,0,16002,42,51.45652788877487,8.084648905920663,0.5608930289745331
1.0,4261.214143930993,382,11.133149991997925,562.81591796875,714.0,1.0,0.9999999049164,517.7034912109375,67.43231327193124,0.0008274112271342077,0.0008284395347388162,64176,168,0,16044,42,38.335342049598694,8.29358699228171,0.26515593752264977
1.0,4272.275885034993,383,11.061741104000248,562.81591796875,714.0,1.0000001192092896,0.9999999375570388,373.1649169921875,64.67918661094848,0.0008263553199503948,0.0008273861160808006,64344,168,0,16086,42,30.315067529678345,8.26328500346946,0.41850499901920557
1.0,4283.324631510994,384,11.048746476000815,562.81591796875,714.0,1.0000001192092896,0.9999999191079821,485.1625671386719,63.49981766939163,0.0008252968716813395,0.0008263301482991875,64512,168,0,16128,42,32.68687203526497,8.159511221173618,0.22664076276123524
1.0,4294.380158931992,385,11.05552742099826,562.81591796875,714.0,1.0000001192092896,0.9999999049164,719.9127807617188,61.83503400427954,0.000824235890581034,0.0008252716396286255,64680,168,0,16170,42,32.410590283572674,8.333865140941704,0.25425413995981216
1.0,4305.54157929599,386,11.161420363998332,562.81591796875,714.0,1.0,0.9999999063355582,379.4299621582031,51.12134176776523,0.000823172384923222,0.000824210598323578,64848,168,0,16212,42,44.047204717993736,8.005824942917874,0.4545104540884495
1.0,4316.710646536991,387,11.169067241000448,562.81591796875,714.0,1.0000001192092896,0.9999999120121911,336.33978271484375,57.095938926651364,0.0008221063630013344,0.0008231470326582581,65016,168,0,16254,42,28.562770377844572,8.181837755676714,0.3744553364813328
1.0,4327.81277348999,388,11.102126952999242,562.81591796875,714.0,1.0000001192092896,0.9999999148505074,567.4727783203125,64.7076803956713,0.0008210378331284242,0.0008220809509265646,65184,168,0,16296,42,33.59998571872711,8.27885977826303,0.30677300691604614
1.0,4338.897673008989,389,11.08489951899901,562.81591796875,714.0,1.0,0.9999999034972418,889.2825927734375,63.44026414269493,0.0008199668036371018,0.0008210123614420168,65352,168,0,16338,42,40.305993016809225,8.420914236212237,0.23806335218250751
1.0,4350.00380427199,390,11.106131263000862,562.81591796875,714.0,1.0,0.999999938976197,314.2569580078125,56.9598076457069,0.0008188932828794706,0.0008199412725376905,65520,168,0,16380,42,27.152723513543606,7.966849439600039,0.7453895071521401
0.9761904761904762,4361.00199267899,391,10.99818840700027,562.81591796875,714.0,1.0000001192092896,0.9919629508540744,412.88177490234375,69.23472508788109,0.000817817279227061,0.0008188676925661519,65688,168,0,16422,42,31.73661160469055,8.515665853994765,0.1017844770103693
1.0,4372.1010491779925,392,11.099056499002472,562.81591796875,714.0,1.0,0.9999999049164,374.353515625,53.16454430705025,0.0008167388010707657,0.0008177916298993933,65856,168,0,16464,42,38.87113121151924,7.886744914886852,0.15941584575921297
1.0,4383.307962185991,393,11.206913007998082,562.81591796875,714.0,1.0000001192092896,0.9999999049164,737.4631958007812,74.39635327600297,0.000815657856820774,0.0008167130929287674,66024,168,0,16506,42,72.79969726875424,9.687643644222547,0.25979670509696007
1.0,4394.297032417991,394,10.989070232000813,562.81591796875,714.0,1.0000001192092896,0.9999999262037731,347.8345642089844,56.81796732970646,0.0008145744549065063,0.0008156320900649226,66192,168,0,16548,42,30.866908762603998,8.47009010854665,0.33509951271116734
1.0,4405.315784923991,395,11.018752505999146,562.81591796875,714.0,1.0000001192092896,0.9999999020780835,296.7953796386719,56.19523310945148,0.0008134886037765482,0.0008145486297377358,66360,168,0,16590,42,36.81048199161887,8.085245961057288,0.12604616023600101
1.0,4416.39678141999,396,11.080996495998988,562.81591796875,714.0,1.0,0.9999999091738746,488.50927734375,54.419558105014616,0.000812400311898585,0.0008134627203962488,66528,168,0,16632,42,31.384178087115288,7.953390358925043,0.3179630674421787
1.0,4427.50376531899,397,11.106983899000625,562.81591796875,714.0,1.0000001192092896,0.9999999148505074,423.5156555175781,70.16616899342765,0.0008113095877593355,0.0008123743705086005,66696,168,0,16674,42,34.14739789068699,8.325238603499852,0.27234674990177155
1.0,4438.585404354988,398,11.081639035997796,562.81591796875,714.0,1.0000001192092896,0.9999999191079821,250.93699645996094,51.215755661328636,0.0008102164398644857,0.000811283588561962,66864,168,0,16716,42,34.99389860779047,7.9341142741918915,0.3088276628404856
1.0,4449.8009289369875,399,11.215524581999489,562.81591796875,714.0,1.0000001192092896,0.9999999219462985,593.9605712890625,61.55953182492937,0.0008091208767386221,0.0008101903830624699,67032,168,0,16758,42,42.762651454657316,8.19938489238155,0.9148497097194195
1.0,4460.92069448399,400,11.119765547002316,562.81591796875,714.0,1.0000001192092896,0.9999998992397672,284.2695617675781,43.071517143930706,0.0008080229069251664,0.0008090947625351607,67200,168,0,16800,42,60.57044744491577,7.656242306432908,0.2825369816273451
1.0,4471.992281902989,401,11.071587418999115,562.81591796875,714.0,1.0,0.9999998992397672,776.5066528320312,64.01424433787663,0.0008069225389863077,0.0008079967355239029,67368,168,0,16842,42,33.5473427772522,8.518251421573083,0.16880193911492825
1.0,4483.027580474991,402,11.03529857200192,562.81591796875,714.0,1.0000001192092896,0.9999999191079821,248.71734619140625,49.59943759157544,0.0008058197815029361,0.0008068963105913318,67536,168,0,16884,42,27.602572053670883,7.915190052839795,0.19537565112113953
1.0,4494.108224516989,403,11.080644041998312,562.81591796875,714.0,1.0000001192092896,0.9999999162696657,257.2999572753906,59.762494416463944,0.000804714643074576,0.0008057934963187824,67704,168,0,16926,42,35.88753753900528,8.128282657159227,0.34421494975686073
1.0,4505.158875914989,404,11.0506513979999,562.81591796875,714.0,1.0000001192092896,0.9999999276229313,773.2000732421875,63.81859635171436,0.000803607132319319,0.0008046883013062215,67872,168,0,16968,42,33.284548457711935,7.939038338383571,0.40674665570259094
0.9761904761904762,4516.376068387988,405,11.217192472999159,562.81591796875,714.0,1.0,0.9957983664103917,432.51611328125,66.7558698171661,0.0008024972578737564,0.0008035807341721821,68040,168,0,17010,42,41.128838784992695,8.392393428721421,0.09483098238706589
1.0,4527.43028165499,406,11.054213267001614,562.81591796875,714.0,1.0,0.9999998864673433,266.01849365234375,53.518568915980204,0.0008013850283929119,0.0008024708035536949,68208,168,0,17052,42,30.24492058902979,8.119462479704193,0.1493458952754736
1.0,4538.470993685987,407,11.040712030997383,562.81591796875,714.0,1.0,0.9999999063355582,541.9122314453125,61.30220398732594,0.0008002704525501746,0.0008013585181062223,68376,168,0,17094,42,40.97276919335127,8.125243025055775,0.19331621751189232
1.0,4549.536004278987,408,11.065010592999897,562.81591796875,714.0,1.0,0.9999999162696657,316.946044921875,57.558977728798276,0.0007991535390372308,0.0008002438865035895,68544,168,0,17136,42,33.49538735859096,8.162276494095014,0.6648081243038177
1.0,4560.651014060986,409,11.115009781999106,562.81591796875,714.0,1.0000001192092896,0.9999999290420896,295.4985656738281,57.64977254186358,0.0007980342965639964,0.0007991269174379172,68712,168,0,17178,42,43.17748200893402,8.046813558476666,0.42277754098176956
1.0,4571.739315272986,410,11.088301211999351,562.81591796875,714.0,1.0,0.9999999105930328,488.8563232421875,48.9321560660998,0.000796912733858549,0.0007980076196195551,68880,168,0,17220,42,43.154621593654156,7.6747276817581485,0.33986254781484604
0.9761904761904762,4582.8388409539875,411,11.099525681001978,562.81591796875,714.0,1.0,0.992938471691949,309.27508544921875,53.05798014714604,0.0007957888596670599,0.000796886001777012,69048,168,0,17262,42,50.73504829406738,7.91411711701325,0.08217993751168251
1.0,4593.959005931989,412,11.120164978001412,562.81591796875,714.0,1.0000001192092896,0.9999999219462985,363.4361267089844,52.002685512815205,0.0007946626827537259,0.0007957620726568897,69216,168,0,17304,42,42.381263786926866,7.773751249714267,0.3875800371170044
1.0,4604.973576480992,413,11.01457054900311,562.81591796875,714.0,1.0000001192092896,0.9999999205271403,392.0997619628906,58.00566854931059,0.0007935342119007007,0.0007946358410238126,69384,168,0,17346,42,48.13403099775314,8.152410011605493,1.213476113975048
1.0,4616.006016634994,414,11.03244015400196,562.81591796875,714.0,1.0,0.9999999176888239,396.8367614746094,64.28725555397216,0.0007924034559080266,0.0007935073156603615,69552,168,0,17388,42,35.018053844571114,8.322437559764477,0.1851344918832183
1.0,4627.0318463209915,415,11.02582968599745,562.81591796875,714.0,1.0000001192092896,0.9999999105930328,537.757080078125,60.41498728309359,0.0007912704235935662,0.000792376505367004,69720,168,0,17430,42,37.292701572179794,8.076513674797578,0.28124653175473213
1.0,4638.059541423991,416,11.027695102999132,562.81591796875,714.0,1.0,0.9999998949822926,737.965087890625,65.99352616355533,0.0007901351237929329,0.0007912434189620258,69888,168,0,17472,42,39.870632752776146,8.06194478601572,0.3325187861919403
1.0,4649.090063508989,417,11.030522084998665,562.81591796875,714.0,1.0000001192092896,0.9999998935631343,808.3167724609375,61.6197250967934,0.0007889975653594227,0.0007901080652814625,70056,168,0,17514,42,38.79807775467634,7.917965038657366,0.2534258682280779
1.0,4660.249670404988,418,11.159606895998877,562.81591796875,714.0,1.0000001192092896,0.9999999191079821,303.61962890625,54.42433311825707,0.000787857757163945,0.00078897045317903,70224,168,0,17556,42,36.69391769170761,8.018368087465031,0.49078868329524994
1.0,4671.274350737989,419,11.024680333001015,562.81591796875,714.0,1.0,0.9999999191079821,806.1870727539062,66.28214005061558,0.0007867157080949526,0.0007878305915260557,70392,168,0,17598,42,38.20862129703164,8.387162921972395,0.7726608142256737
1.0,4682.393897941991,420,11.11954720400172,562.81591796875,714.0,1.0000001192092896,0.9999998949822926,351.9212646484375,53.613607633681525,0.0007855714270583739,0.0007866884892114102,70560,168,0,17640,42,32.24870705604553,8.005103739333295,0.2957318648695946
0.9761904761904762,4693.45554904699,421,11.061651104999328,562.81591796875,714.0,1.0000001192092896,0.9949852781636375,287.4627685546875,48.34378654048557,0.000784424922977542,0.0007855441551414366,70728,168,0,17682,42,31.223710007965565,7.565605639058742,0.13347949646413326
1.0,4704.474897170989,422,11.019348123998498,562.81591796875,714.0,1.0000001192092896,0.9999999191079821,604.61376953125,72.10910378183637,0.0007832762047931262,0.0007843975982398819,70896,168,0,17724,42,43.20463091135025,8.436400781939959,0.4273284412920475
1.0,4715.5054495119875,423,11.030552340998838,562.81591796875,714.0,1.0000001192092896,0.9999999105930328,443.89739990234375,63.32961007526943,0.0007821252814630618,0.000783248827447827,71064,168,0,17766,42,42.34760658815503,8.247797744503865,0.2070825407281518
1.0,4726.610627121987,424,11.105177609999373,562.81591796875,714.0,1.0,0.9999999120121911,802.772216796875,69.17193947519574,0.00078097216196248,0.0007820978517236175,71232,168,0,17808,42,42.6582345366478,8.33780030939462,0.3194666560739279
0.9761904761904762,4737.697500482987,425,11.086873361000471,562.81591796875,714.0,1.0000001192092896,0.9931091680413201,726.0728759765625,72.15115192248707,0.0007798168552836381,0.0007809446800427929,71400,168,0,17850,42,43.917151927948,8.416529741049523,0.16557054594159126
1.0,4748.761141096988,426,11.063640614000178,562.81591796875,714.0,1.0000001192092896,0.9999999034972418,260.6126403808594,48.83927429573877,0.0007786593704358501,0.0007797893213980182,71568,168,0,17892,42,35.21173968911171,7.890424152836204,0.1727996114641428
1.0,4759.840478872986,427,11.079337775998283,562.81591796875,714.0,1.0,0.9999999091738746,626.2566528320312,56.35370827856518,0.000777499716445415,0.000778631784799012,71736,168,0,17934,42,34.39985981583595,7.871134772918941,0.3565554851666093
1.0,4770.882886084986,428,11.042407212000398,562.81591796875,714.0,1.0000001192092896,0.9999999049164,488.1785888671875,57.770975169681364,0.0007763379023555476,0.000777472079272477,71904,168,0,17976,42,38.35665023326874,7.765058812241824,0.20843313448131084
1.0,4781.955711529987,429,11.07282544500049,562.81591796875,714.0,1.0000001192092896,0.9999999262037731,432.86627197265625,46.55856389091129,0.0007751739372263076,0.00077631021386203,72072,168,0,18018,42,31.18865543603897,7.30034171588098,0.31650422513484955
0.9761904761904762,4793.148359470986,430,11.19264794099945,562.81591796875,714.0,1.0,0.9919792002155667,538.4400634765625,79.25202497556096,0.000774007830134529,0.0007751461976281309,72240,168,0,18060,42,54.63716667145491,8.792537758171203,0.08169474359601736
1.0,4804.235970085985,431,11.087610614998994,562.81591796875,714.0,1.0,0.9999998935631343,498.6748352050781,61.708777203446346,0.0007728395901737491,0.000773980039648012,72408,168,0,18102,42,32.49815009534359,7.844274555865143,0.27323917858302593
1.0,4815.219750561984,432,10.983780475999083,562.81591796875,714.0,1.0000001192092896,0.9999999191079821,258.83050537109375,50.75363303933825,0.0007716692264541377,0.0007728117490156078,72576,168,0,18144,42,36.172420024871826,7.634613363981424,0.2944185007363558
1.0,4826.241126076984,433,11.021375514999818,562.81591796875,714.0,1.0,0.9999999034972418,563.4512329101562,58.81346939291273,0.000770496748102426,0.0007716413348414828,72744,168,0,18186,42,31.85741364955902,8.189511326119481,0.584358237683773
1.0,4837.277023411985,434,11.03589733500121,562.81591796875,714.0,1.0000001192092896,0.9999999262037731,548.71630859375,70.47909963698615,0.0007693221642618364,0.0007704688062527622,72912,168,0,18228,42,26.15564677864313,8.118263514424186,0.43175637163221836
1.0,4848.278973642988,435,11.00195023100241,562.81591796875,714.0,1.0000001192092896,0.9999999134313493,397.22308349609375,63.67466925723212,0.0007681454840920089,0.0007692941723930594,73080,168,0,18270,42,30.920058950781822,7.972514071989627,0.2821230608969927
1.0,4859.419032140988,436,11.140058498000144,562.81591796875,714.0,1.0000001192092896,0.9999999120121911,393.4787292480469,55.63175976844061,0.0007669667167689324,0.0007681174424224054,73248,168,0,18312,42,27.809452433139086,7.538638603629633,0.2754977457225323
1.0,4870.424457295987,437,11.005425154999102,562.81591796875,714.0,1.0,0.9999998935631343,247.8970947265625,52.24271376076199,0.0007657858714848707,0.0007669386255171764,73416,168,0,18354,42,30.922447634860873,7.575480999846366,0.24379749968647957
1.0,4881.4609122429865,438,11.036454946999584,562.81591796875,714.0,1.0000001192092896,0.9999999105930328,669.507568359375,66.52954269590832,0.0007646029574482928,0.0007657577308700238,73584,168,0,18396,42,32.22764475271106,8.204843705475685,0.35203927010297775
0.9761904761904762,4892.540630693988,439,11.0797184510011,562.81591796875,714.0,1.0000001192092896,0.9928812001432691,447.5722351074219,56.59527248711813,0.0007634179838838001,0.0007645747676898014,73752,168,0,18438,42,33.90482759103179,7.632040978032386,0.15533722937107086
1.0,4903.53560649799,440,10.994975804002024,562.81591796875,714.0,1.0,0.9999999077547164,338.9377136230469,57.420283763181594,0.0007622309600320547,0.0007633897452014935,73920,168,0,18480,42,33.786798467859626,7.788105329387777,0.19532356411218643
1.0,4914.567853158987,441,11.032246660997771,562.81591796875,714.0,1.0000001192092896,0.9999999191079821,666.4053955078125,62.54271854389282,0.0007610418951497065,0.0007622026726461433,74088,168,0,18522,42,26.974047422409058,7.853249940755112,0.42544080689549446
1.0,4925.679300368985,442,11.111447209998005,562.81591796875,714.0,1.0,0.9999999361378806,289.489501953125,58.64373566990807,0.0007598507985093225,0.0007610135592807815,74256,168,0,18564,42,31.841406017541885,7.878881163296422,0.862446241080761
1.0,4936.792591795987,443,11.113291427001968,562.81591796875,714.0,1.0,0.9999998935631343,418.7195739746094,57.386939253125874,0.0007586576793993138,0.0007598224143783527,74424,168,0,18606,42,41.918955117464066,7.8805833591281305,0.279633603990078
1.0,4947.818799046989,444,11.026207251001324,562.81591796875,714.0,1.0000001192092896,0.9999999148505074,404.27264404296875,55.83176993188404,0.0007574625471238626,0.0007586292472276441,74592,168,0,18648,42,29.30048803985119,7.680012475610489,0.3203439675271511
1.0,4958.813791711989,445,10.99499266500061,562.81591796875,714.0,1.0,0.9999999148505074,622.2064819335938,59.51008577573867,0.0007562654110028506,0.0007574340671332129,74760,168,0,18690,42,27.146612152457237,7.669391392242341,0.29676627833396196
1.0,4969.81358573899,446,10.999794027000462,562.81591796875,714.0,1.0000001192092896,0.9999999148505074,324.1448974609375,44.75444885094961,0.0007550662803717857,0.0007562368834153135,74928,168,0,18732,42,51.337493658065796,7.066886609641924,0.4186632204800844
1.0,4980.792677348989,447,10.97909160999916,562.81591796875,714.0,1.0,0.9999999049164,505.1595764160156,59.72251882439568,0.0007538651645817296,0.0007550377054098253,75096,168,0,18774,42,37.14582271873951,7.685411920416213,0.4271148331463337
1.0,4991.977469160989,448,11.184791812000185,562.81591796875,714.0,1.0000001192092896,0.9999999091738746,373.2479553222656,54.80147692986897,0.0007526620729992243,0.0007538365424681789,75264,168,0,18816,42,27.46600379794836,7.631328951345668,0.31923941522836685
0.9761904761904762,5002.975167936991,449,10.997698776001926,562.81591796875,714.0,1.0,0.9961378900777726,551.2359008789062,58.41317250189327,0.0007514570150062197,0.0007526334039572845,75432,168,0,18858,42,35.51008950546384,7.680459765185203,0.0698965284973383
1.0,5013.964891137992,450,10.989723201000743,562.81591796875,714.0,1.0,0.9999998978206089,426.4256591796875,61.84455128226961,0.0007502500000000002,0.0007514282992594577,75600,168,0,18900,42,31.11302910745144,8.016508511799787,0.25339062325656414
1.0,5025.0543616019895,451,11.089470463997714,562.81591796875,714.0,1.0,0.9999999077547164,253.55299377441406,52.275871941021514,0.0007490410373931111,0.0007502212377723471,75768,168,0,18942,42,36.482033267617226,7.822616179008037,0.39145590364933014
1.0,5036.059020694989,452,11.004659092999646,562.81591796875,714.0,1.0,0.9999999148505074,367.23931884765625,52.49153598717281,0.0007478301366132857,0.0007490122289088606,75936,168,0,18984,42,35.59320080280304,7.664531263589327,0.2961166240274906
1.0,5047.065679476989,453,11.006658782000159,562.81591796875,714.0,1.0000001192092896,0.9999999006589254,649.6541137695312,59.7547482081822,0.0007466173071033717,0.0007478012820970922,76104,168,0,19026,42,39.2796415053308,8.017746733989389,0.20636432617902756
1.0,5058.045393594988,454,10.97971411799881,562.81591796875,714.0,1.0,0.9999999105930328,533.0802612304688,65.66365161963871,0.0007454025583212571,0.0007465884067802484,76272,168,0,19068,42,33.772061843425035,7.764023080712096,0.28217656072229147
1.0,5069.152407810987,455,11.107014215998788,562.81591796875,714.0,1.0,0.9999998978206089,421.3133239746094,58.81983133440926,0.0007441858997397971,0.0007453736124165747,76440,168,0,19110,42,44.91281512379646,7.48800759882267,0.21524240542203188
1.0,5080.237356148988,456,11.084948338000686,562.81591796875,714.0,1.0,0.9999999120121911,967.0634765625,67.951157388233,0.0007429673408467395,0.0007441569084792812,76608,168,0,19152,42,35.82161509990692,7.856091766396449,0.21875667944550514
1.0,5091.271217315989,457,11.033861167001305,562.81591796875,714.0,1.0,0.9999998992397672,221.88870239257812,50.17761591502598,0.0007417468911446513,0.0007429383044564701,76776,168,0,19194,42,30.255438150838017,7.324922163815548,0.35021534375846386
1.0,5102.338693739988,458,11.067476423999324,562.81591796875,714.0,1.0000001192092896,0.9999999176888239,597.7845458984375,62.945108470462614,0.0007405245601508447,0.00074171780985106,76944,168,0,19236,42,29.389999479055405,7.821174418287618,0.16741866152733564
1.0,5113.401173135986,459,11.062479395997798,562.81591796875,714.0,1.0,0.9999999105930328,402.2633361816406,54.28240628469558,0.0007393003573973021,0.0007404954341807132,77112,168,0,19278,42,45.93075981736183,7.466708519252106,0.3543093912303448
1.0,5124.410510605987,460,11.0093374700009,562.81591796875,714.0,1.0000001192092896,0.9999999191079821,208.5629425048828,43.79323993410383,0.0007380742924306026,0.0007392711869777605,77280,168,0,19320,42,34.04958255216479,7.248969975459788,0.38321543112397194
1.0,5135.474395225989,461,11.063884620001772,562.81591796875,714.0,1.0000001192092896,0.9999999148505074,405.61065673828125,54.0213790223712,0.000736846374811847,0.0007380450777891277,77448,168,0,19362,42,31.350410878658295,7.418107037011179,0.3493984341621399
1.0,5146.676064752988,462,11.201669526999467,562.81591796875,714.0,1.0000001192092896,0.9999999049164,209.8810577392578,51.57534601574852,0.0007356166141165838,0.0007368171161762607,77616,168,0,19404,42,35.740106120705605,7.3045055738517215,0.21805767994374037
1.0,5157.7676989659885,463,11.091634213000361,562.81591796875,714.0,1.0000001192092896,0.9999999205271403,357.44879150390625,53.23006133238474,0.0007343850199347335,0.0007355873117150504,77784,168,0,19446,42,33.68866057321429,7.3717801697729595,0.38613603077828884
0.9761904761904762,5168.786616958987,464,11.018917992998468,562.81591796875,714.0,1.0000001192092896,0.9964890309742519,305.53509521484375,57.214707334836326,0.0007331516018705154,0.0007343556739957593,77952,168,0,19488,42,30.157301917672157,7.5592046874530965,0.10092285368591547
1.0,5179.872437069986,465,11.085820110998611,562.81591796875,714.0,1.0,0.9999999290420896,536.5235595703125,61.7703051453545,0.0007319163695423711,0.000733122212622946,78120,168,0,19530,42,28.243590369820595,7.615797744154753,0.37443774193525314
1.0,5190.9198467439855,466,11.047409673999937,562.81591796875,714.0,1.0,0.9999999134313493,551.421142578125,57.71761278311411,0.0007306793325828904,0.0007318869372153893,78288,168,0,19572,42,44.321572829037905,7.7364265398743255,0.4453752739354968
1.0,5201.958140915987,467,11.03829417200177,562.81591796875,714.0,1.0,0.9999999034972418,374.5645446777344,74.6884395650455,0.0007294405006387359,0.0007306498574060158,78456,168,0,19614,42,39.65539653412998,8.867194690963341,0.244911290705204
1.0,5213.126983329985,468,11.168842413997481,562.81591796875,714.0,1.0,0.9999999233654567,549.8728637695312,59.65204208237784,0.0007281998833705684,0.0007294109828418219,78624,168,0,19656,42,31.102644361555576,7.8500855491895765,0.8059278763830662
1.0,5224.378644541983,469,11.251661211997998,562.81591796875,714.0,1.0000001192092896,0.9999999006589254,407.0844421386719,55.79028466769627,0.0007269574904529701,0.0007281703231838005,78792,168,0,19698,42,24.749369889497757,7.25470337131992,0.18925355188548565
1.0,5235.853358615983,470,11.474714074000076,562.81591796875,714.0,1.0,0.9999999120121911,247.2566375732422,54.04453748748416,0.0007257133315743707,0.0007269278881068646,78960,168,0,19740,42,33.73700492084026,7.500724935128043,0.3123777052387595
1.0,5247.496941748985,471,11.643583133001812,562.81591796875,714.0,1.0000001192092896,0.9999999318804059,272.4820251464844,54.46244042260306,0.0007244674164369713,0.0007256836872997728,79128,168,0,19782,42,27.869012132287025,7.448913204905001,0.41025667171925306
1.0,5259.076505236986,472,11.57956348800144,562.81591796875,714.0,1.0,0.999999863760812,333.1092529296875,51.38141980625334,0.0007232197547566681,0.0007244377304650527,79296,168,0,19824,42,36.11795352399349,7.598894868445184,0.12650393694639206
1.0,5270.253449531989,473,11.176944295002613,562.81591796875,714.0,1.0,0.9999999191079821,307.13641357421875,53.00322577499208,0.0007219703562629773,0.0007231900273189261,79464,168,0,19866,42,30.71191685833037,7.520609954216828,0.1820367444306612
1.0,5281.407605569988,474,11.1541560379992,562.81591796875,714.0,1.0,0.9999999077547164,490.37677001953125,56.457682751473925,0.0007207192306989601,0.0007219405875912327,79632,168,0,19908,42,44.43267694115639,7.434789124787564,0.35060098581016064
1.0,5292.4497746069865,475,11.04216903699853,562.81591796875,714.0,1.0000001192092896,0.9999998822098687,642.99267578125,54.94026330255327,0.0007194663878211442,0.0007206894210253547,79800,168,0,19950,42,27.375383898615837,7.286356226186312,0.06298382394015789
1.0,5303.501026051988,476,11.05125144500198,562.81591796875,714.0,1.0,0.9999999134313493,264.4612121582031,58.24901304358528,0.0007182118373994505,0.00071943653737814,79968,168,0,19992,42,34.41429361701012,7.610498846397691,0.3724169172346592
1.0,5314.537978552988,477,11.036952500999178,562.81591796875,714.0,1.0,0.9999999063355582,414.6175537109375,55.245294434683665,0.0007169555892171151,0.0007181819464198272,80136,168,0,20034,42,26.205819692462683,7.35741952866582,0.34336445294320583
1.0,5325.55770225899,478,11.019723706001969,562.81591796875,714.0,1.0,0.9999999006589254,263.1986999511719,54.39804919844582,0.0007156976530706136,0.0007169256579339684,80304,168,0,20076,42,29.758683390915394,7.282362101843492,0.09470771439373493
1.0,5336.639364392991,479,11.081662134001817,562.81591796875,714.0,1.0000001192092896,0.9999999077547164,282.87115478515625,54.60599874030976,0.0007144380387695847,0.0007156676817173537,80472,168,0,20118,42,31.49122354388237,7.2310044466340475,0.15203616954386234
0.9761904761904762,5347.752678596989,480,11.113314203998016,562.81591796875,714.0,1.0000001192092896,0.9921061382407234,401.5841064453125,58.55926631603922,0.0007131767561367538,0.0007144080275799344,80640,168,0,20160,42,32.60605609416962,7.4387466062436856,0.05879632476717234
1.0,5358.780739893988,481,11.028061296998203,562.81591796875,714.0,1.0000001192092896,0.9999999432336717,438.02587890625,62.35165360995701,0.0007119138150078566,0.0007131467053447464,80808,168,0,20202,42,36.528976963832974,7.7295734129313916,0.5361656099557877
1.0,5369.843039513988,482,11.062299619999976,562.81591796875,714.0,1.0000001192092896,0.9999999347187224,601.4957275390625,58.255303263664246,0.0007106492252315611,0.0007118837248478338,80976,168,0,20244,42,29.846038529649377,7.497413731756664,0.20747055672109127
1.0,5380.860402160986,483,11.017362646998663,562.81591796875,714.0,1.0,0.9999999148505074,516.6174926757812,55.02546260754267,0.0007093829966693926,0.0007106190959381723,81144,168,0,20286,42,29.4238224029541,7.32675211852239,0.23661773186177015
1.0,5391.945936064989,484,11.08553390400266,562.81591796875,714.0,1.0000001192092896,0.9999999162696657,558.5357666015625,55.11708223819733,0.0007081151391956562,0.0007093528284775924,81312,168,0,20328,42,27.987999469041824,7.259675555818138,0.32202780432999134
1.0,5403.056464018991,485,11.110527954002464,562.81591796875,714.0,1.0,0.9999999091738746,305.92242431640625,53.22619230406625,0.0007068456626973588,0.0007080849323407018,81480,168,0,20370,42,29.087978713214397,7.292336517501445,0.31275900825858116
1.0,5414.0868852229905,486,11.03042120399914,562.81591796875,714.0,1.0,0.9999998893056598,507.70947265625,69.70842962321781,0.000705574577074133,0.0007068154174148093,81648,168,0,20412,42,30.09438430517912,7.763740071405967,0.18009901605546474
1.0,5425.1777569629885,487,11.090871739997965,562.81591796875,714.0,1.0000001192092896,0.9999999191079821,328.1736755371094,47.85326625619616,0.0007043018922381603,0.0007055442935998475,81816,168,0,20454,42,48.3429388999939,7.11020117951557,0.3250689022243023
0.9761904761904762,5436.261557164988,488,11.08380020199911,562.81591796875,714.0,1.0000001192092896,0.9992453697181883,471.974365234375,51.54578407037826,0.0007030276181140922,0.0007042715708082951,81984,168,0,20496,42,28.784690264612436,7.242986267831709,0.09334541577845812
1.0,5447.280605725988,489,11.01904856100009,562.81591796875,714.0,1.0,0.9999999205271403,287.38671875,51.89037375790732,0.0007017517646389747,0.0007029972589651001,82152,168,0,20538,42,25.316246569156647,7.071575988838005,0.346014566719532
1.0,5458.327498453986,490,11.046892727998056,562.81591796875,714.0,1.0,0.9999998836290269,360.1207275390625,51.94039555390676,0.0007004743417621693,0.0007017213680076024,82320,168,0,20580,42,30.053635828197002,7.0174204972572625,0.2314360188320279
1.0,5469.406616137985,491,11.079117683999357,562.81591796875,714.0,1.0,0.9999999290420896,385.2081298828125,55.900169542857576,0.0006991953594452761,0.0007004439078854556,82488,168,0,20622,42,24.856900475919247,7.318633838689753,0.3478294564411044
1.0,5480.502519739985,492,11.095903601999453,562.81591796875,714.0,1.0,0.9999999120121911,346.902099609375,51.01243476072947,0.0006979148276620562,0.0006991648885605508,82656,168,0,20664,42,28.558685049414635,6.98479256266728,0.3782222978770733
1.0,5491.5274819009865,493,11.024962161001895,562.81591796875,714.0,1.0,0.999999924784615,497.0256042480469,62.3145261832646,0.0006966327563983538,0.0006978843200069375,82824,168,0,20706,42,40.9020779132843,7.43031572865411,0.35495173186063766
1.0,5502.551295543988,494,11.023813643001631,562.81591796875,714.0,1.0,0.9999999191079821,624.0017700195312,58.680728191421146,0.000695349155652018,0.0006966022122107463,82992,168,0,20748,42,31.87182480096817,7.306381142343438,0.2612000498920679
1.0,5513.99285636899,495,11.441560825001943,562.81591796875,714.0,1.0000001192092896,0.9999999318804059,276.7217712402344,50.881771666663035,0.0006940640354328255,0.0006953185751701115,83160,168,0,20790,42,35.78838440775871,7.032600395758415,0.6114783529192209
1.0,5525.5464218569905,496,11.553565488000459,562.81591796875,714.0,1.0000001192092896,0.9999999318804059,319.913330078125,51.48181592850458,0.0006927774057624018,0.0006940334188950926,83328,168,0,20832,42,33.13062971830368,7.023023410899831,1.0033797398209572
0.9761904761904762,5537.034684609989,497,11.488262752998708,562.81591796875,714.0,1.0,0.9922180530570802,369.8856201171875,57.121254759175436,0.0006914892766741433,0.0006927467534075963,83496,168,0,20874,42,26.433152422308922,7.425124456462938,0.065025276504457
1.0,5548.178802828988,498,11.14411821899921,562.81591796875,714.0,1.0000001192092896,0.9999999219462985,983.5525512695312,71.50387591691245,0.0006901996582131398,0.0006914585887412988,83664,168,0,20916,42,48.6792722735554,7.980373226571828,0.21057099848985672
1.0,5559.186210678989,499,11.007407850000163,562.81591796875,714.0,1.0000001192092896,0.9999999347187224,450.0264892578125,55.806910878136044,0.0006889085604360948,0.0006901689349415666,83832,168,0,20958,42,26.170977951958776,7.0487940777314915,0.38141649309545755
1.0,5570.2325163649875,500,11.04630568599896,562.81591796875,714.0,1.0000001192092896,0.9999999049164,221.06752014160156,50.804556276117054,0.0006876159934112483,0.0006888778020653793,84000,168,0,21000,42,34.78038849681616,6.992861225358432,0.2492151204496622
0.9761904761904762,5581.285118662985,501,11.05260229799751,562.81591796875,714.0,1.0,0.9989143794491178,201.9269561767578,47.06056039957773,0.0006863219672182974,0.0006875852001812504,84168,168,0,21042,42,31.677637588232756,6.946822186577178,0.10484576039016247
1.0,5592.3269732369845,502,11.041854573999444,562.81591796875,714.0,1.0,0.9999999276229313,358.708984375,60.00098986852737,0.0006850264919483184,0.000686291139369149,84336,168,0,21084,42,37.80767493695021,7.247543792395542,0.5851655304431915
1.0,5603.315351341982,503,10.988378104997537,562.81591796875,714.0,1.0000001192092896,0.9999999290420896,709.9195556640625,68.31105245295025,0.0006837295777036878,0.0006849956297204214,84504,168,0,21126,42,28.22275147587061,7.433099027301761,0.2835960704833269
1.0,5614.479238959979,504,11.163887617996807,562.81591796875,714.0,1.0,0.9999999262037731,519.2625732421875,61.88860237598419,0.0006824312345980033,0.0006836986813377117,84672,168,0,21168,42,34.03431325405836,7.278307826147371,0.41964155063033104
1.0,5625.41834422098,505,10.939105261000805,562.81591796875,714.0,1.0000001192092896,0.9999999176888239,441.5386047363281,61.44447527612959,0.0006811314727560051,0.0006824003043348844,84840,168,0,21210,42,32.962512739002705,7.183591177620526,0.29530402086675167
0.9761904761904762,5636.491678195976,506,11.073333974996785,562.81591796875,714.0,1.0,0.9997051443372454,260.0479736328125,57.91324214424406,0.0006798303023134976,0.000681100508836944,85008,168,0,21252,42,26.391164861619473,7.551502932461777,0.14673459064215422
1.0,5647.687705155979,507,11.1960269600022,562.81591796875,714.0,1.0000001192092896,0.9999999304612478,525.0538940429688,63.121719082196556,0.0006785277334172688,0.0006797993049799566,85176,168,0,21294,42,25.280002161860466,7.568255548808901,0.5790064707398415
1.0,5659.26838946898,508,11.580684313001257,562.81591796875,714.0,1.0,0.9999999105930328,279.1331787109375,48.50006681964511,0.0006772237762250129,0.0006784967029109716,85344,168,0,21336,42,30.519063472747803,6.912526443622829,0.42281001806259155
1.0,5670.943034578977,509,11.674645109997073,562.81591796875,714.0,1.0,0.9999999120121911,339.12957763671875,46.71729573749361,0.0006759184409052499,0.0006771927127879417,85512,168,0,21378,42,26.82329606078565,6.8192511716901905,0.2362152887508273
1.0,5682.424417913979,510,11.481383335001738,562.81591796875,714.0,1.0,0.9999999262037731,338.71044921875,48.20474722271874,0.0006746117376372468,0.0006758873447796437,85680,168,0,21420,42,25.723511908203363,6.890944154667003,0.359974792227149
1.0,5693.97929827798,511,11.554880364001292,562.81591796875,714.0,1.0000001192092896,0.999999924784615,626.0241088867188,59.714862119583856,0.0006733036766109383,0.0006745806090655992,85848,168,0,21462,42,29.375728249549866,7.320901156647042,0.3074939623475075
1.0,5705.606798516983,512,11.627500239002984,562.81591796875,714.0,1.0000001192092896,0.9999998907248179,542.8655395507812,59.71306771891458,0.0006719942680268469,0.0006732725158359961,86016,168,0,21504,42,28.87658780813217,7.22825346230751,0.17662372440099716
0.9761904761904762,5717.040027065985,513,11.433228549001797,562.81591796875,714.0,1.0,0.9962701059523082,325.75390625,52.50826331689244,0.0006706835220960041,0.0006719630752916085,86184,168,0,21546,42,29.629519168287516,6.93599956070206,0.062109583988785744
1.0,5728.353908853987,514,11.313881788002618,562.81591796875,714.0,1.0000001192092896,0.9999998864673433,325.3570556640625,53.75390848659334,0.0006693714490398694,0.0006706522976437163,86352,168,0,21588,42,25.48222181200981,7.207203544831525,0.11686704121530056
1.0,5739.767629318987,515,11.413720464999642,562.81591796875,714.0,1.0,0.9999999049164,424.3407897949219,56.493752201398216,0.0006680580590902526,0.000669340193114027,86520,168,0,21630,42,30.378948360681534,7.147127827718144,0.19322709273546934
1.0,5751.111484757985,516,11.343855438997707,562.81591796875,714.0,1.0,0.9999999205271403,523.0324096679688,61.70401082152412,0.0006667433624892319,0.0006680267719345954,86688,168,0,21672,42,36.95306824892759,7.217340853397867,0.5961253494024277
1.0,5762.455489203985,517,11.344004446000326,562.81591796875,714.0,1.0000001192092896,0.9999999162696657,533.5144653320312,58.33119142623175,0.0006654273694890758,0.0006667120443477437,86856,168,0,21714,42,35.28973910957575,7.0296923990937925,0.15368421655148268
0.9761904761904762,5773.753520868984,518,11.298031664999144,562.81591796875,714.0,1.0,0.9981256127357483,359.60498046875,51.38577216295969,0.0006641100903521621,0.0006653960206059815,87024,168,0,21756,42,40.02673989534378,6.970180463755415,0.08908273838460445
1.0,5785.089912095984,519,11.336391226999694,562.81591796875,714.0,1.0,0.9999999233654567,210.6158447265625,48.02732591969626,0.0006627915353508981,0.0006640787109719268,87192,168,0,21798,42,25.118583291769028,6.780533760453442,0.32882431894540787
1.0,5796.404058918983,520,11.314146822998737,562.81591796875,714.0,1.0000001192092896,0.9999999134313493,370.0752868652344,56.04975802557809,0.0006614717147676404,0.0006627601257182242,87360,168,0,21840,42,20.523409612476826,6.914593783384633,0.2314789742231369
1.0,5807.777574909982,521,11.373515990999294,562.81591796875,714.0,1.0,0.9999999077547164,603.6490478515625,59.88163898104713,0.000660150638894615,0.0006614402751274667,87528,168,0,21882,42,39.24488008022308,7.171876014210284,0.1430364027619362
0.9761904761904762,5819.098104324981,522,11.320529414999328,562.81591796875,714.0,1.0,0.9964713936760312,499.4463806152344,49.37051817632857,0.0006588283180338374,0.0006601191694921143,87696,168,0,21924,42,34.984787575900555,6.91948252206757,0.1442100591957569
1.0,5830.429680838981,523,11.331576513999607,562.81591796875,714.0,1.0,0.9999998907248179,373.8583984375,53.19023507549649,0.0006575047624970307,0.0006587968191144141,87864,168,0,21966,42,44.325183391571045,6.911279107599209,0.32190220057964325
1.0,5841.73004632298,524,11.300365483999485,562.81591796875,714.0,1.0000001192092896,0.9999999304612478,754.342041015625,69.00883563927242,0.000656179982605547,0.0006574732343063198,88032,168,0,22008,42,40.488485001027584,7.406671504512252,0.13737070374190807
1.0,5853.0413833169805,525,11.311336994000158,562.81591796875,714.0,1.0,0.9999999034972418,687.3099975585938,67.54359247287114,0.0006548539886902864,0.000656148425389412,88200,168,0,22050,42,52.100258588790894,7.490044500057896,0.25285595562309027
1.0,5864.37090225198,526,11.329518934999214,562.81591796875,714.0,1.0,0.9999999162696657,192.7193145751953,51.572129294985814,0.0006535267910916153,0.0006548224026948164,88368,168,0,22092,42,30.93977488204837,6.952444594575181,0.18002167250961065
1.0,5875.749339808979,527,11.378437556999415,562.81591796875,714.0,1.0000001192092896,0.9999999020780835,359.38018798828125,51.40745900642304,0.0006521984001592875,0.0006534951765631244,88536,168,0,22134,42,35.13044757582247,7.095602837213803,0.2269040197134018
1.0,5887.1116497759795,528,11.362309967000328,562.81591796875,714.0,1.0,0.9999999162696657,262.7584228515625,48.02045274348486,0.0006508688262523624,0.0006521667573443122,88704,168,0,22176,42,26.503422737121582,6.93835870356166,0.19252394698560238
1.0,5898.3229440039795,529,11.211294228000042,562.81591796875,714.0,1.0,0.9999999205271403,448.2966613769531,58.69378014973232,0.0006495380797391241,0.0006508371553976594,88872,168,0,22218,42,35.6818086579442,7.241237046707067,0.3629733473062515
1.0,5909.627356973979,530,11.304412969999248,562.81591796875,714.0,1.0,0.9999998864673433,272.3258972167969,50.78866270894096,0.0006482061709970014,0.0006495063810916694,89040,168,0,22260,42,23.114655561745167,7.1035048572479615,0.1371819321066141
1.0,5920.858023071978,531,11.230666097999347,562.81591796875,714.0,1.0000001192092896,0.9999999304612478,318.5901184082031,62.438640117645264,0.0006468731104124862,0.0006481744448039873,89208,168,0,22302,42,22.537681315094233,7.318392045840266,0.40793456695973873
1.0,5932.174584132976,532,11.316561060997628,562.81591796875,714.0,1.0000001192092896,0.9999998864673433,342.7778015136719,52.97804645413444,0.000645538908381053,0.0006468413569213202,89376,168,0,22344,42,38.209907591342926,7.130428611433932,0.10995499137789011
1.0,5943.696739971976,533,11.522155839000334,562.81591796875,714.0,1.0000001192092896,0.9999999290420896,622.8988037109375,58.27041177522568,0.0006442035753070767,0.0006455071278393547,89544,168,0,22386,42,26.872589498758316,7.039822006065931,0.4809076115489006
1.0,5955.079655901976,534,11.382915930000308,562.81591796875,714.0,1.0000001192092896,0.9999998566650209,347.0754699707031,61.99156090475264,0.0006428671216037532,0.0006441717679626774,89712,168,0,22428,42,33.398717164993286,7.119825449639133,0.16664618160575628
1.0,5966.461534267979,535,11.381878366002638,562.81591796875,714.0,1.0,0.9999999120121911,279.6158447265625,46.34530742963155,0.0006415295576930169,0.0006428352877046931,89880,168,0,22470,42,26.285886824131012,6.8084215757304,0.6940454356372356
1.0,5977.760124770979,536,11.298590503000014,562.81591796875,714.0,1.0000001192092896,0.9999999105930328,409.0739440917969,51.82432778108688,0.0006401908940054598,0.0006414976974875432,90048,168,0,22512,42,26.40996789932251,6.8750177178354495,0.15551525820046663
1.0,5989.0452260439815,537,11.28510127300251,562.81591796875,714.0,1.0,0.9999998921439761,399.5423278808594,46.9814930274373,0.0006388511409802504,0.0006401590077420246,90216,168,0,22554,42,24.809686481952667,6.61749673703508,0.23584316112101078
1.0,6000.3869502529815,538,11.341724208999949,562.81591796875,714.0,1.0000001192092896,0.9999999077547164,405.4036560058594,55.3913452000845,0.0006375103090650519,0.0006388192289075092,90384,168,0,22596,42,28.1630756855011,6.808934788108759,0.48247659765183926
1.0,6011.773082826981,539,11.38613257399993,562.81591796875,714.0,1.0,0.9999999219462985,323.2619934082031,48.22919387476785,0.0006361684087159405,0.0006374783714318613,90552,168,0,22638,42,27.446209160611033,6.65493783226148,0.4342144802212715
1.0,6023.094007304979,540,11.320924477997323,562.81591796875,714.0,1.0,0.9999999077547164,992.2775268554688,66.23118769838696,0.0006348254503973253,0.0006361364457713569,90720,168,0,22680,42,39.69356828182936,7.370178383930276,0.34367599058896303
1.0,6034.376832311977,541,11.282825006997882,562.81591796875,714.0,1.0000001192092896,0.9999998992397672,242.68701171875,44.963688881624314,0.0006334814445818648,0.000634793462390602,90888,168,0,22722,42,26.963415920734406,6.597957267935964,0.1823242213577032
1.0,6045.598646126975,542,11.221813814998313,562.81591796875,714.0,1.0,0.9999998978206089,518.608154296875,55.99838169983455,0.0006321364017503862,0.0006334494317624505,91056,168,0,22764,42,32.91028451919556,6.858929743391594,0.2953849323093891
1.0,6056.901776833976,543,11.3031307070014,562.81591796875,714.0,1.0000001192092896,0.9999999063355582,374.60302734375,52.302559821378615,0.0006307903323918036,0.0006321043643679234,91224,168,0,22806,42,28.318352103233337,6.683738615918195,0.2396517274901271
1.0,6068.158186527973,544,11.25640969399683,562.81591796875,714.0,1.0,0.9999999049164,339.4692077636719,52.83169011274973,0.0006294432470030366,0.0006307582706961266,91392,168,0,22848,42,26.83809620514512,6.7747331782066755,0.30533005855977535
1.0,6079.538708349974,545,11.380521822000446,562.81591796875,714.0,1.0000001192092896,0.9999999105930328,285.6544189453125,67.21482794057755,0.0006280951560889274,0.0006294111612441687,91560,168,0,22890,42,34.410823836922646,7.286751657147848,0.2833638973534107
1.0,6090.898711360973,546,11.360003010999208,562.81591796875,714.0,1.0000001192092896,0.9999998765332359,509.3545227050781,58.988887182303834,0.00062674607016216,0.0006280630465170798,91728,168,0,22932,42,37.4992710351944,6.9382088076589365,0.20127417892217636
1.0,6102.218856858974,547,11.320145498000784,562.81591796875,714.0,1.0,0.9999999162696657,525.6911010742188,59.79615720113119,0.0006253959997431772,0.0006267139370277295,91896,168,0,22974,42,34.88910078443587,7.165917319445206,0.2378031499683857
1.0,6113.366657015973,548,11.147800156999438,562.81591796875,714.0,1.0,0.9999999205271403,320.2987365722656,56.97485310974575,0.0006240449553600995,0.0006253638432967445,92064,168,0,23016,42,37.46932078152895,6.81934915192514,0.20442818943411112
1.0,6124.492468630971,549,11.125811614998383,562.81591796875,714.0,1.0,0.9999998949822926,200.61155700683594,52.34382597321556,0.0006226929475486423,0.000624012775852427,92232,168,0,23058,42,22.632811538875103,6.7264131906974525,0.17415787745267153
1.0,6135.52375224997,550,11.031283618998714,562.81591796875,714.0,1.0,0.9999999006589254,370.380126953125,67.20579006558373,0.0006213399868520341,0.0006226607452306722,92400,168,0,23100,42,30.97496807575226,7.182945917493531,0.263411751948297
1.0,6146.56468271097,551,11.040930461000244,562.81591796875,714.0,1.0,0.9999999049164,491.0821838378906,58.79188577901749,0.0006199860838209343,0.0006213077619748868,92568,168,0,23142,42,31.60577394068241,7.195306477203433,0.3473377451300621
1.0,6157.627645829969,552,11.062963118998596,562.81591796875,714.0,1.0000001192092896,0.9999999077547164,492.6014099121094,57.67853634981882,0.0006186312490133506,0.0006199538366359056,92736,168,0,23184,42,27.478127473965287,7.031756599832859,0.18791980668902397
0.9761904761904762,6168.559612591969,553,10.93196676200023,562.81591796875,714.0,1.0,0.9990216394265493,287.8128356933594,50.13899425381706,0.000617275492994557,0.0006185989797719107,92904,168,0,23226,42,28.612195819616318,6.703596369075101,0.07440525200217962
1.0,6179.51117480997,554,10.951562218000618,562.81591796875,714.0,1.0,0.9999999020780835,215.9462890625,49.241745784169154,0.0006159188263370114,0.0006172432019483479,93072,168,0,23268,42,25.3178568482399,6.671791931747326,0.2636450231075287
1.0,6190.592796187968,555,11.08162137799809,562.81591796875,714.0,1.0,0.9999999262037731,338.03125,66.42323570024399,0.0006145612596202727,0.000615886513737845,93240,168,0,23310,42,25.714261438697577,7.1358113352298025,0.42311382852494717
1.0,6201.63022438097,556,11.037428193001688,562.81591796875,714.0,1.0,0.9999998836290269,496.896484375,73.22303578399476,0.0006132028034309189,0.0006145289257201293,93408,168,0,23352,42,28.60994638875127,7.5239909757150425,0.11213880963623524
0.9761904761904762,6212.637857062971,557,11.007632682001713,562.81591796875,714.0,1.0,0.9962763062545231,201.75430297851562,50.40074769372032,0.0006118434683624646,0.0006131704484819448,93576,168,0,23394,42,30.080613158643246,6.75589001227525,0.20560747291892767
1.0,6223.74919131197,558,11.1113342489989,562.81591796875,714.0,1.0000001192092896,0.9999999034972418,237.10009765625,45.52791332063221,0.0006104832650152772,0.00061181109261697,93744,168,0,23436,42,42.84506067633629,6.583302226383239,0.32670387625694275
1.0,6234.8277643479705,559,11.078573036000307,562.81591796875,714.0,1.0000001192092896,0.9999998822098687,261.0847473144531,40.98971614099684,0.000609122203996496,0.0006104508687257347,93912,168,0,23478,42,26.62497118115425,6.461075891651923,0.23965544439852238
1.0,6245.891002567969,560,11.063238219998311,562.81591796875,714.0,1.0000001192092896,0.9999998907248179,351.4627990722656,53.4480938230242,0.0006077602959199482,0.0006090897874155385,94080,168,0,23520,42,30.273993350565434,6.677838241371016,0.23842165991663933
1.0,6256.869437090969,561,10.978434523000033,562.81591796875,714.0,1.0,0.9999999191079821,228.00338745117188,46.73335544835953,0.0006063975514060665,0.0006077278593003666,94248,168,0,23562,42,25.022980615496635,6.599677846057429,0.5931624453514814
1.0,6267.8660353419655,562,10.996598250996612,562.81591796875,714.0,1.0000001192092896,0.9999999290420896,643.721923828125,56.11335534708841,0.0006050339810818061,0.0006063650950008081,94416,168,0,23604,42,27.932700611650944,6.760374336946933,0.2809772090986371
1.0,6278.865726769964,563,10.999691427998187,562.81591796875,714.0,1.0,0.9999999020780835,482.67352294921875,63.573844344843,0.0006036695955805628,0.0006050015051439727,94584,168,0,23646,42,30.720118708908558,7.011326166446365,0.23259356897324324
1.0,6289.9775092119635,564,11.111782441999821,562.81591796875,714.0,1.0,0.9999999162696657,317.16790771484375,53.8285528251103,0.0006023044055420886,0.000603637100363408,94752,168,0,23688,42,24.456438682973385,6.693270347191996,0.3161510657519102
1.0,6301.063320668964,565,11.08581145700009,562.81591796875,714.0,1.0,0.9999998907248179,711.1525268554688,60.790608570689244,0.0006009384216124095,0.0006022718912990166,94920,168,0,23730,42,25.106157511472702,7.044496108578252,0.21324233151972294
1.0,6312.083089703963,566,11.019769034999626,562.81591796875,714.0,1.0000001192092896,0.9999999162696657,745.512939453125,60.82260198252542,0.0005995716544437427,0.000600905888596973,95088,168,0,23772,42,36.368875719606876,6.741952668919804,0.12866278551518917
1.0,6323.045220215961,567,10.962130511998112,562.81591796875,714.0,1.0000001192092896,0.9999999148505074,523.4296264648438,52.719496023087274,0.0005982041146944132,0.0005995391029096409,95256,168,0,23814,42,25.07710414379835,6.559552044031166,0.27891529630869627
1.0,6334.035769548962,568,10.990549333000672,562.81591796875,714.0,1.0,0.9999999091738746,249.28147888183594,57.36663067340851,0.0005968358130287705,0.0005981715448954893,95424,168,0,23856,42,39.254655331373215,6.70741373109853,0.14800947066396475
1.0,6345.031646354964,569,10.995876806002343,562.81591796875,714.0,1.0,0.9999998878865015,364.32867431640625,61.83872245039259,0.0005954667601171062,0.0005968032252190105,95592,168,0,23898,42,28.08463262207806,6.93330159541663,0.12269037961959839
1.0,6356.0969590169625,570,11.065312661998178,562.81591796875,714.0,1.0,0.9999999063355582,350.3743591308594,50.62535413106283,0.0005940969666355697,0.000595434154550636,95760,168,0,23940,42,35.95148527622223,6.464635777797195,0.3061679005622864
1.0,6367.178959829966,571,11.082000813003106,562.81591796875,714.0,1.0,0.999999877952394,455.429443359375,50.385184029738106,0.0005927264432660855,0.0005940643435666541,95928,168,0,23982,42,24.562318310141563,6.557053054283772,0.17900410667061806
1.0,6378.195168188966,572,11.016208359000302,562.81591796875,714.0,1.0,0.999999924784615,272.2917785644531,46.19543298653194,0.0005913552006962704,0.0005926938029491261,96096,168,0,24024,42,37.257838636636734,6.43339785461181,0.4174914686009288
1.0,6389.179375073967,573,10.984206885001186,562.81591796875,714.0,1.0000001192092896,0.9999999304612478,638.7144775390625,53.214112281799316,0.0005899832496193495,0.0005913225433858029,96264,168,0,24066,42,25.315582618117332,6.66984040196985,0.321046294644475
1.0,6400.165429469966,574,10.986054395998508,562.81591796875,714.0,1.0000001192092896,0.9999999006589254,337.1451721191406,51.450286939030605,0.0005886106007340727,0.0005899505755700419,96432,168,0,24108,42,25.21077398955822,6.528010251000524,0.24631188064813614
1.0,6411.153161211965,575,10.987731741999596,562.81591796875,714.0,1.0,0.9999999219462985,482.2315979003906,55.86962668668656,0.0005872372647446319,0.000588577910200724,96600,168,0,24150,42,31.00609540939331,6.558116718949306,0.27570219803601503
1.0,6422.224850569968,576,11.071689358002914,562.81591796875,714.0,1.0000001192092896,0.9999999020780835,540.1862182617188,67.74331565414157,0.0005858632523605768,0.0005872045579821694,96768,168,0,24192,42,34.13988342881203,7.3372266703240925,0.15503035113215446
1.0,6433.34742667797,577,11.12257610800225,562.81591796875,714.0,1.0,0.9999998978206089,358.775390625,59.98214058081309,0.0005844885742967322,0.0005858305296240544,96936,168,0,24234,42,35.43466887623072,6.950060446901868,0.23509967233985662
1.0,6444.4531337769695,578,11.105707098999119,562.81591796875,714.0,1.0,0.9999998964014507,277.4336242675781,52.501596354302905,0.0005831132412731136,0.0005844558358413283,97104,168,0,24276,42,36.14775032736361,6.7195901919732846,0.2689504846930504
1.0,6455.435815431971,579,10.982681655001215,562.81591796875,714.0,1.0,0.9999999049164,176.18019104003906,49.446734871183125,0.0005817372640148445,0.0005830804873541294,97272,168,0,24318,42,21.91496716439724,6.401882723971669,0.30138220079243183
1.0,6466.460113275971,580,11.024297844000102,562.81591796875,714.0,1.0,0.9999998907248179,385.3054504394531,48.28465750103905,0.0005803606532520716,0.0005817044948877015,97440,168,0,24360,42,28.33192613720894,6.387456257539314,0.17875835672020912
1.0,6477.444163026972,581,10.984049751001294,562.81591796875,714.0,1.0,0.9999998822098687,276.36444091796875,54.60730179718563,0.0005789834197198824,0.0005803278691723101,97608,168,0,24402,42,32.54934887960553,6.922267010435462,0.1950724683701992
1.0,6488.439647969975,582,10.995484943003248,562.81591796875,714.0,1.0,0.9999999176888239,390.69573974609375,50.120008644603544,0.0005776055741582206,0.0005789506209431593,97776,168,0,24444,42,22.468710171058774,6.601001492967563,0.22565007768571377
1.0,6499.395021500975,583,10.955373531000077,562.81591796875,714.0,1.0000001192092896,0.9999999105930328,258.6457824707031,45.03738224506378,0.0005762271273118026,0.0005775727609403072,97944,168,0,24486,42,21.467046605423093,6.320382975795794,0.2296254113316536
1.0,6510.563145049975,584,11.168123548999574,562.81591796875,714.0,1.0000001192092896,0.9999999020780835,416.7609558105469,55.518099864323936,0.0005748480899300337,0.000576194299908583,98112,168,0,24528,42,27.433119125664234,6.779484016576871,0.1368691259995103
1.0,6521.5188477779775,585,10.955702728002507,562.81591796875,714.0,1.0,0.9999998765332359,456.91717529296875,55.628241925012496,0.0005734684727669247,0.0005748152485975027,98280,168,0,24570,42,22.3842316493392,6.578203285112977,0.19608366675674915
1.0,6532.486887682975,586,10.968039904997568,562.81591796875,714.0,1.0,0.9999998793715522,428.1234130859375,57.90552828425453,0.0005720882865810073,0.0005734356177611856,98448,168,0,24612,42,34.68711368739605,6.646312847290011,0.19782165251672268
1.0,6543.502678325975,587,11.015790642999491,562.81591796875,714.0,1.0,0.9999999233654567,488.994873046875,55.4050437155224,0.0005707075421352503,0.0005720554181582699,98616,168,0,24654,42,41.082487324252725,6.723499489083354,0.5658468082547188
1.0,6554.523280006975,588,11.020601681000699,562.81591796875,714.0,1.0,0.9999999276229313,482.22210693359375,54.45783448219299,0.0005693262501969767,0.0005706746605518293,98784,168,0,24696,42,20.829337932169437,6.508144050725692,0.4987049186602235
1.0,6565.4705095289755,589,10.94722952200027,562.81591796875,714.0,1.0000001192092896,0.9999998964014507,486.51092529296875,60.62344893671217,0.0005679444215377784,0.0005692933557092894,98952,168,0,24738,42,39.054409459233284,6.8733752412898905,0.1758194975554943
1.0,6576.673659639975,590,11.203150110999559,562.81591796875,714.0,1.0000001192092896,0.9999998864673433,782.6038208007812,69.75681907506217,0.0005665620669334328,0.0005679115144023423,99120,168,0,24780,42,25.636005222797394,7.215247727309664,0.10189957544207573
0.9761904761904762,6587.682599509975,591,11.008939870000177,562.81591796875,714.0,1.0000001192092896,0.9978630301498231,435.6492919921875,54.91711214468593,0.0005651791971638185,0.0005665291474068644,99288,168,0,24822,42,32.58180022239685,6.63399773255168,0.14385606162250042
1.0,6598.6829233759745,592,11.000323865999235,562.81591796875,714.0,1.0000001192092896,0.9999998822098687,462.8006896972656,51.810655168124605,0.0005637958230128324,0.0005651462655028312,99456,168,0,24864,42,27.649251515045762,6.6705044987833215,0.11746258474886417
1.0,6609.626795042976,593,10.943871667001076,562.81591796875,714.0,1.0,0.9999999091738746,321.863525390625,47.9032971291315,0.0005624119552683034,0.0005637628794742336,99624,168,0,24906,42,33.30135212279856,6.404373386830446,0.17543849162757397
1.0,6620.685877882977,594,11.059082840001793,562.81591796875,714.0,1.0000001192092896,0.9999999020780835,344.837158203125,44.300840806393396,0.0005610276047219105,0.0005623790001089935,99792,168,0,24948,42,32.06608811020851,6.459286982947517,0.16821493301540613
1.0,6631.679456184978,595,10.99357830200097,562.81591796875,714.0,1.0000001192092896,0.9999999134313493,361.0677185058594,49.31250603426071,0.0005596427821690975,0.0005609946381988806,99960,168,0,24990,42,40.00102925300598,6.405886524179507,0.14881491754204035
1.0,6642.790424921979,596,11.110968737000803,562.81591796875,714.0,1.0,0.9999999105930328,420.1587219238281,50.146764374914625,0.0005582574984089883,0.0005596098045394268,100128,168,0,25032,42,37.54116344451904,6.381785230334138,0.22408410627394915
1.0,6653.771885872979,597,10.981460950999463,562.81591796875,714.0,1.0,0.9999999006589254,835.832275390625,65.8767546954609,0.0005568717642443041,0.0005582245099298432,100296,168,0,25074,42,31.5936523899436,6.911340264891762,0.22485916130244732
1.0,6664.76869041998,598,10.996804547001375,562.81591796875,714.0,1.0,0.9999998964014507,300.0696105957031,60.759612126009806,0.0005554855904812788,0.0005568387651729357,100464,168,0,25116,42,31.085065603256226,6.731083112458388,0.18660952430218458
1.0,6675.778314560979,599,11.009624140999222,562.81591796875,714.0,1.0,0.9999999120121911,754.1087646484375,57.70393038931347,0.0005540989879295733,0.0005554525810750201,100632,168,0,25158,42,33.41983053088188,6.581751891034877,0.2690651901066303
1.0,6686.763512805977,600,10.985198244998173,562.81591796875,714.0,1.0,0.9999999034972418,489.4833679199219,61.137932990278514,0.000552711967402193,0.0005540659684458383,100800,168,0,25200,42,27.354019567370415,6.4614225540842325,0.06326346099376678
1.0,6697.7527681739775,601,10.989255368000158,562.81591796875,714.0,1.0000001192092896,0.9999999049164,257.9326171875,48.69733376446224,0.0005513245397154027,0.0005526789380984744,100968,168,0,25242,42,31.89758189767599,6.380630885095646,0.17556629609316587
1.0,6708.841413739978,602,11.088645566000196,562.81591796875,714.0,1.0,0.9999998907248179,467.66912841796875,52.63998929091862,0.0005499367156886421,0.0005512915008492696,101136,168,0,25284,42,21.945416510105133,6.446388021798893,0.14144961722195148
1.0,6719.910088189979,603,11.068674450001708,562.81591796875,714.0,1.0000001192092896,0.9999998921439761,544.5073852539062,53.043181649276185,0.0005485485061444417,0.0005499036675177382,101304,168,0,25326,42,19.457970201969147,6.391728349074366,0.17233487032353878
1.0,6730.967470916981,604,11.057382727001823,562.81591796875,714.0,1.0000001192092896,0.9999999134313493,300.9654541015625,50.672025544302805,0.0005471599219083386,0.0005485154489264833,101472,168,0,25368,42,29.73192531429231,6.542321439743752,0.22641444206237793
1.0,6741.9031755469805,605,10.935704629999236,562.81591796875,714.0,1.0,0.9999999148505074,474.3066711425781,56.98379722095671,0.0005457709738087913,0.0005471268559011125,101640,168,0,25410,42,25.42617192491889,6.518413316547161,0.318198561668396
1.0,6752.92215846798,606,11.018982920999406,562.81591796875,714.0,1.0,0.9999999077547164,585.474609375,59.03283934366135,0.0005443816726770963,0.0005457378992701529,101808,168,0,25452,42,40.50971923209727,6.553178207505317,0.28588761761784554
1.0,6763.926458846981,607,11.004300379001506,562.81591796875,714.0,1.0,0.9999999063355582,287.3105773925781,55.59791369097574,0.0005429920293473029,0.0005443485898649675,101976,168,0,25494,42,23.704182624816895,6.523081150504628,0.16381575167179108
1.0,6774.897516519981,608,10.97105767299945,562.81591796875,714.0,1.0000001192092896,0.9999999148505074,369.92181396484375,53.54671472594852,0.0005416020546561289,0.0005429589385196701,102144,168,0,25536,42,25.614762417972088,6.432905393320003,0.24176808074116707
1.0,6786.013723773984,609,11.116207254002802,562.81591796875,714.0,1.0,0.9999999006589254,257.2304382324219,53.0244230344182,0.0005402117594428762,0.0005415689560710411,102312,168,0,25578,42,25.98811337351799,6.542147379900728,0.1696586087346077
1.0,6797.076920253981,610,11.063196479997714,562.81591796875,714.0,1.0000001192092896,0.9999999219462985,554.6907958984375,62.3422387043635,0.000538821154549346,0.0005401786533584424,102480,168,0,25620,42,33.48042297363281,6.8037692233698355,0.13116339780390263
1.0,6808.041755006983,611,10.964834753001924,562.81591796875,714.0,1.0000001192092896,0.9999998992397672,226.84677124023438,45.48476170074372,0.0005374302508197548,0.0005387880412237346,102648,168,0,25662,42,21.018203407526016,6.223496891425124,0.2898465469479561
1.0,6819.167837217985,612,11.12608221100163,562.81591796875,714.0,1.0000001192092896,0.9999999034972418,482.0635986328125,53.31548268170584,0.0005360390591006493,0.00053739713051119,102816,168,0,25704,42,37.29139513336122,6.349256891092019,0.2103885468095541
1.0,6830.306192476986,613,11.1383552590014,562.81591796875,714.0,1.0000001192092896,0.9999999077547164,980.8956909179688,64.76023794355847,0.0005346475902408216,0.0005360059320674098,102984,168,0,25746,42,29.556533724069595,6.765580102978718,0.23225947842001915
1.0,6841.391069671987,614,11.084877195000445,562.81591796875,714.0,1.0,0.9999998992397672,253.55636596679688,53.68210348061153,0.000533255855091226,0.000534614456741239,103152,168,0,25788,42,25.55863344669342,6.396890025696761,0.2162297461181879
1.0,6852.615432665985,615,11.224362993998511,562.81591796875,714.0,1.0,0.9999999120121911,256.1717529296875,55.24466500679652,0.0005318638645048922,0.0005332227153836815,103320,168,0,25830,42,20.714562766253948,6.451141601140123,0.3470104746520519
1.0,6863.698716546987,616,11.08328388100199,562.81591796875,714.0,1.0000001192092896,0.9999999361378806,304.8333740234375,60.00624334812164,0.0005304716293368426,0.0005318307188478163,103488,168,0,25872,42,24.978375554084778,6.724902860731596,0.33741850405931473
1.0,6874.691641667989,617,10.992925121001463,562.81591796875,714.0,1.0000001192092896,0.9999999205271403,245.47093200683594,51.44455314817883,0.0005290791604440069,0.0005304384779887117,103656,168,0,25914,42,36.27004008367658,6.3409827939412065,0.6572078112512827
1.0,6885.665653429991,618,10.974011762002192,562.81591796875,714.0,1.0,0.9999999034972418,291.6685485839844,57.753947062151774,0.0005276864686851371,0.0005290460036633419,103824,168,0,25956,42,21.192435786128044,6.489233725460335,0.21701121795922518
1.0,6896.6531253009925,619,10.987471871001617,562.81591796875,714.0,1.0,0.9999999063355582,369.05767822265625,62.938784809339616,0.0005262935649207233,0.000527653306730501,103992,168,0,25998,42,28.419082034379244,6.692152596389254,0.4665406346321106
1.0,6907.672347733995,620,11.019222433002142,562.81591796875,714.0,1.0,0.9999998978206089,205.4814910888672,50.239341043290636,0.000524900460012909,0.00052626039805072,104160,168,0,26040,42,21.810042168945074,6.334142135589251,0.3492545560002327
1.0,6918.669536047997,621,10.997188314002415,562.81591796875,714.0,1.0,0.9999999020780835,307.59747314453125,46.84065106085369,0.0005235071648254058,0.0005248672884861801,104328,168,0,26082,42,23.305075474083424,6.185871917687889,0.1191198518499732
1.0,6929.7599753869945,622,11.090439338997385,562.81591796875,714.0,1.0000001192092896,0.9999998978206089,306.9449157714844,50.09790108317421,0.0005221136902234096,0.0005234739889006297,104496,168,0,26124,42,28.64557407796383,6.226426279504916,0.13770545553416014
1.0,6940.861731776993,623,11.101756389998627,562.81591796875,714.0,1.0000001192092896,0.9999999020780835,479.11029052734375,47.07021503789084,0.0005207200470735155,0.0005220805101592988,104664,168,0,26166,42,20.518253207206726,6.291568294189693,0.20240793656557798
1.0,6951.865339094995,624,11.003607318001741,562.81591796875,714.0,1.0000001192092896,0.9999998978206089,243.68865966796875,43.954245680854434,0.0005193262462436324,0.0005206868631288148,104832,168,0,26208,42,29.65485069528222,6.2014093071311,0.20362293533980846
1.0,6962.875766675996,625,11.01042758100084,562.81591796875,714.0,1.0000001192092896,0.9999998893056598,371.18853759765625,49.6516811194874,0.0005179322986028994,0.0005192930586771169,105000,168,0,26250,42,24.98803374171257,6.437481060912389,0.12002566363662481
1.0,6973.872536198993,626,10.996769522997056,562.81591796875,714.0,1.0,0.9999999105930328,273.3888854980469,54.101185304777964,0.0005165382150216,0.0005178991076733723,105168,168,0,26292,42,26.627504885196686,6.405127295115519,0.2868194645270705
0.9761904761904762,6984.845731182992,627,10.973194983998837,562.81591796875,714.0,1.0,0.9964557687441508,664.1141967773438,65.01612799650147,0.0005151440063710782,0.000516505020987891,105336,168,0,26334,42,41.142589529044926,6.726030784437344,0.1063289912417531
1.0,6995.914405766991,628,11.068674583999382,562.81591796875,714.0,1.0,0.9999999219462985,272.0908203125,48.518321769578115,0.0005137496835236529,0.000515110809492041,105504,168,0,26376,42,27.30548162199557,6.211651260365865,0.6370196789503098
0.9761904761904762,7006.9449056309895,629,11.030499863998557,562.81591796875,714.0,1.0,0.9957072082019988,377.1352844238281,53.256666654632205,0.0005123552573525341,0.0005137164840581635,105672,168,0,26418,42,29.414385557174683,6.401459850747848,0.06795990653336048
1.0,7017.883843966989,630,10.93893833599941,562.81591796875,714.0,1.0000001192092896,0.9999998878865015,233.0286865234375,52.76261436371576,0.0005109607387317369,0.0005123220555594884,105840,168,0,26460,42,26.17708945274353,6.36775666388816,0.07290374208241701
0.9761904761904762,7028.9233630029885,631,11.039519035999547,562.81591796875,714.0,1.0,0.9973197323935372,525.8973999023438,70.54984380517688,0.0005095661385359977,0.0005109275348700492,106008,168,0,26502,42,34.46584007143974,6.788184430538898,0.08489215467125177
1.0,7039.931649855986,632,11.008286852997117,562.81591796875,714.0,1.0,0.999999924784615,283.4385070800781,55.239631107875276,0.0005081714676406891,0.0005095329328645984,106176,168,0,26544,42,26.071884997189045,6.464981140879293,0.7204405814409256
1.0,7050.921644751983,633,10.98999489599737,562.81591796875,714.0,1.0000001192092896,0.9999998893056598,676.4293823242188,55.2859850696155,0.0005067767369217348,0.0005081382604185228,106344,168,0,26586,42,29.32434917986393,6.436158929042341,0.28570157662034035
1.0,7061.982610957984,634,11.060966206001467,562.81591796875,714.0,1.0000001192092896,0.9999998992397672,326.42864990234375,47.32468301909311,0.000505381957255525,0.0005067435284077579,106512,168,0,26628,42,26.563728891313076,6.174235308764591,0.15763215720653534
1.0,7073.045032874983,635,11.062421916998574,562.81591796875,714.0,1.0,0.9999999091738746,337.9162292480469,54.40506610700062,0.0005039871395188318,0.0005053487477087043,106680,168,0,26670,42,24.67975926399231,6.349770074665901,0.16568781062960625
1.0,7084.053667134984,636,11.00863426000069,562.81591796875,714.0,1.0000001192092896,0.9999999091738746,556.295166015625,55.261501085190545,0.0005025922945887243,0.0005039539291981421,106848,168,0,26712,42,40.429298631846905,6.4286297701210495,0.2343297991901636
1.0,7094.996858817984,637,10.943191682999895,562.81591796875,714.0,1.0000001192092896,0.9999999120121911,301.4239807128906,61.68178629875183,0.0005011974333424834,0.0005025590837531462,107016,168,0,26754,42,26.85226828698069,6.628223099679287,0.2854078309610486
1.0,7105.993018289984,638,10.996159472000727,562.81591796875,714.0,1.0,0.9999999318804059,455.5442810058594,64.20986559277489,0.0004998025666575168,0.0005011642222510017,107184,168,0,26796,42,34.68241077661514,6.595430124462361,0.699272345751524
1.0,7116.943242102985,639,10.950223813000775,562.81591796875,714.0,1.0000001192092896,0.9999999304612478,330.85284423828125,55.848860967726935,0.0004984077054112759,0.0004997693555691184,107352,168,0,26838,42,26.340910129249096,6.545970558299727,0.22918598726391792
1.0,7127.922018359986,640,10.9787762570013,562.81591796875,714.0,1.0000001192092896,0.9999999276229313,256.8311767578125,43.657222435587926,0.0004970128604811683,0.0004983744945849473,107520,168,0,26880,42,30.770593762397766,6.105492751690603,0.4555130749940872
1.0,7139.0336622219875,641,11.111643862001074,562.81591796875,714.0,1.0000001192092896,0.9999999034972418,218.9256134033203,44.4255690404347,0.0004956180427444752,0.0004969796501758943,107688,168,0,26922,42,27.931576278060675,6.080634829100399,0.3576525030657649
1.0,7150.007879984987,642,10.974217762999615,562.81591796875,714.0,1.0000001192092896,0.9999998793715522,333.82049560546875,60.95437663793564,0.0004942232630782654,0.0004955848332192365,107856,168,0,26964,42,33.31709672510624,6.6091930523647795,0.15029910393059254
1.0,7161.016246664985,643,11.00836667999829,562.81591796875,714.0,1.0,0.9999999233654567,205.06784057617188,44.5518080677305,0.0004928285323593111,0.0004941900545920365,108024,168,0,27006,42,22.96916365623474,6.078109312758205,0.28353893384337425
1.0,7172.029875359985,644,11.01362869500008,562.81591796875,714.0,1.0,0.9999998893056598,282.0666809082031,52.04232690447853,0.0004914338614640025,0.0004927953251710586,108192,168,0,27048,42,19.457696091383696,6.301768428224715,0.21173885185271502
1.0,7183.0823963099865,645,11.052520950001053,562.81591796875,714.0,1.0000001192092896,0.9999999290420896,375.8390808105469,54.63941942510151,0.0004900392612682633,0.0004914006558326823,108360,168,0,27090,42,30.196389600634575,6.4645097577013075,0.3538047671318054
1.0,7194.183911463984,646,11.101515153997752,562.81591796875,714.0,1.0000001192092896,0.9999999375570388,242.88453674316406,48.68731023584093,0.0004886447426474662,0.0004900060574528198,108528,168,0,27132,42,23.267969392240047,6.092350585053542,0.6197517337277532
1.0,7205.296568964986,647,11.112657501002104,562.81591796875,714.0,1.0000001192092896,0.9999999063355582,344.9425354003906,53.493377273990994,0.00048725031647634713,0.0004886115409068294,108696,168,0,27174,42,21.156656451523304,6.230781696337674,0.19002430606633425
1.0,7216.291916944985,648,10.995347979998769,562.81591796875,714.0,1.0,0.9999999162696657,216.38246154785156,48.391048601695466,0.0004858559936289221,0.00048721711706943116,108864,168,0,27216,42,27.720380187034607,6.178421410022392,0.1681719059124589
1.0,7227.239690946983,649,10.947774001997459,562.81591796875,714.0,1.0000001192092896,0.9999999162696657,323.6504211425781,55.85822190557207,0.0004844617849784002,0.0004858227968146224,109032,168,0,27258,42,32.91716129146516,6.4374289019255055,0.16189236287027597
1.0,7238.196934974982,650,10.957244027998968,562.81591796875,714.0,1.0000001192092896,0.9999999318804059,362.0987854003906,50.554367973690944,0.000483067701397101,0.0004844285910155921,109200,168,0,27300,42,27.892605364322662,6.230507382014323,0.730333773419261
1.0,7249.179620131981,651,10.98268515699965,562.81591796875,714.0,1.0000001192092896,0.9999999034972418,342.02734375,45.639007662023815,0.0004816737537563677,0.00048303451054463773,109368,168,0,27342,42,21.443837583065033,6.0052473857067525,0.21875476464629173
0.9761904761904762,7260.21639804498,652,11.036777912999241,562.81591796875,714.0,1.0,0.9957813989548456,401.2144775390625,48.51619019820576,0.00048027995292648475,0.0004816405662730785,109536,168,0,27384,42,30.443495757877827,5.958687523269051,0.05801092088222504
1.0,7271.3487761959805,653,11.132378151000012,562.81591796875,714.0,1.0,0.9999999077547164,337.1782531738281,49.0899943964822,0.00047888630977659054,0.00048024676907117196,109704,168,0,27426,42,20.07904541492462,5.977650008607833,0.4549659341573715
1.0,7282.295448775982,654,10.946672580001177,562.81591796875,714.0,1.0,0.9999999049164,237.94613647460938,41.675942883605046,0.0004774928351745943,0.0004788531298080284,109872,168,0,27468,42,37.93708896636963,5.810480565497918,0.24748360738158226
1.0,7293.281544576981,655,10.986095800999465,562.81591796875,714.0,1.0000001192092896,0.9999999176888239,464.4026794433594,63.86288853486379,0.00047609953998709124,0.0004774596593515273,110040,168,0,27510,42,41.27696418762207,6.759230856584119,0.10975329205393791
1.0,7304.257120222981,656,10.975575645999925,562.81591796875,714.0,1.0000001192092896,0.9999999120121911,199.8040008544922,46.40194698742458,0.00047470643507927684,0.00047606636856823076,110208,168,0,27552,42,22.58364810794592,6.098406865749331,0.32060537301003933
1.0,7315.24865512098,657,10.991534897999372,562.81591796875,714.0,1.0000001192092896,0.9999999105930328,532.5219116210938,58.80086340790703,0.0004733135313148631,0.00047467326832330027,110376,168,0,27594,42,46.46406358294189,6.285907871134224,0.0963738951832056
1.0,7326.315432370979,658,11.066777249998268,562.81591796875,714.0,1.0,0.9999999077547164,482.6264343261719,51.01830133653822,0.0004719208395559932,0.00047328036948041157,110544,168,0,27636,42,24.575230391696095,6.100991735013113,0.2596278078854084
0.9761904761904762,7337.458203460981,659,11.142771090002498,562.81591796875,714.0,1.0000001192092896,0.998494470403308,352.0865783691406,48.35273388170061,0.00047052837066315767,0.00047188768290166945,110712,168,0,27678,42,27.673294186592102,6.061352984092775,0.08840004447847605
1.0,7348.422918738983,660,10.964715278001677,562.81591796875,714.0,1.0,0.9999999077547164,253.75843811035156,44.25356578259241,0.00046913613549510807,0.00047049521944752377,110880,168,0,27720,42,24.72142904996872,5.974328198869314,0.1506832018494606
1.0,7359.4876698839835,661,11.064751145000628,562.81591796875,714.0,1.0,0.9999999006589254,323.70550537109375,46.01539643037887,0.0004677441449087744,0.00046910298997668396,111048,168,0,27762,42,35.48055248335004,6.024194549658292,0.4888845132663846
1.0,7370.494091612982,662,11.006421728998248,562.81591796875,714.0,1.0000001192092896,0.9999999162696657,292.1627197265625,46.835663537184395,0.00046635240975917864,0.00046771100534603557,111216,168,0,27804,42,21.596178218722343,6.031690486884188,0.2475636713206768
1.0,7381.56221409898,663,11.068122485998174,562.81591796875,714.0,1.0,0.9999999077547164,404.2119140625,47.05174203429903,0.00046496094089935116,0.0004663192764105539,111384,168,0,27846,42,35.53192162513733,5.9695295079478194,0.17613023053854704
1.0,7392.658242601981,664,11.096028503001435,562.81591796875,714.0,1.0,0.9999999120121911,239.57855224609375,45.657415185655864,0.0004635697491802454,0.00046492781402322113,111552,168,0,27888,42,23.35338333249092,5.822411037959336,0.22751918621361256
1.0,7403.749027428981,665,11.09078482699988,562.81591796875,714.0,1.0,0.9999999034972418,439.889892578125,57.26267649446215,0.00046217884545065414,0.00046353662903494015,111720,168,0,27930,42,42.124504528939724,6.183717879244969,0.26813712250441313
1.0,7414.748730566982,666,10.999703138000768,562.81591796875,714.0,1.0,0.9999999276229313,437.7021789550781,52.03041270233336,0.0004607882405571241,0.0004621457322944513,111888,168,0,27972,42,34.05155502259731,6.059920820074955,0.49073315877467394
1.0,7425.844165630984,667,11.095435064002231,562.81591796875,714.0,1.0,0.999999924784615,213.7406005859375,39.845972730999904,0.0004593979453438712,0.00046075513464824625,112056,168,0,28014,42,21.240853139199317,5.753499143934321,0.5409244708716869
0.9761904761904762,7436.828698701986,668,10.984533071001351,562.81591796875,714.0,1.0,0.9950069600627536,347.75042724609375,54.622535705566406,0.0004580079706526973,0.00045936484694048533,112224,168,0,28056,42,28.427929282188416,6.185934557002925,0.1856861747801304
1.0,7447.842454775986,669,11.013756074000412,562.81591796875,714.0,1.0000001192092896,0.9999999020780835,506.4347229003906,68.99943603788104,0.00045661832732290386,0.0004579748800129112,112392,168,0,28098,42,36.733494237065315,6.572642173329812,0.22800837457180023
1.0,7458.883809325987,670,11.041354550001415,562.81591796875,714.0,1.0000001192092896,0.9999999191079821,394.6446228027344,61.08349613348643,0.00045522902619120895,0.000456585244704765,112560,168,0,28140,42,32.74852013587952,6.597736882068039,0.4340178817510605
0.9761904761904762,7469.925636976986,671,11.04182765099904,562.81591796875,714.0,1.0,0.9952920561745053,460.5818176269531,59.63850296820913,0.0004538400780916617,0.0004551959518527022,112728,168,0,28182,42,32.72593401372433,6.3249893718886945,0.17879327666014433
1.0,7480.906781453985,672,10.981144476998452,562.81591796875,714.0,1.0000001192092896,0.9999999162696657,321.8124084472656,54.267615255855375,0.00045245149385555864,0.00045380701229070754,112896,168,0,28224,42,23.81182561814785,6.078270790122804,0.4566820887848735
1.0,7491.947585504986,673,11.040804051001032,562.81591796875,714.0,1.0000001192092896,0.9999999205271403,392.876708984375,48.67655945959545,0.0004510632843113581,0.0004524184368500107,113064,168,0,28266,42,23.588881593197584,5.9588267546634945,0.3833203390240669
1.0,7503.0060294279865,674,11.058443923000596,562.81591796875,714.0,1.0,0.9999999034972418,375.5765075683594,49.46348346982683,0.0004496754602845975,0.0004510302363590017,113232,168,0,28308,42,32.828061543405056,5.86621198647966,0.1986724017187953
1.0,7514.028798063988,675,11.022768636001274,562.81591796875,714.0,1.0,0.9999999105930328,367.14361572265625,50.4039720864523,0.00044828803259780724,0.00044964242164314725,113400,168,0,28350,42,21.926960345357656,5.972514297458387,0.22676480002701283
1.0,7525.0694559999865,676,11.040657935998752,562.81591796875,714.0,1.0,0.9999999134313493,443.6117248535156,48.632089208988916,0.0004469010120704269,0.0004482550035249047,113568,168,0,28392,42,29.27108167950064,5.903384269281689,0.11719605885446072
1.0,7536.087854234986,677,11.01839823499904,562.81591796875,714.0,1.0,0.9999999077547164,347.4524841308594,51.41979495116642,0.0004455144095187215,0.00044686799282363975,113736,168,0,28434,42,33.88571177423,5.970011826028072,0.3116518631577492
1.0,7547.0914512229865,678,11.003596988000936,562.81591796875,714.0,1.0000001192092896,0.9999999148505074,219.39358520507812,50.16127339998881,0.00044412823575569596,0.00044548140035554045,113904,168,0,28476,42,26.472285702824593,5.961249486454541,0.19901563972234726
1.0,7558.165783304983,679,11.074332081996545,562.81591796875,714.0,1.0000001192092896,0.9999999233654567,273.1607971191406,52.23965129965828,0.0004427425015910121,0.00044409523693353294,114072,168,0,28518,42,23.22455322742462,5.991199376238954,0.3369133844971657
1.0,7569.164570081983,680,10.998786776999623,562.81591796875,714.0,1.0,0.9999998935631343,563.1923828125,51.84903978166126,0.0004413572178309028,0.00044270951336719864,114240,168,0,28560,42,28.657455002889037,5.958950012124011,0.3186968583613634
1.0,7580.117543886983,681,10.95297380500051,562.81591796875,714.0,1.0000001192092896,0.9999999134313493,321.0595703125,48.460596206642336,0.00043997239527808973,0.0004413242404626878,114408,168,0,28602,42,19.808686137199402,5.9121208954158995,0.11960361711680889
1.0,7591.1385504139835,682,11.021006527000281,562.81591796875,714.0,1.0,0.9999999176888239,401.05810546875,49.70069345689955,0.0004385880447316967,0.00043993942902263716,114576,168,0,28644,42,19.029255375266075,5.959511337624419,0.11889497749507427
1.0,7602.331199560984,683,11.192649147000338,562.81591796875,714.0,1.0,0.9999998964014507,406.96624755859375,47.68867552848089,0.0004372041769871679,0.0004385550898460841,114744,168,0,28686,42,29.67886710166931,5.770693715018708,0.20173704624176025
1.0,7613.404599246984,684,11.073399685999902,562.81591796875,714.0,1.0000001192092896,0.9999999233654567,646.5431518554688,58.87265032813663,0.00043582080283618155,0.0004371712337283841,114912,168,0,28728,42,30.098941179923713,6.119660897269135,0.4697701223194599
1.0,7624.415592586985,685,11.010993340001733,562.81591796875,714.0,1.0000001192092896,0.999999924784615,359.94390869140625,60.22617061365219,0.00043443793306656734,0.00043578787146112476,115080,168,0,28770,42,21.411050736904144,6.049006340537398,0.29516518115997314
1.0,7635.4586753499825,686,11.043082762997074,562.81591796875,714.0,1.0000001192092896,0.9999999020780835,214.81210327148438,46.15325081348419,0.00043305557846222176,0.0004344050138320432,115248,168,0,28812,42,20.315411620773375,5.797623353367228,0.5782555565237999
1.0,7646.441513034984,687,10.982837685001869,562.81591796875,714.0,1.0,0.9999999006589254,486.0294189453125,50.791831658000035,0.00043167374980302337,0.0004330226716249407,115416,168,0,28854,42,19.28828789293766,5.91148996401933,0.31958517618477345
1.0,7657.481687259984,688,11.040174224999646,562.81591796875,714.0,1.0,0.9999999091738746,171.67416381835938,46.21971143427349,0.00043029245786474984,0.0004316408556195996,115584,168,0,28896,42,20.497579971328378,5.731690925479468,0.08269218541681767
1.0,7668.560859782985,689,11.079172523001034,562.81591796875,714.0,1.0000001192092896,0.9999999176888239,382.3369445800781,46.99633762382326,0.0004289117134189929,0.0004302595765916989,115752,168,0,28938,42,24.021987803280354,5.7904140885608895,0.23482264392077923
1.0,7679.585549920983,690,11.024690137997823,562.81591796875,714.0,1.0000001192092896,0.9999999105930328,314.8741455078125,46.375148134572164,0.00042753152723307554,0.0004288788453127297,115920,168,0,28980,42,20.825980154797435,5.78713941937756,0.2682803003117442
0.9761904761904762,7690.613572904982,691,11.028022983999108,562.81591796875,714.0,1.0000001192092896,0.9949680084273929,275.0575866699219,47.05018158611797,0.00042615191006996643,0.0004274986725499119,116088,168,0,29022,42,21.263606518507004,5.818223448603281,0.09244582802057266
1.0,7701.661271074983,692,11.04769817000124,562.81591796875,714.0,1.0,0.9999999105930328,368.16021728515625,47.763209589890074,0.0004247728726881978,0.00042611906906610985,116256,168,0,29064,42,22.25882887840271,5.788048305271548,0.21148831583559513
1.0,7712.634606531981,693,10.97333545699803,562.81591796875,714.0,1.0000001192092896,0.9999999063355582,183.02880859375,42.239055835065386,0.0004233944258417796,0.00042474004561974903,116424,168,0,29106,42,20.67614334821701,5.637821768898339,0.16368301399052143
1.0,7723.604423902983,694,10.969817371002136,562.81591796875,714.0,1.0,0.9999999176888239,419.13800048828125,49.91645302658989,0.00042201658028011795,0.0004233616129647309,116592,168,0,29148,42,23.700058698654175,5.826074651420294,0.2802632227540016
1.0,7734.724627672986,695,11.120203770002263,562.81591796875,714.0,1.0,0.9999999191079821,359.63336181640625,49.43255497160412,0.0004206393467479286,0.00042198378185035043,116760,168,0,29190,42,40.81017827615142,5.735131914793913,0.6111588878557086
1.0,7745.770439535983,696,11.045811862997652,562.81591796875,714.0,1.0000001192092896,0.9999999233654567,299.8919372558594,53.07457932971773,0.00041926273598515574,0.0004206065630212112,116928,168,0,29232,42,25.45607676357031,5.904325137646603,0.1737142438068986
1.0,7756.7125596129845,697,10.942120077001164,562.81591796875,714.0,1.0,0.9999999063355582,584.1070556640625,61.43667541799091,0.00041788675872688657,0.00041922996721714255,117096,168,0,29274,42,21.1181578040123,6.061649359097438,0.1579346638172865
1.0,7767.771783783985,698,11.059224171000096,562.81591796875,714.0,1.0000001192092896,0.9999999049164,426.3670349121094,54.40707772402536,0.000416511425703268,0.0004178540051731149,117264,168,0,29316,42,29.598305232822895,5.870701048412316,0.24959813244640827
1.0,7778.750513529987,699,10.9787297460025,562.81591796875,714.0,1.0,0.9999999134313493,443.70208740234375,52.486515187081835,0.00041513674763942344,0.00041647868761915684,117432,168,0,29358,42,29.797111608088017,5.799229036040959,0.2649571467190981
1.0,7789.697517216988,700,10.947003687000688,562.81591796875,714.0,1.0000001192092896,0.9999999262037731,280.81634521484375,49.07479327065604,0.0004137627352553684,0.0004151040252802708,117600,168,0,29400,42,33.83575920946896,5.709147866460539,0.3538471721112728
1.0,7800.83025772699,701,11.132740510001895,562.81591796875,714.0,1.0,0.9999999262037731,455.1218566894531,49.627924958864845,0.0004123893992659276,0.00041373002887634973,117768,168,0,29442,42,28.981039810925722,5.6924143696336875,0.41192036867141724
0.9761904761904762,7811.858119699988,702,11.027861972997925,562.81591796875,714.0,1.0,0.9986570250420344,360.6157531738281,50.89373789372898,0.0004110167503806507,0.00041235670912209395,117936,168,0,29484,42,24.703049644827843,5.803090758156031,0.1510909264907241
1.0,7822.851766067986,703,10.993646367998736,562.81591796875,714.0,1.0,0.9999998935631343,355.5440368652344,46.2878148101625,0.00040964479930372984,0.00041098407672692644,118104,168,0,29526,42,20.676843523979187,5.620157382938833,0.1934382375329733
1.0,7833.837178098984,704,10.985412030997395,562.81591796875,714.0,1.0000001192092896,0.9999998949822926,293.4077453613281,44.63111803077516,0.0004082735567339148,0.00040961214239491054,118272,168,0,29568,42,31.515070727095008,5.65857381981221,0.22149848192930222
1.0,7844.866476655985,705,11.029298557001312,562.81591796875,714.0,1.0000001192092896,0.9999999091738746,232.06800842285156,46.57097102346874,0.00040690303336443054,0.00040824091682466554,118440,168,0,29610,42,27.454862117767334,5.678327962889203,0.2821390647441149
1.0,7855.9224204669845,706,11.055943810999452,562.81591796875,714.0,1.0000001192092896,0.9999999233654567,274.65814208984375,43.33002101807367,0.0004055332398828941,0.0004068704107092842,118608,168,0,29652,42,22.246241569519043,5.552675223953667,0.4993598237633705
1.0,7866.9979940069825,707,11.075573539998004,562.81591796875,714.0,1.0000001192092896,0.9999999091738746,360.95672607421875,48.38373330093565,0.0004041641869712295,0.0004055006347362483,118776,168,0,29694,42,26.302996886894107,5.782708879427186,0.10894827172160149
1.0,7878.008563781983,708,11.010569775000477,562.81591796875,714.0,1.0000001192092896,0.9999999020780835,417.8464660644531,56.41405068408875,0.00040279588530558704,0.000404131599587346,118944,168,0,29736,42,40.73706567287445,5.828177438960189,0.10776156280189753
1.0,7889.018977860982,709,11.01041407899902,562.81591796875,714.0,1.0,0.9999999134313493,200.900390625,50.49541078578858,0.00040142834555625755,0.0004027633159385887,119112,168,0,29778,42,18.51269302330911,5.710709309848469,0.12269040755927563
1.0,7900.038613153982,710,11.019635292999737,562.81591796875,714.0,1.0,0.9999999148505074,313.2091369628906,50.20003939810253,0.0004000615783875908,0.0004013957944601268,119280,168,0,29820,42,32.63583970069885,5.811280786414587,0.31856445223093033
1.0,7910.970198804982,711,10.931585651000205,562.81591796875,714.0,1.0000001192092896,0.9999998992397672,185.3382110595703,44.26247666279475,0.0003986955944579116,0.00040002904581616774,119448,168,0,29862,42,23.891723185777664,5.62783928477161,0.19143022876232862
1.0,7923.619877641981,712,12.649678836998646,562.81591796875,714.0,1.0,0.9999998878865015,230.84103393554688,44.07587407600312,0.00039733040441943744,0.0003986630806648918,119616,168,0,29904,42,26.28105115890503,5.649757455923551,0.28479865845292807
1.0,7934.8976136849815,713,11.277736043000914,562.81591796875,714.0,1.0,0.9999998964014507,287.433837890625,39.25621687798273,0.00039596601891819403,0.00039729790965836986,119784,168,0,29946,42,29.506620407104492,5.4983032195651464,0.1484653204679489
0.9761904761904762,7946.06644787898,714,11.168834193998919,562.81591796875,714.0,1.0,0.9953762888908386,264.4955139160156,43.18170538544655,0.0003946024485939339,0.00039593354344247923,119952,168,0,29988,42,32.22153377532959,5.543901543532099,0.10228436253964901
1.0,7957.244726603982,715,11.178278725001292,562.81591796875,714.0,1.0000001192092896,0.9999999233654567,357.48101806640625,53.16277765660059,0.000393239704080052,0.00039456999265682235,120120,168,0,30030,42,24.194220513105392,5.832860745356551,0.2800510562956333
1.0,7968.446457417984,716,11.201730814002076,562.81591796875,714.0,1.0000001192092896,0.9999998935631343,399.60504150390625,53.606634301798685,0.0003918777960035041,0.00039320726793464167,120288,168,0,30072,42,27.02325803041458,5.693379783603762,0.09281246364116669
0.9761904761904762,7979.591347199985,717,11.144889782000973,562.81591796875,714.0,1.0000001192092896,0.9994371746267591,374.0379638671875,44.404519112337205,0.00039051673498472297,0.0003918453799027386,120456,168,0,30114,42,24.696030236780643,5.581778173778384,0.18602820858359337
1.0,7990.821591360982,718,11.230244160997245,562.81591796875,714.0,1.0,0.9999998878865015,197.4150390625,47.57943007491884,0.0003891565316375356,0.0003904843391813892,120624,168,0,30156,42,19.180443484336138,5.7227139026370075,0.11011343263089657
1.0,8002.091671839982,719,11.270080479000171,562.81591796875,714.0,1.0,0.9999998907248179,171.56649780273438,47.991310065700894,0.0003877971965690813,0.0003891241563842629,120792,168,0,30198,42,24.51235281303525,5.695962885239472,0.233243927359581
1.0,8013.298161569983,720,11.206489730000612,562.81591796875,714.0,1.0000001192092896,0.9999998992397672,488.83660888671875,66.47540725412823,0.0003864387403797275,0.0003877648421183382,120960,168,0,30240,42,30.957253456115723,6.076274963007087,0.42798073403537273
1.0,8024.6094486629845,721,11.311287093001738,562.81591796875,714.0,1.0000001192092896,0.9999999034972418,147.93685913085938,40.65594845442545,0.00038508117366298895,0.00038640640698382056,121128,168,0,30282,42,25.689890265464783,5.485270137854275,0.3230154011398554
1.0,8035.796789706987,722,11.187341044002096,562.81591796875,714.0,1.0000001192092896,0.999999885048185,546.897216796875,61.93827664852142,0.0003837245070054432,0.0003850488615740605,121296,168,0,30324,42,42.99143707752228,5.959495059037137,0.1415363922715187
1.0,8047.088102020989,723,11.291312314002425,562.81591796875,714.0,1.0,0.9999999205271403,318.8104248046875,47.178715785344444,0.0003823687509866497,0.0003836922164754694,121464,168,0,30366,42,28.511191189289093,5.811875870961341,0.25623004510998726
0.9523809523809523,8058.22914609799,724,11.141044077001425,562.81591796875,714.0,1.0,0.9972391227881113,438.8134460449219,50.70273987452189,0.00038101391617906586,0.00038233648226743865,121632,168,0,30408,42,40.91030590981245,5.723671325770694,0.08258641790598631
1.0,8069.5549023519925,725,11.325756254002044,562.81591796875,714.0,1.0000001192092896,0.9999999191079821,352.30853271484375,44.66846573068982,0.0003796600131479661,0.0003809816695222556,121800,168,0,30450,42,26.139092564582825,5.5697249220240685,0.3854432534426451
1.0,8080.709526258994,726,11.154623907001223,562.81591796875,714.0,1.0000001192092896,0.9999999077547164,364.2291564941406,45.93150704815274,0.0003783070524513579,0.00037962778880502233,121968,168,0,30492,42,32.73639976978302,5.5988405910764065,0.14691342785954475
1.0,8091.861589410997,727,11.152063152003393,562.81591796875,714.0,1.0000001192092896,0.9999998978206089,238.96572875976562,42.87341397716885,0.00037695504463990055,0.0003782748506735725,122136,168,0,30534,42,20.672800302505493,5.5414552974204225,0.10464358609169722
1.0,8103.029596943998,728,11.168007533000491,562.81591796875,714.0,1.0,0.9999999219462985,309.45611572265625,52.80992595354716,0.00037560400025682297,0.0003769228656783898,122304,168,0,30576,42,21.02771633863449,5.742760138608338,0.2969608213752508
0.9761904761904762,8114.220905789996,729,11.19130884599872,562.81591796875,714.0,1.0,0.9881993035475413,291.21600341796875,49.48854591732933,0.0003742539298378402,0.0003755718443625244,122472,168,0,30618,42,30.407108902931213,5.737591026993912,0.07870723586529493
1.0,8125.437587150998,730,11.216681361001974,562.81591796875,714.0,1.0000001192092896,0.9999999034972418,372.4565124511719,48.37587814955484,0.00037290484391107277,0.00037422179726151207,122640,168,0,30660,42,19.835290886461735,5.564130547256874,0.21152358502149582
1.0,8136.844011026995,731,11.406423875996552,562.81591796875,714.0,1.0,0.9999998992397672,628.2965087890625,52.56953347580774,0.0003715567529969636,0.0003728727349032915,122808,168,0,30702,42,30.099931478500366,5.722296496298874,0.1944139553233981
1.0,8148.032855617996,732,11.188844591000816,562.81591796875,714.0,1.0000001192092896,0.9999998978206089,247.62936401367188,40.94626267183395,0.0003702096676081967,0.00037152466780812166,122976,168,0,30744,42,24.744658827781677,5.446269516766604,0.2421370130032301
1.0,8159.270841690995,733,11.237986072999774,562.81591796875,714.0,1.0000001192092896,0.9999998992397672,409.8565979003906,50.2849073041053,0.0003688635982496141,0.00037017760648850077,123144,168,0,30786,42,29.44003865867853,5.557274074182802,0.13360609114170074
1.0,8170.500859811997,734,11.230018121001194,562.81591796875,714.0,1.0,0.9999998949822926,270.5315246582031,54.800418393952505,0.00036751855541813553,0.00036883156144908326,123312,168,0,30828,42,30.47969102859497,5.732386559602761,0.25893989857286215
1.0,8181.748724999998,735,11.247865188001015,562.81591796875,714.0,1.0,0.9999999120121911,436.3204345703125,53.716569202286856,0.0003661745496026749,0.0003674865431865993,123480,168,0,30870,42,32.886979043483734,5.702126080192448,0.15620708279311657
1.0,8192.963829454999,736,11.215104455000983,562.81591796875,714.0,1.0000001192092896,0.9999999162696657,255.36233520507812,50.045577009518944,0.00036483159128405945,0.0003661425621897709,123648,168,0,30912,42,29.578666612505913,5.672307718966511,0.14448284171521664
1.0,8204.244040604997,737,11.28021114999865,562.81591796875,714.0,1.0,0.9999998907248179,356.1045227050781,46.402558670157475,0.0003634896909349484,0.0003647996289392323,123816,168,0,30954,42,18.491878747940063,5.518767436988474,0.18713535834103823
1.0,8215.471675628996,738,11.227635023999028,562.81591796875,714.0,1.0,0.9999998921439761,457.75421142578125,51.77211416619165,0.00036214885901974977,0.0003634577539074464,123984,168,0,30996,42,30.537480844184756,5.561106175960352,0.16453072242438793
0.9761904761904762,8226.682108866997,739,11.210433238000405,562.81591796875,714.0,1.0000001192092896,0.9998222348235902,228.40235900878906,48.38652089521999,0.00036080910599454037,0.00036211694755862445,124152,168,0,31038,42,25.03575491718948,5.551813064896989,0.11054920218884945
1.0,8237.954228613999,740,11.272119747001852,562.81591796875,714.0,1.0,0.9999999020780835,521.2875366210938,54.22443849699838,0.0003594704423069832,0.0003607772203486438,124320,168,0,31080,42,17.232841804623604,5.616233031354135,0.16267896443605423
1.0,8249.154225182,741,11.199996568000643,562.81591796875,714.0,1.0000001192092896,0.9999998992397672,242.7177276611328,46.92882444745018,0.000358132878396247,0.0003594385827249661,124488,168,0,31122,42,24.494583629071712,5.518778527599006,0.16409407183527946
1.0,8260.456835062,742,11.302609880000091,562.81591796875,714.0,1.0,0.9999998992397672,255.89805603027344,45.63336986870993,0.00035679642469292356,0.0003581010451265567,124656,168,0,31164,42,25.082528544589877,5.579277619120798,0.15481275506317616
1.0,8271.712413754998,743,11.255578692998824,562.81591796875,714.0,1.0000001192092896,0.9999999034972418,269.2469177246094,45.41117363316672,0.0003554610916189474,0.0003567646179838021,124824,168,0,31206,42,25.52353122085333,5.510654574326638,0.11522167269140482
1.0,8282.990354956,744,11.27794120100225,562.81591796875,714.0,1.0000001192092896,0.9999999006589254,435.9356994628906,47.776061424187255,0.0003541268895875139,0.0003554293117184302,124992,168,0,31248,42,21.639929488301277,5.564761375808822,0.2567553333938122
1.0,8294.392500344999,745,11.402145388998179,562.81591796875,714.0,1.0000001192092896,0.9999999318804059,203.98768615722656,48.078380340621585,0.0003527938290029989,0.00035409513674342693,125160,168,0,31290,42,21.12720025330782,5.555932048020796,0.5144444331526756
1.0,8305.639610114999,746,11.247109769999952,562.81591796875,714.0,1.0,0.9999998907248179,499.17767333984375,51.47434184948603,0.0003514619202608761,0.00035276210346295707,125328,168,0,31332,42,18.449331253767014,5.535404908759076,0.24786128662526608
1.0,8316.809451674999,747,11.16984156000035,562.81591796875,714.0,1.0000001192092896,0.9999999134313493,259.0537414550781,47.09882421720596,0.0003501311737476378,0.00035143022227228165,125496,168,0,31374,42,24.336370322853327,5.451892887397359,0.24275993462651968
0.9761904761904762,8328.069632530998,748,11.260180855999351,562.81591796875,714.0,1.0000001192092896,0.9975475172201792,412.8389892578125,52.44584110663051,0.0003488015998407127,0.0003500995035576783,125664,168,0,31416,42,28.105682202614844,5.642251433006355,0.15811939630657434
1.0,8339.364879729,749,11.295247198002471,562.81591796875,714.0,1.0000001192092896,0.9999999233654567,227.08792114257812,50.11376214027405,0.00034747320890838473,0.0003487699576963581,125832,168,0,31458,42,24.987969484180212,5.443540074086438,0.6047995276749134
1.0,8350.616056652001,750,11.251176923000457,562.81591796875,714.0,1.0,0.9999999091738746,171.91502380371094,42.5275601262138,0.0003461460113097139,0.00034744159505638734,126000,168,0,31500,42,18.834411775693297,5.449870263558945,0.14881345350295305
1.0,8361.850526133,751,11.234469480998087,562.81591796875,714.0,1.0000001192092896,0.9999999077547164,321.1513366699219,57.475460628668465,0.0003448200173944531,0.0003461144259966045,126168,168,0,31542,42,34.13656418770552,5.67395523117323,0.13434676732867956
1.0,8373.045663275,752,11.195137142000021,562.81591796875,714.0,1.0000001192092896,0.9999998907248179,242.5453338623047,46.81771655309768,0.00034349523750296963,0.0003447884608665404,126336,168,0,31584,42,23.82368241250515,5.528470405355273,0.11913632042706013
1.0,8384.295850172999,753,11.25018689799981,562.81591796875,714.0,1.0,0.9999999233654567,304.0105285644531,47.18788560231527,0.00034217168196616285,0.00034346371000633786,126504,168,0,31626,42,21.331942439079285,5.419302913382472,0.31806058809161186
1.0,8395.600634321,754,11.30478414800018,562.81591796875,714.0,1.0,0.9999999134313493,414.7018127441406,45.74328738167172,0.00034084936110538507,0.0003421401837466698,126672,168,0,31668,42,31.988938987255096,5.4085081826363295,0.18903720006346703
1.0,8406.822332290998,755,11.221697969998786,562.81591796875,714.0,1.0,0.9999998992397672,261.5515441894531,51.461698441278365,0.00033952828523235983,0.0003408178924086602,126840,168,0,31710,42,18.6441707611084,5.559149165349525,0.12574911583214998
1.0,8418.012397788996,756,11.190065497998148,562.81591796875,714.0,1.0000001192092896,0.9999998893056598,282.88983154296875,55.50251687424524,0.0003382084646491022,0.00033949684630380205,127008,168,0,31752,42,35.159721061587334,5.628494745430847,0.1936168074607849
1.0,8429.141206112996,757,11.128808323999692,562.81591796875,714.0,1.0,0.9999999176888239,168.098388671875,41.44081738165447,0.00033688990964783806,0.00033817705573387883,127176,168,0,31794,42,19.56308341026306,5.359156542258071,0.27000268176198006
1.0,8440.376995732997,758,11.235789620001015,562.81591796875,714.0,1.0,0.9999999176888239,180.271728515625,47.81340777873993,0.0003355726305109242,0.00033685853099088217,127344,168,0,31836,42,17.464618619531393,5.428008777355509,0.36176425591111183
0.9761904761904762,8451.545182500995,759,11.168186767998122,562.81591796875,714.0,1.0000001192092896,0.9975522259871165,257.71832275390625,40.096005038136525,0.00033425663751076825,0.000335541282356933,127512,168,0,31878,42,18.75972922705114,5.3951865459260135,0.07571493741124868
1.0,8462.806225754994,760,11.26104325399865,562.81591796875,714.0,1.0000001192092896,0.9999999134313493,249.624755859375,47.28442520754678,0.00033294194090974775,0.00033422532010420064,127680,168,0,31920,42,22.523190507665277,5.41193213400298,0.3886984549462795
1.0,8474.040869288994,761,11.234643534000497,562.81591796875,714.0,1.0,0.9999998864673433,314.8042907714844,47.17376196952093,0.0003316285509601309,0.0003329106544948231,127848,168,0,31962,42,26.982805609703064,5.471085863165735,0.19976555928587914
1.0,8485.277039108994,762,11.236169820000214,562.81591796875,714.0,1.0000001192092896,0.9999999205271403,185.95970153808594,40.478795914422896,0.0003303164779039962,0.0003315972957808271,128016,168,0,32004,42,21.632830023765564,5.371369845278206,0.2343091480433941
1.0,8496.505385361994,763,11.228346252999472,562.81591796875,714.0,1.0000001192092896,0.9999999091738746,362.421142578125,48.625366540182206,0.00032900573197315326,0.0003302852542040476,128184,168,0,32046,42,17.16970144957304,5.420261702433761,0.16098258271813393
1.0,8507.668230507996,764,11.162845146001928,562.81591796875,714.0,1.0,0.9999998793715522,424.31329345703125,52.98628164189203,0.0003276963233890619,0.0003289745399960484,128352,168,0,32088,42,35.43545819912106,5.5185356741283265,0.15878469217568636
0.9761904761904762,8518.896209345996,765,11.227978838000126,562.81591796875,714.0,1.0,0.9983316276754651,229.44972229003906,41.62560005273138,0.0003263882623627535,0.00032766516337804193,128520,168,0,32130,42,17.121379029005766,5.40069171422649,0.2070714309811592
1.0,8530.175849746996,766,11.279640401000506,562.81591796875,714.0,1.0,0.9999999091738746,473.96832275390625,55.50788886206491,0.0003250815590947503,0.00032635713456081057,128688,168,0,32172,42,25.561769157648087,5.540486621249112,0.3174978531897068
1.0,8541.468889204996,767,11.29303945799984,562.81591796875,714.0,1.0,0.9999999205271403,270.1330261230469,49.25526684806461,0.0003237762237749872,0.0003250504637446254,128856,168,0,32214,42,20.44118814356625,5.542865029979675,0.24838252738118172
1.0,8552.634760883997,768,11.165871679000702,562.81591796875,714.0,1.0000001192092896,0.9999999063355582,266.1500244140625,41.984151851563226,0.00032247226658273134,0.00032374516111916815,129024,168,0,32256,42,25.242186546325684,5.389573709462725,0.2540608085691929
1.0,8563.756796722995,769,11.122035838998272,562.81591796875,714.0,1.0000001192092896,0.999999924784615,479.25750732421875,53.44497472899301,0.0003211696976865026,0.00032244123686345054,129192,168,0,32298,42,19.849475391209126,5.472144606789308,0.5889979600906372
1.0,8574.927874525994,770,11.171077802999207,562.81591796875,714.0,1.0000001192092896,0.9999999063355582,231.23236083984375,49.02092800253914,0.00031986852724399505,0.0003211387011457363,129360,168,0,32340,42,19.786097606644034,5.375511674742613,0.13088717497885227
1.0,8586.133412647996,771,11.205538122001599,562.81591796875,714.0,1.0,0.9999999063355582,453.4401550292969,47.54170080025991,0.00031856876540199686,0.0003198375641234605,129528,168,0,32382,42,17.44263559114188,5.321879057568454,0.17542170360684395
1.0,8597.371064524996,772,11.237651876999735,562.81591796875,714.0,1.0,0.9999999120121911,293.394775390625,44.889027152742656,0.0003172704222963124,0.0003185378359431507,129696,168,0,32424,42,23.473580308258533,5.2904892263468355,0.09468863252550364
1.0,8608.610941726994,773,11.239877201998752,562.81591796875,714.0,1.0,0.9999999134313493,369.85906982421875,44.538785582497006,0.0003159735080516818,0.0003172395267403489,129864,168,0,32466,42,22.45760864019394,5.285058778289351,0.5781593676656485
1.0,8619.836004211993,774,11.225062484998489,562.81591796875,714.0,1.0000001192092896,0.9999998907248179,552.3308715820312,50.724789193698335,0.000314678032781703,0.00031594264663953043,130032,168,0,32508,42,25.699052453041077,5.397145144785533,0.20286444015800953
1.0,8630.957696640991,775,11.121692428998358,562.81591796875,714.0,1.0,0.9999998765332359,253.32215881347656,48.360867523011706,0.000313384006588752,0.00031464720575402735,130200,168,0,32550,42,24.823991429060698,5.363936311831432,0.14388226345181465
1.0,8642.147586522991,776,11.189889881999989,562.81591796875,714.0,1.0,0.9999998822098687,228.361572265625,41.43432713690258,0.00031209143956390553,0.0003133532141859476,130368,168,0,32592,42,25.952983260154724,5.343894466868646,0.11204089038074017
1.0,8653.35854925599,777,11.210962732999178,562.81591796875,714.0,1.0,0.999999924784615,268.367431640625,46.78961562542688,0.00031080034178686044,0.0003120606820260975,130536,168,0,32634,42,24.8468664214015,5.368883058229195,0.25740025006234646
1.0,8664.513539612992,778,11.154990357001225,562.81591796875,714.0,1.0000001192092896,0.9999999148505074,451.1271667480469,56.88193890878132,0.0003095107233258567,0.00031076961935390233,130704,168,0,32676,42,23.070110112428665,5.470731625510823,0.1934685604646802
1.0,8675.796046260992,779,11.28250664799998,562.81591796875,714.0,1.0000001192092896,0.9999999191079821,156.41476440429688,37.752803541365125,0.0003082225942375984,0.00030948003623732846,130872,168,0,32718,42,27.15886441245675,5.18307075221535,0.16129933949559927
1.0,8686.992023598992,780,11.195977338000375,562.81591796875,714.0,1.0000001192092896,0.9999999063355582,416.80322265625,50.36321326096853,0.00030693596456717466,0.00030819194273280375,131040,168,0,32760,42,24.430442433804274,5.348834750996459,0.44197065383195877
1.0,8698.175741023992,781,11.183717424999486,562.81591796875,714.0,1.0,0.9999998964014507,360.9035949707031,51.48544030530112,0.0003056508443479821,0.0003069053488851401,131208,168,0,32802,42,22.947602957487106,5.3255132360583435,0.13648567162454128
1.0,8709.33795865899,782,11.162217634999251,562.81591796875,714.0,1.0000001192092896,0.9999999176888239,307.0711975097656,45.840786831719534,0.0003043672436016464,0.00030562026472745517,131376,168,0,32844,42,31.61962164565921,5.273082244919524,0.2005370855331421
1.0,8720.47773337799,783,11.139774718998524,562.81591796875,714.0,1.0,0.9999998907248179,326.3578186035156,42.89316353343782,0.0003030851723379441,0.000304336700281093,131544,168,0,32886,42,23.03859531879425,5.206572403554761,0.12825850397348404
1.0,8731.664500217987,784,11.18676683999729,562.81591796875,714.0,1.0000001192092896,0.9999999176888239,276.7635803222656,44.48353963238852,0.0003018046405547242,0.0003030546655555472,131712,168,0,32928,42,21.80173981934786,5.255026278152529,0.24291847087442875
0.9761904761904762,8742.979132075987,785,11.314631858000212,562.81591796875,714.0,1.0000001192092896,0.9989686523165021,430.1964111328125,47.02983939221927,0.0003005256582378311,0.0003017741705483819,131880,168,0,32970,42,16.26788765192032,5.285292855353051,0.1320316046476364
1.0,8754.10111085399,786,11.121978778002813,562.81591796875,714.0,1.0000001192092896,0.9999999162696657,226.5448455810547,42.243793936002824,0.0002992482353610256,0.0003004952252451546,132048,168,0,33012,42,17.928245591931045,5.176549093199095,0.2997397482395172
1.0,8765.273899126987,787,11.172788272997423,562.81591796875,714.0,1.0000001192092896,0.9999998736949194,334.907470703125,42.35262877032871,0.0002979723818859081,0.0002992178396193374,132216,168,0,33054,42,21.418497526086867,5.147635592169882,0.214385362342
1.0,8776.412909021987,788,11.139009894999617,562.81591796875,714.0,1.0,0.9999998864673433,462.37811279296875,47.180936072553905,0.00029669810776183995,0.0002979420236322403,132384,168,0,33096,42,21.948739944025874,5.203442705152113,0.07181658688932657
1.0,8787.552140522985,789,11.139231500997994,562.81591796875,714.0,1.0000001192092896,0.999999924784615,660.1805419921875,54.3826679388682,0.0002954254229258671,0.00029666778723293246,132552,168,0,33138,42,24.805640399456024,5.37875296402767,0.26374221220612526
1.0,8798.685757472984,790,11.133616949999123,562.81591796875,714.0,1.0,0.9999998992397672,363.0275573730469,50.27417757681438,0.0002941543373026415,0.00029539514035816547,132720,168,0,33180,42,17.05927501246333,5.401098603360532,0.15919658169150352
1.0,8809.947745933983,791,11.261988460999419,562.81591796875,714.0,1.0,0.9999998822098687,292.9795837402344,52.52724231708618,0.00029288486080434397,0.000294124092932295,132888,168,0,33222,42,25.779405251145363,5.367029327544428,0.1413749698549509
1.0,8821.05578064698,792,11.108034712997323,562.81591796875,714.0,1.0,0.9999998893056598,204.6008758544922,41.87769740252268,0.00029161700333060753,0.00029285465486720446,133056,168,0,33264,42,17.469382584095,5.218817767864537,0.14719068631529808
0.9761904761904762,8832.233229521982,793,11.177448875001573,562.81591796875,714.0,1.0,0.9961384251004174,169.96351623535156,39.48505221094404,0.00029035077476843917,0.000291586836062227,133224,168,0,33306,42,17.167728697881103,5.120699767976822,0.10936320759356022
1.0,8843.397501375981,794,11.164271853998798,562.81591796875,714.0,1.0,0.9999999105930328,137.53515625,39.84224320025671,0.0002890861849921438,0.000290320646404068,133392,168,0,33348,42,26.738807445392013,5.112982627869185,0.23542357608675957
0.9761904761904762,8854.499694200982,795,11.102192825001111,562.81591796875,714.0,1.0,0.9921366416272663,285.09320068359375,47.64970333661352,0.00028782324386324626,0.0002890560957667292,133560,168,0,33390,42,22.532429471611977,5.274493998027451,0.051602513529360294
1.0,8865.66197589898,796,11.162281697997969,562.81591796875,714.0,1.0000001192092896,0.9999998836290269,397.7834777832031,48.372871503943486,0.0002865619612304155,0.0002877931940114298,133728,168,0,33432,42,19.36686658859253,5.328764886440088,0.15348269790410995
1.0,8876.925047063978,797,11.26307116499811,562.81591796875,714.0,1.0000001192092896,0.9999999262037731,373.9012145996094,51.57325878029778,0.0002853023469293868,0.00028653195098653217,133896,168,0,33474,42,33.71366898715496,5.365270794546675,0.31027745455503464
1.0,8888.08614287998,798,11.161095816001762,562.81591796875,714.0,1.0,0.9999998538267045,488.6482238769531,47.15227393309275,0.00028404441078288504,0.0002852723765274621,134064,168,0,33516,42,24.214918851852417,5.19254840238552,0.19909012131392956
1.0,8899.254645427976,799,11.168502547996468,562.81591796875,714.0,1.0000001192092896,0.9999999034972418,606.0355834960938,54.50572735355014,0.0002827881626005497,0.0002840144804566348,134232,168,0,33558,42,17.293269485235214,5.311367677613383,0.24812796711921692
1.0,8910.424550919975,800,11.169905491999089,562.81591796875,714.0,1.0000001192092896,0.9999999120121911,203.7349090576172,42.02013688428061,0.00028153361217885583,0.0002827582725833763,134400,168,0,33600,42,18.173898090608418,5.083771559188054,0.42412810772657394
0.9761904761904762,8921.564725715976,801,11.140174796000792,562.81591796875,714.0,1.0,0.997623249178841,261.1231384277344,42.57123936074121,0.0002802807693010402,0.0002815037627038477,134568,168,0,33642,42,15.939152898266912,5.116869903324793,0.1566998576745391
1.0,8932.692668603977,802,11.127942888000689,562.81591796875,714.0,1.0000001192092896,0.9999998793715522,349.5263977050781,42.72630688122341,0.0002790296437370226,0.00028025096060096933,134736,168,0,33684,42,23.42155934125185,5.181864561779158,0.1722532995045185
1.0,8943.976085372975,803,11.283416768997995,562.81591796875,714.0,1.0,0.9999998878865015,282.86688232421875,42.86321577855519,0.0002777802452433322,0.00027899987604434345,134904,168,0,33726,42,30.183424331247807,5.124405591549086,0.2036281954497099
1.0,8955.126705608975,804,11.150620235999668,562.81591796875,714.0,1.0,0.9999999233654567,283.44500732421875,55.236006066912694,0.000276532583563029,0.0002777505187901791,135072,168,0,33768,42,19.41463017463684,5.335412323319663,0.27111922949552536
1.0,8966.275015064974,805,11.14830945599897,562.81591796875,714.0,1.0000001192092896,0.9999999191079821,243.91525268554688,41.7280540012178,0.0002752866684256295,0.0002765028985812147,135240,168,0,33810,42,20.097536008805037,5.094438153075143,0.24201023764908314
0.9761904761904762,8977.395717250976,806,11.120702186002745,562.81591796875,714.0,1.0,0.999718773932684,256.10711669921875,40.570163715453376,0.00027404250954703006,0.0002752570251466436,135408,168,0,33852,42,22.779845748096704,5.0690240895464305,0.27210355550050735
1.0,8988.499221902977,807,11.103504652000993,562.81591796875,714.0,1.0,0.999999877952394,609.0026245117188,56.9769338624818,0.00027280011662943193,0.0002740129082020369,135576,168,0,33894,42,17.79433150589466,5.386625594370777,0.1381802773103118
1.0,8999.667407174977,808,11.168185271999391,562.81591796875,714.0,1.0000001192092896,0.9999998907248179,132.0089874267578,36.8445065901393,0.00027155949936126414,0.00027277055744926864,135744,168,0,33936,42,24.642961110919714,5.10864300329593,0.12314965482801199
1.0,9010.930476668975,809,11.263069493998046,562.81591796875,714.0,1.0,0.9999999077547164,367.9820556640625,45.25629959787641,0.00027032066741710986,0.0002715299825764392,135912,168,0,33978,42,23.436122238636017,5.150796731889603,0.22209975868463516
1.0,9022.159240684974,810,11.228764015999332,562.81591796875,714.0,1.0,0.9999998992397672,363.3366394042969,44.50144158374695,0.00026908363045762923,0.000270291193257801,136080,168,0,34020,42,29.540022313594818,5.1124393929549985,0.17328436486423016
1.0,9033.303226804972,811,11.143986119997862,562.81591796875,714.0,1.0,0.9999998680182866,107.13324737548828,34.983573379970736,0.0002678483981294848,0.0002690541991536818,136248,168,0,34062,42,18.08793070912361,4.99153871109177,0.10370384622365236
1.0,9044.38742428397,812,11.084197478998249,562.81591796875,714.0,1.0,0.9999999304612478,188.67294311523438,46.77511556943258,0.00026661498006526666,0.0002678190099104102,136416,168,0,34104,42,16.608964901417494,5.191337645475176,0.36563701927661896
1.0,9055.558649052971,813,11.171224769001128,562.81591796875,714.0,1.0000001192092896,0.9999999262037731,308.0120849609375,45.457192111582984,0.0002653833858834164,0.0002665856351602401,136584,168,0,34146,42,15.729531981050968,5.098688025759267,0.427403774112463
1.0,9066.674371500969,814,11.115722447997541,562.81591796875,714.0,1.0,0.9999999262037731,297.0616455078125,46.80829778739384,0.00026415362518815314,0.0002653540845212753,136752,168,0,34188,42,18.005186051130295,5.14605501023609,0.29387539625167847
1.0,9077.93010028197,815,11.25572878100138,562.81591796875,714.0,1.0,0.9999998964014507,237.94471740722656,42.41817786296209,0.0002629257075693975,0.0002641243675973954,136920,168,0,34230,42,19.647253131493926,5.114492054319098,0.09633808210492134
0.9761904761904762,9089.113686674973,816,11.18358639300277,562.81591796875,714.0,1.0000001192092896,0.9877891490856806,287.8763122558594,39.803340608874954,0.00026169964260269805,0.00026289649397817963,137088,168,0,34272,42,23.03826715797186,5.051228092573139,0.05666269455105066
1.0,9100.286177596972,817,11.17249092199927,562.81591796875,714.0,1.0000001192092896,0.9999999191079821,446.4535827636719,51.65372687010538,0.0002604754398491555,0.0002616704732388336,137256,168,0,34314,42,18.672224432229996,5.20331167635907,0.14496668800711632
1.0,9111.497979413973,818,11.211801817000378,562.81591796875,714.0,1.0,0.9999998893056598,179.27394104003906,39.46714899085817,0.000259253108855349,0.00026044631494011284,137424,168,0,34356,42,22.39499333500862,5.026270823331461,0.24068964086472988
1.0,9122.692290903971,819,11.194311489998654,562.81591796875,714.0,1.0000001192092896,0.9999999148505074,414.0533752441406,54.37931212640944,0.0002580326591532607,0.0002592240286282501,137592,168,0,34398,42,33.920874416828156,5.19809178431474,0.2917989008128643
1.0,9133.897285781972,820,11.204994878000434,562.81591796875,714.0,1.0,0.9999998935631343,165.32015991210938,37.543228393509274,0.000256814100260203,0.0002580036238348793,137760,168,0,34440,42,18.085197255015373,5.020452357296433,0.16789995972067118
1.0,9145.206680853971,821,11.309395071999461,562.81591796875,714.0,1.0,0.9999999049164,264.86004638671875,43.400328233128505,0.000255597441678743,0.00025678511007696234,137928,168,0,34482,42,19.939638257026672,5.110471091410589,0.1771710105240345
1.0,9156.46115475197,822,11.25447389799956,562.81591796875,714.0,1.0,0.9999998935631343,345.26068115234375,51.97719505571184,0.00025438269289662847,0.0002555684968567139,138096,168,0,34524,42,25.235246643424034,5.200480321278086,0.17739689629524946
1.0,9167.675338908968,823,11.214184156997362,562.81591796875,714.0,1.0,0.9999998992397672,215.70631408691406,38.03746106227239,0.0002531698633867146,0.0002543537936615285,138264,168,0,34566,42,16.19990212842822,5.001036395097063,0.07381080463528633
1.0,9178.951743941969,824,11.276405033000628,562.81591796875,714.0,1.0,0.9999998893056598,298.9896240234375,38.97088550669806,0.0002519589626068891,0.000253141009963906,138432,168,0,34608,42,16.643147960305214,4.993394739371503,0.23075949773192406
1.0,9190.18628351497,825,11.234539573000802,562.81591796875,714.0,1.0000001192092896,0.9999998992397672,345.89202880859375,44.83207886275791,0.00025075000000000016,0.00025193015522137697,138600,168,0,34650,42,19.56255578622222,5.107033246684642,0.1879859995096922
1.0,9201.412871842967,826,11.226588327997888,562.81591796875,714.0,1.0,0.9999999091738746,280.4879150390625,52.640372787203106,0.0002495429849937805,0.0002507212388764299,138768,168,0,34692,42,19.33816158771515,5.338512199154745,0.26074821688234806
1.0,9212.797866825968,827,11.38499498300007,562.81591796875,714.0,1.0000001192092896,0.9999999134313493,235.8414764404297,44.23798123995463,0.00024833792700077595,0.0002495142703564372,138936,168,0,34734,42,24.396077513694763,5.056021891689549,0.1374994721263647
1.0,9224.034834122966,828,11.236967296998046,562.81591796875,714.0,1.0000001192092896,0.9999999020780835,573.655029296875,47.53118201096853,0.00024713483541827057,0.0002483092590735822,139104,168,0,34776,42,22.549408435821533,5.071385630450788,0.2109566330909729
1.0,9235.256295988966,829,11.221461866000027,562.81591796875,714.0,1.0,0.9999999262037731,201.0605926513672,44.41527932030814,0.00024593371962821443,0.00024710621442478444,139272,168,0,34818,42,17.872945986688137,5.0729674906802495,0.7091554384678602
1.0,9246.486326729966,830,11.230030741000519,562.81591796875,714.0,1.0,0.9999998651799702,279.0242614746094,38.330994506676994,0.00024473458899714964,0.0002459051457916283,139440,168,0,34860,42,17.622842103242874,4.932096722092302,0.06359121948480606
1.0,9257.727846170968,831,11.24151944100231,562.81591796875,714.0,1.0,0.9999998964014507,258.35107421875,38.78625142006647,0.00024353745287613752,0.00024470606254028786,139608,168,0,34902,42,22.670981273055077,4.9434821414761245,0.33615848794579506
1.0,9268.921239436968,832,11.193393265999475,562.81591796875,714.0,1.0,0.9999999233654567,186.7061767578125,40.48104308616547,0.0002423423206006864,0.00024350897402145548,139776,168,0,34944,42,23.916470454074442,4.910890938414793,0.21566937305033207
1.0,9280.266208692967,833,11.344969255998876,562.81591796875,714.0,1.0000001192092896,0.9999998978206089,454.21331787109375,44.45019360951015,0.00024114920149067754,0.0002423138895702677,139944,168,0,34986,42,20.875493003055453,5.0151330625106185,0.13304192200303078
1.0,9291.419044862967,834,11.152836170000228,562.81591796875,714.0,1.0000001192092896,0.9999999020780835,257.6845397949219,40.13566426436106,0.0002399581048502937,0.00024112081850623308,140112,168,0,35028,42,21.268474400043488,4.950110514127162,0.31177436746656895
1.0,9302.663970254966,835,11.24492539199855,562.81591796875,714.0,1.0000001192092896,0.9999999205271403,237.69908142089844,42.219167873972935,0.00023876903996794557,0.0002399297701331597,140280,168,0,35070,42,18.391796585172415,5.013682352412226,0.5757239200174809
1.0,9313.891689032967,836,11.227718778001872,562.81591796875,714.0,1.0000001192092896,0.9999999219462985,211.00912475585938,44.32095801830292,0.0002375820161162,0.00023874075373908174,140448,168,0,35112,42,18.26873191446066,5.0020594922049595,0.1906369891948998
1.0,9325.170948880968,837,11.279259848000947,562.81591796875,714.0,1.0,0.9999999162696657,189.631103515625,42.28813610190437,0.00023639704255170723,0.00023755377859618814,140616,168,0,35154,42,20.285718204453588,4.9841223373521295,0.2495395801961422
1.0,9336.416483967969,838,11.245535087000462,562.81591796875,714.0,1.0,0.9999999162696657,215.90802001953125,40.48354950405302,0.00023521412851512958,0.0002363688539607494,140784,168,0,35196,42,17.656399684026837,4.9363088968786455,0.2262114081531763
1.0,9347.746249829972,839,11.329765862003114,562.81591796875,714.0,1.0,0.9999999006589254,162.72821044921875,41.61046136560894,0.00023403328323106789,0.00023518598907304588,140952,168,0,35238,42,21.94017732143402,4.969176028766448,0.2016859846189618
1.0,9358.971162804974,840,11.224912975001644,562.81591796875,714.0,1.0000001192092896,0.9999999049164,154.18792724609375,37.32228867780594,0.00023285451590799108,0.00023400519315729533,141120,168,0,35280,42,16.013937200419605,4.88901306545761,0.31365771498531103
1.0,9370.216499924976,841,11.24533712000266,562.81591796875,714.0,1.0,0.9999998964014507,267.99591064453125,41.20976647592726,0.00023167783573816374,0.00023282647542158193,141288,168,0,35322,42,24.188996602781117,4.940141745887342,0.2682218849658966
1.0,9381.497038949976,842,11.280539024999598,562.81591796875,714.0,1.0,0.9999999020780835,268.10614013671875,43.61864038876125,0.00023050325189757405,0.0002316498450577829,141456,168,0,35364,42,26.22416011337191,4.957348948322414,0.33636050671339035
1.0,9392.750990613975,843,11.253951663999032,562.81591796875,714.0,1.0,0.9999999105930328,220.73883056640625,41.9326411655971,0.00022933077354586265,0.0002304753112414985,141624,168,0,35406,42,25.492929816246033,4.955812368652827,0.41443563811481
1.0,9404.081697299975,844,11.330706685999758,562.81591796875,714.0,1.0000001192092896,0.9999998907248179,177.413330078125,35.61910932120823,0.0002281604098262511,0.00022930288313197943,141792,168,0,35448,42,23.94401277601719,4.898429699996043,0.15410558134317398
1.0,9415.436482235971,845,11.354784935996577,562.81591796875,714.0,1.0,0.9999999233654567,222.20814514160156,41.915477968397596,0.00022699216986547121,0.00022813256987205547,141960,168,0,35490,42,17.76524393633008,4.96920056118896,0.15636845491826534
1.0,9426.672124369972,846,11.235642134000955,562.81591796875,714.0,1.0,0.9999999077547164,193.45420837402344,44.00396776767004,0.00022582606277369254,0.00022696438058806455,142128,168,0,35532,42,15.095882378518581,4.977916242222169,0.1942940503358841
1.0,9437.897108788973,847,11.224984419000975,562.81591796875,714.0,1.0000001192092896,0.9999999375570388,285.92047119140625,42.38599080131168,0.00022466209764445265,0.00022579832438978108,142296,168,0,35574,42,17.32614141702652,4.932239758050335,0.7243151422590017
1.0,9449.134250240972,848,11.237141451998468,562.81591796875,714.0,1.0000001192092896,0.9999998978206089,294.7546691894531,43.900367609092164,0.00022350028355458534,0.00022463441037034603,142464,168,0,35616,42,23.460552282631397,5.007439699201357,0.19159523025155067
1.0,9460.360145757972,849,11.225895517000026,562.81591796875,714.0,1.0000001192092896,0.9999998836290269,247.82827758789062,51.576634594372344,0.0002223406295641503,0.00022347264760619426,142632,168,0,35658,42,28.91771048679948,5.087686455387267,0.18176043592393398
0.9761904761904762,9471.573556041974,850,11.213410284002748,562.81591796875,714.0,1.0000001192092896,0.9987900143577939,167.83792114257812,36.66524357455118,0.00022118314471636206,0.0002223130451569856,142800,168,0,35700,42,20.85581612586975,4.859800500950466,0.09845978207886219
1.0,9482.940368833973,851,11.36681279199911,562.81591796875,714.0,1.0000001192092896,0.9999999148505074,205.44261169433594,41.88048452422733,0.00022002783803752018,0.0002211556120655327,142968,168,0,35742,42,23.051942586898804,4.931805031839758,0.32178289629518986
1.0,9494.179091094975,852,11.238722261001385,562.81591796875,714.0,1.0000001192092896,0.9999998651799702,365.1152648925781,42.44945855651583,0.00021887471853693834,0.00022000035735773128,143136,168,0,35784,42,15.423843704164028,4.906664296197484,0.04833278339356184
1.0,9505.448826733977,853,11.269735639001738,562.81591796875,714.0,1.0,0.9999999191079821,202.05201721191406,40.701208733377,0.0002177237952068738,0.00021884729004248947,143304,168,0,35826,42,21.31273055076599,4.871134444284031,0.20813414081931114
1.0,9516.730161494976,854,11.281334760999016,562.81591796875,714.0,1.0,0.9999999020780835,348.4759826660156,42.36588465599787,0.00021657507702245836,0.00021769641911165797,143472,168,0,35868,42,23.931459069252014,4.933527376536014,0.21619617380201817
1.0,9527.942493226976,855,11.212331732000166,562.81591796875,714.0,1.0,0.999999877952394,157.0530242919922,36.56395746412731,0.00021542857294162645,0.0002165477535399597,143640,168,0,35910,42,17.775055587291718,4.867248553050948,0.11033356562256813
0.9761904761904762,9539.134382371976,856,11.19188914500046,562.81591796875,714.0,1.0000001192092896,0.9991009050891513,204.20562744140625,37.2978900273641,0.00021428429190504776,0.00021540130228491915,143808,168,0,35952,42,23.17790089547634,4.861081459869941,0.06289437413215637
1.0,9550.496786779975,857,11.362404407998838,562.81591796875,714.0,1.0000001192092896,0.9999998864673433,217.41612243652344,39.131711588019414,0.00021314224283605526,0.00021425707428679387,143976,168,0,35994,42,25.010759457945824,4.831345061948967,0.1051824726164341
0.9761904761904762,9561.737942823973,858,11.241156043997762,562.81591796875,714.0,1.0,0.9895098904768626,412.72705078125,42.530672448022024,0.00021200243464057744,0.0002131150784685034,144144,168,0,36036,42,19.826766788959503,4.890220436666693,0.06877974420785904
1.0,9572.934524954973,859,11.196582131000469,562.81591796875,714.0,1.0,0.9999999219462985,201.5323486328125,38.59626630374363,0.0002108648762070672,0.00021197532373556065,144312,168,0,36078,42,23.053542260080576,4.8274889867309305,0.5930262468755245
1.0,9584.119303627973,860,11.184778672999528,562.81591796875,714.0,1.0000001192092896,0.9999999091738746,293.4661560058594,39.36544636885325,0.000209729576406434,0.00021083781897600172,144480,168,0,36120,42,24.81253218650818,4.8348518897601895,0.5736953001469374
1.0,9595.37932872197,861,11.260025093997683,562.81591796875,714.0,1.0,0.9999998992397672,223.64697265625,42.58180727277483,0.00020859654409197362,0.00020970257306031763,144648,168,0,36162,42,20.59369906038046,4.88473632466048,0.3112592566758394
1.0,9606.664245767974,862,11.284917046003102,562.81591796875,714.0,1.0,0.9999998949822926,339.1532897949219,46.26730811879749,0.00020746578809929954,0.0002085695948413837,144816,168,0,36204,42,17.349551308900118,4.913642010718052,0.20868472196161747
1.0,9617.989103865973,863,11.324858097999822,562.81591796875,714.0,1.0,0.9999998949822926,155.79335021972656,39.48850073700859,0.00020633731724627438,0.00020743889315439197,144984,168,0,36246,42,17.98042558133602,4.883139594214126,0.14902728237211704
1.0,9629.186751337973,864,11.197647471999517,562.81591796875,714.0,1.0000001192092896,0.9999998680182866,170.9865264892578,38.30936750060036,0.00020521114033294016,0.0002063104768167813,145152,168,0,36288,42,16.81808477640152,4.819985922869472,0.11278553307056427
1.0,9640.43202093097,865,11.24526959299692,562.81591796875,714.0,1.0,0.9999999191079821,197.47491455078125,40.55121114424297,0.0002040872661414512,0.00020518435462816865,145320,168,0,36330,42,25.865297317504883,4.8295853923939704,0.33673189021646976
1.0,9651.625999509972,866,11.19397857900185,562.81591796875,714.0,1.0000001192092896,0.9999999049164,182.1500244140625,35.0567881436575,0.00020296570343600372,0.00020406053537028144,145488,168,0,36372,42,23.21646022796631,4.782999979021649,0.22658095508813858
1.0,9662.829751204972,867,11.203751695000392,562.81591796875,714.0,1.0000001192092896,0.9999999006589254,209.8517303466797,46.755512055896574,0.00020184646096276952,0.00020293902780688764,145656,168,0,36414,42,14.689536318182945,4.943591353283929,0.20909173227846622
1.0,9674.227436833975,868,11.397685629002808,562.81591796875,714.0,1.0,0.9999999134313493,328.80889892578125,43.030745154335385,0.00020072954744982554,0.00020181984068372896,145824,168,0,36456,42,19.835838690400124,4.856784616796566,0.22379838302731514
1.0,9685.496722771972,869,11.269285937996756,562.81591796875,714.0,1.0000001192092896,0.9999999091738746,190.8308868408203,38.59225622812907,0.00019961497160708833,0.00020070298272845095,145992,168,0,36498,42,18.240419030189514,4.793565551351223,0.17189523577690125
1.0,9696.682258495974,870,11.185535724001966,562.81591796875,714.0,1.0,0.9999998893056598,167.66842651367188,37.06065309047699,0.0001985027421262438,0.0001995884626505367,146160,168,0,36540,42,15.91785429045558,4.76055853326051,0.09719226788729429
1.0,9707.897152653972,871,11.21489415799806,562.81591796875,714.0,1.0,0.9999999063355582,216.16839599609375,39.852415513424646,0.00019739286768068103,0.00019847628914123743,146328,168,0,36582,42,22.578678973950446,4.823673864449596,0.30458712205290794
1.0,9719.098036566971,872,11.200883912999416,562.81591796875,714.0,1.0000001192092896,0.9999998751140776,163.98809814453125,38.05122266213099,0.0001962853569254241,0.00019736647087350564,146496,168,0,36624,42,16.257835948839784,4.790784358667831,0.132600087672472
0.9761904761904762,9730.373423001969,873,11.275386434997927,562.81591796875,714.0,1.0,0.9932900326592582,162.39273071289062,38.3579038296427,0.00019518021849706412,0.00019625901650192692,146664,168,0,36666,42,16.456558108329773,4.803948651533574,0.06581173092126846
1.0,9741.73083701497,874,11.35741401300038,562.81591796875,714.0,1.0,0.9999999006589254,334.5374450683594,42.578039793741134,0.0001940774610136926,0.00019515393466265317,146832,168,0,36708,42,23.98629491776228,4.813441385781126,0.15228747949004173
1.0,9753.053467373971,875,11.322630359001778,562.81591796875,714.0,1.0000001192092896,0.9999998907248179,126.72301483154297,35.05077931710652,0.0001929770930748337,0.00019405123397333462,147000,168,0,36750,42,17.899701058864594,4.75659571412862,0.21695721708238125
1.0,9764.23653240297,876,11.183065028999408,562.81591796875,714.0,1.0000001192092896,0.9999999191079821,155.351806640625,36.55877292723883,0.00019187912326137807,0.00019295092303305258,147168,168,0,36792,42,22.75615656375885,4.781492557675977,0.1770262699574232
1.0,9775.469200666972,877,11.232668264001404,562.81591796875,714.0,1.0000001192092896,0.9999999375570388,208.8681182861328,40.0717420067106,0.0001907835601355145,0.0001918530104222529,147336,168,0,36834,42,17.78565850108862,4.767575383918094,0.455831341445446
1.0,9786.767161150972,878,11.297960484000214,562.81591796875,714.0,1.0000001192092896,0.999999924784615,233.23109436035156,39.29869886807033,0.00018969041224066465,0.0001907575047026784,147504,168,0,36876,42,20.842479740269482,4.782826527332266,0.6838482674211264
1.0,9798.044354442973,879,11.277193292000447,562.81591796875,714.0,1.0,0.9999999148505074,181.06137084960938,37.500074256034125,0.00018859968810141524,0.00018966441441730313,147672,168,0,36918,42,23.257638707756996,4.742289658569332,0.20873945392668247
0.9761904761904762,9809.424054948973,880,11.379700506000518,562.81591796875,714.0,1.0,0.9933792551358541,180.061279296875,37.34518494492485,0.00018751139622345215,0.00018857374809026442,147840,168,0,36960,42,21.579435110092163,4.746318832062007,0.09347249008715153
1.0,9820.699528845973,881,11.275473896999756,562.81591796875,714.0,1.0,0.9999998694374448,256.84332275390625,45.72835998308091,0.000186425545093494,0.00018748551422679763,148008,168,0,37002,42,19.951689422130585,4.83500280550548,0.21123988926410675
1.0,9831.953056685972,882,11.253527839999151,562.81591796875,714.0,1.0,0.9999999134313493,373.9147033691406,46.09914938608805,0.0001853421431792261,0.0001863997213131687,148176,168,0,37044,42,20.001388549804688,4.819973865124796,0.8749599456787109
1.0,9843.151100824973,883,11.198044139000558,562.81591796875,714.0,1.0,0.9999998765332359,256.7677001953125,41.8090960865929,0.00018426119892923443,0.00018531637781660945,148344,168,0,37086,42,23.374627713114023,4.743890724499666,0.11407374031841755
0.9761904761904762,9854.366605723972,884,11.215504898998915,562.81591796875,714.0,1.0000001192092896,0.9971971029327029,331.643798828125,41.15308399711336,0.00018318272077293902,0.00018423549218524933,148512,168,0,37128,42,29.044355019927025,4.753315586707599,0.1025072019547224
1.0,9865.594815276974,885,11.22820955300267,562.81591796875,714.0,1.0,0.9999999063355582,234.87619018554688,37.94343985546203,0.00018210671712052948,0.00018315707284805206,148680,168,0,37170,42,21.00900163501501,4.741404431428583,0.17259222269058228
1.0,9876.963892454976,886,11.369077178002044,562.81591796875,714.0,1.0,0.9999999162696657,118.83610534667969,33.77073169322241,0.00018103319636289837,0.00018208112821474837,148848,168,0,37212,42,17.91298244893551,4.68789630301208,0.29549374990165234
0.9761904761904762,9888.199939223974,887,11.236046768997767,562.81591796875,714.0,1.0000001192092896,0.9991269395464942,259.20733642578125,45.00974716317086,0.0001799621668715762,0.00018100766667577034,149016,168,0,37254,42,18.672979772090912,4.812760201903681,0.21009742096066475
1.0,9899.443334148975,888,11.243394925000757,562.81591796875,714.0,1.0,0.9999998793715522,164.96115112304688,36.229996286687395,0.0001788936369986658,0.00017993669660218696,149184,168,0,37296,42,17.768127501010895,4.684851758204223,0.16800696402788162
1.0,9910.686239550974,889,11.242905401999451,562.81591796875,714.0,1.0,0.9999998878865015,216.6758575439453,39.15631790955862,0.00017782761507677822,0.00017886822634563787,149352,168,0,37338,42,16.44025579886511,4.746878408350139,0.12143629044294357
0.9761904761904762,9921.920252090975,890,11.234012540000549,562.81591796875,714.0,1.0,0.9955511007990155,210.97796630859375,40.10159179426375,0.00017676410941896615,0.00017780226423826881,149520,168,0,37380,42,15.051214918494225,4.741656786850875,0.08611184824258089
1.0,9933.279260759977,891,11.359008669001923,562.81591796875,714.0,1.0000001192092896,0.9999999006589254,242.6417694091797,38.86068188292639,0.00017570312831866047,0.00017673881859266613,149688,168,0,37422,42,14.450871467590332,4.701462001783685,0.19587738811969757
1.0,9944.573176639977,892,11.293915879999986,562.81591796875,714.0,1.0,0.9999998836290269,173.87774658203125,40.40354968820299,0.00017464468004960542,0.00017567789770179306,149856,168,0,37464,42,18.224026165902615,4.688072307656209,0.21119073498994112
1.0,9955.917637343977,893,11.344460704000085,562.81591796875,714.0,1.0000001192092896,0.9999998893056598,169.6990966796875,36.77013329664866,0.0001735887728657924,0.00017461950983892348,150024,168,0,37506,42,14.11492508649826,4.692054547192085,0.16572578623890877
1.0,9967.086580212977,894,11.168942869000603,562.81591796875,714.0,1.0,0.9999998836290269,196.49942016601562,36.28911314691816,0.00017253541500139835,0.00017356366325757864,150192,168,0,37548,42,22.960897386074066,4.679617142326952,0.14869963563978672
1.0,9978.282735830977,895,11.196155617999466,562.81591796875,714.0,1.0,0.9999999205271403,106.07417297363281,34.526673986798244,0.00017148461467071907,0.0001725103661914625,150360,168,0,37590,42,15.973717585206032,4.643291934116167,0.2242751456797123
1.0,9989.509907092975,896,11.227171261998592,562.81591796875,714.0,1.0000001192092896,0.9999999020780835,159.42909240722656,34.29998252789179,0.00017043638006810702,0.00017145962685439698,150528,168,0,37632,42,14.509838417172432,4.651790570722715,0.23450867552310228
1.0,10000.803870008975,897,11.293962915999145,562.81591796875,714.0,1.0000001192092896,0.9999999120121911,154.6156768798828,34.61779590731575,0.00016939071936790588,0.0001704114534402585,150696,168,0,37674,42,23.36221754550934,4.642843012387554,0.12366456538438797
1.0,10012.144282625974,898,11.340412616998947,562.81591796875,714.0,1.0000001192092896,0.9999999148505074,195.6276092529297,37.66821527764911,0.00016834764072438802,0.00016936585412291374,150864,168,0,37716,42,24.60687744617462,4.730137704295062,0.22882966324687004
1.0,10023.375038301972,899,11.230755675998807,562.81591796875,714.0,1.0,0.9999999105930328,218.1641082763672,39.92546655450548,0.00016730715227169027,0.00016832283705615656,151032,168,0,37758,42,26.087781250476837,4.717495588973786,0.16292493045330048
1.0,10034.675975300972,900,11.300936998999532,562.81591796875,714.0,1.0,0.9999999020780835,248.30380249023438,36.30489307641983,0.0001662692621237505,0.00016728241037364326,151200,168,0,37800,42,22.147496048361063,4.666133566571045,0.24327479675412178
1.0,10045.930717313971,901,11.254742012999486,562.81591796875,714.0,1.0000001192092896,0.9999999191079821,145.47470092773438,37.372482702845616,0.00016523397837424442,0.00016624458218883034,151368,168,0,37842,42,15.34920547902584,4.690934551203446,0.16045055352151394
1.0,10057.15572439897,902,11.225007084998651,562.81591796875,714.0,1.0,0.9999998964014507,229.9457244873047,38.571188271045685,0.00016420130909652279,0.00016520936059491041,151536,168,0,37884,42,18.685333598405123,4.690261801305626,0.15593761764466763
0.9523809523809523,10068.450024997968,903,11.294300598998234,562.81591796875,714.0,1.0,0.9935815589768546,127.09172821044922,32.449408822116396,0.0001631712623435483,0.00016417675366474935,151704,168,0,37926,42,23.231007209047675,4.636669122636141,0.08581115771085024
0.9761904761904762,10079.754688809968,904,11.30466381199949,562.81591796875,714.0,1.0000001192092896,0.9982900335675194,194.2883758544922,36.3415409440086,0.0001621438461478323,0.0001631467694508233,151872,168,0,37968,42,25.42095398902893,4.650446837036205,0.08819731045514345
1.0,10091.02503660497,905,11.270347795001726,562.81591796875,714.0,1.0,0.9999998964014507,117.82733917236328,34.72247785329819,0.00016111906852137264,0.00016211941598515616,152040,168,0,38010,42,14.18479798361659,4.62831811724408,0.24999898485839367
1.0,10102.320406217972,906,11.29536961300255,562.81591796875,714.0,1.0,0.9999998935631343,119.09867858886719,32.62461993524006,0.00016009693745559092,0.0001610947012792569,152208,168,0,38052,42,14.864965081214905,4.5953087531518015,0.1604033736512065
1.0,10113.575214307974,907,11.254808090001461,562.81591796875,714.0,1.0,0.9999999020780835,274.3669738769531,44.09423284871237,0.0001590774609212709,0.00016007263332405618,152376,168,0,38094,42,25.831581354141235,4.743524682164813,0.2929681446403265
1.0,10124.804952817973,908,11.229738509999152,562.81591796875,714.0,1.0,0.9999999091738746,265.0996398925781,39.54115951628912,0.00015806064686849504,0.00015905322008984583,152544,168,0,38136,42,17.255330204963684,4.643527837470174,0.25563072226941586
1.0,10136.083792441972,909,11.278839623999374,562.81591796875,714.0,1.0,0.9999998623416537,124.40662384033203,30.682891831511544,0.00015704650322658384,0.00015803646952621437,152712,168,0,38178,42,15.758585214614868,4.587319326398539,0.10984363779425621
1.0,10147.35349441797,910,11.269701975998032,562.81591796875,714.0,1.0000001192092896,0.9999999191079821,166.33319091796875,38.76719033434277,0.00015603503790403295,0.0001570223895619874,152880,168,0,38220,42,15.211702063679695,4.656407492468134,0.22338811121881008
1.0,10158.60337706297,911,11.249882644999161,562.81591796875,714.0,1.0,0.9999998595033374,172.35987854003906,35.30891808441707,0.0001550262587884523,0.0001560109881051638,153048,168,0,38262,42,18.449001252651215,4.649915448012983,0.14683215506374836
1.0,10169.73616789997,912,11.132790837000357,562.81591796875,714.0,1.0000001192092896,0.9999998964014507,188.1804962158203,36.2934229742913,0.000154020173746504,0.00015500227304285574,153216,168,0,38304,42,15.93839105963707,4.600852592582149,0.22485911007970572
0.9761904761904762,10180.864516731966,913,11.128348831996846,562.81591796875,714.0,1.0,0.9981483419736227,179.08502197265625,38.24371228757359,0.00015301679062384118,0.0001539962522412255,153384,168,0,38346,42,23.439848367124796,4.643341332341412,0.16322948411107063
0.9761904761904762,10191.997334319964,914,11.132817587997124,562.81591796875,714.0,1.0000001192092896,0.9975457744938987,232.31260681152344,34.71269563975788,0.00015201611724504726,0.0001529929335454257,153552,168,0,38388,42,19.84976913034916,4.61354330419341,0.16475988924503326
1.0,10203.253308781965,915,11.255974462001177,562.81591796875,714.0,1.0000001192092896,0.9999999049164,184.1790771484375,37.30450486001514,0.00015101816141357394,0.00015199232477953697,153720,168,0,38430,42,15.080082047730684,4.643328062724322,0.36717763915657997
1.0,10214.401206862964,916,11.147898080998857,562.81591796875,714.0,1.0,0.9999998964014507,393.2567138671875,44.60777589536848,0.00015002293091168162,0.00015099443374650727,153888,168,0,38472,42,15.96453015320003,4.743984343861008,0.21317839063704014
0.9761904761904762,10225.566893986961,917,11.165687123997486,562.81591796875,714.0,1.0000001192092896,0.9950339410986219,211.77099609375,37.92489628138996,0.00014903043350037747,0.00014999926822809165,154056,168,0,38514,42,22.140949249267578,4.654214741628883,0.14281759317964315
0.9761904761904762,10236.674841933964,918,11.107947947002685,562.81591796875,714.0,1.0,0.999220997095108,317.06011962890625,39.13568489892142,0.0001480406769193557,0.00014900683598479043,154224,168,0,38556,42,14.696708083152771,4.606851852011113,0.10807295888662338
1.0,10247.762437882964,919,11.087595949000388,562.81591796875,714.0,1.0000001192092896,0.9999999191079821,209.99618530273438,35.10776170094808,0.0001470536688869368,0.00014801714475578994,154392,168,0,38598,42,28.467648200690746,4.594388870433683,0.30942656844854355
1.0,10258.905892217961,920,11.143454334996932,562.81591796875,714.0,1.0000001192092896,0.9999998964014507,204.40528869628906,34.04278438431876,0.00014606941710000793,0.00014703020225890082,154560,168,0,38640,42,32.89411020278931,4.604687774443024,0.13921674899756908
1.0,10270.07459498096,921,11.168702762999601,562.81591796875,714.0,1.0,0.9999998893056598,339.8829345703125,39.07938232308342,0.00014508792923396198,0.00014604601619049937,154728,168,0,38682,42,20.79666955024004,4.630614776496908,0.15197428315877914
1.0,10281.271344271961,922,11.196749291000742,562.81591796875,714.0,1.0000001192092896,0.9999998736949194,147.45999145507812,32.19116292397181,0.00014410921294263866,0.00014506459422546571,154896,168,0,38724,42,16.9986312687397,4.580584412440658,0.149377447552979
1.0,10292.420582684965,923,11.149238413003332,562.81591796875,714.0,1.0,0.9999998992397672,243.1658477783203,34.88774008977981,0.00014313327585826436,0.00014408594401712596,155064,168,0,38766,42,25.130653478205204,4.56867179718046,0.2461872696876526
1.0,10303.505277160963,924,11.084694475997821,562.81591796875,714.0,1.0,0.9999998921439761,201.51121520996094,36.25574655192239,0.00014216012559139236,0.00014311007319719058,155232,168,0,38808,42,18.128506913781166,4.5714250479802665,0.09678536374121904
1.0,10314.640327840963,925,11.135050680000859,562.81591796875,714.0,1.0,0.9999998736949194,160.04258728027344,35.897977477028256,0.00014118976973084385,0.0001421369893756965,155400,168,0,38850,42,19.884321989491582,4.567820586519138,0.14636536873877048
1.0,10325.787319279963,926,11.146991438999976,562.81591796875,714.0,1.0,0.9999998935631343,169.9564208984375,34.03564931665148,0.00014022221584364869,0.000141166700140947,155568,168,0,38892,42,27.880915641784668,4.574284394504502,0.23802334256470203
1.0,10337.085179321963,927,11.297860041999229,562.81591796875,714.0,1.0,0.9999998722757611,191.56362915039062,34.58002911011378,0.00013925747147498674,0.0001401992130594523,155736,168,0,38934,42,20.504663908854127,4.5705474659224,0.12089227046817541
1.0,10348.222231702963,928,11.137052381000103,562.81591796875,714.0,1.0000001192092896,0.9999998836290269,196.97286987304688,33.02083406278065,0.0001382955441481281,0.00013923453567587095,155904,168,0,38976,42,22.44465896487236,4.559615024942017,0.05615776311606169
1.0,10359.361056002963,929,11.138824300000124,562.81591796875,714.0,1.0000001192092896,0.9999999006589254,138.4641571044922,33.46676581530344,0.00013733644136437552,0.0001382726755129508,156072,168,0,39018,42,15.410502733662724,4.564601002061473,0.14910451881587505
1.0,10370.449113515962,930,11.088057512999512,562.81591796875,714.0,1.0,0.9999998949822926,175.12454223632812,37.173572665169125,0.00013638017060300505,0.000137313640071471,156240,168,0,39060,42,26.561763286590576,4.584218642253074,0.2372088711708784
1.0,10381.581696254962,931,11.13258273899919,562.81591796875,714.0,1.0000001192092896,0.9999999191079821,269.7059326171875,39.75881596122469,0.00013542673932120822,0.00013635743683018228,156408,168,0,39102,42,19.93269979953766,4.595853456551032,0.19247823487967253
1.0,10392.702933511962,932,11.121237257000757,562.81591796875,714.0,1.0,0.9999998978206089,180.94068908691406,35.270919266201204,0.0001344761549540335,0.00013540407324574982,156576,168,0,39144,42,19.970755130052567,4.555026448475907,0.22544615902006626
0.9523809523809523,10403.927212547962,933,11.224279035999643,562.81591796875,714.0,1.0000001192092896,0.9937608667782375,144.94586181640625,35.38677518992197,0.00013352842491432896,0.00013445355675269425,156744,168,0,39186,42,16.08728339523077,4.562209677217262,0.04426619131118059
1.0,10415.108181213964,934,11.180968666001718,562.81591796875,714.0,1.0,0.9999999148505074,198.52601623535156,36.785778159186954,0.00013258355659268386,0.0001335058947633341,156912,168,0,39228,42,18.383756624534726,4.554800088739111,0.190552631393075
1.0,10426.234134675964,935,11.125953462000325,562.81591796875,714.0,1.0000001192092896,0.9999999006589254,225.62953186035156,35.65504127457028,0.000131641557357371,0.00013256109466772787,157080,168,0,39270,42,19.096330761909485,4.557372582100687,0.285255647264421
1.0,10437.351676110964,936,11.117541435000021,562.81591796875,714.0,1.0000001192092896,0.9999998651799702,123.71037292480469,31.678787509600323,0.00013070243455428983,0.0001316191638336165,157248,168,0,39312,42,17.67497032880783,4.503471114894464,0.16019508056342602
1.0,10448.470526336965,937,11.118850226001086,562.81591796875,714.0,1.0000001192092896,0.9999999105930328,194.7487335205078,33.720819169566745,0.00012976619550690853,0.0001306801096063661,157416,168,0,39354,42,19.119603779166937,4.541787251564009,0.215647017583251
1.0,10459.604665971969,938,11.134139635003521,562.81591796875,714.0,1.0000001192092896,0.9999999020780835,136.7799072265625,34.9204120749519,0.0001288328475162073,0.00012974393930890982,157584,168,0,39396,42,19.323007808998227,4.543364664473172,0.16433831490576267
1.0,10470.893114628969,939,11.288448657000117,562.81591796875,714.0,1.0000001192092896,0.9999998978206089,291.2434997558594,35.737743570691066,0.00012790239786062105,0.00012881066024169203,157752,168,0,39438,42,33.75424510240555,4.527333528768005,0.5242584957741201
1.0,10482.008475873969,940,11.115361244999804,562.81591796875,714.0,1.0000001192092896,0.9999998949822926,123.795654296875,32.1035540217445,0.0001269748537959834,0.00012788027968261024,157920,168,0,39480,42,18.239772888831794,4.513097801456405,0.21142398566007614
1.0,10493.149837687968,941,11.141361813999538,562.81591796875,714.0,1.0,0.9999999120121911,221.8612823486328,38.3224287373679,0.00012605022255546906,0.0001269528048869589,158088,168,0,39522,42,15.088823392987251,4.557926207980407,0.7713629212230444
1.0,10504.348849855967,942,11.199012167999172,562.81591796875,714.0,1.0000001192092896,0.9999999049164,163.26797485351562,34.84909972974232,0.00012512851134953835,0.00012602824308737264,158256,168,0,39564,42,24.352040668949485,4.4990139909953415,0.1650224719196558
1.0,10515.559276309967,943,11.21042645399939,562.81591796875,714.0,1.0000001192092896,0.9999999233654567,121.0450668334961,31.534450922693527,0.0001242097273658804,0.00012510660149377036,158424,168,0,39606,42,14.773507177829742,4.4958888589448875,0.36033299565315247
1.0,10526.766533572969,944,11.207257263002248,562.81591796875,714.0,1.0000001192092896,0.999999870856603,146.6803436279297,31.870427052179974,0.00012329387776935705,0.00012418788729329813,158592,168,0,39648,42,15.600962370634079,4.494707745710565,0.16027625370770693
1.0,10538.09341748197,945,11.32688390900148,562.81591796875,714.0,1.0,0.9999999006589254,180.27427673339844,32.10301404056095,0.00012238096970194776,0.00012327210765027407,158760,168,0,39690,42,20.316985301673412,4.496261020922767,0.1072029396891594
0.9761904761904762,10549.221482229972,946,11.128064748001634,562.81591796875,714.0,1.0,0.9987020733810607,171.0432586669922,34.58987279591106,0.00012147101028269267,0.00012235926970613167,158928,168,0,39732,42,18.595767363905907,4.50622489481854,0.10441641323268414
1.0,10560.352718915972,947,11.131236686000193,562.81591796875,714.0,1.0000001192092896,0.9999998807907104,234.95298767089844,35.59479623749142,0.00012056400660763847,0.00012144938057936445,159096,168,0,39774,42,23.978790640830994,4.5273607439760655,0.14969691820442677
1.0,10571.483323416975,948,11.13060450100238,562.81591796875,714.0,1.0,0.9999998978206089,315.78509521484375,37.635126849015556,0.00011965996574978174,0.00012054244736547088,159264,168,0,39816,42,22.3927161693573,4.516603571074527,0.08228631410747766
1.0,10582.655998369974,949,11.172674952998932,562.81591796875,714.0,1.0,0.9999998410542806,94.84061431884766,29.835400147097452,0.00011875889475901496,0.00011963847713689802,159432,168,0,39858,42,25.355489641427994,4.481951113169392,0.09293368551880121
1.0,10593.895279963974,950,11.239281594000204,562.81591796875,714.0,1.0000001192092896,0.9999998807907104,258.1818542480469,36.45865339040756,0.00011786080066207055,0.00011873747694298765,159600,168,0,39900,42,20.561201237142086,4.53182003776809,0.2587594259530306
0.9761904761904762,10605.253618073977,951,11.358338110003388,562.81591796875,714.0,1.0,0.9994989463261196,144.69766235351562,34.87193950726872,0.0001169656904624667,0.00011783945380992,159768,168,0,39942,42,15.930590450763702,4.515546192293099,0.09416081849485636
0.9761904761904762,10616.465413217975,952,11.211795143997733,562.81591796875,714.0,1.0,0.9995111028353373,131.9805145263672,36.072183066890354,0.00011607357114045242,0.00011694441474066005,159936,168,0,39984,42,13.762365348637104,4.4974654591198835,0.0950343320146203
0.9761904761904762,10627.655022834973,953,11.189609616998496,562.81591796875,714.0,1.0,0.9983068378198714,107.4407958984375,34.536334242139546,0.00011518444965295356,0.00011605236671490218,160104,168,0,40026,42,18.35886140167713,4.49915092867533,0.14495055750012398
1.0,10638.847134622974,954,11.192111788001057,562.81591796875,714.0,1.0000001192092896,0.9999998949822926,128.4208526611328,30.256320433957235,0.00011429833293351818,0.00011516331668901607,160272,168,0,40068,42,16.018995761871338,4.444257196504623,0.2462518122047186
0.9761904761904762,10650.020579256972,955,11.17344463399786,562.81591796875,714.0,1.0,0.9970394131683168,147.0172882080078,33.33950588816688,0.00011341522789226234,0.00011427727159599227,160440,168,0,40110,42,15.966294348239899,4.482746149901123,0.07399189751595259
0.9285714285714286,10661.260804640973,956,11.24022538400095,562.81591796875,714.0,1.0000001192092896,0.97923306340263,173.02305603027344,32.249428509246734,0.00011253514141581656,0.00011339423834538856,160608,168,0,40152,42,20.480881422758102,4.447563905512825,0.04758295509964228
0.9761904761904762,10672.664182319972,957,11.403377678998368,562.81591796875,714.0,1.0,0.9981828998951685,129.19009399414062,32.526765959603445,0.00011165808036727185,0.00011251422382327575,160776,168,0,40194,42,18.857202157378197,4.456453725662349,0.07584673538804054
0.9761904761904762,10683.805603235971,958,11.141420915999333,562.81591796875,714.0,1.0,0.990862964164643,126.01210021972656,30.82866723196847,0.00011078405158612668,0.00011163723489218356,160944,168,0,40236,42,19.64634753204882,4.448180621922282,0.11590291373431683
1.0,10695.00914049997,959,11.203537263998442,562.81591796875,714.0,1.0,0.9999998736949194,174.46670532226562,32.468374925000326,0.00010991306188823278,0.00011076327839104827,161112,168,0,40278,42,14.280595915392041,4.454580110264942,0.2274492122232914
0.9761904761904762,10706.22603888197,960,11.21689838200109,562.81591796875,714.0,1.0,0.9949961503346761,136.99490356445312,32.82586633733341,0.00010904511806574307,0.0001098923611351577,161280,168,0,40320,42,16.059844059869647,4.448930457511562,0.09711215645074844
1.0,10717.437673630971,961,11.21163474900095,562.81591796875,714.0,1.0,0.9999998722757611,158.4532012939453,32.89070340849104,0.00010818022688705761,0.00010902448991609996,161448,168,0,40362,42,16.969648361206055,4.440848084521436,0.12851470336318016
1.0,10728.663724159971,962,11.226050528999622,562.81591796875,714.0,1.0000001192092896,0.9999999091738746,182.8533172607422,33.45312528950827,0.00010731839509677171,0.00010815967150170887,161616,168,0,40404,42,17.775377616286278,4.445603477014672,0.29681760631501675
1.0,10739.915198881972,963,11.251474722001149,562.81591796875,714.0,1.0000001192092896,0.9999998978206089,157.8936004638672,30.46171305009297,0.00010645962941562278,0.00010729791263601242,161784,168,0,40446,42,24.797625235281885,4.408807584860672,0.22315067239105701
1.0,10751.08361706497,964,11.168418182998721,562.81591796875,714.0,1.0,0.9999999020780835,112.23931121826172,35.689603093124575,0.00010560393654043789,0.00010643922003917909,161952,168,0,40488,42,14.572947263717651,4.465697911202109,0.32842494174838066
1.0,10762.278992011972,965,11.195374947001255,562.81591796875,714.0,1.0,0.9999999020780835,118.84674835205078,31.981971647058213,0.00010475132314408231,0.00010558360040746655,162120,168,0,40530,42,14.104197844862938,4.432953240427499,0.10885252803564072
1.0,10773.501219518974,966,11.222227507001662,562.81591796875,714.0,1.0000001192092896,0.9999998665991283,192.44786071777344,34.56066936254501,0.00010390179587540624,0.00010473106041316831,162288,168,0,40572,42,17.370276391506195,4.439587182498404,0.1720127509906888
1.0,10784.723254872973,967,11.222035353999672,562.81591796875,714.0,1.0000001192092896,0.9999998680182866,113.5286636352539,30.021972375256674,0.00010305536135919422,0.00010388160670456256,162456,168,0,40614,42,17.03640639781952,4.4149364625613785,0.1098721381276846
0.9761904761904762,10795.899716181975,968,11.176461309001752,562.81591796875,714.0,1.0,0.9994009435176849,142.56224060058594,30.49058791569301,0.00010221202619611261,0.00010303524590586004,162624,168,0,40656,42,14.809242248535156,4.416522043380176,0.115513164550066
1.0,10807.200024232978,969,11.300308051002503,562.81591796875,714.0,1.0,0.9999998580841791,98.51945495605469,28.108379872072312,0.00010137179696265834,0.00010219198461715212,162792,168,0,40698,42,19.438685834407806,4.387036686175547,0.1196829192340374
1.0,10818.337379267978,970,11.137355034999928,562.81591796875,714.0,1.0000001192092896,0.9999998751140776,108.8780517578125,30.523524988265265,0.00010053468021110769,0.00010135182941435992,162960,168,0,40740,42,13.808863788843155,4.402790387970439,0.15305956080555916
1.0,10829.492426545978,971,11.155047277999984,562.81591796875,714.0,1.0000001192092896,0.9999998964014507,145.73681640625,30.247211047581263,9.970068246946539e-05,0.00010051478684918243,163128,168,0,40782,42,15.904044926166534,4.386177594751297,0.23526534251868725
1.0,10840.66286721898,972,11.170440673002304,562.81591796875,714.0,1.0000001192092896,0.9999998878865015,150.6274871826172,32.71267479941959,9.886981024141326e-05,9.968086344904564e-05,163296,168,0,40824,42,20.139218730852008,4.426371850550086,0.08763761213049293
1.0,10851.826082313979,973,11.163215094999032,562.81591796875,714.0,1.0,0.9999999049164,111.5894546508789,32.35384474198023,9.804207000625984e-05,9.885006571705161e-05,163464,168,0,40866,42,17.910887256264687,4.400108398880721,0.16961145587265491
1.0,10862.998982716981,974,11.172900403002131,562.81591796875,714.0,1.0,0.9999998736949194,191.59710693359375,33.86359835238684,9.721746821888992e-05,9.802240013192826e-05,163632,168,0,40908,42,22.016711488366127,4.413901246308039,0.23371787276118994
1.0,10874.318721671978,975,11.319738954996865,562.81591796875,714.0,1.0000001192092896,0.9999999034972418,99.06385040283203,29.696464513029373,9.639601130971382e-05,9.719787314797783e-05,163800,168,0,40950,42,14.781647101044655,4.386858418395388,0.2000008337199688
1.0,10885.57595764198,976,11.257235970002512,562.81591796875,714.0,1.0000001192092896,0.9999998864673433,94.93657684326172,30.263712454409827,9.557770568461741e-05,9.637649119502755e-05,163968,168,0,40992,42,15.561800241470337,4.372220933204517,0.2656418215483427
1.0,10896.773614978982,977,11.197657337001147,562.81591796875,714.0,1.0000001192092896,0.9999999120121911,202.09393310546875,35.04638845296133,9.476255772491234e-05,9.555826067837874e-05,164136,168,0,41034,42,15.578207463026047,4.412083791679747,0.14667064882814884
1.0,10907.92993827298,978,11.156323293998867,562.81591796875,714.0,1.0000001192092896,0.9999999063355582,101.54096221923828,32.33063343309221,9.395057378728634e-05,9.474318797875748e-05,164304,168,0,41076,42,13.645208284258842,4.390472252986261,0.19882354233413935
1.0,10919.04843514398,979,11.118496871000389,562.81591796875,714.0,1.0000001192092896,0.999999863760812,94.61894989013672,30.420132123288653,9.314176020375297e-05,9.393127945226431e-05,164472,168,0,41118,42,16.56071741785854,4.397624652577742,0.14936057571321726
1.0,10930.285809889981,980,11.237374746000569,562.81591796875,714.0,1.0000001192092896,0.9999998694374448,160.40696716308594,31.090617653869447,9.233612328160333e-05,9.312254143032498e-05,164640,168,0,41160,42,16.296984932385385,4.384299790841483,0.11738905310630798
1.0,10941.519593161982,981,11.233783272000437,562.81591796875,714.0,1.0000001192092896,0.9999999205271403,183.83250427246094,32.18871065548488,9.153366930335584e-05,9.231698021964116e-05,164808,168,0,41202,42,13.532170612365007,4.375761811078216,0.2088622823357582
1.0,10952.71177674798,982,11.192183585997554,562.81591796875,714.0,1.0000001192092896,0.9999998665991283,132.26438903808594,30.832346183913096,9.073440452670786e-05,9.151460210214088e-05,164976,168,0,41244,42,23.5489764213562,4.3713245194715755,0.1347478274255991
1.0,10963.887163140982,983,11.175386393002555,562.81591796875,714.0,1.0000001192092896,0.9999998893056598,143.4333038330078,30.929613417103177,8.993833518448644e-05,9.071541333492996e-05,165144,168,0,41286,42,14.80017987638712,4.382699690748095,0.15760929509997368
1.0,10975.031981235981,984,11.14481809499921,562.81591796875,714.0,1.0000001192092896,0.999999877952394,101.640380859375,31.721847940058936,8.91454674846005e-05,8.991942015024304e-05,165312,168,0,41328,42,14.450717508792877,4.393341675944005,0.1425448153167963
1.0,10986.198782166983,985,11.16680093100149,562.81591796875,714.0,1.0,0.999999863760812,119.91985321044922,28.874972760677338,8.835580760999162e-05,8.912662875539469e-05,165480,168,0,41370,42,24.69448333978653,4.351304616756915,0.22763239406049252
0.9761904761904762,10997.413551903985,986,11.214769737001916,562.81591796875,714.0,1.0,0.999483619417463,134.44094848632812,30.47775186669259,8.756936171858594e-05,8.833704533273135e-05,165648,168,0,41412,42,19.722489833831787,4.360593990855185,0.08860986260697246
1.0,11008.764921338985,987,11.351369435000379,562.81591796875,714.0,1.0,0.9999998949822926,144.999755859375,29.450602105685643,8.678613594324674e-05,8.75506760395834e-05,165816,168,0,41454,42,20.610847264528275,4.3392714585865,0.49980420619249344
1.0,11020.055650567985,988,11.290729229000135,562.81591796875,714.0,1.0,0.9999998964014507,112.2510986328125,29.284277092842828,8.600613639172584e-05,8.676752700821658e-05,165984,168,0,41496,42,21.222928643226624,4.358445561779219,0.2348312884569168
0.9761904761904762,11031.235031971988,989,11.179381404002925,562.81591796875,714.0,1.0,0.9972806218124571,88.88394165039062,28.230745566742762,8.522936914661641e-05,8.598760434578417e-05,166152,168,0,41538,42,17.629950165748596,4.354536424269012,0.07992408331483603
1.0,11042.437151238988,990,11.202119266999944,562.81591796875,714.0,1.0,0.9999998964014507,134.5567626953125,31.610445104894183,8.445584026530534e-05,8.521091413428e-05,166320,168,0,41580,42,14.003464058041573,4.372896050224968,0.3924238523468375
1.0,11053.704484600989,991,11.2673333620005,562.81591796875,714.0,1.0000001192092896,0.9999999006589254,118.1786880493164,32.15266687245596,8.368555577992648e-05,8.443746243049017e-05,166488,168,0,41622,42,19.258195996284485,4.361698320889402,0.1652687881141901
1.0,11065.06994519099,992,11.365460590001021,562.81591796875,714.0,1.0,0.9999998751140776,134.4272003173828,29.374058255127498,8.291852169731277e-05,8.366725526594647e-05,166656,168,0,41664,42,25.02644913457334,4.3545168837687624,0.15573199465870857
1.0,11076.33244263499,993,11.262497444000473,562.81591796875,714.0,1.0,0.9999998822098687,138.63446044921875,30.033761543887003,8.215474399895026e-05,8.290029864687899e-05,166824,168,0,41706,42,15.163617432117462,4.348883026168638,0.05843773018568754
1.0,11087.55693717899,994,11.224494543999754,562.81591796875,714.0,1.0,0.9999998907248179,168.29837036132812,30.308058503128233,8.139422864093076e-05,8.213659855416973e-05,166992,168,0,41748,42,16.17265647649765,4.348033833561376,0.08119025733321905
0.9761904761904762,11098.771060178991,995,11.214123000001564,562.81591796875,714.0,1.0000001192092896,0.9947584612028939,93.25423431396484,30.30498598019282,8.063698155390573e-05,8.137616094330522e-05,167160,168,0,41790,42,14.623429298400879,4.340115777006195,0.09012572653591633
0.9761904761904762,11110.05665533099,996,11.285595151999587,562.81591796875,714.0,1.0,0.9995407121522086,94.86790466308594,28.227456776868728,7.988300864304024e-05,8.061899174433092e-05,167328,168,0,41832,42,15.50325215421617,4.317195882987497,0.13834949536249042
1.0,11121.314249008989,997,11.257593677997647,562.81591796875,714.0,1.0,0.9999999091738746,137.43504333496094,29.568634470303852,7.913231578796633e-05,7.98650968618042e-05,167496,168,0,41874,42,19.346338398754597,4.331186957236024,0.6024449281394482
1.0,11132.732951607988,998,11.418702598999516,562.81591796875,714.0,1.0000001192092896,0.9999998722757611,143.920654296875,27.85230894599642,7.838490884273788e-05,7.911448217474871e-05,167664,168,0,41916,42,16.54349162429571,4.320139166910113,0.2188856191933155
1.0,11143.991386843987,999,11.258435235999059,562.81591796875,714.0,1.0,0.9999998878865015,171.670654296875,30.772806295326777,7.764079363578411e-05,7.836715353660879e-05,167832,168,0,41958,42,16.26093630772084,4.332623417877282,0.25072898529469967
1.0,11155.222180781988,1000,11.230793938000716,562.81591796875,714.0,1.0,0.9999998751140776,85.65090942382812,27.39111539579573,7.689997596986524e-05,7.762311677520302e-05,168000,168,0,42000,42,19.083014272153378,4.321411222729477,0.1405388517305255
1.0,11166.490274569987,1001,11.268093787999533,562.81591796875,714.0,1.0000001192092896,0.9999998736949194,200.5346221923828,30.916094768614997,7.616246162202604e-05,7.68823776926798e-05,168168,168,0,42042,42,24.615270018577576,4.32334461728377,0.11081016343086958
0.9761904761904762,11177.712098670985,1002,11.221824100997765,562.81591796875,714.0,1.0000001192092896,0.9998418575241452,132.01791381835938,28.78897003190858,7.542825634355149e-05,7.614494206547104e-05,168336,168,0,42084,42,15.365966472774744,4.320491047609331,0.10351567808538675
1.0,11188.921615149986,1003,11.20951647900074,562.81591796875,714.0,1.0,0.9999999077547164,161.8257598876953,30.399364482788812,7.469736585992187e-05,7.541081564424816e-05,168504,168,0,42126,42,21.03822422027588,4.308003007556268,0.24352405965328217
1.0,11200.273723604987,1004,11.352108455001144,562.81591796875,714.0,1.0,0.9999998921439761,90.48859405517578,30.50242080291112,7.396979587076801e-05,7.468000415387628e-05,168672,168,0,42168,42,18.10477028787136,4.310274841862598,0.17541406396776438
0.9761904761904762,11211.508402136988,1005,11.234678532000544,562.81591796875,714.0,1.0,0.9904084617183322,128.17625427246094,30.37265306569281,7.324555204982696e-05,7.395251329337028e-05,168840,168,0,42210,42,20.149972140789032,4.3123565982872,0.08390574529767036
1.0,11222.78894973399,1006,11.280547597001714,562.81591796875,714.0,1.0000001192092896,0.9999999034972418,194.2648162841797,30.940176946776255,7.252464004489738e-05,7.322834873584989e-05,169008,168,0,42252,42,14.686416506767273,4.308910887267086,0.5182565953582525
1.0,11234.02970693299,1007,11.240757199000655,562.81591796875,714.0,1.0,0.9999999105930328,91.10725402832031,28.85186170964014,7.180706547779601e-05,7.250751612849604e-05,169176,168,0,42294,42,21.963922414928675,4.294567946111783,0.360832754522562
1.0,11245.271972223989,1008,11.242265290999057,562.81591796875,714.0,1.0,0.9999998878865015,167.6206512451172,30.575945766199204,7.109283394431324e-05,7.179002109250589e-05,169344,168,0,42336,42,18.13740438595414,4.305353674727182,0.07892785407602787
0.9761904761904762,11256.624833656988,1009,11.352861432998907,562.81591796875,714.0,1.0000001192092896,0.9971231718858083,99.11502838134766,27.39081761240959,7.038195101417029e-05,7.107586922305017e-05,169512,168,0,42378,42,17.26717696338892,4.297321715503044,0.1407146928831935
1.0,11267.81452080299,1010,11.189687146001233,562.81591796875,714.0,1.0,0.999999885048185,106.94725036621094,30.748228581178758,6.96744222309749e-05,7.03650660892285e-05,169680,168,0,42420,42,14.552649137564003,4.309853100306576,0.0759754553437233
1.0,11279.048478931989,1011,11.233958128999802,562.81591796875,714.0,1.0000001192092896,0.9999998694374448,143.6084442138672,29.357863420531864,6.897025311217878e-05,6.965761723402638e-05,169848,168,0,42462,42,18.48637155070901,4.291410685383847,0.06907181441783905
1.0,11290.286983346989,1012,11.238504414999625,562.81591796875,714.0,1.0,0.9999999077547164,89.47551727294922,27.25386551732109,6.826944914903404e-05,6.895352817427233e-05,170016,168,0,42504,42,13.786394199356437,4.2930050303250376,0.28732265532016754
1.0,11301.464621425988,1013,11.177638078999735,562.81591796875,714.0,1.0,0.9999998524075463,124.2541275024414,28.16648993037996,6.75720158065509e-05,6.825280440059398e-05,170184,168,0,42546,42,19.070757012814283,4.291889261920005,0.16452619805932045
1.0,11312.667436954987,1014,11.202815528999054,562.81591796875,714.0,1.0000001192092896,0.9999999176888239,101.44345092773438,29.52772418374107,6.687795852345457e-05,6.75554513773764e-05,170352,168,0,42588,42,13.312131740152836,4.280496939994572,0.11636164132505655
0.9761904761904762,11323.978782556987,1015,11.311345602000074,562.81591796875,714.0,1.0000001192092896,0.996658328033629,107.37471008300781,28.36794742374193,6.61872827121431e-05,6.68614745427183e-05,170520,168,0,42630,42,15.915050864219666,4.292330191381986,0.15527504868805408
1.0,11335.315796859988,1016,11.337014303000615,562.81591796875,714.0,1.0000001192092896,0.9999998580841791,95.21550750732422,26.286799649397533,6.549999375864538e-05,6.61708793083906e-05,170688,168,0,42672,42,21.60926067829132,4.2682608597845375,0.12159382458776236
0.9761904761904762,11346.506307194988,1017,11.190510334999999,562.81591796875,714.0,1.0000001192092896,0.9993498623371124,202.3550262451172,33.72548188056265,6.481609702257857e-05,6.54836710597936e-05,170856,168,0,42714,42,13.223186091519892,4.304665435693183,0.16513324715197086
1.0,11357.73362041499,1018,11.227313220002543,562.81591796875,714.0,1.0,0.9999998878865015,121.62670135498047,26.930817371322995,6.413559783710694e-05,6.479985515591513e-05,171024,168,0,42756,42,23.378277311101556,4.276187761509347,0.1250300332903862
1.0,11368.96682239199,1019,11.233201977000135,562.81591796875,714.0,1.0,0.9999999006589254,100.32298278808594,27.679793108077277,6.345850150889979e-05,6.41194369292893e-05,171192,168,0,42798,42,14.80613499879837,4.271837069176226,0.22501167841255665
1.0,11380.12573627799,1020,11.158913885999937,562.81591796875,714.0,1.0,0.9999998807907104,153.58705139160156,30.287205886273156,6.278481331809026e-05,6.344242168595373e-05,171360,168,0,42840,42,19.25432640314102,4.276932812850212,0.26863857731223106
1.0,11391.402188571992,1021,11.276452294001501,562.81591796875,714.0,1.0000001192092896,0.9999999063355582,92.96280670166016,28.284246887479508,6.211453851823407e-05,6.276881470540968e-05,171528,168,0,42882,42,14.963146716356277,4.264115658034349,0.33473199326545
0.9761904761904762,11402.603909625992,1022,11.20172105399979,562.81591796875,714.0,1.0,0.994060218334198,98.08755493164062,29.92522818559692,6.144768233626905e-05,6.209862124057942e-05,171696,168,0,42924,42,13.634819444268942,4.274059726679254,0.09027119725942612
1.0,11413.807228782993,1023,11.203319157000806,562.81591796875,714.0,1.0,0.9999998935631343,86.44706726074219,28.071980476379395,6.0784249972473364e-05,6.143184651776635e-05,171864,168,0,42966,42,15.671908918768167,4.26861414765673,0.08860397711396217
1.0,11425.036309193994,1024,11.229080411001632,562.81591796875,714.0,1.0,0.9999999006589254,75.00869750976562,27.762331599280948,6.012424660042611e-05,6.076849573661356e-05,172032,168,0,43008,42,13.879150740802288,4.263670806983663,0.41958296298980713
1.0,11436.257620928995,1025,11.2213117350002,562.81591796875,714.0,1.0000001192092896,0.999999877952394,110.11771392822266,28.558575298104966,5.9467677366965976e-05,6.010857407006386e-05,172200,168,0,43050,42,15.210463032126427,4.263406350133231,0.15736373886466026
0.9761904761904762,11447.458193215996,1026,11.200572287001705,562.81591796875,714.0,1.0,0.9929331952617282,111.76708984375,30.04459296663602,5.881454739215188e-05,5.945208666431879e-05,172368,168,0,43092,42,17.27954089641571,4.266371752246327,0.06766824424266815
1.0,11458.834228486994,1027,11.376035270997818,562.81591796875,714.0,1.0,0.9999999120121911,91.79637908935547,27.899954316161928,5.816486176922252e-05,5.879903863879926e-05,172536,168,0,43134,42,18.436244383454323,4.245706061533253,0.2854818068444729
0.9761904761904762,11470.043126918994,1028,11.208898431999842,562.81591796875,714.0,1.0,0.993373596952075,108.81182098388672,28.818839127109165,5.751862556455676e-05,5.814943508610469e-05,172704,168,0,43176,42,13.920558970421553,4.24600165726484,0.1467966428026557
0.9761904761904762,11481.250241590995,1029,11.207114672000898,562.81591796875,714.0,1.0,0.9998525891985212,94.30573272705078,29.41470677370117,5.6875843817634534e-05,5.75032810719743e-05,172872,168,0,43218,42,15.778622210025787,4.250057437135617,0.10109970532357693
1.0,11492.484211546995,1030,11.233969955999783,562.81591796875,714.0,1.0000001192092896,0.9999998595033374,146.26327514648438,29.163206412678672,5.623652154099689e-05,5.68605816352468e-05,173040,168,0,43260,42,18.674417701549828,4.250023980358882,0.1248926711268723
1.0,11503.704681196992,1031,11.22046964999754,562.81591796875,714.0,1.0000001192092896,0.9999998878865015,77.76712799072266,26.2967455131667,5.560066372020745e-05,5.622134178782138e-05,173208,168,0,43302,42,15.555572420358658,4.239986024996532,0.20925078354775906
0.9761904761904762,11514.971269978992,1032,11.266588782000326,562.81591796875,714.0,1.0,0.9983232234205518,78.09178924560547,27.64161589883623,5.496827531381321e-05,5.5585566514619006e-05,173376,168,0,43344,42,14.070275485515594,4.240233856597028,0.13705333042889833
1.0,11526.130946645993,1033,11.159676667000895,562.81591796875,714.0,1.0000001192092896,0.999999863760812,92.70085906982422,26.617692288898287,5.433936125330599e-05,5.495326077354271e-05,173544,168,0,43386,42,19.257613126188517,4.2319304761476815,0.13530568592250347
1.0,11537.179998497995,1034,11.049051852001867,562.81591796875,714.0,1.0,0.9999998765332359,84.36338806152344,26.567148509479704,5.37139264430839e-05,5.4324429495439976e-05,173712,168,0,43428,42,19.14712923206389,4.225002088262478,0.15350659983232617
0.9523809523809523,11548.180300010994,1035,11.000301512998703,562.81591796875,714.0,1.0000001192092896,0.9840224711667924,155.36306762695312,28.069860830193473,5.3091975760413255e-05,5.369907758406331e-05,173880,168,0,43470,42,16.724151968955994,4.2391122881700065,0.048969832714647055
1.0,11559.148602597994,1036,10.968302586999926,562.81591796875,714.0,1.0,0.9999998595033374,115.970458984375,25.382602870464325,5.2473514055390544e-05,5.3077209916032446e-05,174048,168,0,43512,42,23.134670436382294,4.22724655413601,0.14034625329077244
1.0,11570.131937868991,1037,10.983335270997486,562.81591796875,714.0,1.0000001192092896,0.9999998694374448,98.39827728271484,27.30911680630275,5.1858546150904216e-05,5.245883134079639e-05,174216,168,0,43554,42,14.790875911712646,4.225559211956958,0.19048943370580673
1.0,11581.28917266399,1038,11.157234794998658,562.81591796875,714.0,1.0,0.9999998665991283,116.46786499023438,27.930176070758275,5.1247076842597646e-05,5.184394668059565e-05,174384,168,0,43596,42,21.59617519378662,4.235103165664311,0.1570990215986967
0.9761904761904762,11592.356485012991,1039,11.06731234900144,562.81591796875,714.0,1.0000001192092896,0.9930629006453923,80.77361297607422,27.58119878456706,5.0639110898831324e-05,5.1232560730424095e-05,174552,168,0,43638,42,12.201567901298404,4.228153924945564,0.09242700878530741
1.0,11603.341114157993,1040,10.984629145001236,562.81591796875,714.0,1.0000001192092896,0.999999870856603,136.52464294433594,29.37415071328481,5.003465306064572e-05,5.062467825799228e-05,174720,168,0,43680,42,15.243755508214235,4.227731873902182,0.2532796133309603
1.0,11614.35681123799,1041,11.015697079998063,562.81591796875,714.0,1.0,0.999999885048185,84.5932388305664,28.857317634991237,4.943370804172448e-05,5.0020304003690005e-05,174888,168,0,43722,42,12.755902603268623,4.232285479316488,0.21052557229995728
0.9761904761904762,11625.424947390991,1042,11.068136153000523,562.81591796875,714.0,1.0,0.9978811726683662,124.26146697998047,25.00151674946149,4.883628052835763e-05,4.9419442680548945e-05,175056,168,0,43764,42,26.38460898399353,4.216171962131436,0.07528164982795715
1.0,11636.44986629899,1043,11.024918907998654,562.81591796875,714.0,1.0,0.9999998893056598,98.90792083740234,26.273632026854017,4.8242375179404874e-05,4.8822098974206395e-05,175224,168,0,43806,42,19.810648147016764,4.215769448007147,0.2158581092953682
1.0,11647.50315016399,1044,11.053283864999685,562.81591796875,714.0,1.0,0.9999998978206089,86.19934844970703,28.81896312463851,4.765199662625958e-05,4.822827754286852e-05,175392,168,0,43848,42,13.813077107071877,4.225078156029451,0.16413769219070673
0.9761904761904762,11658.62758818399,1045,11.124438020000525,562.81591796875,714.0,1.0,0.9977965823241642,90.44747924804688,26.033725704465592,4.706514947281217e-05,4.7637983017274255e-05,175560,168,0,43890,42,16.895444482564926,4.216337762129981,0.24992562923580408
1.0,11669.69294663399,1046,11.065358449999621,562.81591796875,714.0,1.0000001192092896,0.9999998921439761,189.66253662109375,26.43142363854817,4.648183829541455e-05,4.705122000065881e-05,175728,168,0,43932,42,25.143811902031302,4.215276053485771,0.19549494422972202
1.0,11680.710253215988,1047,11.017306581998128,562.81591796875,714.0,1.0000001192092896,0.999999885048185,108.49068450927734,27.84062668255397,4.590206764284467e-05,4.646799306871811e-05,175896,168,0,43974,42,14.544242173433304,4.217344974333953,0.12979310005903244
1.0,11691.68351174999,1048,10.973258534002525,562.81591796875,714.0,1.0,0.9999998878865015,100.53756713867188,26.933179352964675,4.532584203627038e-05,4.5888306769572904e-05,176064,168,0,44016,42,19.146438911557198,4.222572779582281,0.13138156943023205
1.0,11702.702619613989,1049,11.019107863998215,562.81591796875,714.0,1.0000001192092896,0.9999998580841791,81.2447509765625,25.079752740405855,4.475316596921482e-05,4.531216562373333e-05,176232,168,0,44058,42,16.980666027404368,4.203581148658746,0.1512805037200451
0.9761904761904762,11713.759272508989,1050,11.056652895000298,562.81591796875,714.0,1.0,0.9960233058248248,96.0704116821289,26.093810461816332,4.418404390752081e-05,4.4739574124063896e-05,176400,168,0,44100,42,20.075283594429493,4.211508203530684,0.16594887198880315
1.0,11724.86825537799,1051,11.10898286900192,562.81591796875,714.0,1.0000001192092896,0.9999998992397672,88.4635009765625,27.281805313768842,4.361848028931676e-05,4.4170536735748036e-05,176568,168,0,44142,42,12.89497335255146,4.212241097164917,0.10970799345523119
0.9761904761904762,11735.911450951993,1052,11.043195574002311,562.81591796875,714.0,1.0,0.9969187989121392,86.42194366455078,25.94548219158536,4.305647952498129e-05,4.360505789625375e-05,176736,168,0,44184,42,19.903296947479248,4.192434385485415,0.11056281253695488
1.0,11746.983088756991,1053,11.071637804998318,562.81591796875,714.0,1.0,0.9999998680182866,95.26289367675781,26.192470845722017,4.2498045997109196e-05,4.3043142015298394e-05,176904,168,0,44226,42,19.777430713176727,4.207651064675745,0.19459172897040844
0.9761904761904762,11757.975862817992,1054,10.992774061000091,562.81591796875,714.0,1.0,0.991108238697052,105.15299224853516,24.627777281261626,4.194318406047723e-05,4.248479347481514e-05,177072,168,0,44268,42,24.03346884250641,4.190205440812168,0.0944939199835062
0.9761904761904762,11769.034954358991,1055,11.059091540999361,562.81591796875,714.0,1.0000001192092896,0.9962238726161775,99.21825408935547,26.063547697805223,4.139189804201043e-05,4.1930016628917915e-05,177240,168,0,44310,42,19.81061982177198,4.1995955682248765,0.15871189907193184
1.0,11780.044542217991,1056,11.009587859000021,562.81591796875,714.0,1.0000001192092896,0.9999998793715522,107.09125518798828,26.450183891114733,4.0844192240747745e-05,4.137881580386808e-05,177408,168,0,44352,42,22.542018942534924,4.202339983800249,0.08800612110644579
1.0,11791.16434406599,1057,11.119801847999042,562.81591796875,714.0,1.0000001192092896,0.9999998651799702,87.24232482910156,26.857466677824657,4.0300070927809216e-05,4.083119529804028e-05,177576,168,0,44394,42,19.306471213698387,4.194236076625419,0.10801068134605885
1.0,11802.15133230199,1058,10.986988235999888,562.81591796875,714.0,1.0,0.9999998651799702,104.58136749267578,26.06120945158459,3.975953834636201e-05,4.0287159381889355e-05,177744,168,0,44436,42,14.576417971402407,4.190473357470529,0.1524930950254202
0.9761904761904762,11813.145439512988,1059,10.994107210997754,562.81591796875,714.0,1.0,0.9984540258135114,88.07921600341797,27.222827238695963,3.922259871158772e-05,3.974671229791651e-05,177912,168,0,44478,42,14.166418179869652,4.204892772449447,0.12126137129962444
1.0,11824.172896655986,1060,11.027457142998173,562.81591796875,714.0,1.0,0.9999998665991283,75.38038635253906,25.733370826357888,3.868925621064965e-05,3.920985826063687e-05,178080,168,0,44520,42,17.818156003952026,4.188047386262388,0.08729601185768843
1.0,11835.152887325985,1061,10.979990669999097,562.81591796875,714.0,1.0,0.9999998751140776,114.24968719482422,27.654272825944993,3.815951500265957e-05,3.8676601456545945e-05,178248,168,0,44562,42,12.554476639255881,4.191815327298606,0.15939009562134743
1.0,11846.115227521987,1062,10.962340196001605,562.81591796875,714.0,1.0000001192092896,0.9999998722757611,83.43687438964844,24.447765361695062,3.763337921864604e-05,3.8146946044087324e-05,178416,168,0,44604,42,18.525824866257608,4.176437324367552,0.16572691779583693
0.9523809523809523,11857.222500538988,1063,11.107273017001717,562.81591796875,714.0,1.0000001192092896,0.9897222249280839,112.52192687988281,24.967315229631605,3.711085296152137e-05,3.7620896153620545e-05,178584,168,0,44646,42,18.03058989252895,4.184309685436476,0.07281773164868355
1.0,11868.244959084986,1064,11.022458545998234,562.81591796875,714.0,1.0,0.9999998964014507,76.34538269042969,26.369710473787215,3.659194030605059e-05,3.709845588738807e-05,178752,168,0,44688,42,12.961939236614853,4.1879607762010505,0.12610850855708122
1.0,11879.302402818987,1065,11.057443734000117,562.81591796875,714.0,1.0000001192092896,0.9999999105930328,114.28193664550781,27.17779701096671,3.6076645298818454e-05,3.657962931948425e-05,178920,168,0,44730,42,12.999176397919655,4.189017980492541,0.5809824597090483
0.9761904761904762,11890.303905903984,1066,11.001503084997239,562.81591796875,714.0,1.0,0.9959635337193807,83.8917236328125,25.532196819782257,3.556497195819914e-05,3.6064420495822765e-05,179088,168,0,44772,42,14.972979754209518,4.177899041723105,0.15035115368664265
1.0,11901.279133705983,1067,10.975227801998699,562.81591796875,714.0,1.0000001192092896,0.9999998623416537,78.37267303466797,25.484104304086593,3.505692427432417e-05,3.5552833434105564e-05,179256,168,0,44814,42,15.58528983592987,4.185643070000445,0.2669558934867382
1.0,11912.30102244098,1068,11.021888734998356,562.81591796875,714.0,1.0000001192092896,0.9999998935631343,69.84473419189453,24.609942861965724,3.4552506209051324e-05,3.504487212379138e-05,179424,168,0,44856,42,22.52994378656149,4.177098303390223,0.11106608435511589
0.9523809523809523,11923.443996878981,1069,11.142974438000238,562.81591796875,714.0,1.0000001192092896,0.9928390908808935,101.7356948852539,24.698585598241714,3.405172169593418e-05,3.454054052606438e-05,179592,168,0,44898,42,21.430558919906616,4.180765052414721,0.10717157833278179
1.0,11934.469066825983,1070,11.025069947001612,562.81591796875,714.0,1.0,0.9999999020780835,106.69803619384766,24.1920983393987,3.355457464019079e-05,3.4039842573803795e-05,179760,168,0,44940,42,24.849513011984527,4.176389559537971,0.4806676581501961
1.0,11945.471244714983,1071,11.00217788900045,562.81591796875,714.0,1.0,0.999999877952394,104.06814575195312,26.417421085493906,3.306106891867388e-05,3.3542782171552724e-05,179928,168,0,44982,42,22.492297808639705,4.177526523425643,0.15818497724831104
1.0,11956.492894046984,1072,11.02164933200038,562.81591796875,714.0,1.0000001192092896,0.9999998964014507,72.85528564453125,26.1047952458972,3.257120837984006e-05,3.3049363195488226e-05,180096,168,0,45024,42,11.927272211760283,4.171649822599387,0.09827018436044455
0.9761904761904762,11967.476333064984,1073,10.983439018000354,562.81591796875,714.0,1.0,0.9966162301245189,65.72228240966797,26.269885809648606,3.208499684372037e-05,3.2559589493390514e-05,180264,168,0,45066,42,18.538657657802105,4.176667310785325,0.09102683141827583
1.0,11978.571383793984,1074,11.095050728999922,562.81591796875,714.0,1.0,0.9999998665991283,94.64225769042969,25.465862575031462,3.16024381018899e-05,3.207346488461324e-05,180432,168,0,45108,42,13.855572447180748,4.163655834394463,0.25816852785646915
1.0,11989.675529599983,1075,11.104145805998996,562.81591796875,714.0,1.0000001192092896,0.9999998751140776,90.7499771118164,27.26142495302927,3.11235359174388e-05,3.159099316005372e-05,180600,168,0,45150,42,13.428601026535034,4.172669878872555,0.09316071029752493
0.9761904761904762,12000.723218881983,1076,11.047689282000647,562.81591796875,714.0,1.0,0.9953015162831261,112.50138854980469,25.2566045380774,3.064829402494234e-05,3.111217808212355e-05,180768,168,0,45192,42,24.628251411020756,4.16170138815817,0.18397186789661646
0.9761904761904762,12011.760849297982,1077,11.037630415998137,562.81591796875,714.0,1.0,0.9960415221395946,94.45044708251953,24.84765100621042,3.0176716130432475e-05,3.063702338471871e-05,180936,168,0,45234,42,15.421163380146027,4.161480608939503,0.10519612766802311
1.0,12022.838120525983,1078,11.077271228001337,562.81591796875,714.0,1.0,0.999999870856603,80.53401184082031,24.70224075657981,2.970880591136817e-05,3.016553277319111e-05,181104,168,0,45276,42,14.419489920139313,4.157229617881101,0.08497012499719858
0.9761904761904762,12033.852264444984,1079,11.014143919001071,562.81591796875,714.0,1.0000001192092896,0.9941509323460715,80.58851623535156,24.726225669894898,2.9244567016607322e-05,2.9697709924319164e-05,181272,168,0,45318,42,13.86767591536045,4.155869214551612,0.14142430759966373
1.0,12044.887407262984,1080,11.035142818000168,562.81591796875,714.0,1.0000001192092896,0.9999998751140776,103.8496322631836,25.635011704195115,2.8784003066378244e-05,2.92335584862795e-05,181440,168,0,45360,42,18.035391323268414,4.162323226065685,0.19953464157879353
1.0,12055.988067394985,1081,11.100660132000485,562.81591796875,714.0,1.0,0.999999877952394,112.56475067138672,25.06262467021034,2.8327117652250933e-05,2.877308207861821e-05,181608,168,0,45402,42,16.814212702214718,4.162019393207239,0.3450474198907614
0.9761904761904762,12067.065287915986,1082,11.077220521001436,562.81591796875,714.0,1.0000001192092896,0.9990756071749187,77.02745056152344,25.063337920677093,2.78739143371098e-05,2.8316284292222858e-05,181776,168,0,45444,42,14.71315062046051,4.160039008705921,0.12103878986090422
0.9761904761904762,12078.057381296985,1083,10.992093380998995,562.81591796875,714.0,1.0,0.9956735684758141,88.6538314819336,24.99039637190955,2.742439665512526e-05,2.7863168689294305e-05,181944,168,0,45486,42,17.755828380584717,4.157029190610739,0.16939797438681126
1.0,12089.061352841985,1084,11.00397154500024,562.81591796875,714.0,1.0,0.9999998992397672,96.44122314453125,25.698169776371547,2.6978568111726514e-05,2.7413738803319036e-05,182112,168,0,45528,42,14.288812354207039,4.157517986871036,0.18970910925418139
0.9761904761904762,12100.066612854982,1085,11.005260012996587,562.81591796875,714.0,1.0000001192092896,0.99801162311009,92.62044525146484,24.818425397078197,2.6536432183573988e-05,2.6967998139041703e-05,182280,168,0,45570,42,20.306279841810465,4.143086837460508,0.22492242604494095
1.0,12111.06191150898,1086,10.995298653997452,562.81591796875,714.0,1.0000001192092896,0.9999998864673433,94.04993438720703,23.136865031151544,2.609799231853265e-05,2.652595017243747e-05,182448,168,0,45612,42,16.58326230943203,4.147333538192989,0.1593947485089302
0.9761904761904762,12122.248871566979,1087,11.186960057999386,562.81591796875,714.0,1.0,0.995945584206354,77.75692749023438,23.704284436645963,2.5663251935644464e-05,2.6087598350685096e-05,182616,168,0,45654,42,23.786354698240757,4.147051751558181,0.11149105429649353
0.9761904761904762,12133.26629096998,1088,11.017419403000531,562.81591796875,714.0,1.0000001192092896,0.9925795594851176,97.89075469970703,24.79864460939453,2.5232214425102367e-05,2.5652946092140226e-05,182784,168,0,45696,42,16.245094895362854,4.149822896324276,0.09173038881272078
1.0,12144.32558376098,1089,11.059292791000189,562.81591796875,714.0,1.0000001192092896,0.9999998978206089,69.70972442626953,25.09438508181345,2.4804883148223594e-05,2.5221996786308477e-05,182952,168,0,45738,42,12.630192779004574,4.144256320837441,0.4487520810216665
0.9761904761904762,12155.41960735498,1090,11.094023593999736,562.81591796875,714.0,1.0000001192092896,0.9976447962579273,87.11824798583984,24.93140470130103,2.4381261437423016e-05,2.4794753793819048e-05,183120,168,0,45780,42,18.478892862796783,4.149000240711584,0.18769577657803893
1.0,12166.45713220798,1091,11.037524852999923,562.81591796875,714.0,1.0000001192092896,0.999999863760812,86.78059387207031,24.651069402694702,2.3961352596187958e-05,2.4371220446398665e-05,183288,168,0,45822,42,14.485362527891994,4.145167701600474,0.1854151003062725
1.0,12177.485048184979,1092,11.027915976999793,562.81591796875,714.0,1.0000001192092896,0.9999998992397672,80.33340454101562,24.77986944005603,2.354515989905185e-05,2.3951400046845556e-05,183456,168,0,45864,42,13.847398019395769,4.139148713488664,0.1641491586342454
1.0,12188.718960882976,1093,11.233912697996857,562.81591796875,714.0,1.0000001192092896,0.9999998864673433,84.95683288574219,25.26605902115504,2.313268659156906e-05,2.3535295869003394e-05,183624,168,0,45906,42,12.131001107394695,4.147598637633824,0.21505593694746494
1.0,12199.736666682977,1094,11.01770580000084,562.81591796875,714.0,1.0,0.9999998822098687,71.96487426757812,24.96293351763771,2.272393589028916e-05,2.3122911157736127e-05,183792,168,0,45948,42,15.085738815367222,4.138594907996732,0.09548891521990299
0.9761904761904762,12210.842809509977,1095,11.10614282700044,562.81591796875,714.0,1.0000001192092896,0.9912359473251161,77.7363052368164,25.016172867445718,2.2318910982732414e-05,2.271424912890263e-05,183960,168,0,45990,42,13.895979940891266,4.139138652643721,0.05425714608281851
1.0,12221.871453635977,1096,11.028644125999563,562.81591796875,714.0,1.0000001192092896,0.999999885048185,72.03955078125,24.244807141167776,2.1917615027364266e-05,2.230931296933157e-05,184128,168,0,46032,42,14.35622916277498,4.134599268735785,0.20922083500772715
1.0,12232.93142923998,1097,11.05997560400283,562.81591796875,714.0,1.0,0.9999998453117552,79.95765686035156,24.896398328599474,2.1520051153571214e-05,2.1908105836796254e-05,184296,168,0,46074,42,14.301754660904408,4.142808841208795,0.09851011727005243
1.0,12243.99423769598,1098,11.062808456001221,562.81591796875,714.0,1.0,0.9999998665991283,86.14588928222656,24.00474109819957,2.11262224616362e-05,2.1510630859990707e-05,184464,168,0,46116,42,15.057528495788574,4.138091234445927,0.31221356242895126
0.9761904761904762,12255.15742322598,1099,11.163185530000192,562.81591796875,714.0,1.0000001192092896,0.9997422184262957,75.08280944824219,23.868871752704894,2.073613202271448e-05,2.1116891138504564e-05,184632,168,0,46158,42,13.87971432134509,4.131510065702189,0.08986677974462509
0.9761904761904762,12266.16782347898,1100,11.010400252998807,562.81591796875,714.0,1.0,0.9919206627777645,77.92705535888672,23.387721107119607,2.0349782878809714e-05,2.072688974279922e-05,184800,168,0,46200,42,14.270423159003258,4.128828055070092,0.13493765704333782
1.0,12277.225937825977,1101,11.058114346997172,562.81591796875,714.0,1.0000001192092896,0.9999998893056598,76.77262878417969,23.69625025987625,1.996717804275008e-05,2.0340629714183974e-05,184968,168,0,46242,42,19.57803112268448,4.134191692828955,0.23038180731236935
1.0,12288.265708128976,1102,11.039770302999386,562.81591796875,714.0,1.0,0.9999998396351224,79.31219482421875,24.448079838639213,1.9588320498165025e-05,1.9958114064792033e-05,185136,168,0,46284,42,14.758097860962152,4.132860749782551,0.12376566231250763
1.0,12299.28683375998,1103,11.021125631003088,562.81591796875,714.0,1.0,0.9999998893056598,96.22405242919922,23.751917277063644,1.9213213199461653e-05,1.9579345777557432e-05,185304,168,0,46326,42,15.134654641151428,4.1298645768048505,0.25760339107364416
0.9761904761904762,12310.45536367198,1104,11.16852991199994,562.81591796875,714.0,1.0000001192092896,0.9964899846485683,71.9556884765625,24.915845255057018,1.8841859071802137e-05,1.920432780619114e-05,185472,168,0,46368,42,16.955183923244476,4.125833952333778,0.11039810813963413
0.9761904761904762,12321.559640927979,1105,11.104277255999477,562.81591796875,714.0,1.0000001192092896,0.9984919513974871,82.59927368164062,22.507338447230204,1.847426101108045e-05,1.8833063075158863e-05,185640,168,0,46410,42,21.48962857015431,4.122324408619621,0.16990202013403177
0.9761904761904762,12332.586942380978,1106,11.027301452999382,562.81591796875,714.0,1.0000001192092896,0.992442209096182,81.44255065917969,23.3073853126594,1.8110421883900225e-05,1.846555447965739e-05,185808,168,0,46452,42,21.495034351944923,4.1249934290314005,0.05249310377985239
1.0,12343.618659249976,1107,11.031716868998046,562.81591796875,714.0,1.0,0.9999998722757611,72.31668853759766,24.024422563257673,1.7750344527552013e-05,1.8101804885592653e-05,185976,168,0,46494,42,13.357574079185724,4.1230225237862514,0.1454765358939767
1.0,12354.628538784975,1108,11.009879534998618,562.81591796875,714.0,1.0000001192092896,0.999999877952394,80.52225494384766,23.057291746139526,1.739403174999139e-05,1.774181712955692e-05,186144,168,0,46536,42,17.03139716386795,4.123139480771941,0.20580380409955978
1.0,12365.652428359976,1109,11.023889575000794,562.81591796875,714.0,1.0,0.9999998580841791,77.17922973632812,22.643479812712897,1.7041486329816996e-05,1.7385594018807244e-05,186312,168,0,46578,42,18.185442753136158,4.119224072888582,0.17507334053516388
1.0,12376.715073497973,1110,11.062645137997606,562.81591796875,714.0,1.0,0.9999998495692298,77.4738998413086,23.15814804179328,1.669271101624878e-05,1.7033138331242793e-05,186480,168,0,46620,42,16.983632057905197,4.1199006352329715,0.14072284335270524
0.9761904761904762,12387.835003745975,1111,11.119930248001765,562.81591796875,714.0,1.0,0.9971348756835574,88.9588851928711,23.954469807091215,1.6347708529106728e-05,1.668445281538396e-05,186648,168,0,46662,42,20.405207749456167,4.122119504991653,0.13114189635962248
0.9761904761904762,12398.895393849976,1112,11.060390104001272,562.81591796875,714.0,1.0000001192092896,0.9999282431034815,69.84970092773438,24.435970510755265,1.60064815587895e-05,1.6339540190350425e-05,186816,168,0,46704,42,12.903635412454605,4.1224849987553345,0.09850016981363297
1.0,12409.893894579975,1113,10.99850072999834,562.81591796875,714.0,1.0000001192092896,0.9999998864673433,77.94640350341797,24.185290898595536,1.566903276625363e-05,1.5998403145840002e-05,186984,168,0,46746,42,13.870774507522583,4.123713428276547,0.26989729050546885
0.9523809523809523,12420.938462896971,1114,11.044568316996447,562.81591796875,714.0,1.0000001192092896,0.9890340836275191,70.90885162353516,24.042703083583287,1.5335364782992517e-05,1.5661044342108047e-05,187152,168,0,46788,42,13.552958499640226,4.117253318307034,0.06328320689499378
1.0,12432.03550128097,1115,11.097038383999461,562.81591796875,714.0,1.0000001192092896,0.999999870856603,74.63997650146484,23.925017422153836,1.5005480211016188e-05,1.5327466409946168e-05,187320,168,0,46830,42,13.023159969598055,4.116236786601976,0.17979740165174007
0.9523809523809523,12443.07870457297,1116,11.043203291999816,562.81591796875,714.0,1.0000001192092896,0.9990480570566087,71.37850189208984,23.156281760760717,1.4679381622830702e-05,1.4997671950662207e-05,187488,168,0,46872,42,20.425690203905106,4.112914413901135,0.17625889740884304
1.0,12454.235920947973,1117,11.157216375002463,562.81591796875,714.0,1.0000001192092896,0.9999998907248179,81.12053680419922,23.73341922249113,1.4357071561418492e-05,1.4671663536059494e-05,187656,168,0,46914,42,18.058498457074165,4.120563636278911,0.3189389668405056
1.0,12465.319640703972,1118,11.083719755999482,562.81591796875,714.0,1.0000001192092896,0.9999999034972418,73.97407531738281,23.828154532682326,1.4038552540218046e-05,1.4349443708417226e-05,187824,168,0,46956,42,23.821077256463468,4.114049589305761,0.2317689936608076
1.0,12476.317509140972,1119,10.997868436999852,562.81591796875,714.0,1.0000001192092896,0.9999998680182866,75.27386474609375,23.208149546668643,1.3723827043104673e-05,1.4031014980470274e-05,187992,168,0,46998,42,16.816351771354675,4.109753362524013,0.19988621771335602
1.0,12487.363282060971,1120,11.045772919998853,562.81591796875,714.0,1.0000001192092896,0.9999998453117552,77.83732604980469,22.940800368785858,1.341289752437115e-05,1.3716379835389823e-05,188160,168,0,47040,42,15.781403422355652,4.111340452129731,0.1025673495605588
0.9761904761904762,12498.412247491971,1121,11.048965431000397,562.81591796875,714.0,1.0,0.9993955194950104,77.7828598022461,23.41341249999546,1.3105766408708259e-05,1.3405540726763923e-05,188328,168,0,47082,42,16.19095780700445,4.110724447439203,0.11424882337450981
1.0,12509.491689023973,1122,11.07944153200151,562.81591796875,714.0,1.0000001192092896,0.9999998836290269,75.71501159667969,24.390201023646764,1.2802436091186085e-05,1.3098500078578454e-05,188496,168,0,47124,42,15.112531591206789,4.1142547347117215,0.15997173031792045
1.0,12520.575934662975,1123,11.084245639001892,562.81591796875,714.0,1.0000001192092896,0.9999998921439761,74.12364196777344,23.31742525952203,1.2502908937235343e-05,1.2795260285198055e-05,188664,168,0,47166,42,19.93527841567993,4.108189320247177,0.22272024303674698
0.9523809523809523,12531.589751228974,1124,11.01381656599915,562.81591796875,714.0,1.0,0.99233316665604,75.73859405517578,22.670472841887246,1.220718728262913e-05,1.2495823711347547e-05,188832,168,0,47208,42,18.33165500126779,4.107806404054697,0.10123900882899761
1.0,12542.600696349971,1125,11.010945120997349,562.81591796875,714.0,1.0,0.9999998935631343,70.16047668457031,23.26181979122616,1.191527343346406e-05,1.220019269209346e-05,189000,168,0,47250,42,19.561786219477654,4.108385317903456,0.1559804044663906
0.9761904761904762,12553.62339691597,1126,11.022700565998093,562.81591796875,714.0,1.0000001192092896,0.9912235566547939,71.47797393798828,23.79010962162699,1.1627169666143196e-05,1.1908369532825797e-05,189168,168,0,47292,42,12.240842491388321,4.109257443508666,0.095739989541471
0.9761904761904762,12564.630335031972,1127,11.006938116002857,562.81591796875,714.0,1.0,0.9939488371213278,71.90727233886719,23.86949803147997,1.1342878227357522e-05,1.162035650924034e-05,189336,168,0,47334,42,17.00816710293293,4.105683815332928,0.10810927674174309
0.9761904761904762,12575.758140282975,1128,11.127805251002428,562.81591796875,714.0,1.0000001192092896,0.9992535610993704,74.15814971923828,23.369177920477732,1.1062401334068695e-05,1.1336155867320347e-05,189504,168,0,47376,42,13.352438151836395,4.106362735919122,0.12836482003331184
1.0,12586.818360117973,1129,11.060219834998861,562.81591796875,714.0,1.0,0.9999998680182866,77.9552230834961,24.261358811741783,1.0785741173491968e-05,1.105576982331964e-05,189672,168,0,47418,42,17.752967536449432,4.104151654057205,0.1626549493521452
1.0,12597.856006903974,1130,11.03764678600055,562.81591796875,714.0,1.0000001192092896,0.9999998226052239,84.32836151123047,21.473184880756197,1.0512899903078832e-05,1.0779200563744858e-05,189840,168,0,47460,42,14.720529407262802,4.104548565843808,0.14700579084455967
0.9761904761904762,12608.844518963971,1131,10.988512059997447,562.81591796875,714.0,1.0000001192092896,0.9989421126388368,67.63665008544922,22.572004731212342,1.0243879650500264e-05,1.0506450245338604e-05,190008,168,0,47502,42,13.735799670219421,4.104245468475191,0.20769396424293518
0.9523809523809523,12619.870079125973,1132,11.025560162001057,562.81591796875,714.0,1.0000001192092896,0.9952026932012468,97.56454467773438,23.480320220901852,9.97868251363032e-06,1.0237520995062746e-05,190176,168,0,47544,42,17.666086360812187,4.103405495883808,0.08956227730959654
1.0,12630.91391582297,1133,11.04383669699746,562.81591796875,714.0,1.0,0.9999998822098687,103.19497680664062,22.261598195348466,9.717310560529494e-06,9.972414910081448e-06,190344,168,0,47586,42,18.302350640296936,4.102906664323417,0.5585951153188944
1.0,12642.004602269968,1134,11.090686446998006,562.81591796875,714.0,1.0000001192092896,0.9999998680182866,72.47613525390625,23.735848006748018,9.459765829428795e-06,9.711134057745427e-06,190512,168,0,47628,42,14.05663377046585,4.1020758343816155,0.14493411034345627
0.9523809523809523,12653.11213819197,1135,11.107535922001261,562.81591796875,714.0,1.0000001192092896,0.989401903890428,71.85369873046875,22.88099524662608,9.206050328713791e-06,9.453680475575033e-06,190680,168,0,47670,42,17.89705103635788,4.10156491917691,0.08185141533613205
0.9761904761904762,12664.213776262968,1136,11.101638070998888,562.81591796875,714.0,1.0,0.9987837516126179,87.45270538330078,21.54756085645585,8.956166036908849e-06,9.200056171245166e-06,190848,168,0,47712,42,16.300847277976573,4.100540906190872,0.20670566149055958
1.0,12675.242065964969,1137,11.02828970200062,562.81591796875,714.0,1.0,0.9999998240243821,87.11172485351562,22.452035168806713,8.710114902661938e-06,8.950263122569085e-06,191016,168,0,47754,42,18.60777336359024,4.102794118436231,0.20800708793103695
0.9761904761904762,12686.24979676597,1138,11.007730801000434,562.81591796875,714.0,1.0000001192092896,0.9913290029480344,75.40353393554688,22.91791072629747,8.467898844729169e-06,8.704303277483102e-06,191184,168,0,47796,42,14.133100718259811,4.100690650332364,0.14333206601440907
0.9523809523809523,12697.23964502897,1139,10.989848263001477,562.81591796875,714.0,1.0000001192092896,0.9969084731170109,79.00931549072266,23.11819790232749,8.229519751960143e-06,8.462178554031493e-06,191352,168,0,47838,42,13.570392835885286,4.098260390749645,0.18168087117373943
0.9761904761904762,12708.33224182497,1140,11.09259679599927,562.81591796875,714.0,1.0,0.9997211112862542,77.77764129638672,22.25215346472604,7.994979483282818e-06,8.223890840351589e-06,191520,168,0,47880,42,16.463980356231332,4.09722644786927,0.2224829811602831
0.9761904761904762,12719.460769693971,1141,11.128527869001118,562.81591796875,714.0,1.0,0.9983458433832441,73.15257263183594,21.87649667404947,7.764279867689306e-06,7.989441994658742e-06,191688,168,0,47922,42,17.870207704603672,4.099126069795429,0.08074207976460457
1.0,12730.46080124097,1142,11.000031546998798,562.81591796875,714.0,1.0,0.9999999020780835,73.76539611816406,22.015894001438504,7.537422704221573e-06,7.758833845232185e-06,191856,168,0,47964,42,17.07152875326574,4.096935270731116,0.4249024484306574
1.0,12741.473614889968,1143,11.012813648998417,562.81591796875,714.0,1.0,0.9999998609224955,82.72441864013672,22.44036792289643,7.3144097619573505e-06,7.532068190400613e-06,192024,168,0,48006,42,19.831123240292072,4.0969022212417,0.24661317095160484
0.9761904761904762,12752.455456981967,1144,10.98184209199826,562.81591796875,714.0,1.0000001192092896,0.9951583218006861,93.7591781616211,21.72679048350879,7.095242779996436e-06,7.309146798528096e-06,192192,168,0,48048,42,18.777767293155193,4.097339606123223,0.15385080501437187
1.0,12763.477829534964,1145,11.022372552997695,562.81591796875,714.0,1.0000001192092896,0.9999998509883881,82.7333755493164,22.142521205402556,6.879923467446885e-06,7.090071408000552e-06,192360,168,0,48090,42,23.181846737861633,4.096374431480875,0.28439011983573437
0.9761904761904762,12774.489121727966,1146,11.011292193001282,562.81591796875,714.0,1.0,0.9920779920759655,84.09278106689453,21.02575625834011,6.668453503411982e-06,6.874843727211714e-06,192528,168,0,48132,42,17.74725642427802,4.096002540983526,0.06553250085562468
0.9761904761904762,12785.642730481966,1147,11.153608754000743,562.81591796875,714.0,1.0000001192092896,0.9947010959897723,71.64860534667969,22.276369380099432,6.460834536976982e-06,6.6634654345503745e-06,192696,168,0,48174,42,17.049382485449314,4.094930476708604,0.10159375332295895
1.0,12796.657225684965,1148,11.01449520299866,562.81591796875,714.0,1.0,0.9999998907248179,72.323974609375,23.284537621906825,6.257068187196251e-06,6.455938178386912e-06,192864,168,0,48216,42,16.731986045837402,4.093154194942188,0.4468030408024788
0.9761904761904762,12807.640729050967,1149,10.983503366001969,562.81591796875,714.0,1.0,0.9877226267542157,78.22029876708984,22.072035765364056,6.05715604308078e-06,6.252263577060532e-06,193032,168,0,48258,42,12.442520219832659,4.094848182251943,0.13343240413814783
1.0,12818.701899721967,1150,11.061170671000582,562.81591796875,714.0,1.0,0.9999999049164,76.65723419189453,23.576967006637936,5.8610996635856045e-06,6.0524432188667414e-06,193200,168,0,48300,42,20.37602925300598,4.093438330982324,0.39509839192032814
0.9761904761904762,12829.70088796697,1151,10.998988245002693,562.81591796875,714.0,1.0,0.9949481316975185,72.92721557617188,22.655635131256922,5.668900577597821e-06,5.856478662044808e-06,193368,168,0,48342,42,13.238283637911081,4.092998099202911,0.14261826500296593
0.9761904761904762,12840.71418233297,1152,11.013294365999172,562.81591796875,714.0,1.0,0.9983167478016445,94.76583862304688,21.47301862495286,5.480560283924392e-06,5.664371434765619e-06,193536,168,0,48384,42,23.039567708969116,4.0934517759098,0.1431251708418131
0.9761904761904762,12851.77591875097,1153,11.061736417999782,562.81591796875,714.0,1.0,0.9932007590929667,70.1055908203125,22.373662422100704,5.296080251280824e-06,5.476123035120092e-06,193704,168,0,48426,42,20.485531717538834,4.09282218404336,0.11041030660271645
0.9523809523809523,12862.856750209969,1154,11.080831458999455,562.81591796875,714.0,1.0000001192092896,0.9897738978976295,73.89816284179688,20.98341974190303,5.115461918279422e-06,5.291734931106918e-06,193872,168,0,48468,42,19.86511594057083,4.091555798126917,0.0918860575184226
1.0,12873.84601779297,1155,10.989267583001492,562.81591796875,714.0,1.0,0.9999998978206089,75.26388549804688,22.155656099319458,4.938706693418357e-06,5.111208560621633e-06,194040,168,0,48510,42,17.200562089681625,4.092616843658367,0.31643654964864254
0.9523809523809523,12884.848075537971,1156,11.002057745001366,562.81591796875,714.0,1.0000001192092896,0.9839998412699926,88.51837921142578,21.17322473724683,4.765815955070187e-06,4.934545331445202e-06,194208,168,0,48552,42,24.845478534698486,4.091312199276651,0.09103402681648731
1.0,12895.852557873968,1157,11.004482335996727,562.81591796875,714.0,1.0000001192092896,0.9999998878865015,69.83964538574219,22.68450922909237,4.596791051471827e-06,4.761746621232867e-06,194376,168,0,48594,42,17.182380203157663,4.091693330278975,0.2988709881901741
1.0,12906.861404018968,1158,11.008846144999552,562.81591796875,714.0,1.0000001192092896,0.9999998793715522,95.25557708740234,22.47621310892559,4.431633300713224e-06,4.592813777503721e-06,194544,168,0,48636,42,19.071261586621404,4.091115663715062,0.2163906628265977
1.0,12917.923022044968,1159,11.06161802600036,562.81591796875,714.0,1.0,0.9999998651799702,92.54646301269531,21.266611414296285,4.270343990727885e-06,4.427748117629952e-06,194712,168,0,48678,42,22.74893330410123,4.090329216981662,0.26378034707158804
1.0,12928.999797116969,1160,11.0767750720006,562.81591796875,714.0,1.0000001192092896,0.9999998722757611,73.1821060180664,22.52080530212039,4.112924379282114e-06,4.266550928826915e-06,194880,168,0,48720,42,17.269086346030235,4.090184709001776,0.17171770799905062
0.9761904761904762,12939.98569585297,1161,10.985898736002127,562.81591796875,714.0,1.0000001192092896,0.9972506364186605,79.16171264648438,22.08187678030559,3.959375693965693e-06,4.10922346814243e-06,195048,168,0,48762,42,22.54213774204254,4.08941501136204,0.24753782153129578
1.0,12950.908550985972,1162,10.922855133001576,562.81591796875,714.0,1.0,0.9999998311201731,73.74413299560547,21.806780020395916,3.809699132182184e-06,3.955766962447852e-06,195216,168,0,48804,42,16.17480242718011,4.089761412447496,0.16995352460071445
1.0,12961.895664485972,1163,10.987113499999396,562.81591796875,714.0,1.0000001192092896,0.9999998807907104,69.87371063232422,21.555900533994038,3.6638958611393834e-06,3.8061826084277047e-06,195384,168,0,48846,42,23.148289263248444,4.087555192765736,0.17738089058548212
0.9761904761904762,12972.864655827972,1164,10.968991342000663,562.81591796875,714.0,1.0,0.9984238914081028,73.31462860107422,22.22396518786748,3.5219670178405637e-06,3.6604715725708584e-06,195552,168,0,48888,42,17.32720632199198,4.088897735944816,0.10477777011692524
0.9761904761904762,12983.93412090497,1165,11.069465076998313,562.81591796875,714.0,1.0000001192092896,0.9980557858943939,69.40738677978516,23.235739558935165,3.3839137090753237e-06,3.518634991161326e-06,195720,168,0,48930,42,12.743508994579315,4.087464643564696,0.11879727244377136
0.9761904761904762,12994.960853517972,1166,11.026732613001514,562.81591796875,714.0,1.0,0.9966219791344234,74.81780242919922,22.625635648057575,3.2497370114111025e-06,3.3806739702691133e-06,195888,168,0,48972,42,13.335624877363443,4.087434906279668,0.2401891015470028
0.9761904761904762,13005.943635208972,1167,10.982781691000127,562.81591796875,714.0,1.0000001192092896,0.987186699396088,74.2315444946289,22.211928706083977,3.1194379711847514e-06,3.246589585742067e-06,196056,168,0,49014,42,19.082606486976147,4.087459151577648,0.04987607151269913
1.0,13016.926775038974,1168,10.983139830001164,562.81591796875,714.0,1.0,0.9999998907248179,71.59358215332031,22.4547877907753,2.993017604494324e-06,3.1163828831971132e-06,196224,168,0,49056,42,19.05151668936014,4.087283428015542,0.243021747097373
0.9761904761904762,13027.897274509975,1169,10.970499471000949,562.81591796875,714.0,1.0000001192092896,0.9983908732732137,72.8450927734375,22.509828002679917,2.870476897191261e-06,2.9900548780123815e-06,196392,168,0,49098,42,14.309026628732681,4.087466747089777,0.13654871098697186
0.9761904761904762,13038.913001588975,1170,11.015727079000499,562.81591796875,714.0,1.0,0.9915283691315424,100.10943603515625,21.458709156229382,2.7518168048725672e-06,2.8676065553188868e-06,196560,168,0,49140,42,24.855605363845825,4.086550151851649,0.05617144890129566
1.0,13049.974125588975,1171,11.061123999999836,562.81591796875,714.0,1.0000001192092896,0.9999998552458627,70.25008392333984,22.029861910002573,2.6370382528736033e-06,2.749038869993321e-06,196728,168,0,49182,42,12.954276258125901,4.086709154315204,0.15955966711044312
1.0,13061.135517676976,1172,11.161392088000866,562.81591796875,714.0,1.0,0.9999998382159642,82.05207824707031,20.750593994344985,2.5261421362604345e-06,2.6343527466502884e-06,196896,168,0,49224,42,24.193569391965866,4.0866527275426225,0.127617453224957
0.9523809523809523,13072.112927309972,1173,10.977409632996569,562.81591796875,714.0,1.0000001192092896,0.9898269857679095,71.56159210205078,22.5907308388324,2.41912931982334e-06,2.523549079635208e-06,197064,168,0,49266,42,13.235991922207177,4.086836970599723,0.20963850058615208
0.9761904761904762,13083.208599466972,1174,11.095672157000081,562.81591796875,714.0,1.0,0.9974522973809924,93.11967468261719,21.60964573281152,2.3160006380697175e-06,2.41662873301738e-06,197232,168,0,49308,42,20.423646330833435,4.085104418364132,0.07559310458600521
0.9761904761904762,13094.212184851971,1175,11.003585384998587,562.81591796875,714.0,1.0000001192092896,0.99688011549768,70.91138458251953,21.74496525100299,2.2167568952178134e-06,2.313592540583113e-06,197400,168,0,49350,42,14.276509083807468,4.084978959146177,0.11567356996238232
1.0,13105.219717053973,1176,11.00753220200204,562.81591796875,714.0,1.0000001192092896,0.9999998836290269,85.54137420654297,22.65598100991476,2.121398865190126e-06,2.214441305829341e-06,197568,168,0,49392,42,17.77884626761079,4.0844388518792885,0.385199598968029
1.0,13116.159630205973,1177,10.939913152000372,562.81591796875,714.0,1.0000001192092896,0.9999998694374448,71.33749389648438,22.460022125925338,2.029927291607914e-06,2.119175801957307e-06,197736,168,0,49434,42,12.501118186861277,4.084541109357295,0.21540014445781708
1.0,13127.305202968972,1178,11.1455727629982,562.81591796875,714.0,1.0,0.9999998722757611,94.36598205566406,22.09927657956169,1.94234288778471e-06,2.0277967718665695e-06,197904,168,0,49476,42,18.516650644131005,4.0854662865333795,0.14639756083488464
0.9761904761904762,13138.256998080971,1179,10.951795111999672,562.81591796875,714.0,1.0000001192092896,0.9947228545234317,73.33802795410156,22.357750596035096,1.8586463367214373e-06,1.9403049281491277e-06,198072,168,0,49518,42,16.64242297410965,4.084373337194501,0.12032073549926281
1.0,13149.212579864972,1180,10.95558178400097,562.81591796875,714.0,1.0000001192092896,0.9999998410542806,70.6540756225586,20.90282944270543,1.7788382911004796e-06,1.8567009530839286e-06,198240,168,0,49560,42,13.53800955414772,4.084472781191359,0.21534887328743935
0.9761904761904762,13160.185991219972,1181,10.97341135500028,562.81591796875,714.0,1.0,0.9882699322132837,86.9670639038086,21.501339353266218,1.7029193732811314e-06,1.7769854986316558e-06,198408,168,0,49602,42,17.17970677278936,4.083968689709547,0.0557613680139184
1.0,13171.219617987972,1182,11.033626767999522,562.81591796875,714.0,1.0,0.9999998694374448,71.67967224121094,21.139089368638537,1.6308901752942749e-06,1.7011591864293494e-06,198576,168,0,49644,42,14.240901533514261,4.084013372626422,0.20107618113979697
1.0,13182.234334671972,1183,11.014716683999723,562.81591796875,714.0,1.0000001192092896,0.9999998765332359,92.84252166748047,20.99581281344096,1.562751258838055e-06,1.6292226077858593e-06,198744,168,0,49686,42,23.486064732074738,4.084516512473956,0.36790930293500423
0.9761904761904762,13193.406236511972,1184,11.171901839999919,562.81591796875,714.0,1.0,0.9931284160841078,71.8830337524414,22.194752837930405,1.4985031552735523e-06,1.5611763236770757e-06,198912,168,0,49728,42,13.382180944085121,4.084365060331211,0.17118612444028258
1.0,13204.38987421097,1185,10.983637698998791,562.81591796875,714.0,1.0000001192092896,0.9999998552458627,71.4295425415039,22.669050642422267,1.4381463656202375e-06,1.4970208647416041e-06,199080,168,0,49770,42,15.023010462522507,4.083884952789439,0.17559067159891129
1.0,13215.39032594897,1186,11.000451738000265,562.81591796875,714.0,1.0,0.9999998694374448,116.79335021972656,22.07159807284673,1.3816813605525875e-06,1.4367567312765493e-06,199248,168,0,49812,42,19.929848611354828,4.08368028852246,0.1948263794183731
1.0,13226.357892469972,1187,10.967566521001572,562.81591796875,714.0,1.0,0.9999998736949194,71.24822235107422,22.367701519103278,1.3291085803959819e-06,1.3803843932338012e-06,199416,168,0,49854,42,13.199437472969294,4.0836998747573015,0.08903465885668993
0.9523809523809523,13237.32484736597,1188,10.966954895997333,562.81591796875,714.0,1.0,0.9904267674400693,70.27164459228516,22.707686774787447,1.2804284351235977e-06,1.3279042902161528e-06,199584,168,0,49896,42,14.669381998479366,4.083438686239312,0.07729682512581348
1.0,13248.25733211997,1189,10.932484754001052,562.81591796875,714.0,1.0,0.9999998538267045,71.5676040649414,22.6516543059122,1.2356413043529152e-06,1.2793168314739164e-06,199752,168,0,49938,42,13.301360666751862,4.083138129363458,0.22388284280896187
1.0,13259.29968293197,1190,11.042350812000223,562.81591796875,714.0,1.0,0.9999998481500716,93.84461212158203,21.86994138785771,1.194747537343001e-06,1.23462239590193e-06,199920,168,0,49980,42,19.794722467660904,4.083259864632661,0.14463389478623867
0.9523809523809523,13270.255285283969,1191,10.955602351998095,562.81591796875,714.0,1.0000001192092896,0.9974112070742107,82.09323120117188,20.7423028974306,1.15774745299168e-06,1.1938213320363964e-06,200088,168,0,50022,42,16.767223697155714,4.082720731163309,0.1345245409756899
1.0,13281.20530195197,1192,10.950016668000899,562.81591796875,714.0,1.0,0.9999998453117552,76.52684783935547,22.039289514223736,1.1246413398329838e-06,1.1569139580521649e-06,200256,168,0,50064,42,18.034435987472534,4.082953809483332,0.1287449263036251
1.0,13292.23111480497,1193,11.025812853000389,562.81591796875,714.0,1.0000001192092896,0.999999863760812,71.21842956542969,22.382908948830195,1.095429456035099e-06,1.1239005617604024e-06,200424,168,0,50106,42,15.0999990478158,4.083122304895715,0.26315569691359997
1.0,13303.298331252969,1194,11.067216447998362,562.81591796875,714.0,1.0000001192092896,0.9999998765332359,92.3252182006836,21.75803353389104,1.070112029398205e-06,1.094781400606155e-06,200592,168,0,50148,42,18.859005242586136,4.082601814309046,0.1592792607843876
1.0,13314.24732740497,1195,10.9489961520012,562.81591796875,714.0,1.0,0.999999829701015,71.493408203125,21.541504783289774,1.0486892573525327e-06,1.0695567016664598e-06,200760,168,0,50190,42,13.763434833846986,4.082768791732157,0.07085826061666012
1.0,13325.357929794973,1196,11.110602390002896,562.81591796875,714.0,1.0,0.9999999120121911,71.72706604003906,23.039930059796287,1.03116130695731e-06,1.0482266616486278e-06,200928,168,0,50232,42,16.755021805875003,4.0828792425316,0.5863038003444672
1.0,13336.397320239972,1197,11.039390444999299,562.81591796875,714.0,1.0,0.9999998694374448,70.82330322265625,22.53208947749365,1.0175283148989336e-06,1.0307914468886352e-06,201096,168,0,50274,42,16.81310571730137,4.08270546027814,0.16936518624424934
1.0,13347.35610894997,1198,10.958788709998771,562.81591796875,714.0,1.0,0.9999998339584896,119.91507720947266,21.767118746326084,1.007790387490191e-06,1.0172511933497366e-06,201264,168,0,50316,42,19.407761961221695,4.082965100350391,0.1677271667867899
0.9761904761904762,13358.30562761897,1199,10.9495186690001,562.81591796875,714.0,1.0,0.9942622695650373,86.38290405273438,21.90602191289266,1.0019476006694844e-06,1.0076060066215778e-06,201432,168,0,50358,42,13.979728547856212,4.082333173103897,0.1381704667583108
1.0,13369.255624693971,1200,10.949997075000283,562.81591796875,714.0,1.0000001192092896,0.9999998566650209,71.84807586669922,21.750881200744992,1e-06,1.0018559619192538e-06,201600,168,0,50400,42,20.53354775905609,4.082256963476539,0.13034619763493538
