all_cross_channel,axis,band,channel_in,channel_out,cross_channel,epsilon,maximum_gain,maximum_phase_correlation,mean_gain,mean_phase_correlation,median_gain,median_phase_correlation,minimum_gain,minimum_phase_correlation,mode,state_count
False,phi,high_k,Bcc1,Bcc1,False,0.001,0.6807861328125,0.024761952130004997,0.5906716055340238,0.013807971311297133,0.6027035117149353,0.016141607313755153,0.40433141589164734,0.004489384718134482,phi_high_k,9
True,phi,high_k,Bcc1,Bcc2,True,0.001,1.354832649230957,0.005366752277224921,1.2050621840688918,-0.006773003559340609,1.254268765449524,-0.006311093764691207,0.8337740302085876,-0.02396080957198799,phi_high_k,9
True,phi,high_k,Bcc1,Bcc3,True,0.001,1.7537564039230347,-0.004359992975538119,1.5240440633561876,-0.012118922014214105,1.5846065282821655,-0.011661745645748485,1.0226380825042725,-0.02012384647885708,phi_high_k,9
True,phi,high_k,Bcc1,press,True,0.001,0.7476324439048767,0.022508258049639844,0.6508792108959622,0.007211610358671117,0.6712305545806885,0.006480689820019867,0.45934927463531494,0.0010138882214399535,phi_high_k,9
True,phi,high_k,Bcc1,rho,True,0.001,0.9571017026901245,0.036071327832663334,0.8384557498825921,0.017132590682668893,0.8697815537452698,0.013015740577324094,0.5959022641181946,0.011260592301141105,phi_high_k,9
True,phi,high_k,Bcc1,vel1,True,0.001,0.8980928063392639,0.006152315665453233,0.7756917807790968,-0.008831198844657924,0.7949008345603943,-0.010812381208051135,0.5189856886863708,-0.018258625547081794,phi_high_k,9
True,phi,high_k,Bcc1,vel2,True,0.001,1.6072168350219727,0.01272589677858642,1.3968161675665114,0.0037916007797069084,1.43306565284729,0.004218800726233709,0.962887704372406,-0.00846422492648824,phi_high_k,9
True,phi,high_k,Bcc1,vel3,True,0.001,1.41907799243927,0.009977771828926901,1.225585699081421,0.0006793685382775602,1.2386436462402344,0.00403505104498353,0.8694207668304443,-0.014177867243909091,phi_high_k,9
True,phi,high_k,Bcc2,Bcc1,True,0.001,0.6777406142795452,0.014714509163873518,0.5881581789481879,0.008359982985116183,0.6006357431790675,0.008396047698668644,0.39734008296371,0.004000842102460447,phi_high_k,9
False,phi,high_k,Bcc2,Bcc2,False,0.001,1.3573991869329922,0.02248269589695989,1.2092212165924638,0.0169743720955059,1.2581340824445535,0.018479205173043994,0.8350213667763094,0.009563553900833997,phi_high_k,9
True,phi,high_k,Bcc2,Bcc3,True,0.001,1.7372463784960734,-0.003499509053528431,1.5138626471146202,-0.009019807601853294,1.5615845657339433,-0.010114528721918559,1.018871964148996,-0.012753714875511538,phi_high_k,9
True,phi,high_k,Bcc2,press,True,0.001,0.7468908874327473,0.01152949514857539,0.649597746440965,-0.0027797459044496225,0.6687229078246896,-0.0020026728869025007,0.4548025104285783,-0.011358248927886243,phi_high_k,9
True,phi,high_k,Bcc2,rho,True,0.001,0.9534561010274948,0.03099892393169633,0.8352057239535883,0.01248924857284612,0.8649211445403782,0.013899399789291526,0.5889740937336739,-0.0030826678390281047,phi_high_k,9
True,phi,high_k,Bcc2,vel1,True,0.001,0.8932868178657781,-0.0005422733185245046,0.7741792530987878,-0.010214814993612244,0.7902366989992081,-0.01167344991253674,0.5214536500843555,-0.017922233088537014,phi_high_k,9
True,phi,high_k,Bcc2,vel2,True,0.001,1.6030827524115296,0.028400321243368602,1.3963055449508952,0.01331877221738723,1.4254587546264383,0.011856307411985102,0.9631859042159262,0.005644137139690837,phi_high_k,9
True,phi,high_k,Bcc2,vel3,True,0.001,1.4022651554504129,0.010315557391187535,1.221918311365875,-0.0120016852825141,1.2319315214116289,-0.015167193041115272,0.8767507598847604,-0.018472643280011202,phi_high_k,9
True,phi,high_k,Bcc3,Bcc1,True,0.001,0.5607284903526306,0.0051913842908873345,0.524098320139779,-0.008145529064883035,0.547121524810791,-0.009618337003104617,0.3927561640739441,-0.029814259584932667,phi_high_k,9
True,phi,high_k,Bcc3,Bcc2,True,0.001,1.1335108280181885,0.04474775959479733,1.0385844508806865,0.008496255626153474,1.057942271232605,0.008353785663887857,0.7868927717208862,-0.009767381055109721,phi_high_k,9
False,phi,high_k,Bcc3,Bcc3,False,0.001,1.399141788482666,0.012000139212953976,1.2711194687419467,0.002831855211463578,1.2838635444641113,0.0006859861569161129,0.9819851517677307,-0.008659059347562567,phi_high_k,9
True,phi,high_k,Bcc3,press,True,0.001,0.6280959844589233,0.0036107546719165045,0.5884500543276469,-0.005907536285930798,0.6090285181999207,-0.0016324583864003464,0.4500609040260315,-0.04244777343412181,phi_high_k,9
True,phi,high_k,Bcc3,rho,True,0.001,0.8315210938453674,-0.018205469769444527,0.7744662099414401,-0.03432659256350681,0.8006323575973511,-0.030080450345982584,0.5973210334777832,-0.06384692705742977,phi_high_k,9
True,phi,high_k,Bcc3,vel1,True,0.001,0.7146429419517517,0.01187488646059287,0.6687513788541158,-0.0010102753457833973,0.6931048631668091,0.009450614419963732,0.4971684217453003,-0.07450353729043654,phi_high_k,9
True,phi,high_k,Bcc3,vel2,True,0.001,1.2512799501419067,-0.024672427598798462,1.1694772375954523,-0.0304249693009363,1.1966218948364258,-0.030801747738619125,0.9363890886306763,-0.0367125920691755,phi_high_k,9
True,phi,high_k,Bcc3,vel3,True,0.001,1.114946722984314,0.0516819050088668,1.0523183544476826,0.008875140648475085,1.0844486951828003,0.006993653324795122,0.8468496203422546,-0.016141695724651232,phi_high_k,9
True,phi,high_k,press,Bcc1,True,0.001,0.6755629777908325,0.01048833551087214,0.5869759254985385,0.003509834072242524,0.5982506275177002,0.0021895946095593795,0.4027487635612488,-0.00290891679350717,phi_high_k,9
True,phi,high_k,press,Bcc2,True,0.001,1.3501838445663452,-0.0061727651105371924,1.2000155581368341,-0.01893324391521374,1.2388818264007568,-0.022658584531188436,0.8491758108139038,-0.03415163226003783,phi_high_k,9
True,phi,high_k,press,Bcc3,True,0.001,1.7461061477661133,4.4248882475441836e-05,1.5118717352549236,-0.005304406024184404,1.5697349309921265,-0.005916481497598468,1.0377055406570435,-0.010286065880209007,phi_high_k,9
False,phi,high_k,press,press,False,0.001,0.7456330060958862,0.019055637438834008,0.6477450562847985,0.014601487973460836,0.6665583848953247,0.014284844038458158,0.4578339159488678,0.007851806731036559,phi_high_k,9
True,phi,high_k,press,rho,True,0.001,0.954226016998291,0.008318986733234335,0.8333873218960233,-0.008407785344059152,0.8598741888999939,-0.010772709685821547,0.5934642553329468,-0.01920583705665017,phi_high_k,9
True,phi,high_k,press,vel1,True,0.001,0.8934466242790222,0.002892255143775922,0.771246976322598,-0.005452537011169328,0.7904748916625977,-0.005796394871739687,0.5242178440093994,-0.013553392497890403,phi_high_k,9
True,phi,high_k,press,vel2,True,0.001,1.601513147354126,-0.024262005864706938,1.3893449902534485,-0.03500383764961626,1.4235999584197998,-0.03366538455035965,0.9692336916923523,-0.047303083506155405,phi_high_k,9
True,phi,high_k,press,vel3,True,0.001,1.4087222814559937,0.01992540705029448,1.221486555205451,0.009913318142612405,1.2310928106307983,0.014760337939232053,0.8844119310379028,-0.01514190399835449,phi_high_k,9
True,phi,high_k,rho,Bcc1,True,0.001,0.6803148198315394,0.0021395831162291912,0.5910049035750768,-0.004953583977285406,0.6030049683454614,-0.0033498383702854485,0.40515893132441827,-0.01720734912873794,phi_high_k,9
True,phi,high_k,rho,Bcc2,True,0.001,1.3581562851760558,0.013586134592316007,1.2059060987707966,-0.0004669644015990996,1.251856044045451,-0.004404299374417369,0.8336038490297705,-0.008008928370097134,phi_high_k,9
True,phi,high_k,rho,Bcc3,True,0.001,1.7534729095383232,0.008673256342272525,1.523249478533833,0.0007634715468005916,1.5791122662491957,0.00020245982190184315,1.0304874795965837,-0.006733743055298715,phi_high_k,9
True,phi,high_k,rho,press,True,0.001,0.7478465883640402,0.006959893560772374,0.6517849953046437,0.004173190780124678,0.673776487933188,0.004179342058073717,0.4565239224746181,0.0011857955513528437,phi_high_k,9
False,phi,high_k,rho,rho,False,0.001,0.9597603058672134,3.683835189204016e-05,0.8431409503901571,-0.007498867090453611,0.8756484315185804,-0.008294793638330519,0.5965617654658416,-0.014986308198275393,phi_high_k,9
True,phi,high_k,rho,vel1,True,0.001,0.8975067077581113,0.021264639499380778,0.7766909201292083,0.008545787703343534,0.7957537648531058,0.009856203795840936,0.5182596157943974,-0.010784745575577464,phi_high_k,9
True,phi,high_k,rho,vel2,True,0.001,1.6057204965186416,0.0077238433607575855,1.397165812217476,-0.010155668238480695,1.4348469635753014,-0.012771573390808253,0.9614680982511102,-0.018760754118355667,phi_high_k,9
True,phi,high_k,rho,vel3,True,0.001,1.4141965755341397,0.020228763847023927,1.2277072472662744,0.004376889400225511,1.2426490332275053,0.004222347000957925,0.8708822054196719,-0.010242888111539736,phi_high_k,9
True,phi,high_k,vel1,Bcc1,True,0.001,0.6701369088969772,0.008977983360932371,0.5836497330191903,0.002395747206001288,0.5962357280394869,0.0010890434829384057,0.40154939303096493,-0.0021213890270647454,phi_high_k,9
True,phi,high_k,vel1,Bcc2,True,0.001,1.3278387384318553,-0.007902328233951464,1.187123866108489,-0.014346878947203953,1.230983449875322,-0.010408404829001221,0.8110301381963574,-0.024522562096424193,phi_high_k,9
True,phi,high_k,vel1,Bcc3,True,0.001,1.7147165366838297,-0.004344024843553827,1.4991159140536734,-0.008247103361585668,1.5614266134158739,-0.009433167023318709,1.021157087156599,-0.013537601564429524,phi_high_k,9
True,phi,high_k,vel1,press,True,0.001,0.7378978573022996,0.014555504777233929,0.6429421059719652,0.007269989993510573,0.665184358667395,0.007062425482021909,0.45147609421468343,-0.0053495155181912625,phi_high_k,9
True,phi,high_k,vel1,rho,True,0.001,0.9436939325150211,0.0006143393937164576,0.8273120287114266,-0.006221623781494017,0.8591234600021517,-0.005294350088899135,0.5878368370435737,-0.018205747925899494,phi_high_k,9
False,phi,high_k,vel1,vel1,False,0.001,0.8811978030918719,0.0038365243660063845,0.7636010704597476,-0.005292727755013687,0.784230696215075,-0.004530240069896486,0.5106666392485284,-0.010875344744034928,phi_high_k,9
True,phi,high_k,vel1,vel2,True,0.001,1.5816446293380635,-0.03500224930213685,1.380270536889201,-0.04199141280074234,1.4161519656271915,-0.040467673073126646,0.947612222886814,-0.053389128506622655,phi_high_k,9
True,phi,high_k,vel1,vel3,True,0.001,1.3851968875644736,0.01568638684669219,1.208178631952125,0.00963055414945674,1.2240067257885174,0.009595346740505797,0.8645471849767676,0.004301913595526269,phi_high_k,9
True,phi,high_k,vel2,Bcc1,True,0.001,0.6853342652320862,0.0449980446451425,0.5906035171614753,0.026470433194793346,0.597626268863678,0.025837382948702435,0.39704084396362305,0.017487689691393717,phi_high_k,9
True,phi,high_k,vel2,Bcc2,True,0.001,1.3703285455703735,0.03154008432165603,1.2075332138273451,0.0167558064010022,1.2574973106384277,0.01275782992792147,0.8194626569747925,0.003595518211613382,phi_high_k,9
True,phi,high_k,vel2,Bcc3,True,0.001,1.7782365083694458,0.005677136891242216,1.5312896172205608,-0.00470480060904915,1.574842095375061,0.0003858735363793619,1.018833041191101,-0.020855443125969673,phi_high_k,9
True,phi,high_k,vel2,press,True,0.001,0.7573399543762207,-0.018484635242994173,0.6535325977537367,-0.02461290666554736,0.6687158942222595,-0.025521385114494234,0.4555920362472534,-0.03268162417571911,phi_high_k,9
True,phi,high_k,vel2,rho,True,0.001,0.9683124423027039,0.010034326525930138,0.8408801621860928,-0.0036171395280326663,0.8656644821166992,-0.0027212349560963595,0.5888435244560242,-0.020883383600116455,phi_high_k,9
True,phi,high_k,vel2,vel1,True,0.001,0.9106079936027527,0.008992530960619341,0.7775518827968173,-0.0030945413786995883,0.7904374599456787,-0.00038190582978371026,0.5128504037857056,-0.02073943199133687,phi_high_k,9
False,phi,high_k,vel2,vel2,False,0.001,1.6395564079284668,0.07448763732043931,1.4049482279353671,0.052568783485209304,1.4144203662872314,0.04975586766297887,0.9779366850852966,0.040482701162585774,phi_high_k,9
True,phi,high_k,vel2,vel3,True,0.001,1.4290653467178345,0.013450215233405038,1.2312308616108365,0.002920784909275824,1.232878565788269,0.007040620637616078,0.8734199404716492,-0.007477538882286704,phi_high_k,9
True,phi,high_k,vel3,Bcc1,True,0.001,0.6161735425098862,0.020997618943477715,0.546934720028854,0.015034967301058608,0.5654846766879962,0.014290553633339451,0.38360666534940396,0.01009679952996607,phi_high_k,9
True,phi,high_k,vel3,Bcc2,True,0.001,1.2134775646613576,-0.010515746255520944,1.1036139722170148,-0.030545665148569618,1.1439567294094997,-0.033112571328128414,0.7985909461135237,-0.06341204847226038,phi_high_k,9
True,phi,high_k,vel3,Bcc3,True,0.001,1.5256141141423054,0.035166040922720625,1.362952479167596,0.022549379011056532,1.4249826326955934,0.022496667433878046,0.9454381433390464,0.012599357363141366,phi_high_k,9
True,phi,high_k,vel3,press,True,0.001,0.6857979706405384,-0.0020056882698739516,0.6085849866421016,-0.006677063796490723,0.629053272548513,-0.004858789715611326,0.44220441235330177,-0.018747681192189867,phi_high_k,9
True,phi,high_k,vel3,rho,True,0.001,0.8869639567711327,-0.016884521269871312,0.7924461572171277,-0.023590907685205754,0.8209891808622587,-0.02618580745576609,0.5813021410287703,-0.027427912001984286,phi_high_k,9
True,phi,high_k,vel3,vel1,True,0.001,0.8038250090971595,0.009274352274470854,0.7052406459859067,-0.002318879997248169,0.7241043284001546,0.00046772020093661964,0.48976927934701914,-0.02424998992260561,phi_high_k,9
True,phi,high_k,vel3,vel2,True,0.001,1.4164796719836994,-0.008676468777010619,1.2552794171539596,-0.01794851338268034,1.2838924696381373,-0.014511840141989594,0.9124441690709691,-0.03557113694292377,phi_high_k,9
False,phi,high_k,vel3,vel3,False,0.001,1.2573983226655914,0.05731360088147319,1.1284858925897083,0.031225482446768142,1.1641348102173097,0.03374100557690495,0.8425260092333561,-0.010288386634932332,phi_high_k,9
False,phi,low_k,Bcc1,Bcc1,False,0.001,0.6832284331321716,0.005459309236126847,0.598579572306739,0.0007566910830582994,0.6129313707351685,0.001454120755351032,0.4155900478363037,-0.003036005588865995,phi_low_k,9
True,phi,low_k,Bcc1,Bcc2,True,0.001,1.3646966218948364,0.005974863879856939,1.2285435729556613,0.003405383316133737,1.2806448936462402,0.0033438321635403593,0.8576396703720093,-0.0002951620497149469,phi_low_k,9
True,phi,low_k,Bcc1,Bcc3,True,0.001,1.7663737535476685,-0.002187770433709267,1.5630181233088176,-0.004791590380231713,1.6283200979232788,-0.00485865913410878,1.0774224996566772,-0.008335098691118535,phi_low_k,9
True,phi,low_k,Bcc1,press,True,0.001,0.7504868507385254,0.005150925475059013,0.6588044663270315,-1.2115043308519465e-05,0.6832186579704285,0.0005379362598086724,0.46294090151786804,-0.00814888473551555,phi_low_k,9
True,phi,low_k,Bcc1,rho,True,0.001,0.9610223174095154,0.0016562796172718717,0.8489284978972541,-0.00013472528740039245,0.8804333209991455,-0.00017884687957960205,0.6062288284301758,-0.002552296674647264,phi_low_k,9
True,phi,low_k,Bcc1,vel1,True,0.001,0.9035813212394714,0.0032678873772956753,0.7887652516365051,0.0004872161793312044,0.8119814991950989,-0.000351216413832006,0.5349892973899841,-0.0013141746464469296,phi_low_k,9
True,phi,low_k,Bcc1,vel2,True,0.001,1.6168097257614136,0.01012440891173396,1.4229544070031908,0.007817744522611159,1.4658119678497314,0.007892453896078093,0.9854443669319153,0.00304711627478012,phi_low_k,9
True,phi,low_k,Bcc1,vel3,True,0.001,1.4231966733932495,0.001865677689869739,1.252316223250495,-0.0013092051709440555,1.2719391584396362,0.00010865754527548503,0.9034404754638672,-0.011043092905361495,phi_low_k,9
True,phi,low_k,Bcc2,Bcc1,True,0.001,0.6839991807937622,-0.0018043316863273376,0.5990084509054819,-0.006796439428983023,0.6116666793823242,-0.007008170928929607,0.4092129170894623,-0.009063176765716765,phi_low_k,9
False,phi,low_k,Bcc2,Bcc2,False,0.001,1.3766859769821167,0.006680357353935632,1.242399361398485,0.002084473165875075,1.3021924495697021,0.004019435487180943,0.8638222217559814,-0.004368965676995028,phi_low_k,9
True,phi,low_k,Bcc2,Bcc3,True,0.001,1.7635504007339478,0.00029234291335288206,1.5634632772869534,-0.0024856522432376133,1.6254594326019287,-0.0019365843247867553,1.0694260597229004,-0.006113943557608377,phi_low_k,9
True,phi,low_k,Bcc2,press,True,0.001,0.7555562853813171,0.006025986410910222,0.6613151133060455,0.0020426215368515434,0.6834712624549866,0.0015345690144668647,0.46489617228507996,-0.0006114599754761096,phi_low_k,9
True,phi,low_k,Bcc2,rho,True,0.001,0.9653633236885071,0.0006209144615754805,0.851257668601142,-0.0012087680330645308,0.8822240829467773,-0.0012495754301281546,0.6029860973358154,-0.0028028131787131987,phi_low_k,9
True,phi,low_k,Bcc2,vel1,True,0.001,0.9038939476013184,0.0019027849810414846,0.7907897697554694,-0.0022063773450130626,0.8131060004234314,-0.0018597644863622385,0.5300416350364685,-0.006944433282919692,phi_low_k,9
True,phi,low_k,Bcc2,vel2,True,0.001,1.6228888034820557,0.016471385205691774,1.4311546948220994,0.011905534639700656,1.462059736251831,0.011493629302333436,0.9989182353019714,0.007867359674191703,phi_low_k,9
True,phi,low_k,Bcc2,vel3,True,0.001,1.4199305772781372,0.004936713259665802,1.2526855799886916,-0.0013877136741282012,1.2680343389511108,-0.0010416567946458656,0.9003668427467346,-0.005925704540645742,phi_low_k,9
True,phi,low_k,Bcc3,Bcc1,True,0.001,0.5824289917945862,0.00445643005091022,0.535603427224689,0.0006782890976630251,0.5613137483596802,0.00014953479022983043,0.39071717858314514,-0.0007893610745614153,phi_low_k,9
True,phi,low_k,Bcc3,Bcc2,True,0.001,1.169234275817871,0.0006971575633592359,1.0746700167655945,-0.0007470261043466696,1.1065324544906616,0.00013060708752911826,0.8127719759941101,-0.004000212142095218,phi_low_k,9
False,phi,low_k,Bcc3,Bcc3,False,0.001,1.447875738143921,0.01036485654308359,1.3228615919748943,0.004741109775213113,1.3484963178634644,0.00474378740731446,1.0060906410217285,-0.001598385765371488,phi_low_k,9
True,phi,low_k,Bcc3,press,True,0.001,0.6548157930374146,0.006047551764747461,0.6020894183052911,5.7074002197350696e-05,0.6258624792098999,-0.00037051654440887094,0.4502887725830078,-0.003344324843250272,phi_low_k,9
True,phi,low_k,Bcc3,rho,True,0.001,0.8567125797271729,0.005051398992625674,0.7841839724116855,-0.0011324142758560992,0.8184149265289307,-0.0008094456209346645,0.5882008671760559,-0.006588191483122407,phi_low_k,9
True,phi,low_k,Bcc3,vel1,True,0.001,0.7486430406570435,0.0028842063237874555,0.6879644360807207,0.00021493252366120647,0.7221642732620239,0.0005579129758661277,0.4961967170238495,-0.004496045563237175,phi_low_k,9
True,phi,low_k,Bcc3,vel2,True,0.001,1.2869315147399902,-0.0002818047161698541,1.210928049352434,-0.005590427032101275,1.2481390237808228,-0.005274652562091105,0.9320409893989563,-0.009064832038315917,phi_low_k,9
True,phi,low_k,Bcc3,vel3,True,0.001,1.151564359664917,0.007334356361327395,1.0915827883614435,0.0012148907364420035,1.1255781650543213,0.0005734104184319204,0.8621158599853516,-0.0014639241841812587,phi_low_k,9
True,phi,low_k,press,Bcc1,True,0.001,0.6788374185562134,0.0069371795483568225,0.5938981307877435,0.001209783222733479,0.6092483401298523,0.0005513241939943143,0.4093919098377228,-0.0013804016406936065,phi_low_k,9
True,phi,low_k,press,Bcc2,True,0.001,1.3582890033721924,0.008318623367102675,1.2222106125619676,0.004538949266386503,1.2744864225387573,0.004671732603643889,0.871486485004425,0.0014172656007240684,phi_low_k,9
True,phi,low_k,press,Bcc3,True,0.001,1.759284496307373,0.0034625811178825862,1.5492632786432903,0.0014395540237687413,1.607854962348938,0.0025637859736682817,1.081302285194397,-0.0015684328858661344,phi_low_k,9
False,phi,low_k,press,press,False,0.001,0.7497053146362305,0.0028795979452791187,0.655878742535909,0.001176225349585266,0.6767382621765137,0.0015517305772452994,0.46596693992614746,-0.0013638837052106466,phi_low_k,9
True,phi,low_k,press,rho,True,0.001,0.9540781378746033,0.004860831721485564,0.841186006863912,0.00024199642733841028,0.8724046945571899,0.00032879567162080877,0.6025896668434143,-0.0034133409672052954,phi_low_k,9
True,phi,low_k,press,vel1,True,0.001,0.8984633684158325,0.007828099679940949,0.783956938319736,0.004284066921805674,0.8064989447593689,0.0027915929822470258,0.5350888967514038,0.0008825642584768843,phi_low_k,9
True,phi,low_k,press,vel2,True,0.001,1.606336236000061,-0.0014062234551362003,1.4137765831417508,-0.0038363869416158597,1.458305835723877,-0.0033362967246778996,0.9963709115982056,-0.007502949010926668,phi_low_k,9
True,phi,low_k,press,vel3,True,0.001,1.4147664308547974,0.008023812558471776,1.2438829011387296,0.00394685016571569,1.2616409063339233,0.0036054385921196887,0.9031402468681335,-0.001902667819512483,phi_low_k,9
True,phi,low_k,rho,Bcc1,True,0.001,0.6810255646705627,0.00112946961593086,0.5979339016808404,-0.0016599432487913982,0.6142988204956055,-0.0011348655589244407,0.4151149392127991,-0.004038989163166213,phi_low_k,9
True,phi,low_k,rho,Bcc2,True,0.001,1.3644020557403564,0.0036248457578668186,1.228078027566274,-0.00030971768338319323,1.2861753702163696,-0.00016997497483412782,0.8516432642936707,-0.0029897870571355934,phi_low_k,9
True,phi,low_k,rho,Bcc3,True,0.001,1.7613290548324585,0.008188219770213782,1.5576785537931654,0.004667108568210558,1.6204421520233154,0.004867732766155892,1.0591492652893066,0.0018837325641783333,phi_low_k,9
True,phi,low_k,rho,press,True,0.001,0.7507128715515137,0.0022742735319725496,0.6597349445025126,-7.666323185135738e-05,0.6869406700134277,0.0004168226651940257,0.46442461013793945,-0.0019478957805969066,phi_low_k,9
False,phi,low_k,rho,rho,False,0.001,0.9646662473678589,0.0013968146719283098,0.8532329599062601,-0.0016657764425675415,0.8887578845024109,-0.0006994631457443594,0.6072508692741394,-0.005681453932030296,phi_low_k,9
True,phi,low_k,rho,vel1,True,0.001,0.9031267166137695,0.003183099079646369,0.7884915868441263,0.0013495033281403085,0.8110724687576294,0.0009137927103782752,0.5269790291786194,-0.0008327516353734551,phi_low_k,9
True,phi,low_k,rho,vel2,True,0.001,1.6125370264053345,0.008221808930591013,1.4245429105228848,0.0033509453043526205,1.4733763933181763,0.003268539453505243,0.9851569533348083,-0.0003928242461659102,phi_low_k,9
True,phi,low_k,rho,vel3,True,0.001,1.4242558479309082,0.002718845033759856,1.2509302496910095,0.0007383364963994277,1.2807573080062866,0.0013628337794174892,0.8929988741874695,-0.0017493028301491212,phi_low_k,9
True,phi,low_k,vel1,Bcc1,True,0.001,0.6730786561965942,0.007453476493564869,0.5924975706471337,0.004545722841805092,0.6077067255973816,0.004552807529142413,0.4126673638820648,0.0021354482127176905,phi_low_k,9
True,phi,low_k,vel1,Bcc2,True,0.001,1.341894268989563,0.005845913540826836,1.214850087960561,0.002934074106989294,1.2674846649169922,0.002239070054721294,0.8461560606956482,0.0008798964377316541,phi_low_k,9
True,phi,low_k,vel1,Bcc3,True,0.001,1.7274667024612427,0.004271785788014355,1.538230790032281,0.0007529362895779763,1.6075736284255981,0.0013732692608139012,1.066480278968811,-0.0027077946523293528,phi_low_k,9
True,phi,low_k,vel1,press,True,0.001,0.7411283254623413,0.007921547000846558,0.6530816919273801,0.0029248743561053345,0.6777492165565491,0.0035632186303145357,0.46340397000312805,-0.0008208621446867134,phi_low_k,9
True,phi,low_k,vel1,rho,True,0.001,0.9484566450119019,0.0035835809584076304,0.8404091000556946,0.0014403826081422029,0.8746320009231567,0.0015630821368800478,0.6017215847969055,-0.0005978069618928829,phi_low_k,9
False,phi,low_k,vel1,vel1,False,0.001,0.8872217535972595,0.00715004476743987,0.7786212431059943,0.0036264738790263477,0.8051227331161499,0.003357274719845779,0.5279644727706909,0.0014511043784405046,phi_low_k,9
True,phi,low_k,vel1,vel2,True,0.001,1.5934913158416748,-0.005845768092677627,1.4082525306277804,-0.010101110004511523,1.453394889831543,-0.009445501754840765,0.976577639579773,-0.015080790041415737,phi_low_k,9
True,phi,low_k,vel1,vel3,True,0.001,1.396342396736145,0.01281176945571538,1.2357858883010016,0.007830738820024807,1.2599821090698242,0.00855102002279001,0.8953595757484436,0.0006078905148158274,phi_low_k,9
True,phi,low_k,vel2,Bcc1,True,0.001,0.6893975734710693,-0.0015698800503409825,0.5993913014729818,-0.005813267302862877,0.6104708909988403,-0.005691303511410804,0.4089882969856262,-0.00857715752903096,phi_low_k,9
True,phi,low_k,vel2,Bcc2,True,0.001,1.3825525045394897,0.0007652127848016767,1.2326304912567139,-0.0004965724236779893,1.2827955484390259,0.00022761026353571658,0.848393440246582,-0.0031599770048003468,phi_low_k,9
True,phi,low_k,vel2,Bcc3,True,0.001,1.7994213104248047,0.0013543383366098989,1.5743952724668715,-0.002303843036162056,1.6300944089889526,-0.002814424903923942,1.0814334154129028,-0.008017606093812822,phi_low_k,9
True,phi,low_k,vel2,press,True,0.001,0.7607970833778381,0.002659697043052552,0.663175063000785,-0.0023935264041127233,0.6843068599700928,-0.002410304517887241,0.4714467227458954,-0.00915430167823172,phi_low_k,9
True,phi,low_k,vel2,rho,True,0.001,0.9746133089065552,-7.169530589391515e-05,0.8521414928966098,-0.0033912053320403262,0.883840024471283,-0.0025269466714871124,0.6023297309875488,-0.007658523683793208,phi_low_k,9
True,phi,low_k,vel2,vel1,True,0.001,0.9172870516777039,0.0012093870693708516,0.7926802105373807,-0.0017608060128526625,0.8118254542350769,-0.0017192634857963278,0.5327702164649963,-0.005429194757378599,phi_low_k,9
False,phi,low_k,vel2,vel2,False,0.001,1.6491369009017944,0.02286390474591856,1.4342510435316298,0.01865557655556551,1.4561333656311035,0.017866800799726777,1.0067318677902222,0.014087286659403892,phi_low_k,9
True,phi,low_k,vel2,vel3,True,0.001,1.4439955949783325,0.0004692033363609416,1.258235706223382,-0.0048765487701502176,1.2667971849441528,-0.004175007955493617,0.9035940170288086,-0.007776144755747245,phi_low_k,9
True,phi,low_k,vel3,Bcc1,True,0.001,0.6270872354507446,0.00019404366024910024,0.5561634633276198,-0.003509386426992635,0.5729893445968628,-0.0024040714555164794,0.38667193055152893,-0.008832027458380184,phi_low_k,9
True,phi,low_k,vel3,Bcc2,True,0.001,1.239926815032959,0.003643802459535022,1.1304437054528131,0.0009450626123049666,1.174534559249878,0.0016350264523069314,0.8113770484924316,-0.0021267051224219727,phi_low_k,9
True,phi,low_k,vel3,Bcc3,True,0.001,1.5711472034454346,0.005839983618576601,1.4059174458185832,0.0015512756098830496,1.471519947052002,0.0009627049863995124,0.9809473752975464,-0.0028841528064037676,phi_low_k,9
True,phi,low_k,vel3,press,True,0.001,0.6974653005599976,0.0035512270012248107,0.6181731952561272,-0.0001388869496152841,0.6390169262886047,0.00031758267512373823,0.4448726773262024,-0.004937107328891907,phi_low_k,9
True,phi,low_k,vel3,rho,True,0.001,0.895908534526825,0.0021005219131741797,0.7990213632583618,-0.0017065535981037481,0.831256628036499,-0.001143051651732826,0.5810701251029968,-0.005078544149760045,phi_low_k,9
True,phi,low_k,vel3,vel1,True,0.001,0.8207575082778931,0.0008095732154459728,0.7206158704227872,-0.0015021269276222133,0.7386512160301208,-0.001697419979575642,0.4955361485481262,-0.004535870398431107,phi_low_k,9
True,phi,low_k,vel3,vel2,True,0.001,1.4491783380508423,0.006452977779485728,1.2876754336886935,0.0028097269448665147,1.3161184787750244,0.0023378358567350925,0.938170313835144,-0.0016318386797125738,phi_low_k,9
False,phi,low_k,vel3,vel3,False,0.001,1.2907556295394897,0.005419676982790012,1.1569035318162706,0.001996039171812215,1.1834495067596436,0.003602631692416644,0.8610371351242065,-0.0038033234236851394,phi_low_k,9
False,phi,mid_k,Bcc1,Bcc1,False,0.001,0.6816993951797485,0.005885602984454803,0.5943418873680962,0.00154819096763764,0.6053968667984009,0.0016141664373953135,0.4095683693885803,-0.00212676952930184,phi_mid_k,9
True,phi,mid_k,Bcc1,Bcc2,True,0.001,1.3603451251983643,0.006315834373956372,1.2154733273718092,0.004058504303709739,1.2669763565063477,0.004419468490756828,0.8365872502326965,0.0010301519761018868,phi_mid_k,9
True,phi,mid_k,Bcc1,Bcc3,True,0.001,1.7707611322402954,-0.0018740599018830927,1.54285020298428,-0.004225117218077993,1.6059215068817139,-0.003571898851444137,1.0449962615966797,-0.008370946102434844,phi_mid_k,9
True,phi,mid_k,Bcc1,press,True,0.001,0.7491408586502075,0.006030751809616338,0.6548292371961806,0.003943383664226078,0.6760376691818237,0.005520245114674874,0.45774757862091064,-0.0001455199747531411,phi_mid_k,9
True,phi,mid_k,Bcc1,rho,True,0.001,0.9596790671348572,0.009560618117775426,0.842990928226047,0.005918006043642599,0.8737899661064148,0.006351055177146711,0.5980561375617981,0.0014460770262367134,phi_mid_k,9
True,phi,mid_k,Bcc1,vel1,True,0.001,0.902070939540863,0.00221778038642561,0.7817219297091166,-0.0022851964914320138,0.8033478260040283,-0.0026548152138054118,0.5205584168434143,-0.005327731628771596,phi_mid_k,9
True,phi,mid_k,Bcc1,vel2,True,0.001,1.6176155805587769,0.0030668944400098802,1.4100378619299994,0.0003517031176068917,1.4466465711593628,0.0004194870060348918,0.9659018516540527,-0.001764891310224291,phi_mid_k,9
True,phi,mid_k,Bcc1,vel3,True,0.001,1.4208030700683594,0.0057845947263469285,1.237772027651469,0.000626411489089426,1.2487980127334595,0.0010046491420935507,0.8811984062194824,-0.0067666493126497035,phi_mid_k,9
True,phi,mid_k,Bcc2,Bcc1,True,0.001,0.6834992170333862,0.0029485551489788755,0.5935992697874705,0.00019036240904984276,0.6071934103965759,0.0002161936721737594,0.4016076624393463,-0.0027287384786317285,phi_mid_k,9
False,phi,mid_k,Bcc2,Bcc2,False,0.001,1.366378664970398,0.0019490607093535037,1.2226491040653653,-0.0010734498200875666,1.2752999067306519,-0.0016094338581300297,0.8498813509941101,-0.0032599588286232367,phi_mid_k,9
True,phi,mid_k,Bcc2,Bcc3,True,0.001,1.7548859119415283,0.003947687682474259,1.5367169512642755,0.0005749462469110059,1.5874338150024414,0.0008188106256901704,1.049337387084961,-0.002240428191101101,phi_mid_k,9
True,phi,mid_k,Bcc2,press,True,0.001,0.7519869804382324,0.0038233973373964793,0.6554198960463206,-0.000367396293002897,0.6762889623641968,-0.0005530427728544972,0.45816436409950256,-0.0031304323152301734,phi_mid_k,9
True,phi,mid_k,Bcc2,rho,True,0.001,0.959004819393158,-0.001187990892539643,0.842632942729526,-0.0027559959426851147,0.8748940825462341,-0.0027668604245075354,0.5953992605209351,-0.004958181624683105,phi_mid_k,9
True,phi,mid_k,Bcc2,vel1,True,0.001,0.9019662737846375,0.005740677634206779,0.7818994787004259,0.002240379554531525,0.8005794882774353,0.002338840258603652,0.5215657353401184,-0.0010196176101723764,phi_mid_k,9
True,phi,mid_k,Bcc2,vel2,True,0.001,1.615797519683838,0.015334375704942999,1.4118722677230835,0.00609886652849074,1.4456472396850586,0.004664257407141125,0.9732999801635742,0.0017666036348353887,phi_mid_k,9
True,phi,mid_k,Bcc2,vel3,True,0.001,1.4193693399429321,0.005881861882279545,1.23566558625963,0.0019216559778548773,1.2488166093826294,0.0021532738763496376,0.8772488832473755,-0.0022353085950078586,phi_mid_k,9
True,phi,mid_k,Bcc3,Bcc1,True,0.001,0.5582779049873352,0.011305297891658345,0.5221741331948174,0.005717967651690515,0.5485796332359314,0.006862375632895978,0.38573601841926575,0.001126564588748984,phi_mid_k,9
True,phi,mid_k,Bcc3,Bcc2,True,0.001,1.1340361833572388,0.0035089678717582177,1.0390472875701056,8.928099822650628e-05,1.058451533317566,0.0002248648281608071,0.7859283685684204,-0.002725019248448213,phi_mid_k,9
False,phi,mid_k,Bcc3,Bcc3,False,0.001,1.3986104726791382,0.00756448173131814,1.270949986245897,0.002680953382538587,1.2863630056381226,0.0036843576881362746,0.9781311750411987,-0.00250281894067099,phi_mid_k,9
True,phi,mid_k,Bcc3,press,True,0.001,0.6277114152908325,-0.005479410730262274,0.5867529345883263,-0.008889011666725205,0.6088672876358032,-0.007465406635302074,0.4435923993587494,-0.0192872398557612,phi_mid_k,9
True,phi,mid_k,Bcc3,rho,True,0.001,0.826435387134552,-0.005682905729231475,0.7670712934599982,-0.010186679120281964,0.7985758781433105,-0.008923116744237418,0.5807279944419861,-0.018972797420504155,phi_mid_k,9
True,phi,mid_k,Bcc3,vel1,True,0.001,0.7128404378890991,0.004814641360630287,0.6675210462676154,0.0022503222506650377,0.6965052485466003,0.0018989034850266056,0.4900510907173157,1.1873612413105865e-05,phi_mid_k,9
True,phi,mid_k,Bcc3,vel2,True,0.001,1.2532421350479126,-0.005146441956166641,1.1690255800882976,-0.008033617088057329,1.2004239559173584,-0.008101005784401023,0.9168887138366699,-0.012479456402506845,phi_mid_k,9
True,phi,mid_k,Bcc3,vel3,True,0.001,1.1141165494918823,0.0007035313216576917,1.0536372065544128,-0.004894437742387403,1.0876067876815796,-0.005451908068592412,0.8420224189758301,-0.008609878957605382,phi_mid_k,9
True,phi,mid_k,press,Bcc1,True,0.001,0.6779810190200806,0.007057598362218,0.5900936391618516,0.002715294594350898,0.6034983396530151,0.0032499501078912156,0.40411248803138733,-0.000893842812975551,phi_mid_k,9
True,phi,mid_k,press,Bcc2,True,0.001,1.3574163913726807,0.009364742419771654,1.2095094588067796,0.002852745054432256,1.2524124383926392,0.0025849289379342353,0.8536849617958069,-0.0011821059729844158,phi_mid_k,9
True,phi,mid_k,press,Bcc3,True,0.001,1.7556565999984741,0.0028849688668128527,1.5276204082700942,0.0004808125549466904,1.5885955095291138,0.0002473802861514655,1.0470991134643555,-0.002524572900602724,phi_mid_k,9
False,phi,mid_k,press,press,False,0.001,0.7482107877731323,0.002658611836328564,0.6512165831194984,0.0002816213331550972,0.6693657636642456,7.619077008778488e-05,0.4600295126438141,-0.0023816489352698252,phi_mid_k,9
True,phi,mid_k,press,rho,True,0.001,0.9537556171417236,0.002036287164849468,0.8367748657862345,-0.0013931390535488624,0.8629522919654846,-0.0009193844639140981,0.5950025320053101,-0.005687200091453139,phi_mid_k,9
True,phi,mid_k,press,vel1,True,0.001,0.8976070284843445,0.001981044416488516,0.7769472069210477,-0.00047704845581897945,0.7950080633163452,-7.25359066384909e-05,0.5255545973777771,-0.0029146027897706864,phi_mid_k,9
True,phi,mid_k,press,vel2,True,0.001,1.6069610118865967,-0.004914571068703341,1.400710231728024,-0.008983828045012314,1.435192346572876,-0.009407027771237864,0.9742757678031921,-0.013290136509662482,phi_mid_k,9
True,phi,mid_k,press,vel3,True,0.001,1.4105767011642456,0.003355147798639087,1.2297555936707392,0.0011839165831980822,1.2412068843841553,0.002012314953702169,0.8849357962608337,-0.004019761128612288,phi_mid_k,9
True,phi,mid_k,rho,Bcc1,True,0.001,0.6804011464118958,0.003917175583747596,0.5945932037300534,0.00184901975028083,0.6103675365447998,0.001967581308888374,0.4110751152038574,-0.0013004522307532799,phi_mid_k,9
True,phi,mid_k,rho,Bcc2,True,0.001,1.3570502996444702,0.002390475650414161,1.2149478395779927,-0.0006166414790716226,1.2640652656555176,-0.0006736480969595733,0.8425187468528748,-0.003144743572016224,phi_mid_k,9
True,phi,mid_k,rho,Bcc3,True,0.001,1.7596355676651,0.007527655312617726,1.541210651397705,0.00323293547286749,1.602492332458496,0.003278343287148967,1.0409740209579468,-0.00041091221223726746,phi_mid_k,9
True,phi,mid_k,rho,press,True,0.001,0.7521575093269348,-0.0005637878550856271,0.655447953277164,-0.0036546498899216037,0.6787250638008118,-0.003440561063727399,0.45982009172439575,-0.006959032004899221,phi_mid_k,9
False,phi,mid_k,rho,rho,False,0.001,0.9625812768936157,-0.0011303988066708305,0.8468070957395766,-0.003877965234100149,0.8794536590576172,-0.0038498352389723877,0.6022236347198486,-0.007790346974830155,phi_mid_k,9
True,phi,mid_k,rho,vel1,True,0.001,0.9003057479858398,0.004841417549810497,0.7824865579605103,0.0020079078748515616,0.8041995763778687,0.00248290542257013,0.5232846736907959,-0.0011989489185055314,phi_mid_k,9
True,phi,mid_k,rho,vel2,True,0.001,1.6148802042007446,0.007097315748567407,1.408004641532898,0.0006128472073011975,1.4500333070755005,-0.0006074402467585213,0.9729270935058594,-0.00403387371565949,phi_mid_k,9
True,phi,mid_k,rho,vel3,True,0.001,1.421844482421875,-0.001451488734732289,1.2399242321650188,-0.004925626745102221,1.2594313621520996,-0.0041431149193853385,0.8819237947463989,-0.009039907921351013,phi_mid_k,9
True,phi,mid_k,vel1,Bcc1,True,0.001,0.674045205116272,0.007325326032229752,0.5881127450201247,0.004266767318038502,0.6015315055847168,0.004318727547263479,0.4045787751674652,0.0005090537944711347,phi_mid_k,9
True,phi,mid_k,vel1,Bcc2,True,0.001,1.338027000427246,0.006145571107937876,1.2005543973710802,0.0031150130743628104,1.2436212301254272,0.0027922220702747,0.8267329931259155,-0.002171721587324769,phi_mid_k,9
True,phi,mid_k,vel1,Bcc3,True,0.001,1.7288085222244263,0.0032868169586954604,1.5167901780870225,0.00014463691109234115,1.5775132179260254,-0.0001558701233601638,1.0355563163757324,-0.002528879857487992,phi_mid_k,9
True,phi,mid_k,vel1,press,True,0.001,0.7412590980529785,0.004511142820416876,0.647838811079661,0.0012048276724013504,0.6683130264282227,0.0006272668400982191,0.4571523666381836,-0.0013875200579941572,phi_mid_k,9
True,phi,mid_k,vel1,rho,True,0.001,0.94474196434021,0.003286866638782198,0.832542618115743,0.0010726453708580328,0.8621982932090759,0.0018395656954964322,0.5946587324142456,-0.0013459264515331335,phi_mid_k,9
False,phi,mid_k,vel1,vel1,False,0.001,0.887515127658844,0.002168157465661607,0.7713655564520094,-0.0002695364538523599,0.7938740849494934,0.0005125808276910774,0.5168020725250244,-0.00474333640988007,phi_mid_k,9
True,phi,mid_k,vel1,vel2,True,0.001,1.5883463621139526,-0.00991456951226209,1.390038165781233,-0.013227994013892443,1.4262622594833374,-0.013800291868678552,0.9527904391288757,-0.01475870714926488,phi_mid_k,9
True,phi,mid_k,vel1,vel3,True,0.001,1.3938387632369995,0.004359323622134327,1.2221414181921217,0.0022514157963058356,1.2380998134613037,0.003081314641541724,0.8767067790031433,-0.001753598555096447,phi_mid_k,9
True,phi,mid_k,vel2,Bcc1,True,0.001,0.6885615587234497,0.004595718654924117,0.5938172770871056,0.00108386708603539,0.603575587272644,0.00032646034736152506,0.3968096077442169,-0.001673336465001181,phi_mid_k,9
True,phi,mid_k,vel2,Bcc2,True,0.001,1.3736152648925781,0.004407323402203161,1.2154813938670688,0.001492509688041784,1.2648534774780273,0.0012610830490631271,0.8239472508430481,-0.000972052978193205,phi_mid_k,9
True,phi,mid_k,vel2,Bcc3,True,0.001,1.7911875247955322,-0.00018693467740458767,1.548276662826538,-0.003643808976003215,1.589929223060608,-0.004266735037661511,1.0434362888336182,-0.0060261147895471455,phi_mid_k,9
True,phi,mid_k,vel2,press,True,0.001,0.7582790851593018,0.0015050338361884013,0.6566465463903215,-0.0007090671286204628,0.671779990196228,-0.0012839662297141458,0.46118441224098206,-0.0019990891481003643,phi_mid_k,9
True,phi,mid_k,vel2,rho,True,0.001,0.9697082042694092,0.0021724039067657777,0.8439163366953532,0.00010271660646154049,0.8686897158622742,9.620041639283999e-05,0.5906152725219727,-0.002162038811482654,phi_mid_k,9
True,phi,mid_k,vel2,vel1,True,0.001,0.913794755935669,0.0006339367891246708,0.7836347354782952,-0.0017073835284201508,0.7972869873046875,-0.0015573234791878812,0.5201892256736755,-0.005070325591031496,phi_mid_k,9
False,phi,mid_k,vel2,vel2,False,0.001,1.6380658149719238,0.0176939386173475,1.4121985501713223,0.014938598205197594,1.4266470670700073,0.013567736735563342,0.9742689728736877,0.012111176969567426,phi_mid_k,9
True,phi,mid_k,vel2,vel3,True,0.001,1.4349123239517212,0.001245281722105954,1.2408751249313354,-0.0016613284884584012,1.2421472072601318,-0.001028143432051505,0.8802404403686523,-0.004633084954271075,phi_mid_k,9
True,phi,mid_k,vel3,Bcc1,True,0.001,0.6157675981521606,0.002447876256740665,0.5470935867892371,-0.0014724896884157946,0.5652414560317993,-0.002148479416546449,0.3821043372154236,-0.0036459585173680108,phi_mid_k,9
True,phi,mid_k,vel3,Bcc2,True,0.001,1.216329574584961,0.005500697271672646,1.1063633229997423,-0.00044728737811841786,1.1437411308288574,-0.001136730314872269,0.7982763648033142,-0.004018001946080656,phi_mid_k,9
True,phi,mid_k,vel3,Bcc3,True,0.001,1.5381033420562744,0.005805996787378243,1.3727886743015714,0.0036645623945086173,1.4353032112121582,0.004510351167780501,0.9570150971412659,0.001340476230298174,phi_mid_k,9
True,phi,mid_k,vel3,press,True,0.001,0.6813637614250183,0.007239018738097722,0.6077328158749474,0.0007103877519984154,0.6302358508110046,-1.3142028312799578e-05,0.44106706976890564,-0.00389645740907806,phi_mid_k,9
True,phi,mid_k,vel3,rho,True,0.001,0.8799199461936951,-0.0021288521906406488,0.7876751687791612,-0.004402015868663028,0.8193532228469849,-0.004080058597308706,0.5718610286712646,-0.00688515593508931,phi_mid_k,9
True,phi,mid_k,vel3,vel1,True,0.001,0.8043910264968872,0.004456040300935777,0.7050284842650095,-0.0009668784088822162,0.7236035466194153,-0.0010697519267203407,0.48496076464653015,-0.004870869805366533,phi_mid_k,9
True,phi,mid_k,vel3,vel2,True,0.001,1.4193177223205566,-0.00530390795901175,1.2595957451396518,-0.009611499354407225,1.2896983623504639,-0.008709073713589305,0.9173658490180969,-0.013404663907139003,phi_mid_k,9
False,phi,mid_k,vel3,vel3,False,0.001,1.257590889930725,0.010721360958896286,1.129176225927141,0.006688188874845917,1.1585849523544312,0.005786910566371314,0.8415848612785339,0.0047113152456104875,phi_mid_k,9
False,r,high_k,Bcc1,Bcc1,False,0.001,0.6974806189537048,0.022408101128642607,0.6169370379712846,0.007167163164605802,0.632432758808136,0.0075051933230881294,0.4452577531337738,-0.007713496270661052,r_high_k,9
True,r,high_k,Bcc1,Bcc2,True,0.001,1.4118800163269043,0.012080606211207837,1.2921600739161174,-0.012271108929200965,1.3427059650421143,-0.009619045411331817,0.9619556665420532,-0.035125965916667744,r_high_k,9
True,r,high_k,Bcc1,Bcc3,True,0.001,1.8156014680862427,0.014060607559731311,1.6452555921342638,-0.002517743725434915,1.7103979587554932,-0.005136374249902965,1.2225282192230225,-0.015312711858668145,r_high_k,9
True,r,high_k,Bcc1,press,True,0.001,0.7674110531806946,0.10691216622637892,0.6849607229232788,0.035018806882634916,0.7137941718101501,0.021069780415940435,0.5044814944267273,0.007746793646130517,r_high_k,9
True,r,high_k,Bcc1,rho,True,0.001,0.9945939183235168,0.09317402220671721,0.8912152316835191,0.005145020403269831,0.9233652949333191,-0.0038490061704667742,0.6588274240493774,-0.035171928762251524,r_high_k,9
True,r,high_k,Bcc1,vel1,True,0.001,0.9279659390449524,0.02194542545108163,0.8234051598442925,-0.006245306973110539,0.8457399010658264,-0.012641656205446555,0.590796172618866,-0.03356070603211418,r_high_k,9
True,r,high_k,Bcc1,vel2,True,0.001,1.6661090850830078,0.08648553712938416,1.4924874835544162,0.05474608985466934,1.5461599826812744,0.05933455927707871,1.0967025756835938,0.015326914467735788,r_high_k,9
True,r,high_k,Bcc1,vel3,True,0.001,1.4721693992614746,0.07854646216452586,1.3190494908226862,0.03946792692382259,1.3407330513000488,0.03978222459890162,0.998350977897644,0.007473334700239237,r_high_k,9
True,r,high_k,Bcc2,Bcc1,True,0.001,0.7131732702255249,0.08800744256818915,0.633837620417277,0.05784969262213503,0.6504086256027222,0.06280295017695295,0.4512958526611328,0.012130698227202596,r_high_k,9
False,r,high_k,Bcc2,Bcc2,False,0.001,1.5166659355163574,0.17337423796416404,1.3874870141347249,0.13342442010217764,1.4458268880844116,0.13014289357640305,1.0330674648284912,0.11163108068616279,r_high_k,9
True,r,high_k,Bcc2,Bcc3,True,0.001,1.843245506286621,-0.030381399230823444,1.6726578738954332,-0.05009852373688688,1.7386178970336914,-0.04656171573406229,1.191839337348938,-0.07220954074599893,r_high_k,9
True,r,high_k,Bcc2,press,True,0.001,0.7843532562255859,0.0655615796825848,0.7052675750520494,0.035662852854834254,0.7314651012420654,0.043418236887128495,0.5233972072601318,0.012250221431087211,r_high_k,9
True,r,high_k,Bcc2,rho,True,0.001,1.0354607105255127,-0.0016815688570707738,0.9349070257610745,-0.014949924685398967,0.9664884805679321,-0.015103161872930078,0.7010067105293274,-0.031445035251765736,r_high_k,9
True,r,high_k,Bcc2,vel1,True,0.001,0.953776478767395,0.0366883423876102,0.8498895631896125,-0.004057361853608734,0.8736318349838257,-0.0066980236285899,0.5936611890792847,-0.03711723782752274,r_high_k,9
True,r,high_k,Bcc2,vel2,True,0.001,1.7236627340316772,-0.0061020214497856315,1.540444016456604,-0.023460579886380627,1.5952553749084473,-0.01622556291896463,1.1030869483947754,-0.04948200967348634,r_high_k,9
True,r,high_k,Bcc2,vel3,True,0.001,1.4991716146469116,0.06357466851897785,1.3557351165347629,0.0008836889723872714,1.3747873306274414,0.00946213405954596,1.0415444374084473,-0.040636286714076104,r_high_k,9
True,r,high_k,Bcc3,Bcc1,True,0.001,0.595289945602417,0.006493612902581173,0.560918003320694,-0.010362991092628358,0.5777203440666199,-0.01157669729242569,0.4399488866329193,-0.02111333200425968,r_high_k,9
True,r,high_k,Bcc3,Bcc2,True,0.001,1.2482410669326782,0.1339201761012764,1.1571334997812908,0.030981627253472237,1.1536707878112793,0.03175859572466112,0.9842653274536133,-0.011423888518061366,r_high_k,9
False,r,high_k,Bcc3,Bcc3,False,0.001,1.5369181632995605,0.019999872053478106,1.392558561431037,0.008190428160425735,1.3742859363555908,0.01372604340972746,1.1734360456466675,-0.012919707983450861,r_high_k,9
True,r,high_k,Bcc3,press,True,0.001,0.6786362528800964,0.034108984808047735,0.6342729065153334,0.00916351093865202,0.6498231291770935,0.009745326787991518,0.5061302185058594,-0.03972123263569323,r_high_k,9
True,r,high_k,Bcc3,rho,True,0.001,0.9219114780426025,0.005535697688918158,0.8534068862597147,-0.043416356909717624,0.8715468645095825,-0.043979986500927604,0.6967638731002808,-0.13978098916244291,r_high_k,9
True,r,high_k,Bcc3,vel1,True,0.001,0.7673642635345459,0.04955194151767094,0.7335567275683085,0.027159359786794308,0.7581784725189209,0.02791306967522835,0.5849916934967041,-0.0007845566744579156,r_high_k,9
True,r,high_k,Bcc3,vel2,True,0.001,1.3726303577423096,0.03380236498714449,1.2836577892303467,0.005518495454801663,1.2889556884765625,0.018004593059498822,1.0839289426803589,-0.03697194416471885,r_high_k,9
True,r,high_k,Bcc3,vel3,True,0.001,1.2430387735366821,0.04992523943189396,1.1737586657206218,0.0026473077599346493,1.1823176145553589,0.02444711062609446,1.0326749086380005,-0.05793958178944144,r_high_k,9
True,r,high_k,press,Bcc1,True,0.001,0.7021653056144714,-0.0028821759794290997,0.622460726234648,-0.026007980930494726,0.6352313160896301,-0.013723322023159684,0.45129862427711487,-0.06490429083937788,r_high_k,9
True,r,high_k,press,Bcc2,True,0.001,1.452858567237854,-0.0335649411498336,1.3222221003638372,-0.061835922402241145,1.3570754528045654,-0.06483442160663985,1.0001609325408936,-0.08090402572182594,r_high_k,9
True,r,high_k,press,Bcc3,True,0.001,1.826380968093872,0.021428655420748278,1.6430220206578572,-0.008011168783567594,1.6863453388214111,-0.015102962136230927,1.2604255676269531,-0.03200059029324561,r_high_k,9
False,r,high_k,press,press,False,0.001,0.7770510315895081,0.10416637699495206,0.6899589498837789,0.06328382776661047,0.711962103843689,0.06151962759154095,0.5101388692855835,0.04773797501868839,r_high_k,9
True,r,high_k,press,rho,True,0.001,1.0053482055664062,0.05954057409735309,0.8987456427680122,0.0009461448702980523,0.9288539886474609,0.0005854842427850846,0.6744884252548218,-0.03636458455815708,r_high_k,9
True,r,high_k,press,vel1,True,0.001,0.9433909058570862,0.017723241080656715,0.8322783642345004,-0.008334352815588102,0.8527553081512451,-0.012927426875262977,0.5990206599235535,-0.02636058458065673,r_high_k,9
True,r,high_k,press,vel2,True,0.001,1.6838117837905884,0.05896593431093365,1.4983802106645372,0.02992053277232835,1.5524184703826904,0.03593010717046412,1.090985655784607,-0.007252624529272107,r_high_k,9
True,r,high_k,press,vel3,True,0.001,1.50215744972229,0.12012358533165199,1.3404824998643663,0.08977914507828043,1.3569495677947998,0.08725194718867424,1.0421158075332642,0.06531642166127227,r_high_k,9
True,r,high_k,rho,Bcc1,True,0.001,0.6924780011177063,0.0019121250768958581,0.6189275218380822,-0.011564218699216044,0.637548565864563,-0.008934947758191059,0.4399808943271637,-0.03433031882636744,r_high_k,9
True,r,high_k,rho,Bcc2,True,0.001,1.405134677886963,0.03723689040119955,1.3001999855041504,-0.01795232907194102,1.3530781269073486,-0.023945868246875023,0.9464175701141357,-0.046737823278039894,r_high_k,9
True,r,high_k,rho,Bcc3,True,0.001,1.801867961883545,0.02153522523891143,1.6347255574332342,-0.0040845253509633654,1.6884628534317017,-0.0023809655979379635,1.1583802700042725,-0.025510899568270216,r_high_k,9
True,r,high_k,rho,press,True,0.001,0.7666894793510437,0.07143515504092555,0.6840218736065758,0.04777863932479994,0.7114885449409485,0.04809699584801413,0.49067577719688416,0.03308086227521261,r_high_k,9
False,r,high_k,rho,rho,False,0.001,0.9978845715522766,0.09928886588246875,0.9009322987662421,0.057874089595093596,0.9425298571586609,0.04397626759042474,0.6561055779457092,0.027743869823480496,r_high_k,9
True,r,high_k,rho,vel1,True,0.001,0.9261826872825623,-0.015395913931750469,0.8278504146469964,-0.04155348010318785,0.8506064414978027,-0.0442253373986099,0.5884148478507996,-0.06518405991812336,r_high_k,9
True,r,high_k,rho,vel2,True,0.001,1.6693854331970215,0.02979852546609904,1.4961891306771173,-0.003680745947935736,1.5356801748275757,0.0003426821076598363,1.0879285335540771,-0.03764702814833052,r_high_k,9
True,r,high_k,rho,vel3,True,0.001,1.4573233127593994,0.03636820689804672,1.3186195956336126,-0.013888441310957319,1.3507797718048096,-0.0051974590959018374,0.9843645095825195,-0.06260738460297686,r_high_k,9
True,r,high_k,vel1,Bcc1,True,0.001,0.6937013864517212,0.009677439013101124,0.6122745705975426,-0.003545942939710755,0.6272643208503723,0.0007024708719448558,0.43912824988365173,-0.030859075362201994,r_high_k,9
True,r,high_k,vel1,Bcc2,True,0.001,1.4137979745864868,-0.019420345500140743,1.2860029339790344,-0.042497562149343485,1.3220380544662476,-0.0431632630610512,0.9308808445930481,-0.07127706212194491,r_high_k,9
True,r,high_k,vel1,Bcc3,True,0.001,1.7902432680130005,-0.017104290941388427,1.6105369064542983,-0.029286033898035097,1.6636632680892944,-0.030019005871314324,1.1658891439437866,-0.043400547605255906,r_high_k,9
True,r,high_k,vel1,press,True,0.001,0.7641870975494385,0.05147056214046952,0.67831418911616,0.03144266952857349,0.7026097774505615,0.030913722909076843,0.5048006176948547,0.015674599519693178,r_high_k,9
True,r,high_k,vel1,rho,True,0.001,0.9819426536560059,-0.002627871950871897,0.8732015954123603,-0.027293247122515588,0.9045741558074951,-0.027237248114823674,0.646980881690979,-0.046833555896375126,r_high_k,9
False,r,high_k,vel1,vel1,False,0.001,0.9239989519119263,0.022461859018937515,0.8175372083981832,0.0012673765858255688,0.8434595465660095,-0.0008907418150296296,0.5729856491088867,-0.01302155053912655,r_high_k,9
True,r,high_k,vel1,vel2,True,0.001,1.657728672027588,0.022476317920996226,1.4763327307171292,0.005802156959443645,1.5176076889038086,0.008961571496480632,1.0406664609909058,-0.037434410930369914,r_high_k,9
True,r,high_k,vel1,vel3,True,0.001,1.4661297798156738,0.11941648884253156,1.3076904084947374,0.08193667009084077,1.3234903812408447,0.06977051497855546,0.9993753433227539,0.042991909975644275,r_high_k,9
True,r,high_k,vel2,Bcc1,True,0.001,0.715634286403656,0.018142217267542022,0.6298544539345635,0.0005159879492170646,0.645728588104248,-0.002906609002656029,0.44154274463653564,-0.01276082192172138,r_high_k,9
True,r,high_k,vel2,Bcc2,True,0.001,1.4921674728393555,0.08146047351361951,1.3510427342520819,0.03777876109238923,1.3984888792037964,0.03369286721360667,1.002634048461914,0.00714066576466736,r_high_k,9
True,r,high_k,vel2,Bcc3,True,0.001,1.890639066696167,0.0625350571593812,1.6716292831632826,0.04010262188341528,1.7369592189788818,0.0432174020061072,1.1766384840011597,0.021287523366469982,r_high_k,9
True,r,high_k,vel2,press,True,0.001,0.7984606623649597,0.004639601197305843,0.7033489147822062,-0.045783424529807173,0.7234821319580078,-0.055266154143106476,0.5104138255119324,-0.06661879421502062,r_high_k,9
True,r,high_k,vel2,rho,True,0.001,1.0279514789581299,0.09376502756182781,0.9131778743531969,0.028428931786453296,0.9472256302833557,0.02661855711037708,0.6638688445091248,-0.01905717712277716,r_high_k,9
True,r,high_k,vel2,vel1,True,0.001,0.9691421985626221,0.014058659091820599,0.8560616970062256,-0.018297907988374575,0.8757279515266418,-0.019738878264324404,0.610658586025238,-0.0406164593066146,r_high_k,9
False,r,high_k,vel2,vel2,False,0.001,1.7370823621749878,0.07532757139268412,1.5303464730580647,0.028249459061228974,1.5475623607635498,0.021847809840431553,1.1346205472946167,0.00744961337927031,r_high_k,9
True,r,high_k,vel2,vel3,True,0.001,1.5616577863693237,-0.059348796346987955,1.3758784665001764,-0.10337279683837544,1.3810166120529175,-0.10067045560467865,1.0650880336761475,-0.1488609545168146,r_high_k,9
True,r,high_k,vel3,Bcc1,True,0.001,0.6559110879898071,-0.003582842004991854,0.594583315981759,-0.04662591227704599,0.61627596616745,-0.03597537487235632,0.4269160330295563,-0.09584433525580453,r_high_k,9
True,r,high_k,vel3,Bcc2,True,0.001,1.3736026287078857,-0.03927900935832603,1.2617486185497708,-0.06440495702275521,1.3098615407943726,-0.06622944786205616,0.9491057395935059,-0.09409147949681594,r_high_k,9
True,r,high_k,vel3,Bcc3,True,0.001,1.6602157354354858,0.09800638654465116,1.5279091596603394,0.05079483082019044,1.5954862833023071,0.046504716330135275,1.1155333518981934,0.020660283443705157,r_high_k,9
True,r,high_k,vel3,press,True,0.001,0.73383629322052,-0.0005475284372455866,0.6706084079212613,-0.021726936054007235,0.7001285552978516,-0.01964130168538296,0.510999858379364,-0.037392527277630275,r_high_k,9
True,r,high_k,vel3,rho,True,0.001,0.972878098487854,-0.04273591237116934,0.893740369213952,-0.10201675683451944,0.9343852400779724,-0.10145688657534507,0.678482711315155,-0.12677076925736486,r_high_k,9
True,r,high_k,vel3,vel1,True,0.001,0.8695308566093445,0.06472405615876194,0.7892433007558187,0.0019137498894117738,0.8061817288398743,-0.016446861184692217,0.5825656056404114,-0.05145687552321306,r_high_k,9
True,r,high_k,vel3,vel2,True,0.001,1.5582672357559204,0.11406630020572399,1.410531997680664,0.07876765525462466,1.4617327451705933,0.08736782480883189,1.0548750162124634,0.018128017103090577,r_high_k,9
False,r,high_k,vel3,vel3,False,0.001,1.4359537363052368,0.1838879822227821,1.3164575099945068,0.15286005181171491,1.3503355979919434,0.15476940623004143,1.0304327011108398,0.09291697681397709,r_high_k,9
False,r,low_k,Bcc1,Bcc1,False,0.001,0.6861855983734131,0.02736434192910074,0.6078179942237006,0.01730143006715386,0.6283758878707886,0.016485669748495243,0.4271073341369629,0.008132503196624724,r_low_k,9
True,r,low_k,Bcc1,Bcc2,True,0.001,1.3722326755523682,0.041825070307901675,1.2593029340108235,0.03679162767568559,1.3170291185379028,0.03855499997654441,0.9008936882019043,0.025779977424930798,r_low_k,9
True,r,low_k,Bcc1,Bcc3,True,0.001,1.7823460102081299,-0.007524751489125957,1.60703534550137,-0.013646157399209978,1.673948049545288,-0.014086912316911183,1.1319005489349365,-0.025705934050144628,r_low_k,9
True,r,low_k,Bcc1,press,True,0.001,0.7563658356666565,0.03138106839613371,0.6707018481360542,0.018102399615521833,0.699813187122345,0.019325886129677946,0.48132097721099854,0.006758950604917157,r_low_k,9
True,r,low_k,Bcc1,rho,True,0.001,0.9714828729629517,0.029938534733922884,0.8668210970030891,0.016549610133341244,0.9096625447273254,0.01699018617824992,0.6241400241851807,0.003968452705507019,r_low_k,9
True,r,low_k,Bcc1,vel1,True,0.001,0.9057633876800537,0.012381343949938688,0.8037873241636488,-0.000629562799287724,0.8376449346542358,-0.004391375438951918,0.5516411066055298,-0.01918150675105359,r_low_k,9
True,r,low_k,Bcc1,vel2,True,0.001,1.6311441659927368,0.023443194688852767,1.4588198794258966,0.009473936728206648,1.5308318138122559,0.010705707505349769,1.0223547220230103,-0.0038795616679762265,r_low_k,9
True,r,low_k,Bcc1,vel3,True,0.001,1.435760498046875,0.03867452034489014,1.2830859687593248,0.015779651211370243,1.3201264142990112,0.017890507277391558,0.9468854665756226,-0.004506993127130329,r_low_k,9
True,r,low_k,Bcc2,Bcc1,True,0.001,0.6982810497283936,0.023137270153163157,0.6210338605774773,0.015974312470698068,0.6376047730445862,0.016140672451643225,0.43564873933792114,0.009318504823238469,r_low_k,9
False,r,low_k,Bcc2,Bcc2,False,0.001,1.4170103073120117,0.14236363832982304,1.3098279303974576,0.09374669121515651,1.3529462814331055,0.09044877259999956,0.9755945801734924,0.06926824223869178,r_low_k,9
True,r,low_k,Bcc2,Bcc3,True,0.001,1.8138524293899536,0.0010951665366204428,1.6408532460530598,-0.004358898287554866,1.7123008966445923,-0.003522629882176729,1.157524585723877,-0.008897584775550775,r_low_k,9
True,r,low_k,Bcc2,press,True,0.001,0.7698642611503601,0.03235844716903,0.685755044221878,-6.241362180368192e-05,0.7120756506919861,-0.0032536734341583546,0.49899622797966003,-0.016023305016659082,r_low_k,9
True,r,low_k,Bcc2,rho,True,0.001,0.9914897680282593,0.03342957115513861,0.8893881241480509,0.024266434856472764,0.926319420337677,0.022602700604910063,0.6383328437805176,0.01902584073953459,r_low_k,9
True,r,low_k,Bcc2,vel1,True,0.001,0.9220908880233765,-0.02250431789870257,0.8221277462111579,-0.03692004287041484,0.8602259755134583,-0.04100767482749401,0.5805118680000305,-0.04655269922326906,r_low_k,9
True,r,low_k,Bcc2,vel2,True,0.001,1.6611301898956299,0.01488434918116984,1.4976100259357028,-0.002325656911150887,1.5581579208374023,-0.0031949273684781405,1.0875661373138428,-0.016818261191407,r_low_k,9
True,r,low_k,Bcc2,vel3,True,0.001,1.4618093967437744,-0.03687591413013938,1.313026785850525,-0.08595458130421062,1.3486689329147339,-0.08750277360081586,0.9811220169067383,-0.10709840407920689,r_low_k,9
True,r,low_k,Bcc3,Bcc1,True,0.001,0.6266979575157166,0.0007076259789557441,0.5734456777572632,-0.005376098355960862,0.6025713086128235,-0.005246465026307804,0.4192102551460266,-0.011918220239715081,r_low_k,9
True,r,low_k,Bcc3,Bcc2,True,0.001,1.2647862434387207,0.02371726255469418,1.1715637577904596,-0.016073970308277872,1.2075177431106567,-0.021770081148578046,0.8955414295196533,-0.038729432211286496,r_low_k,9
False,r,low_k,Bcc3,Bcc3,False,0.001,1.5831584930419922,0.022706351043616093,1.4511166546079848,0.015787284138027217,1.480704665184021,0.01672241729257962,1.0932695865631104,0.010019598608241767,r_low_k,9
True,r,low_k,Bcc3,press,True,0.001,0.7012583613395691,-0.0194509390229028,0.6439438197347853,-0.029420183828294907,0.6693708300590515,-0.028049481608834907,0.4791482090950012,-0.05873740543384894,r_low_k,9
True,r,low_k,Bcc3,rho,True,0.001,0.913045346736908,0.018659657103935863,0.8413639333513048,0.006284777963096786,0.8728682994842529,0.004159033263365505,0.6341261267662048,-0.0011050800916699208,r_low_k,9
True,r,low_k,Bcc3,vel1,True,0.001,0.8085519671440125,0.0008750494703837383,0.7428212695651584,-0.013457253166359328,0.779188334941864,-0.014497492286732557,0.5409782528877258,-0.023033351426285677,r_low_k,9
True,r,low_k,Bcc3,vel2,True,0.001,1.4212254285812378,-0.014599090883167373,1.3350045018725925,-0.029017583409466214,1.3731297254562378,-0.0240329797593107,1.0366486310958862,-0.06237353234247493,r_low_k,9
True,r,low_k,Bcc3,vel3,True,0.001,1.2660595178604126,-0.009568769089272037,1.1895494527286954,-0.027173339664551252,1.2327150106430054,-0.029964939677462492,0.932554304599762,-0.039721793744564235,r_low_k,9
True,r,low_k,press,Bcc1,True,0.001,0.6870093941688538,0.01847651598038555,0.6067932513025072,0.011483760721286438,0.6228841543197632,0.012367456877759898,0.4310798645019531,0.0026708392344803383,r_low_k,9
True,r,low_k,press,Bcc2,True,0.001,1.37299644947052,0.01640714392112846,1.2585647967126634,0.010385474948433093,1.310542106628418,0.012416352683080173,0.9424459338188171,0.0004062987878069255,r_low_k,9
True,r,low_k,press,Bcc3,True,0.001,1.7858951091766357,0.0019254711900288657,1.5965856843524509,-0.004661767489507262,1.6524866819381714,-0.0016864644275790017,1.1373255252838135,-0.021217677231193027,r_low_k,9
False,r,low_k,press,press,False,0.001,0.7572927474975586,0.04073334264016419,0.6726408865716722,0.03241530088934961,0.7003941535949707,0.03173018290585479,0.4946421980857849,0.02825418102118063,r_low_k,9
True,r,low_k,press,rho,True,0.001,0.9683539867401123,0.0049832520437211566,0.8648695018556383,-0.0025262102786636643,0.9013091325759888,-0.002706882764315318,0.6300417184829712,-0.007822348133517102,r_low_k,9
True,r,low_k,press,vel1,True,0.001,0.9094334840774536,0.07093337856443994,0.8036958641476102,0.055773278084292235,0.8284029364585876,0.05526051575592203,0.5654594898223877,0.04556299479970134,r_low_k,9
True,r,low_k,press,vel2,True,0.001,1.6260498762130737,0.03176699734830903,1.452324006292555,0.016523901929606427,1.5102626085281372,0.01582614781524626,1.034740924835205,0.00525457944554324,r_low_k,9
True,r,low_k,press,vel3,True,0.001,1.4404948949813843,0.09080921388558552,1.2833001414934795,0.08112415865080441,1.3146916627883911,0.08047041660647636,0.961067259311676,0.05645784719216013,r_low_k,9
True,r,low_k,rho,Bcc1,True,0.001,0.6824362277984619,0.0012467647216037902,0.608895030286577,-0.00368747013070305,0.6305834054946899,-0.003142918845171202,0.42600828409194946,-0.011600306230504249,r_low_k,9
True,r,low_k,rho,Bcc2,True,0.001,1.3753232955932617,-0.007266848425339151,1.2656463185946147,-0.016338993503477194,1.3193986415863037,-0.01812725122234093,0.922273576259613,-0.02562139256476347,r_low_k,9
True,r,low_k,rho,Bcc3,True,0.001,1.7786896228790283,0.00778130881337739,1.6086741818322077,0.002426124890584365,1.6719646453857422,0.002327571060038089,1.1485265493392944,-0.003980355847339711,r_low_k,9
True,r,low_k,rho,press,True,0.001,0.754019558429718,0.0023621704685947435,0.6730319327778287,-0.008080721916710866,0.7001891136169434,-0.006958539348210103,0.4849961996078491,-0.019059268195718775,r_low_k,9
False,r,low_k,rho,rho,False,0.001,0.9707783460617065,0.018960010561989992,0.8725079033109877,0.011865642806469899,0.9113780856132507,0.01106277222451787,0.6378363370895386,0.006819406341346128,r_low_k,9
True,r,low_k,rho,vel1,True,0.001,0.904901921749115,-0.001248147958318307,0.8061882919735379,-0.01573699709845295,0.8379088044166565,-0.016476016066806962,0.5592957139015198,-0.03335720212152007,r_low_k,9
True,r,low_k,rho,vel2,True,0.001,1.6205192804336548,0.0010063081404020238,1.4604751136567857,-0.004827788137354028,1.5177230834960938,-0.005354871778570398,1.0574846267700195,-0.012540788473564832,r_low_k,9
True,r,low_k,rho,vel3,True,0.001,1.4310319423675537,0.0011119564295505437,1.2873755759663053,-0.020601924904857356,1.3242803812026978,-0.015737100650746558,0.9548442959785461,-0.057488582672705325,r_low_k,9
True,r,low_k,vel1,Bcc1,True,0.001,0.6788082122802734,0.020441350088950157,0.6033309201399485,0.001651931487497039,0.6214582920074463,0.0023046930051881715,0.4279414713382721,-0.010597347051121113,r_low_k,9
True,r,low_k,vel1,Bcc2,True,0.001,1.3536256551742554,-0.017875705646610254,1.24791286389033,-0.021892651692371434,1.299190878868103,-0.020694674503250292,0.896157443523407,-0.028217282563058933,r_low_k,9
True,r,low_k,vel1,Bcc3,True,0.001,1.747798204421997,0.009677288220470691,1.5828327735265095,0.004254357856916675,1.6467411518096924,0.005112116199079992,1.1401314735412598,-0.007502832522629598,r_low_k,9
True,r,low_k,vel1,press,True,0.001,0.749938428401947,0.02575659696330674,0.6694785621431139,0.01216264621811219,0.6973913908004761,0.01187930310793441,0.49273204803466797,0.003935617335070305,r_low_k,9
True,r,low_k,vel1,rho,True,0.001,0.9597864151000977,0.009336127140131097,0.8605568011601766,-0.00029879800221886417,0.898311972618103,0.00024044100429579298,0.630230724811554,-0.007685464776464112,r_low_k,9
False,r,low_k,vel1,vel1,False,0.001,0.8971182107925415,0.046555498264840074,0.7975689967473348,0.03670664199914183,0.8235659003257751,0.03817231524246131,0.5661838054656982,0.026955819402809725,r_low_k,9
True,r,low_k,vel1,vel2,True,0.001,1.6066666841506958,0.01271270109238021,1.4456462860107422,-0.0021583294298843647,1.5074745416641235,-0.004300661935555264,1.0426199436187744,-0.009288038835802205,r_low_k,9
True,r,low_k,vel1,vel3,True,0.001,1.411738395690918,0.07509262647883176,1.2734808259540134,0.06520049865691417,1.3132145404815674,0.06654481453109605,0.9459066390991211,0.04747207969007768,r_low_k,9
True,r,low_k,vel2,Bcc1,True,0.001,0.6973304748535156,0.02952689562640152,0.6147978868749406,0.013817270003748673,0.6357249021530151,0.013298265960119562,0.4304806888103485,0.004090179281894544,r_low_k,9
True,r,low_k,vel2,Bcc2,True,0.001,1.4005273580551147,0.04469890347315765,1.2796457807223003,0.03713419066615225,1.325176477432251,0.03959855595929211,0.9218046069145203,0.023790374111971643,r_low_k,9
True,r,low_k,vel2,Bcc3,True,0.001,1.8334156274795532,-0.0034654711361260058,1.629762954182095,-0.011428353424380967,1.7008566856384277,-0.010210534569950901,1.1503922939300537,-0.028607463181929485,r_low_k,9
True,r,low_k,vel2,press,True,0.001,0.7671135067939758,0.01477439680965168,0.6806376576423645,0.004304370872547947,0.7122235894203186,0.0036867259740254437,0.49130958318710327,-0.003213375678606874,r_low_k,9
True,r,low_k,vel2,rho,True,0.001,0.9844464063644409,0.02170368382985428,0.8788954549365573,0.016191345441836563,0.9162180423736572,0.0171269017590452,0.6377931833267212,0.010200323746827084,r_low_k,9
True,r,low_k,vel2,vel1,True,0.001,0.9278019070625305,-0.014098242283236988,0.8174990018208822,-0.023203277594859288,0.8509015440940857,-0.023659459881361224,0.571273684501648,-0.02801970663730331,r_low_k,9
False,r,low_k,vel2,vel2,False,0.001,1.6626935005187988,0.012688581789700998,1.4794683986239963,-0.0015100064568848556,1.5397335290908813,-0.002454965047499552,1.0734370946884155,-0.006908333999462841,r_low_k,9
True,r,low_k,vel2,vel3,True,0.001,1.4658743143081665,-0.011494892259482786,1.3063730200131733,-0.03774041346301062,1.3436089754104614,-0.039132509952149126,0.979457676410675,-0.05357139579367502,r_low_k,9
True,r,low_k,vel3,Bcc1,True,0.001,0.6670647263526917,0.032068228288165426,0.5950535403357612,0.02589223475603703,0.6135428547859192,0.026331681024557057,0.4211084842681885,0.019517464814808146,r_low_k,9
True,r,low_k,vel3,Bcc2,True,0.001,1.3452913761138916,0.08335193314622717,1.2367879350980122,0.05184124844906754,1.2835652828216553,0.04872226639769424,0.9053732752799988,0.030446150561759085,r_low_k,9
True,r,low_k,vel3,Bcc3,True,0.001,1.6844578981399536,0.004038837176502785,1.5362101793289185,-0.0077953640772073125,1.595247745513916,-0.005734823009513467,1.1072382926940918,-0.02094524348162378,r_low_k,9
True,r,low_k,vel3,press,True,0.001,0.7398881912231445,0.07811777378330692,0.6630392140812345,0.06312962487073943,0.6870788931846619,0.06365934690207406,0.4773063063621521,0.052695192024632104,r_low_k,9
True,r,low_k,vel3,rho,True,0.001,0.9510309100151062,-0.022043722342328754,0.8595696952607896,-0.029450290263260157,0.8900237083435059,-0.02742513368607641,0.6277180910110474,-0.05104866733738582,r_low_k,9
True,r,low_k,vel3,vel1,True,0.001,0.8798065781593323,0.15692139106212163,0.7817624078856574,0.10953871580953839,0.8007800579071045,0.10063732573686138,0.5444402694702148,0.09321389807678666,r_low_k,9
True,r,low_k,vel3,vel2,True,0.001,1.5573763847351074,0.0736840310831903,1.4056990808910794,0.04946340316445216,1.4432249069213867,0.04608713421474104,1.0236166715621948,0.03506154320235855,r_low_k,9
False,r,low_k,vel3,vel3,False,0.001,1.4007128477096558,0.17362633289229523,1.2782428065935771,0.14682003770568053,1.3087327480316162,0.13612022193727685,0.9573418498039246,0.12706249222337113,r_low_k,9
False,r,mid_k,Bcc1,Bcc1,False,0.001,0.6923539638519287,0.032163559615811195,0.6142862174246047,0.004044622094146812,0.6316896080970764,0.001433722830483384,0.44404149055480957,-0.00854683540484805,r_mid_k,9
True,r,mid_k,Bcc1,Bcc2,True,0.001,1.3909646272659302,0.0652353261495933,1.2781752149264018,0.02755775129820743,1.3333752155303955,0.030527132717925634,0.9190203547477722,-0.00027183919079584235,r_mid_k,9
True,r,mid_k,Bcc1,Bcc3,True,0.001,1.7975332736968994,0.010901588197407856,1.6280947791205511,-0.005572281500606852,1.6925090551376343,-0.005409769583308215,1.195550560951233,-0.02065295326100732,r_mid_k,9
True,r,mid_k,Bcc1,press,True,0.001,0.7624625563621521,0.06939929501630403,0.6800660789012909,0.047887503817025806,0.707024097442627,0.04865373789363073,0.49243178963661194,0.029872043954225262,r_mid_k,9
True,r,mid_k,Bcc1,rho,True,0.001,0.9836377501487732,0.0456959383389266,0.8794872760772705,0.03142452587443415,0.9137693047523499,0.034327107503898946,0.6470131278038025,0.014431292266848441,r_mid_k,9
True,r,mid_k,Bcc1,vel1,True,0.001,0.9177247881889343,0.0039664195512866575,0.8128992981380887,-0.012701202999673504,0.8360999822616577,-0.013077360384837405,0.561089038848877,-0.020104768800640854,r_mid_k,9
True,r,mid_k,Bcc1,vel2,True,0.001,1.6554367542266846,0.09684165112133425,1.4830049276351929,0.07574686074741241,1.5419715642929077,0.08369320423960584,1.0556062459945679,0.03187480489708984,r_mid_k,9
True,r,mid_k,Bcc1,vel3,True,0.001,1.4464049339294434,0.016386804056288968,1.2956121166547139,0.00019450120503909285,1.3170440196990967,0.0038962908472129757,0.96486896276474,-0.018205245148362487,r_mid_k,9
True,r,mid_k,Bcc2,Bcc1,True,0.001,0.7065446972846985,0.021441681208759406,0.6282481948534647,-0.012210737331995887,0.6460937857627869,-0.018586347429128118,0.45219212770462036,-0.028591367454755424,r_mid_k,9
False,r,mid_k,Bcc2,Bcc2,False,0.001,1.4731131792068481,0.1675666697616171,1.362402425871955,0.104404803936655,1.4069395065307617,0.10597889227193484,1.0528531074523926,0.07137862190375323,r_mid_k,9
True,r,mid_k,Bcc2,Bcc3,True,0.001,1.8399924039840698,0.08794752663998484,1.6680773629082575,0.06689743775830578,1.7326886653900146,0.07437814612484048,1.209474802017212,0.017072168643154383,r_mid_k,9
True,r,mid_k,Bcc2,press,True,0.001,0.7833709120750427,0.11774111072091241,0.6982717845175002,0.040855714912676616,0.7269220948219299,0.034596400490139324,0.5171616673469543,0.015091353808899869,r_mid_k,9
True,r,mid_k,Bcc2,rho,True,0.001,1.006486177444458,0.02752448495436284,0.9041891429159377,0.003734485406808503,0.9384982585906982,0.0031022313718269937,0.6687930822372437,-0.015103131673981087,r_mid_k,9
True,r,mid_k,Bcc2,vel1,True,0.001,0.9389234781265259,-0.026353264778197768,0.8343464864624871,-0.03544595610189711,0.8619004487991333,-0.02930767958768862,0.5905945301055908,-0.07630040960190679,r_mid_k,9
True,r,mid_k,Bcc2,vel2,True,0.001,1.7048522233963013,0.1055285600220455,1.5358267890082464,0.07858968274295632,1.5728360414505005,0.08872476929600458,1.1259812116622925,0.03353494844375276,r_mid_k,9
True,r,mid_k,Bcc2,vel3,True,0.001,1.4940505027770996,-0.037007860800915705,1.3411110374662611,-0.08550733900492895,1.3731361627578735,-0.08938887651037147,1.0010191202163696,-0.10117464003724055,r_mid_k,9
True,r,mid_k,Bcc3,Bcc1,True,0.001,0.5916988253593445,0.04391224334886419,0.5558006763458252,0.01867356687614333,0.574342668056488,0.01576664556899543,0.43319255113601685,0.004026769452260685,r_mid_k,9
True,r,mid_k,Bcc3,Bcc2,True,0.001,1.2261993885040283,0.054531685999019766,1.1302700373861525,0.007689205472323544,1.1363482475280762,0.0018546906986775895,0.9121810793876648,-0.011208776309833803,r_mid_k,9
False,r,mid_k,Bcc3,Bcc3,False,0.001,1.5258619785308838,0.055411655622602383,1.3880263434516058,0.0422463759893457,1.389935851097107,0.040111092930049864,1.1232178211212158,0.03631539624980294,r_mid_k,9
True,r,mid_k,Bcc3,press,True,0.001,0.6698930263519287,-0.009625072045736238,0.6266675194104513,-0.017673982177230478,0.6428571343421936,-0.01596642095062704,0.48359203338623047,-0.027120810986943335,r_mid_k,9
True,r,mid_k,Bcc3,rho,True,0.001,0.8884851336479187,0.004223554158831984,0.8310978611310323,-0.020874431567508994,0.8526991605758667,-0.028415606882967712,0.6599312424659729,-0.05695009849189841,r_mid_k,9
True,r,mid_k,Bcc3,vel1,True,0.001,0.7620510458946228,0.025446643887130714,0.7191931406656901,0.016907040521677248,0.7445688843727112,0.017463183749090054,0.557603657245636,0.010332624593107438,r_mid_k,9
True,r,mid_k,Bcc3,vel2,True,0.001,1.3451752662658691,0.0035608790310604323,1.2628447744581435,-0.016975432701222985,1.280489206314087,-0.011336137790301147,1.0295968055725098,-0.059462927908536856,r_mid_k,9
True,r,mid_k,Bcc3,vel3,True,0.001,1.2074509859085083,-0.006571206955263297,1.1457552644941542,-0.04510942485893796,1.158018708229065,-0.05239960962658394,0.9439609050750732,-0.07535101283148936,r_mid_k,9
True,r,mid_k,press,Bcc1,True,0.001,0.6856784820556641,-0.014799264760148484,0.6090375880400339,-0.02433317341422039,0.6290966272354126,-0.019792881238374548,0.4312851130962372,-0.04765051175056569,r_mid_k,9
True,r,mid_k,press,Bcc2,True,0.001,1.382256269454956,-0.023046913401693243,1.2682304514778986,-0.03638925276233767,1.3211784362792969,-0.03380278777525315,0.9332482814788818,-0.061915877251739686,r_mid_k,9
True,r,mid_k,press,Bcc3,True,0.001,1.7917579412460327,0.015459164896299667,1.6024013890160456,0.010934764920082643,1.6607223749160767,0.011867015982110266,1.1240333318710327,0.003040898563799307,r_mid_k,9
False,r,mid_k,press,press,False,0.001,0.7586254477500916,0.04227886497005518,0.6741670568784078,0.025061293164596224,0.7024075388908386,0.02599630333331805,0.49375200271606445,0.01288683623048995,r_mid_k,9
True,r,mid_k,press,rho,True,0.001,0.9734877943992615,0.016146238376789825,0.871151778433058,0.0022570498360262037,0.9101575016975403,0.0011118689771649544,0.6362211108207703,-0.015491159263519372,r_mid_k,9
True,r,mid_k,press,vel1,True,0.001,0.909875214099884,0.040071344423017165,0.8088968727323744,0.02796408654576617,0.836966872215271,0.028785644948420216,0.5678027868270874,0.020469378468593907,r_mid_k,9
True,r,mid_k,press,vel2,True,0.001,1.6388508081436157,0.06838267141208226,1.4662143919203017,0.04113355595431718,1.5207854509353638,0.039547850593191415,1.0654665231704712,0.03005502538459047,r_mid_k,9
True,r,mid_k,press,vel3,True,0.001,1.4394232034683228,0.05710015474429123,1.2913392782211304,0.04397190090143738,1.3192179203033447,0.042288335604251895,0.9683666229248047,0.02970701607932814,r_mid_k,9
True,r,mid_k,rho,Bcc1,True,0.001,0.6892281174659729,0.0007947860919373821,0.61433255010181,-0.009045556529669298,0.6345126032829285,-0.007168081058690061,0.4377424716949463,-0.020060214188177317,r_mid_k,9
True,r,mid_k,rho,Bcc2,True,0.001,1.3896334171295166,0.028956189382743813,1.2756544020440843,0.014236688683718381,1.3305925130844116,0.01484689886729212,0.9158267378807068,4.2685168558917673e-05,r_mid_k,9
True,r,mid_k,rho,Bcc3,True,0.001,1.7916557788848877,0.04573488990881847,1.6228994263543024,0.03363328346370146,1.6889723539352417,0.03044443507273116,1.1553337574005127,0.01965578726424367,r_mid_k,9
True,r,mid_k,rho,press,True,0.001,0.7625764608383179,0.064764346551541,0.6791593829790751,0.030613737043588052,0.7085533142089844,0.02884475883805747,0.48827093839645386,0.021282168291116045,r_mid_k,9
False,r,mid_k,rho,rho,False,0.001,0.9822660684585571,0.04217506169015826,0.8806757397121854,0.02474276224777561,0.9230011701583862,0.02013391569356904,0.6378966569900513,0.010987870034850225,r_mid_k,9
True,r,mid_k,rho,vel1,True,0.001,0.9167956113815308,0.017431473105229682,0.8131978776719835,0.0025651601569726163,0.8469103574752808,0.007557279267336927,0.562532901763916,-0.017588475563923962,r_mid_k,9
True,r,mid_k,rho,vel2,True,0.001,1.6486462354660034,0.06642960528810116,1.476715260081821,0.0449025390294443,1.5381423234939575,0.04737686333252859,1.044018268585205,0.02600043829460636,r_mid_k,9
True,r,mid_k,rho,vel3,True,0.001,1.4509806632995605,0.024673744961289542,1.296449104944865,0.005893106011814648,1.3331443071365356,0.014761055754585495,0.960405707359314,-0.01281776801296732,r_mid_k,9
True,r,mid_k,vel1,Bcc1,True,0.001,0.6815274357795715,0.024399716272698088,0.6096507708231608,0.018317001660671305,0.6296065449714661,0.019246388934725803,0.43633389472961426,0.010832842816474262,r_mid_k,9
True,r,mid_k,vel1,Bcc2,True,0.001,1.376536250114441,-0.001525329244437909,1.2655868662728205,-0.02635137403655902,1.317473292350769,-0.027094670289437833,0.9199556112289429,-0.044096754238424435,r_mid_k,9
True,r,mid_k,vel1,Bcc3,True,0.001,1.768035650253296,-4.362186270525123e-06,1.602808568212721,-0.007519335690465104,1.6755740642547607,-0.008225028562068243,1.1445420980453491,-0.017752908559210676,r_mid_k,9
True,r,mid_k,vel1,press,True,0.001,0.7529217004776001,0.00315089561684452,0.6737465659777323,-0.010725326290338734,0.7032001614570618,-0.00717490430384712,0.4973469376564026,-0.03620597394748076,r_mid_k,9
True,r,mid_k,vel1,rho,True,0.001,0.9681304097175598,-0.0067184644120046825,0.8683381941583421,-0.01893421040862396,0.9074720740318298,-0.022543051649475686,0.6378371119499207,-0.0297654789420782,r_mid_k,9
False,r,mid_k,vel1,vel1,False,0.001,0.9000308513641357,0.04146996486179891,0.8027420706219144,0.02823207338827836,0.832557737827301,0.028796003595638425,0.559395968914032,0.019003226908612315,r_mid_k,9
True,r,mid_k,vel1,vel2,True,0.001,1.6314302682876587,-0.008915254262599606,1.466252538892958,-0.02132085357754344,1.525705099105835,-0.019679162563843854,1.0514445304870605,-0.040934922926957246,r_mid_k,9
True,r,mid_k,vel1,vel3,True,0.001,1.4252769947052002,0.032839790785526096,1.2835263808568318,0.02421544631329256,1.3275638818740845,0.026904461066490377,0.9581348896026611,0.0016077099695896108,r_mid_k,9
True,r,mid_k,vel2,Bcc1,True,0.001,0.70632404088974,-0.01535470831763024,0.6221219930383894,-0.03316648393964807,0.6439055800437927,-0.03184261933055622,0.42780932784080505,-0.057654369048382295,r_mid_k,9
True,r,mid_k,vel2,Bcc2,True,0.001,1.4430760145187378,0.05331293220465217,1.3154347207811143,0.022938421835723113,1.3616604804992676,0.02764971213629284,0.9590370655059814,-0.004691448591257706,r_mid_k,9
True,r,mid_k,vel2,Bcc3,True,0.001,1.8549026250839233,0.021998709692209902,1.6527477105458577,0.004512846178269055,1.719476342201233,0.0018589191747444586,1.1790688037872314,-0.010534839044665645,r_mid_k,9
True,r,mid_k,vel2,press,True,0.001,0.7823293209075928,0.10425863739079848,0.6920373174879286,0.05742768697653348,0.7192503213882446,0.04875406844268964,0.5130470395088196,0.045046667982718926,r_mid_k,9
True,r,mid_k,vel2,rho,True,0.001,1.009743094444275,0.08941806914341857,0.9000598125987582,0.07299337458977874,0.9331408143043518,0.06888012150718596,0.672145664691925,0.055934191031277995,r_mid_k,9
True,r,mid_k,vel2,vel1,True,0.001,0.9456870555877686,-0.02226307162590213,0.8299703995386759,-0.04861844357810831,0.8548032641410828,-0.04955449611107851,0.5822075009346008,-0.07223584989787861,r_mid_k,9
False,r,mid_k,vel2,vel2,False,0.001,1.7533345222473145,0.13648413057209793,1.5405013296339247,0.10891064937127518,1.5709065198898315,0.10486744517668435,1.1286017894744873,0.08731149707259525,r_mid_k,9
True,r,mid_k,vel2,vel3,True,0.001,1.4953476190567017,-0.028085924125169665,1.3272642029656305,-0.036093110300083504,1.3532330989837646,-0.034861959720539785,1.011064052581787,-0.044644269655387994,r_mid_k,9
True,r,mid_k,vel3,Bcc1,True,0.001,0.636096179485321,-0.04785387560413715,0.579606251584159,-0.061934500219121294,0.5992549061775208,-0.06293741338147779,0.43186476826667786,-0.07957130926532283,r_mid_k,9
True,r,mid_k,vel3,Bcc2,True,0.001,1.2759534120559692,-0.011108183026396162,1.1988436447249518,-0.03749682122653194,1.2432348728179932,-0.0431888317338136,0.936115562915802,-0.0548538237138205,r_mid_k,9
True,r,mid_k,vel3,Bcc3,True,0.001,1.5903923511505127,0.04619300814260105,1.4751550489001803,0.018420350781090698,1.5344408750534058,0.015981273845788107,1.1217364072799683,-0.0025327412433084656,r_mid_k,9
True,r,mid_k,vel3,press,True,0.001,0.7073039412498474,0.04618352930140325,0.6443954242600335,0.018350745107236176,0.6669588088989258,0.017638231417105292,0.49089688062667847,0.003412728189368584,r_mid_k,9
True,r,mid_k,vel3,rho,True,0.001,0.9178621172904968,-0.012245886757092822,0.8411007192399766,-0.025190713069186903,0.875012218952179,-0.025107468024062895,0.626265287399292,-0.04053048163610515,r_mid_k,9
True,r,mid_k,vel3,vel1,True,0.001,0.8347985744476318,0.09547668427135825,0.7522056765026517,0.042302050356322306,0.7690277099609375,0.03856294345186711,0.5564990043640137,0.025970328622351376,r_mid_k,9
True,r,mid_k,vel3,vel2,True,0.001,1.4755687713623047,0.10835897813502532,1.3582339551713731,0.06069497128011087,1.3870676755905151,0.051792800079108824,1.073793649673462,0.04532627093297837,r_mid_k,9
False,r,mid_k,vel3,vel3,False,0.001,1.34149169921875,0.13639891289199396,1.2337269451883104,0.11474892697133295,1.2657371759414673,0.11552252750113433,0.9487257599830627,0.08732338002101069,r_mid_k,9
False,theta,high_k,Bcc1,Bcc1,False,0.001,0.7078282833099365,0.06844600101980544,0.6303732527626885,0.052748467028662566,0.6512148976325989,0.055701360835201004,0.4546387791633606,0.02741924383998857,theta_high_k,9
True,theta,high_k,Bcc1,Bcc2,True,0.001,1.3983701467514038,0.00040290664195141246,1.2831183340814378,-0.011228365832094002,1.3407906293869019,-0.004322165438845394,0.9115124344825745,-0.048498947711504724,theta_high_k,9
True,theta,high_k,Bcc1,Bcc3,True,0.001,1.8539848327636719,-0.06261313310762903,1.685841719309489,-0.08183603477011633,1.732597827911377,-0.08124361954614558,1.227913498878479,-0.09664910392242854,theta_high_k,9
True,theta,high_k,Bcc1,press,True,0.001,0.773994505405426,0.10849971229460653,0.6913373933898078,0.07248669676726613,0.7189362049102783,0.06734883958063172,0.5033400654792786,0.05899635630175406,theta_high_k,9
True,theta,high_k,Bcc1,rho,True,0.001,1.0043867826461792,0.09392171587551387,0.9057052532831827,0.08100928288071657,0.9425776600837708,0.08256255336053513,0.665413498878479,0.06513517916178468,theta_high_k,9
True,theta,high_k,Bcc1,vel1,True,0.001,0.931347131729126,0.07769405766130083,0.8270933694309659,0.008634623858822146,0.8555196523666382,0.0002865015734540922,0.5812218189239502,-0.009292284341660902,theta_high_k,9
True,theta,high_k,Bcc1,vel2,True,0.001,1.6650460958480835,0.09515628054219892,1.5031778415044148,0.05174512505720778,1.5560482740402222,0.049218469360382676,1.101406455039978,0.03233303762861797,theta_high_k,9
True,theta,high_k,Bcc1,vel3,True,0.001,1.4729856252670288,0.017017910330669458,1.323467559284634,-0.007096705009807021,1.3552751541137695,8.127039668094752e-05,1.0074427127838135,-0.04910077963522149,theta_high_k,9
True,theta,high_k,Bcc2,Bcc1,True,0.001,0.7130306363105774,0.0494041401779706,0.6370554135905372,0.027211349717039444,0.6611106991767883,0.028012652824052808,0.4469294846057892,-0.004064376460574031,theta_high_k,9
False,theta,high_k,Bcc2,Bcc2,False,0.001,1.431903600692749,0.04519658916326586,1.3215206000539992,0.024299904860049678,1.3717906475067139,0.018610763430249158,0.9558089375495911,0.00030978656342823066,theta_high_k,9
True,theta,high_k,Bcc2,Bcc3,True,0.001,1.8575083017349243,-0.01166549873256232,1.7128384643130832,-0.043867902146045336,1.7982227802276611,-0.043837737915521015,1.1950531005859375,-0.0747068891238502,theta_high_k,9
True,theta,high_k,Bcc2,press,True,0.001,0.7840052843093872,0.07585226982597904,0.7071025768915812,0.0598366459621803,0.7369245290756226,0.07070938043725308,0.5143393874168396,0.029337536862946437,theta_high_k,9
True,theta,high_k,Bcc2,rho,True,0.001,1.0165867805480957,0.0934111966805599,0.919356452094184,0.07422351693526158,0.9572639465332031,0.07027221433375681,0.6743134260177612,0.05004683537832693,theta_high_k,9
True,theta,high_k,Bcc2,vel1,True,0.001,0.9428948760032654,0.09119847455035567,0.8484563165240817,0.016583484343626727,0.8692644238471985,0.005012089854807319,0.5917585492134094,-0.012485165698513483,theta_high_k,9
True,theta,high_k,Bcc2,vel2,True,0.001,1.6844594478607178,0.07509312114813886,1.539720164404975,0.04971816789041636,1.5938756465911865,0.040802416681209354,1.1066722869873047,0.030113027010814773,theta_high_k,9
True,theta,high_k,Bcc2,vel3,True,0.001,1.4859546422958374,-0.05115129212095735,1.3447495500246684,-0.06297478084821918,1.3804548978805542,-0.06283481298532258,0.9936681389808655,-0.07723105224713116,theta_high_k,9
True,theta,high_k,Bcc3,Bcc1,True,0.001,0.6249294281005859,0.008430173822829125,0.5873571402496762,-0.03400670424703276,0.6019024848937988,-0.029461605550253053,0.47780612111091614,-0.06979488861334272,theta_high_k,9
True,theta,high_k,Bcc3,Bcc2,True,0.001,1.2626848220825195,0.17342108891702415,1.1515970958603754,0.054043401360783505,1.142412781715393,0.039004694387780835,0.9869013428688049,0.01295620636865105,theta_high_k,9
False,theta,high_k,Bcc3,Bcc3,False,0.001,1.602959394454956,0.11628475759216461,1.4698259035746257,0.07657984078423671,1.4389698505401611,0.08619448636547866,1.342207908630371,0.04162104538681425,theta_high_k,9
True,theta,high_k,Bcc3,press,True,0.001,0.7038158178329468,-0.09370436919302882,0.656995435555776,-0.11722310458927426,0.6632975935935974,-0.10169958650837548,0.557195782661438,-0.20817686344868486,theta_high_k,9
True,theta,high_k,Bcc3,rho,True,0.001,0.9584035277366638,-0.1110012528751018,0.892855723698934,-0.14347088994316218,0.903136670589447,-0.12787319030980196,0.7852846384048462,-0.2104781078514982,theta_high_k,9
True,theta,high_k,Bcc3,vel1,True,0.001,0.7916244268417358,0.025936374231202236,0.7496508955955505,-0.01405789040205651,0.7655962109565735,0.011355398206243943,0.6263924241065979,-0.17278581585700578,theta_high_k,9
True,theta,high_k,Bcc3,vel2,True,0.001,1.4529200792312622,-0.046838004672445276,1.3191142479578655,-0.07163502617145726,1.3153338432312012,-0.06035313000495072,1.178256630897522,-0.1263434811513759,theta_high_k,9
True,theta,high_k,Bcc3,vel3,True,0.001,1.2556031942367554,0.10762881834397489,1.204963790045844,0.025789426840922107,1.21591055393219,0.02301581000776906,1.1139631271362305,-0.01412594298345431,theta_high_k,9
True,theta,high_k,press,Bcc1,True,0.001,0.6953029036521912,0.05186959022647369,0.6165264811780717,0.03554773611575409,0.6329908967018127,0.03778887557473027,0.43772730231285095,0.01970539363998051,theta_high_k,9
True,theta,high_k,press,Bcc2,True,0.001,1.3850476741790771,0.04387581739806751,1.2707459330558777,0.016269767064713267,1.3196189403533936,0.004356857090245556,0.9565245509147644,-0.005802358911567879,theta_high_k,9
True,theta,high_k,press,Bcc3,True,0.001,1.790862798690796,-0.04838495181699386,1.6212459537718031,-0.05857675513291495,1.6723216772079468,-0.05595451102943942,1.1794548034667969,-0.08646265456496743,theta_high_k,9
False,theta,high_k,press,press,False,0.001,0.76813805103302,-0.04925429488070443,0.6853960156440735,-0.061230706524685444,0.7106301784515381,-0.05963567699104155,0.5015944242477417,-0.08175803717135678,theta_high_k,9
True,theta,high_k,press,rho,True,0.001,0.9850008487701416,-0.03111989896156912,0.8856024146080017,-0.0513318275167357,0.9187221527099609,-0.05309212017909269,0.6617096662521362,-0.07019701643467845,theta_high_k,9
True,theta,high_k,press,vel1,True,0.001,0.9210063219070435,-0.0006518594817172533,0.8167267044385275,-0.013952848626326323,0.8412883281707764,-0.011751087278051641,0.5828136801719666,-0.035953723803876465,theta_high_k,9
True,theta,high_k,press,vel2,True,0.001,1.6407101154327393,-0.02148024001866736,1.4706246852874756,-0.04123705823055855,1.536293864250183,-0.04765359250789945,1.042468786239624,-0.05313699794197394,theta_high_k,9
True,theta,high_k,press,vel3,True,0.001,1.4465315341949463,0.0834572292086571,1.3017822437816196,0.07275665500026103,1.3365681171417236,0.07251680386165728,0.9759419560432434,0.06293220542222515,theta_high_k,9
True,theta,high_k,rho,Bcc1,True,0.001,0.6981314420700073,-0.0034251527048022785,0.6237978670332167,-0.015423373600642868,0.6477982997894287,-0.01185657732810176,0.4307941794395447,-0.03243259593670923,theta_high_k,9
True,theta,high_k,rho,Bcc2,True,0.001,1.392188549041748,0.055787255541862986,1.2843526204427083,0.020107599890065934,1.3359774351119995,0.015031726410066722,0.9202429056167603,0.0005968311680465342,theta_high_k,9
True,theta,high_k,rho,Bcc3,True,0.001,1.826528549194336,0.02929779194754899,1.6460123856862385,0.016174489711268995,1.7018206119537354,0.01325847638776965,1.1520601511001587,0.004976464472764789,theta_high_k,9
True,theta,high_k,rho,press,True,0.001,0.7711527347564697,-0.025531054495995284,0.6889682279692756,-0.05832503151309205,0.7169924974441528,-0.06653546116064578,0.4943467974662781,-0.08979438812271724,theta_high_k,9
False,theta,high_k,rho,rho,False,0.001,1.003336787223816,-0.06088598104173845,0.9046083490053812,-0.07496519102046866,0.9494879841804504,-0.07735325201691273,0.6595179438591003,-0.08935046479362788,theta_high_k,9
True,theta,high_k,rho,vel1,True,0.001,0.927905261516571,0.04232038897768086,0.8218525581889682,0.028577825047766743,0.8489250540733337,0.03699382177660146,0.5552745461463928,-0.02540258078290944,theta_high_k,9
True,theta,high_k,rho,vel2,True,0.001,1.650817632675171,0.01566516838752368,1.4898893303341336,-0.010040723011441903,1.5597790479660034,-0.01450265581610831,1.0626317262649536,-0.02635296640455341,theta_high_k,9
True,theta,high_k,rho,vel3,True,0.001,1.4613629579544067,0.03672856146598304,1.3173855344454448,-0.008819148318195474,1.3497389554977417,-0.01463560702311218,0.9738546013832092,-0.03287027695124911,theta_high_k,9
True,theta,high_k,vel1,Bcc1,True,0.001,0.6874821186065674,0.037256966342913554,0.6123829815122817,0.01687691846220016,0.6318536400794983,0.01657122647877561,0.4282817244529724,0.002977402767447005,theta_high_k,9
True,theta,high_k,vel1,Bcc2,True,0.001,1.3653384447097778,0.03997564141647289,1.2627949317296345,0.011346098883357823,1.3118844032287598,0.011040383475992515,0.9299066066741943,-0.007124768233522925,theta_high_k,9
True,theta,high_k,vel1,Bcc3,True,0.001,1.7629841566085815,-0.023812886769061403,1.612586220105489,-0.0421476088977398,1.6696573495864868,-0.04129972069709828,1.1820653676986694,-0.06122641604644676,theta_high_k,9
True,theta,high_k,vel1,press,True,0.001,0.7599149942398071,-0.03413695884983268,0.6796677013238271,-0.04115425741348408,0.7080729603767395,-0.03969213013283543,0.4956826865673065,-0.05028952443894344,theta_high_k,9
True,theta,high_k,vel1,rho,True,0.001,0.9790161848068237,-0.035253371666032554,0.880293157365587,-0.04801503268234233,0.916802167892456,-0.043858823928127844,0.6547259092330933,-0.07177818895900197,theta_high_k,9
False,theta,high_k,vel1,vel1,False,0.001,0.9103199243545532,0.01366933300954875,0.8097302781211005,-0.004729646269864183,0.8402408361434937,-0.004170128030230657,0.5684217214584351,-0.02051854852620065,theta_high_k,9
True,theta,high_k,vel1,vel2,True,0.001,1.6219284534454346,-0.05001951916532228,1.4697708818647597,-0.06740897244330948,1.521124243736267,-0.06540343876776636,1.0559563636779785,-0.08344072747249519,theta_high_k,9
True,theta,high_k,vel1,vel3,True,0.001,1.4279998540878296,0.04528797663380345,1.287421425183614,0.03385521412640014,1.3208340406417847,0.03639095604650825,0.9647679328918457,0.013075158586551268,theta_high_k,9
True,theta,high_k,vel2,Bcc1,True,0.001,0.7286632657051086,0.04747666414785603,0.642643435133828,0.021892788247730645,0.6585240960121155,0.012639321981417954,0.45060279965400696,0.00642638747601189,theta_high_k,9
True,theta,high_k,vel2,Bcc2,True,0.001,1.4533367156982422,0.014854654877796815,1.3167017896970112,-0.011498986730485496,1.366401195526123,-0.011990154119898752,0.9671443104743958,-0.05565208722986528,theta_high_k,9
True,theta,high_k,vel2,Bcc3,True,0.001,1.900816559791565,0.02110019882092706,1.7003200054168701,-0.02426355736860701,1.7556064128875732,-0.020508709789324234,1.2404898405075073,-0.05731729542188528,theta_high_k,9
True,theta,high_k,vel2,press,True,0.001,0.8030954003334045,0.1234112084825226,0.7138370606634352,0.09565934711010389,0.7373701930046082,0.09385597905430425,0.5272919535636902,0.07485270109520159,theta_high_k,9
True,theta,high_k,vel2,rho,True,0.001,1.0359361171722412,0.11833626523455562,0.9317829940054152,0.09035840627297054,0.9666761755943298,0.0937625517650637,0.7005828619003296,0.06673963194256387,theta_high_k,9
True,theta,high_k,vel2,vel1,True,0.001,0.9810469150543213,0.09307938070725862,0.857921474509769,0.012380610100390467,0.8632734417915344,-0.0019791385138008257,0.6244654059410095,-0.017041259779260184,theta_high_k,9
False,theta,high_k,vel2,vel2,False,0.001,1.7417964935302734,0.2022737379558967,1.547213978237576,0.12287052958242321,1.574507236480713,0.1150396973938267,1.1566147804260254,0.0985749268012657,theta_high_k,9
True,theta,high_k,vel2,vel3,True,0.001,1.5228626728057861,-0.031937305572134735,1.3506194353103638,-0.048215304158796345,1.3621513843536377,-0.041003585842116615,1.0218061208724976,-0.07949124466615001,theta_high_k,9
True,theta,high_k,vel3,Bcc1,True,0.001,0.6550393104553223,0.08159892652866974,0.594730105664995,0.05665523675155748,0.6153700351715088,0.05480221087485197,0.43228060007095337,0.03505625369020408,theta_high_k,9
True,theta,high_k,vel3,Bcc2,True,0.001,1.2896335124969482,0.06448408660271077,1.2103956209288702,0.028488579884260838,1.250535488128662,0.01934634798458882,0.9117434620857239,-0.00982317610001994,theta_high_k,9
True,theta,high_k,vel3,Bcc3,True,0.001,1.6508216857910156,-0.07025843688896856,1.5234551827112834,-0.10883309682930283,1.5941364765167236,-0.11008494755299546,1.1210434436798096,-0.16161038944051762,theta_high_k,9
True,theta,high_k,vel3,press,True,0.001,0.7390060424804688,-0.12250936530394757,0.6771319111188253,-0.14218181366419705,0.7025997042655945,-0.14065537502103484,0.5178618431091309,-0.1647201917415759,theta_high_k,9
True,theta,high_k,vel3,rho,True,0.001,0.9455002546310425,-0.04696359140487906,0.871721108754476,-0.05980770974034301,0.9028751850128174,-0.059348971353111145,0.6780562996864319,-0.07748657164045093,theta_high_k,9
True,theta,high_k,vel3,vel1,True,0.001,0.8630416989326477,-0.01856274681824149,0.7697008318371243,-0.034759739136373105,0.792317807674408,-0.02786459672417336,0.5587214231491089,-0.07181831823390629,theta_high_k,9
True,theta,high_k,vel3,vel2,True,0.001,1.4864153861999512,0.020527550944042405,1.3621850676006741,-0.022904366945462447,1.4071462154388428,-0.027791154826544612,1.0505577325820923,-0.03581157059285809,theta_high_k,9
False,theta,high_k,vel3,vel3,False,0.001,1.3475871086120605,0.14298787136409888,1.2499071094724867,0.11712407643786629,1.2907074689865112,0.12286437709062976,0.9537537097930908,0.06051140074307159,theta_high_k,9
False,theta,low_k,Bcc1,Bcc1,False,0.001,0.687788188457489,0.012749153650351033,0.6110968854692247,0.005576443711037771,0.6322407126426697,0.007661639405880073,0.4322485327720642,-0.011112843517122776,theta_low_k,9
True,theta,low_k,Bcc1,Bcc2,True,0.001,1.3715558052062988,-0.007913126090128288,1.2661915289031134,-0.014149898651508461,1.3165748119354248,-0.013651226867045504,0.9179462790489197,-0.02494341935250396,theta_low_k,9
True,theta,low_k,Bcc1,Bcc3,True,0.001,1.7958765029907227,-0.034569947297686435,1.6210473113589816,-0.050283391486496035,1.6859394311904907,-0.05164685497781086,1.1691681146621704,-0.0601775236942758,theta_low_k,9
True,theta,low_k,Bcc1,press,True,0.001,0.757159411907196,0.025831022851423725,0.6737747655974494,0.01763549307443842,0.7019867897033691,0.02053721471892792,0.4876232147216797,-0.01293282054015427,theta_low_k,9
True,theta,low_k,Bcc1,rho,True,0.001,0.9742940068244934,0.023803317068189278,0.8704335027270846,0.014138609346552668,0.9037303328514099,0.017511923023348027,0.6414573192596436,-0.016580528170259033,theta_low_k,9
True,theta,low_k,Bcc1,vel1,True,0.001,0.9130610823631287,-0.021485040052555006,0.808118912908766,-0.02724908640017019,0.8369663953781128,-0.027235095268546873,0.5710980296134949,-0.033347241930743454,theta_low_k,9
True,theta,low_k,Bcc1,vel2,True,0.001,1.6342625617980957,0.078467432350705,1.4685033294889662,0.06932933889955978,1.5299887657165527,0.07032063557316433,1.0459840297698975,0.05798411312595722,theta_low_k,9
True,theta,low_k,Bcc1,vel3,True,0.001,1.4373635053634644,0.013022958643089454,1.2875390582614474,0.004373556487771028,1.3170735836029053,0.006996448455083551,0.9593316316604614,-0.01192023309624362,theta_low_k,9
True,theta,low_k,Bcc2,Bcc1,True,0.001,0.6901208758354187,-0.010689229627080686,0.6131525933742523,-0.01608753535736081,0.6298410892486572,-0.01663489524869183,0.4329269230365753,-0.020606226042286856,theta_low_k,9
False,theta,low_k,Bcc2,Bcc2,False,0.001,1.3913419246673584,0.017949992567310818,1.2836944394641452,0.01070232869789202,1.3363022804260254,0.010772794872116251,0.9314219951629639,0.0023530158485585203,theta_low_k,9
True,theta,low_k,Bcc2,Bcc3,True,0.001,1.7870930433273315,0.009020788266020376,1.626796351538764,0.002216014717884948,1.6905583143234253,0.0031819165115287208,1.1661959886550903,-0.00398656432558296,theta_low_k,9
True,theta,low_k,Bcc2,press,True,0.001,0.7596870064735413,0.025993847022684195,0.6769830584526062,0.01718572808950586,0.7046247124671936,0.017639093527709055,0.4763672351837158,0.00646018918322759,theta_low_k,9
True,theta,low_k,Bcc2,rho,True,0.001,0.9750089049339294,0.010494033983921291,0.8743749062220255,0.00412609232103443,0.9091935753822327,0.00248277570403588,0.6358329653739929,-0.004999355863142795,theta_low_k,9
True,theta,low_k,Bcc2,vel1,True,0.001,0.910180389881134,-0.019763969985292555,0.8114607996410794,-0.02810692347415928,0.837009608745575,-0.025810416859804012,0.5711863040924072,-0.0476641256965173,theta_low_k,9
True,theta,low_k,Bcc2,vel2,True,0.001,1.6442173719406128,0.07346763598079703,1.4810979631212022,0.06234194794138016,1.5284229516983032,0.06108084614172663,1.0740796327590942,0.05319540345091374,theta_low_k,9
True,theta,low_k,Bcc2,vel3,True,0.001,1.4361648559570312,0.019826490964806497,1.2942622237735324,0.013614635454257009,1.3258088827133179,0.014413378205558417,0.9636720418930054,-0.00422894704552207,theta_low_k,9
True,theta,low_k,Bcc3,Bcc1,True,0.001,0.617645800113678,-0.0030276301875397974,0.5680969953536987,-0.0188942032894129,0.5910885334014893,-0.00922352833998197,0.42256128787994385,-0.05985189308854279,theta_low_k,9
True,theta,low_k,Bcc3,Bcc2,True,0.001,1.2629064321517944,0.03597295869980831,1.1563425991270277,0.028286862353968545,1.182438850402832,0.027814806483366983,0.8898836374282837,0.02039345637351959,theta_low_k,9
False,theta,low_k,Bcc3,Bcc3,False,0.001,1.5910905599594116,0.14361142901950005,1.437997367646959,0.09770278034996246,1.4578405618667603,0.10430412878484095,1.1036200523376465,0.06242768505249734,theta_low_k,9
True,theta,low_k,Bcc3,press,True,0.001,0.6938402056694031,-0.005089713617605781,0.6388616495662265,-0.016096060039533292,0.658936083316803,-0.012321554928767502,0.4855036735534668,-0.036890172262194466,theta_low_k,9
True,theta,low_k,Bcc3,rho,True,0.001,0.9049661755561829,-0.005285910596014298,0.8348240852355957,-0.016729654887111475,0.8592886328697205,-0.014398608069111309,0.6239773035049438,-0.034488486384439236,theta_low_k,9
True,theta,low_k,Bcc3,vel1,True,0.001,0.7959132194519043,0.020740007447809433,0.7330863806936476,0.01569989340879282,0.764587938785553,0.016066740910556137,0.5463292002677917,0.009417328543252905,theta_low_k,9
True,theta,low_k,Bcc3,vel2,True,0.001,1.397383213043213,-0.0483600327074444,1.3050366905000474,-0.06965034949766888,1.334112524986267,-0.06711304586555013,1.0025715827941895,-0.11576739904374536,theta_low_k,9
True,theta,low_k,Bcc3,vel3,True,0.001,1.242641806602478,0.00848517958229901,1.1745825674798753,-0.0028812258776663735,1.2059532403945923,-0.00222920441863976,0.9268051981925964,-0.015081404369473488,theta_low_k,9
True,theta,low_k,press,Bcc1,True,0.001,0.6822447776794434,0.0032090858869397183,0.6050552394655015,-0.0041530688889967375,0.6240532398223877,0.000376136039570013,0.42567676305770874,-0.030529088571885053,theta_low_k,9
True,theta,low_k,press,Bcc2,True,0.001,1.3646057844161987,0.00834640174548123,1.2490517894426982,-0.0024113619195388534,1.2997463941574097,0.0018227990459368803,0.9045754075050354,-0.030569505015734185,theta_low_k,9
True,theta,low_k,press,Bcc3,True,0.001,1.7708768844604492,0.013881219124837557,1.588791290918986,0.00832345473254809,1.644361138343811,0.009013709518569018,1.1114709377288818,-0.0017295548463774116,theta_low_k,9
False,theta,low_k,press,press,False,0.001,0.7515270113945007,0.017127473531730098,0.6673562526702881,0.00716518761226566,0.6937416195869446,0.008474892877543617,0.4850538969039917,-0.009807477448928284,theta_low_k,9
True,theta,low_k,press,rho,True,0.001,0.962449848651886,0.01715898650978939,0.8593528336948819,0.0065599156408247,0.8942630290985107,0.008554904487869611,0.6323851943016052,-0.020930729980828667,theta_low_k,9
True,theta,low_k,press,vel1,True,0.001,0.9060236811637878,0.011982061912731263,0.7985827459229363,0.0010240893422036425,0.8302157521247864,0.0008157455160647518,0.5597821474075317,-0.006559626394795921,theta_low_k,9
True,theta,low_k,press,vel2,True,0.001,1.6146068572998047,0.013652116959494155,1.4458958837721083,-0.004242656627134958,1.5049865245819092,-0.0078089095616070015,1.0415018796920776,-0.010539372738055467,theta_low_k,9
True,theta,low_k,press,vel3,True,0.001,1.424134373664856,0.020016543237189675,1.2706235779656305,0.006759054613554574,1.3070800304412842,0.012516152889547468,0.951701283454895,-0.02229206895512747,theta_low_k,9
True,theta,low_k,rho,Bcc1,True,0.001,0.6828849911689758,-0.0038776793733318153,0.6085199879275428,-0.010192912039028956,0.6316888332366943,-0.00724455505113346,0.43975314497947693,-0.027861370760638826,theta_low_k,9
True,theta,low_k,rho,Bcc2,True,0.001,1.367928147315979,0.012673093899834549,1.2583532995647855,0.002774067682510214,1.311901330947876,0.006370162495960402,0.9194375276565552,-0.017167345840792658,theta_low_k,9
True,theta,low_k,rho,Bcc3,True,0.001,1.777103304862976,0.03726699713182831,1.6054811875025432,0.03260450646485749,1.660839319229126,0.03371438877084345,1.1357916593551636,0.026264447784717107,theta_low_k,9
True,theta,low_k,rho,press,True,0.001,0.7540137767791748,0.009939182429263222,0.6714653505219353,0.002891932448827892,0.6963301301002502,0.005333569744927001,0.4855716824531555,-0.020266820937900113,theta_low_k,9
False,theta,low_k,rho,rho,False,0.001,0.9715356826782227,0.009220297192808445,0.8719377517700195,0.0022572719100514694,0.9126022458076477,0.003859552384506679,0.6387230157852173,-0.008249449631038975,theta_low_k,9
True,theta,low_k,rho,vel1,True,0.001,0.9054984450340271,0.0030145200363947207,0.8060897125138177,-0.00015895370125881643,0.8357364535331726,0.00027861137890038395,0.5590444207191467,-0.008637506398661935,theta_low_k,9
True,theta,low_k,rho,vel2,True,0.001,1.6228705644607544,0.0035929912959863945,1.4552262491650052,-0.0024361072642609376,1.5051406621932983,-0.0012569909961490744,1.0435941219329834,-0.013552560241466989,theta_low_k,9
True,theta,low_k,rho,vel3,True,0.001,1.4293934106826782,0.01325990184369884,1.2812518609894648,0.00023943398258881868,1.3124845027923584,0.0018074108186082348,0.9613237977027893,-0.03620683523877307,theta_low_k,9
True,theta,low_k,vel1,Bcc1,True,0.001,0.6768071055412292,0.012729575797378243,0.6048632363478342,0.0066230610580519595,0.624143660068512,0.007318799124129895,0.4361650049686432,-0.0015103432993031757,theta_low_k,9
True,theta,low_k,vel1,Bcc2,True,0.001,1.3529119491577148,0.0066291406233616465,1.2482161323229473,0.000809035515196007,1.3005621433258057,0.0026292434086286776,0.9077759385108948,-0.01303449689430748,theta_low_k,9
True,theta,low_k,vel1,Bcc3,True,0.001,1.74074125289917,0.028334160087543907,1.5905663702223036,0.020290319683355863,1.643662929534912,0.02123386640451623,1.1538993120193481,0.011669104822313283,theta_low_k,9
True,theta,low_k,vel1,press,True,0.001,0.7453441619873047,-0.002320828415388789,0.6676313943333096,-0.009533680845544602,0.694499135017395,-0.006189311450907904,0.4889943599700928,-0.023896166947159247,theta_low_k,9
True,theta,low_k,vel1,rho,True,0.001,0.9534499645233154,0.00893352940639148,0.8588521215650771,0.0009702941093149888,0.8955240249633789,0.001105208980198311,0.620530366897583,-0.004411457624015771,theta_low_k,9
False,theta,low_k,vel1,vel1,False,0.001,0.8925103545188904,0.021685317139654985,0.7967344456248813,0.015037303153139907,0.8296543955802917,0.016248767436396427,0.5591666102409363,0.006415223321417258,theta_low_k,9
True,theta,low_k,vel1,vel2,True,0.001,1.5970004796981812,-0.040153880326125074,1.4476122326321073,-0.049652074282464986,1.5028035640716553,-0.048886650446716744,1.0481712818145752,-0.0733613208834702,theta_low_k,9
True,theta,low_k,vel1,vel3,True,0.001,1.4032460451126099,0.0060488202561249345,1.268886685371399,-0.009052144642255958,1.307808756828308,-0.008559298079679579,0.9557192325592041,-0.039922917379864795,theta_low_k,9
True,theta,low_k,vel2,Bcc1,True,0.001,0.6966423392295837,0.004864520216247915,0.6143935885694292,-0.005424505561913118,0.6330409049987793,-0.007997943883760681,0.43054983019828796,-0.010029854353347412,theta_low_k,9
True,theta,low_k,vel2,Bcc2,True,0.001,1.4053200483322144,-0.024878680995956703,1.2827510635058086,-0.03166456317257674,1.324485421180725,-0.027216957821808854,0.9548067450523376,-0.04665600587400955,theta_low_k,9
True,theta,low_k,vel2,Bcc3,True,0.001,1.8338768482208252,-0.03762539557633845,1.635249932607015,-0.05220977537473706,1.6999062299728394,-0.04859229906183425,1.1549842357635498,-0.0686037110844215,theta_low_k,9
True,theta,low_k,vel2,press,True,0.001,0.771988570690155,0.05413995526458286,0.6832235455513,0.03951419705842638,0.7090537548065186,0.03806321736112437,0.4982132315635681,0.034827587621770094,theta_low_k,9
True,theta,low_k,vel2,rho,True,0.001,0.9936478734016418,0.03443242577133373,0.8843644658724467,0.02298396639770163,0.9208085536956787,0.02371295400080133,0.644365131855011,0.009554047683636695,theta_low_k,9
True,theta,low_k,vel2,vel1,True,0.001,0.930380642414093,-0.03176134840904772,0.8168252772755094,-0.043014815141046596,0.8396479487419128,-0.042654368743528556,0.5703439116477966,-0.062087973500296954,theta_low_k,9
False,theta,low_k,vel2,vel2,False,0.001,1.6891790628433228,0.16422414520584344,1.499028205871582,0.1315594230368724,1.5297149419784546,0.1291612778215703,1.1018662452697754,0.1136093905181576,theta_low_k,9
True,theta,low_k,vel2,vel3,True,0.001,1.46576988697052,0.017381190938702693,1.3089814451005723,0.010480651512216482,1.3266465663909912,0.011862439751434176,1.0026406049728394,0.0009540790738677022,theta_low_k,9
True,theta,low_k,vel3,Bcc1,True,0.001,0.6433391571044922,0.0068901809742033596,0.5750782257980771,-0.0005789032395084435,0.5937873721122742,0.001627305603925097,0.40999189019203186,-0.018110979224630203,theta_low_k,9
True,theta,low_k,vel3,Bcc2,True,0.001,1.2773488759994507,0.013915541315182892,1.1831763784090679,-0.001114507312520119,1.2268706560134888,-0.003156781825428024,0.8685117363929749,-0.009462982611535584,theta_low_k,9
True,theta,low_k,vel3,Bcc3,True,0.001,1.6144592761993408,-0.01764541203734516,1.4753336773978338,-0.02518277903256759,1.53330397605896,-0.025354560820200874,1.0609742403030396,-0.02954928399950486,theta_low_k,9
True,theta,low_k,vel3,press,True,0.001,0.7130393385887146,0.03190729612314735,0.6398897601498498,0.01488805795325538,0.6633514165878296,0.015407189740399058,0.4665358364582062,-0.012466426781552693,theta_low_k,9
True,theta,low_k,vel3,rho,True,0.001,0.9214698672294617,0.019294177519258177,0.8283118804295858,0.009636265439228926,0.8617233633995056,0.012767734905694245,0.6056407690048218,-0.022619354618644005,theta_low_k,9
True,theta,low_k,vel3,vel1,True,0.001,0.8418219685554504,-0.021862418160488183,0.7474173439873589,-0.02594983515177184,0.7602116465568542,-0.02654696124799388,0.5277395248413086,-0.02837394637782157,theta_low_k,9
True,theta,low_k,vel3,vel2,True,0.001,1.486269474029541,0.04868852652398556,1.339541905456119,0.03922507394176819,1.3731216192245483,0.037212823926118715,0.970092236995697,0.030845830575059414,theta_low_k,9
False,theta,low_k,vel3,vel3,False,0.001,1.3317755460739136,0.04266668309997068,1.2119266788164775,0.034499353637789075,1.245030403137207,0.03678517866690245,0.9078623652458191,0.015723589972581567,theta_low_k,9
False,theta,mid_k,Bcc1,Bcc1,False,0.001,0.6946632862091064,0.03697108788303548,0.6167100734180875,0.020739105975894106,0.6375604271888733,0.023469556464005864,0.44392460584640503,-0.0009362101817930369,theta_mid_k,9
True,theta,mid_k,Bcc1,Bcc2,True,0.001,1.3853089809417725,0.0157400670133247,1.2841973569658067,0.008664030769317864,1.3300137519836426,0.010162953914812037,0.9674373865127563,-0.0001085076933795221,theta_mid_k,9
True,theta,mid_k,Bcc1,Bcc3,True,0.001,1.8075369596481323,-0.018876521179571337,1.6357189681794908,-0.054149958189649655,1.687106728553772,-0.05807252008330697,1.2082232236862183,-0.06906876500925903,theta_mid_k,9
True,theta,mid_k,Bcc1,press,True,0.001,0.7625963091850281,0.04884115035327221,0.6812521252367232,0.03138439055936906,0.711269736289978,0.03071039298218763,0.49477341771125793,0.015010521647053883,theta_mid_k,9
True,theta,mid_k,Bcc1,rho,True,0.001,0.9834243059158325,0.04717026307603175,0.8834210170639886,0.03062000549081902,0.9162333011627197,0.030458388688141234,0.6518446803092957,0.015450804708089795,theta_mid_k,9
True,theta,mid_k,Bcc1,vel1,True,0.001,0.9181536436080933,-0.028421137702119164,0.8156198461850485,-0.031926163303701655,0.8526358604431152,-0.031121519444545987,0.5639985799789429,-0.038335218069106135,theta_mid_k,9
True,theta,mid_k,Bcc1,vel2,True,0.001,1.6536781787872314,0.07041946715270093,1.4812376764085557,0.04996062950867203,1.5387165546417236,0.05952717412193113,1.070602297782898,0.028368820562816713,theta_mid_k,9
True,theta,mid_k,Bcc1,vel3,True,0.001,1.4505181312561035,0.004186711419458843,1.3039194411701627,-0.010100767716825039,1.3411767482757568,-0.007355390414486819,0.99160236120224,-0.034651533801862415,theta_mid_k,9
True,theta,mid_k,Bcc2,Bcc1,True,0.001,0.6967538595199585,-0.002247843338353443,0.6212774482038286,-0.015154927851795594,0.63949054479599,-0.015127841452249564,0.43599316477775574,-0.03256564361126451,theta_mid_k,9
False,theta,mid_k,Bcc2,Bcc2,False,0.001,1.4091455936431885,0.03401926384876968,1.3020919230249193,0.025116620441994007,1.3594657182693481,0.02576165951895692,0.9633828997612,0.018040623281249966,theta_mid_k,9
True,theta,mid_k,Bcc2,Bcc3,True,0.001,1.8248258829116821,0.06619080977607283,1.6507014168633356,0.04485410058472719,1.725055456161499,0.0469606229115955,1.1581209897994995,0.020086497827052605,theta_mid_k,9
True,theta,mid_k,Bcc2,press,True,0.001,0.7683958411216736,0.019189929380032635,0.6864791247579787,0.0075322721426686655,0.7125523686408997,0.00845300686563373,0.4994334578514099,-0.012925457634957477,theta_mid_k,9
True,theta,mid_k,Bcc2,rho,True,0.001,0.9910697937011719,0.009138330905916684,0.8902672131856283,0.0006014505277254594,0.9296693205833435,0.003108219756574516,0.6464716792106628,-0.014229988186899318,theta_mid_k,9
True,theta,mid_k,Bcc2,vel1,True,0.001,0.9203928709030151,-0.012828718244241867,0.8244370818138123,-0.025056729355812726,0.8556685447692871,-0.02132218791646672,0.5815816521644592,-0.04603197522254253,theta_mid_k,9
True,theta,mid_k,Bcc2,vel2,True,0.001,1.6653083562850952,0.0723408035222969,1.5091322660446167,0.054779353249816934,1.5821059942245483,0.05368184974526386,1.07062828540802,0.037798381653577365,theta_mid_k,9
True,theta,mid_k,Bcc2,vel3,True,0.001,1.4573087692260742,-0.01665908124998362,1.3132992651727464,-0.05229631043425079,1.342337965965271,-0.05633153347919832,0.9780554175376892,-0.06686564727440819,theta_mid_k,9
True,theta,mid_k,Bcc3,Bcc1,True,0.001,0.6047196984291077,-0.01810442908614733,0.5627473228507571,-0.053405180704080756,0.5826112031936646,-0.0690269318112183,0.4309053122997284,-0.0897416396858286,theta_mid_k,9
True,theta,mid_k,Bcc3,Bcc2,True,0.001,1.2490955591201782,0.005893524763633395,1.1337043775452509,-0.006553405762582152,1.1302669048309326,-0.0013490998646283716,0.9158015847206116,-0.022102025313078873,theta_mid_k,9
False,theta,mid_k,Bcc3,Bcc3,False,0.001,1.5850780010223389,0.20728328940846008,1.4300302002165053,0.14084376397043352,1.433923602104187,0.16542206406403537,1.1522996425628662,0.07819645561258544,theta_mid_k,9
True,theta,mid_k,Bcc3,press,True,0.001,0.6799263954162598,-0.026142685964226905,0.6341826518376669,-0.04141697828795566,0.6508983373641968,-0.029899400680985677,0.5030267834663391,-0.07515343529649306,theta_mid_k,9
True,theta,mid_k,Bcc3,rho,True,0.001,0.9001396894454956,-0.028397414450721217,0.8400064375665452,-0.050604818021481014,0.8649259209632874,-0.03957456489820469,0.6665669679641724,-0.10337520532428723,theta_mid_k,9
True,theta,mid_k,Bcc3,vel1,True,0.001,0.7660295367240906,0.0986819031616251,0.7227891683578491,0.048248620533211155,0.7467815279960632,0.044286084902375185,0.5659330487251282,0.02709637168723457,theta_mid_k,9
True,theta,mid_k,Bcc3,vel2,True,0.001,1.371547818183899,0.0158220982154128,1.2737731801138983,-0.012495743728074474,1.274880051612854,-0.021502763624340848,1.049125075340271,-0.025881752881683737,theta_mid_k,9
True,theta,mid_k,Bcc3,vel3,True,0.001,1.2267184257507324,0.02318552161405835,1.1530167791578505,-0.022896002929275502,1.1641583442687988,-0.026315924371409716,0.9409111738204956,-0.045785905770632726,theta_mid_k,9
True,theta,mid_k,press,Bcc1,True,0.001,0.6904468536376953,0.015929700903862695,0.6112595034970177,0.004133727564635261,0.6345141530036926,0.0074349763836421045,0.43905434012413025,-0.019442866251209154,theta_mid_k,9
True,theta,mid_k,press,Bcc2,True,0.001,1.3789491653442383,0.004986081819790353,1.2697835895750258,-0.006933483998926661,1.3166966438293457,-0.0068618189115918,0.9476397037506104,-0.031038649143988135,theta_mid_k,9
True,theta,mid_k,press,Bcc3,True,0.001,1.787732720375061,-0.005254879230258931,1.6089967886606853,-0.019989875810575777,1.6707913875579834,-0.020189491110814934,1.1587618589401245,-0.03482948055558356,theta_mid_k,9
False,theta,mid_k,press,press,False,0.001,0.7602890133857727,0.003439742807515512,0.6755707561969757,-0.008450910325697395,0.7011212110519409,-0.003202985891209035,0.4886789619922638,-0.03850074822574853,theta_mid_k,9
True,theta,mid_k,press,rho,True,0.001,0.9764105677604675,0.01140001836184099,0.8741207917531332,0.0008835836022985612,0.9063194990158081,-0.0010005410965837585,0.6373897790908813,-0.0035656484669914575,theta_mid_k,9
True,theta,mid_k,press,vel1,True,0.001,0.9110189080238342,0.023543578189031907,0.811232414510515,0.004699418499974185,0.8451893925666809,0.002329133240995034,0.5718672275543213,-0.0017777863557219868,theta_mid_k,9
True,theta,mid_k,press,vel2,True,0.001,1.6383657455444336,0.007737749000105018,1.465088579389784,-0.017433793195014133,1.524443507194519,-0.01201920892475491,1.0590797662734985,-0.03613411443833281,theta_mid_k,9
True,theta,mid_k,press,vel3,True,0.001,1.440650463104248,0.05939246439255775,1.2950644095738728,0.04624579251020154,1.3377697467803955,0.050390140024521954,0.9754699468612671,0.012370281794511745,theta_mid_k,9
True,theta,mid_k,rho,Bcc1,True,0.001,0.6924691200256348,-0.010888841811691601,0.6163315176963806,-0.02323352063416091,0.6405575275421143,-0.01970642020010064,0.43839597702026367,-0.03713774280016694,theta_mid_k,9
True,theta,mid_k,rho,Bcc2,True,0.001,1.384254813194275,-0.01182641567451478,1.2718419035275776,-0.02188153966275006,1.3246930837631226,-0.020232928102866223,0.9069847464561462,-0.03733137292843509,theta_mid_k,9
True,theta,mid_k,rho,Bcc3,True,0.001,1.796478033065796,0.057187243033389075,1.6311266554726496,0.0399775059045442,1.6884567737579346,0.03918964161108458,1.1761677265167236,0.02300110666810718,theta_mid_k,9
True,theta,mid_k,rho,press,True,0.001,0.7620378136634827,0.0022273518918379553,0.6795390148957571,-0.009412211814167572,0.7082314491271973,-0.008779295353572114,0.48578616976737976,-0.03343020232966565,theta_mid_k,9
False,theta,mid_k,rho,rho,False,0.001,0.9836561679840088,-0.005279623995220547,0.8842352959844801,-0.015453724332885924,0.9256995916366577,-0.018848771403956906,0.6395593285560608,-0.023996886338889144,theta_mid_k,9
True,theta,mid_k,rho,vel1,True,0.001,0.9187309741973877,0.02338359158578693,0.811870363023546,0.019632982332842448,0.843866765499115,0.019089018913413906,0.5514044761657715,0.01563283371769833,theta_mid_k,9
True,theta,mid_k,rho,vel2,True,0.001,1.643154501914978,0.03978873083046124,1.4797725015216403,0.02309539329938605,1.5316600799560547,0.020696055413163043,1.067837119102478,0.006149309682307548,theta_mid_k,9
True,theta,mid_k,rho,vel3,True,0.001,1.4465539455413818,0.021316208289812275,1.2955085767640009,0.006877048875947627,1.331083059310913,0.010512246738646152,0.9462053179740906,-0.024509231654142944,theta_mid_k,9
True,theta,mid_k,vel1,Bcc1,True,0.001,0.6810823082923889,0.031128391312808167,0.6094055275122324,0.01605234854585771,0.6340882182121277,0.024130574580162382,0.4437279999256134,-0.005210945610747034,theta_mid_k,9
True,theta,mid_k,vel1,Bcc2,True,0.001,1.3620703220367432,0.006518231029253764,1.259521226088206,-0.0062017958074995425,1.3113436698913574,-0.009898789710040982,0.9262986779212952,-0.015600133806313912,theta_mid_k,9
True,theta,mid_k,vel1,Bcc3,True,0.001,1.7605631351470947,-0.018671448524502695,1.6072205305099487,-0.029352156739422937,1.6780630350112915,-0.02648104057152517,1.1623307466506958,-0.047706101115154484,theta_mid_k,9
True,theta,mid_k,vel1,press,True,0.001,0.7520318031311035,0.005349607196914425,0.6739270918899112,-0.0053570672742993125,0.7029987573623657,-0.004167622965859232,0.4971313774585724,-0.01763107103405277,theta_mid_k,9
True,theta,mid_k,vel1,rho,True,0.001,0.9678757786750793,0.0020360238526573476,0.8714753786722819,-0.004999492166662885,0.9087620973587036,-0.005862599121023098,0.6299787759780884,-0.012073649324891014,theta_mid_k,9
False,theta,mid_k,vel1,vel1,False,0.001,0.9021598100662231,0.07634465922317853,0.8036307758755155,0.03444784007606268,0.8324257135391235,0.027076140190746407,0.5766379833221436,0.0198994331752491,theta_mid_k,9
True,theta,mid_k,vel1,vel2,True,0.001,1.617936372756958,-0.02673931067699401,1.4618362188339233,-0.05737979216950654,1.5204156637191772,-0.05981034839552475,1.0478812456130981,-0.07101033938016053,theta_mid_k,9
True,theta,mid_k,vel1,vel3,True,0.001,1.4156227111816406,0.021454929219237102,1.283158216211531,0.004455437998767874,1.3241865634918213,0.009912986480566847,0.9665369391441345,-0.030849921425395072,theta_mid_k,9
True,theta,mid_k,vel2,Bcc1,True,0.001,0.7064475417137146,-0.0010086836281529173,0.6242536703745524,-0.010185160349769679,0.6367561221122742,-0.008528173233651837,0.44643861055374146,-0.022367523379989075,theta_mid_k,9
True,theta,mid_k,vel2,Bcc2,True,0.001,1.41962468624115,-0.020590755572361317,1.2937787903679743,-0.030088082011393593,1.335519790649414,-0.027549643841805974,0.9339635372161865,-0.04386197746615697,theta_mid_k,9
True,theta,mid_k,vel2,Bcc3,True,0.001,1.8622182607650757,-0.018456504631555955,1.659234709209866,-0.04075592334000623,1.7147119045257568,-0.04094729097877217,1.1451306343078613,-0.05633791585425028,theta_mid_k,9
True,theta,mid_k,vel2,press,True,0.001,0.7827555537223816,0.06903431531554798,0.6946061386002435,0.05144239803037409,0.7171779274940491,0.05134960752369552,0.5146988034248352,0.028469273929680242,theta_mid_k,9
True,theta,mid_k,vel2,rho,True,0.001,1.0065021514892578,0.05807925268300286,0.8992445005310906,0.030942244726489446,0.9351475834846497,0.028881533515199606,0.6577630639076233,0.015286889238905577,theta_mid_k,9
True,theta,mid_k,vel2,vel1,True,0.001,0.9462815523147583,-0.040918856307118244,0.8288318514823914,-0.05410854907712987,0.843742847442627,-0.046181971428444026,0.58088618516922,-0.10240751588360628,theta_mid_k,9
False,theta,mid_k,vel2,vel2,False,0.001,1.7319761514663696,0.1735300265672009,1.5268721448050604,0.15232114620004739,1.5489903688430786,0.15436838278702372,1.1259477138519287,0.11826130385348865,theta_mid_k,9
True,theta,mid_k,vel2,vel3,True,0.001,1.4856287240982056,-0.016931938290932858,1.3177830974260967,-0.035828108801189515,1.32991623878479,-0.03977811946506913,0.9762018322944641,-0.044799245257049036,theta_mid_k,9
True,theta,mid_k,vel3,Bcc1,True,0.001,0.6356238126754761,0.033407085409083555,0.5780487126774259,0.015115609689799985,0.601691722869873,0.015079138720607172,0.41015559434890747,0.004835539191466957,theta_mid_k,9
True,theta,mid_k,vel3,Bcc2,True,0.001,1.272476315498352,0.021697433712575494,1.18348628282547,0.004807772677089464,1.2206839323043823,0.005094422716514096,0.9019740223884583,-0.026191268674684225,theta_mid_k,9
True,theta,mid_k,vel3,Bcc3,True,0.001,1.6124883890151978,-0.011580745880911746,1.4820373985502455,-0.02418667585169677,1.5290112495422363,-0.019540561980542492,1.0863118171691895,-0.054104898490762214,theta_mid_k,9
True,theta,mid_k,vel3,press,True,0.001,0.7066810727119446,-0.013508288411706487,0.6455382406711578,-0.024982064353278117,0.6697554588317871,-0.020206833387033378,0.47937342524528503,-0.054279023902703116,theta_mid_k,9
True,theta,mid_k,vel3,rho,True,0.001,0.922006368637085,0.004919792774248571,0.8417351775699191,-0.00031528076389792357,0.8723722100257874,-9.186580331235547e-05,0.6346590518951416,-0.005456801540766684,theta_mid_k,9
True,theta,mid_k,vel3,vel1,True,0.001,0.8345416188240051,-0.017944250173689207,0.7508396969901191,-0.03007604923321383,0.7738258838653564,-0.032416916132060554,0.5365867614746094,-0.03963266228060982,theta_mid_k,9
True,theta,mid_k,vel3,vel2,True,0.001,1.4769011735916138,-0.020308292402475604,1.3487748702367146,-0.04334344560068355,1.3862650394439697,-0.04544457871152399,1.0327739715576172,-0.0745289161004391,theta_mid_k,9
False,theta,mid_k,vel3,vel3,False,0.001,1.348462462425232,0.13357124582743493,1.2312778962983026,0.11853713078758024,1.2647072076797485,0.12262720167162185,0.9403344988822937,0.08718046325841536,theta_mid_k,9
False,phi,high_k,Bcc1,Bcc1,False,0.01,0.08031879365444183,0.17982125901655802,0.0718748230073187,0.10879125594196987,0.0731523409485817,0.11419436657675626,0.056707270443439484,0.06290676406431975,phi_high_k,9
True,phi,high_k,Bcc1,Bcc2,True,0.01,0.1652989536523819,0.01582952504521155,0.1488200177748998,-0.05004584451618162,0.15332584083080292,-0.057351872204640324,0.11378411948680878,-0.1444946820213924,phi_high_k,9
True,phi,high_k,Bcc1,Bcc3,True,0.01,0.22100886702537537,-0.04631550849706334,0.1947406381368637,-0.08846726022825203,0.19801166653633118,-0.09529915934968312,0.1516091227531433,-0.12161798631182026,phi_high_k,9
True,phi,high_k,Bcc1,press,True,0.01,0.08817722648382187,0.17898567958401645,0.07778139619363679,0.0622559436356905,0.07905235886573792,0.06010403302706686,0.05925681069493294,0.012735587108422151,phi_high_k,9
True,phi,high_k,Bcc1,rho,True,0.01,0.11751106381416321,0.2565887531181325,0.10724501974052852,0.1338295895613714,0.10882394015789032,0.10882867198836407,0.0899387076497078,0.0899670735021498,phi_high_k,9
True,phi,high_k,Bcc1,vel1,True,0.01,0.11031458526849747,0.02678556267181002,0.09760918633805381,-0.07033931427451409,0.09778395295143127,-0.07622340604394084,0.06976524740457535,-0.1386376079769453,phi_high_k,9
True,phi,high_k,Bcc1,vel2,True,0.01,0.19959166646003723,0.07138858421470204,0.1780094239446852,0.03006555591555525,0.18133936822414398,0.03457665514152496,0.137730211019516,-0.038072812924997104,phi_high_k,9
True,phi,high_k,Bcc1,vel3,True,0.01,0.1853860467672348,0.06618744293141576,0.16202364365259805,0.012106577715710373,0.15728603303432465,0.039224531409918544,0.137325718998909,-0.09221262979321088,phi_high_k,9
True,phi,high_k,Bcc2,Bcc1,True,0.01,0.08091675227384283,0.09639049093373596,0.07219341206710013,0.06475528068970207,0.07324415881896966,0.06645891734553627,0.05300370919726546,0.04199552019796055,phi_high_k,9
False,phi,high_k,Bcc2,Bcc2,False,0.01,0.17349089226072384,0.1833021922306293,0.15525935853411243,0.13518605585413887,0.16091276174263727,0.15512316799818068,0.1113978094695693,0.07123898472546746,phi_high_k,9
True,phi,high_k,Bcc2,Bcc3,True,0.01,0.22989693164211103,-0.050176467105951236,0.2001771615716779,-0.07330616878252016,0.20499039918127054,-0.06450296289216156,0.1392099642282703,-0.10463692368449853,phi_high_k,9
True,phi,high_k,Bcc2,press,True,0.01,0.08852615735090717,0.08366894203335448,0.07891562803083428,-0.01669270191969279,0.08226908488685399,-0.012543623272356084,0.056685488324492474,-0.0722364052660669,phi_high_k,9
True,phi,high_k,Bcc2,rho,True,0.01,0.11692205023300947,0.2160448436746272,0.10515094761291165,0.10502215564723054,0.10924160386571907,0.12217683689986318,0.07897344702323955,0.01025019761970473,phi_high_k,9
True,phi,high_k,Bcc2,vel1,True,0.01,0.11327863414756263,0.009745512637269924,0.10007039391751783,-0.07593968966799627,0.10147098311608929,-0.09008757882657557,0.06982233791484463,-0.13912319693396744,phi_high_k,9
True,phi,high_k,Bcc2,vel2,True,0.01,0.2114150501140982,0.18310285202979396,0.18631321474458729,0.09920958892689168,0.1880249344125351,0.07844341310495927,0.13621557570788714,0.04858158746072726,phi_high_k,9
True,phi,high_k,Bcc2,vel3,True,0.01,0.18188188564073357,0.06376641383855373,0.1611608180764474,-0.09596302761040076,0.16203329932888147,-0.1176429359092663,0.12399751687035065,-0.13384116174523045,phi_high_k,9
True,phi,high_k,Bcc3,Bcc1,True,0.01,0.1106535941362381,-0.10995408913573479,0.10373400731219186,-0.1587563641791187,0.1055530533194542,-0.17549663016721254,0.0943385437130928,-0.1964488307933531,phi_high_k,9
True,phi,high_k,Bcc3,Bcc2,True,0.01,0.23882527649402618,0.21430910049418023,0.21210351751910317,-0.062001693096123835,0.21141910552978516,-0.10040967618491894,0.17547862231731415,-0.1709550436770286,phi_high_k,9
False,phi,high_k,Bcc3,Bcc3,False,0.01,0.3339841663837433,0.2578044946150621,0.30326806174384224,0.19882648851728038,0.3005036413669586,0.21187994127691812,0.2517904043197632,0.08198231561611088,phi_high_k,9
True,phi,high_k,Bcc3,press,True,0.01,0.11917615681886673,0.037969058692867076,0.10749300320943196,-0.030990692098903747,0.10741719603538513,-0.014274066263413954,0.09637521952390671,-0.19132017951558128,phi_high_k,9
True,phi,high_k,Bcc3,rho,True,0.01,0.1678909808397293,-0.1546399737259582,0.1584484941429562,-0.21843133346226787,0.15804024040699005,-0.18796049171533435,0.15028899908065796,-0.29350140663385155,phi_high_k,9
True,phi,high_k,Bcc3,vel1,True,0.01,0.18912935256958008,0.26046331134020295,0.1564519943462478,0.11881650560872486,0.150885209441185,0.14351657032620196,0.12258488684892654,-0.26381719572654727,phi_high_k,9
True,phi,high_k,Bcc3,vel2,True,0.01,0.30045709013938904,-0.1073814622411922,0.2782451460758845,-0.16716075463312918,0.27765876054763794,-0.19525380035572082,0.2487529069185257,-0.21694313036106483,phi_high_k,9
True,phi,high_k,Bcc3,vel3,True,0.01,0.25098729133605957,0.21415900603495133,0.22804581125577292,0.02738431879606617,0.21912896633148193,0.001607434618291377,0.20880131423473358,-0.0780555491203893,phi_high_k,9
True,phi,high_k,press,Bcc1,True,0.01,0.08552543818950653,0.07946482101045226,0.07611892910467254,0.020153777347460867,0.07498020678758621,0.026862657451520906,0.06136494502425194,-0.03803219750657592,phi_high_k,9
True,phi,high_k,press,Bcc2,True,0.01,0.1755291223526001,-0.06250752189493806,0.15630314581924015,-0.1469150491738696,0.15712371468544006,-0.17090861177028457,0.12146428227424622,-0.252117486875127,phi_high_k,9
True,phi,high_k,press,Bcc3,True,0.01,0.23659546673297882,-0.0041953224184151025,0.20637042158179814,-0.03279151298760687,0.20857948064804077,-0.03430373894393961,0.15865609049797058,-0.0873282802209181,phi_high_k,9
False,phi,high_k,press,press,False,0.01,0.09305231273174286,0.13729035623046607,0.0809817583196693,0.10675234181938607,0.08369753509759903,0.12024274128301354,0.05804573372006416,0.02911019577502799,phi_high_k,9
True,phi,high_k,press,rho,True,0.01,0.12490609288215637,0.02628085844969006,0.11121612042188644,-0.07367438069907031,0.11345715075731277,-0.09161230576554188,0.08737554401159286,-0.15377379533962637,phi_high_k,9
True,phi,high_k,press,vel1,True,0.01,0.11697327345609665,0.031659033005648644,0.10442839231755999,-0.035851200141912815,0.10450563579797745,-0.04481253611843006,0.07695230096578598,-0.0557955658764888,phi_high_k,9
True,phi,high_k,press,vel2,True,0.01,0.2278270572423935,-0.213432771792459,0.19481558932198417,-0.2445343696149198,0.18870341777801514,-0.22520361296805416,0.15096314251422882,-0.30254853569988477,phi_high_k,9
True,phi,high_k,press,vel3,True,0.01,0.18839053809642792,0.16615772748641763,0.16606351236502329,0.0834711119882334,0.1623927354812622,0.10669724930593757,0.13649792969226837,-0.10494087575056708,phi_high_k,9
True,phi,high_k,rho,Bcc1,True,0.01,0.08157472053615573,0.0069625726389830195,0.07274512717926598,-0.037843644070336004,0.07407621735788687,-0.034406463684959074,0.054040666165391577,-0.09720820889950853,phi_high_k,9
True,phi,high_k,rho,Bcc2,True,0.01,0.17227972580669676,0.099330873784725,0.15364926479156404,-0.003075477879457272,0.15793914544219645,-0.02708224014083593,0.11176898251587049,-0.054708609970084594,phi_high_k,9
True,phi,high_k,rho,Bcc3,True,0.01,0.22769139574118827,0.05902344520961196,0.2007629096962756,0.001173678770670902,0.20712157828340402,-0.020530981917586115,0.1430133815415729,-0.03751102535399338,phi_high_k,9
True,phi,high_k,rho,press,True,0.01,0.08910631174482773,0.05524972010633782,0.0798283838130067,0.030164706671047384,0.08244502290755647,0.02478768816056511,0.0590383818172444,0.014200195613479683,phi_high_k,9
False,phi,high_k,rho,rho,False,0.01,0.12205610406733179,-0.01123500901776972,0.11357459026688543,-0.05782276045351166,0.11668227563394759,-0.05034690927717841,0.09224282009856821,-0.11992260006809967,phi_high_k,9
True,phi,high_k,rho,vel1,True,0.01,0.12037286134796508,0.1455540979081057,0.10286847121726302,0.062308748359442806,0.10423179592083669,0.06353760182759997,0.06829109449929562,-0.05020151244731407,phi_high_k,9
True,phi,high_k,rho,vel2,True,0.01,0.20371086619561113,0.023317138414997985,0.1846430196483081,-0.0766399936058834,0.19116362578652057,-0.08869251644280424,0.13917409713113887,-0.11863292698727115,phi_high_k,9
True,phi,high_k,rho,vel3,True,0.01,0.18091855531445475,0.13290398568193484,0.16323287599017808,0.03264463326378094,0.16195801865804307,0.03772292144397699,0.13627468861786654,-0.04125280435691073,phi_high_k,9
True,phi,high_k,vel1,Bcc1,True,0.01,0.08084717129750081,0.08832011190972239,0.07084645380654657,0.024841281847002086,0.07082530533226164,0.01810292103165901,0.05279873998753667,-0.004306636111959417,phi_high_k,9
True,phi,high_k,vel1,Bcc2,True,0.01,0.1676099996334314,-0.06322512729501169,0.14741874537049868,-0.11594347995393396,0.15056861344388803,-0.10359675470138872,0.10791057991448522,-0.1867380016600202,phi_high_k,9
True,phi,high_k,vel1,Bcc3,True,0.01,0.22607870257369891,-0.03188325297275616,0.1960037467481939,-0.06690711917816408,0.19880240850462963,-0.06549672368179912,0.14391607903933995,-0.10203638544455078,phi_high_k,9
True,phi,high_k,vel1,press,True,0.01,0.08985460340110084,0.10901971104453652,0.07696448890818756,0.0643140639898711,0.0786450999167621,0.06370087864211976,0.054270129160292696,-0.03133456883690529,phi_high_k,9
True,phi,high_k,vel1,rho,True,0.01,0.11713586700772446,0.0023640649861531833,0.10224777407268662,-0.04759586969599685,0.10465510068268184,-0.050355964797387354,0.07656360128901013,-0.14664106657231213,phi_high_k,9
False,phi,high_k,vel1,vel1,False,0.01,0.11319890547984275,0.04380414465856969,0.09739966526029499,-0.040583989741087734,0.09813781667577127,-0.040401160479843864,0.06601950174686323,-0.07960643392860335,phi_high_k,9
True,phi,high_k,vel1,vel2,True,0.01,0.22332252403035904,-0.2744974117152894,0.18995629389820262,-0.3048047942137326,0.18603673196057868,-0.28784024905716354,0.14531684787969876,-0.36247413104829984,phi_high_k,9
True,phi,high_k,vel1,vel3,True,0.01,0.1790483551650259,0.13425000054196196,0.15432097772021294,0.08107858780914644,0.15188669573585364,0.0634401482990765,0.11701031726660235,0.04696285048328369,phi_high_k,9
True,phi,high_k,vel2,Bcc1,True,0.01,0.09037329256534576,0.3063163055974844,0.07894979168971379,0.2015271309087327,0.07894375175237656,0.19041793147119773,0.06262888759374619,0.14417196242251853,phi_high_k,9
True,phi,high_k,vel2,Bcc2,True,0.01,0.1949889212846756,0.2256716796021239,0.16814546783765158,0.12586916527403677,0.17060498893260956,0.09988647571892949,0.12799471616744995,0.029977747182917625,phi_high_k,9
True,phi,high_k,vel2,Bcc3,True,0.01,0.25525131821632385,0.021147718462825253,0.2146893623802397,-0.042932678972071266,0.216191828250885,-0.018397968636710664,0.16043241322040558,-0.15768592976315035,phi_high_k,9
True,phi,high_k,vel2,press,True,0.01,0.09950090199708939,-0.10385013542258911,0.08770550497704083,-0.18083627604518154,0.09182500094175339,-0.176511252526631,0.061125803738832474,-0.2244282992422761,phi_high_k,9
True,phi,high_k,vel2,rho,True,0.01,0.13043293356895447,0.10248183401035775,0.11750750492016475,-0.012758270909779114,0.121877022087574,0.0005344710350126188,0.08730749785900116,-0.12344048467399561,phi_high_k,9
True,phi,high_k,vel2,vel1,True,0.01,0.1285191923379898,0.058668578857932197,0.1099550583296352,-0.025293726397022806,0.1094835102558136,-0.026434925453821038,0.07640943676233292,-0.14520014438579176,phi_high_k,9
False,phi,high_k,vel2,vel2,False,0.01,0.27745890617370605,0.38339933452177966,0.22585923969745636,0.33313035004120267,0.2119818478822708,0.3298953518185889,0.1876833587884903,0.3046980033783663,phi_high_k,9
True,phi,high_k,vel2,vel3,True,0.01,0.20431499183177948,0.06698663160746846,0.17373442318704393,0.019344974766451153,0.16706502437591553,0.05781750642359722,0.13986922800540924,-0.049357814649263976,phi_high_k,9
True,phi,high_k,vel3,Bcc1,True,0.01,0.09669072012249948,0.13396425357200895,0.09049452635613241,0.10247042799727332,0.08986142068275337,0.09732772128044591,0.0833076958839712,0.08165111490584691,phi_high_k,9
True,phi,high_k,vel3,Bcc2,True,0.01,0.2154549041661563,-0.06759224038763945,0.1959771746648323,-0.22460401131689503,0.19933724101407774,-0.2730596997384043,0.15921610052681567,-0.34890117269706283,phi_high_k,9
True,phi,high_k,vel3,Bcc3,True,0.01,0.28584449206855844,0.15619291339969069,0.255544869766658,0.10573910679322081,0.26926945264753416,0.12193825622842587,0.19197623085833973,0.01628774285964675,phi_high_k,9
True,phi,high_k,vel3,press,True,0.01,0.10567351315459687,0.08856902658985294,0.09573212919360506,0.0025447059441370146,0.09835149934002753,0.002663197103377984,0.07457212058139566,-0.11051281751548275,phi_high_k,9
True,phi,high_k,vel3,rho,True,0.01,0.14811397481644004,-0.09198560049644199,0.13736954570694707,-0.1583737330127478,0.13876143924960133,-0.16667909099825773,0.11743675127248474,-0.23067228792520614,phi_high_k,9
True,phi,high_k,vel3,vel1,True,0.01,0.13810899186783981,0.048278541251749615,0.12712760944597246,0.0016246969463239007,0.12975949822422853,0.011284389828416418,0.0957195145320603,-0.11641145666705956,phi_high_k,9
True,phi,high_k,vel3,vel2,True,0.01,0.26264782325314423,-0.10453664111500788,0.22789134118968957,-0.15108417503372296,0.22427224959565698,-0.12441751538580072,0.1847397646152833,-0.2530361663434061,phi_high_k,9
False,phi,high_k,vel3,vel3,False,0.01,0.254723802490461,0.3547692165685016,0.22343906436331787,0.25454640509604304,0.2243943497177571,0.32338587824146886,0.18291297155099936,0.006507988703964682,phi_high_k,9
False,phi,low_k,Bcc1,Bcc1,False,0.01,0.07610058039426804,0.026005232038824592,0.0664103693432278,0.014986999723629234,0.06755385547876358,0.012300614825682945,0.04609464108943939,0.010109126200056065,phi_low_k,9
True,phi,low_k,Bcc1,Bcc2,True,0.01,0.1573801189661026,0.03979303131011411,0.1413329392671585,0.02572748175824252,0.146084725856781,0.025820793637886353,0.10173103213310242,0.016142015530075104,phi_low_k,9
True,phi,low_k,Bcc1,Bcc3,True,0.01,0.2103012502193451,-0.03468790138512414,0.18299836251470777,-0.045848944022711696,0.18862757086753845,-0.04678592722916903,0.1294107884168625,-0.05263491330978939,phi_low_k,9
True,phi,low_k,Bcc1,press,True,0.01,0.08384144306182861,0.011382685079911957,0.0731460489332676,0.0026636362648868404,0.07532849907875061,0.003401398579861912,0.052370864897966385,-0.008112521031538679,phi_low_k,9
True,phi,low_k,Bcc1,rho,True,0.01,0.10756141692399979,0.020167202400026212,0.0947550129559305,0.0035268581625978643,0.09830654412508011,0.0024431948768027815,0.06707985699176788,-0.008777100784062285,phi_low_k,9
True,phi,low_k,Bcc1,vel1,True,0.01,0.10277742147445679,0.009326320486983638,0.08948152098390791,0.0033481862486386873,0.09129150956869125,0.005531894511684573,0.06172283738851547,-0.006775816905390649,phi_low_k,9
True,phi,low_k,Bcc1,vel2,True,0.01,0.18753226101398468,0.08091392571404643,0.1638315444191297,0.06663733934212,0.1666504442691803,0.06494041153021071,0.11354003101587296,0.054089742344638356,phi_low_k,9
True,phi,low_k,Bcc1,vel3,True,0.01,0.1667344868183136,0.0012422322347690965,0.14489809920390448,-0.005464422145585366,0.14490078389644623,-0.004774849868402007,0.10613284260034561,-0.01650216421710715,phi_low_k,9
True,phi,low_k,Bcc2,Bcc1,True,0.01,0.07724205404520035,-0.0352633483378241,0.06796175158686107,-0.04616397133431247,0.06921248137950897,-0.04830302676039668,0.047080885618925095,-0.05154489203253323,phi_low_k,9
False,phi,low_k,Bcc2,Bcc2,False,0.01,0.16308091580867767,0.041607321585160555,0.14689372811052534,0.022336087970694123,0.15461616218090057,0.02563902059307151,0.10697195678949356,-0.0009018448754440634,phi_low_k,9
True,phi,low_k,Bcc2,Bcc3,True,0.01,0.21617425978183746,-0.011552793819621463,0.1897263295120663,-0.0207375449518679,0.19659627974033356,-0.022252680247036655,0.13077422976493835,-0.02602167467974561,phi_low_k,9
True,phi,low_k,Bcc2,press,True,0.01,0.08495322614908218,0.02365158676355607,0.07485188874933454,0.0068886532460594955,0.07707161456346512,0.00505848537112638,0.05429428070783615,-0.001380673113209988,phi_low_k,9
True,phi,low_k,Bcc2,rho,True,0.01,0.10968362540006638,-0.005705675506685825,0.09719987710316975,-0.011825424653858208,0.1009633019566536,-0.010904029565905936,0.0697244256734848,-0.0187866301621303,phi_low_k,9
True,phi,low_k,Bcc2,vel1,True,0.01,0.10593018680810928,-0.01576783406586675,0.092172395851877,-0.02211877203608764,0.09385112673044205,-0.02004433490096469,0.06317326426506042,-0.04013686756791845,phi_low_k,9
True,phi,low_k,Bcc2,vel2,True,0.01,0.19436074793338776,0.1147145185036266,0.1709002728263537,0.09815094247499462,0.1743810921907425,0.09777053429597796,0.11985308676958084,0.08619852927164885,phi_low_k,9
True,phi,low_k,Bcc2,vel3,True,0.01,0.1699746549129486,0.012056138666151338,0.14956336302889717,-0.020413679977221176,0.15089693665504456,-0.025445211903475786,0.1099187359213829,-0.041881101075979685,phi_low_k,9
True,phi,low_k,Bcc3,Bcc1,True,0.01,0.07854017615318298,0.014480380667071057,0.0686672834886445,0.0004908841457370182,0.0697602853178978,0.005434944028840499,0.048406921327114105,-0.016161695144021937,phi_low_k,9
True,phi,low_k,Bcc3,Bcc2,True,0.01,0.16168291866779327,0.026604937899322067,0.14508945246537527,0.01380058821143821,0.15054713189601898,0.013575300451778537,0.10364297032356262,-0.006113267199399663,phi_low_k,9
False,phi,low_k,Bcc3,Bcc3,False,0.01,0.22171151638031006,0.08848285418922877,0.19378513760036892,0.07938101604667146,0.2001417577266693,0.07974148212797365,0.1353234052658081,0.06962255626049024,phi_low_k,9
True,phi,low_k,Bcc3,press,True,0.01,0.08599909394979477,0.020085768236348032,0.07512470583120982,0.004121640142092982,0.07765808701515198,0.0012638901426466997,0.0533447265625,-0.004771626091495892,phi_low_k,9
True,phi,low_k,Bcc3,rho,True,0.01,0.11102879047393799,0.004773180961009798,0.09797592461109161,-0.00822975671207123,0.10164842754602432,-0.007886130821613367,0.07006685435771942,-0.02107681733177882,phi_low_k,9
True,phi,low_k,Bcc3,vel1,True,0.01,0.10820475965738297,0.012007245879723846,0.09357867058780459,0.0043057311530208635,0.09486250579357147,0.004289251183526191,0.06368867307901382,-0.004925388048856785,phi_low_k,9
True,phi,low_k,Bcc3,vel2,True,0.01,0.1955786943435669,-0.04611733175967245,0.17211001035239962,-0.05633557380424559,0.1768423318862915,-0.0577809916508464,0.11903045326471329,-0.06300801226495624,phi_low_k,9
True,phi,low_k,Bcc3,vel3,True,0.01,0.17348706722259521,0.0393912815908715,0.15090579042832056,0.030257045735159978,0.15182316303253174,0.027726766981446962,0.10945736616849899,0.018052266379012864,phi_low_k,9
True,phi,low_k,press,Bcc1,True,0.01,0.07571996003389359,0.019166865222079825,0.06604519196682507,0.012660193069212025,0.06695706397294998,0.01218796510821166,0.04609539732336998,0.006768130451599864,phi_low_k,9
True,phi,low_k,press,Bcc2,True,0.01,0.15599043667316437,0.03880395536929862,0.13947629514667723,0.02356549667658304,0.14465375244617462,0.02125219245654335,0.1003756895661354,0.012463297923659682,phi_low_k,9
True,phi,low_k,press,Bcc3,True,0.01,0.21292269229888916,0.015193213645963351,0.18351913823021782,0.009042328339824289,0.18695147335529327,0.01101503576853903,0.1280328780412674,-0.0035446882005119923,phi_low_k,9
False,phi,low_k,press,press,False,0.01,0.08305820822715759,0.028999613627664796,0.07252864953544405,0.024672299131975668,0.07435532659292221,0.02397461367665043,0.05217856168746948,0.02165686160112801,phi_low_k,9
True,phi,low_k,press,rho,True,0.01,0.10693852603435516,0.0267754260888106,0.09390274352497524,0.004958464327909837,0.09704846143722534,0.002502778348843918,0.06730096787214279,-0.0052910980339486435,phi_low_k,9
True,phi,low_k,press,vel1,True,0.01,0.10395394265651703,0.04287638052334367,0.08999325003888872,0.03787793239360296,0.09090163558721542,0.039244513202800736,0.06269422173500061,0.028362499882175367,phi_low_k,9
True,phi,low_k,press,vel2,True,0.01,0.18764087557792664,-0.01855238297041558,0.16383364217148888,-0.026156287009432847,0.1665566861629486,-0.024721852864744785,0.1155928298830986,-0.040294267174145644,phi_low_k,9
True,phi,low_k,press,vel3,True,0.01,0.1658199429512024,0.05059802731512581,0.14372925211985907,0.042974393974845974,0.14322920143604279,0.047420647427842355,0.10427585989236832,0.02110479906779713,phi_low_k,9
True,phi,low_k,rho,Bcc1,True,0.01,0.07510654628276825,0.017521967790294746,0.06586898076865408,0.004724540132251135,0.06755651533603668,0.003945957328670297,0.04531959071755409,-0.005553215415284332,phi_low_k,9
True,phi,low_k,rho,Bcc2,True,0.01,0.15394209325313568,0.005484133313789345,0.13860300017727745,-0.01239706881981839,0.14424492418766022,-0.014137306261360623,0.09810159355401993,-0.019587793215087138,phi_low_k,9
True,phi,low_k,rho,Bcc3,True,0.01,0.2065688520669937,0.03787542300879287,0.1817220946153005,0.030664681284010262,0.18867459893226624,0.032099781473629026,0.12554194033145905,0.018543655257760146,phi_low_k,9
True,phi,low_k,rho,press,True,0.01,0.08226024359464645,0.01548352141259836,0.07241091587477261,0.0059259417940928,0.07511869817972183,0.004497484005034835,0.05127262696623802,0.0012405159491668135,phi_low_k,9
False,phi,low_k,rho,rho,False,0.01,0.10644366592168808,0.0011080842471884894,0.0944103126724561,-0.008280807824002243,0.09857307374477386,-0.007131267405898666,0.06702692061662674,-0.016194491306867023,phi_low_k,9
True,phi,low_k,rho,vel1,True,0.01,0.10210075974464417,0.019690532568062483,0.08898262514008416,0.01046170285847079,0.09103059768676758,0.011332744739918722,0.06031883507966995,0.0029768987400634935,phi_low_k,9
True,phi,low_k,rho,vel2,True,0.01,0.1845065951347351,0.02590090291224876,0.1623756835858027,0.019648810955840423,0.16652043163776398,0.01984181096690525,0.11194434762001038,0.012614336017981577,phi_low_k,9
True,phi,low_k,rho,vel3,True,0.01,0.16289053857326508,0.021852948840578305,0.142842136323452,0.0077064611486581175,0.14395040273666382,0.009406404580914489,0.10256855189800262,-0.013450429968239289,phi_low_k,9
True,phi,low_k,vel1,Bcc1,True,0.01,0.07634083926677704,0.05589628145346885,0.06658418104052544,0.044986276506180284,0.06751079857349396,0.044023111835355816,0.04666280746459961,0.03359673057689014,phi_low_k,9
True,phi,low_k,vel1,Bcc2,True,0.01,0.15686161816120148,0.03462994401434886,0.140873360964987,0.023157595931255652,0.14651916921138763,0.020451489168961307,0.10214444994926453,0.010763364395243672,phi_low_k,9
True,phi,low_k,vel1,Bcc3,True,0.01,0.2147963047027588,0.01937906571937488,0.18615252441830105,0.011162874675721511,0.19049705564975739,0.01179842299296176,0.13017401099205017,-0.004782774381518202,phi_low_k,9
True,phi,low_k,vel1,press,True,0.01,0.08390937000513077,0.03646893817201188,0.07330372639828259,0.02401690340813241,0.07535861432552338,0.024054609224273774,0.05308234319090843,0.011167888336336647,phi_low_k,9
True,phi,low_k,vel1,rho,True,0.01,0.10833745449781418,0.0372088236905354,0.09501970807711284,0.019309858393087496,0.09854026138782501,0.018200460637899554,0.06854653358459473,0.010921205310169055,phi_low_k,9
False,phi,low_k,vel1,vel1,False,0.01,0.10414402186870575,0.04920210065833112,0.09042751706308788,0.034733940664258896,0.09194515645503998,0.03415252595782004,0.06274604052305222,0.022196271564943585,phi_low_k,9
True,phi,low_k,vel1,vel2,True,0.01,0.19037123024463654,-0.08045593218496111,0.166585274040699,-0.08959164824658088,0.1683962196111679,-0.08367638636571662,0.12061827629804611,-0.12169313970934782,phi_low_k,9
True,phi,low_k,vel1,vel3,True,0.01,0.16738548874855042,0.07251507652122491,0.14563401291767755,0.06444508154039172,0.14581738412380219,0.06913521708583058,0.1060691699385643,0.04260565404624354,phi_low_k,9
True,phi,low_k,vel2,Bcc1,True,0.01,0.07752405107021332,-0.02582458682561707,0.0681516242523988,-0.03921652537917856,0.06956750154495239,-0.042403910886789256,0.04778030887246132,-0.04992133344311696,phi_low_k,9
True,phi,low_k,vel2,Bcc2,True,0.01,0.16110630333423615,0.006512676840573289,0.14605933510594898,-0.004396093413806511,0.15249218046665192,-0.0020760162438620508,0.10722145438194275,-0.014130416729643998,phi_low_k,9
True,phi,low_k,vel2,Bcc3,True,0.01,0.21645143628120422,-0.008603495447725587,0.18972274826632607,-0.0206715886182975,0.1956678330898285,-0.02078122626400789,0.1326848864555359,-0.032579205498730765,phi_low_k,9
True,phi,low_k,vel2,press,True,0.01,0.0849325880408287,-0.007240750054202637,0.07492997373143832,-0.017210383089252837,0.07734233140945435,-0.01822896940428524,0.05484301969408989,-0.028607506559315165,phi_low_k,9
True,phi,low_k,vel2,rho,True,0.01,0.10986204445362091,-0.02635280808213301,0.09734032717016008,-0.029788590887586272,0.10087238997220993,-0.029508686325307763,0.07124848663806915,-0.034062058068266676,phi_low_k,9
True,phi,low_k,vel2,vel1,True,0.01,0.10696381330490112,-0.009359628583086341,0.09315284093221028,-0.02090328731145592,0.09550993144512177,-0.02043576299860787,0.06534162908792496,-0.03262598819291566,phi_low_k,9
False,phi,low_k,vel2,vel2,False,0.01,0.1982560008764267,0.19612997121521586,0.1752462238073349,0.16071851645616675,0.1786719262599945,0.1590966807935313,0.1278359442949295,0.13919733940441342,phi_low_k,9
True,phi,low_k,vel2,vel3,True,0.01,0.17040419578552246,-0.029077297007856457,0.15038046737511954,-0.03706594502860489,0.1519094854593277,-0.037621194983829924,0.10972575843334198,-0.04614594140080639,phi_low_k,9
True,phi,low_k,vel3,Bcc1,True,0.01,0.07683032751083374,-0.012156524521216417,0.06714084164963828,-0.022158922101522188,0.06822644919157028,-0.02226429245529243,0.046756863594055176,-0.03250928114976081,phi_low_k,9
True,phi,low_k,vel3,Bcc2,True,0.01,0.15866705775260925,0.03213979135551902,0.1416835511724154,0.023854025518369806,0.14679382741451263,0.02241408292588874,0.10091179609298706,0.02002380073640604,phi_low_k,9
True,phi,low_k,vel3,Bcc3,True,0.01,0.21530380845069885,0.0015048259285928025,0.18698295288615757,-0.005152825215888336,0.1919202357530594,-0.006088122371829337,0.1304371953010559,-0.010577360790593545,phi_low_k,9
True,phi,low_k,vel3,press,True,0.01,0.08411364257335663,0.03309364821304681,0.07355171690384547,0.02589376783997926,0.07557748258113861,0.024412133466416894,0.052691079676151276,0.019450649901718898,phi_low_k,9
True,phi,low_k,vel3,rho,True,0.01,0.10800125449895859,0.018174352984543733,0.09547713647286098,-0.002225885096350851,0.0992145761847496,-0.005132675122582235,0.06803539395332336,-0.011692899008494873,phi_low_k,9
True,phi,low_k,vel3,vel1,True,0.01,0.10519158095121384,0.026725366645133444,0.09108046607838736,0.022328478315126903,0.0926998183131218,0.021445182352166227,0.06232219189405441,0.017269368994940117,phi_low_k,9
True,phi,low_k,vel3,vel2,True,0.01,0.19002142548561096,0.012163779284590644,0.16587260199917686,0.006926087383653989,0.1693611592054367,0.005517051128128733,0.1163402646780014,0.004389483531437265,phi_low_k,9
False,phi,low_k,vel3,vel3,False,0.01,0.1694631278514862,0.049813278779725634,0.14755025009314218,0.042810279939790315,0.14782670140266418,0.045991166949895836,0.10723954439163208,0.029145793210442653,phi_low_k,9
False,phi,mid_k,Bcc1,Bcc1,False,0.01,0.07565303891897202,0.024414540583464407,0.065859647674693,0.014388141191803035,0.06704840064048767,0.013405158355521656,0.04584979638457298,0.005073146739930204,phi_mid_k,9
True,phi,mid_k,Bcc1,Bcc2,True,0.01,0.15452708303928375,0.040239241023179786,0.13833572301599714,0.036568396927530444,0.14370203018188477,0.039138112853607125,0.09892874956130981,0.03030513426842809,phi_mid_k,9
True,phi,mid_k,Bcc1,Bcc3,True,0.01,0.20851393043994904,-0.024701215154521016,0.17982225285636055,-0.036457250253015855,0.18390712141990662,-0.03884701468811598,0.12668059766292572,-0.04388210811964015,phi_mid_k,9
True,phi,mid_k,Bcc1,press,True,0.01,0.08301983773708344,0.04808937624529595,0.07228248193860054,0.037076382463641394,0.07421833276748657,0.03612769999737406,0.05144989490509033,0.032719945680217,phi_mid_k,9
True,phi,mid_k,Bcc1,rho,True,0.01,0.1071682870388031,0.07503136044118218,0.09439200162887573,0.04849852816286928,0.0979008823633194,0.04406373882645062,0.06714576482772827,0.0379359367910703,phi_mid_k,9
True,phi,mid_k,Bcc1,vel1,True,0.01,0.1025237962603569,0.00973239730327801,0.08865773843394385,-0.00907198267379265,0.09004214406013489,-0.009771891025120612,0.060763224959373474,-0.01790651331451022,phi_mid_k,9
True,phi,mid_k,Bcc1,vel2,True,0.01,0.18548336625099182,0.027529449615025688,0.16116892960336474,0.018359209210596708,0.1639261543750763,0.01809234821782831,0.11193279922008514,0.010179927793478932,phi_mid_k,9
True,phi,mid_k,Bcc1,vel3,True,0.01,0.16463588178157806,0.022675069483720323,0.14229166756073633,0.009915543226037634,0.14226752519607544,0.013071812355013333,0.10298486053943634,-0.015522720674286521,phi_mid_k,9
True,phi,mid_k,Bcc2,Bcc1,True,0.01,0.07653521746397018,0.02709460374414078,0.06675902133186658,0.002364359597552468,0.06781157851219177,0.002574246859734856,0.04591694474220276,-0.009414813504195851,phi_mid_k,9
False,phi,mid_k,Bcc2,Bcc2,False,0.01,0.15827514231204987,0.015940454614607486,0.1413982551958826,-0.01010412509154484,0.14704227447509766,-0.00978883856304895,0.10054247081279755,-0.027567320401353103,phi_mid_k,9
True,phi,mid_k,Bcc2,Bcc3,True,0.01,0.21180444955825806,0.007441635254955905,0.1841037240293291,0.0012624513959107837,0.18951137363910675,0.0036449645851868357,0.12586349248886108,-0.014015448161799556,phi_mid_k,9
True,phi,mid_k,Bcc2,press,True,0.01,0.08349926024675369,0.007500587538189531,0.07319291432698567,-0.001859495464476181,0.07539960741996765,-0.003928689268312543,0.0515887513756752,-0.013287670736304847,phi_mid_k,9
True,phi,mid_k,Bcc2,rho,True,0.01,0.10823271423578262,-0.018827246743398453,0.09543347193135156,-0.02346850939984799,0.09937246143817902,-0.022317781936677723,0.0678139477968216,-0.029287614152944723,phi_mid_k,9
True,phi,mid_k,Bcc2,vel1,True,0.01,0.10427356511354446,0.040280691707101295,0.09062640161977874,0.025875134860726304,0.09209170937538147,0.026066896617640445,0.06129041686654091,0.01056190543917111,phi_mid_k,9
True,phi,mid_k,Bcc2,vel2,True,0.01,0.19008490443229675,0.08001768693107326,0.16675573256280687,0.05576427550176125,0.17029587924480438,0.05286095298274868,0.11579659581184387,0.042081895281611624,phi_mid_k,9
True,phi,mid_k,Bcc2,vel3,True,0.01,0.1668868362903595,0.038524049241550076,0.14512991905212402,0.013993245999943553,0.1455618292093277,0.011531030174428226,0.1036268100142479,-0.0019656537382839187,phi_mid_k,9
True,phi,mid_k,Bcc3,Bcc1,True,0.01,0.07927042245864868,0.06262630976728174,0.06959671485755178,0.027873629412482656,0.07075811922550201,0.01831698233667257,0.04974118247628212,0.0131706879078751,phi_mid_k,9
True,phi,mid_k,Bcc3,Bcc2,True,0.01,0.1620447039604187,-0.0067225372495670465,0.14548933506011963,-0.02436821464386746,0.15104368329048157,-0.023232339098280912,0.10505997389554977,-0.04157150818667536,phi_mid_k,9
False,phi,mid_k,Bcc3,Bcc3,False,0.01,0.2214445322751999,0.11221869955298774,0.19244996209939322,0.08550873733273597,0.1967872828245163,0.08971976682067326,0.1361345797777176,0.04623758752235469,phi_mid_k,9
True,phi,mid_k,Bcc3,press,True,0.01,0.08639835566282272,-0.08766604763471793,0.07590559290515052,-0.09489493663499202,0.07836584001779556,-0.09335703738343128,0.05487605184316635,-0.11495634178635115,phi_mid_k,9
True,phi,mid_k,Bcc3,rho,True,0.01,0.11412502080202103,-0.10021579656029106,0.10081785006655587,-0.1174094516228697,0.10455667972564697,-0.11008466452817925,0.07327909767627716,-0.15395155070168293,phi_mid_k,9
True,phi,mid_k,Bcc3,vel1,True,0.01,0.10823127627372742,0.05719888837032016,0.09370919482575522,0.03836284664115507,0.09473691880702972,0.041707177927838776,0.06415919959545135,0.003323797759858899,phi_mid_k,9
True,phi,mid_k,Bcc3,vel2,True,0.01,0.19669127464294434,-0.05823109936923073,0.17307133972644806,-0.07401151712855397,0.17752686142921448,-0.07359889139249451,0.12455573678016663,-0.09350626200464304,phi_mid_k,9
True,phi,mid_k,Bcc3,vel3,True,0.01,0.17349541187286377,-0.04139152574559419,0.15178567585017946,-0.06633149119131891,0.15279372036457062,-0.0561756790999797,0.1116199865937233,-0.10124749765912418,phi_mid_k,9
True,phi,mid_k,press,Bcc1,True,0.01,0.075572170317173,0.020121702284910784,0.0656554140150547,0.014562488506926112,0.06644965708255768,0.015479970774820148,0.045803576707839966,0.0070181827246168825,phi_mid_k,9
True,phi,mid_k,press,Bcc2,True,0.01,0.1537095010280609,0.02652410828541206,0.1373744159936905,0.019508614227186215,0.14265833795070648,0.019615834994752855,0.09835173934698105,0.01052680079509364,phi_mid_k,9
True,phi,mid_k,press,Bcc3,True,0.01,0.20796146988868713,0.012176969453075458,0.1796131647295422,0.0011678899400234604,0.18352501094341278,0.0003596462859318236,0.12673671543598175,-0.011943400535869375,phi_mid_k,9
False,phi,mid_k,press,press,False,0.01,0.082862488925457,0.01614539999705782,0.07205669499105877,0.008051386271343004,0.07379278540611267,0.006573732157206186,0.051576223224401474,0.0031317344819916217,phi_mid_k,9
True,phi,mid_k,press,rho,True,0.01,0.10716291517019272,-0.005980728886338105,0.09383582654926512,-0.01189903884710561,0.09710341691970825,-0.01300954427081211,0.06730000674724579,-0.019241565573944634,phi_mid_k,9
True,phi,mid_k,press,vel1,True,0.01,0.10254520922899246,0.013687967458089964,0.08859485594762696,0.005091850315747604,0.0894361063838005,0.00455080749244323,0.06138847395777702,-0.0036195541197239717,phi_mid_k,9
True,phi,mid_k,press,vel2,True,0.01,0.18643495440483093,-0.064922152388618,0.16158190286821789,-0.07611328818802485,0.16314105689525604,-0.07408235907533117,0.11357713490724564,-0.099103915060497,phi_mid_k,9
True,phi,mid_k,press,vel3,True,0.01,0.1639823615550995,0.028848053607973125,0.1414959786666764,0.017719488499387856,0.1407678723335266,0.015110535101054449,0.10386685281991959,0.004509086898850865,phi_mid_k,9
True,phi,mid_k,rho,Bcc1,True,0.01,0.07548027485609055,0.040132486844480425,0.0660854470398691,0.018214392160656807,0.06739628314971924,0.019703494156839144,0.045265719294548035,-0.0008074728773839722,phi_mid_k,9
True,phi,mid_k,rho,Bcc2,True,0.01,0.1534375250339508,0.001859899926416376,0.13782338384124967,-0.012307670204005916,0.14429789781570435,-0.014199453109219539,0.09631086885929108,-0.023640098136197905,phi_mid_k,9
True,phi,mid_k,rho,Bcc3,True,0.01,0.20681247115135193,0.046056561723843786,0.17987769262658226,0.02346392745438553,0.185261070728302,0.02569270058423996,0.1224391832947731,-0.0013712252426976278,phi_mid_k,9
True,phi,mid_k,rho,press,True,0.01,0.08227401226758957,-0.015840165389117318,0.07232020629776849,-0.026320862887836964,0.07504691928625107,-0.027603797202178728,0.05087985098361969,-0.033977994430021266,phi_mid_k,9
False,phi,mid_k,rho,rho,False,0.01,0.10760164260864258,-0.029279686406897407,0.09538647118541929,-0.03881166716045374,0.0996457114815712,-0.040127003281793014,0.0672881230711937,-0.04863791177076663,phi_mid_k,9
True,phi,mid_k,rho,vel1,True,0.01,0.1021549329161644,0.03009437590158049,0.08886242243978712,0.020249279689781376,0.09063400328159332,0.020827356914950263,0.059716030955314636,0.0009105153067788284,phi_mid_k,9
True,phi,mid_k,rho,vel2,True,0.01,0.1839977502822876,0.027682342359790373,0.16140085541539723,0.007440643468795981,0.16482093930244446,0.01517314401540453,0.11070341616868973,-0.014310229772236206,phi_mid_k,9
True,phi,mid_k,rho,vel3,True,0.01,0.16310586035251617,-0.02255556994965395,0.14213310347663033,-0.036765853607877146,0.14296095073223114,-0.028318369455715996,0.10073472559452057,-0.059201469186503104,phi_mid_k,9
True,phi,mid_k,vel1,Bcc1,True,0.01,0.07544413208961487,0.03618941432624848,0.0655550207528803,0.027464771330493007,0.06640084087848663,0.027112266236487166,0.04537248983979225,0.01294546541469409,phi_mid_k,9
True,phi,mid_k,vel1,Bcc2,True,0.01,0.15408067405223846,0.03385220322401498,0.1370502213637034,0.02100138291287377,0.14262548089027405,0.01825720679509493,0.09738440811634064,0.007698246666204392,phi_mid_k,9
True,phi,mid_k,vel1,Bcc3,True,0.01,0.20848219096660614,0.014734073246411133,0.17953840063677895,0.003924407017809194,0.1839473396539688,0.002965872607529868,0.12426699697971344,-0.008567566555117126,phi_mid_k,9
True,phi,mid_k,vel1,press,True,0.01,0.08310019224882126,0.020640238443039298,0.07205273086826007,0.010778286873525465,0.074042409658432,0.007305733286633346,0.0512060709297657,0.0014863837099774013,phi_mid_k,9
True,phi,mid_k,vel1,rho,True,0.01,0.10743514448404312,0.015046625306337632,0.09375223186280993,0.007756143489962318,0.09700125455856323,0.0072009150903658255,0.06691989302635193,0.001424093441218747,phi_mid_k,9
False,phi,mid_k,vel1,vel1,False,0.01,0.10282588750123978,0.03106978828663161,0.08858895839916335,0.003453452961437375,0.08974849432706833,0.004623961749234983,0.06055167689919472,-0.010537727680455997,phi_mid_k,9
True,phi,mid_k,vel1,vel2,True,0.01,0.18786710500717163,-0.0995406277554752,0.16335547963778177,-0.11057134069319896,0.1650756299495697,-0.1086191391046556,0.1140022873878479,-0.13431493406952436,phi_mid_k,9
True,phi,mid_k,vel1,vel3,True,0.01,0.16406771540641785,0.04209006525674321,0.14172323213683236,0.02371754545651,0.14121128618717194,0.022340353735525124,0.10246234387159348,-0.0018692155595729926,phi_mid_k,9
True,phi,mid_k,vel2,Bcc1,True,0.01,0.07684475183486938,0.01817230788077057,0.06694743285576503,0.00419506704935339,0.06805694103240967,0.008102016129694413,0.046535804867744446,-0.013608647048915418,phi_mid_k,9
True,phi,mid_k,vel2,Bcc2,True,0.01,0.1576925665140152,0.01633420511289259,0.1406692225072119,0.0044161676726152755,0.14596329629421234,0.004055617474344921,0.10098446905612946,-0.012361121403849519,phi_mid_k,9
True,phi,mid_k,vel2,Bcc3,True,0.01,0.21375897526741028,-0.008850633183920974,0.18421559035778046,-0.028071219402122958,0.18860897421836853,-0.026290522402117524,0.12807147204875946,-0.05131741601387734,phi_mid_k,9
True,phi,mid_k,vel2,press,True,0.01,0.08401724696159363,0.009683699541088029,0.07352946533097161,-0.0005980182323550545,0.07574024796485901,-0.0009707564210132626,0.05316903442144394,-0.010659176857805295,phi_mid_k,9
True,phi,mid_k,vel2,rho,True,0.01,0.10877881199121475,0.006914983653548263,0.09571849803129832,-0.006034730016856045,0.09916970133781433,-0.0032847379589206298,0.06894881278276443,-0.019414875654423337,phi_mid_k,9
True,phi,mid_k,vel2,vel1,True,0.01,0.10538024455308914,0.008258744589705417,0.09112203452322218,-0.005708082798990693,0.09218134731054306,-0.013108257746915533,0.06319312751293182,-0.02118511268631,phi_mid_k,9
False,phi,mid_k,vel2,vel2,False,0.01,0.19475972652435303,0.17509556412790214,0.16873601078987122,0.1396592546250167,0.17054864764213562,0.14379297638565172,0.12094394862651825,0.1166996138860527,phi_mid_k,9
True,phi,mid_k,vel2,vel3,True,0.01,0.16864125430583954,0.004461637949469096,0.14579718559980392,-0.008984559781364684,0.14566311240196228,-0.010059232783661878,0.10552296787500381,-0.02249336044564312,phi_mid_k,9
True,phi,mid_k,vel3,Bcc1,True,0.01,0.07682602107524872,-0.015763616304170266,0.06703189512093861,-0.021721369923129452,0.06793420761823654,-0.022588563492335935,0.046568043529987335,-0.02695983474497497,phi_mid_k,9
True,phi,mid_k,vel3,Bcc2,True,0.01,0.15817326307296753,0.0027703433531333856,0.14127182960510254,-0.005025944234725518,0.14636051654815674,-0.0021320089028154456,0.10139650106430054,-0.022730391322211503,phi_mid_k,9
True,phi,mid_k,vel3,Bcc3,True,0.01,0.21312285959720612,0.03366259791861514,0.18454288939634958,0.027831029568139758,0.18885354697704315,0.027142218417902784,0.1290227174758911,0.015216885641524326,phi_mid_k,9
True,phi,mid_k,vel3,press,True,0.01,0.08398059010505676,0.028555142474514635,0.07362064884768592,0.018572275180578558,0.07580123841762543,0.017443600381437614,0.05249845236539841,0.01001389693434771,phi_mid_k,9
True,phi,mid_k,vel3,rho,True,0.01,0.10920876264572144,-0.03718904540929163,0.09662337518400615,-0.04155368490143998,0.10045469552278519,-0.04150166283247767,0.06908762454986572,-0.04738307993812023,phi_mid_k,9
True,phi,mid_k,vel3,vel1,True,0.01,0.10447100549936295,0.01968585771196936,0.090622675501638,-0.0026370594626935365,0.0920853242278099,-0.00274703639552553,0.06187849119305611,-0.014435979763573605,phi_mid_k,9
True,phi,mid_k,vel3,vel2,True,0.01,0.1898120641708374,-0.08139163252968645,0.16531893528170055,-0.09219411209200858,0.16784028708934784,-0.0872255283749061,0.11590758711099625,-0.1179787753348882,phi_mid_k,9
False,phi,mid_k,vel3,vel3,False,0.01,0.1695002019405365,0.08625323483357694,0.14711697813537386,0.08131199416676962,0.14667662978172302,0.08450255454479165,0.10718634724617004,0.07010351226261663,phi_mid_k,9
False,r,high_k,Bcc1,Bcc1,False,0.01,0.11484851688146591,0.11076165779439201,0.10358739892641704,0.036147088876324465,0.10351305454969406,0.05356251464311691,0.08605422079563141,-0.03435586311969805,r_high_k,9
True,r,high_k,Bcc1,Bcc2,True,0.01,0.31407639384269714,-0.01725960365249847,0.27759958803653717,-0.0668362766427048,0.27612918615341187,-0.0486461826767906,0.24227510392665863,-0.13872977413294402,r_high_k,9
True,r,high_k,Bcc1,Bcc3,True,0.01,0.35137972235679626,0.07159989266375909,0.31014829211764866,0.007821151694054267,0.3029908835887909,-0.004888914840360161,0.2560386657714844,-0.04365606057997568,r_high_k,9
True,r,high_k,Bcc1,press,True,0.01,0.13535229861736298,0.42129182314001207,0.1238683056500223,0.1710439003463141,0.12253885716199875,0.14538590904211543,0.10796776413917542,0.057868479204867304,r_high_k,9
True,r,high_k,Bcc1,rho,True,0.01,0.19976316392421722,0.36594306554120354,0.1831098364459144,0.01674268798871828,0.1888505518436432,0.006997505972953642,0.15627697110176086,-0.17344233883468738,r_high_k,9
True,r,high_k,Bcc1,vel1,True,0.01,0.19866852462291718,0.09667194047989325,0.17491964333587223,-0.01814123861538734,0.1756453961133957,-0.05647510877173664,0.14910106360912323,-0.1158564517306086,r_high_k,9
True,r,high_k,Bcc1,vel2,True,0.01,0.35926851630210876,0.3911529341594271,0.3092051131857766,0.27722482624062894,0.305993914604187,0.278217144521897,0.24806003272533417,0.13758850955079804,r_high_k,9
True,r,high_k,Bcc1,vel3,True,0.01,0.3449358344078064,0.30196612023865443,0.3060080541504754,0.17729698294119733,0.30587735772132874,0.16592596570352428,0.2552887201309204,0.035079725995128694,r_high_k,9
True,r,high_k,Bcc2,Bcc1,True,0.01,0.1907072365283966,0.31807266744160434,0.15331010768810907,0.25704983872868525,0.149423286318779,0.2649830089068815,0.1153673455119133,0.1524128330436207,r_high_k,9
False,r,high_k,Bcc2,Bcc2,False,0.01,0.6078649759292603,0.36611668947431303,0.5160331295596229,0.3492980450234483,0.48335742950439453,0.3504918585956036,0.4481208920478821,0.33278045739355644,r_high_k,9
True,r,high_k,Bcc2,Bcc3,True,0.01,0.5007762312889099,-0.10788389505533623,0.42057186033990646,-0.1950065839522209,0.4205627143383026,-0.2131357261070998,0.30110761523246765,-0.26385957770469326,r_high_k,9
True,r,high_k,Bcc2,press,True,0.01,0.19963574409484863,0.22356962994933458,0.1777510709232754,0.13812429606387297,0.1768452376127243,0.17092390678041441,0.14675472676753998,0.038372991074569485,r_high_k,9
True,r,high_k,Bcc2,rho,True,0.01,0.3328374922275543,0.015746133424725146,0.3022293382220798,-0.04179433510408588,0.3022049069404602,-0.0276198952366357,0.25347602367401123,-0.08587818621063888,r_high_k,9
True,r,high_k,Bcc2,vel1,True,0.01,0.30198633670806885,0.07058830047898813,0.24411527812480927,-0.01362154965435562,0.226561039686203,0.0007905077018425515,0.19372370839118958,-0.10727458148955321,r_high_k,9
True,r,high_k,Bcc2,vel2,True,0.01,0.5699331164360046,-0.011313185278438987,0.4576578239599864,-0.07858830329637466,0.4389468729496002,-0.09554314038477695,0.3371272683143616,-0.12387336039797311,r_high_k,9
True,r,high_k,Bcc2,vel3,True,0.01,0.45730409026145935,0.09095053996551515,0.40131403340233696,-0.009346888275965535,0.3940107524394989,0.01751015525813383,0.34399476647377014,-0.08872887750368695,r_high_k,9
True,r,high_k,Bcc3,Bcc1,True,0.01,0.18711800873279572,-0.010720326277769468,0.168572175833914,-0.07751636614693273,0.16240526735782623,-0.08976221369009323,0.15050877630710602,-0.11493821885890906,r_high_k,9
True,r,high_k,Bcc3,Bcc2,True,0.01,0.580535352230072,0.2484662317375597,0.4899832473860847,0.07270087510730383,0.47214946150779724,0.08954860463043182,0.43186450004577637,-0.049562817562151626,r_high_k,9
False,r,high_k,Bcc3,Bcc3,False,0.01,0.6277770400047302,0.2872001055037305,0.5205575757556491,0.14645950030752308,0.513982355594635,0.1162415429192366,0.3970162570476532,0.04601765430798549,r_high_k,9
True,r,high_k,Bcc3,press,True,0.01,0.20548515021800995,0.15554124285272883,0.19364291926225027,0.08793681683416438,0.19230709969997406,0.1099697087166735,0.17639610171318054,-0.07377050971909355,r_high_k,9
True,r,high_k,Bcc3,rho,True,0.01,0.3426106572151184,0.0069470710647555655,0.30225065019395614,-0.124423508096207,0.2980356216430664,-0.15575057540836373,0.27865228056907654,-0.28250767958933304,r_high_k,9
True,r,high_k,Bcc3,vel1,True,0.01,0.3766650855541229,0.23084174831161652,0.30921095278528,0.12960654887468254,0.29352501034736633,0.10914407543133799,0.25222763419151306,0.004299374993900773,r_high_k,9
True,r,high_k,Bcc3,vel2,True,0.01,0.614876925945282,0.20597040816465012,0.5099506245719062,0.08172660515493907,0.4907006025314331,0.07521387663921723,0.4167967736721039,-0.02828899221446173,r_high_k,9
True,r,high_k,Bcc3,vel3,True,0.01,0.5845105648040771,0.0926717677265586,0.4831986261738671,-0.031210096333846787,0.45599618554115295,-0.011385309364811044,0.3966097831726074,-0.15100852735107254,r_high_k,9
True,r,high_k,press,Bcc1,True,0.01,0.1503998041152954,-0.030731777849143903,0.12824583633078468,-0.127831761163307,0.12651550769805908,-0.06618231383498395,0.11092221736907959,-0.2669974232496503,r_high_k,9
True,r,high_k,press,Bcc2,True,0.01,0.47458702325820923,-0.13633021863376577,0.3865065210395389,-0.20897688160694336,0.3625074028968811,-0.20644376919962037,0.32876715064048767,-0.2709765281130208,r_high_k,9
True,r,high_k,press,Bcc3,True,0.01,0.4596695899963379,0.10312335075844534,0.3636285165945689,0.0004152479201167187,0.3430086374282837,0.07507699786935279,0.27337074279785156,-0.12369944739359773,r_high_k,9
False,r,high_k,press,press,False,0.01,0.16696499288082123,0.38214796672522516,0.1476127654314041,0.28615212685902036,0.14610718190670013,0.2750568419844235,0.13465110957622528,0.24987787953106502,r_high_k,9
True,r,high_k,press,rho,True,0.01,0.23265498876571655,0.1769743301302957,0.21300472815831503,-0.01588078224334055,0.21405169367790222,-0.009456695346159151,0.1858576089143753,-0.13652202381467213,r_high_k,9
True,r,high_k,press,vel1,True,0.01,0.26188406348228455,0.0703835689973746,0.22036633061038124,-0.0021394161292988424,0.20368731021881104,-0.013388073522343086,0.18465682864189148,-0.06519916190653674,r_high_k,9
True,r,high_k,press,vel2,True,0.01,0.466269850730896,0.24169326947939526,0.36373235781987506,0.15482085668783774,0.33171650767326355,0.15074956303399942,0.289519727230072,0.032755117061271405,r_high_k,9
True,r,high_k,press,vel3,True,0.01,0.4548420310020447,0.4016303692240093,0.3850320776303609,0.31250179724414945,0.36262550950050354,0.3138983094086061,0.3355858623981476,0.22582054459576742,r_high_k,9
True,r,high_k,rho,Bcc1,True,0.01,0.1187790185213089,0.034877463676632366,0.11047732912831837,-0.04937402640125824,0.11104326695203781,-0.04132275285860784,0.10079655051231384,-0.12845404537606225,r_high_k,9
True,r,high_k,rho,Bcc2,True,0.01,0.3174133002758026,0.06372848073772662,0.3052900731563568,-0.06778474524871742,0.3098050355911255,-0.05561735087515821,0.2876754701137543,-0.17609866233230323,r_high_k,9
True,r,high_k,rho,Bcc3,True,0.01,0.3543529808521271,0.11296222147494976,0.3074149522516463,-0.019020590298204618,0.31420427560806274,-0.020185128915364437,0.23805657029151917,-0.11424152005578118,r_high_k,9
True,r,high_k,rho,press,True,0.01,0.13388538360595703,0.34521683786110724,0.12703601188129848,0.2650312700524801,0.12731732428073883,0.2702132858936775,0.11658243089914322,0.19180638957191318,r_high_k,9
False,r,high_k,rho,rho,False,0.01,0.23092015087604523,0.391050950372876,0.2118643538819419,0.2571682045183034,0.21902158856391907,0.20887050095690868,0.1674729436635971,0.146334673465562,r_high_k,9
True,r,high_k,rho,vel1,True,0.01,0.20687536895275116,-0.08620512125698944,0.1870393372244305,-0.1859797087274564,0.18913088738918304,-0.13521165971363697,0.14809918403625488,-0.3161918127276419,r_high_k,9
True,r,high_k,rho,vel2,True,0.01,0.4138610064983368,0.1067650746973072,0.3303256697124905,-0.0282994918609822,0.31095752120018005,-0.01406208954183176,0.2541855573654175,-0.16511237587589392,r_high_k,9
True,r,high_k,rho,vel3,True,0.01,0.31876569986343384,0.11318003336281227,0.2967732350031535,-0.051701848062772636,0.2974724769592285,-0.015549574782922132,0.25716733932495117,-0.22258744931341168,r_high_k,9
True,r,high_k,vel1,Bcc1,True,0.01,0.13504379987716675,0.06070071682945886,0.10814926276604335,0.0013407571945194224,0.10212928801774979,0.01449669095882636,0.08069157600402832,-0.07894065944295665,r_high_k,9
True,r,high_k,vel1,Bcc2,True,0.01,0.4043090343475342,-0.042557247324281615,0.32101332147916156,-0.1672247562760615,0.2802753150463104,-0.17602780974930365,0.2735658586025238,-0.2740665933183258,r_high_k,9
True,r,high_k,vel1,Bcc3,True,0.01,0.4287923276424408,-0.07596635305534472,0.322232272889879,-0.13471856640672167,0.298515260219574,-0.12963108849656574,0.2146400809288025,-0.18356825365626095,r_high_k,9
True,r,high_k,vel1,press,True,0.01,0.15002061426639557,0.26197059375432424,0.12153804964489406,0.20689451142289414,0.11721744388341904,0.20668378754003264,0.10404718667268753,0.16881144544498272,r_high_k,9
True,r,high_k,vel1,rho,True,0.01,0.19587552547454834,-0.028057923584724326,0.1596956600745519,-0.11114499725415662,0.15775316953659058,-0.05836297057930977,0.13448885083198547,-0.23939992557549744,r_high_k,9
False,r,high_k,vel1,vel1,False,0.01,0.24270030856132507,0.07991953255919276,0.19160344534450108,0.02649325471620513,0.17015361785888672,0.023830186948739913,0.1511082649230957,0.0021096331196755894,r_high_k,9
True,r,high_k,vel1,vel2,True,0.01,0.4383831322193146,0.1293172360810702,0.3203522115945816,0.03175562459212548,0.26989635825157166,0.04654473371416575,0.2300952523946762,-0.15160748567058632,r_high_k,9
True,r,high_k,vel1,vel3,True,0.01,0.40675652027130127,0.42224260769816213,0.3180028663741218,0.3362080299624204,0.29821738600730896,0.31843899607091647,0.22736802697181702,0.23385752515824448,r_high_k,9
True,r,high_k,vel2,Bcc1,True,0.01,0.15707717835903168,0.08047201410997683,0.13453738225830925,0.01344069479214729,0.13400430977344513,0.0019025888514540331,0.10943533480167389,-0.034640226867961074,r_high_k,9
True,r,high_k,vel2,Bcc2,True,0.01,0.5183844566345215,0.2747656606077856,0.4406759374671512,0.1258804282860879,0.40196332335472107,0.14685674033348114,0.3804084062576294,-0.018019927091028492,r_high_k,9
True,r,high_k,vel2,Bcc3,True,0.01,0.4996202886104584,0.22173964300900897,0.396062927113639,0.17205300242808128,0.39687207341194153,0.18973597930922784,0.2964841425418854,0.11026050790610412,r_high_k,9
True,r,high_k,vel2,press,True,0.01,0.2008989155292511,-0.09648067888412183,0.16873058180014291,-0.2029396490808657,0.16641338169574738,-0.21587774148807296,0.13621670007705688,-0.2605639664271948,r_high_k,9
True,r,high_k,vel2,rho,True,0.01,0.26265987753868103,0.2857618884986094,0.24021111097600725,0.1207332598270468,0.24510888755321503,0.13581755892144318,0.21219263970851898,-0.0465396349003139,r_high_k,9
True,r,high_k,vel2,vel1,True,0.01,0.27299943566322327,-0.004693540504260873,0.24425151116318172,-0.07192052388920002,0.2467707246541977,-0.06892165949915773,0.19399291276931763,-0.19905783869262728,r_high_k,9
False,r,high_k,vel2,vel2,False,0.01,0.49922269582748413,0.26439885729262574,0.40451298157374066,0.11609382337148198,0.3830864727497101,0.08760867638565337,0.3279966115951538,0.05231984894006902,r_high_k,9
True,r,high_k,vel2,vel3,True,0.01,0.5429441332817078,-0.24432761648810858,0.4369509485032823,-0.3293997561038421,0.40001121163368225,-0.33556343167483094,0.336396723985672,-0.4218696314075981,r_high_k,9
True,r,high_k,vel3,Bcc1,True,0.01,0.2022569328546524,0.022140318568986534,0.1839783572488361,-0.131934340188782,0.18543364107608795,-0.12158079943324648,0.1612698882818222,-0.28630655001425065,r_high_k,9
True,r,high_k,vel3,Bcc2,True,0.01,0.6289855241775513,-0.10600165119381966,0.5523055063353645,-0.2102447659408721,0.5579856038093567,-0.2101920269094318,0.44814980030059814,-0.2731178235551009,r_high_k,9
True,r,high_k,vel3,Bcc3,True,0.01,0.6596097350120544,0.2764510498869259,0.5513149135642581,0.17650242294382484,0.5641154050827026,0.1632568472731793,0.42241257429122925,0.0663027192303504,r_high_k,9
True,r,high_k,vel3,press,True,0.01,0.24289411306381226,0.09289779235339289,0.22439247369766235,0.016644511514136883,0.22820259630680084,0.029198291097099975,0.1914215236902237,-0.0626315547768615,r_high_k,9
True,r,high_k,vel3,rho,True,0.01,0.3683800995349884,-0.03837987779444262,0.33842770589722526,-0.2584384161896577,0.3486231565475464,-0.2832886837941622,0.2686619460582733,-0.3385664899578305,r_high_k,9
True,r,high_k,vel3,vel1,True,0.01,0.37280604243278503,0.17257892715640494,0.3320378628042009,0.050073190847907276,0.3274783194065094,0.005655512189195667,0.27757135033607483,-0.04036229481331553,r_high_k,9
True,r,high_k,vel3,vel2,True,0.01,0.6236209273338318,0.34305931601433154,0.5364421076244779,0.24617438245683976,0.551867663860321,0.2606651512445964,0.4141794741153717,0.07951620942254906,r_high_k,9
False,r,high_k,vel3,vel3,False,0.01,0.752854585647583,0.4971541161489683,0.6542023486561246,0.4447913583693724,0.6467273235321045,0.46520671149248166,0.5478042364120483,0.2910686506364092,r_high_k,9
False,r,low_k,Bcc1,Bcc1,False,0.01,0.08150395005941391,0.19866236980529942,0.07291530900531346,0.1480624894302296,0.07535569369792938,0.14264599011570822,0.05434152111411095,0.11321881731107257,r_low_k,9
True,r,low_k,Bcc1,Bcc2,True,0.01,0.1847669929265976,0.31958504563447326,0.1675887339644962,0.26357843527424624,0.17411020398139954,0.2677741341655437,0.12755046784877777,0.19561222884991547,r_low_k,9
True,r,low_k,Bcc1,Bcc3,True,0.01,0.22940880060195923,-0.07202843489378062,0.2051896337005827,-0.09710579427929097,0.21077440679073334,-0.09951207730925155,0.15282833576202393,-0.11517575591251059,r_low_k,9
True,r,low_k,Bcc1,press,True,0.01,0.09020323306322098,0.21026094542324722,0.08014092180464003,0.1391492779822988,0.08256691694259644,0.17432186097178745,0.05980794131755829,0.047462330570898124,r_low_k,9
True,r,low_k,Bcc1,rho,True,0.01,0.116735078394413,0.16610627941175776,0.10535363521840838,0.1299006651228094,0.10975848138332367,0.12482426935532202,0.0787588581442833,0.10741740208652863,r_low_k,9
True,r,low_k,Bcc1,vel1,True,0.01,0.111754409968853,0.09951219625124988,0.09966353078683217,0.020236458418443973,0.10227277874946594,0.005191515604325794,0.07408639043569565,-0.05816941701099028,r_low_k,9
True,r,low_k,Bcc1,vel2,True,0.01,0.20543232560157776,0.12843273251758278,0.18554165297084385,0.06991495225817367,0.19025593996047974,0.08646122208077156,0.14075349271297455,0.0021580163284300254,r_low_k,9
True,r,low_k,Bcc1,vel3,True,0.01,0.18560804426670074,0.20771094372053028,0.165871305598153,0.12191991275362407,0.1684926152229309,0.16993390351065946,0.13132894039154053,0.02048479257165345,r_low_k,9
True,r,low_k,Bcc2,Bcc1,True,0.01,0.09450823068618774,0.14432334238149966,0.0864548600382275,0.11374850678568088,0.08793413639068604,0.11451178552731645,0.0687686875462532,0.08242917258925186,r_low_k,9
False,r,low_k,Bcc2,Bcc2,False,0.01,0.2725277543067932,0.5400024303700326,0.2524357620212767,0.47522277964022763,0.25572049617767334,0.4971984419435666,0.2226862758398056,0.4059218204223846,r_low_k,9
True,r,low_k,Bcc2,Bcc3,True,0.01,0.2855511009693146,-0.004210018579289633,0.2573789606491725,-0.025476378276899008,0.2621922492980957,-0.032678207258252295,0.19331449270248413,-0.04129127244362035,r_low_k,9
True,r,low_k,Bcc2,press,True,0.01,0.10180946439504623,0.036432355618366746,0.0956993078192075,-0.035515576508597484,0.10074694454669952,-0.03519584048197379,0.07752743363380432,-0.08101234957826468,r_low_k,9
True,r,low_k,Bcc2,rho,True,0.01,0.13730816543102264,0.18371268586769088,0.12641709711816576,0.1559948818139069,0.13026244938373566,0.16062203843374073,0.10082532465457916,0.09668699882967753,r_low_k,9
True,r,low_k,Bcc2,vel1,True,0.01,0.13845054805278778,-0.1549486674602458,0.12864109790987438,-0.22859666794293776,0.13249626755714417,-0.2337361287281126,0.10341284424066544,-0.2793634863622187,r_low_k,9
True,r,low_k,Bcc2,vel2,True,0.01,0.257091224193573,0.022203725320602,0.2382194979323281,-0.017336451409312035,0.23913535475730896,-0.004375593120695645,0.20254313945770264,-0.05750378499440663,r_low_k,9
True,r,low_k,Bcc2,vel3,True,0.01,0.26181450486183167,-0.35496669016147414,0.24125596549775866,-0.48065422356447013,0.25163349509239197,-0.4917714605388936,0.18160681426525116,-0.5288550620469352,r_low_k,9
True,r,low_k,Bcc3,Bcc1,True,0.01,0.09994816780090332,-0.015514886906919332,0.09002271211809582,-0.05329779670480985,0.09235566854476929,-0.055969419384487754,0.07057671248912811,-0.07621097137830406,r_low_k,9
True,r,low_k,Bcc3,Bcc2,True,0.01,0.2537999153137207,0.013360559331808405,0.24276113510131836,-0.0445618619390646,0.2454545795917511,-0.05534223941061013,0.21976101398468018,-0.09989738857164314,r_low_k,9
False,r,low_k,Bcc3,Bcc3,False,0.01,0.31017887592315674,0.16416724702712213,0.2704254786173503,0.14780830715726795,0.2751716673374176,0.15045583191706483,0.2079252004623413,0.12089428815495736,r_low_k,9
True,r,low_k,Bcc3,press,True,0.01,0.11554538458585739,-0.16719179435551937,0.10688878926965925,-0.21030578617957796,0.10792464762926102,-0.1952827918195788,0.09202834963798523,-0.29643484060331826,r_low_k,9
True,r,low_k,Bcc3,rho,True,0.01,0.1392555832862854,0.12178204529375934,0.12967045853535333,0.08979238338881719,0.13631203770637512,0.09594740515645862,0.10297323763370514,0.047882003654966504,r_low_k,9
True,r,low_k,Bcc3,vel1,True,0.01,0.13660778105258942,-0.05167934440785933,0.12183053460386065,-0.08193078224946394,0.12295559793710709,-0.07291896194691545,0.09188323467969894,-0.1375794060455581,r_low_k,9
True,r,low_k,Bcc3,vel2,True,0.01,0.3038192391395569,-0.16978045760398766,0.2663050823741489,-0.21305346440910838,0.2633058726787567,-0.21756657765536716,0.21309639513492584,-0.2404675277856594,r_low_k,9
True,r,low_k,Bcc3,vel3,True,0.01,0.2562888264656067,-0.14212083522898486,0.23502069380548266,-0.23217908167594936,0.23577985167503357,-0.2662524058268827,0.2077208012342453,-0.29012788957729435,r_low_k,9
True,r,low_k,press,Bcc1,True,0.01,0.08680231869220734,0.12087492405909112,0.07677069885863198,0.0989388215652367,0.0781482458114624,0.10190550081911857,0.05952569842338562,0.07618208551557851,r_low_k,9
True,r,low_k,press,Bcc2,True,0.01,0.19666124880313873,0.10406369677466581,0.17230193151368034,0.0722515311458593,0.17491956055164337,0.08128319565003646,0.13969852030277252,0.02460778162882043,r_low_k,9
True,r,low_k,press,Bcc3,True,0.01,0.2742283344268799,0.003195265881528525,0.23281884690125784,-0.020148799862621098,0.2319207787513733,-0.009483591102233659,0.18050627410411835,-0.06765228923029001,r_low_k,9
False,r,low_k,press,press,False,0.01,0.099721759557724,0.30578527894588464,0.0878695539302296,0.24844360430620283,0.0892631933093071,0.24954395185570694,0.07078598439693451,0.22229918741867769,r_low_k,9
True,r,low_k,press,rho,True,0.01,0.12370438128709793,0.005954906825063092,0.10871197283267975,-0.018025676633377865,0.11182327568531036,-0.021115571236273552,0.08340726047754288,-0.03946770650329821,r_low_k,9
True,r,low_k,press,vel1,True,0.01,0.12966527044773102,0.49054825610094716,0.11440064675278133,0.396822610898317,0.1143278107047081,0.39315863239219934,0.09273435175418854,0.349463467052147,r_low_k,9
True,r,low_k,press,vel2,True,0.01,0.23618488013744354,0.2006917559836873,0.1995363881190618,0.11735641785254959,0.1997554451227188,0.12449917817739162,0.15132488310337067,0.0565451121090616,r_low_k,9
True,r,low_k,press,vel3,True,0.01,0.2381581962108612,0.5569273954740652,0.20790903766949972,0.5113806192923049,0.21299852430820465,0.5100204048749086,0.17341305315494537,0.4436754247481803,r_low_k,9
True,r,low_k,rho,Bcc1,True,0.01,0.08027128130197525,-0.016067543011158897,0.07308711152937677,-0.03262049662129735,0.07612750679254532,-0.03388123223064552,0.05169035866856575,-0.04263868501341698,r_low_k,9
True,r,low_k,rho,Bcc2,True,0.01,0.18286404013633728,-0.06764804296983917,0.1709175705909729,-0.1115582821385696,0.17744092643260956,-0.10554827535225683,0.13876128196716309,-0.1485891337458233,r_low_k,9
True,r,low_k,rho,Bcc3,True,0.01,0.2326129525899887,0.04597374848626324,0.20848856700791252,0.022197725981472665,0.21460667252540588,0.02705073878806952,0.1528180092573166,-0.015006731645002602,r_low_k,9
True,r,low_k,rho,press,True,0.01,0.08937227725982666,0.008982042418964086,0.08111999349461661,-0.056428985124806125,0.08381281048059464,-0.0693516967759882,0.06048929691314697,-0.12182750188575063,r_low_k,9
False,r,low_k,rho,rho,False,0.01,0.1152903363108635,0.14673401796128321,0.10606275664435492,0.11149888072020286,0.11076018959283829,0.12310565155658804,0.07947584241628647,0.0731124276308532,r_low_k,9
True,r,low_k,rho,vel1,True,0.01,0.11102587729692459,-0.01588544788248799,0.10005944967269897,-0.11499583861180912,0.10289286822080612,-0.1504191371925959,0.07514572888612747,-0.19071455189923112,r_low_k,9
True,r,low_k,rho,vel2,True,0.01,0.21282339096069336,-0.002405955278181618,0.1922854632139206,-0.044728392585529415,0.19780457019805908,-0.05187013085874242,0.14065513014793396,-0.08330940655330153,r_low_k,9
True,r,low_k,rho,vel3,True,0.01,0.18046355247497559,0.007344437289450082,0.16548407988415825,-0.14791266456726707,0.1704011857509613,-0.1609278429285756,0.12419358640909195,-0.25435451905893147,r_low_k,9
True,r,low_k,vel1,Bcc1,True,0.01,0.08269757777452469,0.0319724410572651,0.07303338083955976,0.0030842844321750844,0.0744629055261612,-0.001189678551447,0.05263078585267067,-0.02241153756531228,r_low_k,9
True,r,low_k,vel1,Bcc2,True,0.01,0.1832493394613266,-0.13539288702936175,0.16689458158281115,-0.1669904978803133,0.17087039351463318,-0.16536245838718938,0.13231304287910461,-0.23157948017985366,r_low_k,9
True,r,low_k,vel1,Bcc3,True,0.01,0.2591264843940735,0.05476644314854051,0.22739587393071917,0.03290996606977654,0.23286095261573792,0.034332757772882506,0.16168078780174255,0.01596371447684436,r_low_k,9
True,r,low_k,vel1,press,True,0.01,0.09526468068361282,0.11564495623714584,0.08349179931812817,0.07750254407038665,0.08633331209421158,0.06736180519666979,0.06185514107346535,0.03034575709697001,r_low_k,9
True,r,low_k,vel1,rho,True,0.01,0.11789731681346893,0.03954164092267458,0.10536620683140224,0.000290395918299157,0.10972544550895691,-0.007720913133915681,0.07945721596479416,-0.02767128270044054,r_low_k,9
False,r,low_k,vel1,vel1,False,0.01,0.11934357136487961,0.38725527523953657,0.10437206758393182,0.2826989214590951,0.10494417697191238,0.2933740608129766,0.07622095197439194,0.22235397469628232,r_low_k,9
True,r,low_k,vel1,vel2,True,0.01,0.2168566882610321,-0.011239999902950938,0.19130998849868774,-0.03491786811812243,0.19558317959308624,-0.03789559465968382,0.13857531547546387,-0.056518595756394306,r_low_k,9
True,r,low_k,vel1,vel3,True,0.01,0.2252446413040161,0.47534036796859025,0.19552626543574864,0.42653771724175793,0.1961653083562851,0.43239806529835745,0.1458284705877304,0.385896753104685,r_low_k,9
True,r,low_k,vel2,Bcc1,True,0.01,0.08598577231168747,0.12220945948476497,0.077383185012473,0.08642550184261825,0.07863827794790268,0.08626736319113902,0.060611311346292496,0.04645973883729938,r_low_k,9
True,r,low_k,vel2,Bcc2,True,0.01,0.21523132920265198,0.3104378239166925,0.19382170173856947,0.2589756927608191,0.19958317279815674,0.26242515542001593,0.15304501354694366,0.21585678645611628,r_low_k,9
True,r,low_k,vel2,Bcc3,True,0.01,0.2522578835487366,-0.04019119887254564,0.22590553760528564,-0.06850712744167031,0.23192785680294037,-0.06739299312968973,0.16593770682811737,-0.09634890651644469,r_low_k,9
True,r,low_k,vel2,press,True,0.01,0.09368474036455154,0.1141239823656862,0.08471852954890993,0.03372449649676644,0.08717937767505646,0.02144425295677534,0.0663963034749031,0.00196622303810765,r_low_k,9
True,r,low_k,vel2,rho,True,0.01,0.12442368268966675,0.16889671989231844,0.1123326826426718,0.12666498911113153,0.11602197587490082,0.13091800445851343,0.08714854717254639,0.07624922088283027,r_low_k,9
True,r,low_k,vel2,vel1,True,0.01,0.12380871176719666,-0.14840847513158617,0.10907110902998182,-0.174084467830172,0.11073736101388931,-0.1772873498748265,0.08121684193611145,-0.20503054603910015,r_low_k,9
False,r,low_k,vel2,vel2,False,0.01,0.22935809195041656,0.06113689930937947,0.20482660830020905,-0.0033220894707429232,0.2095663994550705,-0.0069979727543975365,0.16077716648578644,-0.0383480564943879,r_low_k,9
True,r,low_k,vel2,vel3,True,0.01,0.21550913155078888,-0.1542629781021155,0.19354520241419473,-0.2582743216170277,0.1960500329732895,-0.2694927489129356,0.1464589685201645,-0.28808051099365045,r_low_k,9
True,r,low_k,vel3,Bcc1,True,0.01,0.11479704827070236,0.21841776891479409,0.10796703149875005,0.16895349508624558,0.11244836449623108,0.17170790445366516,0.09018764644861221,0.12565412643235102,r_low_k,9
True,r,low_k,vel3,Bcc2,True,0.01,0.3069418668746948,0.31608609901536877,0.2833508749802907,0.27425253200695954,0.2909252941608429,0.2799952452034753,0.2500881850719452,0.19805894085032444,r_low_k,9
True,r,low_k,vel3,Bcc3,True,0.01,0.35561275482177734,-0.03548577510245863,0.31690168215168846,-0.05787012658225459,0.3182182013988495,-0.05200707929988532,0.24772395193576813,-0.1141597619112041,r_low_k,9
True,r,low_k,vel3,press,True,0.01,0.1471809297800064,0.4809598233296328,0.13622351073556477,0.4440522376957347,0.13557076454162598,0.4401746432242593,0.11976679414510727,0.43531421866741205,r_low_k,9
True,r,low_k,vel3,rho,True,0.01,0.1660822629928589,-0.12304793874756795,0.15159174137645298,-0.1618950956660074,0.1533021181821823,-0.16010309266564532,0.1248350590467453,-0.20657986067729614,r_low_k,9
True,r,low_k,vel3,vel1,True,0.01,0.20482772588729858,0.6525452344686948,0.18782349427541098,0.6107274949993977,0.19151964783668518,0.5975345032286653,0.15533694624900818,0.5786988649271564,r_low_k,9
True,r,low_k,vel3,vel2,True,0.01,0.3238968551158905,0.35274159042237835,0.29169049196773106,0.30235636105017405,0.28764960169792175,0.2864563757988749,0.2490692436695099,0.25252704488258176,r_low_k,9
False,r,low_k,vel3,vel3,False,0.01,0.41271233558654785,0.7207679352424338,0.380980693631702,0.6683608773964137,0.39353102445602417,0.6724637345907704,0.31849536299705505,0.5927942325376429,r_low_k,9
False,r,mid_k,Bcc1,Bcc1,False,0.01,0.08795283734798431,0.19417841257780963,0.08090511792235905,0.02571574439902652,0.0832846611738205,-0.003287653152675275,0.06567102670669556,-0.0429289511204226,r_mid_k,9
True,r,mid_k,Bcc1,Bcc2,True,0.01,0.23119805753231049,0.3060173201358094,0.2097003079122967,0.17423057756841784,0.2142171412706375,0.1761024298427368,0.17310769855976105,0.0827080317860451,r_mid_k,9
True,r,mid_k,Bcc1,Bcc3,True,0.01,0.27561959624290466,0.02096780215234908,0.2479034380780326,-0.02351584126410728,0.2530722916126251,-0.02138164347629985,0.20567218959331512,-0.06104316880290132,r_mid_k,9
True,r,mid_k,Bcc1,press,True,0.01,0.1046561673283577,0.47967239932787875,0.09483086069424947,0.33911016783144904,0.09477771073579788,0.3498923521307159,0.07970337569713593,0.2430132477878146,r_mid_k,9
True,r,mid_k,Bcc1,rho,True,0.01,0.13522930443286896,0.30399305410062655,0.12367640932401021,0.21915399588255957,0.1255180984735489,0.23909835683158895,0.10312989354133606,0.12305383619802344,r_mid_k,9
True,r,mid_k,Bcc1,vel1,True,0.01,0.1274007111787796,-0.03967036528879566,0.11296384036540985,-0.1028341316426656,0.11422165483236313,-0.11399561076209293,0.08648288249969482,-0.1367917513745376,r_mid_k,9
True,r,mid_k,Bcc1,vel2,True,0.01,0.31462129950523376,0.4919471920577228,0.2663157069020801,0.41981473749373033,0.26656776666641235,0.43115413618758996,0.20112881064414978,0.2648169579228879,r_mid_k,9
True,r,mid_k,Bcc1,vel3,True,0.01,0.21082676947116852,0.11606948767078423,0.19305340117878383,0.011817231611322716,0.1988179087638855,0.024297977617910197,0.15060144662857056,-0.05799856876254455,r_mid_k,9
True,r,mid_k,Bcc2,Bcc1,True,0.01,0.12554924190044403,0.10347549000931391,0.10832060459587309,-0.07357588587230426,0.11119145154953003,-0.1002684811498544,0.08333544433116913,-0.1448604483238613,r_mid_k,9
False,r,mid_k,Bcc2,Bcc2,False,0.01,0.4512089490890503,0.3997152454577,0.41426412264506024,0.3381884796926925,0.40920785069465637,0.3555986382806316,0.3615608811378479,0.27453358955588536,r_mid_k,9
True,r,mid_k,Bcc2,Bcc3,True,0.01,0.4171868860721588,0.38429579399209085,0.3603238562742869,0.3132224081012522,0.367417573928833,0.3358654202402844,0.27972638607025146,0.14829167944231111,r_mid_k,9
True,r,mid_k,Bcc2,press,True,0.01,0.1472046673297882,0.3668086027735251,0.13047625952296787,0.19994670409958948,0.12640395760536194,0.1965861679911397,0.11441751569509506,0.10464825757395887,r_mid_k,9
True,r,mid_k,Bcc2,rho,True,0.01,0.1755344122648239,0.06063157442940712,0.16136068105697632,0.003755293740087868,0.16553045809268951,0.024113264119983553,0.13501188158988953,-0.0680674535954606,r_mid_k,9
True,r,mid_k,Bcc2,vel1,True,0.01,0.18205702304840088,-0.13390216524879062,0.1567416787147522,-0.17273611123682775,0.15174897015094757,-0.15897625851969405,0.13175460696220398,-0.326516509661876,r_mid_k,9
True,r,mid_k,Bcc2,vel2,True,0.01,0.4284849464893341,0.4061107379820302,0.3851069278187222,0.320967481635158,0.3824491798877716,0.35429575502162486,0.3231556713581085,0.1295749255411757,r_mid_k,9
True,r,mid_k,Bcc2,vel3,True,0.01,0.36829182505607605,-0.17693677553886583,0.318976115849283,-0.357139149381674,0.3295838534832001,-0.387273622204995,0.22983358800411224,-0.4213444400335991,r_mid_k,9
True,r,mid_k,Bcc3,Bcc1,True,0.01,0.11245771497488022,0.2284205381796267,0.10673332545492384,0.08136240175895418,0.11004679650068283,0.05605814506760882,0.09324218332767487,0.022744900802982006,r_mid_k,9
True,r,mid_k,Bcc3,Bcc2,True,0.01,0.34399718046188354,0.15241542391583718,0.3090218934747908,0.06708203715250265,0.3017042875289917,0.04860899765925921,0.2925284206867218,0.01266590162709234,r_mid_k,9
False,r,mid_k,Bcc3,Bcc3,False,0.01,0.4616333246231079,0.3501090889182019,0.39982359608014423,0.26014925784253873,0.4016202986240387,0.24512805618387243,0.3186817169189453,0.21031685917354936,r_mid_k,9
True,r,mid_k,Bcc3,press,True,0.01,0.1258067637681961,-0.08301778185629395,0.11808660212490293,-0.1663410664208279,0.11874446272850037,-0.15427914302737036,0.10749068856239319,-0.2115018623112652,r_mid_k,9
True,r,mid_k,Bcc3,rho,True,0.01,0.18828722834587097,-0.05614972925150428,0.17221614552868736,-0.16005758485942725,0.17465373873710632,-0.2098149535025377,0.1502131223678589,-0.22690323680890637,r_mid_k,9
True,r,mid_k,Bcc3,vel1,True,0.01,0.18374887108802795,0.17651847067797033,0.16062341961595747,0.11912238061043547,0.16042618453502655,0.11404407759541559,0.1305265724658966,0.04713343902904957,r_mid_k,9
True,r,mid_k,Bcc3,vel2,True,0.01,0.3764243423938751,0.026070767642694264,0.33885207772254944,-0.07505226039426631,0.34372156858444214,-0.0510222105707541,0.2959785461425781,-0.18170882777351893,r_mid_k,9
True,r,mid_k,Bcc3,vel3,True,0.01,0.31464776396751404,-0.23161632509698826,0.29051491287019515,-0.2878045343706423,0.295502632856369,-0.277903122192023,0.25155705213546753,-0.3520809416333253,r_mid_k,9
True,r,mid_k,press,Bcc1,True,0.01,0.0921405553817749,-0.0999987868347305,0.08180738654401568,-0.14918854011300217,0.08300535380840302,-0.13488992110152348,0.06377992033958435,-0.22675430362935525,r_mid_k,9
True,r,mid_k,press,Bcc2,True,0.01,0.2262692004442215,-0.17916615600159821,0.20434358716011047,-0.22347767694869422,0.20327751338481903,-0.21687235237108138,0.17178970575332642,-0.32787092771677645,r_mid_k,9
True,r,mid_k,press,Bcc3,True,0.01,0.26438936591148376,0.12896502463399742,0.23417944543891483,0.07280474648124916,0.2380152940750122,0.07113422131607536,0.18276265263557434,0.03619410853942609,r_mid_k,9
False,r,mid_k,press,press,False,0.01,0.10179822146892548,0.20786857257307087,0.09143935557868746,0.15672482285713815,0.09243148565292358,0.17190289026085087,0.07663222402334213,0.10948000569503803,r_mid_k,9
True,r,mid_k,press,rho,True,0.01,0.14190688729286194,0.07122759878280735,0.12346753974755605,0.003937863124702785,0.12608221173286438,0.011321611881705933,0.0999121144413948,-0.0926504274615398,r_mid_k,9
True,r,mid_k,press,vel1,True,0.01,0.12966249883174896,0.24524862713353807,0.11544731756051381,0.18431982379712125,0.11291233450174332,0.18437176630340377,0.09595727175474167,0.14521488663904458,r_mid_k,9
True,r,mid_k,press,vel2,True,0.01,0.28315469622612,0.3655551107417666,0.24204447203212315,0.2319211050025029,0.23670360445976257,0.21812310621071837,0.189958393573761,0.17059148361125118,r_mid_k,9
True,r,mid_k,press,vel3,True,0.01,0.2193855494260788,0.32280496025174316,0.2027587807840771,0.2849952825285173,0.2061871439218521,0.28023927168615653,0.17286446690559387,0.23996127811716794,r_mid_k,9
True,r,mid_k,rho,Bcc1,True,0.01,0.08989160507917404,-0.036011915671521184,0.0829537601934539,-0.07096384551219197,0.08771169185638428,-0.06414147706458237,0.06032752990722656,-0.1401942563003608,r_mid_k,9
True,r,mid_k,rho,Bcc2,True,0.01,0.23284094035625458,0.12870899944908268,0.20817473034063974,0.06012753678071831,0.21125660836696625,0.06680624859681258,0.16756001114845276,-0.04478667893109291,r_mid_k,9
True,r,mid_k,rho,Bcc3,True,0.01,0.2746657729148865,0.30505630593215766,0.24144968721601698,0.2254846911544772,0.2430647313594818,0.22700304351632697,0.18972131609916687,0.136819400292865,r_mid_k,9
True,r,mid_k,rho,press,True,0.01,0.09930486977100372,0.35589784728339036,0.0918739636739095,0.2025209121691791,0.09442500025033951,0.185711041359359,0.07609344273805618,0.16058334535919272,r_mid_k,9
False,r,mid_k,rho,rho,False,0.01,0.1313280165195465,0.23650460895046801,0.12322752839989132,0.17414912156139273,0.12953023612499237,0.18989320039231558,0.09581126272678375,0.07726981536005707,r_mid_k,9
True,r,mid_k,rho,vel1,True,0.01,0.12362154573202133,0.08195629052768563,0.1109074271387524,0.016887942588695044,0.11198682337999344,0.02018434011017111,0.0866447240114212,-0.041486392557984066,r_mid_k,9
True,r,mid_k,rho,vel2,True,0.01,0.2878149151802063,0.3114718650859279,0.25257308781147003,0.24808015076231152,0.24600821733474731,0.28315853863728047,0.19723239541053772,0.158902699405681,r_mid_k,9
True,r,mid_k,rho,vel3,True,0.01,0.2068227082490921,0.140891933766003,0.18804640571276346,0.03416753263194757,0.18994642794132233,0.07628745014238633,0.1498076170682907,-0.0751477709431403,r_mid_k,9
True,r,mid_k,vel1,Bcc1,True,0.01,0.09431842714548111,0.17462304074566454,0.08242917267812623,0.13894601144491725,0.08401980996131897,0.15057970621050776,0.061323266476392746,0.08955278399516116,r_mid_k,9
True,r,mid_k,vel1,Bcc2,True,0.01,0.2497333437204361,-0.10121773097877455,0.2239837365017997,-0.14625039383225663,0.22729486227035522,-0.1485463327926822,0.16861504316329956,-0.20453337529590043,r_mid_k,9
True,r,mid_k,vel1,Bcc3,True,0.01,0.2693890929222107,-0.019151382869233385,0.24086963136990866,-0.06553865233868295,0.250010222196579,-0.07366216583363976,0.1778682917356491,-0.10067515714298907,r_mid_k,9
True,r,mid_k,vel1,press,True,0.01,0.10282660275697708,-0.03630692033207368,0.09204866488774617,-0.07574235634596065,0.09090838581323624,-0.05552190271681346,0.07911667227745056,-0.21023334283428352,r_mid_k,9
True,r,mid_k,vel1,rho,True,0.01,0.13989776372909546,-0.050737791264425645,0.12174727105432087,-0.12926619501719608,0.1211763247847557,-0.10439697769983591,0.09810946881771088,-0.2064757447089191,r_mid_k,9
False,r,mid_k,vel1,vel1,False,0.01,0.13507993519306183,0.24199063053763936,0.11734627104467815,0.18301818745842824,0.11416254937648773,0.1761396565461404,0.09337379783391953,0.15318507160030623,r_mid_k,9
True,r,mid_k,vel1,vel2,True,0.01,0.3328331708908081,-0.0591511564432197,0.27417749497625565,-0.13192953877339247,0.2634662091732025,-0.1538779879275561,0.2019093930721283,-0.20669452498469013,r_mid_k,9
True,r,mid_k,vel1,vel3,True,0.01,0.21803367137908936,0.19981565033898016,0.19780678715970781,0.16402571121993972,0.20190052688121796,0.18303525022390038,0.16473475098609924,0.06783552162965438,r_mid_k,9
True,r,mid_k,vel2,Bcc1,True,0.01,0.11579543352127075,-0.05301719542324185,0.10548177858193715,-0.16228419391994342,0.10798439383506775,-0.18764794444124486,0.08524100482463837,-0.22649070340693736,r_mid_k,9
True,r,mid_k,vel2,Bcc2,True,0.01,0.3555786609649658,0.20753518208168334,0.30538543065388996,0.09926433298574139,0.30898621678352356,0.10746147069076331,0.23605072498321533,0.014012805560605354,r_mid_k,9
True,r,mid_k,vel2,Bcc3,True,0.01,0.34338438510894775,0.11259856082158014,0.30024246043629116,0.014247121057330253,0.30284154415130615,0.008850810020634297,0.2504178583621979,-0.041981319326221476,r_mid_k,9
True,r,mid_k,vel2,press,True,0.01,0.12930183112621307,0.4643317282084333,0.11802930467658573,0.31490564830662465,0.11598283052444458,0.29772971106658586,0.11028683930635452,0.2623900275667463,r_mid_k,9
True,r,mid_k,vel2,rho,True,0.01,0.2000899612903595,0.4320429101638675,0.1763844456937578,0.36882859806787865,0.17404381930828094,0.3757420543161731,0.15056468546390533,0.31859162165230126,r_mid_k,9
True,r,mid_k,vel2,vel1,True,0.01,0.1774798482656479,-0.17667637371357067,0.1551195565197203,-0.2707775544519237,0.14951300621032715,-0.27459261151788994,0.13453099131584167,-0.3277591035080428,r_mid_k,9
False,r,mid_k,vel2,vel2,False,0.01,0.5248435735702515,0.4738460652097801,0.43490921126471627,0.38690762127614947,0.4261290431022644,0.3683426575671459,0.3362634778022766,0.32035666831750814,r_mid_k,9
True,r,mid_k,vel2,vel3,True,0.01,0.30846402049064636,-0.05914429494408029,0.2596654262807634,-0.1878461216138106,0.2512195408344269,-0.20655636555192064,0.20957383513450623,-0.25493660773399945,r_mid_k,9
True,r,mid_k,vel3,Bcc1,True,0.01,0.12103357166051865,-0.28989320665644586,0.10957787765396966,-0.3367982566446351,0.11329275369644165,-0.33296439291101104,0.08522993326187134,-0.40077991333407953,r_mid_k,9
True,r,mid_k,vel3,Bcc2,True,0.01,0.3255922794342041,-0.1785044605634268,0.2971670561366611,-0.2105985538482876,0.298464834690094,-0.20249291640229045,0.2594839632511139,-0.30991565847500574,r_mid_k,9
True,r,mid_k,vel3,Bcc3,True,0.01,0.3514330983161926,0.2109752489270603,0.3149169103966819,0.1354038472033365,0.3243419826030731,0.12058406374819608,0.24808885157108307,0.09994242342135223,r_mid_k,9
True,r,mid_k,vel3,press,True,0.01,0.12476136535406113,0.1737196309336283,0.11588952524794473,0.14793592183316326,0.11884598433971405,0.15037325026010537,0.0979132354259491,0.08581905377402539,r_mid_k,9
True,r,mid_k,vel3,rho,True,0.01,0.17164912819862366,-0.1131474391723045,0.15599991215599907,-0.16468733358938148,0.1636817455291748,-0.15423310107695867,0.12465043365955353,-0.21468503339227082,r_mid_k,9
True,r,mid_k,vel3,vel1,True,0.01,0.16411440074443817,0.3306109300386569,0.15090859433015189,0.2736502608487717,0.15251630544662476,0.2660808999184541,0.1303502470254898,0.24235405653394013,r_mid_k,9
True,r,mid_k,vel3,vel2,True,0.01,0.35464179515838623,0.38398086580547325,0.3143983946906196,0.3051313498172219,0.3191152513027191,0.3072520011563089,0.2620910406112671,0.26422866197512024,r_mid_k,9
False,r,mid_k,vel3,vel3,False,0.01,0.3970014750957489,0.5621951568585881,0.3502427372667525,0.5239091907329249,0.35870930552482605,0.5409230140706602,0.2679750323295593,0.4340003876888871,r_mid_k,9
False,theta,high_k,Bcc1,Bcc1,False,0.01,0.15338797867298126,0.30583893447779276,0.13988764252927569,0.2482463268107949,0.14566242694854736,0.24211967138471782,0.1147143542766571,0.1463418207708776,theta_high_k,9
True,theta,high_k,Bcc1,Bcc2,True,0.01,0.2505952715873718,0.0007895597949696229,0.23766068617502847,-0.07004704454999716,0.24020043015480042,-0.06938128244690964,0.21704666316509247,-0.2299678813286391,theta_high_k,9
True,theta,high_k,Bcc1,Bcc3,True,0.01,0.5045718550682068,-0.21886681225078644,0.4609945085313585,-0.29873654060907373,0.4691016674041748,-0.3101672125374689,0.4093475639820099,-0.3344638371110519,theta_high_k,9
True,theta,high_k,Bcc1,press,True,0.01,0.14546483755111694,0.4172162421111706,0.13699059353934395,0.36355642230893087,0.13933013379573822,0.3503803862370688,0.12517161667346954,0.32860963541970795,theta_high_k,9
True,theta,high_k,Bcc1,rho,True,0.01,0.22386613488197327,0.42037740666231244,0.21506369610627493,0.36860668629095106,0.217179074883461,0.3875750770514872,0.20235811173915863,0.24639644691669488,theta_high_k,9
True,theta,high_k,Bcc1,vel1,True,0.01,0.19493277370929718,0.2786324970913967,0.16854896479182774,0.020032547914512575,0.16063626110553741,-0.026970944899077146,0.14507435262203217,-0.05721364042088057,theta_high_k,9
True,theta,high_k,Bcc1,vel2,True,0.01,0.3528951406478882,0.2662197245966874,0.32302090525627136,0.2207217704097883,0.3247540593147278,0.21944852765061157,0.2905961275100708,0.1891197752578961,theta_high_k,9
True,theta,high_k,Bcc1,vel3,True,0.01,0.30369362235069275,0.02411168276263143,0.2814394434293111,-0.03396521757689334,0.2914748787879944,0.011266241023193273,0.2523525357246399,-0.20163004607659343,theta_high_k,9
True,theta,high_k,Bcc2,Bcc1,True,0.01,0.16541175544261932,0.19953781969276593,0.15260898073514303,0.11167175621555311,0.1623271405696869,0.1118282703698503,0.11520478129386902,-0.02615332566116204,theta_high_k,9
False,theta,high_k,Bcc2,Bcc2,False,0.01,0.29797208309173584,0.19954222949794076,0.28145114249653286,0.08328934609657541,0.2938384711742401,0.02665189825804092,0.20675987005233765,-0.009708508972328443,theta_high_k,9
True,theta,high_k,Bcc2,Bcc3,True,0.01,0.5618104934692383,-0.028253244783256238,0.5094282064172957,-0.14063507506111053,0.5234387516975403,-0.16308473832682835,0.37065282464027405,-0.18278751385323244,theta_high_k,9
True,theta,high_k,Bcc2,press,True,0.01,0.18391892313957214,0.37032270223106123,0.17208519909116957,0.2364568988792194,0.18062444031238556,0.23454400809771722,0.12696945667266846,0.13882361205523447,theta_high_k,9
True,theta,high_k,Bcc2,rho,True,0.01,0.24522249400615692,0.39347959629259843,0.237928945157263,0.2906978598902507,0.24218221008777618,0.27961041285090704,0.20767110586166382,0.1536389769129712,theta_high_k,9
True,theta,high_k,Bcc2,vel1,True,0.01,0.2566339075565338,0.29576906616899085,0.21135401560200584,0.05331214397774932,0.2082889974117279,0.02108681827688352,0.1537996530532837,-0.04881091230245358,theta_high_k,9
True,theta,high_k,Bcc2,vel2,True,0.01,0.400706946849823,0.22704346559381236,0.37665049235026044,0.18006863302336665,0.3861328661441803,0.17180016699205147,0.3136308193206787,0.14198668902918463,theta_high_k,9
True,theta,high_k,Bcc2,vel3,True,0.01,0.3537694811820984,-0.1686621141184126,0.32601234316825867,-0.2570389518968505,0.330337792634964,-0.25562502460078995,0.2796812951564789,-0.3126838019950123,theta_high_k,9
True,theta,high_k,Bcc3,Bcc1,True,0.01,0.2928679883480072,-0.04478130666586842,0.2720216198099984,-0.1673561182927542,0.2777898609638214,-0.1612826822932481,0.2244025021791458,-0.25286282334963717,theta_high_k,9
True,theta,high_k,Bcc3,Bcc2,True,0.01,0.4468194842338562,0.35769106447443827,0.42458173632621765,0.1617502425162956,0.4271184504032135,0.16770047336005486,0.38446366786956787,0.023044067584965744,theta_high_k,9
False,theta,high_k,Bcc3,Bcc3,False,0.01,1.0924803018569946,0.34296564498803195,0.9476251204808553,0.3067785262379602,0.9467995762825012,0.3157458510895777,0.785460889339447,0.21207090703613302,theta_high_k,9
True,theta,high_k,Bcc3,press,True,0.01,0.29375529289245605,-0.37131768326541814,0.25684191286563873,-0.4167904817964413,0.2568833827972412,-0.40992735814576525,0.2326592206954956,-0.48482827988392324,theta_high_k,9
True,theta,high_k,Bcc3,rho,True,0.01,0.45196735858917236,-0.2777510057430914,0.3886387050151825,-0.3632099575534033,0.3901364505290985,-0.3856338982059151,0.33966687321662903,-0.4324095403085767,theta_high_k,9
True,theta,high_k,Bcc3,vel1,True,0.01,0.3605819642543793,0.17262242230393476,0.3361719482474857,0.07829673471164485,0.3347585201263428,0.12363310947465389,0.3060813546180725,-0.2559676455739736,theta_high_k,9
True,theta,high_k,Bcc3,vel2,True,0.01,0.6614969968795776,-0.15873829364454992,0.620147618982527,-0.22521466195792314,0.6280136108398438,-0.21994569863491487,0.5968103408813477,-0.31654178915541875,theta_high_k,9
True,theta,high_k,Bcc3,vel3,True,0.01,0.6174349784851074,0.19732765261586666,0.5693975620799594,-0.12602541850533727,0.586915910243988,-0.17806095080029644,0.5003209114074707,-0.24961285539952852,theta_high_k,9
True,theta,high_k,press,Bcc1,True,0.01,0.12410306930541992,0.2575789571120099,0.11336617088980144,0.19215108954565296,0.1126876100897789,0.1863488610262153,0.09036987274885178,0.13025614013042613,theta_high_k,9
True,theta,high_k,press,Bcc2,True,0.01,0.23071864247322083,0.21848870852580338,0.20966828366120657,0.07949923005436249,0.2132788896560669,0.021529432669607763,0.17303302884101868,-0.0368162718791363,theta_high_k,9
True,theta,high_k,press,Bcc3,True,0.01,0.3410075902938843,-0.23233087110396955,0.3155813051594628,-0.27247878186880065,0.3202787935733795,-0.2848541852157621,0.2768174409866333,-0.31465313290068353,theta_high_k,9
False,theta,high_k,press,press,False,0.01,0.1539003700017929,-0.25291059812953176,0.14051421069436604,-0.32638468183726793,0.14406800270080566,-0.3189368217500264,0.11669907718896866,-0.39840915155111206,theta_high_k,9
True,theta,high_k,press,rho,True,0.01,0.18427543342113495,-0.19113122256574058,0.17868607739607492,-0.26688498260558574,0.1797817200422287,-0.25245899696232044,0.17113474011421204,-0.3316626777998598,theta_high_k,9
True,theta,high_k,press,vel1,True,0.01,0.16996817290782928,-0.013026922051886396,0.15054940266741645,-0.06954399654135111,0.1427045613527298,-0.04896574900413532,0.12453395873308182,-0.17457181600270663,theta_high_k,9
True,theta,high_k,press,vel2,True,0.01,0.29534003138542175,-0.1624167135291779,0.2725792047050264,-0.2223299728053466,0.2810220420360565,-0.24107295487294664,0.20477668941020966,-0.28326319712448617,theta_high_k,9
True,theta,high_k,press,vel3,True,0.01,0.2738726735115051,0.3810465902329177,0.25110949244764114,0.34481034165800184,0.2505812644958496,0.3560599003865467,0.22147837281227112,0.2763836572964115,theta_high_k,9
True,theta,high_k,rho,Bcc1,True,0.01,0.1438530534505844,0.002223108499183118,0.12852819346719319,-0.06739911404199701,0.1320633888244629,-0.031004952353778363,0.10560928285121918,-0.16221826257079727,theta_high_k,9
True,theta,high_k,rho,Bcc2,True,0.01,0.2464730441570282,0.21723859761044034,0.2289966493844986,0.08682804613475797,0.23798677325248718,0.08108158225636568,0.18921025097370148,0.04382596415598014,theta_high_k,9
True,theta,high_k,rho,Bcc3,True,0.01,0.4422568380832672,0.11277395511679937,0.37718924548890853,0.08303951085166261,0.3823365867137909,0.10781663187993792,0.29241085052490234,0.04187621171781965,theta_high_k,9
True,theta,high_k,rho,press,True,0.01,0.14441701769828796,-0.2037798002420379,0.13341690599918365,-0.31399714498612397,0.13957788050174713,-0.3421822899528199,0.11083666980266571,-0.45310863262143575,theta_high_k,9
False,theta,high_k,rho,rho,False,0.01,0.2271449714899063,-0.26426647148482596,0.213045972916815,-0.3228400228925632,0.2144830822944641,-0.3260987426366782,0.19269879162311554,-0.37007446108337555,theta_high_k,9
True,theta,high_k,rho,vel1,True,0.01,0.18364715576171875,0.20152694803969431,0.16031479835510254,0.14110255087220677,0.15873309969902039,0.18901245501456615,0.13082949817180634,-0.12922011705972078,theta_high_k,9
True,theta,high_k,rho,vel2,True,0.01,0.3064693212509155,0.005326827088908646,0.2895096689462662,-0.057330935437341864,0.3005654513835907,-0.045185419144504996,0.2346918135881424,-0.12322182034234058,theta_high_k,9
True,theta,high_k,rho,vel3,True,0.01,0.327315092086792,0.16002145713285396,0.2862176580561532,-0.04437696110240229,0.28198176622390747,-0.08119607468936653,0.24471832811832428,-0.12861385372967235,theta_high_k,9
True,theta,high_k,vel1,Bcc1,True,0.01,0.11566101759672165,0.23389820814981782,0.10829465256796943,0.11106286981080274,0.11379177868366241,0.08231860698881376,0.0878460556268692,0.05572771574436618,theta_high_k,9
True,theta,high_k,vel1,Bcc2,True,0.01,0.21216867864131927,0.21730803060748366,0.1991401281621721,0.05943684260713268,0.20724768936634064,0.0861435181299989,0.15845297276973724,-0.04565794830843741,theta_high_k,9
True,theta,high_k,vel1,Bcc3,True,0.01,0.3373458981513977,-0.12223289653230675,0.3137008117304908,-0.20349412414911508,0.3265317678451538,-0.20669210421318182,0.25383424758911133,-0.29235105103730924,theta_high_k,9
True,theta,high_k,vel1,press,True,0.01,0.1351557970046997,-0.17077586492670987,0.1266138388050927,-0.22804919789557226,0.13399653136730194,-0.23354187327592268,0.09588255733251572,-0.25691789632336376,theta_high_k,9
True,theta,high_k,vel1,rho,True,0.01,0.18339554965496063,-0.2013788636272861,0.17136108544137743,-0.2572888659140466,0.17278699576854706,-0.25594182180386704,0.1546943038702011,-0.3244949585327384,theta_high_k,9
False,theta,high_k,vel1,vel1,False,0.01,0.16333554685115814,0.024188555735088244,0.14370408902565637,-0.027050668519815177,0.14354214072227478,-0.008689279148228826,0.10863565653562546,-0.08533851041719395,theta_high_k,9
True,theta,high_k,vel1,vel2,True,0.01,0.30894774198532104,-0.30549738235805973,0.2857944948805703,-0.34564668848655455,0.29452845454216003,-0.3376851217740742,0.2109767347574234,-0.387724590673641,theta_high_k,9
True,theta,high_k,vel1,vel3,True,0.01,0.26463353633880615,0.23749895425771014,0.23974994818369547,0.18358284532505373,0.23323246836662292,0.17548855874070202,0.20737825334072113,0.12266333408163302,theta_high_k,9
True,theta,high_k,vel2,Bcc1,True,0.01,0.199715256690979,0.1632658655927826,0.17475581334696877,0.09665416008282895,0.18058082461357117,0.0731018371829055,0.1380075067281723,0.052050302505440904,theta_high_k,9
True,theta,high_k,vel2,Bcc2,True,0.01,0.3493894636631012,0.060261180225859606,0.30701782637172276,-0.060898380694295574,0.3099597096443176,-0.08841241392703116,0.26051005721092224,-0.2798585749298095,theta_high_k,9
True,theta,high_k,vel2,Bcc3,True,0.01,0.5350054502487183,-0.014070741079447292,0.47955325576994157,-0.07888821972837366,0.4915506839752197,-0.06885082803758509,0.3904006779193878,-0.17331995446512624,theta_high_k,9
True,theta,high_k,vel2,press,True,0.01,0.2090468555688858,0.39494942998737437,0.1928746004899343,0.3447771332012533,0.19505494832992554,0.34405259463977833,0.1723141223192215,0.3058941829708758,theta_high_k,9
True,theta,high_k,vel2,rho,True,0.01,0.28516966104507446,0.41201785185021067,0.26483433610863155,0.32210730572688134,0.26578935980796814,0.30211166647034254,0.24282915890216827,0.2595636382840257,theta_high_k,9
True,theta,high_k,vel2,vel1,True,0.01,0.2989598214626312,0.27187850443660627,0.24517235987716252,0.03336528903750912,0.22544381022453308,-0.008289282471501958,0.19368083775043488,-0.043804449399541596,theta_high_k,9
False,theta,high_k,vel2,vel2,False,0.01,0.4849628806114197,0.4610089115934657,0.44588863518502975,0.4209783467980023,0.44494450092315674,0.43147154079174926,0.3972828984260559,0.3774697118665283,theta_high_k,9
True,theta,high_k,vel2,vel3,True,0.01,0.393816202878952,-0.14918795663996734,0.3505440288119846,-0.1925781012256718,0.3450307250022888,-0.17840946732186183,0.3051638901233673,-0.25606885089498976,theta_high_k,9
True,theta,high_k,vel3,Bcc1,True,0.01,0.2119763344526291,0.28144795031543396,0.18748219145668876,0.23921995284207614,0.1906888484954834,0.23398474239289568,0.15278001129627228,0.21916231683449908,theta_high_k,9
True,theta,high_k,vel3,Bcc2,True,0.01,0.3779984414577484,0.1718055735618826,0.34721190399593777,0.03429534882923357,0.36106234788894653,-0.005790672695532605,0.2657851278781891,-0.09714040177108492,theta_high_k,9
True,theta,high_k,vel3,Bcc3,True,0.01,0.6463137865066528,-0.35291903116216,0.5755930013126798,-0.4076063968596381,0.5732555389404297,-0.4182631128608043,0.5168208479881287,-0.44982902287034654,theta_high_k,9
True,theta,high_k,vel3,press,True,0.01,0.24390529096126556,-0.34922370761475235,0.23008380168014103,-0.4103119105669841,0.23437832295894623,-0.43650225262219633,0.20218510925769806,-0.46124988414960744,theta_high_k,9
True,theta,high_k,vel3,rho,True,0.01,0.26200219988822937,-0.1789023969732775,0.2558422138293584,-0.2305949455474261,0.2576790153980255,-0.22603105908227528,0.2339235097169876,-0.2939024621239299,theta_high_k,9
True,theta,high_k,vel3,vel1,True,0.01,0.282185435295105,0.030118344582642422,0.23671244084835052,-0.04425758421506408,0.2197532057762146,-0.04220017584371911,0.17933525145053864,-0.20752693047029883,theta_high_k,9
True,theta,high_k,vel3,vel2,True,0.01,0.4107047915458679,0.08190604754100932,0.39571649498409694,-0.1358518602432799,0.39909297227859497,-0.15717292801274332,0.3761855959892273,-0.2065279393025994,theta_high_k,9
False,theta,high_k,vel3,vel3,False,0.01,0.4446078836917877,0.5460886899588061,0.40453075038062203,0.46984175751685836,0.4192447364330292,0.5006288119380611,0.32143375277519226,0.2627766844914828,theta_high_k,9
False,theta,low_k,Bcc1,Bcc1,False,0.01,0.08455663174390793,0.13563756650205167,0.0743513914446036,0.08451606978580624,0.07607640326023102,0.07552679735242532,0.05366218090057373,0.04794708166712595,theta_low_k,9
True,theta,low_k,Bcc1,Bcc2,True,0.01,0.1868276596069336,-0.07333392872748153,0.1669654274980227,-0.09268185096975057,0.17232072353363037,-0.09254285065523812,0.12244909256696701,-0.10885116385014904,theta_low_k,9
True,theta,low_k,Bcc1,Bcc3,True,0.01,0.2780551016330719,-0.3031439684369119,0.24149001472526127,-0.34804022702637305,0.24706168472766876,-0.3512956324404687,0.17753899097442627,-0.3874644446483461,theta_low_k,9
True,theta,low_k,Bcc1,press,True,0.01,0.09195905923843384,0.21519738338001995,0.08196390999688043,0.16605264502425837,0.08442055433988571,0.17893113970069302,0.06069128215312958,0.11880706831243053,theta_low_k,9
True,theta,low_k,Bcc1,rho,True,0.01,0.1189165934920311,0.19557593013102106,0.1053357720375061,0.13516971462937966,0.10913649201393127,0.13981305882664405,0.07794273644685745,0.10681226014712807,theta_low_k,9
True,theta,low_k,Bcc1,vel1,True,0.01,0.11735322326421738,-0.1290390159024777,0.10290156139267816,-0.17650893713881238,0.10475896298885345,-0.16997440781717443,0.07283744215965271,-0.20758494406694353,theta_low_k,9
True,theta,low_k,Bcc1,vel2,True,0.01,0.2536495625972748,0.511894787157434,0.21713524725702074,0.4635220152205717,0.2153490036725998,0.46747270865178786,0.15506583452224731,0.3975333049676868,theta_low_k,9
True,theta,low_k,Bcc1,vel3,True,0.01,0.20032399892807007,0.09514997099060349,0.17618229488531748,0.06376754439438885,0.1764480322599411,0.07239001842096025,0.13164830207824707,0.01816382280383372,theta_low_k,9
True,theta,low_k,Bcc2,Bcc1,True,0.01,0.08776695281267166,-0.03293262115728166,0.07805222645401955,-0.11113200602016514,0.07924284785985947,-0.11975084851042393,0.05474962666630745,-0.1507067849111362,theta_low_k,9
False,theta,low_k,Bcc2,Bcc2,False,0.01,0.1926569789648056,0.0933561512484414,0.1736576118403011,0.07553128883647856,0.18297210335731506,0.07593370006143185,0.12237872928380966,0.058194497504362154,theta_low_k,9
True,theta,low_k,Bcc2,Bcc3,True,0.01,0.29264378547668457,0.014825101184227578,0.2584304263194402,-0.0020194821744575456,0.2643188238143921,0.007591375273757872,0.18180735409259796,-0.028836918446053458,theta_low_k,9
True,theta,low_k,Bcc2,press,True,0.01,0.09509947896003723,0.21800398519678096,0.08496787399053574,0.1601017138591146,0.08818379789590836,0.1543062980170891,0.06429263949394226,0.13874140113843927,theta_low_k,9
True,theta,low_k,Bcc2,rho,True,0.01,0.1236194521188736,0.06588831051920042,0.10948999640014437,0.03486875165169648,0.11323968321084976,0.030503157082069215,0.0816471055150032,0.010824819406553311,theta_low_k,9
True,theta,low_k,Bcc2,vel1,True,0.01,0.11943928897380829,-0.18815525619126766,0.10540452102820079,-0.2097814151806188,0.10761105269193649,-0.20183487731239427,0.07327523082494736,-0.26393405561670086,theta_low_k,9
True,theta,low_k,Bcc2,vel2,True,0.01,0.2634049654006958,0.4254192964155706,0.23201331992944083,0.4053505279592009,0.23257607221603394,0.41267554768768894,0.16104267537593842,0.37614962838387006,theta_low_k,9
True,theta,low_k,Bcc2,vel3,True,0.01,0.19890686869621277,0.15638966391079093,0.17974364757537842,0.12860807710136848,0.18594595789909363,0.13849414574639485,0.12982916831970215,0.0897085736505274,theta_low_k,9
True,theta,low_k,Bcc3,Bcc1,True,0.01,0.10369066148996353,-0.16075070232682678,0.09457439846462673,-0.22170315887352213,0.09747208654880524,-0.2298259157898081,0.07797635346651077,-0.2918840732295014,theta_low_k,9
True,theta,low_k,Bcc3,Bcc2,True,0.01,0.2433827966451645,0.26785241843462354,0.22040989167160457,0.2254312960228807,0.2278946191072464,0.2095650575799004,0.16801825165748596,0.1892149205846573,theta_low_k,9
False,theta,low_k,Bcc3,Bcc3,False,0.01,0.4748162031173706,0.6550714337484106,0.4119054012828403,0.6309377338144343,0.416605681180954,0.6373017113902126,0.31210675835609436,0.6002876774803708,theta_low_k,9
True,theta,low_k,Bcc3,press,True,0.01,0.10645416378974915,-0.05632847779749355,0.09815449184841579,-0.10283125851131361,0.10159926116466522,-0.0966616970383876,0.07720237970352173,-0.21888616909256006,theta_low_k,9
True,theta,low_k,Bcc3,rho,True,0.01,0.13517889380455017,-0.08717713384336571,0.12392369243833753,-0.14019323727543653,0.12961280345916748,-0.1343849130083197,0.0974724143743515,-0.24265631119182499,theta_low_k,9
True,theta,low_k,Bcc3,vel1,True,0.01,0.14215874671936035,0.17113777825504436,0.12800959746042886,0.1444026742254708,0.1313348114490509,0.1448283420359377,0.0970296561717987,0.09989143659512106,theta_low_k,9
True,theta,low_k,Bcc3,vel2,True,0.01,0.31214702129364014,-0.4233050251392719,0.27630675170156693,-0.4612595430984572,0.28289443254470825,-0.45274348502387085,0.2235715389251709,-0.5407012371299205,theta_low_k,9
True,theta,low_k,Bcc3,vel3,True,0.01,0.2812497913837433,0.06248858088639184,0.251459797223409,0.030780125774805735,0.26012706756591797,0.029751944903823675,0.1858987808227539,-0.007810205617617773,theta_low_k,9
True,theta,low_k,press,Bcc1,True,0.01,0.07978306710720062,0.020115334427831418,0.07046756769220035,0.006058486993744156,0.0715799629688263,0.0059041743944126725,0.05064961686730385,-0.0014198445207506288,theta_low_k,9
True,theta,low_k,press,Bcc2,True,0.01,0.16523897647857666,0.04665745161260507,0.15053871191210216,0.022296476988145162,0.15773457288742065,0.03578786516508782,0.11169538646936417,-0.039338768834376966,theta_low_k,9
True,theta,low_k,press,Bcc3,True,0.01,0.23149755597114563,0.1082233347333594,0.2036022577020857,0.052425150133473965,0.20734456181526184,0.05397058907321985,0.15112285315990448,-0.01980583205969062,theta_low_k,9
False,theta,low_k,press,press,False,0.01,0.08571699261665344,0.10776463696540897,0.07672136276960373,0.07307772832339196,0.07933615893125534,0.07092568569388313,0.05692940205335617,0.05521803286750137,theta_low_k,9
True,theta,low_k,press,rho,True,0.01,0.1115182489156723,0.1253095618658164,0.10006016410059398,0.07386094682093575,0.10398874431848526,0.0684851346823339,0.07337603718042374,0.056651086400102406,theta_low_k,9
True,theta,low_k,press,vel1,True,0.01,0.10819818079471588,0.033856702749164,0.09566232810417812,0.012520249071449436,0.09831232577562332,0.010368358010970146,0.06947848945856094,0.0019789880334349468,theta_low_k,9
True,theta,low_k,press,vel2,True,0.01,0.20015831291675568,0.004280695388190745,0.17831093072891235,-0.038918084909093986,0.18378280103206635,-0.03200225593209238,0.12882153689861298,-0.08194505623439614,theta_low_k,9
True,theta,low_k,press,vel3,True,0.01,0.1753891259431839,0.13948317950547096,0.15573034518294865,0.1007668664373793,0.15711720287799835,0.09918041796665114,0.1176287978887558,0.033670888553541896,theta_low_k,9
True,theta,low_k,rho,Bcc1,True,0.01,0.07890302687883377,-0.029158773023981278,0.07075910808311568,-0.0594306536500646,0.07337265461683273,-0.06747194513398942,0.049837712198495865,-0.07579139616456852,theta_low_k,9
True,theta,low_k,rho,Bcc2,True,0.01,0.16485966742038727,0.07917192674115377,0.15181680354807112,0.03941390457497121,0.1580597162246704,0.030988015820332785,0.11446388065814972,-0.01530697771667059,theta_low_k,9
True,theta,low_k,rho,Bcc3,True,0.01,0.2401231825351715,0.26922415305462816,0.21358810365200043,0.2276858131218532,0.22111740708351135,0.24003188682888302,0.14828859269618988,0.17970645671858462,theta_low_k,9
True,theta,low_k,rho,press,True,0.01,0.0858030766248703,0.07983643441471897,0.07749851834442881,0.056487059906321475,0.08064178377389908,0.05184764057493537,0.056934986263513565,0.04215329761280617,theta_low_k,9
False,theta,low_k,rho,rho,False,0.01,0.11144986748695374,0.03457277593492237,0.1012117647462421,0.024408981761128705,0.10666912794113159,0.028665548808532962,0.0742395743727684,0.001927780844917447,theta_low_k,9
True,theta,low_k,rho,vel1,True,0.01,0.10666651278734207,0.030963465890940543,0.09554502450757557,0.010987622556704081,0.09842707216739655,0.01261843519014693,0.06857308745384216,-0.004397960724067864,theta_low_k,9
True,theta,low_k,rho,vel2,True,0.01,0.1984386295080185,-0.0010337843917750979,0.1796637558274799,-0.03951393143802127,0.18547233939170837,-0.04174782267442434,0.12808214128017426,-0.06853140181731084,theta_low_k,9
True,theta,low_k,rho,vel3,True,0.01,0.17772237956523895,0.09944491771687328,0.15766979257265726,0.052272573988101985,0.15993547439575195,0.03808277511416712,0.11518566310405731,0.01700760850696992,theta_low_k,9
True,theta,low_k,vel1,Bcc1,True,0.01,0.08255454152822495,0.10278908717697251,0.0731900723444091,0.05838223905922421,0.07450459152460098,0.06091575001689392,0.051984041929244995,-0.01771082672984119,theta_low_k,9
True,theta,low_k,vel1,Bcc2,True,0.01,0.1724575161933899,0.05982427230419888,0.15807189792394638,0.03497407003661806,0.16537056863307953,0.03904057817530373,0.11889498680830002,-0.005538301611503623,theta_low_k,9
True,theta,low_k,vel1,Bcc3,True,0.01,0.25502821803092957,0.1898954610095322,0.2281044688489702,0.12739005378318324,0.23648403584957123,0.12272543386190612,0.16142615675926208,0.07657617000570406,theta_low_k,9
True,theta,low_k,vel1,press,True,0.01,0.08870962262153625,-0.04090049355194205,0.07959084709485371,-0.0676134819840303,0.08233413845300674,-0.0620126231877726,0.05909626930952072,-0.11039128723738112,theta_low_k,9
True,theta,low_k,vel1,rho,True,0.01,0.11548160761594772,0.013838845713196216,0.1034071155720287,-0.004802768452718544,0.10761949419975281,-0.009884381568816377,0.07667310535907745,-0.024193592640915376,theta_low_k,9
False,theta,low_k,vel1,vel1,False,0.01,0.11155660450458527,0.21812098791582338,0.09937960902849834,0.15270279391414737,0.10211874544620514,0.1441131775193733,0.07091347873210907,0.12465982002177446,theta_low_k,9
True,theta,low_k,vel1,vel2,True,0.01,0.22721077501773834,-0.3184582577017301,0.20261072946919334,-0.34850712713769527,0.20546592772006989,-0.3518129852463692,0.15295279026031494,-0.3824698552909778,theta_low_k,9
True,theta,low_k,vel1,vel3,True,0.01,0.18257729709148407,0.02801091486049074,0.1646208887298902,-0.027854614686393622,0.16885408759117126,-0.05338726093630654,0.12104872614145279,-0.0842804156296475,theta_low_k,9
True,theta,low_k,vel2,Bcc1,True,0.01,0.09081342071294785,0.09419385019836436,0.08157384271423022,-0.008459241875409484,0.08428879082202911,-0.013343135102766208,0.061793211847543716,-0.06478361402738717,theta_low_k,9
True,theta,low_k,vel2,Bcc2,True,0.01,0.21713073551654816,-0.16965528444279968,0.19720921251508924,-0.18566935255296468,0.20436058938503265,-0.17777662531142951,0.15480776131153107,-0.21736542009631382,theta_low_k,9
True,theta,low_k,vel2,Bcc3,True,0.01,0.32378754019737244,-0.27090740664199564,0.28007788790596855,-0.3167341665222972,0.28337278962135315,-0.2957305150665532,0.20897626876831055,-0.37032920301420225,theta_low_k,9
True,theta,low_k,vel2,press,True,0.01,0.10111070424318314,0.3913776586767757,0.09217438267336951,0.29804135225453476,0.09419336169958115,0.2872141739922547,0.07637543231248856,0.2749996480048042,theta_low_k,9
True,theta,low_k,vel2,rho,True,0.01,0.1302148997783661,0.261004322378975,0.11578399356868532,0.1851456095152735,0.12018954008817673,0.18728192283492934,0.09013082832098007,0.15144463493889163,theta_low_k,9
True,theta,low_k,vel2,vel1,True,0.01,0.13412310183048248,-0.2494784548286955,0.11893054346243541,-0.27923185953108454,0.12173188477754593,-0.27833111135116423,0.09133555740118027,-0.3081683469051851,theta_low_k,9
False,theta,low_k,vel2,vel2,False,0.01,0.3584274649620056,0.6878877869781487,0.305656373500824,0.6488569009979288,0.30283787846565247,0.6503899188565202,0.25017249584198,0.6219111985562712,theta_low_k,9
True,theta,low_k,vel2,vel3,True,0.01,0.22020331025123596,0.10870561372918848,0.198976155784395,0.07444560103480559,0.20366036891937256,0.0725184593980589,0.15292613208293915,0.038796393508238526,theta_low_k,9
True,theta,low_k,vel3,Bcc1,True,0.01,0.0853089764714241,0.07118572438052818,0.07604194515281254,0.034117992170769953,0.07750203460454941,0.03797652602650099,0.05710543692111969,-0.009431511294441672,theta_low_k,9
True,theta,low_k,vel3,Bcc2,True,0.01,0.18686281144618988,0.039945433046159114,0.16947130693329704,-0.00010488711625687746,0.1744745522737503,-0.0025126593823837557,0.12757696211338043,-0.02974000112375671,theta_low_k,9
True,theta,low_k,vel3,Bcc3,True,0.01,0.28117799758911133,-0.20060305986552276,0.24671966996457842,-0.21540048182680988,0.24936527013778687,-0.2146584153423976,0.19229799509048462,-0.23525670299511126,theta_low_k,9
True,theta,low_k,vel3,press,True,0.01,0.09145578742027283,0.24240241648577884,0.08254249145587285,0.17168655277665354,0.08479832112789154,0.17103107048238597,0.06312419474124908,0.13511582240269868,theta_low_k,9
True,theta,low_k,vel3,rho,True,0.01,0.11749976873397827,0.24444672813793628,0.10671636131074694,0.14361361002223844,0.11147679388523102,0.14093681803312347,0.08084651827812195,0.08862493599023634,theta_low_k,9
True,theta,low_k,vel3,vel1,True,0.01,0.11767343431711197,-0.17067913933570905,0.10411142392290963,-0.1892544064983005,0.10652714222669601,-0.1900266076593124,0.07595828920602798,-0.21899077682964763,theta_low_k,9
True,theta,low_k,vel3,vel2,True,0.01,0.22252430021762848,0.27174319492191307,0.2028764718108707,0.24538435253302435,0.20878349244594574,0.24222832393889124,0.15712720155715942,0.22515863954740145,theta_low_k,9
False,theta,low_k,vel3,vel3,False,0.01,0.20742562413215637,0.31409937316979886,0.18413579132821825,0.293299812596482,0.18382686376571655,0.3068063209070352,0.13997545838356018,0.24624190996492978,theta_low_k,9
False,theta,mid_k,Bcc1,Bcc1,False,0.01,0.09456189721822739,0.20585826533287563,0.0845216487844785,0.15929059192636064,0.08823011815547943,0.16531803935391468,0.06277443468570709,0.0845028274554859,theta_mid_k,9
True,theta,mid_k,Bcc1,Bcc2,True,0.01,0.19614499807357788,0.08136291026499003,0.18270582457383475,0.048226211416754226,0.18851043283939362,0.07303358608838559,0.14039918780326843,-0.007807505183098888,theta_mid_k,9
True,theta,mid_k,Bcc1,Bcc3,True,0.01,0.30807995796203613,-0.25458326355849636,0.27354059120019275,-0.3360995459631966,0.281933456659317,-0.34734675628024086,0.20538745820522308,-0.3758184265597105,theta_mid_k,9
True,theta,mid_k,Bcc1,press,True,0.01,0.10124223679304123,0.3498473434229458,0.09255433165364796,0.24343251114822703,0.09682277590036392,0.23620074526319232,0.0714191272854805,0.19753749703817386,theta_mid_k,9
True,theta,mid_k,Bcc1,rho,True,0.01,0.13174432516098022,0.3392737497635212,0.12115837964746687,0.24507513912317838,0.12758609652519226,0.23981617514366546,0.09323000907897949,0.20247696372646873,theta_mid_k,9
True,theta,mid_k,Bcc1,vel1,True,0.01,0.1340792030096054,-0.1847817306080634,0.1158066838979721,-0.22010383194525676,0.11585664004087448,-0.20924971622446606,0.08478055149316788,-0.2761950928775796,theta_mid_k,9
True,theta,mid_k,Bcc1,vel2,True,0.01,0.27430588006973267,0.40410710670429184,0.24293641414907244,0.3190740942410462,0.23181773722171783,0.3464116734394587,0.2099650651216507,0.2359615935112817,theta_mid_k,9
True,theta,mid_k,Bcc1,vel3,True,0.01,0.2159121185541153,0.012074456037271369,0.19348650342888302,-0.059555846632909616,0.19692398607730865,-0.05622173143986387,0.14003290235996246,-0.19802361075386782,theta_mid_k,9
True,theta,mid_k,Bcc2,Bcc1,True,0.01,0.1086970865726471,-0.02929259596390778,0.09705316440926658,-0.09634720532880173,0.09960058331489563,-0.10007028281887102,0.07110745459794998,-0.1203392213960569,theta_mid_k,9
False,theta,mid_k,Bcc2,Bcc2,False,0.01,0.22140176594257355,0.19356441928642232,0.20568587051497567,0.16147147374060844,0.21520549058914185,0.1617858253341402,0.1500600278377533,0.10328045981715564,theta_mid_k,9
True,theta,mid_k,Bcc2,Bcc3,True,0.01,0.39428046345710754,0.280842830006087,0.33799802098009324,0.2267205839843372,0.35532259941101074,0.25692659453543276,0.22250695526599884,0.1613273256059682,theta_mid_k,9
True,theta,mid_k,Bcc2,press,True,0.01,0.10843443870544434,0.12029982293259787,0.09766842590437995,0.0744887942797804,0.10134116560220718,0.10107454794087482,0.07191339880228043,-0.0007511592594649232,theta_mid_k,9
True,theta,mid_k,Bcc2,rho,True,0.01,0.14526215195655823,0.06394444896820782,0.1325534681479136,0.021372935422341734,0.13731501996517181,0.027717719875060297,0.1004001721739769,-0.03419002685836398,theta_mid_k,9
True,theta,mid_k,Bcc2,vel1,True,0.01,0.14460140466690063,-0.11520022307986674,0.12726157820887035,-0.16027442198549202,0.12695546448230743,-0.13776266505974474,0.0942854955792427,-0.29340328456049847,theta_mid_k,9
True,theta,mid_k,Bcc2,vel2,True,0.01,0.33273130655288696,0.34684295706190876,0.2886685828367869,0.2764127394233204,0.27964159846305847,0.2515729631610936,0.2221446931362152,0.16683365036310568,theta_mid_k,9
True,theta,mid_k,Bcc2,vel3,True,0.01,0.2583092749118805,-0.06258737822921116,0.22781254847844443,-0.284414256114428,0.2320259064435959,-0.3101783166151153,0.1646982729434967,-0.38652689561777126,theta_mid_k,9
True,theta,mid_k,Bcc3,Bcc1,True,0.01,0.15211589634418488,-0.24043295798064526,0.14032513482703102,-0.3216760565605378,0.14849472045898438,-0.31112728310446475,0.11081091314554214,-0.4006685914219351,theta_mid_k,9
True,theta,mid_k,Bcc3,Bcc2,True,0.01,0.2928308844566345,-0.06303057806218758,0.2753211706876755,-0.14638462255241297,0.28672167658805847,-0.16868989175050236,0.21971209347248077,-0.18668798334278364,theta_mid_k,9
False,theta,mid_k,Bcc3,Bcc3,False,0.01,0.6729045510292053,0.6286569915329219,0.588602880636851,0.5650922237670123,0.5997965335845947,0.5552887025564786,0.44653260707855225,0.48411180942701776,theta_mid_k,9
True,theta,mid_k,Bcc3,press,True,0.01,0.14418432116508484,-0.1855600714373148,0.13705958425998688,-0.24551556557086895,0.137694850564003,-0.24022080360826945,0.12767955660820007,-0.3455517323356523,theta_mid_k,9
True,theta,mid_k,Bcc3,rho,True,0.01,0.18999357521533966,-0.2529675899809841,0.18058702680799696,-0.3168749008308597,0.18316876888275146,-0.31490313022412564,0.16781944036483765,-0.4096459879250112,theta_mid_k,9
True,theta,mid_k,Bcc3,vel1,True,0.01,0.19994893670082092,0.4381331645366746,0.1800307979186376,0.3400565896367986,0.17985953390598297,0.33873860338219897,0.1472974419593811,0.2954153920109904,theta_mid_k,9
True,theta,mid_k,Bcc3,vel2,True,0.01,0.36980628967285156,0.019383895814796024,0.361321144633823,-0.06291884566137165,0.3607381284236908,-0.059256363334981604,0.35136452317237854,-0.15638716717426293,theta_mid_k,9
True,theta,mid_k,Bcc3,vel3,True,0.01,0.33562546968460083,0.06477300665551305,0.31265758640236324,-0.10027285715181317,0.3195118010044098,-0.11091513982822164,0.24129973351955414,-0.16217309929922724,theta_mid_k,9
True,theta,mid_k,press,Bcc1,True,0.01,0.09193550795316696,0.07351867538621928,0.08076456934213638,0.023062965660190747,0.08128847181797028,0.015036897362163053,0.06059044599533081,-0.061828372296829914,theta_mid_k,9
True,theta,mid_k,press,Bcc2,True,0.01,0.18164867162704468,-0.004665382415325186,0.16802521877818638,-0.06172603340688279,0.1738249957561493,-0.049352132582944463,0.13240067660808563,-0.17698680308374387,theta_mid_k,9
True,theta,mid_k,press,Bcc3,True,0.01,0.267688125371933,-0.07791627807062497,0.24451768894990286,-0.11957374355058493,0.25451725721359253,-0.09618347709658559,0.1845589429140091,-0.18970285381615704,theta_mid_k,9
False,theta,mid_k,press,press,False,0.01,0.09454580396413803,0.00458193814556697,0.08553778297371334,-0.04564187378130727,0.08882111310958862,-0.04251190545601892,0.06593605875968933,-0.12120676480851356,theta_mid_k,9
True,theta,mid_k,press,rho,True,0.01,0.1263689249753952,0.08167068851457233,0.11419931799173355,0.01418360585351458,0.11764755100011826,0.017198835674320914,0.09110748022794724,-0.04168924675792979,theta_mid_k,9
True,theta,mid_k,press,vel1,True,0.01,0.11955902725458145,0.05538736972960193,0.10697123491101795,0.033853949658486635,0.10747293382883072,0.027774718677893905,0.08123467862606049,0.01888874993062762,theta_mid_k,9
True,theta,mid_k,press,vel2,True,0.01,0.23963125050067902,-0.05828477511625081,0.21192392375734118,-0.13912966357299247,0.21298322081565857,-0.08561794186751885,0.15799260139465332,-0.23425245022584124,theta_mid_k,9
True,theta,mid_k,press,vel3,True,0.01,0.2127467840909958,0.3714940643087146,0.19124704433812034,0.3226848865408605,0.1923065036535263,0.34420039276745723,0.15256983041763306,0.2301235885459254,theta_mid_k,9
True,theta,mid_k,rho,Bcc1,True,0.01,0.09013082087039948,-0.11587415795123282,0.08223009978731473,-0.17797882007477503,0.08598072826862335,-0.19749499830435233,0.06010286882519722,-0.21810399339444156,theta_mid_k,9
True,theta,mid_k,rho,Bcc2,True,0.01,0.19108104705810547,-0.10900472088366606,0.17455238766140407,-0.16219260536516372,0.18250349164009094,-0.1678135619810873,0.1280849128961563,-0.1792436350553344,theta_mid_k,9
True,theta,mid_k,rho,Bcc3,True,0.01,0.30536168813705444,0.2971086322246832,0.2609995123412874,0.24405228154591244,0.2593202292919159,0.2524670274104506,0.18693193793296814,0.1791429359834245,theta_mid_k,9
True,theta,mid_k,rho,press,True,0.01,0.09712005406618118,-0.021026142563512398,0.08747575266493691,-0.06091673394091271,0.09172992408275604,-0.05892947533912243,0.064015232026577,-0.14289956015697988,theta_mid_k,9
False,theta,mid_k,rho,rho,False,0.01,0.12984003126621246,-0.07222337358203601,0.11726896713177364,-0.1217160840081703,0.12176176905632019,-0.12507683706674097,0.09058427810668945,-0.17856037385327075,theta_mid_k,9
True,theta,mid_k,rho,vel1,True,0.01,0.12556084990501404,0.16727698984501235,0.11015490194161733,0.14341609014184462,0.11155436187982559,0.13715824440642538,0.07772417366504669,0.12636904522063433,theta_mid_k,9
True,theta,mid_k,rho,vel2,True,0.01,0.2471039891242981,0.1882104258797847,0.23036565879980722,0.13384426361166232,0.23963269591331482,0.15278431733813735,0.17180980741977692,0.03993944348188899,theta_mid_k,9
True,theta,mid_k,rho,vel3,True,0.01,0.20047298073768616,0.12418202983263583,0.18010767300923666,0.06082066563490794,0.17948411405086517,0.06709538710979057,0.13685740530490875,0.0015942025699209345,theta_mid_k,9
True,theta,mid_k,vel1,Bcc1,True,0.01,0.09050196409225464,0.23151859480406137,0.08058596899112065,0.14405141246123282,0.08354030549526215,0.1535586276570768,0.057905592024326324,0.07479929667145885,theta_mid_k,9
True,theta,mid_k,vel1,Bcc2,True,0.01,0.18215973675251007,0.04685474043967023,0.16941151354047987,-0.03678988288627286,0.17625997960567474,-0.03469344250264706,0.12496890127658844,-0.09020316541596293,theta_mid_k,9
True,theta,mid_k,vel1,Bcc3,True,0.01,0.30890268087387085,-0.10477946137932188,0.2787851757473416,-0.15734539262622083,0.2954389452934265,-0.15322702563631607,0.18762333691120148,-0.24698075016193718,theta_mid_k,9
True,theta,mid_k,vel1,press,True,0.01,0.09897506237030029,0.009769914472553747,0.08956552545229594,-0.0321967636751087,0.09268484264612198,-0.027918870331714134,0.068986676633358,-0.07141552471416243,theta_mid_k,9
True,theta,mid_k,vel1,rho,True,0.01,0.1298017054796219,0.032642357621156144,0.11634883864058389,-0.02392700369974273,0.12026716023683548,-0.031235899981036316,0.0877719447016716,-0.05027415125446104,theta_mid_k,9
False,theta,mid_k,vel1,vel1,False,0.01,0.12577052414417267,0.39648627135175096,0.11262731088532342,0.22365202296392722,0.1156289130449295,0.19428106338730386,0.08807991445064545,0.15712135924455578,theta_mid_k,9
True,theta,mid_k,vel1,vel2,True,0.01,0.26856714487075806,-0.18489591185244086,0.23647230698002708,-0.3493616847303398,0.23595300316810608,-0.35165519314074195,0.17939908802509308,-0.4332453043665748,theta_mid_k,9
True,theta,mid_k,vel1,vel3,True,0.01,0.19926850497722626,0.12839146008789534,0.18385623726579878,0.034742435265874914,0.18931519985198975,0.03382989710562704,0.14012940227985382,-0.10352234472809568,theta_mid_k,9
True,theta,mid_k,vel2,Bcc1,True,0.01,0.11014766991138458,-0.02843603126990351,0.10039840473069085,-0.06127531907400642,0.10305246710777283,-0.04110855489467478,0.08553335815668106,-0.1721977469128464,theta_mid_k,9
True,theta,mid_k,vel2,Bcc2,True,0.01,0.2334253340959549,-0.12273513401281277,0.21489066382249197,-0.17681531475593826,0.2225613296031952,-0.154184573014774,0.16875827312469482,-0.24003217851284026,theta_mid_k,9
True,theta,mid_k,vel2,Bcc3,True,0.01,0.3741409182548523,-0.08400924506497048,0.32714441584216225,-0.19878252803896612,0.3395877480506897,-0.2032996425591637,0.2399464100599289,-0.27548909988002307,theta_mid_k,9
True,theta,mid_k,vel2,press,True,0.01,0.12030372768640518,0.3724564813105193,0.11220667842361662,0.3256230696930482,0.11581790447235107,0.3335824501021404,0.09785529971122742,0.2803371619496713,theta_mid_k,9
True,theta,mid_k,vel2,rho,True,0.01,0.15077318251132965,0.22697716774545235,0.14051495244105658,0.19391188433488207,0.14337919652462006,0.19012840382295493,0.12261826545000076,0.16349185261198967,theta_mid_k,9
True,theta,mid_k,vel2,vel1,True,0.01,0.17437104880809784,-0.2733153890709344,0.1438275236222479,-0.31825095202609377,0.13802143931388855,-0.2962596722332971,0.12298213690519333,-0.4436155780476024,theta_mid_k,9
False,theta,mid_k,vel2,vel2,False,0.01,0.4579550623893738,0.6765095082091399,0.3826131456428104,0.634262972633648,0.37185218930244446,0.6396793755288549,0.3103950619697571,0.5990528832732886,theta_mid_k,9
True,theta,mid_k,vel2,vel3,True,0.01,0.2555405795574188,-0.12527176375909865,0.22970342636108398,-0.193297322429471,0.23200619220733643,-0.15703727577292403,0.18050852417945862,-0.26906741343550256,theta_mid_k,9
True,theta,mid_k,vel3,Bcc1,True,0.01,0.11878330260515213,0.15577577319311814,0.10536628464857738,0.12790389785533923,0.10640425235033035,0.130420605439796,0.076583132147789,0.07728664320077147,theta_mid_k,9
True,theta,mid_k,vel3,Bcc2,True,0.01,0.22815223038196564,0.13209123085429764,0.20933741827805838,0.0649386771220387,0.21552568674087524,0.08045333222606463,0.1587999016046524,-0.0758320425499994,theta_mid_k,9
True,theta,mid_k,vel3,Bcc3,True,0.01,0.39892902970314026,-0.12595072997253606,0.3513210316499074,-0.14720833212759332,0.3544844388961792,-0.14548331340662077,0.26241323351860046,-0.17150442698564122,theta_mid_k,9
True,theta,mid_k,vel3,press,True,0.01,0.11261259019374847,-0.10302783907786388,0.10633008099264568,-0.14646441832222257,0.11073700338602066,-0.13500613866028074,0.08982256799936295,-0.2858111108843839,theta_mid_k,9
True,theta,mid_k,vel3,rho,True,0.01,0.13889993727207184,0.027695338704347552,0.129738117257754,-0.010185231146621057,0.13393110036849976,-0.0024491661523596982,0.10534559190273285,-0.051493512523168604,theta_mid_k,9
True,theta,mid_k,vel3,vel1,True,0.01,0.15446394681930542,-0.09479751155973158,0.1341265564163526,-0.14936135149645344,0.13096511363983154,-0.12932715546085832,0.10134036839008331,-0.2668417669792185,theta_mid_k,9
True,theta,mid_k,vel3,vel2,True,0.01,0.3056257367134094,-0.23764198108482523,0.27010494967301685,-0.28720623354137126,0.26855090260505676,-0.29122385029264614,0.23678837716579437,-0.3477956913730103,theta_mid_k,9
False,theta,mid_k,vel3,vel3,False,0.01,0.3822731375694275,0.5981965635313885,0.32038236326641506,0.5558402713219928,0.3200652599334717,0.5730779054730224,0.22345438599586487,0.48198983273832713,theta_mid_k,9
