all_cross_channel,channel_in,channel_out,cross_channel,epsilon,maximum_gain,maximum_phase_correlation,mean_gain,mean_phase_correlation,median_gain,median_phase_correlation,minimum_gain,minimum_phase_correlation,mode,state_count
False,Bcc1,Bcc1,False,0.001,0.700255274772644,,0.6194120844205221,,0.6401060819625854,,0.43498659133911133,,constant,9
True,Bcc1,Bcc2,True,0.001,1.4037781953811646,,1.2925917903582256,,1.3477197885513306,,0.944862425327301,,constant,9
True,Bcc1,Bcc3,True,0.001,1.8292465209960938,,1.6468559503555298,,1.7070187330245972,,1.1441236734390259,,constant,9
True,Bcc1,press,True,0.001,0.7703766226768494,,0.684444334771898,,0.7119702100753784,,0.48881012201309204,,constant,9
True,Bcc1,rho,True,0.001,0.9889413714408875,,0.8870499862564935,,0.9211807250976562,,0.6465529203414917,,constant,9
True,Bcc1,vel1,True,0.001,0.9279115796089172,,0.8238838977283902,,0.8583171367645264,,0.5750571489334106,,constant,9
True,Bcc1,vel2,True,0.001,1.665110468864441,,1.4879795842700534,,1.5568722486495972,,1.038036584854126,,constant,9
True,Bcc1,vel3,True,0.001,1.4699523448944092,,1.3154008057382371,,1.357169270515442,,0.971058189868927,,constant,9
True,Bcc2,Bcc1,True,0.001,0.7034192085266113,,0.6253189378314548,,0.645147979259491,,0.4398125410079956,,constant,9
False,Bcc2,Bcc2,False,0.001,1.4454697370529175,,1.3379281494352553,,1.3904826641082764,,0.9792401790618896,,constant,9
True,Bcc2,Bcc3,True,0.001,1.8262931108474731,,1.6639373699824016,,1.7278386354446411,,1.2045894861221313,,constant,9
True,Bcc2,press,True,0.001,0.7717686891555786,,0.6913927263683743,,0.7204644680023193,,0.5060936808586121,,constant,9
True,Bcc2,rho,True,0.001,0.9978669881820679,,0.8964815669589572,,0.9337068200111389,,0.6468849182128906,,constant,9
True,Bcc2,vel1,True,0.001,0.9299613833427429,,0.8311526046858894,,0.8619168400764465,,0.5728933215141296,,constant,9
True,Bcc2,vel2,True,0.001,1.6727608442306519,,1.5129757192399766,,1.561269760131836,,1.094747543334961,,constant,9
True,Bcc2,vel3,True,0.001,1.469482421875,,1.3252322806252375,,1.3618305921554565,,1.0013831853866577,,constant,9
True,Bcc3,Bcc1,True,0.001,0.6348629593849182,,0.5786642829577128,,0.6046322584152222,,0.4215266704559326,,constant,9
True,Bcc3,Bcc2,True,0.001,1.291783332824707,,1.186883224381341,,1.2210513353347778,,0.900944709777832,,constant,9
False,Bcc3,Bcc3,False,0.001,1.6055420637130737,,1.4749484327104356,,1.5062381029129028,,1.1297521591186523,,constant,9
True,Bcc3,press,True,0.001,0.7115671634674072,,0.6497957905133566,,0.6749192476272583,,0.488461434841156,,constant,9
True,Bcc3,rho,True,0.001,0.9287933707237244,,0.8465720547570122,,0.8805956244468689,,0.6361281275749207,,constant,9
True,Bcc3,vel1,True,0.001,0.8206402063369751,,0.7501669658554925,,0.7815788984298706,,0.549019455909729,,constant,9
True,Bcc3,vel2,True,0.001,1.4264850616455078,,1.3395205073886447,,1.3851217031478882,,1.0371654033660889,,constant,9
True,Bcc3,vel3,True,0.001,1.286778450012207,,1.2071153985129461,,1.2484097480773926,,0.9604511260986328,,constant,9
True,press,Bcc1,True,0.001,0.6963765621185303,,0.6175088120831383,,0.6314473152160645,,0.4449407756328583,,constant,9
True,press,Bcc2,True,0.001,1.3986601829528809,,1.2884956730736628,,1.3345491886138916,,0.9670296907424927,,constant,9
True,press,Bcc3,True,0.001,1.8191393613815308,,1.6361125707626343,,1.6922293901443481,,1.1915289163589478,,constant,9
False,press,press,False,0.001,0.767890214920044,,0.6812286708090041,,0.7094959616661072,,0.5000118613243103,,constant,9
True,press,rho,True,0.001,0.9855523705482483,,0.8807384371757507,,0.912317156791687,,0.6585145592689514,,constant,9
True,press,vel1,True,0.001,0.9250794053077698,,0.8193478253152635,,0.8469127416610718,,0.5844491720199585,,constant,9
True,press,vel2,True,0.001,1.6564915180206299,,1.489022798008389,,1.543409824371338,,1.1053587198257446,,constant,9
True,press,vel3,True,0.001,1.4637013673782349,,1.3064198427730136,,1.3371907472610474,,0.991522490978241,,constant,9
True,rho,Bcc1,True,0.001,0.6980021595954895,,0.6239503456486596,,0.6447026133537292,,0.44645896553993225,,constant,9
True,rho,Bcc2,True,0.001,1.4043960571289062,,1.2909455961651273,,1.3391236066818237,,0.9495240449905396,,constant,9
True,rho,Bcc3,True,0.001,1.8294497728347778,,1.6586682001749675,,1.7139712572097778,,1.196069359779358,,constant,9
True,rho,press,True,0.001,0.7685427665710449,,0.6887814071443346,,0.7148156762123108,,0.5071080327033997,,constant,9
False,rho,rho,False,0.001,0.9929794669151306,,0.8977073894606696,,0.941468358039856,,0.6633339524269104,,constant,9
True,rho,vel1,True,0.001,0.9292441606521606,,0.825591054227617,,0.8583714962005615,,0.5679818391799927,,constant,9
True,rho,vel2,True,0.001,1.6626981496810913,,1.5010836256874933,,1.5590022802352905,,1.0825722217559814,,constant,9
True,rho,vel3,True,0.001,1.4702061414718628,,1.3227297796143427,,1.3543875217437744,,0.9957069754600525,,constant,9
True,vel1,Bcc1,True,0.001,0.6886500120162964,,0.6146790087223053,,0.6352230906486511,,0.43314650654792786,,constant,9
True,vel1,Bcc2,True,0.001,1.3880516290664673,,1.2804575231340196,,1.3339325189590454,,0.9315992593765259,,constant,9
True,vel1,Bcc3,True,0.001,1.7844882011413574,,1.623370024893019,,1.6875351667404175,,1.1578978300094604,,constant,9
True,vel1,press,True,0.001,0.7606579661369324,,0.6803221868144141,,0.7120187282562256,,0.4923460781574249,,constant,9
True,vel1,rho,True,0.001,0.9762457013130188,,0.8801723519961039,,0.9208271503448486,,0.6345940232276917,,constant,9
False,vel1,vel1,False,0.001,0.9111900329589844,,0.8148981796370612,,0.8500706553459167,,0.5715996623039246,,constant,9
True,vel1,vel2,True,0.001,1.6324093341827393,,1.4809290965398152,,1.5427896976470947,,1.0637131929397583,,constant,9
True,vel1,vel3,True,0.001,1.4376614093780518,,1.2981849047872756,,1.3335094451904297,,0.9562762379646301,,constant,9
True,vel2,Bcc1,True,0.001,0.7051166892051697,,0.622229665517807,,0.6409003138542175,,0.42811474204063416,,constant,9
True,vel2,Bcc2,True,0.001,1.4342447519302368,,1.3062803943951924,,1.3598127365112305,,0.9450623393058777,,constant,9
True,vel2,Bcc3,True,0.001,1.8604719638824463,,1.6618863609102037,,1.7287590503692627,,1.1713862419128418,,constant,9
True,vel2,press,True,0.001,0.7776697278022766,,0.6867177883783976,,0.7125656008720398,,0.4922522306442261,,constant,9
True,vel2,rho,True,0.001,1.000071406364441,,0.8894444637828403,,0.9285688400268555,,0.6454753875732422,,constant,9
True,vel2,vel1,True,0.001,0.9431624412536621,,0.8287891878022088,,0.8560845255851746,,0.572402834892273,,constant,9
False,vel2,vel2,False,0.001,1.696973443031311,,1.5060783227284749,,1.5420031547546387,,1.1026262044906616,,constant,9
True,vel2,vel3,True,0.001,1.487939476966858,,1.3220347298516169,,1.3404350280761719,,0.9813873767852783,,constant,9
True,vel3,Bcc1,True,0.001,0.6627192497253418,,0.5907720228036245,,0.6109216809272766,,0.41570743918418884,,constant,9
True,vel3,Bcc2,True,0.001,1.3201121091842651,,1.2182828585306804,,1.2680362462997437,,0.869687557220459,,constant,9
True,vel3,Bcc3,True,0.001,1.6717383861541748,,1.5288692712783813,,1.5958174467086792,,1.075455665588379,,constant,9
True,vel3,press,True,0.001,0.7353729605674744,,0.6584762202368842,,0.6845651268959045,,0.4762350916862488,,constant,9
True,vel3,rho,True,0.001,0.9452121257781982,,0.8520055810610453,,0.8900336027145386,,0.6247094869613647,,constant,9
True,vel3,vel1,True,0.001,0.8673908710479736,,0.770597861872779,,0.7923845648765564,,0.5360409021377563,,constant,9
True,vel3,vel2,True,0.001,1.5380058288574219,,1.3834654291470845,,1.4324537515640259,,0.9982019066810608,,constant,9
False,vel3,vel3,False,0.001,1.3940986394882202,,1.2609820432133145,,1.2810821533203125,,0.9355277419090271,,constant,9
False,Bcc1,Bcc1,False,0.001,0.6891559177133988,0.03600060623269136,0.6107973158172492,0.01009132546471037,0.6246065273646431,0.006449405897625835,0.441831317057092,-0.0011143967427953176,inner_localized,9
True,Bcc1,Bcc2,True,0.001,1.3993428587521826,0.17704220391957834,1.2919066457427861,0.16811253868011602,1.3414326513667494,0.17313263894197495,0.9766629324354489,0.1352573319907657,inner_localized,9
True,Bcc1,Bcc3,True,0.001,1.746389612340308,-0.007765845916261948,1.5972408875834145,-0.020653088533731264,1.6456558493170648,-0.017278816538905187,1.205654096940404,-0.042697155111329224,inner_localized,9
True,Bcc1,press,True,0.001,0.7620560981068669,0.06430837585785598,0.678548303623562,0.04889906234285776,0.7027624072290901,0.05216339197160563,0.5079106395191335,0.025682760485008924,inner_localized,9
True,Bcc1,rho,True,0.001,0.9786334025045277,0.026981620791469277,0.8752181521850386,0.020163598475036213,0.9051041546526047,0.020502724418743328,0.650019982458352,0.007632456156136468,inner_localized,9
True,Bcc1,vel1,True,0.001,0.9036405029082598,0.016371618227309388,0.8123510566761727,0.001856732926483761,0.8421383406006301,0.008104229421547088,0.6038308503526956,-0.015445530661508316,inner_localized,9
True,Bcc1,vel2,True,0.001,1.6190169822583784,0.05007579073352267,1.464419597915652,0.03756543507921531,1.5239336206873428,0.03672571546889058,1.1030269326583704,0.02292825700448445,inner_localized,9
True,Bcc1,vel3,True,0.001,1.4475440649714508,0.19121181350996336,1.3008792116106411,0.13054822770717767,1.322823841740122,0.14141777288256352,1.0248462572602186,0.0809728304493094,inner_localized,9
True,Bcc2,Bcc1,True,0.001,0.6939385350905976,0.0636265489248321,0.6251220843930958,0.0027185608738216137,0.6450060990456402,-0.006444503428749321,0.45436644282140987,-0.02131066998676238,inner_localized,9
False,Bcc2,Bcc2,False,0.001,1.5184585761105165,0.4406347298695628,1.4313529523357853,0.34623400412653194,1.4876228265537517,0.3427880481810691,1.1625772215471997,0.29388157231643885,inner_localized,9
True,Bcc2,Bcc3,True,0.001,1.7675094465917018,0.003003006040793526,1.631326772649692,-0.019219530373023135,1.7007137358614048,-0.01333495496828397,1.232814981509148,-0.059058473626117436,inner_localized,9
True,Bcc2,press,True,0.001,0.7691393953048823,0.0072842651402551025,0.693306964236913,-0.008945080531877701,0.7214683724324925,-0.0074591361854183845,0.5231600715613408,-0.03543499682050044,inner_localized,9
True,Bcc2,rho,True,0.001,0.9926702971857964,0.039153192513082205,0.8964682689522002,0.022801004477003006,0.9370300732272907,0.02584778372481965,0.6698833507229894,-0.0023576828486246925,inner_localized,9
True,Bcc2,vel1,True,0.001,0.9219555212232782,-0.026139160719191482,0.8351734314796718,-0.060460029132958754,0.8713160676548521,-0.06611938524419653,0.6153130302019734,-0.07383681195335018,inner_localized,9
True,Bcc2,vel2,True,0.001,1.6450708892983728,0.06402057287163351,1.5073517797136704,0.04377102993955088,1.5653253534630152,0.04398457169607129,1.1467765061126056,0.009091947073210146,inner_localized,9
True,Bcc2,vel3,True,0.001,1.4475677876214854,0.150503800748153,1.3215019033585464,0.04860986873767659,1.356492481022625,0.03738351984171649,1.039066019002558,0.017128895776279764,inner_localized,9
True,Bcc3,Bcc1,True,0.001,0.6767695949536321,0.035621340449595064,0.6170962522683294,-0.015373609437416641,0.6364052675011913,-0.019855229348478432,0.4948455092218822,-0.037634120235852705,inner_localized,9
True,Bcc3,Bcc2,True,0.001,1.3685853104940242,0.019333064163358178,1.2859575455295902,0.0017522688882516224,1.3030072035197737,0.00652660182019103,1.0753963634608008,-0.023112223054992394,inner_localized,9
False,Bcc3,Bcc3,False,0.001,1.6965583381985627,0.0606049357652596,1.6028808383539488,0.04563219583624531,1.6260895506196946,0.05175301640758474,1.4108386880659276,0.006573410053564335,inner_localized,9
True,Bcc3,press,True,0.001,0.7489747851475945,0.01499088192823244,0.6841179209090689,-0.0026860824383525056,0.7104510492355257,0.0011880129399785629,0.5398890101843482,-0.024067168329921732,inner_localized,9
True,Bcc3,rho,True,0.001,0.9690008741021677,0.03363521870271412,0.8894690076855889,0.019857591149333678,0.9287756042942765,0.018543768359860272,0.6984304605979001,0.014721269094529666,inner_localized,9
True,Bcc3,vel1,True,0.001,0.8818964887795739,-0.004296683545185507,0.8138884989751478,-0.017344503296229906,0.8392424487616091,-0.012928145019423642,0.6567265782789337,-0.035560790825829434,inner_localized,9
True,Bcc3,vel2,True,0.001,1.558414671326558,0.048132371905404404,1.4631565356811471,0.013040491166281521,1.5216084433560635,0.016309532990662547,1.2013414622152723,-0.007539450366556267,inner_localized,9
True,Bcc3,vel3,True,0.001,1.4021217466665354,0.010241039531915828,1.304467517403812,-0.010423775653689127,1.333613594389772,-0.006450838277150898,1.1131301589685774,-0.03500872981469903,inner_localized,9
True,press,Bcc1,True,0.001,0.6855492404430652,0.03183231979332037,0.6075789462739264,0.010528312989632298,0.6208356988928139,0.009784513699995097,0.4557836625447072,0.0006399837375336417,inner_localized,9
True,press,Bcc2,True,0.001,1.3746505602985954,0.0018715169071060777,1.2654198897466329,-0.03137942448623052,1.3114374465607075,-0.031933635241480324,0.984687744658455,-0.06187643941088463,inner_localized,9
True,press,Bcc3,True,0.001,1.7535722108824379,0.023259528064169442,1.593654608348287,0.006956840575200609,1.6333261509732098,0.007222494103956939,1.2657042304101127,-0.01312469636169969,inner_localized,9
False,press,press,False,0.001,0.7593700742346092,0.10108192513427414,0.674543480547874,0.07309729942481179,0.6996080696349185,0.0713987044471291,0.5150918671543518,0.05979289773752483,inner_localized,9
True,press,rho,True,0.001,0.9699223023606719,0.022153968236683422,0.8684427527320702,0.014917705872985305,0.8987548290941018,0.015479562408500055,0.6638876595430171,0.007336436994960625,inner_localized,9
True,press,vel1,True,0.001,0.9021045507254929,0.0731024248091343,0.8070802242472571,0.06217206791824063,0.8215808166015635,0.06300496445847227,0.5933298226195468,0.05211221413986876,inner_localized,9
True,press,vel2,True,0.001,1.6141444214668526,0.009671156769735609,1.456922260339395,-0.009561288968975588,1.5107024616421736,-0.013060840246706444,1.0997311532337162,-0.018951667728341393,inner_localized,9
True,press,vel3,True,0.001,1.4476751951977727,0.14852477033590908,1.2935970070784162,0.13161009005951738,1.3194086146002182,0.1343645553228324,1.02194208037508,0.10591295618104567,inner_localized,9
True,rho,Bcc1,True,0.001,0.6817819286454874,0.026103476657594393,0.6116908027411648,-0.006580332446668837,0.6338642617383159,-0.01011961360424594,0.45483842222919596,-0.01791348107141789,inner_localized,9
True,rho,Bcc2,True,0.001,1.3658082107191212,0.02564656322110521,1.2625484556816426,0.0010421870244322756,1.3019792617547072,0.007361035314381821,0.9409791792022693,-0.04025852649281917,inner_localized,9
True,rho,Bcc3,True,0.001,1.7420177305947382,0.0170005716941509,1.5934738870545562,0.007654555904638455,1.6593793427574244,0.009570939289745773,1.222852541378292,-0.004004652068126877,inner_localized,9
True,rho,press,True,0.001,0.755991265534834,0.07297763767619177,0.6726482646586788,0.034449534666428624,0.6988529383452498,0.029254580473737628,0.5007177889774912,0.01737973636033373,inner_localized,9
False,rho,rho,False,0.001,0.9685596208905948,0.039686397077094024,0.8676770647969086,0.02069532596500237,0.9058587495004385,0.018701815570732087,0.6465002683699291,0.01172769500573587,inner_localized,9
True,rho,vel1,True,0.001,0.9023998917579586,0.016461194559084878,0.8069330736160124,-0.0013950352941627725,0.8381929301138479,0.000675826811137795,0.5846473327068885,-0.014949092922729754,inner_localized,9
True,rho,vel2,True,0.001,1.607687092285579,0.021330530672362662,1.4536096988948668,0.00800611123598597,1.511902064794425,0.00560891428720334,1.0672074000362992,0.00011868526485164094,inner_localized,9
True,rho,vel3,True,0.001,1.4362013003946126,0.1083277160106336,1.286471211766143,0.06361043668079074,1.3232397629761554,0.06653232084170926,0.9908816808987666,0.02244526523840831,inner_localized,9
True,vel1,Bcc1,True,0.001,0.6752870485357672,0.01222607795989254,0.6034297640513571,0.0065654934416230215,0.6240274682061355,0.009664717815724068,0.43678018073917513,-0.018655210161307632,inner_localized,9
True,vel1,Bcc2,True,0.001,1.3718852622440614,-0.08147106500171825,1.2659476889075785,-0.12179081999774174,1.312115151412198,-0.11241046086559718,0.9546707841557732,-0.17883983391355993,inner_localized,9
True,vel1,Bcc3,True,0.001,1.7079802577483807,0.020872846216060056,1.5734095319157557,0.002083808425954318,1.627627946593043,0.001419408024279528,1.1694254380122089,-0.006001806905973366,inner_localized,9
True,vel1,press,True,0.001,0.7451844063511137,0.07417139190463763,0.6671708690096128,0.0373577287389421,0.6920562799010443,0.035290488772921826,0.4861564329955836,0.01684653619564627,inner_localized,9
True,vel1,rho,True,0.001,0.9530661674181322,0.020839127380793035,0.860995410210283,0.001241803264821383,0.898481839804759,-0.0023937656860575393,0.6427493478506415,-0.007422658276481247,inner_localized,9
False,vel1,vel1,False,0.001,0.8842029502512783,0.07457622786454945,0.8022986532627735,0.0556435810692035,0.8373005293190795,0.05741158858526146,0.5819346059521798,0.035040022231236645,inner_localized,9
True,vel1,vel2,True,0.001,1.585194801401782,-0.011762303592332117,1.4447751906380168,-0.03285164104431945,1.5056731406255448,-0.03408343229298439,1.081835453619686,-0.05075217783809039,inner_localized,9
True,vel1,vel3,True,0.001,1.4051100853151133,0.06314590314121854,1.2721525592894887,0.04154173065085476,1.3117088861291937,0.04275304815890647,0.9768276200787794,0.01279357271914935,inner_localized,9
True,vel2,Bcc1,True,0.001,0.7025645794012891,0.03553544453640863,0.6257799607649092,-0.011250868457660908,0.640098252302304,-0.014888715096180845,0.476875124983497,-0.02787180130615306,inner_localized,9
True,vel2,Bcc2,True,0.001,1.458237734927996,0.27437340994270554,1.36675106353733,0.2200566598067428,1.4091168289850253,0.2094805966575128,1.116509384900891,0.19903050897399954,inner_localized,9
True,vel2,Bcc3,True,0.001,1.79340885838323,0.017694273415628868,1.6482288097941828,-0.004362943412868252,1.6942643937030073,0.0012188879658161936,1.3479445784058917,-0.05865197904444391,inner_localized,9
True,vel2,press,True,0.001,0.7750517591864919,0.01715917348967514,0.6922651743252183,-0.0018788581077662113,0.7195518445701506,0.003228559005147335,0.531873973123668,-0.04209908601605119,inner_localized,9
True,vel2,rho,True,0.001,1.0012081266169623,0.03516605269253357,0.8986509448148046,0.02416963424195989,0.9301206427884485,0.030832897971591347,0.6942280944721755,-0.01877518199853716,inner_localized,9
True,vel2,vel1,True,0.001,0.9309260207966579,-0.05212526060809409,0.8430679413186939,-0.07104947642542209,0.8659153500744909,-0.06559230119976109,0.662015239120438,-0.09125025704065831,inner_localized,9
False,vel2,vel2,False,0.001,1.6676585476194947,0.10608497727153061,1.5196491458471768,0.0921858131087927,1.5634653308072883,0.09101240310570965,1.2106695896786206,0.07513287170395026,inner_localized,9
True,vel2,vel3,True,0.001,1.4779824899424607,0.09997031079941156,1.3303375507264532,0.05490545135776837,1.3584036444666174,0.05710981985690517,1.070215527428122,0.012615442238168927,inner_localized,9
True,vel3,Bcc1,True,0.001,0.6893034392180108,0.03599090939474583,0.6191760107714872,0.014168217538468943,0.6348950049218538,0.01334524801665258,0.4713161570618246,0.0010665645693433152,inner_localized,9
True,vel3,Bcc2,True,0.001,1.3999379515610904,0.11882043545816343,1.2995547300974037,0.062258609087985244,1.3441240396573568,0.07037786067910418,0.9980213044894519,-0.0001783834504851381,inner_localized,9
True,vel3,Bcc3,True,0.001,1.7565390918576176,0.005863366074788137,1.6177876695003048,-0.004770251267519493,1.6591106450027613,-0.006513266670861867,1.3166275809185255,-0.010242427102837647,inner_localized,9
True,vel3,press,True,0.001,0.7732970579443609,0.19789699013296594,0.6976143206392983,0.15772941427421056,0.72010980368315,0.15153272769498755,0.537520619483031,0.1317160990585363,inner_localized,9
True,vel3,rho,True,0.001,0.9904425138498851,0.04875378022300527,0.8966463014140176,0.028917053917016655,0.9335644205549014,0.029118686543002006,0.6920663530866118,0.01694568539423746,inner_localized,9
True,vel3,vel1,True,0.001,0.9141698428493644,0.12215782284094374,0.8259403403167133,0.10497589343442287,0.8486605196392846,0.1037914610363026,0.6239148154207954,0.08701970279353512,inner_localized,9
True,vel3,vel2,True,0.001,1.6347613116956539,0.02091572684851921,1.4840175533040232,0.012325594316995345,1.527369471035568,0.010459834335018793,1.1461410013521314,0.001996341584295822,inner_localized,9
False,vel3,vel3,False,0.001,1.5236751749321922,0.36500018154361163,1.3952022562876032,0.3126938800884991,1.4040404202962171,0.30453935863711995,1.1686884861402802,0.2782620871166809,inner_localized,9
False,Bcc1,Bcc1,False,0.001,0.6841831207275391,0.01563222530686726,0.6113636228773329,-0.0005462273007658665,0.6274424195289612,0.0002316073920063334,0.44882696866989136,-0.02124028244085086,linear_log_r,9
True,Bcc1,Bcc2,True,0.001,1.3775020837783813,0.1502149931288812,1.2830084760983784,0.1346494757657825,1.325334072113037,0.13356431879833264,0.9847323298454285,0.12485221798542036,linear_log_r,9
True,Bcc1,Bcc3,True,0.001,1.754679560661316,0.0014214108599845037,1.602163208855523,-0.009745403422798168,1.6508735418319702,-0.008007198479122688,1.2071822881698608,-0.03397383845836372,linear_log_r,9
True,Bcc1,press,True,0.001,0.7568220496177673,0.03248603613634214,0.6753036578496298,0.026018389689504193,0.697054922580719,0.028635350767020198,0.5099117159843445,0.012778969009671952,linear_log_r,9
True,Bcc1,rho,True,0.001,0.9709647297859192,0.011919431539917397,0.8719997803370158,0.005529432478433421,0.9077559113502502,0.009959220212555735,0.660587728023529,-0.019576215640489943,linear_log_r,9
True,Bcc1,vel1,True,0.001,0.9040231108665466,0.008849796058838956,0.8106927076975504,-0.004785716568861368,0.8364155292510986,-0.009303515580057606,0.5892688632011414,-0.01637311689013946,linear_log_r,9
True,Bcc1,vel2,True,0.001,1.6152448654174805,0.05340853267793196,1.4628978040483263,0.02457455378202948,1.5094788074493408,0.025225989180847286,1.0851126909255981,-0.0045767720864305856,linear_log_r,9
True,Bcc1,vel3,True,0.001,1.42794668674469,0.09332739972610408,1.2904534339904785,0.08007545782765244,1.3183581829071045,0.08723572087898263,1.0125802755355835,0.053353024270071686,linear_log_r,9
True,Bcc2,Bcc1,True,0.001,0.7007094025611877,0.005921161018967205,0.6269475552770827,-0.011053936241492625,0.6485164761543274,-0.015487447146758341,0.438573956489563,-0.023940735680826112,linear_log_r,9
False,Bcc2,Bcc2,False,0.001,1.530383586883545,0.32456657685125573,1.4275925556818645,0.3050775210185806,1.494356632232666,0.30554759257593195,1.052839994430542,0.2809555554875335,linear_log_r,9
True,Bcc2,Bcc3,True,0.001,1.7902650833129883,0.004105469812616832,1.6441450781292386,-0.013813038601762471,1.7172760963439941,-0.01799011131293473,1.2058616876602173,-0.026041587417462674,linear_log_r,9
True,Bcc2,press,True,0.001,0.7740212082862854,0.012373078540274482,0.6942572726143731,-0.00558194108756431,0.7197062373161316,-0.00263563663729401,0.5135753750801086,-0.04259068675445163,linear_log_r,9
True,Bcc2,rho,True,0.001,0.9948539733886719,0.04371280728229969,0.8993589811854892,0.031148971931887745,0.9447437524795532,0.035134407555476185,0.6644267439842224,-0.009090441098860385,linear_log_r,9
True,Bcc2,vel1,True,0.001,0.9239233732223511,-0.045864045821755586,0.8355488379796346,-0.06106507566897539,0.8618643879890442,-0.056960708515293855,0.5944121479988098,-0.09032418174171654,linear_log_r,9
True,Bcc2,vel2,True,0.001,1.652952790260315,0.04474035795823928,1.5143883890575833,0.029587610710674395,1.5718964338302612,0.031020670678081785,1.1290327310562134,0.010306548072975739,linear_log_r,9
True,Bcc2,vel3,True,0.001,1.456367015838623,0.08045082485792354,1.320579515563117,0.054164822193225076,1.351155161857605,0.05291148366517117,0.9957046508789062,0.031155731122586187,linear_log_r,9
True,Bcc3,Bcc1,True,0.001,0.6258866786956787,0.000674036617753063,0.5664121276802487,-0.004492100827681674,0.5848287343978882,-0.004989249943734472,0.4371868073940277,-0.011430958493621562,linear_log_r,9
True,Bcc3,Bcc2,True,0.001,1.2212059497833252,-0.009426501831029768,1.1470561954710219,-0.03313075302411393,1.162075161933899,-0.032412469409137924,0.8954676389694214,-0.050123278664137676,linear_log_r,9
False,Bcc3,Bcc3,False,0.001,1.5103368759155273,0.019030610962577427,1.4099429183536105,0.00544193257923108,1.4368882179260254,0.003293679769595874,1.1597179174423218,0.0011725877884531232,linear_log_r,9
True,Bcc3,press,True,0.001,0.7012971043586731,-0.01795832766705903,0.6326368318663703,-0.03114595794681408,0.6506880521774292,-0.027698216704000682,0.48275065422058105,-0.0563202741637348,linear_log_r,9
True,Bcc3,rho,True,0.001,0.908892035484314,0.019504499396056977,0.8274859322441949,0.004564281397908076,0.8470452427864075,0.005133613996269323,0.653316855430603,-0.004454838858989003,linear_log_r,9
True,Bcc3,vel1,True,0.001,0.8062288761138916,0.0035074191060380697,0.7277428838941786,-0.013757893182633485,0.7473671436309814,-0.010874211940191341,0.5483959317207336,-0.047617240286553654,linear_log_r,9
True,Bcc3,vel2,True,0.001,1.4018213748931885,-0.0019444109913322274,1.3038728766971164,-0.016192085012346997,1.3311359882354736,-0.013248968185283958,1.0688716173171997,-0.036542383062612045,linear_log_r,9
True,Bcc3,vel3,True,0.001,1.2630778551101685,-0.053530406027893995,1.1654662556118436,-0.06817427282324094,1.1910542249679565,-0.06433902380870628,0.9390188455581665,-0.09262893886869061,linear_log_r,9
True,press,Bcc1,True,0.001,0.6809700131416321,0.019239218048033788,0.6060742172929976,0.0073348455706088445,0.628278911113739,0.008615040608133713,0.4439607560634613,-0.01515819437392215,linear_log_r,9
True,press,Bcc2,True,0.001,1.3545739650726318,0.007951135712058043,1.2569043967458937,-0.012961617096947034,1.2976369857788086,-0.015201965062928893,0.94845050573349,-0.028934259731281164,linear_log_r,9
True,press,Bcc3,True,0.001,1.7586424350738525,0.015513945765881268,1.5960308048460219,0.004435583084776547,1.6365594863891602,0.0037594473926828528,1.228857398033142,-0.006584294964280374,linear_log_r,9
False,press,press,False,0.001,0.7543608546257019,0.05642812364048889,0.6704301767879062,0.04611227133966281,0.6937511563301086,0.0447695334356606,0.5046053528785706,0.04173617797214199,linear_log_r,9
True,press,rho,True,0.001,0.9672295451164246,0.014577013327672335,0.8638195461697049,0.0022294258993831697,0.8920561671257019,9.13000540991961e-05,0.6533707976341248,-0.011609932968200174,linear_log_r,9
True,press,vel1,True,0.001,0.8970140814781189,0.04640603566994372,0.8060065905253092,0.03759002915904803,0.8349055051803589,0.03615790276049603,0.5914618372917175,0.03231994426747889,linear_log_r,9
True,press,vel2,True,0.001,1.6041752099990845,0.009087760755502338,1.4508850309583876,-0.003901120772274934,1.5159087181091309,-0.006156461457845261,1.054913878440857,-0.011553517035374657,linear_log_r,9
True,press,vel3,True,0.001,1.431004285812378,0.1050423530699227,1.2792766690254211,0.09001103941702283,1.312355399131775,0.0893538914426857,0.9856439232826233,0.06661007406503867,linear_log_r,9
True,rho,Bcc1,True,0.001,0.68257075548172,-0.003931075257001261,0.6101123558150398,-0.011549249956595939,0.6250075101852417,-0.011776936550558946,0.4417021870613098,-0.02051952708794361,linear_log_r,9
True,rho,Bcc2,True,0.001,1.3595662117004395,0.027370401559137135,1.258094588915507,0.012348490527039702,1.299120545387268,0.01064902047784067,0.9353779554367065,0.005212857190971708,linear_log_r,9
True,rho,Bcc3,True,0.001,1.7536160945892334,0.026903245673664148,1.5945554044511583,0.004250630511933406,1.641911268234253,0.0018176640312604286,1.170730471611023,-0.005407765350583711,linear_log_r,9
True,rho,press,True,0.001,0.7527384161949158,0.0549454231363214,0.669973181353675,0.021840893162311262,0.6958563327789307,0.017631020490656384,0.48549574613571167,0.0058336384605502155,linear_log_r,9
False,rho,rho,False,0.001,0.9695311784744263,0.04163320660591126,0.8689246310128106,0.02163560746240215,0.9047734141349792,0.018721464487729086,0.6250001788139343,0.016364710199259624,linear_log_r,9
True,rho,vel1,True,0.001,0.9027035236358643,-0.003788371364741933,0.8059257864952087,-0.00923030593167916,0.8366107940673828,-0.007372292344598966,0.5628714561462402,-0.019054409031704682,linear_log_r,9
True,rho,vel2,True,0.001,1.6117117404937744,0.03194833530566218,1.4542986551920574,0.01023064697279034,1.5106326341629028,0.006294971709651942,1.0587342977523804,0.0035948988609402076,linear_log_r,9
True,rho,vel3,True,0.001,1.421863079071045,0.03878392966232942,1.2777818772527907,0.023103943800679427,1.30888831615448,0.022847853980405335,0.9661763310432434,0.004114835725568582,linear_log_r,9
True,vel1,Bcc1,True,0.001,0.6763390898704529,0.0202192333407185,0.6057587597105238,0.00902827657140106,0.629000723361969,0.010454310166321435,0.4407755732536316,-0.005656787669308381,linear_log_r,9
True,vel1,Bcc2,True,0.001,1.3591033220291138,-0.10203028690648377,1.2684512270821466,-0.11588490048848518,1.3120269775390625,-0.1107202208101233,0.9744054079055786,-0.14160042560862163,linear_log_r,9
True,vel1,Bcc3,True,0.001,1.7187421321868896,0.025920564476224393,1.5799133512708876,0.0026003810485787896,1.635947346687317,0.001038549539071496,1.191357970237732,-0.009241253077590737,linear_log_r,9
True,vel1,press,True,0.001,0.7439231276512146,0.04304987786871101,0.6670556333329942,0.011166408438871839,0.6915416121482849,0.00862588674318932,0.5063682794570923,-0.011176926644451616,linear_log_r,9
True,vel1,rho,True,0.001,0.955193281173706,-0.008181166797143757,0.8606536785761515,-0.0163986715159379,0.8933296203613281,-0.018343079702221276,0.6601367592811584,-0.022095670247417286,linear_log_r,9
False,vel1,vel1,False,0.001,0.8881528377532959,0.06153052802968239,0.7992385228474935,0.04273667956815018,0.830895721912384,0.04126644053612257,0.5849354863166809,0.03100503996579541,linear_log_r,9
True,vel1,vel2,True,0.001,1.5795783996582031,-0.011789187655936206,1.4487753841612074,-0.019700020215742957,1.5048809051513672,-0.019509825029795203,1.0895832777023315,-0.029331909396851964,linear_log_r,9
True,vel1,vel3,True,0.001,1.3961094617843628,0.03615212134655628,1.2702056500646803,-0.0010906102013678877,1.3080952167510986,0.007242625750988015,0.978275716304779,-0.030906032640102655,linear_log_r,9
True,vel2,Bcc1,True,0.001,0.6971653699874878,-0.006655792449494238,0.6180418365531497,-0.023575137520153572,0.6385608911514282,-0.022775628086812258,0.4494529068470001,-0.05671029432947043,linear_log_r,9
True,vel2,Bcc2,True,0.001,1.4553327560424805,0.22418704209670626,1.3375114268726773,0.2024225794499617,1.37904953956604,0.2046455395088241,0.9950031638145447,0.18456203422978684,linear_log_r,9
True,vel2,Bcc3,True,0.001,1.8060673475265503,0.006630143120546043,1.6238088872697618,-0.007212465856001706,1.6799429655075073,-0.005107114289067841,1.175744891166687,-0.020223415356385253,linear_log_r,9
True,vel2,press,True,0.001,0.7709366083145142,0.026719100837065232,0.685442308584849,0.01810934703539928,0.7135704755783081,0.018977855373734018,0.5121436715126038,0.005272381962249153,linear_log_r,9
True,vel2,rho,True,0.001,0.9885022044181824,0.042414357276608194,0.8862077527576022,0.030265456756809177,0.921933650970459,0.031210141834200327,0.658959150314331,0.002969285272908465,linear_log_r,9
True,vel2,vel1,True,0.001,0.9246332049369812,-0.04149004118685231,0.822463870048523,-0.0507357595873372,0.853011965751648,-0.04898331837671861,0.6021047830581665,-0.068471188749124,linear_log_r,9
False,vel2,vel2,False,0.001,1.6629014015197754,0.07554967391146411,1.4929842816458807,0.06352899370986657,1.5468629598617554,0.06550155070742755,1.0975487232208252,0.03685991123723116,linear_log_r,9
True,vel2,vel3,True,0.001,1.4593311548233032,0.10073245705398307,1.3070167634222243,0.07629883524080928,1.3435254096984863,0.07625946095799067,0.9840461611747742,0.045837269017504234,linear_log_r,9
True,vel3,Bcc1,True,0.001,0.6490958333015442,0.02070921997138116,0.5815800891982185,0.003426386217027045,0.597135603427887,-0.0018556198357096575,0.43417686223983765,-0.013409820833903812,linear_log_r,9
True,vel3,Bcc2,True,0.001,1.2771552801132202,0.10154508131151851,1.1917218897077773,0.06913067078730929,1.2147572040557861,0.06264388345268106,0.9452345371246338,0.05079190382663246,linear_log_r,9
True,vel3,Bcc3,True,0.001,1.6025340557098389,0.028208544172627355,1.4731513129340277,0.011103337482635945,1.502803921699524,0.009869542446501317,1.1668236255645752,0.0017889389937763831,linear_log_r,9
True,vel3,press,True,0.001,0.7215506434440613,0.10741199089217802,0.6501518223020766,0.06708436723741522,0.666064977645874,0.06101936030862702,0.5127922892570496,0.05236809883648608,linear_log_r,9
True,vel3,rho,True,0.001,0.9319741129875183,0.033524845146219555,0.8419917954338921,0.02216028267790252,0.8703957796096802,0.02118785757229796,0.6546130180358887,0.01719346155238132,linear_log_r,9
True,vel3,vel1,True,0.001,0.8427990674972534,0.038262929160531645,0.7540223730934991,0.015089857876770184,0.7840664386749268,0.013541473064224879,0.5623073577880859,0.00373101130339537,linear_log_r,9
True,vel3,vel2,True,0.001,1.4893263578414917,0.0459330356233335,1.3492989010281033,0.0167516361913554,1.397162914276123,0.010947233494661241,1.0474040508270264,0.003628321407708001,linear_log_r,9
False,vel3,vel3,False,0.001,1.3478113412857056,0.19806950780863078,1.235963808165656,0.1371427337081945,1.2668373584747314,0.13967840636153986,1.0299818515777588,0.10576397717521208,linear_log_r,9
False,Bcc1,Bcc1,False,0.001,0.6888146996498108,0.02132899639210125,0.6092008186711205,0.0164582065809735,0.6298490762710571,0.01671739486896424,0.42567768692970276,0.010509206698191016,mid_frequency,9
True,Bcc1,Bcc2,True,0.001,1.3936219215393066,0.08743722780666169,1.2711641391118367,0.06872581291291557,1.324980616569519,0.06975886752817488,0.9117871522903442,0.037751425205517865,mid_frequency,9
True,Bcc1,Bcc3,True,0.001,1.7866878509521484,0.0021633848662532982,1.6126524342430963,-0.012528084665839854,1.6772115230560303,-0.014075063772835792,1.1371822357177734,-0.019309711643945914,mid_frequency,9
True,Bcc1,press,True,0.001,0.760869026184082,0.026569949055011463,0.6744279464085897,0.014444455243668587,0.7049307823181152,0.012583028567960251,0.4743342995643616,0.00740603528163058,mid_frequency,9
True,Bcc1,rho,True,0.001,0.9789525270462036,-0.006586819463047877,0.8722874389754401,-0.01241685507983066,0.9065750241279602,-0.011662110083504134,0.637033224105835,-0.016883473092847733,mid_frequency,9
True,Bcc1,vel1,True,0.001,0.9108718037605286,0.036915342614652395,0.8094054725435045,0.027969153013554095,0.8435914516448975,0.02987897712597485,0.5762401223182678,0.01536730014260428,mid_frequency,9
True,Bcc1,vel2,True,0.001,1.6370820999145508,0.01212055452712825,1.467542224460178,0.0016382272690648317,1.5257850885391235,0.002334007130939968,1.034052848815918,-0.007486127520288199,mid_frequency,9
True,Bcc1,vel3,True,0.001,1.4478495121002197,0.0925218475972827,1.293852494822608,0.07422665581699166,1.3207486867904663,0.071439262938751,0.9833440184593201,0.04759281915885597,mid_frequency,9
True,Bcc2,Bcc1,True,0.001,0.6934995055198669,-0.00597066931125473,0.6193610297309028,-0.012816105871681168,0.6428636908531189,-0.011652324964077233,0.4365483522415161,-0.02348760269724135,mid_frequency,9
False,Bcc2,Bcc2,False,0.001,1.4301010370254517,0.13475376959645127,1.3172379864586725,0.12450125193239907,1.3673402070999146,0.12858310350445573,0.9613679647445679,0.10588728899505274,mid_frequency,9
True,Bcc2,Bcc3,True,0.001,1.7942181825637817,-0.00696379249817624,1.6365478833516438,-0.017698989016910173,1.7122774124145508,-0.016529135401227458,1.1485711336135864,-0.028098609852911034,mid_frequency,9
True,Bcc2,press,True,0.001,0.7682476043701172,0.010360496989027464,0.6843201220035553,-0.001452468704066655,0.7131193280220032,-0.0005127847627413072,0.49418744444847107,-0.010079203951849018,mid_frequency,9
True,Bcc2,rho,True,0.001,0.9885707497596741,-0.003989005932661265,0.886281430721283,-0.018346901802011026,0.9256999492645264,-0.01633148466831608,0.6482129693031311,-0.043079644464173644,mid_frequency,9
True,Bcc2,vel1,True,0.001,0.9152347445487976,0.03880212495784416,0.8182136283980476,0.01815205792877078,0.8588958978652954,0.017571487402502063,0.5599704384803772,0.0010821132154473032,mid_frequency,9
True,Bcc2,vel2,True,0.001,1.6630480289459229,0.04594990144478387,1.4953669309616089,0.020944010273483214,1.5585812330245972,0.018206717902460673,1.0694828033447266,0.007745799356113492,mid_frequency,9
True,Bcc2,vel3,True,0.001,1.4462286233901978,0.06987896042392762,1.303844604227278,0.01781915408972748,1.3469582796096802,0.012832697622625493,0.9618391394615173,-0.005412179023995668,mid_frequency,9
True,Bcc3,Bcc1,True,0.001,0.6340504288673401,-0.007445250032620287,0.5778223541047838,-0.020256514547801266,0.6029574275016785,-0.022486693010626863,0.43325912952423096,-0.030557843183383265,mid_frequency,9
True,Bcc3,Bcc2,True,0.001,1.2799445390701294,-0.047288924136027796,1.1848947008450825,-0.056727539341770626,1.2120106220245361,-0.05291115150034012,0.9354529976844788,-0.08314498919294239,mid_frequency,9
False,Bcc3,Bcc3,False,0.001,1.5995758771896362,0.04102368401772136,1.4759611818525527,0.019445813652642575,1.4999948740005493,0.01964984448835997,1.160449743270874,0.006700743795924159,mid_frequency,9
True,Bcc3,press,True,0.001,0.7098620533943176,0.0015335638259393821,0.6487571696440378,-0.006733440024498469,0.669372022151947,-0.0031929658212177074,0.4956307113170624,-0.039005201197624885,mid_frequency,9
True,Bcc3,rho,True,0.001,0.9279139041900635,0.012123458929464476,0.8446984754668342,0.0037193667794681983,0.873478889465332,0.005539800006145385,0.6559431552886963,-0.010809035060525263,mid_frequency,9
True,Bcc3,vel1,True,0.001,0.8185064196586609,-0.022635812421729896,0.7467915746900771,-0.03503361949526828,0.7796331644058228,-0.030841182205058024,0.55585777759552,-0.06140999442072415,mid_frequency,9
True,Bcc3,vel2,True,0.001,1.4322794675827026,0.039467687581425104,1.3413849009407892,0.018853933283922916,1.3829234838485718,0.01761457750841181,1.047633409500122,0.003958024371941505,mid_frequency,9
True,Bcc3,vel3,True,0.001,1.2858176231384277,-0.0004252280663358376,1.205506059858534,-0.032364460697252836,1.2359659671783447,-0.022715923341269165,0.9614365100860596,-0.10200384742077544,mid_frequency,9
True,press,Bcc1,True,0.001,0.6806902885437012,0.02586049903644617,0.6054333249727885,0.020868325456715284,0.6236947774887085,0.021383268030269822,0.43383681774139404,0.01545408051032846,mid_frequency,9
True,press,Bcc2,True,0.001,1.3671321868896484,-0.001917809002492391,1.2562465800179377,-0.00937928660729295,1.3052692413330078,-0.008202462365625428,0.9326778650283813,-0.018973211503401633,mid_frequency,9
True,press,Bcc3,True,0.001,1.7715635299682617,0.016307059637127818,1.6016128063201904,0.007466406537177521,1.6456401348114014,0.008247466197177034,1.163316249847412,-0.008206780931009712,mid_frequency,9
False,press,press,False,0.001,0.7533100247383118,0.028670084400728393,0.6690131657653384,0.01475139135703571,0.6960020661354065,0.014158722444106594,0.4875251352787018,0.0022158528194216463,mid_frequency,9
True,press,rho,True,0.001,0.9620489478111267,0.0014264265464338404,0.8632021546363831,-0.0031608740671888427,0.896084189414978,-0.0027450366502118815,0.6442444920539856,-0.007856185777703072,mid_frequency,9
True,press,vel1,True,0.001,0.8997007608413696,0.014519371608990674,0.7994102438290914,0.011533274411249274,0.8294488787651062,0.012991531714678383,0.5619047284126282,0.005349863463848092,mid_frequency,9
True,press,vel2,True,0.001,1.6169096231460571,0.001145014236332316,1.4550461504194472,-0.007110515387386008,1.5112162828445435,-0.006752889082411862,1.083975911140442,-0.021023983852493856,mid_frequency,9
True,press,vel3,True,0.001,1.4243485927581787,0.07521949064521923,1.2759641408920288,0.06073919755955407,1.3184046745300293,0.05781225663441474,0.9560267925262451,0.05246463679967372,mid_frequency,9
True,rho,Bcc1,True,0.001,0.6840032339096069,-0.00819754752896809,0.609654469622506,-0.015591258080360805,0.6312214732170105,-0.015473492943193966,0.43558695912361145,-0.023154610486492627,mid_frequency,9
True,rho,Bcc2,True,0.001,1.3711719512939453,-0.025865691943922506,1.2617790699005127,-0.03770623836213823,1.316222906112671,-0.03512949983322856,0.901087760925293,-0.07281616087321065,mid_frequency,9
True,rho,Bcc3,True,0.001,1.76789128780365,0.01522809518046317,1.6086714930004544,0.004042738136178888,1.6694051027297974,0.0025585733837679607,1.1445680856704712,-0.001485155248678535,mid_frequency,9
True,rho,press,True,0.001,0.7565256953239441,0.010200369723499296,0.6748941308922238,-3.552412300058917e-05,0.7031255960464478,1.0540960538484949e-05,0.4833814203739166,-0.007037108967460285,mid_frequency,9
False,rho,rho,False,0.001,0.9708611965179443,0.016305077540296028,0.8722504377365112,0.008103392340923297,0.9048619866371155,0.006562078334263044,0.6398434638977051,-0.00019729326390330204,mid_frequency,9
True,rho,vel1,True,0.001,0.9039375185966492,-0.011982013065844342,0.805571562714047,-0.022997680901774703,0.8339623808860779,-0.020619458462621008,0.5554847121238708,-0.03683724920023188,mid_frequency,9
True,rho,vel2,True,0.001,1.6246188879013062,0.01644988460140546,1.4592432445949979,0.010127387272961468,1.5251826047897339,0.011157917443916707,1.0096861124038696,-0.0007583035590374125,mid_frequency,9
True,rho,vel3,True,0.001,1.432821273803711,0.0065120038614926885,1.2836197018623352,-0.01114767994923411,1.3253353834152222,-0.005111976902965972,0.9335038065910339,-0.03317255402823767,mid_frequency,9
True,vel1,Bcc1,True,0.001,0.6804585456848145,0.027764691133273504,0.6054080857170953,0.010669001108513492,0.6256126165390015,0.009724128271388426,0.4301387667655945,0.0035547927274685266,mid_frequency,9
True,vel1,Bcc2,True,0.001,1.3629183769226074,-0.06217060886722731,1.255940271748437,-0.07737751161890886,1.3100707530975342,-0.07784302521896326,0.8977205157279968,-0.08603728040718348,mid_frequency,9
True,vel1,Bcc3,True,0.001,1.7491575479507446,0.03516893017825012,1.5946224795447455,0.022031269185063564,1.6619473695755005,0.020893209571487985,1.126997709274292,0.015412405458813432,mid_frequency,9
True,vel1,press,True,0.001,0.7524263262748718,0.02001416225104905,0.6696096691820357,0.007471394571009789,0.6979450583457947,0.009104130228017994,0.48295894265174866,-0.0028105371240689024,mid_frequency,9
True,vel1,rho,True,0.001,0.9624251127243042,0.028668079597817097,0.8620627787378099,0.004663628688621146,0.8985275626182556,0.0027684759734702582,0.6302395462989807,-0.01408294129633585,mid_frequency,9
False,vel1,vel1,False,0.001,0.8949047327041626,-0.003958366300002193,0.795548763540056,-0.0138366101675758,0.827735960483551,-0.013889240513615194,0.5455589294433594,-0.0308454745927028,mid_frequency,9
True,vel1,vel2,True,0.001,1.6100608110427856,0.019293676734899585,1.448205868403117,0.0038681917269068255,1.5247726440429688,0.003803922303177599,1.0292837619781494,-0.006387200345019214,mid_frequency,9
True,vel1,vel3,True,0.001,1.4105764627456665,0.028672085092695965,1.2715958886676364,0.017438032473234433,1.3147400617599487,0.01903734164250108,0.9370212554931641,0.005743878343753761,mid_frequency,9
True,vel2,Bcc1,True,0.001,0.7023996114730835,0.015612732655540213,0.6208570864465501,0.0032244771183054712,0.6398399472236633,0.006398189556507689,0.4383305311203003,-0.019084734474811443,mid_frequency,9
True,vel2,Bcc2,True,0.001,1.4228452444076538,0.12371123486945823,1.296281185415056,0.11181244011461072,1.350896954536438,0.11311986007251351,0.9094246029853821,0.09001811158958133,mid_frequency,9
True,vel2,Bcc3,True,0.001,1.8405598402023315,-0.013194322733822279,1.6495176818635728,-0.02449936868458249,1.7155753374099731,-0.0262924269754225,1.1740169525146484,-0.03187646804666453,mid_frequency,9
True,vel2,press,True,0.001,0.7765506505966187,0.01635334617348039,0.6874109208583832,0.009950172737793113,0.7173528075218201,0.010247762921016814,0.49611303210258484,0.0030848591463198275,mid_frequency,9
True,vel2,rho,True,0.001,1.0005173683166504,-0.0027184344350371127,0.8921601308716668,-0.011016966878085496,0.9313133358955383,-0.011882288557763753,0.6482002139091492,-0.01948252722654609,mid_frequency,9
True,vel2,vel1,True,0.001,0.9339141249656677,0.0476845418209237,0.8254411750369601,0.031618516341830466,0.8580834865570068,0.03240292113706995,0.5737494230270386,0.01677064589244179,mid_frequency,9
False,vel2,vel2,False,0.001,1.681089997291565,0.01817571449265191,1.499932090441386,0.0031000811756733983,1.5399075746536255,0.002498070020548864,1.092911958694458,-0.011332633947743646,mid_frequency,9
True,vel2,vel3,True,0.001,1.4771418571472168,0.08856771320333569,1.3153519961569045,0.05777359664516833,1.3368414640426636,0.058479169737424376,0.9926274418830872,0.0429667710962479,mid_frequency,9
True,vel3,Bcc1,True,0.001,0.6685082316398621,0.051481926722984725,0.5987348126040565,0.03806498378945423,0.6181004643440247,0.03634245402408814,0.43154916167259216,0.025711053542003936,mid_frequency,9
True,vel3,Bcc2,True,0.001,1.3462811708450317,0.0798119265795069,1.234054684638977,0.05717385947987314,1.2910760641098022,0.047532951724427834,0.8911937475204468,0.03710906295119945,mid_frequency,9
True,vel3,Bcc3,True,0.001,1.7122234106063843,0.01013722986651644,1.549665755695767,0.0005739668895674348,1.6120067834854126,0.0018194400210400376,1.1208759546279907,-0.018298254543412478,mid_frequency,9
True,vel3,press,True,0.001,0.743707001209259,0.040128291197922786,0.6658712261252933,0.03330620074981749,0.6920059323310852,0.03266657210043909,0.49368467926979065,0.023315707600397768,mid_frequency,9
True,vel3,rho,True,0.001,0.959561288356781,0.0016425027158704756,0.8640294075012207,-0.0038727385973028167,0.9010553956031799,-0.0026240551932636565,0.6400007009506226,-0.018773254825718233,mid_frequency,9
True,vel3,vel1,True,0.001,0.8761121034622192,0.0669411446790353,0.7815062403678894,0.04499184296941621,0.8020780682563782,0.0435376853599937,0.5519015192985535,0.03051212072002548,mid_frequency,9
True,vel3,vel2,True,0.001,1.5638021230697632,-0.003625289632909903,1.4038704368803236,-0.010574893590635388,1.4506356716156006,-0.008695330808895396,1.013599157333374,-0.030367771339951905,mid_frequency,9
False,vel3,vel3,False,0.001,1.4121149778366089,0.18866802643688202,1.2812467018763225,0.1380266607206505,1.3089572191238403,0.13369502354463922,0.9836629629135132,0.10073585345778902,mid_frequency,9
False,Bcc1,Bcc1,False,0.001,0.6733166575431824,0.0005204754256305453,0.5989034573237101,-0.0042187644110462715,0.6149545907974243,-0.0036492281891464867,0.43317222595214844,-0.015640040612535107,outer_localized,9
True,Bcc1,Bcc2,True,0.001,1.3455674648284912,0.05496957534180309,1.2327859865294561,0.04373345555855567,1.277146816253662,0.04724746433060573,0.9014288783073425,0.02448460482045992,outer_localized,9
True,Bcc1,Bcc3,True,0.001,1.7132301330566406,0.011615119330520908,1.5529137717352972,-0.004870469119573143,1.603285312652588,-0.005840792085055189,1.140287160873413,-0.013192780182746363,outer_localized,9
True,Bcc1,press,True,0.001,0.7450372576713562,0.009160018215193973,0.6631526052951813,0.004897052935354206,0.6880663633346558,0.005435062192347824,0.4967678487300873,-0.002649986251857269,outer_localized,9
True,Bcc1,rho,True,0.001,0.9532778263092041,0.011181848037316313,0.8568696048524644,0.004298616067997113,0.8891816735267639,0.006691689291976451,0.6390866637229919,-0.01139962668298625,outer_localized,9
True,Bcc1,vel1,True,0.001,0.8848616480827332,0.005832539045223213,0.7861134476131864,-0.006180139538056299,0.8072810769081116,-0.005216142232302606,0.5562739372253418,-0.014114783730800088,outer_localized,9
True,Bcc1,vel2,True,0.001,1.5847276449203491,0.01769109756594272,1.4228163030412462,0.012972028349344808,1.4734715223312378,0.014459711270297436,1.038627028465271,0.002011393124435159,outer_localized,9
True,Bcc1,vel3,True,0.001,1.3930078744888306,0.0294404427841653,1.2510726385646396,0.01974053056042809,1.2755180597305298,0.021604364955105964,0.9416317343711853,0.01004007128193588,outer_localized,9
True,Bcc2,Bcc1,True,0.001,0.6857523918151855,-0.016973383357354738,0.6106969879733192,-0.02818896342878978,0.6292219161987305,-0.023900788404973554,0.4179340898990631,-0.05418234604662046,outer_localized,9
False,Bcc2,Bcc2,False,0.001,1.435110092163086,0.18118575717818688,1.3206572267744277,0.1583481270200643,1.3827463388442993,0.15651774909407704,0.9428737163543701,0.1360599503675733,outer_localized,9
True,Bcc2,Bcc3,True,0.001,1.731784462928772,0.010382763333105087,1.5811732212702434,-0.011671417668894919,1.6519654989242554,-0.01257904387402289,1.1298755407333374,-0.028826321531238458,outer_localized,9
True,Bcc2,press,True,0.001,0.7598786950111389,0.012673982168544805,0.6776144637001885,0.00023938139823033154,0.7045739889144897,0.0018253082793114107,0.4821396470069885,-0.022853054473446353,outer_localized,9
True,Bcc2,rho,True,0.001,0.9758208990097046,0.03910368069938994,0.8793132371372647,0.01992808149449723,0.9183326363563538,0.02135283923701131,0.6319448351860046,-0.007523935948046048,outer_localized,9
True,Bcc2,vel1,True,0.001,0.9028975963592529,-0.029765302842791025,0.8071598278151618,-0.043194767802204465,0.8365755081176758,-0.043006609313869425,0.5532892942428589,-0.054325639489297015,outer_localized,9
True,Bcc2,vel2,True,0.001,1.6059411764144897,0.05087421864253336,1.4511227740181818,0.0402758121281864,1.4981563091278076,0.03840365977059739,1.0289057493209839,0.028788857178341763,outer_localized,9
True,Bcc2,vel3,True,0.001,1.4104704856872559,0.04187627186537448,1.27243486377928,0.03178883154327408,1.3025904893875122,0.03341353495540094,0.927460253238678,0.010016780167676336,outer_localized,9
True,Bcc3,Bcc1,True,0.001,0.63922518491745,0.013105014540357462,0.5761969354417589,-0.00298310392515397,0.5991575717926025,-0.005976653557393746,0.4253646731376648,-0.014049053915336108,outer_localized,9
True,Bcc3,Bcc2,True,0.001,1.2578486204147339,-0.01164644226158715,1.1697100268469915,-0.017853097990225105,1.2037155628204346,-0.0190246223645154,0.8818087577819824,-0.02627966697263425,outer_localized,9
False,Bcc3,Bcc3,False,0.001,1.54483163356781,0.025135740193091623,1.443062464396159,0.011881086893802052,1.4879399538040161,0.010249473416755975,1.1169633865356445,0.007830793594714665,outer_localized,9
True,Bcc3,press,True,0.001,0.7097553610801697,-0.0005037452118541866,0.6428169939253066,-0.017615821984748436,0.6682532429695129,-0.017179673428125285,0.48835909366607666,-0.026358504416900318,outer_localized,9
True,Bcc3,rho,True,0.001,0.9248805046081543,0.031564857025048236,0.8386827972200182,0.012847449060931083,0.8759153485298157,0.011174072042669774,0.6409839987754822,0.006248061321546846,outer_localized,9
True,Bcc3,vel1,True,0.001,0.8252042531967163,0.00433078000646419,0.7426634298430549,-0.004794512751471356,0.774921178817749,-0.0040682269377155635,0.5412787199020386,-0.013997452781514156,outer_localized,9
True,Bcc3,vel2,True,0.001,1.4467785358428955,-0.007655255069657973,1.3282384739981756,-0.017772468058310894,1.3818392753601074,-0.01744600022004687,1.0147868394851685,-0.03036093571418714,outer_localized,9
True,Bcc3,vel3,True,0.001,1.2955052852630615,-0.035991405598367616,1.1864496204588149,-0.04564908798287627,1.226214051246643,-0.04309892867470247,0.9358947277069092,-0.05669207609722868,outer_localized,9
True,press,Bcc1,True,0.001,0.6726579666137695,0.009520269869158769,0.5950524972544776,0.005137242082603217,0.6170932650566101,0.006488407135623253,0.4146706759929657,-0.008899413543561364,outer_localized,9
True,press,Bcc2,True,0.001,1.3404278755187988,0.005627242343527857,1.2318771150377061,-0.014733553566322095,1.2772811651229858,-0.018456687735696975,0.9039721488952637,-0.027174842182042597,outer_localized,9
True,press,Bcc3,True,0.001,1.711968183517456,0.012611785870548243,1.5432778464423285,0.006637276292665874,1.5915045738220215,0.006569481168797565,1.0980037450790405,0.0018472536252610728,outer_localized,9
False,press,press,False,0.001,0.7416287660598755,0.03019085297231371,0.6602709657616086,0.020583353751351348,0.6881474256515503,0.0213283578064669,0.4750223457813263,0.013725631985100186,outer_localized,9
True,press,rho,True,0.001,0.9525604248046875,-0.00025335353498407494,0.8518709010548062,-0.00823132263294572,0.8820951581001282,-0.007342929601994172,0.6285391449928284,-0.022185366133185343,outer_localized,9
True,press,vel1,True,0.001,0.8839103579521179,0.0300110790580672,0.7857166793611314,0.022110859212547143,0.8117452263832092,0.022487818949225743,0.5574724674224854,0.014100949260981745,outer_localized,9
True,press,vel2,True,0.001,1.5811635255813599,0.005659047804376547,1.418814804818895,-0.001679473472244492,1.477553367614746,-0.002092972565145287,1.046406626701355,-0.007210155086633748,outer_localized,9
True,press,vel3,True,0.001,1.3943811655044556,0.05762174861708838,1.2466817100842793,0.04344869465524021,1.2796766757965088,0.04716337774250435,0.9373299479484558,0.03173874443105704,outer_localized,9
True,rho,Bcc1,True,0.001,0.6767593622207642,0.0018097528887100946,0.6026285456286536,-0.008700278661230416,0.6197518110275269,-0.006686668748633414,0.44079139828681946,-0.02170748263173044,outer_localized,9
True,rho,Bcc2,True,0.001,1.3469233512878418,-0.0043520679747891,1.2385326822598774,-0.010917075646684963,1.2800630331039429,-0.008747596951701278,0.889847457408905,-0.024392925894713563,outer_localized,9
True,rho,Bcc3,True,0.001,1.7196307182312012,0.010346776283923895,1.5568249358071222,0.0027396855381384847,1.6105211973190308,0.0018454896611405755,1.1355113983154297,-0.0038934293646167213,outer_localized,9
True,rho,press,True,0.001,0.7459670305252075,0.01643350849658315,0.6647717191113366,0.01055183383185727,0.6916656494140625,0.010727630043177231,0.488810271024704,0.0036095541460625354,outer_localized,9
False,rho,rho,False,0.001,0.9585906863212585,0.043784307594440415,0.8597391313976712,0.022325642740987774,0.8922377824783325,0.021627012449247453,0.6447347402572632,0.01365591613729027,outer_localized,9
True,rho,vel1,True,0.001,0.8899330496788025,-0.005330130460329501,0.7908872365951538,-0.015498709066564944,0.8231849670410156,-0.013996458724693397,0.5608685612678528,-0.03917775758185698,outer_localized,9
True,rho,vel2,True,0.001,1.5909548997879028,0.015144814453574174,1.426496426264445,0.003294722311891503,1.4764373302459717,0.0027405744659070043,1.0471858978271484,-0.0066801865580295465,outer_localized,9
True,rho,vel3,True,0.001,1.3980541229248047,0.0062992518925474765,1.2582136657502916,-0.005399278967169133,1.3012603521347046,-0.006528124311481365,0.9429885149002075,-0.016901126381928498,outer_localized,9
True,vel1,Bcc1,True,0.001,0.6676494479179382,0.030852103935377687,0.5955262978871664,0.013533037224652433,0.6143747568130493,0.012182244223802187,0.4245930314064026,0.0031017651683801183,outer_localized,9
True,vel1,Bcc2,True,0.001,1.3301454782485962,-0.04160168147017031,1.2312578823831346,-0.06889415203818736,1.2787280082702637,-0.06922288135692276,0.9111832976341248,-0.0861705550775854,outer_localized,9
True,vel1,Bcc3,True,0.001,1.6780205965042114,0.01702954768922831,1.535946461889479,0.008455006707490728,1.5936096906661987,0.008066189556432514,1.1338939666748047,-0.0017255701850650374,outer_localized,9
True,vel1,press,True,0.001,0.7360662817955017,0.02164933461791176,0.6570288274023268,0.00041903724472088156,0.6850454211235046,-0.0008016022482361017,0.48297107219696045,-0.008476428909269874,outer_localized,9
True,vel1,rho,True,0.001,0.9452637434005737,-0.01139027536594966,0.8470273481474982,-0.018141220116327697,0.8758772611618042,-0.019799974557659226,0.6290313005447388,-0.02609482009962088,outer_localized,9
False,vel1,vel1,False,0.001,0.8707432150840759,0.04474362623960626,0.7785978251033359,0.027812914416828094,0.8082680106163025,0.02656032093330655,0.5489571690559387,0.022647975285793594,outer_localized,9
True,vel1,vel2,True,0.001,1.5581419467926025,-0.014704581173204882,1.4061345259348552,-0.0204758853920934,1.4601376056671143,-0.018299706782758378,1.0213699340820312,-0.029013702682440787,outer_localized,9
True,vel1,vel3,True,0.001,1.3731619119644165,0.01313134425211269,1.2378019425604079,-0.01041984246264174,1.2755378484725952,-0.009474914978568762,0.9196569323539734,-0.027071946842873975,outer_localized,9
True,vel2,Bcc1,True,0.001,0.6878858804702759,-0.017162025787077023,0.6051906413502164,-0.029028493217893032,0.6209974884986877,-0.024422735054323692,0.42518121004104614,-0.07077013305047251,outer_localized,9
True,vel2,Bcc2,True,0.001,1.41168212890625,0.13003556565447935,1.2779003514183893,0.1094665735637225,1.3236987590789795,0.1083927531278515,0.9459428787231445,0.08587451839408487,outer_localized,9
True,vel2,Bcc3,True,0.001,1.7542881965637207,-0.004209137419744097,1.5690658887227376,-0.013107071054093193,1.6416430473327637,-0.012939444814454675,1.1282517910003662,-0.019474819264499867,outer_localized,9
True,vel2,press,True,0.001,0.7600192427635193,0.024707338379079354,0.6735500395298004,0.015910393087751388,0.7032044529914856,0.013777429444041546,0.49012187123298645,0.008940464302387294,outer_localized,9
True,vel2,rho,True,0.001,0.9762386083602905,0.0397755518637611,0.8734366695086161,0.02611698392822842,0.9050306677818298,0.02291552118076473,0.6538097858428955,0.016794542639190446,outer_localized,9
True,vel2,vel1,True,0.001,0.9108917117118835,-0.016421851984214777,0.7994618150922987,-0.032566025063988126,0.8255908489227295,-0.03405748182825637,0.5567347407341003,-0.05325083834461172,outer_localized,9
False,vel2,vel2,False,0.001,1.628340721130371,0.0653385867579354,1.4411754608154297,0.050080327365436064,1.4791390895843506,0.04563894284121142,1.048482060432434,0.03917946197672954,outer_localized,9
True,vel2,vel3,True,0.001,1.4264541864395142,0.05837782050576804,1.2701666156450908,0.04521980284409289,1.2929688692092896,0.040945303436499284,0.9615474343299866,0.033084971911933665,outer_localized,9
True,vel3,Bcc1,True,0.001,0.6615618467330933,0.01710153986097284,0.587182343006134,0.0013159573625275906,0.6071075201034546,0.0030102941340000196,0.40825140476226807,-0.020595026294182837,outer_localized,9
True,vel3,Bcc2,True,0.001,1.3196159601211548,0.0680045406858948,1.2130081388685439,0.05092101225848227,1.2522016763687134,0.0506289570670411,0.8743715286254883,0.030518301936851327,outer_localized,9
True,vel3,Bcc3,True,0.001,1.6410562992095947,0.024705293303538746,1.4818139870961506,0.009595156816702187,1.5468080043792725,0.009053720701451882,1.0258665084838867,-0.0015119437151086739,outer_localized,9
True,vel3,press,True,0.001,0.7358739972114563,0.046117753399655854,0.6558034420013428,0.037015918922833076,0.680831253528595,0.04013929286164312,0.47806185483932495,0.02732616135910708,outer_localized,9
True,vel3,rho,True,0.001,0.9484785795211792,0.006271520387393917,0.8532248139381409,-0.007339271809889719,0.8916836380958557,-0.005207079434496533,0.6261268258094788,-0.04014133930334409,outer_localized,9
True,vel3,vel1,True,0.001,0.8595449924468994,0.037598444609823284,0.7657603555255466,0.014970663227969047,0.7850595116615295,0.00993231641418134,0.5403077006340027,0.007541454233256124,outer_localized,9
True,vel3,vel2,True,0.001,1.5355665683746338,0.03449983757142482,1.3651353518168132,0.01880159863091274,1.4137792587280273,0.017596467524728817,0.9811527729034424,0.0063938867251769225,outer_localized,9
False,vel3,vel3,False,0.001,1.3745049238204956,0.1327090257427888,1.2459192474683125,0.10818383708630698,1.270508050918579,0.10341867892438183,0.935917317867279,0.08321290341230561,outer_localized,9
False,Bcc1,Bcc1,False,0.01,0.08304417878389359,,0.0747477805448903,,0.07598507404327393,,0.05625072494149208,,constant,9
True,Bcc1,Bcc2,True,0.01,0.19571207463741302,,0.17790893879201677,,0.1739494651556015,,0.15400241315364838,,constant,9
True,Bcc1,Bcc3,True,0.01,0.2376789003610611,,0.21420448356204563,,0.22017693519592285,,0.16363056004047394,,constant,9
True,Bcc1,press,True,0.01,0.09174924343824387,,0.08313695755269793,,0.08419755846261978,,0.06788015365600586,,constant,9
True,Bcc1,rho,True,0.01,0.11836553364992142,,0.10773531513081656,,0.11027252674102783,,0.08657693862915039,,constant,9
True,Bcc1,vel1,True,0.01,0.11404786258935928,,0.10068823811080721,,0.1022612452507019,,0.07502859830856323,,constant,9
True,Bcc1,vel2,True,0.01,0.21394391357898712,,0.18994215296374428,,0.1955530047416687,,0.13918998837471008,,constant,9
True,Bcc1,vel3,True,0.01,0.19532199203968048,,0.17958662741714054,,0.17676736414432526,,0.16531310975551605,,constant,9
True,Bcc2,Bcc1,True,0.01,0.09200091660022736,,0.08423346777757008,,0.08357763290405273,,0.0658225417137146,,constant,9
False,Bcc2,Bcc2,False,0.01,0.3308235704898834,,0.29936927060286206,,0.30041998624801636,,0.2030317634344101,,constant,9
True,Bcc2,Bcc3,True,0.01,0.26648008823394775,,0.2506475117471483,,0.2590997815132141,,0.2177608460187912,,constant,9
True,Bcc2,press,True,0.01,0.09926138818264008,,0.08970729841126336,,0.09240513294935226,,0.0684923455119133,,constant,9
True,Bcc2,rho,True,0.01,0.13386930525302887,,0.1241624438100391,,0.12521138787269592,,0.10049709677696228,,constant,9
True,Bcc2,vel1,True,0.01,0.12677279114723206,,0.11299828522735172,,0.11174924671649933,,0.0831153616309166,,constant,9
True,Bcc2,vel2,True,0.01,0.2345728725194931,,0.21417516966660818,,0.21397840976715088,,0.17595642805099487,,constant,9
True,Bcc2,vel3,True,0.01,0.2117110639810562,,0.1873590780629052,,0.18821699917316437,,0.14212819933891296,,constant,9
True,Bcc3,Bcc1,True,0.01,0.0951872318983078,,0.08501220825645658,,0.08503833413124084,,0.06433875858783722,,constant,9
True,Bcc3,Bcc2,True,0.01,0.2019500732421875,,0.18200933602121142,,0.18656085431575775,,0.148711159825325,,constant,9
False,Bcc3,Bcc3,False,0.01,0.3029390573501587,,0.272861467467414,,0.28080254793167114,,0.20609110593795776,,constant,9
True,Bcc3,press,True,0.01,0.09828761219978333,,0.09014188994963963,,0.09289053827524185,,0.0685657486319542,,constant,9
True,Bcc3,rho,True,0.01,0.1325313001871109,,0.11764376941654417,,0.12212126702070236,,0.08982549607753754,,constant,9
True,Bcc3,vel1,True,0.01,0.12441187351942062,,0.11080915894773272,,0.11417495459318161,,0.08054198324680328,,constant,9
True,Bcc3,vel2,True,0.01,0.24758462607860565,,0.22104510996076795,,0.22488990426063538,,0.1667838990688324,,constant,9
True,Bcc3,vel3,True,0.01,0.22670145332813263,,0.21080984009636772,,0.20860075950622559,,0.19605527818202972,,constant,9
True,press,Bcc1,True,0.01,0.092076376080513,,0.08018160776959525,,0.07816741615533829,,0.06248384714126587,,constant,9
True,press,Bcc2,True,0.01,0.18891096115112305,,0.17762684987650978,,0.18229706585407257,,0.1388034075498581,,constant,9
True,press,Bcc3,True,0.01,0.26428040862083435,,0.23785440458191764,,0.23846812546253204,,0.1998559683561325,,constant,9
False,press,press,False,0.01,0.09264107793569565,,0.08224766618675655,,0.08418896794319153,,0.06299327313899994,,constant,9
True,press,rho,True,0.01,0.12196964770555496,,0.10953523053063287,,0.11242763698101044,,0.08678153157234192,,constant,9
True,press,vel1,True,0.01,0.11713620275259018,,0.10373297664854261,,0.1032315343618393,,0.07990692555904388,,constant,9
True,press,vel2,True,0.01,0.22002850472927094,,0.19974109696017373,,0.20358113944530487,,0.16097839176654816,,constant,9
True,press,vel3,True,0.01,0.20929811894893646,,0.18603536155488756,,0.18231487274169922,,0.15437717735767365,,constant,9
True,rho,Bcc1,True,0.01,0.08818288892507553,,0.08013776606983608,,0.08100029826164246,,0.05832874774932861,,constant,9
True,rho,Bcc2,True,0.01,0.18417353928089142,,0.1687087913354238,,0.17417500913143158,,0.1395881623029709,,constant,9
True,rho,Bcc3,True,0.01,0.2632014751434326,,0.23878408637311724,,0.24281086027622223,,0.18391846120357513,,constant,9
True,rho,press,True,0.01,0.09274966269731522,,0.08497974193758434,,0.08714936673641205,,0.06824497878551483,,constant,9
False,rho,rho,False,0.01,0.1233198493719101,,0.1118294166194068,,0.11530626565217972,,0.08635617047548294,,constant,9
True,rho,vel1,True,0.01,0.1191621944308281,,0.10460651831494437,,0.10682947188615799,,0.0745667889714241,,constant,9
True,rho,vel2,True,0.01,0.22614461183547974,,0.20291034049457973,,0.2035047560930252,,0.15765851736068726,,constant,9
True,rho,vel3,True,0.01,0.212010458111763,,0.1971504721376631,,0.20323258638381958,,0.1781831830739975,,constant,9
True,vel1,Bcc1,True,0.01,0.08874731510877609,,0.07937726171480285,,0.07991135120391846,,0.05990317836403847,,constant,9
True,vel1,Bcc2,True,0.01,0.20902293920516968,,0.19759866926405165,,0.20394329726696014,,0.14818334579467773,,constant,9
True,vel1,Bcc3,True,0.01,0.2595333456993103,,0.23981950018141004,,0.24824701249599457,,0.1882704198360443,,constant,9
True,vel1,press,True,0.01,0.09323346614837646,,0.08381018787622452,,0.08680818229913712,,0.06378509849309921,,constant,9
True,vel1,rho,True,0.01,0.1239735335111618,,0.11309706171353658,,0.11726905405521393,,0.0883001759648323,,constant,9
False,vel1,vel1,False,0.01,0.11531257629394531,,0.10324785361687343,,0.10535894334316254,,0.07326672226190567,,constant,9
True,vel1,vel2,True,0.01,0.21127641201019287,,0.19608062671290505,,0.19855935871601105,,0.15979880094528198,,constant,9
True,vel1,vel3,True,0.01,0.2045445740222931,,0.18526131908098856,,0.18491291999816895,,0.15405696630477905,,constant,9
True,vel2,Bcc1,True,0.01,0.0881379097700119,,0.07907804101705551,,0.08151356130838394,,0.05671415477991104,,constant,9
True,vel2,Bcc2,True,0.01,0.2842072546482086,,0.24402394228511387,,0.24482570588588715,,0.16055727005004883,,constant,9
True,vel2,Bcc3,True,0.01,0.26180803775787354,,0.2318072799179289,,0.2388085126876831,,0.16774393618106842,,constant,9
True,vel2,press,True,0.01,0.09578005224466324,,0.08570689128504859,,0.08760704845190048,,0.06435941904783249,,constant,9
True,vel2,rho,True,0.01,0.12709751725196838,,0.11421100629700555,,0.11899497359991074,,0.08437969535589218,,constant,9
True,vel2,vel1,True,0.01,0.12389072775840759,,0.10831674271159702,,0.11016080528497696,,0.07460307329893112,,constant,9
False,vel2,vel2,False,0.01,0.22607667744159698,,0.2044256611002816,,0.2055038958787918,,0.16723766922950745,,constant,9
True,vel2,vel3,True,0.01,0.20064190030097961,,0.17964517242378658,,0.18345466256141663,,0.1378735899925232,,constant,9
True,vel3,Bcc1,True,0.01,0.08974986523389816,,0.07862759422924784,,0.07964043319225311,,0.05750907585024834,,constant,9
True,vel3,Bcc2,True,0.01,0.20782937109470367,,0.19052175515227848,,0.19904831051826477,,0.13664543628692627,,constant,9
True,vel3,Bcc3,True,0.01,0.2609282433986664,,0.23700598544544643,,0.2440149188041687,,0.1886536329984665,,constant,9
True,vel3,press,True,0.01,0.09295766800642014,,0.08322261273860931,,0.08587013930082321,,0.0644569844007492,,constant,9
True,vel3,rho,True,0.01,0.12234005331993103,,0.11051881396108204,,0.1135258674621582,,0.08473679423332214,,constant,9
True,vel3,vel1,True,0.01,0.1211479976773262,,0.10586877084440655,,0.1072062999010086,,0.07790852338075638,,constant,9
True,vel3,vel2,True,0.01,0.2284780889749527,,0.20260091953807408,,0.20249103009700775,,0.16148468852043152,,constant,9
False,vel3,vel3,False,0.01,0.21586254239082336,,0.1900223261780209,,0.18889634311199188,,0.15125130116939545,,constant,9
False,Bcc1,Bcc1,False,0.01,0.09572603379047119,0.1519264346810964,0.08452243861689798,0.0662045067358346,0.0855318209845913,0.06865535339811744,0.06662718603773034,-0.0047620209422711175,inner_localized,9
True,Bcc1,Bcc2,True,0.01,0.3545990797638345,0.7534129967549669,0.3185573509469043,0.714287270338724,0.30384190701496044,0.7141055481429023,0.29130162544856225,0.6884235851427235,inner_localized,9
True,Bcc1,Bcc3,True,0.01,0.26923157389352165,-0.07662048457704859,0.24046734249728308,-0.136684893178072,0.24678981285034496,-0.12557077927929575,0.19832653989354013,-0.25207805875806055,inner_localized,9
True,Bcc1,press,True,0.01,0.11921089108055181,0.41686206801254855,0.10461671280563152,0.33738174836933665,0.10042103233462765,0.376390253279697,0.08931880231611743,0.22780722103725043,inner_localized,9
True,Bcc1,rho,True,0.01,0.14598091816788425,0.16828770523937214,0.12867750828860583,0.13862142068320493,0.13126645274558382,0.1487027267118141,0.10047370049200657,0.03650651843518995,inner_localized,9
True,Bcc1,vel1,True,0.01,0.1349381288849192,0.09042046605509212,0.12278220540973776,0.01706416235913178,0.12495265155748436,0.056034385386133215,0.1039913656706432,-0.08889663229577605,inner_localized,9
True,Bcc1,vel2,True,0.01,0.2599885320656617,0.3004861907905021,0.23406854176929842,0.2417778438709201,0.2274046079757576,0.2349703977550313,0.19548789831923832,0.14533327551648081,inner_localized,9
True,Bcc1,vel3,True,0.01,0.3036289694088083,0.7644054371562202,0.2568624172724734,0.6706768657325558,0.25966747162744236,0.7106007013444046,0.22159844467630652,0.5583053397671424,inner_localized,9
True,Bcc2,Bcc1,True,0.01,0.12295033025445522,0.28219873087397074,0.11400695493527646,0.020871291783477755,0.11675063471499889,-0.021194086235532393,0.09600092297797937,-0.07516743350770902,inner_localized,9
False,Bcc2,Bcc2,False,0.01,0.671119133896776,0.8588067002097429,0.6196410826628058,0.8088050275569256,0.6300194638979115,0.8330643817168834,0.5369504414171243,0.7493669456493521,inner_localized,9
True,Bcc2,Bcc3,True,0.01,0.3269281582193469,-0.0024458998814116083,0.3133825018700131,-0.10830606614566664,0.3212557626519062,-0.07660333864683126,0.279266552881393,-0.29716352795425893,inner_localized,9
True,Bcc2,press,True,0.01,0.1344897827201952,0.02205091590557995,0.12924577238302726,-0.038412764543786254,0.13066294078009968,-0.017818424988691305,0.12237147971221683,-0.1323865097599126,inner_localized,9
True,Bcc2,rho,True,0.01,0.1723631872155182,0.24598507624292604,0.16320812350427516,0.1462445815588264,0.16628790892886572,0.14369620914683393,0.1370363913200135,-0.031069722100086045,inner_localized,9
True,Bcc2,vel1,True,0.01,0.19504452914264972,-0.0965819660028379,0.18203295858897517,-0.2716194315357773,0.17986489414363468,-0.2868551771377982,0.15744502290755646,-0.3720338868881226,inner_localized,9
True,Bcc2,vel2,True,0.01,0.3559155974337815,0.2537698330493732,0.33524494050081877,0.20481675168517535,0.3356474540023478,0.22034737570256005,0.2967487154453227,0.09004381240806869,inner_localized,9
True,Bcc2,vel3,True,0.01,0.27225436402883313,0.48601668711644386,0.26326767682637825,0.21981170764243252,0.2648950675067346,0.18952826373064852,0.24385118447847273,0.13295911560259868,inner_localized,9
True,Bcc3,Bcc1,True,0.01,0.10289671140293546,0.00876483035571413,0.09433864039876569,-0.07910459592312374,0.09563474927155668,-0.09334150088972652,0.0744685426037635,-0.14557550867995758,inner_localized,9
True,Bcc3,Bcc2,True,0.01,0.23754285201685738,0.027411214380107653,0.22160820328178557,-0.041979244129513295,0.23045220854593565,-0.017905804198842072,0.1814536560448203,-0.1472653688932528,inner_localized,9
False,Bcc3,Bcc3,False,0.01,0.29568280551927123,0.2399673746085711,0.2723714225910955,0.1916739537344644,0.28895323210675905,0.18419653777721273,0.19290415602351166,0.11797037963798747,inner_localized,9
True,Bcc3,press,True,0.01,0.10556495818882931,-0.0720550290616844,0.09928624840959069,-0.1058872082209234,0.10342708101433998,-0.10838733244614705,0.08040357115289994,-0.14665558335443465,inner_localized,9
True,Bcc3,rho,True,0.01,0.1397041612687207,0.09453683416692192,0.13117670718557548,0.06540304807400046,0.13705382567964947,0.061205923128152255,0.10488788663672725,0.041019240204638596,inner_localized,9
True,Bcc3,vel1,True,0.01,0.13651134887405328,-0.034219082849287236,0.1272377720815602,-0.11678250543001664,0.13205351722559436,-0.13300741428613705,0.10062049183967661,-0.17376798739683963,inner_localized,9
True,Bcc3,vel2,True,0.01,0.2656200686466735,0.04742170679326402,0.2489920142023307,-0.005696773218305479,0.2574779842780819,-0.012051874195529643,0.2086890613251365,-0.05738354560362874,inner_localized,9
True,Bcc3,vel3,True,0.01,0.23527550609561837,-0.15659156513835365,0.21746841541406672,-0.202195727737327,0.22272869782022822,-0.1964436264521321,0.18287682133178837,-0.30210733589640654,inner_localized,9
True,press,Bcc1,True,0.01,0.09384944104250914,0.09061823134577601,0.08158551849769,0.05894536342511642,0.08150229343785605,0.05764325193593218,0.06190550323757549,0.02782574995643846,inner_localized,9
True,press,Bcc2,True,0.01,0.22137160428593183,0.0072314061570350535,0.2011083567140845,-0.15032648127275816,0.20932736750408218,-0.10927644178799321,0.15027145446964826,-0.2961605278040391,inner_localized,9
True,press,Bcc3,True,0.01,0.308251160875032,0.07498109425940257,0.26267561226474245,0.03570062419456535,0.25292433815743554,0.037728151499527546,0.220731450362888,0.0012793828229472717,inner_localized,9
False,press,press,False,0.01,0.11450366613290704,0.6145374477318681,0.10170990503754315,0.5112267046956626,0.10291380303584355,0.4953133667828376,0.08216605080163782,0.4634308149490961,inner_localized,9
True,press,rho,True,0.01,0.1347630402304554,0.24488323589003694,0.11672194252740994,0.1194959056883747,0.1185855489126175,0.11762519114101339,0.08850974372087382,0.04862220016244541,inner_localized,9
True,press,vel1,True,0.01,0.140568026338102,0.46330727803732014,0.12345475859835961,0.43605754796213475,0.12079162125537522,0.4386660823079856,0.09698147904762501,0.41292293575148503,inner_localized,9
True,press,vel2,True,0.01,0.2508557588372087,-0.018990532592038006,0.22166722347342313,-0.06385236156803484,0.2211300564485822,-0.06597318685081122,0.1694651645103195,-0.09705408258087654,inner_localized,9
True,press,vel3,True,0.01,0.29790370451830056,0.7454081743063345,0.2537149656708684,0.7178027880478326,0.24944365021250547,0.7112460567529669,0.207145554253194,0.7023322158080583,inner_localized,9
True,rho,Bcc1,True,0.01,0.08517303825456132,-0.03529105700218017,0.0767667620771518,-0.08014070252629323,0.07783488648145714,-0.09439203802855868,0.05778211699617607,-0.10891706465599596,inner_localized,9
True,rho,Bcc2,True,0.01,0.18224119736201747,0.1557820418314162,0.1708337865770133,0.054403382992622165,0.17909657532552334,0.03697907766275349,0.13516043932202096,-0.0054188590738859805,inner_localized,9
True,rho,Bcc3,True,0.01,0.2578927730257972,0.09846157785446168,0.22697038976837203,0.06738667323079123,0.22897341722091538,0.07694589455583961,0.17735410793746162,0.030520419280497178,inner_localized,9
True,rho,press,True,0.01,0.09671872685663264,0.4612972236780256,0.08789002922515249,0.26881891152022164,0.08943921115632124,0.26968761581983663,0.0729160277793424,0.16580963637368454,inner_localized,9
False,rho,rho,False,0.01,0.12629316009838343,0.24340969780033206,0.11371112713151603,0.15706603070262293,0.11673050324502607,0.14730961895289968,0.08882944815334369,0.11826722736104263,inner_localized,9
True,rho,vel1,True,0.01,0.11947075244610027,0.1257005456578595,0.10727392196963428,0.0185554097473497,0.11080548827680875,0.05576237439989797,0.08209888381355308,-0.12350189671016099,inner_localized,9
True,rho,vel2,True,0.01,0.21499201446724026,0.12939221344247012,0.19699968412847754,0.07861126524093526,0.20267596558785234,0.07975512435210726,0.14802882957630334,0.02996139498247025,inner_localized,9
True,rho,vel3,True,0.01,0.22263777092920367,0.6134138154630812,0.1948869493536323,0.40636663637117204,0.18563291046815578,0.43333355511735355,0.1675726126177676,0.2507883160802843,inner_localized,9
True,vel1,Bcc1,True,0.01,0.0921649391749465,0.09592050202433867,0.0832243288491763,0.06270234266426596,0.08481587975119828,0.0582875016209879,0.06387798123824484,0.014648374008338818,inner_localized,9
True,vel1,Bcc2,True,0.01,0.31007378161393295,-0.4374893518870422,0.27561872356844286,-0.5530565470001533,0.2848283818261851,-0.5587746166856072,0.23157137522526833,-0.6493670357475342,inner_localized,9
True,vel1,Bcc3,True,0.01,0.2752444014098884,0.07169421706289034,0.2545814963925777,0.013900495177203705,0.26026313068050927,0.010308076446519116,0.21059003237426474,-0.02890460671930987,inner_localized,9
True,vel1,press,True,0.01,0.10027335436781373,0.37265867540575526,0.09197117439733987,0.2830719866652495,0.09468820510436327,0.2798399429229927,0.0725525735349997,0.23391717030752995,inner_localized,9
True,vel1,rho,True,0.01,0.12515852601280963,0.14257398391832835,0.1154511896375862,0.006923150525828297,0.11997246712282104,0.015850219020053433,0.08859777978645443,-0.06249790668352284,inner_localized,9
False,vel1,vel1,False,0.01,0.14328485091238324,0.417596087460662,0.12950628608833797,0.3666743221677864,0.12935621317364057,0.37010338652896174,0.10878161989340901,0.3159186676862945,inner_localized,9
True,vel1,vel2,True,0.01,0.24399527871580592,-0.14849018316691975,0.23100603672566894,-0.2066740255371796,0.23126004524588856,-0.2117613827264197,0.19503412813151647,-0.23189947649611506,inner_localized,9
True,vel1,vel3,True,0.01,0.2190341483970969,0.40055570269144164,0.1934081596842967,0.2884136345584701,0.19443554845068148,0.2299669181663008,0.14633617677308183,0.18374228155274216,inner_localized,9
True,vel2,Bcc1,True,0.01,0.1082651307144839,0.0674476292805294,0.09798570561323795,-0.06403780021889088,0.09939834322919507,-0.06943643443239403,0.07737796469795494,-0.13676253348786338,inner_localized,9
True,vel2,Bcc2,True,0.01,0.47905927771683204,0.7159711969520461,0.45141966516956344,0.6729444173676611,0.4624976195393574,0.7002514363443818,0.4014708341044685,0.6131501090976975,inner_localized,9
True,vel2,Bcc3,True,0.01,0.28036104323631783,0.037940574763051974,0.2634749387454619,-0.03953743155724982,0.2772026525260599,-0.022377633250970138,0.21743172213028206,-0.17662037189534543,inner_localized,9
True,vel2,press,True,0.01,0.11376242272629873,0.10703939490213975,0.10691219874362011,0.02827117041139945,0.10864187679540377,0.009284237077075404,0.0934612359679482,-0.11551775192877903,inner_localized,9
True,vel2,rho,True,0.01,0.15505259663180093,0.19963837001629584,0.14572541870361416,0.1571285517273451,0.15017461181727718,0.19060870491451679,0.12015552789899873,-0.03130010969165394,inner_localized,9
True,vel2,vel1,True,0.01,0.17454172221074832,-0.27204425130685617,0.16192406387671213,-0.334177155455041,0.16554748508617192,-0.3274958869992946,0.14172717283530073,-0.38932291783328404,inner_localized,9
False,vel2,vel2,False,0.01,0.3449711707217199,0.4637438733989171,0.32011413826563123,0.41916732205388474,0.31607596970057306,0.42960036770488735,0.2974209068668429,0.3292474168516447,inner_localized,9
True,vel2,vel3,True,0.01,0.2626494325786491,0.5032550578955858,0.24851654957830208,0.33820539393550064,0.2571889017336906,0.34558404358526434,0.20652827361394605,0.24571999571025682,inner_localized,9
True,vel3,Bcc1,True,0.01,0.10648558178458105,0.14082489173567947,0.09678695017154051,0.061968207650227716,0.09850041410329426,0.06871397885650588,0.07626481063752238,0.0017203828900339278,inner_localized,9
True,vel3,Bcc2,True,0.01,0.28391863607875323,0.5263744912436865,0.2511816820213208,0.28243724013701477,0.24459108678049366,0.32266154896227145,0.21088775759266362,-0.012215306132922094,inner_localized,9
True,vel3,Bcc3,True,0.01,0.3687460046259168,0.04885163203301639,0.3201616332362407,0.007412284109066923,0.3106982595144665,0.0023097951843534525,0.2841908505076677,-0.02135651391416584,inner_localized,9
True,vel3,press,True,0.01,0.14974410234356536,0.7636217863961432,0.14274141215399044,0.6919764746747794,0.1448021319390614,0.6755276847775463,0.12830240299119966,0.6611448850657844,inner_localized,9
True,vel3,rho,True,0.01,0.17366669617096758,0.2565226901569546,0.15802250585425268,0.16854383494859795,0.16083219115925976,0.16959277145834803,0.1320720542712244,0.09990611935462616,inner_localized,9
True,vel3,vel1,True,0.01,0.16875098161405216,0.4969808083654394,0.15459941669566601,0.4788733583276649,0.16150627502836437,0.48272644331841563,0.11950163510451527,0.4416441585860712,inner_localized,9
True,vel3,vel2,True,0.01,0.29696084838872244,0.16889911842560676,0.2633916495278467,0.07758915700061005,0.26168827782203424,0.07003150266762806,0.20896492653876106,0.04313559414993724,inner_localized,9
False,vel3,vel3,False,0.01,0.4899673753957376,0.9024242660344631,0.4534526605147384,0.8756948546655654,0.4565830502857596,0.8718677466434299,0.4124897070222918,0.8651973987101436,inner_localized,9
False,Bcc1,Bcc1,False,0.01,0.09030424058437347,0.06456864231561125,0.07992875079313914,-0.00617430086975509,0.08020029217004776,-0.024840722572472645,0.06014096736907959,-0.06601802825069034,linear_log_r,9
True,Bcc1,Bcc2,True,0.01,0.30333706736564636,0.6703650634537445,0.26971683237287736,0.6536672139936055,0.2553679645061493,0.6593570684194785,0.22311052680015564,0.6226909397890447,linear_log_r,9
True,Bcc1,Bcc3,True,0.01,0.26120319962501526,-0.010854582776166974,0.23111501998371548,-0.06382651369617423,0.2329259216785431,-0.0818766621844816,0.18275189399719238,-0.11029686630563816,linear_log_r,9
True,Bcc1,press,True,0.01,0.10826539248228073,0.23040101560158638,0.0949825214015113,0.15982530484626256,0.09201647341251373,0.17241719696618232,0.08111238479614258,0.09561474015264255,linear_log_r,9
True,Bcc1,rho,True,0.01,0.13296696543693542,0.09931758437868937,0.11783544802003437,0.05050575046565321,0.12028365582227707,0.07179193237788563,0.09046424180269241,-0.09389082262480083,linear_log_r,9
True,Bcc1,vel1,True,0.01,0.12526020407676697,0.01432320411403186,0.1126951848467191,-0.04838820814561439,0.11574958264827728,-0.06288839551072135,0.0879705622792244,-0.0920263165846679,linear_log_r,9
True,Bcc1,vel2,True,0.01,0.23603372275829315,0.2001088451335797,0.2158423943652047,0.17285251100184865,0.2147662490606308,0.1842302472013138,0.17208175361156464,0.08024100403892177,linear_log_r,9
True,Bcc1,vel3,True,0.01,0.2478889673948288,0.540048655733318,0.21128827664587232,0.4676522822644695,0.19564776122570038,0.44461127740320394,0.18224991858005524,0.38689483427483723,linear_log_r,9
True,Bcc2,Bcc1,True,0.01,0.11669576913118362,0.029982649204875228,0.1071102801296446,-0.06137879431743159,0.1088109165430069,-0.10849502395881484,0.09068766236305237,-0.14215247880301946,linear_log_r,9
False,Bcc2,Bcc2,False,0.01,0.6650558114051819,0.8201942968662502,0.5979805092016856,0.7839385877944127,0.6172369718551636,0.780699443764252,0.48751869797706604,0.7318468951250466,linear_log_r,9
True,Bcc2,Bcc3,True,0.01,0.32298198342323303,0.007685526082072079,0.2955731583966149,-0.06969249365568325,0.2945278584957123,-0.09744296249213778,0.2598593235015869,-0.1288880215179161,linear_log_r,9
True,Bcc2,press,True,0.01,0.1299840658903122,0.0008368317455539107,0.12081126206450993,-0.04104117343485522,0.11828473210334778,-0.034916228856813315,0.11670419573783875,-0.1461068678863967,linear_log_r,9
True,Bcc2,rho,True,0.01,0.16541333496570587,0.2402693664140596,0.15679786768224505,0.16883147205179597,0.16177070140838623,0.19642927330517665,0.13152490556240082,-0.05417135029419623,linear_log_r,9
True,Bcc2,vel1,True,0.01,0.1774912327528,-0.21615837895354176,0.1625605175892512,-0.3137990092456381,0.16116280853748322,-0.32664728802665044,0.14830221235752106,-0.39203936162885944,linear_log_r,9
True,Bcc2,vel2,True,0.01,0.32869255542755127,0.23066341316294273,0.30389320850372314,0.16545471172627133,0.3083184063434601,0.17879024325093185,0.27834028005599976,0.04708471817199831,linear_log_r,9
True,Bcc2,vel3,True,0.01,0.2656761407852173,0.36207422289101615,0.24542695615026686,0.27800319921991834,0.24456891417503357,0.2757520166045739,0.20524968206882477,0.19335364608487315,linear_log_r,9
True,Bcc3,Bcc1,True,0.01,0.09802666306495667,-0.03127688574904863,0.08870873517460293,-0.07258354543604921,0.09033069759607315,-0.0788030283282337,0.06828416138887405,-0.10168929388132401,linear_log_r,9
True,Bcc3,Bcc2,True,0.01,0.24704322218894958,-0.0048549504122560655,0.22354223827521005,-0.05409371760598873,0.23043552041053772,-0.03554389016014281,0.17211654782295227,-0.14296613842743547,linear_log_r,9
False,Bcc3,Bcc3,False,0.01,0.2757814824581146,0.12254453696967103,0.2530362721946504,0.1088722554552431,0.26822516322135925,0.11197511536159176,0.18371374905109406,0.07380256295216803,linear_log_r,9
True,Bcc3,press,True,0.01,0.10363297909498215,-0.12308536368145802,0.09726415326197942,-0.19707413640595162,0.10028049349784851,-0.21463068031886134,0.0784190222620964,-0.24847018984947755,linear_log_r,9
True,Bcc3,rho,True,0.01,0.13614124059677124,0.12683930897506704,0.12703469064500597,0.08800496290081862,0.13209441304206848,0.083785845763113,0.09842770546674728,0.05416189613909966,linear_log_r,9
True,Bcc3,vel1,True,0.01,0.1333867460489273,-0.09474783022263386,0.1215436491701338,-0.13879718817916015,0.12454048544168472,-0.1274971086247826,0.09494943171739578,-0.18660659743072117,linear_log_r,9
True,Bcc3,vel2,True,0.01,0.25032296776771545,-0.01128748171959832,0.23663460049364302,-0.07018476490756755,0.24434226751327515,-0.06709912189459974,0.1969090700149536,-0.14298158858429108,linear_log_r,9
True,Bcc3,vel3,True,0.01,0.24174174666404724,-0.3061695658947884,0.220306267340978,-0.3430633241661425,0.22403904795646667,-0.32337958207177014,0.1731799989938736,-0.41296935175041166,linear_log_r,9
True,press,Bcc1,True,0.01,0.08704418689012527,0.0966307759406809,0.07718774924675624,0.060876904095997775,0.07799834758043289,0.07092578751166943,0.05858515202999115,-0.012847193782874109,linear_log_r,9
True,press,Bcc2,True,0.01,0.19213779270648956,-0.02143698026713871,0.1794297198454539,-0.154509751444441,0.18616625666618347,-0.16944423471939474,0.13296595215797424,-0.21168095796925424,linear_log_r,9
True,press,Bcc3,True,0.01,0.26617270708084106,0.08351561287381795,0.2298039413160748,0.04204892680461223,0.23061837255954742,0.03556409358512706,0.18961948156356812,0.01700550618422128,linear_log_r,9
False,press,press,False,0.01,0.10277591645717621,0.4437581770695681,0.09111661050054762,0.34131504324378287,0.09300092607736588,0.3236609870576334,0.0730031281709671,0.3173571430195477,linear_log_r,9
True,press,rho,True,0.01,0.12632203102111816,0.11371024434782852,0.11296851684649785,0.018473123609959726,0.11591600626707077,0.005452147862424286,0.08830519765615463,-0.011070065945479313,linear_log_r,9
True,press,vel1,True,0.01,0.12342384457588196,0.3039710362242254,0.11050871180163489,0.26746943159309783,0.11022388935089111,0.2591755271960652,0.08445422351360321,0.2431606109311708,linear_log_r,9
True,press,vel2,True,0.01,0.23948590457439423,0.04526767775337111,0.20567070444424948,-0.01921259479994895,0.20642432570457458,-0.02862445004407589,0.15423350036144257,-0.052056968364288206,linear_log_r,9
True,press,vel3,True,0.01,0.25289738178253174,0.5946399483039638,0.2124968320131302,0.5451252008479006,0.21172644197940826,0.5438332966481769,0.1708509922027588,0.505564849599309,linear_log_r,9
True,rho,Bcc1,True,0.01,0.08454906195402145,-0.058268998288071715,0.07671808078885078,-0.07536779192781606,0.07925822585821152,-0.06983427470955951,0.05725523456931114,-0.09185240231678175,linear_log_r,9
True,rho,Bcc2,True,0.01,0.19437552988529205,0.11020356877219022,0.17844802803463405,0.030510009033678828,0.18803757429122925,0.05562780204282335,0.12550339102745056,-0.13633081925349644,linear_log_r,9
True,rho,Bcc3,True,0.01,0.24687843024730682,0.03142621321337447,0.22176267868942684,0.01696365957440507,0.2314462959766388,0.015712608595476955,0.1614803820848465,-0.004527658842099566,linear_log_r,9
True,rho,press,True,0.01,0.09267445653676987,0.2538595404776407,0.0846225842833519,0.12948227874859708,0.088043212890625,0.12078035378606904,0.06370747834444046,0.07894927935618785,linear_log_r,9
False,rho,rho,False,0.01,0.12377183139324188,0.17340807475183542,0.11307769268751144,0.15321168475675295,0.1190996989607811,0.15320517464197134,0.08350163698196411,0.12802966321633394,linear_log_r,9
True,rho,vel1,True,0.01,0.11778634786605835,-0.04689483552750252,0.10863004128138225,-0.0782982931567793,0.11248251795768738,-0.07016153512487106,0.08188022673130035,-0.11811993080731938,linear_log_r,9
True,rho,vel2,True,0.01,0.22137106955051422,0.07909401747798496,0.20187414354748195,0.04076966136821612,0.20796474814414978,0.04312743692674951,0.15203644335269928,0.008340862683881747,linear_log_r,9
True,rho,vel3,True,0.01,0.20383413136005402,0.22077524576224955,0.1800469011068344,0.12970891232640908,0.17996151745319366,0.14896435875806938,0.1354958564043045,0.033911261297036276,linear_log_r,9
True,vel1,Bcc1,True,0.01,0.08628284931182861,0.1306352782718954,0.07813572469684812,0.08207709315302801,0.07995527237653732,0.10617829813830858,0.0601138100028038,0.02201125353320439,linear_log_r,9
True,vel1,Bcc2,True,0.01,0.2943970561027527,-0.5152037089158253,0.2693186385764016,-0.5852935888045074,0.2823631465435028,-0.5624529227724967,0.19786018133163452,-0.6589530265669479,linear_log_r,9
True,vel1,Bcc3,True,0.01,0.24875934422016144,0.04462612208561669,0.22533673875861698,0.011381746951479555,0.23117880523204803,0.01152657696419771,0.18162861466407776,-0.03053788139835561,linear_log_r,9
True,vel1,press,True,0.01,0.09283562749624252,0.16206456308997008,0.08457834190792507,0.07183504779052431,0.08642715960741043,0.07862404114701074,0.06781613081693649,0.023101511592580976,linear_log_r,9
True,vel1,rho,True,0.01,0.123480424284935,0.015025670129242736,0.11478615386618508,-0.1163110804966082,0.1197223886847496,-0.1298714673300633,0.0858122929930687,-0.15311205857042848,linear_log_r,9
False,vel1,vel1,False,0.01,0.12669526040554047,0.3156877436348161,0.11436157673597336,0.2826131982507716,0.1163344532251358,0.2731936483790983,0.08885840326547623,0.25407863842803513,linear_log_r,9
True,vel1,vel2,True,0.01,0.22323723137378693,-0.09533217684709167,0.20628938410017225,-0.1493303672252851,0.20811085402965546,-0.13925401673268942,0.17058533430099487,-0.19576942790591992,linear_log_r,9
True,vel1,vel3,True,0.01,0.19364093244075775,0.09748142982016089,0.17594688634077707,-0.029315291948495897,0.17963193356990814,0.01639587221222778,0.12752245366573334,-0.19469772036287097,linear_log_r,9
True,vel2,Bcc1,True,0.01,0.10646604746580124,-0.026745893043478665,0.0962132000260883,-0.1450452536838524,0.09800442308187485,-0.18196192673545894,0.07527580112218857,-0.2141776629557847,linear_log_r,9
True,vel2,Bcc2,True,0.01,0.5029227137565613,0.715054676950088,0.4437669515609741,0.6738733375576889,0.44879698753356934,0.6724044114422181,0.361422598361969,0.612521795241195,linear_log_r,9
True,vel2,Bcc3,True,0.01,0.3062437176704407,0.0040069891355595235,0.2648208969169193,-0.04288506557393635,0.26523521542549133,-0.04923273857797649,0.21194615960121155,-0.09761591473590196,linear_log_r,9
True,vel2,press,True,0.01,0.11360321193933487,0.14420582879556165,0.10475373268127441,0.08474877018616248,0.10404546558856964,0.10180813962778838,0.09614960849285126,-0.02077915399342088,linear_log_r,9
True,vel2,rho,True,0.01,0.15410500764846802,0.28531303581601614,0.14321830123662949,0.1792852958581691,0.15050292015075684,0.1886803844853403,0.1114468052983284,-0.006805238555266375,linear_log_r,9
True,vel2,vel1,True,0.01,0.1530744433403015,-0.24848795033805235,0.14250824600458145,-0.30073160300161655,0.14717206358909607,-0.3086093833176641,0.12250950187444687,-0.3397733159128099,linear_log_r,9
False,vel2,vel2,False,0.01,0.2963179349899292,0.4267483630667129,0.2767496440145705,0.35405738428765104,0.27519088983535767,0.3579732603415564,0.2526014745235443,0.2525529105549604,linear_log_r,9
True,vel2,vel3,True,0.01,0.2566279470920563,0.4738707993228547,0.23710139758057064,0.3894102400413435,0.2467489242553711,0.39931572633959306,0.17654423415660858,0.27402881127107215,linear_log_r,9
True,vel3,Bcc1,True,0.01,0.10422040522098541,0.1784569104697173,0.09484642744064331,0.059292516028389426,0.09861358255147934,0.004983081064196116,0.07278060913085938,-0.012493419700725655,linear_log_r,9
True,vel3,Bcc2,True,0.01,0.29540878534317017,0.4941568120636598,0.2629474600156148,0.34921064449981887,0.2622247338294983,0.3139493967226771,0.23142901062965393,0.27922215201034734,linear_log_r,9
True,vel3,Bcc3,True,0.01,0.3309691846370697,0.09197855842235714,0.2852402991718716,0.045007154055507925,0.28757792711257935,0.04925059773862029,0.2351807951927185,0.017450603128000418,linear_log_r,9
True,vel3,press,True,0.01,0.14214478433132172,0.6003855815985553,0.13084493494696087,0.5627014719167529,0.13239657878875732,0.5659115448552992,0.11423987150192261,0.536178726543747,linear_log_r,9
True,vel3,rho,True,0.01,0.16908733546733856,0.09029993150869682,0.15744839111963907,0.060648499623447066,0.16083920001983643,0.05800815906202404,0.13160440325737,0.03274901531095836,linear_log_r,9
True,vel3,vel1,True,0.01,0.144317165017128,0.4114106911274349,0.13381654603613746,0.27957127168598866,0.14190740883350372,0.28279083437095204,0.09981223195791245,0.20566061740963298,linear_log_r,9
True,vel3,vel2,True,0.01,0.2808935344219208,0.17881225814063328,0.2479707830482059,0.09981160673265539,0.2565023601055145,0.0779614489992079,0.19201785326004028,0.038181654315043285,linear_log_r,9
False,vel3,vel3,False,0.01,0.45426294207572937,0.8360843544696293,0.41225918465190464,0.7982607789023223,0.40888404846191406,0.8068493094421245,0.3747172951698303,0.7682108647607093,linear_log_r,9
False,Bcc1,Bcc1,False,0.01,0.08817800879478455,0.20263398674760502,0.07789814596374829,0.13914927526729323,0.07799892127513885,0.13788748981966314,0.0575997419655323,0.09782638314446093,mid_frequency,9
True,Bcc1,Bcc2,True,0.01,0.24141165614128113,0.49930950921729594,0.20975730485386318,0.4361922594027028,0.20602849125862122,0.4505809649858191,0.1696930080652237,0.3435621798940077,mid_frequency,9
True,Bcc1,Bcc3,True,0.01,0.24374109506607056,-0.06745733417585795,0.2186490131749047,-0.10866459752874054,0.22380731999874115,-0.11762995240783224,0.16915957629680634,-0.13979462662927883,mid_frequency,9
True,Bcc1,press,True,0.01,0.09885255992412567,0.16126588134291533,0.08748939881722133,0.10187252219050048,0.0867329090833664,0.09214287015800159,0.06593405455350876,0.05984560500066393,mid_frequency,9
True,Bcc1,rho,True,0.01,0.1277027577161789,-0.06028199831270185,0.1128578210870425,-0.10770612427780332,0.11451005935668945,-0.10605075827246187,0.08707456290721893,-0.16139468546917107,mid_frequency,9
True,Bcc1,vel1,True,0.01,0.1294742375612259,0.26966076261698546,0.11149085230297512,0.20256627976143748,0.10823732614517212,0.19037253913373917,0.08489669859409332,0.16266355611872715,mid_frequency,9
True,Bcc1,vel2,True,0.01,0.23740819096565247,0.048957657706476275,0.20488929748535156,-0.007503795823384786,0.19706085324287415,-0.013607705355596533,0.1621677726507187,-0.051245497815318085,mid_frequency,9
True,Bcc1,vel3,True,0.01,0.2518348693847656,0.5093240769122435,0.21064325670401254,0.452071048489185,0.1904144138097763,0.46887619135963576,0.17401576042175293,0.3816948779352769,mid_frequency,9
True,Bcc2,Bcc1,True,0.01,0.0994802713394165,-0.02985715651195233,0.08830786827537748,-0.09090008630589727,0.09052407741546631,-0.09706986582990278,0.06487615406513214,-0.12184766461006892,mid_frequency,9
False,Bcc2,Bcc2,False,0.01,0.32224029302597046,0.5848124358456229,0.29731215205457473,0.5460990427450456,0.31016361713409424,0.5422967265726125,0.21138910949230194,0.515277342263615,mid_frequency,9
True,Bcc2,Bcc3,True,0.01,0.2705291211605072,-0.0745116766907007,0.247628938820627,-0.12413792291371314,0.2580537497997284,-0.12243619814659838,0.1948419064283371,-0.197551726127825,mid_frequency,9
True,Bcc2,press,True,0.01,0.10505197197198868,0.06690395570260055,0.09432815180884467,0.009762281967948377,0.09680081158876419,0.009015045017427725,0.07041594386100769,-0.03237428573984614,mid_frequency,9
True,Bcc2,rho,True,0.01,0.13763263821601868,-0.07348694199472407,0.12255451414320204,-0.10828134007548912,0.12602536380290985,-0.0989753483674348,0.09096317738294601,-0.21541594409095405,mid_frequency,9
True,Bcc2,vel1,True,0.01,0.13676096498966217,0.2952885775158374,0.12097611443863975,0.11819006390239435,0.11976250261068344,0.10634393448689747,0.09223078936338425,0.053188057298441775,mid_frequency,9
True,Bcc2,vel2,True,0.01,0.2977124750614166,0.15711835303794378,0.25249171753724414,0.09930737425484472,0.23590384423732758,0.10662476144008265,0.186958909034729,0.045565393665159534,mid_frequency,9
True,Bcc2,vel3,True,0.01,0.20700404047966003,0.34162901864603135,0.19284649027718437,0.09873252824592432,0.1938641220331192,0.08678569799775607,0.16618555784225464,-0.004637136798735669,mid_frequency,9
True,Bcc3,Bcc1,True,0.01,0.10855358093976974,-0.12107868862205656,0.09739658815993203,-0.15454577261489477,0.0946347564458847,-0.1507552461281975,0.07621931284666061,-0.18374289299848845,mid_frequency,9
True,Bcc3,Bcc2,True,0.01,0.2418350726366043,-0.33458957695166036,0.21942397124237484,-0.3841146538170941,0.22328977286815643,-0.39085809820486994,0.18613621592521667,-0.434591116908234,mid_frequency,9
False,Bcc3,Bcc3,False,0.01,0.30790460109710693,0.18398884909849042,0.26434000333150226,0.1566578878751395,0.267830491065979,0.1577819816890908,0.21062156558036804,0.1407665069447789,mid_frequency,9
True,Bcc3,press,True,0.01,0.10656534135341644,-0.04010884541277211,0.09708896362119251,-0.07092225473370521,0.09734601527452469,-0.06635571058491095,0.0779106616973877,-0.12366211614052608,mid_frequency,9
True,Bcc3,rho,True,0.01,0.1418582797050476,0.07834589014718264,0.12791167861885494,0.023219855646591705,0.1309347152709961,0.014405184008984282,0.09999596327543259,-0.018343102164631052,mid_frequency,9
True,Bcc3,vel1,True,0.01,0.14096474647521973,-0.22503141413267075,0.12697999013794792,-0.2612270883011066,0.1284923106431961,-0.26087161849619833,0.09535232931375504,-0.3071404266891789,mid_frequency,9
True,Bcc3,vel2,True,0.01,0.3097239136695862,0.19139621488856146,0.26377418637275696,0.12697700406058612,0.2493952363729477,0.11958598771450427,0.22297528386116028,0.09161316737163945,mid_frequency,9
True,Bcc3,vel3,True,0.01,0.24567870795726776,-0.16994720689222825,0.22409562766551971,-0.24601642905005605,0.2228907346725464,-0.23426766324371873,0.19344685971736908,-0.35181853328294255,mid_frequency,9
True,press,Bcc1,True,0.01,0.08351541310548782,0.18611187730564063,0.07388399624162251,0.16017537223405245,0.07560555636882782,0.1588757083990759,0.05646990239620209,0.1277942075969898,mid_frequency,9
True,press,Bcc2,True,0.01,0.1707412451505661,-0.024322056753187493,0.1577874148885409,-0.06284455825536221,0.16556738317012787,-0.060187237234728214,0.11849751323461533,-0.10096944665161978,mid_frequency,9
True,press,Bcc3,True,0.01,0.23942674696445465,0.07470110808491344,0.21578536762131584,0.056827093863055386,0.22045005857944489,0.06031586020374332,0.16986095905303955,0.0009600265601831309,mid_frequency,9
False,press,press,False,0.01,0.08974258601665497,0.15869959790323426,0.08065041734112634,0.12332734078842705,0.08374521881341934,0.11636664210967021,0.06230414658784866,0.10635562398109961,mid_frequency,9
True,press,rho,True,0.01,0.11711300164461136,0.04134126273521835,0.10445573180913925,-0.02377639014286292,0.10911324620246887,-0.0289653373958654,0.07782338559627533,-0.045752791074387254,mid_frequency,9
True,press,vel1,True,0.01,0.11262933909893036,0.12548671938467526,0.0994510981771681,0.09386191655660399,0.09977241605520248,0.08973062405440949,0.07329810410737991,0.07702003509196007,mid_frequency,9
True,press,vel2,True,0.01,0.20337356626987457,-0.01771781047219274,0.1856009132332272,-0.040280963005157315,0.190643772482872,-0.038694781684123825,0.13911205530166626,-0.07038930396395376,mid_frequency,9
True,press,vel3,True,0.01,0.20318537950515747,0.48155550650499385,0.1842305146985584,0.4137492957990304,0.18766704201698303,0.40344106506156274,0.1493152230978012,0.3730998966593049,mid_frequency,9
True,rho,Bcc1,True,0.01,0.08404159545898438,-0.07786707016124939,0.07710247900750902,-0.1266440794053363,0.08056402206420898,-0.11646107414647326,0.054762646555900574,-0.17164596396037987,mid_frequency,9
True,rho,Bcc2,True,0.01,0.186860591173172,-0.1509977860007578,0.17150006194909415,-0.2476762293323228,0.17951463162899017,-0.26977252260938456,0.12834925949573517,-0.3268590278902613,mid_frequency,9
True,rho,Bcc3,True,0.01,0.23390761017799377,0.06095494613389917,0.21139612793922424,0.023899459944625008,0.22002896666526794,0.01814420593868653,0.15049588680267334,0.010733747152191657,mid_frequency,9
True,rho,press,True,0.01,0.08972001075744629,0.03284033279759984,0.08230418960253398,0.0007478563876506724,0.08512912690639496,-0.004318402046255298,0.06282988935709,-0.014939033182812948,mid_frequency,9
False,rho,rho,False,0.01,0.11822782456874847,0.07618110351712573,0.10868882056739596,0.0402208051767323,0.11333047598600388,0.03363248195925619,0.08267684280872345,0.01697100877991257,mid_frequency,9
True,rho,vel1,True,0.01,0.11494405567646027,-0.11417281280452482,0.10445312079456118,-0.15092273054423808,0.10763837397098541,-0.1402804471833576,0.0778280720114708,-0.19701968481989737,mid_frequency,9
True,rho,vel2,True,0.01,0.2258356511592865,0.09941181314701067,0.2044087052345276,0.07581348001684053,0.20649509131908417,0.08674495377196102,0.1578710377216339,0.04424682111687505,mid_frequency,9
True,rho,vel3,True,0.01,0.19181080162525177,0.03690267635270533,0.17306412508090338,-0.07670009287825032,0.1800086945295334,0.006294227228460244,0.12370850890874863,-0.2293573382154985,mid_frequency,9
True,vel1,Bcc1,True,0.01,0.09394565969705582,0.09446393677677038,0.08253268318043815,0.0745826893534225,0.08321405202150345,0.075785971695262,0.06289748847484589,0.053244501913590224,mid_frequency,9
True,vel1,Bcc2,True,0.01,0.22779648005962372,-0.4398153711983578,0.20738016234503853,-0.4765394414972206,0.21990318596363068,-0.4836060994099486,0.14487533271312714,-0.5120578232552723,mid_frequency,9
True,vel1,Bcc3,True,0.01,0.26861968636512756,0.19235460277672597,0.24258817070060307,0.14228881745204489,0.2552182376384735,0.1310438846502265,0.1760951280593872,0.10249946738246732,mid_frequency,9
True,vel1,press,True,0.01,0.09697040915489197,0.13467425765844918,0.08754907631211811,0.04880020497707003,0.08986804634332657,0.0442271840736534,0.06466694921255112,0.001692568896075241,mid_frequency,9
True,vel1,rho,True,0.01,0.12540383636951447,0.1021998080616651,0.11235212203529146,0.04280958553811462,0.11646445095539093,0.03729986043781499,0.0818290114402771,0.0055724061206647085,mid_frequency,9
False,vel1,vel1,False,0.01,0.121711865067482,-0.042271771973791554,0.10827259471019109,-0.10113583947366671,0.11047864705324173,-0.11122301810050587,0.07516978681087494,-0.14644590739216987,mid_frequency,9
True,vel1,vel2,True,0.01,0.23474620282649994,0.04617957045699968,0.21476433840062883,0.01185968124402947,0.2163349986076355,0.021669511758156488,0.16038845479488373,-0.0410567689457193,mid_frequency,9
True,vel1,vel3,True,0.01,0.20618633925914764,0.19257271131320688,0.18808636566003165,0.08823815012491693,0.18722954392433167,0.09409882910661028,0.15616261959075928,-0.07033645408007434,mid_frequency,9
True,vel2,Bcc1,True,0.01,0.10111509263515472,0.0857968947708997,0.09091534299982919,0.036864435869632686,0.09257064759731293,0.038573522009828484,0.07148034870624542,-0.003545013459390787,mid_frequency,9
True,vel2,Bcc2,True,0.01,0.2984723746776581,0.5963833159886699,0.2746478186713325,0.5551567449324284,0.29109692573547363,0.5579479031425209,0.20361930131912231,0.5089059509053808,mid_frequency,9
True,vel2,Bcc3,True,0.01,0.2880120873451233,-0.12272962093318951,0.2542868389023675,-0.17388198934535287,0.264945387840271,-0.17113204770241966,0.20251654088497162,-0.22162534440255222,mid_frequency,9
True,vel2,press,True,0.01,0.10631851851940155,0.10536311956168919,0.09810780651039547,0.06905845196097489,0.10014655441045761,0.05690848055175323,0.07785691320896149,0.04647274583270797,mid_frequency,9
True,vel2,rho,True,0.01,0.14085397124290466,-0.02775648715147811,0.12630960014131334,-0.07469407493079444,0.13010616600513458,-0.0716798322246998,0.09389890730381012,-0.1124049178606459,mid_frequency,9
True,vel2,vel1,True,0.01,0.14675699174404144,0.28752742172228546,0.12854739112986457,0.1918856655271003,0.1285894811153412,0.1947825381960261,0.09617742151021957,0.12757656983322288,mid_frequency,9
False,vel2,vel2,False,0.01,0.2943863272666931,0.09336009982605221,0.2547444701194763,0.022051149815696933,0.24403519928455353,0.01787005458268934,0.23315230011940002,-0.027001474656082373,mid_frequency,9
True,vel2,vel3,True,0.01,0.23554253578186035,0.45412692263544535,0.2166792800029119,0.350328641589985,0.21337883174419403,0.352483738967465,0.19142696261405945,0.2996835066673134,mid_frequency,9
True,vel3,Bcc1,True,0.01,0.11220536381006241,0.32881718570522134,0.10007540550496843,0.28489837777027976,0.1024336889386177,0.27758615008774373,0.07588815689086914,0.22494666143866612,mid_frequency,9
True,vel3,Bcc2,True,0.01,0.2746538817882538,0.41457641478423823,0.2487744175725513,0.36585565015585597,0.26057353615760803,0.3717894877144892,0.20836152136325836,0.2526037083052771,mid_frequency,9
True,vel3,Bcc3,True,0.01,0.3085396885871887,0.07485508908661705,0.285291055838267,0.037265441502073546,0.2994611859321594,0.05502492056765416,0.2278890609741211,-0.07705755091302588,mid_frequency,9
True,vel3,press,True,0.01,0.12368641048669815,0.3119463063219882,0.11439925183852513,0.28290939076870614,0.11817123740911484,0.2837611058546604,0.09125448018312454,0.23592985052427615,mid_frequency,9
True,vel3,rho,True,0.01,0.14670325815677643,-0.025213825478194354,0.13583587772316402,-0.06201945863288284,0.1402738094329834,-0.07176443136918521,0.10612862557172775,-0.09510444390502529,mid_frequency,9
True,vel3,vel1,True,0.01,0.1617112159729004,0.39360935170904665,0.142381365928385,0.3421597588594463,0.14560291171073914,0.3410394388363131,0.10700441151857376,0.30767220308498244,mid_frequency,9
True,vel3,vel2,True,0.01,0.2770956754684448,-0.03808202669037037,0.25917556550767684,-0.07591937915705159,0.2651325464248657,-0.07732507185723034,0.2258206158876419,-0.13131961728453334,mid_frequency,9
False,vel3,vel3,False,0.01,0.38609302043914795,0.7547052047893772,0.3599104682604472,0.7111159569757233,0.37392809987068176,0.7111788187739182,0.302360862493515,0.6467896702480563,mid_frequency,9
False,Bcc1,Bcc1,False,0.01,0.08442241698503494,-0.017076180019003476,0.07416180769602458,-0.03584724058049284,0.07507216930389404,-0.026283026168520914,0.05448881909251213,-0.09310925706106418,outer_localized,9
True,Bcc1,Bcc2,True,0.01,0.22193168103694916,0.37295132399273695,0.19039101236396366,0.30785784830979757,0.18765951693058014,0.3181122017618137,0.13870549201965332,0.16716571964546947,outer_localized,9
True,Bcc1,Bcc3,True,0.01,0.23567147552967072,-0.0010344166626252548,0.2091090695725547,-0.04441256537413688,0.21533188223838806,-0.03310656767290161,0.1617373377084732,-0.0936461385029895,outer_localized,9
True,Bcc1,press,True,0.01,0.09583136439323425,0.07215821921994295,0.08467128624518712,0.025781270464274475,0.08528901636600494,0.02923038639410861,0.0688229650259018,-0.0470140638460922,outer_localized,9
True,Bcc1,rho,True,0.01,0.11844286322593689,0.09305529136072446,0.10648175577322642,0.03956940525890221,0.11151768267154694,0.05429643074425303,0.0792403295636177,-0.039717561087408766,outer_localized,9
True,Bcc1,vel1,True,0.01,0.11943581700325012,0.0040839488325500285,0.10519005689356062,-0.043154784203350095,0.10519503057003021,-0.032730158721026456,0.07773222774267197,-0.09235627271208327,outer_localized,9
True,Bcc1,vel2,True,0.01,0.2150113433599472,0.13691445390781562,0.19244762261708578,0.10949791025281302,0.19467532634735107,0.1231255058972424,0.14642028510570526,0.034044187767901794,outer_localized,9
True,Bcc1,vel3,True,0.01,0.19441060721874237,0.20937882843250968,0.1709386689795388,0.13565793124794384,0.16648760437965393,0.13262665362460924,0.14370177686214447,0.04384394561518755,outer_localized,9
True,Bcc2,Bcc1,True,0.01,0.1110953539609909,-0.12573765605518597,0.09786082721418804,-0.1643907655431138,0.09930495172739029,-0.13961479083925937,0.0724802017211914,-0.32987297635013835,outer_localized,9
False,Bcc2,Bcc2,False,0.01,0.48762956261634827,0.6093192293866612,0.4175610840320587,0.5589884314269127,0.4235495924949646,0.5436656943939978,0.285342812538147,0.5012011366041349,outer_localized,9
True,Bcc2,Bcc3,True,0.01,0.2934624254703522,-0.0016287805014143393,0.2681455910205841,-0.07245355857971024,0.2799442410469055,-0.07437380305086244,0.2101457715034485,-0.12500344156474313,outer_localized,9
True,Bcc2,press,True,0.01,0.125211700797081,0.045569711135084096,0.11116888374090195,-0.011950804337007606,0.11409229785203934,-0.0006706351514388065,0.09048003703355789,-0.10199439071669068,outer_localized,9
True,Bcc2,rho,True,0.01,0.1488443911075592,0.23425427126137377,0.13655866930882135,0.13340032673905375,0.14427118003368378,0.11425421777700791,0.10043473541736603,0.05276325020776716,outer_localized,9
True,Bcc2,vel1,True,0.01,0.17258471250534058,-0.20754653782737348,0.1527096943722831,-0.23836216851330003,0.14796307682991028,-0.22672833601339032,0.1187707930803299,-0.27934348477503845,outer_localized,9
True,Bcc2,vel2,True,0.01,0.29868370294570923,0.2819498703999683,0.2651193059153027,0.21611497164420979,0.262609601020813,0.21285637672574886,0.19848443567752838,0.1316400986428361,outer_localized,9
True,Bcc2,vel3,True,0.01,0.23591487109661102,0.24708701038255376,0.2118126716878679,0.1844942805289846,0.2086322009563446,0.2087307776399625,0.16950775682926178,0.06463547391028103,outer_localized,9
True,Bcc3,Bcc1,True,0.01,0.0965777263045311,0.03406735890680687,0.08780232237444983,-0.0368199571711699,0.0891956314444542,-0.0309117842970992,0.06820210814476013,-0.09930373210254206,outer_localized,9
True,Bcc3,Bcc2,True,0.01,0.2430381029844284,-0.05817773873428265,0.22061109211709765,-0.07187205365776635,0.22349530458450317,-0.07070791656225221,0.17466503381729126,-0.08618477144134552,outer_localized,9
False,Bcc3,Bcc3,False,0.01,0.260268896818161,0.12349961867989741,0.24077480534712473,0.08932260742691792,0.2522575557231903,0.0808715947388824,0.17722249031066895,0.059777561049809046,outer_localized,9
True,Bcc3,press,True,0.01,0.10190118104219437,-0.06405006518439045,0.09479204482502407,-0.11606184205681849,0.09678749740123749,-0.1289369864918295,0.07841583341360092,-0.16381230059314114,outer_localized,9
True,Bcc3,rho,True,0.01,0.1335764229297638,0.1997128664821069,0.12467005186610752,0.10041693295976228,0.12823761999607086,0.1015980315060825,0.10385581105947495,0.04173273621135507,outer_localized,9
True,Bcc3,vel1,True,0.01,0.12912878394126892,-0.005726706351003519,0.11773059517145157,-0.04731938309513077,0.12153324484825134,-0.047956335414373226,0.0912822037935257,-0.10141220929869738,outer_localized,9
True,Bcc3,vel2,True,0.01,0.25572362542152405,-0.010907161770307577,0.23477901187207964,-0.07540516127122147,0.2383977770805359,-0.08089602278216843,0.1911809891462326,-0.12053112921452715,outer_localized,9
True,Bcc3,vel3,True,0.01,0.2250864952802658,-0.22201890808206284,0.2093948092725542,-0.24508874114574247,0.2131849080324173,-0.22999613538352937,0.16721078753471375,-0.2821494471355932,outer_localized,9
True,press,Bcc1,True,0.01,0.08444944769144058,0.05811179508266687,0.0758209125035339,0.04173712950012701,0.07751093059778214,0.04326729153626267,0.05924827978014946,0.015142524028355099,outer_localized,9
True,press,Bcc2,True,0.01,0.19351449608802795,-0.06051332317750559,0.17542411386966705,-0.12966155454847195,0.18132106959819794,-0.14022158776056573,0.1311674416065216,-0.16896183881117413,outer_localized,9
True,press,Bcc3,True,0.01,0.23743002116680145,0.09834413429561796,0.21167957451608446,0.05869610136284827,0.21943673491477966,0.061268745789631394,0.16757073998451233,0.027712816532199057,outer_localized,9
False,press,press,False,0.01,0.09751223027706146,0.16127659366658362,0.08560800883505079,0.13776875553365195,0.0884842574596405,0.14171525828904502,0.06371922791004181,0.09891220910067734,outer_localized,9
True,press,rho,True,0.01,0.12589530646800995,-0.009126243652737474,0.11215302927626504,-0.055388520458654084,0.11708232015371323,-0.05472038275738301,0.08318828791379929,-0.10930568594170871,outer_localized,9
True,press,vel1,True,0.01,0.11968737095594406,0.19552635793174636,0.10729461659987767,0.16965267846818752,0.10814227163791656,0.17164202189974334,0.08173281699419022,0.1501267234321403,outer_localized,9
True,press,vel2,True,0.01,0.2264239490032196,0.04478579543330309,0.19792595505714417,0.0017051621497556975,0.1985665261745453,0.0007153013710413231,0.15213732421398163,-0.01647598047644999,outer_localized,9
True,press,vel3,True,0.01,0.20994612574577332,0.32562459137606575,0.1826380276017719,0.28250304434082185,0.1819409728050232,0.28827525543063964,0.1501874178647995,0.2370992848511898,outer_localized,9
True,rho,Bcc1,True,0.01,0.08490832895040512,-0.014472796081582164,0.07788510537809795,-0.07321994112892963,0.0811687707901001,-0.05132899926042377,0.05789291858673096,-0.1338099987544559,outer_localized,9
True,rho,Bcc2,True,0.01,0.20349054038524628,-0.05526647591602107,0.1838276121351454,-0.08503885792859404,0.18664515018463135,-0.06916869028701399,0.14871589839458466,-0.1778002571597958,outer_localized,9
True,rho,Bcc3,True,0.01,0.23481759428977966,0.061214646532448805,0.21384258402718437,0.026424104767105883,0.2269916981458664,0.02486922054062932,0.1495594084262848,-0.01721849678681196,outer_localized,9
True,rho,press,True,0.01,0.09390203654766083,0.1384037571321234,0.0850672432117992,0.07047767405714872,0.08714887499809265,0.05480034662229334,0.06336968392133713,0.013846195489329615,outer_localized,9
False,rho,rho,False,0.01,0.12419963628053665,0.2792940046680915,0.11386780275238885,0.1623898380781458,0.11772271245718002,0.16053020652274907,0.0863928273320198,0.11933677091503349,outer_localized,9
True,rho,vel1,True,0.01,0.11908480525016785,-0.042393837884195866,0.10923732237683402,-0.08927385359260673,0.11307308077812195,-0.07804363035382508,0.08479775488376617,-0.21488176220761793,outer_localized,9
True,rho,vel2,True,0.01,0.22624005377292633,0.0565507191812443,0.20650925901201037,0.016983106004323355,0.210374116897583,0.010784944455831438,0.16975848376750946,-0.001966223540302109,outer_localized,9
True,rho,vel3,True,0.01,0.22027233242988586,0.024382837876536775,0.1919625848531723,-0.04140914672875076,0.1871533989906311,-0.0658457627709564,0.13844309747219086,-0.09088591579995511,outer_localized,9
True,vel1,Bcc1,True,0.01,0.08705960959196091,0.2091901292416031,0.07812672977646191,0.11180559859615376,0.08033080399036407,0.10194481207711609,0.06034773960709572,0.06816515708536769,outer_localized,9
True,vel1,Bcc2,True,0.01,0.256004273891449,-0.32283151779486713,0.23198389675882128,-0.39922236257660093,0.2359076589345932,-0.3857618514577512,0.17126642167568207,-0.47003280550914966,outer_localized,9
True,vel1,Bcc3,True,0.01,0.2379416525363922,0.09634160922998894,0.21353067954381308,0.056015866024910405,0.22051851451396942,0.0514448758370075,0.16499988734722137,0.018985165184714648,outer_localized,9
True,vel1,press,True,0.01,0.09332623332738876,0.060348668556651906,0.08416726522975498,-0.010232245410559343,0.0863119438290596,-0.009485408546120034,0.06574288010597229,-0.0595866696921091,outer_localized,9
True,vel1,rho,True,0.01,0.12179530411958694,-0.09214720733600541,0.1111302019821273,-0.12250434817980525,0.11717992275953293,-0.11276284491645981,0.08360032737255096,-0.16672322243677276,outer_localized,9
False,vel1,vel1,False,0.01,0.12095337361097336,0.2705720591216213,0.10849953691164653,0.1937347336670054,0.10839270800352097,0.18309042339761586,0.08300402760505676,0.16899894325578466,outer_localized,9
True,vel1,vel2,True,0.01,0.21613194048404694,-0.09149725978330592,0.1969027982817756,-0.1449565681626206,0.1989104300737381,-0.13977617032955217,0.1549331098794937,-0.19955974202964719,outer_localized,9
True,vel1,vel3,True,0.01,0.18517528474330902,-0.009638280302669524,0.1686126473877165,-0.08996262556118323,0.17135222256183624,-0.07893774763670823,0.13301725685596466,-0.17514867158065536,outer_localized,9
True,vel2,Bcc1,True,0.01,0.10757278650999069,-0.11926866879035077,0.09450327687793308,-0.1778873135980827,0.09528985619544983,-0.16690046213022228,0.07426479458808899,-0.3531323311083941,outer_localized,9
True,vel2,Bcc2,True,0.01,0.39774665236473083,0.5207860706984879,0.3384714192814297,0.44783890634683426,0.33651620149612427,0.4396138919131508,0.27467843890190125,0.32221039992489364,outer_localized,9
True,vel2,Bcc3,True,0.01,0.27999693155288696,-0.042986675279486145,0.24343654182222155,-0.08839586805029137,0.24452637135982513,-0.09410035854172022,0.19777058064937592,-0.12876811398474308,outer_localized,9
True,vel2,press,True,0.01,0.11460273712873459,0.1615563771709181,0.10251092496845457,0.08316995682677814,0.10382573306560516,0.06659517797127322,0.09115105867385864,0.021330106517463948,outer_localized,9
True,vel2,rho,True,0.01,0.1447804868221283,0.2503947737783786,0.13015361626942953,0.15614662630996873,0.13673272728919983,0.13820921753877832,0.09990537166595459,0.08263475125367833,outer_localized,9
True,vel2,vel1,True,0.01,0.15486560761928558,-0.13086935717856918,0.13645238429307938,-0.18093125277769972,0.13493111729621887,-0.1792256979729104,0.1118612289428711,-0.25517783323217913,outer_localized,9
False,vel2,vel2,False,0.01,0.2862745523452759,0.3760251568496793,0.25087067319287193,0.2923997123117738,0.25271379947662354,0.2861445971636733,0.20009306073188782,0.23014251548091127,outer_localized,9
True,vel2,vel3,True,0.01,0.23715265095233917,0.34608017289903176,0.21331879165437487,0.2647289473577817,0.21655796468257904,0.26162351597576494,0.1652265340089798,0.16699515091033112,outer_localized,9
True,vel3,Bcc1,True,0.01,0.10578608512878418,0.09280225247004148,0.09624401231606801,0.026968407506641038,0.1004713773727417,0.023379198942014283,0.0738689973950386,-0.0804084378267134,outer_localized,9
True,vel3,Bcc2,True,0.01,0.29918912053108215,0.3204333974657582,0.2632283435927497,0.24118677424392365,0.2638205289840698,0.21571054105831736,0.22780606150627136,0.18287147341036758,outer_localized,9
True,vel3,Bcc3,True,0.01,0.2882675230503082,0.06580229790725682,0.2630302641126845,0.040030515686962524,0.2757152318954468,0.040231158406456816,0.1982126235961914,0.007010699610838075,outer_localized,9
True,vel3,press,True,0.01,0.11835772544145584,0.2817425624760364,0.10842529104815589,0.2385812999315236,0.11106227338314056,0.2507511325152306,0.08891744911670685,0.14705314660607657,outer_localized,9
True,vel3,rho,True,0.01,0.16287460923194885,-0.028796693798556584,0.14535208957062828,-0.09229035215525774,0.1470930129289627,-0.056686453978170126,0.10981426388025284,-0.26868131245067284,outer_localized,9
True,vel3,vel1,True,0.01,0.14173021912574768,0.20795664544409478,0.1303930166694853,0.11890750578071156,0.1355094462633133,0.11038348466013967,0.1053832620382309,0.07727820135715219,outer_localized,9
True,vel3,vel2,True,0.01,0.2619675397872925,0.20488280252080168,0.24162761867046356,0.10912409389075808,0.25305452942848206,0.08918242048344,0.19244302809238434,0.03711407524172363,outer_localized,9
False,vel3,vel3,False,0.01,0.32943904399871826,0.6388593227126487,0.30402958393096924,0.5544370037059625,0.3096882402896881,0.5213883868492593,0.2633618712425232,0.5017652426351621,outer_localized,9
