absolute_error,channel,delta_model,delta_persistence,delta_true,error_l2,ground_truth_available,grouped_absolute_error,input,metric_source,model,model_state_metric,persistence_error_l2,persistence_relative_skill,persistence_relative_skill_undefined,reference_domain,relative_error,relative_error_undefined,signed_transport_agreement,source_snapshot,step,target,target_snapshot,transport_cosine,transport_cosine_undefined
"[0.19885079313279252,0.09628858915982288,0.02224946598063629,0.0007703584531324539,8.084033702110329e-05,4.783537095449968e-06,1.7193784521438653e-07,1.0968360224782194e-08]",Bcc1,"[0.0,0.0,0.0,0.0,0.0,0.0,0.0,0.0]","[0.0,0.0,0.0,0.0,0.0,0.0,0.0,0.0]","[0.19885079313279252,0.09628858915982288,0.02224946598063629,0.0007703584531324539,8.084033702110329e-05,4.783537095449968e-06,1.7193784521438653e-07,-1.0968360224782194e-08]",0.22205577920552214,True,"{""inner"":0.1475696911463077,""middle"":0.0057763620769713244,""outer"":9.145310271958436e-08}","[0.27180618858697303,0.0854467269254583,0.04741220613813735,0.009089025060641617,0.0012488570588538046,0.00019830605334129545,5.6683552588220515e-05,1.837829383835528e-05]",computed_canonical_persistence,persistence,"[0.27180618858697303,0.0854467269254583,0.04741220613813735,0.009089025060641617,0.0012488570588538046,0.00019830605334129545,5.6683552588220515e-05,1.837829383835528e-05]",0.22205577920552214,0.0,False,canonical_oracle,1.0,False,0.0,91,1,"[0.47065698171976555,0.18173531608528118,0.06966167211877364,0.009859383513774071,0.0013296973958749079,0.00020308959043674541,5.68554904334349e-05,1.8367325478130496e-05]",92,,True
"[0.42140249832110427,0.15489456801034396,0.055967772018384904,0.012433605658712842,0.00096633617999934,0.001213250877560033,0.00010348792274849326,0.00042618722466544474]",Bcc1,"[-0.22255170518831174,-0.05860597885052106,-0.03371830603774861,0.013203964111845296,0.0010471765170204433,0.001218034414655483,0.00010365986059370766,0.00042617625630521995]","[0.0,0.0,0.0,0.0,0.0,0.0,0.0,0.0]","[0.19885079313279252,0.09628858915982288,0.02224946598063629,0.0007703584531324539,8.084033702110329e-05,4.783537095449968e-06,1.7193784521438653e-07,-1.0968360224782194e-08]",0.45261681030797224,True,"{""inner"":0.2881485331657241,""middle"":0.01764524118366428,""outer"":0.000264837573706969}","[0.27180618858697303,0.0854467269254583,0.04741220613813735,0.009089025060641617,0.0012488570588538046,0.00019830605334129545,5.6683552588220515e-05,1.837829383835528e-05]",frozen_rollout_saved_statistics,fno_plain,"[0.04925448339866128,0.02684074807493723,0.013693900100388736,0.022292989172486913,0.002296033575874248,0.0014163404679967784,0.00016034341318192817,0.0004445545501435752]",0.22205577920552214,-1.0383023217290641,False,canonical_oracle,2.038302321729064,False,0.5,91,1,"[0.47065698171976555,0.18173531608528118,0.06966167211877364,0.009859383513774071,0.0013296973958749079,0.00020308959043674541,5.68554904334349e-05,1.8367325478130496e-05]",92,-0.9788123723642822,False
"[0.43799860984003136,0.17944100746476704,0.0687327468874388,0.009040326053296553,0.0001235008145612634,3.0398806964136195e-06,1.1040074163573262e-05,9.28869670980739e-06]",Bcc1,"[-0.23914781670723886,-0.08315241830494416,-0.0464832809068025,-0.008269967600164099,-4.266047754016011e-05,1.7436563990363486e-06,-1.0868136318358875e-05,9.277728349582607e-06]","[0.0,0.0,0.0,0.0,0.0,0.0,0.0,0.0]","[0.19885079313279252,0.09628858915982288,0.02224946598063629,0.0007703584531324539,8.084033702110329e-05,4.783537095449968e-06,1.7193784521438653e-07,-1.0968360224782194e-08]",0.4783803830023431,True,"{""inner"":0.30871980865239923,""middle"":0.019474903408998257,""outer"":1.0164385436690326e-05}","[0.27180618858697303,0.0854467269254583,0.04741220613813735,0.009089025060641617,0.0012488570588538046,0.00019830605334129545,5.6683552588220515e-05,1.837829383835528e-05]",frozen_rollout_saved_statistics,fno_full,"[0.032658371879734166,0.002294308620514136,0.0009289252313348459,0.0008190574604775192,0.0012061965813136444,0.0002000497097403318,4.581541626986164e-05,2.7656022187937886e-05]",0.22205577920552214,-1.1543252993185176,False,canonical_oracle,2.1543252993185176,False,0.125,91,1,"[0.47065698171976555,0.18173531608528118,0.06966167211877364,0.009859383513774071,0.0013296973958749079,0.00020308959043674541,5.68554904334349e-05,1.8367325478130496e-05]",92,-0.989686745822004,False
"[0.22612231102696215,0.17881212874092378,0.05360775372673871,0.006640369636587288,0.0015819372616196876,0.00018606722016912948,5.8434620913257316e-05,0.000180242817546006]",Bcc1,"[-0.027271517894169622,-0.08252353958110091,-0.03135828774610242,-0.005870011183454834,0.0016627775986407908,0.00019085075726457944,5.86065587584717e-05,0.0001802318491857812]","[0.0,0.0,0.0,0.0,0.0,0.0,0.0,0.0]","[0.19885079313279252,0.09628858915982288,0.02224946598063629,0.0007703584531324539,8.084033702110329e-05,4.783537095449968e-06,1.7193784521438653e-07,-1.0968360224782194e-08]",0.29330110082671085,True,"{""inner"":0.20246721988394295,""middle"":0.015504031961278706,""outer"":0.00011933871922963165}","[0.27180618858697303,0.0854467269254583,0.04741220613813735,0.009089025060641617,0.0012488570588538046,0.00019830605334129545,5.6683552588220515e-05,1.837829383835528e-05]",frozen_rollout_saved_statistics,localno_plain,"[0.2445346706928034,0.002923187344357386,0.016053918392034926,0.0032190138771867834,0.0029116346574945954,0.0003891568106058749,0.00011529011134669222,0.00019861014302413648]",0.22205577920552214,-0.3208442575829027,False,canonical_oracle,1.3208442575829027,False,0.375,91,1,"[0.47065698171976555,0.18173531608528118,0.06966167211877364,0.009859383513774071,0.0013296973958749079,0.00020308959043674541,5.68554904334349e-05,1.8367325478130496e-05]",92,-0.6843248688770625,False
"[0.00017245573513631355,1.680032023046896e-05,0.00022318947859546718,4.6299394693061087e-07,6.832076489227704e-10,1.3292626761069584e-10,1.5492351716926933e-11,5.681359164571502e-13]",Bcc2,"[0.0,0.0,0.0,0.0,0.0,0.0,0.0,0.0]","[0.0,0.0,0.0,0.0,0.0,0.0,0.0,0.0]","[-0.00017245573513631355,-1.680032023046896e-05,-0.00022318947859546718,-4.6299394693061087e-07,-6.832076489227704e-10,-1.3292626761069584e-10,-1.5492351716926933e-11,5.681359164571502e-13]",0.00028255440017959147,True,"{""inner"":9.462802768339125e-05,""middle"":5.591332216907858e-05,""outer"":8.030243816692042e-12}","[0.0018369118197596765,0.0007160299727162892,0.0004742843825194035,3.3502702264312077e-06,9.612155570567787e-08,1.159494375407849e-08,1.8383856613932637e-09,1.6559271887730845e-10]",computed_canonical_persistence,persistence,"[0.0018369118197596765,0.0007160299727162892,0.0004742843825194035,3.3502702264312077e-06,9.612155570567787e-08,1.159494375407849e-08,1.8383856613932637e-09,1.6559271887730845e-10]",0.00028255440017959147,0.0,False,canonical_oracle,1.0,False,0.0,91,1,"[0.001664456084623363,0.0006992296524858203,0.00025109490392393634,2.887276279500597e-06,9.54383480567551e-08,1.1462017486467794e-08,1.8228933096763368e-09,1.661608547937656e-10]",92,,True
"[0.0004368589624852816,0.00022942867459464593,0.00020781325087282636,8.303003985315914e-07,2.2983787846752405e-08,7.366912681700728e-09,2.9645236460290735e-09,3.794949190480024e-09]",Bcc2,"[-0.0006093146976215952,0.00021262835436417697,-1.5376227722640817e-05,3.6730645160098053e-07,-2.3666995495675175e-08,7.233986414090032e-09,2.9490312943121466e-09,3.795517326396481e-09]","[0.0,0.0,0.0,0.0,0.0,0.0,0.0,0.0]","[-0.00017245573513631355,-1.680032023046896e-05,-0.00022318947859546718,-4.6299394693061087e-07,-6.832076489227704e-10,-1.3292626761069584e-10,-1.5492351716926933e-11,5.681359164571502e-13]",0.0005354160130896092,True,"{""inner"":0.0003331438185399638,""middle"":5.21684754929716e-05,""outer"":3.379736418254549e-09}","[0.0018369118197596765,0.0007160299727162892,0.0004742843825194035,3.3502702264312077e-06,9.612155570567787e-08,1.159494375407849e-08,1.8383856613932637e-09,1.6559271887730845e-10]",frozen_rollout_saved_statistics,fno_plain,"[0.0012275971221380813,0.0009286583270804662,0.0004589081547967627,3.717576678032188e-06,7.24545602100027e-08,1.8828930168168522e-08,4.78741695570541e-09,3.96111004527379e-09]",0.00028255440017959147,-0.894913024710636,False,canonical_oracle,1.894913024710636,False,0.5,91,1,"[0.001664456084623363,0.0006992296524858203,0.00025109490392393634,2.887276279500597e-06,9.54383480567551e-08,1.1462017486467794e-08,1.8228933096763368e-09,1.661608547937656e-10]",92,0.5753311867460741,False
"[0.001419371179452882,0.0006979500364642087,0.0002497660563114768,2.0591304679786843e-06,6.0027416868273634e-09,1.978774053339969e-08,4.140551852193712e-09,6.7061864104502595e-09]",Bcc2,"[-0.0015918269145891956,-0.0007147503566946777,-0.000472955534906944,-2.522124414909295e-06,5.319534037904593e-09,1.9654814265788993e-08,4.125059500476785e-09,6.706754546366716e-09]","[0.0,0.0,0.0,0.0,0.0,0.0,0.0,0.0]","[-0.00017245573513631355,-1.680032023046896e-05,-0.00022318947859546718,-4.6299394693061087e-07,-6.832076489227704e-10,-1.3292626761069584e-10,-1.5492351716926933e-11,5.681359164571502e-13]",0.0016012920164214996,True,"{""inner"":0.0010586606079585454,""middle"":6.296274431541894e-05,""outer"":5.423369131321986e-09}","[0.0018369118197596765,0.0007160299727162892,0.0004742843825194035,3.3502702264312077e-06,9.612155570567787e-08,1.159494375407849e-08,1.8383856613932637e-09,1.6559271887730845e-10]",frozen_rollout_saved_statistics,fno_full,"[0.00024508490517048085,1.2796160216115e-06,1.3288476124595419e-06,8.281458115219125e-07,1.0144108974358246e-07,3.124975801986748e-08,5.963445161870049e-09,6.872347265244025e-09]",0.00028255440017959147,-4.667199008062585,False,canonical_oracle,5.667199008062585,False,0.625,91,1,"[0.001664456084623363,0.0006992296524858203,0.00025109490392393634,2.887276279500597e-06,9.54383480567551e-08,1.1462017486467794e-08,1.8228933096763368e-09,1.661608547937656e-10]",92,0.7675531819579814,False
"[0.0008553318528950848,0.0003494165760585757,0.0007998686070180025,1.1964234701870937e-05,1.469549461106482e-08,1.806653825319238e-08,1.9617129072460242e-08,3.4392003268127934e-08]",Bcc2,"[-0.0010277875880313984,0.00033261625582810673,0.0005766791284225353,1.1501240754940325e-05,-1.537870225998759e-08,1.7933611985581685e-08,1.9601636720743315e-08,3.439257140404439e-08]","[0.0,0.0,0.0,0.0,0.0,0.0,0.0,0.0]","[-0.00017245573513631355,-1.680032023046896e-05,-0.00022318947859546718,-4.6299394693061087e-07,-6.832076489227704e-10,-1.3292626761069584e-10,-1.5492351716926933e-11,5.681359164571502e-13]",0.0012221364308931952,True,"{""inner"":0.0006023742144768303,""middle"":0.0002029664009381844,""outer"":2.7004566170294088e-08}","[0.0018369118197596765,0.0007160299727162892,0.0004742843825194035,3.3502702264312077e-06,9.612155570567787e-08,1.159494375407849e-08,1.8383856613932637e-09,1.6559271887730845e-10]",frozen_rollout_saved_statistics,localno_plain,"[0.000809124231728278,0.001048646228544396,0.0010509635109419387,1.4851510981371533e-05,8.074285344569028e-08,2.9528555739660175e-08,2.1440022382136577e-08,3.45581641229217e-08]",0.00028255440017959147,-3.325313745304995,False,canonical_oracle,4.325313745304995,False,0.375,91,1,"[0.001664456084623363,0.0006992296524858203,0.00025109490392393634,2.887276279500597e-06,9.54383480567551e-08,1.1462017486467794e-08,1.8228933096763368e-09,1.661608547937656e-10]",92,0.12411381694673997,False
"[7.291403276912524e-08,2.737204202504079e-07,3.3455938719476877e-07,1.8397935690838186e-06,8.034243102584824e-07,1.5639299310377487e-07,1.2174182882248526e-08,7.255070134513218e-10]",Bcc3,"[0.0,0.0,0.0,0.0,0.0,0.0,0.0,0.0]","[0.0,0.0,0.0,0.0,0.0,0.0,0.0,0.0]","[-7.291403276912524e-08,2.737204202504079e-07,3.3455938719476877e-07,1.8397935690838186e-06,8.034243102584824e-07,1.5639299310377487e-07,1.2174182882248526e-08,7.255070134513218e-10]",2.0608512349838804e-06,True,"{""inner"":1.7331722650976657e-07,""middle"":7.835425649102111e-07,""outer"":6.4498449478499236e-09}","[2.9027696326365886e-05,2.8374360520490112e-05,2.417688878432193e-05,1.4885474830711057e-05,6.670950837228213e-06,1.3216880898272698e-06,1.0433962052279493e-07,4.966731611834715e-09]",computed_canonical_persistence,persistence,"[2.9027696326365886e-05,2.8374360520490112e-05,2.417688878432193e-05,1.4885474830711057e-05,6.670950837228213e-06,1.3216880898272698e-06,1.0433962052279493e-07,4.966731611834715e-09]",2.0608512349838804e-06,0.0,False,canonical_oracle,1.0,False,0.0,91,1,"[2.895478229359676e-05,2.864808094074052e-05,2.45114481715167e-05,1.6725268399794875e-05,7.4743751474866955e-06,1.4780810829310447e-06,1.1651380340504346e-07,5.692238625286037e-09]",92,,True
"[6.138385272164711e-06,1.057803072738575e-05,9.190558130360646e-06,1.787356374391128e-06,3.143290539845165e-07,3.2741373262093325e-07,2.6672971987829163e-08,6.74273968584337e-09]",Bcc3,"[-6.211299304933836e-06,-1.0304310307135342e-05,-8.855998743165877e-06,5.243719469269057e-08,4.890952562739659e-07,-1.710207395171584e-07,-1.4498789105580637e-08,7.468246699294692e-09]","[0.0,0.0,0.0,0.0,0.0,0.0,0.0,0.0]","[-7.291403276912524e-08,2.737204202504079e-07,3.3455938719476877e-07,1.8397935690838186e-06,8.034243102584824e-07,1.5639299310377487e-07,1.2174182882248526e-08,7.255070134513218e-10]",1.540916184593183e-05,True,"{""inner"":8.35820799977523e-06,""middle"":2.9049143228393055e-06,""outer"":1.6707855836836265e-08}","[2.9027696326365886e-05,2.8374360520490112e-05,2.417688878432193e-05,1.4885474830711057e-05,6.670950837228213e-06,1.3216880898272698e-06,1.0433962052279493e-07,4.966731611834715e-09]",frozen_rollout_saved_statistics,fno_plain,"[2.281639702143205e-05,1.807005021335477e-05,1.5320890041156054e-05,1.4937912025403747e-05,7.160046093502179e-06,1.1506673503101115e-06,8.98408314172143e-08,1.2434978311129406e-08]",2.0608512349838804e-06,-6.477085965427464,False,canonical_oracle,7.477085965427464,False,0.5,91,1,"[2.895478229359676e-05,2.864808094074052e-05,2.45114481715167e-05,1.6725268399794875e-05,7.4743751474866955e-06,1.4780810829310447e-06,1.1651380340504346e-07,5.692238625286037e-09]",92,-0.15801603850543292,False
"[5.969415890329482e-06,9.735945250986937e-06,1.0998818861756797e-05,4.63518119009385e-06,1.1475911553839203e-06,4.326395397828544e-08,1.1410835717738138e-08,1.1002069425400593e-08]",Bcc3,"[-6.042329923098607e-06,-9.46222483073653e-06,-1.0664259474562028e-05,-2.7953876210100317e-06,-3.441668451254379e-07,1.996569470820603e-07,2.3585018599986664e-08,1.1727576438851914e-08]","[0.0,0.0,0.0,0.0,0.0,0.0,0.0,0.0]","[-7.291403276912524e-08,2.737204202504079e-07,3.3455938719476877e-07,1.8397935690838186e-06,8.034243102584824e-07,1.5639299310377487e-07,1.2174182882248526e-08,7.255070134513218e-10]",1.6559002551573053e-05,True,"{""inner"":7.85268057065821e-06,""middle"":4.206213790303213e-06,""outer"":1.1206452571569366e-08}","[2.9027696326365886e-05,2.8374360520490112e-05,2.417688878432193e-05,1.4885474830711057e-05,6.670950837228213e-06,1.3216880898272698e-06,1.0433962052279493e-07,4.966731611834715e-09]",frozen_rollout_saved_statistics,fno_full,"[2.298536640326728e-05,1.8912135689753583e-05,1.3512629309759902e-05,1.2090087209701025e-05,6.326783992102775e-06,1.5213450369093301e-06,1.279246391227816e-07,1.669430805068663e-08]",2.0608512349838804e-06,-7.035030510925052,False,canonical_oracle,8.035030510925052,False,0.5,91,1,"[2.895478229359676e-05,2.864808094074052e-05,2.45114481715167e-05,1.6725268399794875e-05,7.4743751474866955e-06,1.4780810829310447e-06,1.1651380340504346e-07,5.692238625286037e-09]",92,-0.34235648164942273,False
"[1.4319295243519733e-05,1.2904357856363947e-05,1.2300278951798317e-05,5.592394206413035e-06,1.9498027183996355e-06,7.392641994715759e-07,1.0725078099293123e-08,1.2316552700354776e-08]",Bcc3,"[-1.4392209276288858e-05,-1.263063743611354e-05,-1.1965719564603548e-05,-3.7526006373292162e-06,-1.1463784081411531e-06,-5.82871206367801e-07,2.289926098154165e-08,1.3042059713806097e-08]","[0.0,0.0,0.0,0.0,0.0,0.0,0.0,0.0]","[-7.291403276912524e-08,2.737204202504079e-07,3.3455938719476877e-07,1.8397935690838186e-06,8.034243102584824e-07,1.5639299310377487e-07,1.2174182882248526e-08,7.255070134513218e-10]",2.3632285376794034e-05,True,"{""inner"":1.361182654994184e-05,""middle"":5.145435019020641e-06,""outer"":1.152081539982395e-08}","[2.9027696326365886e-05,2.8374360520490112e-05,2.417688878432193e-05,1.4885474830711057e-05,6.670950837228213e-06,1.3216880898272698e-06,1.0433962052279493e-07,4.966731611834715e-09]",frozen_rollout_saved_statistics,localno_plain,"[1.4635487050077028e-05,1.5743723084376573e-05,1.2211169219718383e-05,1.113287419338184e-05,5.52457242908706e-06,7.388168834594689e-07,1.2723888150433658e-07,1.8008791325640813e-08]",2.0608512349838804e-06,-10.467244687838363,False,canonical_oracle,11.467244687838363,False,0.375,91,1,"[2.895478229359676e-05,2.864808094074052e-05,2.45114481715167e-05,1.6725268399794875e-05,7.4743751474866955e-06,1.4780810829310447e-06,1.1651380340504346e-07,5.692238625286037e-09]",92,-0.30324124828994586,False
"[3.236473673163192e-05,0.005074873719408237,1.1529782125781955,0.023268640174566257,0.0012707707194318067,0.0005760591990772394,0.000641168652036686,0.00013297513135297062]",rho,"[0.0,0.0,0.0,0.0,0.0,0.0,0.0,0.0]","[0.0,0.0,0.0,0.0,0.0,0.0,0.0,0.0]","[3.236473673163192e-05,0.005074873719408237,1.1529782125781955,0.023268640174566257,0.0012707707194318067,0.0005760591990772394,-0.000641168652036686,0.00013297513135297062]",1.1532251814664716,True,"{""inner"":0.0025536192280699345,""middle"":0.2945234206678177,""outer"":0.00038707189169482834}","[4.925295019685286e-05,4.301986869674118e-06,0.7411831637398182,0.11525965032959762,0.025708315521698933,0.01487694678368372,0.06475721389962978,0.0455905746226645]",computed_canonical_persistence,persistence,"[4.925295019685286e-05,4.301986869674118e-06,0.7411831637398182,0.11525965032959762,0.025708315521698933,0.01487694678368372,0.06475721389962978,0.0455905746226645]",1.1532251814664716,0.0,False,canonical_oracle,1.0,False,0.0,91,1,"[8.161768692848479e-05,0.005079175706277911,1.8941613763180136,0.13852829050416388,0.02697908624113074,0.01545300598276096,0.0641160452475931,0.04572354975401747]",92,,True
"[7.758919162611459e-05,0.005078263105943053,1.8941576084575078,0.13849782858253376,0.02694502327153617,0.01512314103064553,0.0346248486964786,0.08099152728581474]",rho,"[-4.5224454894482664e-05,-3.3893865348170007e-06,-0.7411793958793123,-0.1152291884079675,-0.025674252552104364,-0.01454708183156829,0.03398368004444191,0.0811245024171677]","[0.0,0.0,0.0,0.0,0.0,0.0,0.0,0.0]","[3.236473673163192e-05,0.005074873719408237,1.1529782125781955,0.023268640174566257,0.0012707707194318067,0.0005760591990772394,-0.000641168652036686,0.00013297513135297062]",1.9015135393388283,True,"{""inner"":0.002577926148784584,""middle"":0.5186809003355558,""outer"":0.05780818799114667}","[4.925295019685286e-05,4.301986869674118e-06,0.7411831637398182,0.11525965032959762,0.025708315521698933,0.01487694678368372,0.06475721389962978,0.0455905746226645]",frozen_rollout_saved_statistics,fno_plain,"[4.028495302370197e-06,9.126003348571173e-07,3.767860505930244e-06,3.046192163010904e-05,3.406296959456857e-05,0.00032986495211543047,0.09874089394407169,0.1267150770398322]",1.1532251814664716,-0.6488657808536695,False,canonical_oracle,1.6488657808536695,False,0.125,91,1,"[8.161768692848479e-05,0.005079175706277911,1.8941613763180136,0.13852829050416388,0.02697908624113074,0.01545300598276096,0.0641160452475931,0.04572354975401747]",92,-0.9835831431747117,False
"[7.037575985057888e-05,0.005077688991160448,1.8941489479982154,0.13833628581647045,0.026798710881441163,0.0140555403475555,0.0385954040293925,0.07976648392088398]",rho,"[-3.8011023118946955e-05,-2.8152717522116066e-06,-0.74117073542002,-0.1150676456419042,-0.025527940162009356,-0.01347948114847826,0.037954235377355816,0.07989945905223694]","[0.0,0.0,0.0,0.0,0.0,0.0,0.0,0.0]","[3.236473673163192e-05,0.005074873719408237,1.1529782125781955,0.023268640174566257,0.0012707707194318067,0.0005760591990772394,-0.000641168652036686,0.00013297513135297062]",1.9015075543744606,True,"{""inner"":0.002574032375505514,""middle"":0.5183348712609206,""outer"":0.05918094397513824}","[4.925295019685286e-05,4.301986869674118e-06,0.7411831637398182,0.11525965032959762,0.025708315521698933,0.01487694678368372,0.06475721389962978,0.0455905746226645]",frozen_rollout_saved_statistics,fno_full,"[1.1241927077905908e-05,1.4867151174625113e-06,1.2428319798146411e-05,0.00019200468769340793,0.0001803753596895769,0.00139746563520546,0.1027114492769856,0.12549003367490144]",1.1532251814664716,-0.648860591091545,False,canonical_oracle,1.648860591091545,False,0.125,91,1,"[8.161768692848479e-05,0.005079175706277911,1.8941613763180136,0.13852829050416388,0.02697908624113074,0.01545300598276096,0.0641160452475931,0.04572354975401747]",92,-0.983568769019419,False
"[0.0013745684236754715,0.004865247727599827,1.894137264344989,0.08519975972664305,0.006709505376356183,0.015304458809582804,0.05736176045692688,0.03971422483583385]",rho,"[0.0014069331604071034,0.00020962599180840972,-0.7411590517667934,-0.061931119552076794,-0.005438734656924377,-0.014728399610505564,-0.05800292910896357,-0.03958124970448088]","[0.0,0.0,0.0,0.0,0.0,0.0,0.0,0.0]","[3.236473673163192e-05,0.005074873719408237,1.1529782125781955,0.023268640174566257,0.0012707707194318067,0.0005760591990772394,-0.000641168652036686,0.00013297513135297062]",1.8974159719077093,True,"{""inner"":0.003119908075637649,""middle"":0.5003377470643927,""outer"":0.04853799264638037}","[4.925295019685286e-05,4.301986869674118e-06,0.7411831637398182,0.11525965032959762,0.025708315521698933,0.01487694678368372,0.06475721389962978,0.0455905746226645]",frozen_rollout_saved_statistics,localno_plain,"[0.0014561861106039563,0.00021392797867808385,2.4111973024749485e-05,0.053328530777520824,0.020269580864774556,0.00014854717317815648,0.0067542847906662115,0.006009324918183617]",1.1532251814664716,-0.6453126435332475,False,canonical_oracle,1.6453126435332475,False,0.375,91,1,"[8.161768692848479e-05,0.005079175706277911,1.8941613763180136,0.13852829050416388,0.02697908624113074,0.01545300598276096,0.0641160452475931,0.04572354975401747]",92,-0.9933334133145171,False
"[0.0002840387202150067,0.0003084458333224676,0.0007911920863808537,1.1292804385198511e-06,1.6607007573732668e-09,9.870813183705021e-10,1.2593768883663276e-09,2.618152421619715e-10]",press,"[0.0,0.0,0.0,0.0,0.0,0.0,0.0,0.0]","[0.0,0.0,0.0,0.0,0.0,0.0,0.0,0.0]","[0.0002840387202150067,0.0003084458333224676,0.0007911920863808537,1.1292804385198511e-06,1.6607007573732668e-09,9.870813183705021e-10,-1.2593768883663276e-09,2.618152421619715e-10]",0.0008954345422791964,True,"{""inner"":0.0002962422767687371,""middle"":0.0001980810036503623,""outer"":7.605960652641496e-10}","[0.00024312829224066925,1.1381324756486035e-06,0.00028684898397015273,9.64041808732933e-06,2.780685115055019e-07,2.811586800223294e-08,9.42485246143921e-08,5.8741400183031536e-08]",computed_canonical_persistence,persistence,"[0.00024312829224066925,1.1381324756486035e-06,0.00028684898397015273,9.64041808732933e-06,2.780685115055019e-07,2.811586800223294e-08,9.42485246143921e-08,5.8741400183031536e-08]",0.0008954345422791964,0.0,False,canonical_oracle,1.0,False,0.0,91,1,"[0.000527167012455676,0.00030958396579811617,0.0010780410703510063,1.0769698525849181e-05,2.7972921226287517e-07,2.9102949320603442e-08,9.298914772602577e-08,5.900321542519351e-08]",92,,True
"[0.0005141810268253734,0.00030914833863558813,0.0010759690015882117,8.83595226632356e-06,2.0044192116352312e-07,2.818460626422143e-08,6.846323101019728e-08,3.592100666112942e-08]",press,"[-0.00023014230661036662,-7.025053131205272e-07,-0.00028477691520735807,-7.70667182780371e-06,-1.9878122040614985e-07,-2.7197524945850928e-08,-6.972260789856361e-08,-3.565919141896745e-08]","[0.0,0.0,0.0,0.0,0.0,0.0,0.0,0.0]","[0.0002840387202150067,0.0003084458333224676,0.0007911920863808537,1.1292804385198511e-06,1.6607007573732668e-09,9.870813183705021e-10,-1.2593768883663276e-09,2.618152421619715e-10]",0.0012319668165208,True,"{""inner"":0.0004116646827304807,""middle"":0.0002712583950954908,""outer"":5.2192118835663356e-08}","[0.00024312829224066925,1.1381324756486035e-06,0.00028684898397015273,9.64041808732933e-06,2.780685115055019e-07,2.811586800223294e-08,9.42485246143921e-08,5.8741400183031536e-08]",frozen_rollout_saved_statistics,fno_plain,"[1.298598563030262e-05,4.3562716252807625e-07,2.07206876279466e-06,1.9337462595256195e-06,7.928729109935205e-08,9.183430563820139e-10,2.4525916715828484e-08,2.3082208764064083e-08]",0.0008954345422791964,-0.37583123986373157,False,canonical_oracle,1.3758312398637316,False,0.125,91,1,"[0.000527167012455676,0.00030958396579811617,0.0010780410703510063,1.0769698525849181e-05,2.7972921226287517e-07,2.9102949320603442e-08,9.298914772602577e-08,5.900321542519351e-08]",92,-0.887093978399047,False
"[0.0005173171517730892,0.00030949613260812693,0.0010779188231712805,1.0622237833875482e-05,2.529087660246974e-07,2.271198529487587e-08,1.586111634975598e-08,3.898791118152534e-08]",press,"[-0.0002332784315580825,-1.0502992856593378e-06,-0.0002867267367904268,-9.492957395355631e-06,-2.512480652673241e-07,-2.1724903976505368e-08,-1.7120493238122308e-08,-3.872609593936337e-08]","[0.0,0.0,0.0,0.0,0.0,0.0,0.0,0.0]","[0.0002840387202150067,0.0003084458333224676,0.0007911920863808537,1.1292804385198511e-06,1.6607007573732668e-09,9.870813183705021e-10,-1.2593768883663276e-09,2.618152421619715e-10]",0.0012350816892626481,True,"{""inner"":0.00041340664219060804,""middle"":0.0002722041704391189,""outer"":2.742451376564066e-08}","[0.00024312829224066925,1.1381324756486035e-06,0.00028684898397015273,9.64041808732933e-06,2.780685115055019e-07,2.811586800223294e-08,9.42485246143921e-08,5.8741400183031536e-08]",frozen_rollout_saved_statistics,fno_full,"[9.849860682586746e-06,8.783318998926574e-08,1.2224717972591855e-07,1.4746069197369835e-07,2.68204462381778e-08,6.390964025727572e-09,7.712803137626979e-08,2.0015304243668167e-08]",0.0008954345422791964,-0.37930985565838227,False,canonical_oracle,1.3793098556583823,False,0.125,91,1,"[0.000527167012455676,0.00030958396579811617,0.0010780410703510063,1.0769698525849181e-05,2.7972921226287517e-07,2.9102949320603442e-08,9.298914772602577e-08,5.900321542519351e-08]",92,-0.88630172716942,False
"[0.0005065330522504387,0.00030923617839059386,0.0010778914547603746,1.0098865831665405e-05,1.6789832875207493e-07,2.7122132739959693e-08,8.01366098537069e-08,5.184332025062639e-08]",press,"[-0.000222494332035432,-7.903450681262632e-07,-0.000286699368379521,-8.969585393145554e-06,-1.6623762799470166e-07,-2.613505142158919e-08,-8.139598674207323e-08,-5.1581505008464416e-08]","[0.0,0.0,0.0,0.0,0.0,0.0,0.0,0.0]","[0.0002840387202150067,0.0003084458333224676,0.0007911920863808537,1.1292804385198511e-06,1.6607007573732668e-09,9.870813183705021e-10,-1.2593768883663276e-09,2.618152421619715e-10]",0.001230509959496205,True,"{""inner"":0.0004078846153205163,""middle"":0.000272046335263383,""outer"":6.598996505216664e-08}","[0.00024312829224066925,1.1381324756486035e-06,0.00028684898397015273,9.64041808732933e-06,2.780685115055019e-07,2.811586800223294e-08,9.42485246143921e-08,5.8741400183031536e-08]",frozen_rollout_saved_statistics,localno_plain,"[2.0633960205237255e-05,3.4778740752234037e-07,1.496155906316883e-07,6.708326941837758e-07,1.1183088351080024e-07,1.98081658064375e-09,1.2852537872318873e-08,7.15989517456712e-09]",0.0008954345422791964,-0.37420425658822976,False,canonical_oracle,1.3742042565882298,False,0.125,91,1,"[0.000527167012455676,0.00030958396579811617,0.0010780410703510063,1.0769698525849181e-05,2.7972921226287517e-07,2.9102949320603442e-08,9.298914772602577e-08,5.900321542519351e-08]",92,-0.8930258213204129,False
"[0.003039421954719179,0.004087653222341003,0.004873907860298968,0.006015800301690674,0.0054162156635737466,0.005292287580631674,0.0034498185987027197,0.0013795859995958497]",vel1,"[0.0,0.0,0.0,0.0,0.0,0.0,0.0,0.0]","[0.0,0.0,0.0,0.0,0.0,0.0,0.0,0.0]","[0.003039421954719179,-0.004087653222341003,0.004873907860298968,0.006015800301690674,0.0054162156635737466,0.005292287580631674,0.0034498185987027197,0.0013795859995958497]",0.012531561420275422,True,"{""inner"":0.0035635375885300913,""middle"":0.005399552851548766,""outer"":0.0024147022991492847}","[0.10075941139829042,0.023351178898246137,0.012003092578261765,0.03508934725198434,0.05062361427565055,0.05560687647165797,0.04366382660701704,0.02914323061646411]",computed_canonical_persistence,persistence,"[0.10075941139829042,0.023351178898246137,0.012003092578261765,0.03508934725198434,0.05062361427565055,0.05560687647165797,0.04366382660701704,0.02914323061646411]",0.012531561420275422,0.0,False,canonical_oracle,1.0,False,0.0,91,1,"[0.1037988333530096,0.019263525675905134,0.016877000438560733,0.04110514755367502,0.056039829939224295,0.060899164052289644,0.047113645205719756,0.03052281661605996]",92,,True
"[0.06476943890331965,0.012882906458208485,0.009073062828067982,0.03232902112271086,0.03548576194617659,0.0307127680438276,0.016102879172631722,0.007439437715399493]",vel1,"[-0.06173001694860047,-0.016970559680549488,-0.0041991549677690134,-0.026313220821020188,-0.030069546282602846,-0.025420480463195925,-0.012653060573929002,-0.006059851715803644]","[0.0,0.0,0.0,0.0,0.0,0.0,0.0,0.0]","[0.003039421954719179,-0.004087653222341003,0.004873907860298968,0.006015800301690674,0.0054162156635737466,0.005292287580631674,0.0034498185987027197,0.0013795859995958497]",0.08947456031454369,True,"{""inner"":0.03882617268076407,""middle"":0.026900153485195758,""outer"":0.011771158444015608}","[0.10075941139829042,0.023351178898246137,0.012003092578261765,0.03508934725198434,0.05062361427565055,0.05560687647165797,0.04366382660701704,0.02914323061646411]",frozen_rollout_saved_statistics,fno_plain,"[0.039029394449689954,0.00638061921769665,0.007803937610492751,0.008776126430964154,0.020554067993047702,0.030186396008462044,0.031010766033088034,0.023083378900660468]",0.012531561420275422,-6.13993710071743,False,canonical_oracle,7.13993710071743,False,0.125,91,1,"[0.1037988333530096,0.019263525675905134,0.016877000438560733,0.04110514755367502,0.056039829939224295,0.060899164052289644,0.047113645205719756,0.03052281661605996]",92,-0.6370850654321819,False
"[0.07604723047546583,0.016389303481110847,0.013124591196340407,0.03577135995470804,0.041925243418821916,0.0391266587459854,0.027614369716519465,0.0055584412733928334]",vel1,"[-0.07300780852074665,-0.02047695670345185,-0.00825068333604144,-0.029755559653017363,-0.03650902775524817,-0.033834371165353726,-0.024164551117816745,0.006938027272988683]","[0.0,0.0,0.0,0.0,0.0,0.0,0.0,0.0]","[0.003039421954719179,-0.004087653222341003,0.004873907860298968,0.006015800301690674,0.0054162156635737466,0.005292287580631674,0.0034498185987027197,0.0013795859995958497]",0.10763692100412185,True,"{""inner"":0.04621826697828833,""middle"":0.03248696332896394,""outer"":0.01658640549495615}","[0.10075941139829042,0.023351178898246137,0.012003092578261765,0.03508934725198434,0.05062361427565055,0.05560687647165797,0.04366382660701704,0.02914323061646411]",frozen_rollout_saved_statistics,fno_full,"[0.027751602877543774,0.0028742221947942884,0.0037524092422203258,0.0053337875989669815,0.014114586520402381,0.021772505306304243,0.01949927548920029,0.036081257889452795]",0.012531561420275422,-7.589266524279317,False,canonical_oracle,8.589266524279317,False,0.25,91,1,"[0.1037988333530096,0.019263525675905134,0.016877000438560733,0.04110514755367502,0.056039829939224295,0.060899164052289644,0.047113645205719756,0.03052281661605996]",92,-0.6509055167483826,False
"[0.019574645545325287,0.00837852378551123,0.009807807679062003,0.019148336029391057,0.0334200377899395,0.04540589773607781,0.02930044079582769,0.01714294409930769]",vel1,"[-0.016535223590606107,-0.012466177007852233,-0.004933899818763034,-0.013132535727700383,-0.028003822126365752,-0.040113610155446136,-0.02585062219712497,-0.01576335809971184]","[0.0,0.0,0.0,0.0,0.0,0.0,0.0,0.0]","[0.003039421954719179,-0.004087653222341003,0.004873907860298968,0.006015800301690674,0.0054162156635737466,0.005292287580631674,0.0034498185987027197,0.0013795859995958497]",0.07243762221066741,True,"{""inner"":0.013976584665418259,""middle"":0.026945519808617594,""outer"":0.02322169244756769}","[0.10075941139829042,0.023351178898246137,0.012003092578261765,0.03508934725198434,0.05062361427565055,0.05560687647165797,0.04366382660701704,0.02914323061646411]",frozen_rollout_saved_statistics,localno_plain,"[0.08422418780768431,0.010885001890393904,0.007069192759498731,0.02195681152428396,0.022619792149284796,0.015493266316211837,0.017813204409892067,0.01337987251675227]",0.012531561420275422,-4.780414728963229,False,canonical_oracle,5.780414728963229,False,0.125,91,1,"[0.1037988333530096,0.019263525675905134,0.016877000438560733,0.04110514755367502,0.056039829939224295,0.060899164052289644,0.047113645205719756,0.03052281661605996]",92,-0.7342513913513687,False
"[3.12257425782559e-05,0.00010750560653047172,4.166246303355614e-06,5.717282122293573e-07,4.9269138162138796e-08,5.7550925569737445e-09,2.3412807042019743e-09,1.8694597879381907e-09]",vel2,"[0.0,0.0,0.0,0.0,0.0,0.0,0.0,0.0]","[0.0,0.0,0.0,0.0,0.0,0.0,0.0,0.0]","[3.12257425782559e-05,-0.00010750560653047172,-4.166246303355614e-06,-5.717282122293573e-07,4.9269138162138796e-08,5.7550925569737445e-09,2.3412807042019743e-09,-1.8694597879381907e-09]",0.0001120276277799478,True,"{""inner"":6.936567455436381e-05,""middle"":1.1982496865760208e-06,""outer"":2.1053702460700825e-09}","[0.0007348414665320206,0.0005175038753088596,2.2302176582398413e-05,7.324723726172032e-06,1.6512931747198317e-06,1.5627008619448809e-07,5.2420143898976665e-08,2.993176562412592e-08]",computed_canonical_persistence,persistence,"[0.0007348414665320206,0.0005175038753088596,2.2302176582398413e-05,7.324723726172032e-06,1.6512931747198317e-06,1.5627008619448809e-07,5.2420143898976665e-08,2.993176562412592e-08]",0.0001120276277799478,0.0,False,canonical_oracle,1.0,False,0.0,91,1,"[0.0007660672091102765,0.00040999826877838785,1.81359302790428e-05,6.7529955139426745e-06,1.7005623128819705e-06,1.6202517875146183e-07,5.476142460317864e-08,2.8062305836187727e-08]",92,,True
"[0.00040650817165790467,0.00017756386497126794,2.5999011571153703e-06,7.049504687456629e-07,5.10205849467096e-07,1.981856537828651e-07,3.230950992475032e-07,4.3279451793272587e-07]",vel2,"[-0.00037528242907964877,-0.00028506947150173966,-6.766147460470984e-06,-1.2766786809750202e-06,-4.6093671130495725e-07,2.0394074633983885e-07,3.254363799517052e-07,4.3092505814478766e-07]","[0.0,0.0,0.0,0.0,0.0,0.0,0.0,0.0]","[3.12257425782559e-05,-0.00010750560653047172,-4.166246303355614e-06,-5.717282122293573e-07,4.9269138162138796e-08,5.7550925569737445e-09,2.3412807042019743e-09,-1.8694597879381907e-09]",0.0004436053059854868,True,"{""inner"":0.0002920360183145863,""middle"":1.0033107822777486e-06,""outer"":3.7794480859011455e-07}","[0.0007348414665320206,0.0005175038753088596,2.2302176582398413e-05,7.324723726172032e-06,1.6512931747198317e-06,1.5627008619448809e-07,5.2420143898976665e-08,2.993176562412592e-08]",frozen_rollout_saved_statistics,fno_plain,"[0.0003595590374523718,0.0002324344038071199,1.553602912192743e-05,6.048045045197012e-06,1.1903564634148744e-06,3.6021083253432693e-07,3.778565238506818e-07,4.6085682376891356e-07]",0.0001120276277799478,-2.959784874288744,False,canonical_oracle,3.959784874288744,False,0.625,91,1,"[0.0007660672091102765,0.00040999826877838785,1.81359302790428e-05,6.7529955139426745e-06,1.7005623128819705e-06,1.6202517875146183e-07,5.476142460317864e-08,2.8062305836187727e-08]",92,0.35902248401061343,False
"[0.00026135215870277647,0.00016961872203879644,3.6853608817027555e-06,8.592399078412327e-08,6.694728707755514e-07,3.605911414808441e-07,9.233246135692021e-07,5.703330880968659e-07]",vel2,"[-0.00023012641612452057,-0.00027712432856926816,-4.808854216528586e-07,-4.85804221445234e-07,-6.202037326134126e-07,3.663462340378179e-07,9.256658942734041e-07,5.684636283089277e-07]","[0.0,0.0,0.0,0.0,0.0,0.0,0.0,0.0]","[3.12257425782559e-05,-0.00010750560653047172,-4.166246303355614e-06,-5.717282122293573e-07,4.9269138162138796e-08,5.7550925569737445e-09,2.3412807042019743e-09,-1.8694597879381907e-09]",0.00031159397783093583,True,"{""inner"":0.00021548544037078645,""middle"":1.2003372211858185e-06,""outer"":7.46828850833034e-07}","[0.0007348414665320206,0.0005175038753088596,2.2302176582398413e-05,7.324723726172032e-06,1.6512931747198317e-06,1.5627008619448809e-07,5.2420143898976665e-08,2.993176562412592e-08]",frozen_rollout_saved_statistics,fno_full,"[0.0005047150504075,0.00024037954673959144,2.1821291160745555e-05,6.838919504726798e-06,1.031089442106419e-06,5.22616320232306e-07,9.780860381723807e-07,5.983953939330536e-07]",0.0001120276277799478,-1.7814029807271266,False,canonical_oracle,2.7814029807271266,False,0.625,91,1,"[0.0007660672091102765,0.00040999826877838785,1.81359302790428e-05,6.7529955139426745e-06,1.7005623128819705e-06,1.6202517875146183e-07,5.476142460317864e-08,2.8062305836187727e-08]",92,0.5602540580989668,False
"[0.0005691802145535132,0.0002597534237664727,4.881154827871477e-06,1.107679857683772e-06,6.660103305915928e-07,4.2624181719312903e-07,4.631751332596319e-07,1.6270131469906555e-06]",vel2,"[-0.0005379544719752573,-0.0003672590302969444,7.149085245158631e-07,5.359516454544148e-07,7.152794687537316e-07,4.319969097501028e-07,4.655164139638339e-07,1.6251436872027173e-06]","[0.0,0.0,0.0,0.0,0.0,0.0,0.0,0.0]","[3.12257425782559e-05,-0.00010750560653047172,-4.166246303355614e-06,-5.717282122293573e-07,4.9269138162138796e-08,5.7550925569737445e-09,2.3412807042019743e-09,-1.8694597879381907e-09]",0.000625672835737289,True,"{""inner"":0.00041446681915999293,""middle"":1.770271708334993e-06,""outer"":1.0450941401251437e-06}","[0.0007348414665320206,0.0005175038753088596,2.2302176582398413e-05,7.324723726172032e-06,1.6512931747198317e-06,1.5627008619448809e-07,5.2420143898976665e-08,2.993176562412592e-08]",frozen_rollout_saved_statistics,localno_plain,"[0.00019688699455676324,0.00015024484501191518,2.3017085106914277e-05,7.860675371626447e-06,2.3665726434735633e-06,5.882669959445909e-07,5.179365578628105e-07,1.6550754528268432e-06]",0.0001120276277799478,-4.584986919175667,False,canonical_oracle,5.584986919175667,False,0.5,91,1,"[0.0007660672091102765,0.00040999826877838785,1.81359302790428e-05,6.7529955139426745e-06,1.7005623128819705e-06,1.6202517875146183e-07,5.476142460317864e-08,2.8062305836187727e-08]",92,0.3108235822400135,False
"[0.00036600019045311997,4.2854425354659637e-05,0.00026112535946512094,2.955415759112851e-05,3.3863705656159994e-05,4.499066401104668e-05,1.460131098251672e-05,3.1708382206939236e-06]",vel3,"[0.0,0.0,0.0,0.0,0.0,0.0,0.0,0.0]","[0.0,0.0,0.0,0.0,0.0,0.0,0.0,0.0]","[0.00036600019045311997,-4.2854425354659637e-05,-0.00026112535946512094,-2.955415759112851e-05,3.3863705656159994e-05,4.499066401104668e-05,1.460131098251672e-05,3.1708382206939236e-06]",0.00045634055887819135,True,"{""inner"":0.0002044273079038898,""middle"":9.238347168086403e-05,""outer"":8.886074601605322e-06}","[0.00011845785181186432,0.002895730249469348,0.001751582601314736,0.00118617343210161,0.0009462083809053096,0.000450866405552546,0.00014604673176870817,2.790924430470853e-05]",computed_canonical_persistence,persistence,"[0.00011845785181186432,0.002895730249469348,0.001751582601314736,0.00118617343210161,0.0009462083809053096,0.000450866405552546,0.00014604673176870817,2.790924430470853e-05]",0.00045634055887819135,0.0,False,canonical_oracle,1.0,False,0.0,91,1,"[0.0004844580422649843,0.0028528758241146883,0.0014904572418496151,0.0011566192745104814,0.0009800720865614696,0.0004958570695635927,0.0001606480427512249,3.108008252540245e-05]",92,,True
"[5.306839759633929e-05,0.001094272230432589,0.00018754312059082192,0.0002853829228001031,0.00036371224538122725,6.861572283838502e-05,0.00010766812813902627,1.76010280513709e-05]",vel3,"[0.00041906858804945926,-0.0011371266557872485,-0.00044866848005594285,-0.0003149370803912316,-0.00032984853972506725,0.0001136063868494317,0.000122269439121543,-1.443018983067698e-05]","[0.0,0.0,0.0,0.0,0.0,0.0,0.0,0.0]","[0.00036600019045311997,-4.2854425354659637e-05,-0.00026112535946512094,-2.955415759112851e-05,3.3863705656159994e-05,4.499066401104668e-05,1.460131098251672e-05,3.1708382206939236e-06]",0.00121068606198822,True,"{""inner"":0.000573670314014464,""middle"":0.00022631350290263432,""outer"":6.263457809519858e-05}","[0.00011845785181186432,0.002895730249469348,0.001751582601314736,0.00118617343210161,0.0009462083809053096,0.000450866405552546,0.00014604673176870817,2.790924430470853e-05]",frozen_rollout_saved_statistics,fno_plain,"[0.0005375264398613236,0.0017586035936820994,0.0013029141212587932,0.0008712363517103783,0.0006163598411802423,0.0005644727924019777,0.00026831617089025117,1.347905447403155e-05]",0.00045634055887819135,-1.6530319044277242,False,canonical_oracle,2.653031904427724,False,0.75,91,1,"[0.0004844580422649843,0.0028528758241146883,0.0014904572418496151,0.0011566192745104814,0.0009800720865614696,0.0004958570695635927,0.0001606480427512249,3.108008252540245e-05]",92,0.5146785547371749,False
"[0.0003198646172673357,0.000694542174003309,6.757464514460694e-05,0.00013644913898058883,8.370573894623981e-05,6.87400367687627e-05,2.2496327743945342e-05,1.02226024361929e-05]",vel3,"[4.6135573185784255e-05,-0.0007373965993579686,-0.000193550714320514,-0.00016600329657171734,0.0001175694446023998,0.00011373070077980938,-7.895016761428621e-06,-7.0517642154989755e-06]","[0.0,0.0,0.0,0.0,0.0,0.0,0.0,0.0]","[0.00036600019045311997,-4.2854425354659637e-05,-0.00026112535946512094,-2.955415759112851e-05,3.3863705656159994e-05,4.499066401104668e-05,1.460131098251672e-05,3.1708382206939236e-06]",0.0007875464016766402,True,"{""inner"":0.0005072033956353224,""middle"":8.911738996004957e-05,""outer"":1.6359465090069122e-05}","[0.00011845785181186432,0.002895730249469348,0.001751582601314736,0.00118617343210161,0.0009462083809053096,0.000450866405552546,0.00014604673176870817,2.790924430470853e-05]",frozen_rollout_saved_statistics,fno_full,"[0.00016459342499764858,0.0021583336501113794,0.001558031886994222,0.0010201701355298926,0.0010637778255077094,0.0005645971063323554,0.00013815171500727955,2.0857480089209554e-05]",0.00045634055887819135,-0.7257865564538959,False,canonical_oracle,1.725786556453896,False,0.75,91,1,"[0.0004844580422649843,0.0028528758241146883,0.0014904572418496151,0.0011566192745104814,0.0009800720865614696,0.0004958570695635927,0.0001606480427512249,3.108008252540245e-05]",92,0.30977713032138576,False
"[0.00018580807861095323,0.0011149995706730422,0.00011356990764251084,6.897690812999926e-05,9.351403438369408e-06,8.0601649122174e-06,3.772944677832936e-05,2.10618064585138e-05]",vel3,"[0.0005518082690640732,-0.0011578539960277019,-0.0003746952671076318,-9.853106572112777e-05,2.4512302217790586e-05,5.305082892326408e-05,-2.3128135795812637e-05,-1.7890968237819876e-05]","[0.0,0.0,0.0,0.0,0.0,0.0,0.0,0.0]","[0.00036600019045311997,-4.2854425354659637e-05,-0.00026112535946512094,-2.955415759112851e-05,3.3863705656159994e-05,4.499066401104668e-05,1.460131098251672e-05,3.1708382206939236e-06]",0.0011390452793043125,True,"{""inner"":0.0006504038246419977,""middle"":4.998959603077423e-05,""outer"":2.939562661842158e-05}","[0.00011845785181186432,0.002895730249469348,0.001751582601314736,0.00118617343210161,0.0009462083809053096,0.000450866405552546,0.00014604673176870817,2.790924430470853e-05]",frozen_rollout_saved_statistics,localno_plain,"[0.0006702661208759375,0.001737876253441646,0.0013768873342071043,0.0010876423663804822,0.0009707206831231002,0.0005039172344758101,0.00012291859597289554,1.0018276066888653e-05]",0.00045634055887819135,-1.496042171014547,False,canonical_oracle,2.496042171014547,False,0.75,91,1,"[0.0004844580422649843,0.0028528758241146883,0.0014904572418496151,0.0011566192745104814,0.0009800720865614696,0.0004958570695635927,0.0001606480427512249,3.108008252540245e-05]",92,0.5801728146516836,False
"[0.9282786020655244,0.3768554323056216,0.016442090232998308,0.000854592057728058,8.643349797217621e-05,5.033198892108177e-06,1.9786043868645848e-07,1.0162571280376576e-08]",Bcc1,"[0.0,0.0,0.0,0.0,0.0,0.0,0.0,0.0]","[0.0,0.0,0.0,0.0,0.0,0.0,0.0,0.0]","[0.9282786020655244,0.3768554323056216,0.016442090232998308,0.000854592057728058,8.643349797217621e-05,5.033198892108177e-06,1.9786043868645848e-07,-1.0162571280376576e-08]",1.0019941417323346,True,"{""inner"":0.652567017185573,""middle"":0.0043470372468976635,""outer"":1.0401150498341753e-07}","[0.47065698171976555,0.18173531608528118,0.06966167211877364,0.009859383513774071,0.0013296973958749079,0.00020308959043674541,5.68554904334349e-05,1.8367325478130496e-05]",computed_canonical_persistence,persistence,"[0.47065698171976555,0.18173531608528118,0.06966167211877364,0.009859383513774071,0.0013296973958749079,0.00020308959043674541,5.68554904334349e-05,1.8367325478130496e-05]",1.0019941417323346,0.0,False,canonical_oracle,1.0,False,0.0,92,2,"[1.39893558378529,0.5585907483909027,0.08610376235177195,0.01071397557150213,0.001416130893847084,0.0002081227893288536,5.705335087212136e-05,1.835716290685012e-05]",93,,True
"[0.0008328268076932988,1.8956499144029263e-05,0.00020903416445996244,6.491640345193674e-07,2.5906412291410945e-09,9.308432074693878e-11,1.4859381974243773e-11,5.923004904251272e-13]",Bcc2,"[0.0,0.0,0.0,0.0,0.0,0.0,0.0,0.0]","[0.0,0.0,0.0,0.0,0.0,0.0,0.0,0.0]","[-0.0008328268076932988,1.8956499144029263e-05,-0.00020903416445996244,-6.491640345193674e-07,2.5906412291410945e-09,-9.308432074693878e-11,-1.4859381974243773e-11,5.923004904251272e-13]",0.0008588687581956554,True,"{""inner"":0.00042589165341866403,""middle"":5.2421503055007927e-05,""outer"":7.72584123233445e-12}","[0.001664456084623363,0.0006992296524858203,0.00025109490392393634,2.887276279500597e-06,9.54383480567551e-08,1.1462017486467794e-08,1.8228933096763368e-09,1.661608547937656e-10]",computed_canonical_persistence,persistence,"[0.001664456084623363,0.0006992296524858203,0.00025109490392393634,2.887276279500597e-06,9.54383480567551e-08,1.1462017486467794e-08,1.8228933096763368e-09,1.661608547937656e-10]",0.0008588687581956554,0.0,False,canonical_oracle,1.0,False,0.0,92,2,"[0.0008316292769300641,0.0007181861516298495,4.2060739463973886e-05,2.2381122449812294e-06,9.80289892858962e-08,1.1368933165720856e-08,1.808033927702093e-09,1.6675315528419073e-10]",93,,True
"[1.8091064526785025e-07,1.4621167951608033e-07,5.636815562873811e-07,2.1140579349694782e-06,1.0254564851118306e-06,1.7509046962566371e-07,1.4364194571968551e-08,8.324519598692571e-10]",Bcc3,"[0.0,0.0,0.0,0.0,0.0,0.0,0.0,0.0]","[0.0,0.0,0.0,0.0,0.0,0.0,0.0,0.0]","[1.8091064526785025e-07,1.4621167951608033e-07,-5.636815562873811e-07,2.1140579349694782e-06,1.0254564851118306e-06,1.7509046962566371e-07,1.4364194571968551e-08,8.324519598692571e-10]",2.433826013620886e-06,True,"{""inner"":1.635611623919653e-07,""middle"":9.695716114985884e-07,""outer"":7.598323265918903e-09}","[2.895478229359676e-05,2.864808094074052e-05,2.45114481715167e-05,1.6725268399794875e-05,7.4743751474866955e-06,1.4780810829310447e-06,1.1651380340504346e-07,5.692238625286037e-09]",computed_canonical_persistence,persistence,"[2.895478229359676e-05,2.864808094074052e-05,2.45114481715167e-05,1.6725268399794875e-05,7.4743751474866955e-06,1.4780810829310447e-06,1.1651380340504346e-07,5.692238625286037e-09]",2.433826013620886e-06,0.0,False,canonical_oracle,1.0,False,0.0,92,2,"[2.913569293886461e-05,2.87942926202566e-05,2.3947766615229318e-05,1.8839326334764353e-05,8.499831632598526e-06,1.6531715525567084e-06,1.30877997977012e-07,6.524690585155294e-09]",93,,True
"[3.356226522757661e-05,6.965535443013575,0.7241110193429126,0.024880012616373404,0.0013981226350711362,0.0005922277539419461,0.0006373677336758143,0.00013357332752459566]",rho,"[0.0,0.0,0.0,0.0,0.0,0.0,0.0,0.0]","[0.0,0.0,0.0,0.0,0.0,0.0,0.0,0.0]","[3.356226522757661e-05,6.965535443013575,-0.7241110193429126,0.024880012616373404,0.0013981226350711362,0.0005922277539419461,-0.0006373677336758143,0.00013357332752459566]",7.00311662918207,True,"{""inner"":3.4827845026394013,""middle"":0.18774534558707476,""outer"":0.000385470530600205}","[8.161768692848479e-05,0.005079175706277911,1.8941613763180136,0.13852829050416388,0.02697908624113074,0.01545300598276096,0.0641160452475931,0.04572354975401747]",computed_canonical_persistence,persistence,"[8.161768692848479e-05,0.005079175706277911,1.8941613763180136,0.13852829050416388,0.02697908624113074,0.01545300598276096,0.0641160452475931,0.04572354975401747]",7.00311662918207,0.0,False,canonical_oracle,1.0,False,0.0,92,2,"[0.0001151799521560614,6.970614618719853,1.170050356975101,0.16340830312053728,0.028377208876201876,0.016045233736702906,0.06347867751391728,0.045857123081542064]",93,,True
"[0.0006877676060046512,0.015162180685300721,0.0007652044233676447,9.247463214205303e-07,3.036974270779004e-09,1.0229656098115806e-09,1.2428256935839494e-09,2.5679540697058274e-10]",press,"[0.0,0.0,0.0,0.0,0.0,0.0,0.0,0.0]","[0.0,0.0,0.0,0.0,0.0,0.0,0.0,0.0]","[0.0006877676060046512,0.015162180685300721,-0.0007652044233676447,9.247463214205303e-07,3.036974270779004e-09,1.0229656098115806e-09,-1.2428256935839494e-09,2.5679540697058274e-10]",0.015197048597615417,True,"{""inner"":0.007924974145652686,""middle"":0.00019153330740723644,""outer"":7.498105502772661e-10}","[0.000527167012455676,0.00030958396579811617,0.0010780410703510063,1.0769698525849181e-05,2.7972921226287517e-07,2.9102949320603442e-08,9.298914772602577e-08,5.900321542519351e-08]",computed_canonical_persistence,persistence,"[0.000527167012455676,0.00030958396579811617,0.0010780410703510063,1.0769698525849181e-05,2.7972921226287517e-07,2.9102949320603442e-08,9.298914772602577e-08,5.900321542519351e-08]",0.015197048597615417,0.0,False,canonical_oracle,1.0,False,0.0,92,2,"[0.0012149346184603272,0.015471764651098837,0.00031283664698336167,1.1694444847269711e-05,2.827661865336542e-07,3.012591493041502e-08,9.174632203244182e-08,5.926001083216409e-08]",93,,True
"[0.007082865828862389,0.009037663184159765,0.00360079208224557,0.005915256418771851,0.007241004806649326,0.006813412875857634,0.00417694292598083,0.001588742778715832]",vel1,"[0.0,0.0,0.0,0.0,0.0,0.0,0.0,0.0]","[0.0,0.0,0.0,0.0,0.0,0.0,0.0,0.0]","[-0.007082865828862389,-0.009037663184159765,0.00360079208224557,0.005915256418771851,0.007241004806649326,0.006813412875857634,0.00417694292598083,0.001588742778715832]",0.017280856684493726,True,"{""inner"":0.008060264506511077,""middle"":0.005892616545881095,""outer"":0.002882842852348331}","[0.1037988333530096,0.019263525675905134,0.016877000438560733,0.04110514755367502,0.056039829939224295,0.060899164052289644,0.047113645205719756,0.03052281661605996]",computed_canonical_persistence,persistence,"[0.1037988333530096,0.019263525675905134,0.016877000438560733,0.04110514755367502,0.056039829939224295,0.060899164052289644,0.047113645205719756,0.03052281661605996]",0.017280856684493726,0.0,False,canonical_oracle,1.0,False,0.0,92,2,"[0.09671596752414721,0.010225862491745369,0.020477792520806302,0.04702040397244687,0.06328083474587362,0.06771257692814728,0.051290588131700586,0.03211155939477579]",93,,True
"[3.690732915894628e-05,0.00018246830755263443,4.824262983539571e-06,4.6364312068401535e-07,1.6242612377119314e-07,1.0592991827494268e-08,3.385945490484864e-09,1.871242724992045e-09]",vel2,"[0.0,0.0,0.0,0.0,0.0,0.0,0.0,0.0]","[0.0,0.0,0.0,0.0,0.0,0.0,0.0,0.0]","[-3.690732915894628e-05,-0.00018246830755263443,-4.824262983539571e-06,-4.6364312068401535e-07,1.6242612377119314e-07,1.0592991827494268e-08,3.385945490484864e-09,-1.871242724992045e-09]",0.00018622660710669307,True,"{""inner"":0.00010968781835579035,""middle"":1.3652313049555685e-06,""outer"":2.6285941077384545e-09}","[0.0007660672091102765,0.00040999826877838785,1.81359302790428e-05,6.7529955139426745e-06,1.7005623128819705e-06,1.6202517875146183e-07,5.476142460317864e-08,2.8062305836187727e-08]",computed_canonical_persistence,persistence,"[0.0007660672091102765,0.00040999826877838785,1.81359302790428e-05,6.7529955139426745e-06,1.7005623128819705e-06,1.6202517875146183e-07,5.476142460317864e-08,2.8062305836187727e-08]",0.00018622660710669307,0.0,False,canonical_oracle,1.0,False,0.0,92,2,"[0.0007291598799513302,0.00022752996122575342,1.3311667295503229e-05,6.289352393258659e-06,1.8629884366531636e-06,1.726181705789561e-07,5.8147370093663504e-08,2.6191063111195682e-08]",93,,True
"[0.001661275094576434,0.0009895110790083532,0.00035016471793900515,5.521586572060713e-05,3.178970690767579e-05,4.994344927295965e-05,1.5803925285783998e-05,2.9629847191226186e-06]",vel3,"[0.0,0.0,0.0,0.0,0.0,0.0,0.0,0.0]","[0.0,0.0,0.0,0.0,0.0,0.0,0.0,0.0]","[0.001661275094576434,-0.0009895110790083532,-0.00035016471793900515,-5.521586572060713e-05,3.178970690767579e-05,4.994344927295965e-05,1.5803925285783998e-05,2.9629847191226186e-06]",0.0019668235085488063,True,"{""inner"":0.0013253930867923936,""middle"":0.00012177843496006193,""outer"":9.383455002453308e-06}","[0.0004844580422649843,0.0028528758241146883,0.0014904572418496151,0.0011566192745104814,0.0009800720865614696,0.0004958570695635927,0.0001606480427512249,3.108008252540245e-05]",computed_canonical_persistence,persistence,"[0.0004844580422649843,0.0028528758241146883,0.0014904572418496151,0.0011566192745104814,0.0009800720865614696,0.0004958570695635927,0.0001606480427512249,3.108008252540245e-05]",0.0019668235085488063,0.0,False,canonical_oracle,1.0,False,0.0,92,2,"[0.0021457331368414183,0.001863364745106335,0.00114029252391061,0.0011014034087898743,0.0010118617934691454,0.0005458005188365523,0.0001764519680370089,3.404306724452507e-05]",93,,True
"[6.7067130481319435,0.3566442526181708,0.015760469262565788,0.001033292092519027,9.413037870247064e-05,5.366887997466143e-06,2.2886386921740345e-07,8.662138685732568e-09]",Bcc1,"[0.0,0.0,0.0,0.0,0.0,0.0,0.0,0.0]","[0.0,0.0,0.0,0.0,0.0,0.0,0.0,0.0]","[6.7067130481319435,0.3566442526181708,0.015760469262565788,0.001033292092519027,9.413037870247064e-05,5.366887997466143e-06,2.2886386921740345e-07,-8.662138685732568e-09]",6.716207598182336,True,"{""inner"":3.5316786503750572,""middle"":0.0042233146554461875,""outer"":1.1876300395156801e-07}","[1.39893558378529,0.5585907483909027,0.08610376235177195,0.01071397557150213,0.001416130893847084,0.0002081227893288536,5.705335087212136e-05,1.835716290685012e-05]",computed_canonical_persistence,persistence,"[1.39893558378529,0.5585907483909027,0.08610376235177195,0.01071397557150213,0.001416130893847084,0.0002081227893288536,5.705335087212136e-05,1.835716290685012e-05]",6.716207598182336,0.0,False,canonical_oracle,1.0,False,0.0,93,3,"[8.105648631917234,0.9152350010090735,0.10186423161433773,0.011747267664021156,0.0015102612725495547,0.00021348967732631973,5.7282214741338763e-05,1.8348500768164387e-05]",94,,True
"[8.051267099001711,0.8962475474257793,0.09593968503680726,0.0026240539517309036,0.001486164657330277,0.0013818378727106196,5.836270400996737e-05,0.00047439352161883806]",Bcc1,"[-1.3445540508697678,-0.5396032948076085,-0.08017921577424147,0.0036573460442499307,0.0015802950360327475,0.0013872047607080857,5.859156787918477e-05,0.0004743848594801523]","[0.0,0.0,0.0,0.0,0.0,0.0,0.0,0.0]","[6.7067130481319435,0.3566442526181708,0.015760469262565788,0.001033292092519027,9.413037870247064e-05,5.366887997466143e-06,2.2886386921740345e-07,-8.662138685732568e-09]",8.101566343687804,True,"{""inner"":4.4737573232137455,""middle"":0.025357935379644765,""outer"":0.00026637811281440273}","[1.39893558378529,0.5585907483909027,0.08610376235177195,0.01071397557150213,0.001416130893847084,0.0002081227893288536,5.705335087212136e-05,1.835716290685012e-05]",stage_l_saved_selected_step_metrics,fno_plain,"[0.05438153291552208,0.01898745358329427,0.0059245465775304654,0.01437132161575206,0.0029964259298798316,0.0015953275500369393,0.00011564491875130613,0.0004927420223870024]",6.716207598182336,-0.2062709833270191,False,canonical_oracle,1.206270983327019,False,0.5,93,3,"[8.105648631917234,0.9152350010090735,0.10186423161433773,0.011747267664021156,0.0015102612725495547,0.00021348967732631973,5.7282214741338763e-05,1.8348500768164387e-05]",94,-0.9451970095011699,False
"[8.066190897830797,0.9089557357492047,0.10132290218267971,0.011000492665120945,0.0005230127561241412,4.082131199080084e-05,0.00011530176667006917,0.005491289711149159]",Bcc1,"[-1.3594778496988544,-0.552311483131034,-0.08556243292011392,-0.009967200572601918,-0.0004288823774216705,4.618819998826698e-05,0.00011553063053928658,0.005491281049010473]","[0.0,0.0,0.0,0.0,0.0,0.0,0.0,0.0]","[6.7067130481319435,0.3566442526181708,0.015760469262565788,0.001033292092519027,9.413037870247064e-05,5.366887997466143e-06,2.2886386921740345e-07,-8.662138685732568e-09]",8.11788481772877,True,"{""inner"":4.487573316790001,""middle"":0.0282218072289789,""outer"":0.0028032957389096144}","[1.39893558378529,0.5585907483909027,0.08610376235177195,0.01071397557150213,0.001416130893847084,0.0002081227893288536,5.705335087212136e-05,1.835716290685012e-05]",stage_l_saved_selected_step_metrics,fno_full,"[0.039457734086435395,0.0062792652598688235,0.0005413294316580194,0.0007467749989002116,0.0009872485164254135,0.00025431098931712057,0.00017258398141140795,0.005509638211917324]",6.716207598182336,-0.20870069887741138,False,canonical_oracle,1.2087006988774114,False,0.25,93,3,"[8.105648631917234,0.9152350010090735,0.10186423161433773,0.011747267664021156,0.0015102612725495547,0.00021348967732631973,5.7282214741338763e-05,1.8348500768164387e-05]",94,-0.9436450515470646,False
"[8.087557815998194,0.9140913599334454,0.09796131423748314,0.009718625371473643,2.8228535064514114e-05,8.804382459693362e-05,1.5691299707051544e-05,5.2078419662224336e-05]",Bcc1,"[-1.3808447678662508,-0.5574471073152746,-0.08220084497491735,-0.008685333278954616,6.590184363795652e-05,-8.267693659946748e-05,1.5920163576268948e-05,5.20697575235386e-05]","[0.0,0.0,0.0,0.0,0.0,0.0,0.0,0.0]","[6.7067130481319435,0.3566442526181708,0.015760469262565788,0.001033292092519027,9.413037870247064e-05,5.366887997466143e-06,2.2886386921740345e-07,-8.662138685732568e-09]",8.13964651097894,True,"{""inner"":4.50082458796582,""middle"":0.026949052992154554,""outer"":3.388485968463794e-05}","[1.39893558378529,0.5585907483909027,0.08610376235177195,0.01071397557150213,0.001416130893847084,0.0002081227893288536,5.705335087212136e-05,1.835716290685012e-05]",frozen_rollout_saved_statistics,localno_plain,"[0.018090815919039084,0.0011436410756281614,0.0039029173768545884,0.002028642292547513,0.0014820327374850406,0.00012544585272938612,7.297351444839031e-05,7.042692043038872e-05]",6.716207598182336,-0.21194087466591127,False,canonical_oracle,1.2119408746659113,False,0.25,93,3,"[8.105648631917234,0.9152350010090735,0.10186423161433773,0.011747267664021156,0.0015102612725495547,0.00021348967732631973,5.7282214741338763e-05,1.8348500768164387e-05]",94,-0.9445329645216561,False
"[0.002061479323890966,0.0003639963119441264,6.071450657677452e-06,5.841612695907062e-07,4.275406193955319e-09,4.765599142345825e-11,1.4432113275122799e-11,6.402249661474052e-13]",Bcc2,"[0.0,0.0,0.0,0.0,0.0,0.0,0.0,0.0]","[0.0,0.0,0.0,0.0,0.0,0.0,0.0,0.0]","[0.002061479323890966,-0.0003639963119441264,6.071450657677452e-06,-5.841612695907062e-07,4.275406193955319e-09,-4.765599142345825e-11,-1.4432113275122799e-11,6.402249661474052e-13]",0.002093377061523948,True,"{""inner"":0.0012127378179175462,""middle"":1.6649837473633843e-06,""outer"":7.536169120635102e-12}","[0.0008316292769300641,0.0007181861516298495,4.2060739463973886e-05,2.2381122449812294e-06,9.80289892858962e-08,1.1368933165720856e-08,1.808033927702093e-09,1.6675315528419073e-10]",computed_canonical_persistence,persistence,"[0.0008316292769300641,0.0007181861516298495,4.2060739463973886e-05,2.2381122449812294e-06,9.80289892858962e-08,1.1368933165720856e-08,1.808033927702093e-09,1.6675315528419073e-10]",0.002093377061523948,0.0,False,canonical_oracle,1.0,False,0.0,93,3,"[0.0028931086008210302,0.0003541898396857231,4.813219012165134e-05,1.6539509753905232e-06,1.0230439547985151e-07,1.1321277174297397e-08,1.7936018144269702e-09,1.6739338025033814e-10]",94,,True
"[0.0018154375795065582,0.0006313972159314269,0.0005204231995392775,1.4305310695660308e-05,1.0599779100747602e-08,1.1494080259801185e-08,7.80790029477822e-09,3.6357560812126817e-09]",Bcc2,"[0.00024604174438440764,0.0002674009039873005,0.0005264946501969549,1.3721149426069603e-05,1.4875185294702921e-08,1.1446424268377727e-08,7.793468181503098e-09,3.636396306178829e-09]","[0.0,0.0,0.0,0.0,0.0,0.0,0.0,0.0]","[0.002061479323890966,-0.0003639963119441264,6.071450657677452e-06,-5.841612695907062e-07,4.275406193955319e-09,-4.765599142345825e-11,-1.4432113275122799e-11,6.402249661474052e-13]",0.001991361594041132,True,"{""inner"":0.0012234173977189926,""middle"":0.0001336876510235746,""outer"":5.721828187995451e-09}","[0.0008316292769300641,0.0007181861516298495,4.2060739463973886e-05,2.2381122449812294e-06,9.80289892858962e-08,1.1368933165720856e-08,1.808033927702093e-09,1.6675315528419073e-10]",stage_l_saved_selected_step_metrics,fno_plain,"[0.0010776710213144718,0.00098558705561715,0.0005685553896609288,1.5959261671050832e-05,1.1290417458059912e-07,2.2815357434098583e-08,9.60150210920519e-09,3.80314946146302e-09]",0.002093377061523948,0.04873248558888388,False,canonical_oracle,0.9512675144111161,False,0.5,93,3,"[0.0028931086008210302,0.0003541898396857231,4.813219012165134e-05,1.6539509753905232e-06,1.0230439547985151e-07,1.1321277174297397e-08,1.7936018144269702e-09,1.6739338025033814e-10]",94,0.30837883277319916,False
"[0.0027916546111599366,0.00035353112873977565,4.6870250440654336e-05,1.166304261707925e-06,1.6071946391858858e-08,2.7567368387439193e-08,8.025708458398265e-09,1.171822233001322e-08]",Bcc2,"[-0.0007301752872689709,-0.000717527440683902,-4.0798799782976884e-05,-1.7504655312986312e-06,2.0347352585814177e-08,2.7519712396015734e-08,8.011276345123143e-09,1.1718862554979368e-08]","[0.0,0.0,0.0,0.0,0.0,0.0,0.0,0.0]","[0.002061479323890966,-0.0003639963119441264,6.071450657677452e-06,-5.841612695907062e-07,4.275406193955319e-09,-4.765599142345825e-11,-1.4432113275122799e-11,6.402249661474052e-13]",0.0028143414698398902,True,"{""inner"":0.0015725928699498561,""middle"":1.202004850428539e-05,""outer"":9.871965394205742e-09}","[0.0008316292769300641,0.0007181861516298495,4.2060739463973886e-05,2.2381122449812294e-06,9.80289892858962e-08,1.1368933165720856e-08,1.808033927702093e-09,1.6675315528419073e-10]",stage_l_saved_selected_step_metrics,fno_full,"[0.00010145398966109328,6.587109459474339e-07,1.2619396809969992e-06,4.876467136825981e-07,1.1837634187171037e-07,3.888864556173659e-08,9.819310272825236e-09,1.1885615710263559e-08]",0.002093377061523948,-0.3444025548799561,False,canonical_oracle,1.344402554879956,False,0.5,93,3,"[0.0028931086008210302,0.0003541898396857231,4.813219012165134e-05,1.6539509753905232e-06,1.0230439547985151e-07,1.1321277174297397e-08,1.7936018144269702e-09,1.6739338025033814e-10]",94,-0.5801697966542547,False
"[0.002533614735760613,0.0004452300083406957,0.0005006223925350604,6.954554801154875e-07,5.3338657470661664e-08,1.7238492424538124e-08,3.14775292557292e-08,4.498430578684886e-08]",Bcc2,"[-0.00047213541186964727,8.123369639656932e-05,0.0005066938431927379,-1.2796167497061937e-06,-4.9063251276706346e-08,1.7190836433114666e-08,3.146309714245408e-08,4.498494601181501e-08]","[0.0,0.0,0.0,0.0,0.0,0.0,0.0,0.0]","[0.002061479323890966,-0.0003639963119441264,6.071450657677452e-06,-5.841612695907062e-07,4.275406193955319e-09,-4.765599142345825e-11,-1.4432113275122799e-11,6.402249661474052e-13]",0.0026206977428373597,True,"{""inner"":0.0014894223720506544,""middle"":0.00012534710629126777,""outer"":3.8230917521289033e-08}","[0.0008316292769300641,0.0007181861516298495,4.2060739463973886e-05,2.2381122449812294e-06,9.80289892858962e-08,1.1368933165720856e-08,1.808033927702093e-09,1.6675315528419073e-10]",frozen_rollout_saved_statistics,localno_plain,"[0.00035949386506041686,0.0007994198480264188,0.0005487545826567118,9.584954952750357e-07,4.896573800918985e-08,2.855976959883552e-08,3.327113107015617e-08,4.51516991670992e-08]",0.002093377061523948,-0.2518995220715423,False,canonical_oracle,1.2518995220715423,False,0.375,93,3,"[0.0028931086008210302,0.0003541898396857231,4.813219012165134e-05,1.6539509753905232e-06,1.0230439547985151e-07,1.1321277174297397e-08,1.7936018144269702e-09,1.6739338025033814e-10]",94,-0.6849054675923104,False
"[1.1118626237912287e-08,3.5251894484592303e-07,4.8652774981571044e-06,3.962209362291081e-06,1.2666972607626463e-06,1.9577796141214875e-07,1.6758162753197316e-08,1.0195693555740254e-09]",Bcc3,"[0.0,0.0,0.0,0.0,0.0,0.0,0.0,0.0]","[0.0,0.0,0.0,0.0,0.0,0.0,0.0,0.0]","[1.1118626237912287e-08,3.5251894484592303e-07,4.8652774981571044e-06,3.962209362291081e-06,1.2666972607626463e-06,1.9577796141214875e-07,1.6758162753197316e-08,1.0195693555740254e-09]",6.413856424271163e-06,True,"{""inner"":1.8181878554191766e-07,""middle"":2.5724905206557452e-06,""outer"":8.88886605438567e-09}","[2.913569293886461e-05,2.87942926202566e-05,2.3947766615229318e-05,1.8839326334764353e-05,8.499831632598526e-06,1.6531715525567084e-06,1.30877997977012e-07,6.524690585155294e-09]",computed_canonical_persistence,persistence,"[2.913569293886461e-05,2.87942926202566e-05,2.3947766615229318e-05,1.8839326334764353e-05,8.499831632598526e-06,1.6531715525567084e-06,1.30877997977012e-07,6.524690585155294e-09]",6.413856424271163e-06,0.0,False,canonical_oracle,1.0,False,0.0,93,3,"[2.9146811565102524e-05,2.9146811565102524e-05,2.8813044113386423e-05,2.2801535697055434e-05,9.766528893361172e-06,1.8489495139688572e-06,1.4763616073020933e-07,7.54425994072932e-09]",94,,True
"[8.899211511383743e-06,1.2870518566795174e-05,1.5588383410532104e-05,6.950199173323687e-06,3.0540436770853325e-06,9.539556664816776e-07,2.6041075904468394e-08,7.643625135468964e-09]",Bcc3,"[-8.88809288514583e-06,-1.251799962194925e-05,-1.0723105912375e-05,-2.987989811032606e-06,-1.7873464163226861e-06,-7.581777050695287e-07,-9.282913151271078e-09,8.66319449104299e-09]","[0.0,0.0,0.0,0.0,0.0,0.0,0.0,0.0]","[1.1118626237912287e-08,3.5251894484592303e-07,4.8652774981571044e-06,3.962209362291081e-06,1.2666972607626463e-06,1.9577796141214875e-07,1.6758162753197316e-08,1.0195693555740254e-09]",2.337492524828652e-05,True,"{""inner"":1.0884865039089458e-05,""middle"":6.6366454818557e-06,""outer"":1.684235051996868e-08}","[2.913569293886461e-05,2.87942926202566e-05,2.3947766615229318e-05,1.8839326334764353e-05,8.499831632598526e-06,1.6531715525567084e-06,1.30877997977012e-07,6.524690585155294e-09]",stage_l_saved_selected_step_metrics,fno_plain,"[2.024760005371878e-05,1.627629299830735e-05,1.3224660702854319e-05,1.5851336523731747e-05,6.71248521627584e-06,8.949938474871797e-07,1.2159508482574093e-07,1.5187885076198283e-08]",6.413856424271163e-06,-2.6444416123553505,False,canonical_oracle,3.6444416123553505,False,0.125,93,3,"[2.9146811565102524e-05,2.9146811565102524e-05,2.8813044113386423e-05,2.2801535697055434e-05,9.766528893361172e-06,1.8489495139688572e-06,1.4763616073020933e-07,7.54425994072932e-09]",94,-0.5801698539918523,False
"[8.972431820931133e-06,1.128993706709145e-05,1.5163232419722054e-05,1.1248517247280195e-05,3.659043145836054e-06,2.3593578125628403e-08,6.934516713173217e-07,2.819782641006117e-07]",Bcc3,"[-8.96131319469322e-06,-1.0937418122245527e-05,-1.029795492156495e-05,-7.2863078849891145e-06,-2.3923458850734075e-06,1.7218438328652034e-07,7.10209834070519e-07,2.829978334561857e-07]","[0.0,0.0,0.0,0.0,0.0,0.0,0.0,0.0]","[1.1118626237912287e-08,3.5251894484592303e-07,4.8652774981571044e-06,3.962209362291081e-06,1.2666972607626463e-06,1.9577796141214875e-07,1.6758162753197316e-08,1.0195693555740254e-09]",2.404931412325328e-05,True,"{""inner"":1.0131184444011291e-05,""middle"":7.523596597740983e-06,""outer"":4.877149677089667e-07}","[2.913569293886461e-05,2.87942926202566e-05,2.3947766615229318e-05,1.8839326334764353e-05,8.499831632598526e-06,1.6531715525567084e-06,1.30877997977012e-07,6.524690585155294e-09]",stage_l_saved_selected_step_metrics,fno_full,"[2.017437974417139e-05,1.7856874498011074e-05,1.3649811693664369e-05,1.1553018449775239e-05,6.1074857475251185e-06,1.8253559358432288e-06,8.41087832047531e-07,2.89522524041341e-07]",6.413856424271163e-06,-2.7495872268431887,False,canonical_oracle,3.7495872268431887,False,0.375,93,3,"[2.9146811565102524e-05,2.9146811565102524e-05,2.8813044113386423e-05,2.2801535697055434e-05,9.766528893361172e-06,1.8489495139688572e-06,1.4763616073020933e-07,7.54425994072932e-09]",94,-0.7007222306255166,False
"[2.1855586460097383e-05,2.143441274209588e-05,2.0369780246550537e-05,1.1867114649360015e-05,5.371414242198327e-06,1.5278002880263103e-06,5.580396401947894e-08,1.9334666792166117e-08]",Bcc3,"[-2.184446783385947e-05,-2.1081893797249958e-05,-1.5504502748393432e-05,-7.904905287068934e-06,-4.104716981435681e-06,-1.3320223266141616e-06,-3.9045801266281626e-08,2.0354236147740142e-08]","[0.0,0.0,0.0,0.0,0.0,0.0,0.0,0.0]","[1.1118626237912287e-08,3.5251894484592303e-07,4.8652774981571044e-06,3.962209362291081e-06,1.2666972607626463e-06,1.9577796141214875e-07,1.6758162753197316e-08,1.0195693555740254e-09]",3.903904224107264e-05,True,"{""inner"":2.164499960109663e-05,""middle"":9.784027356533798e-06,""outer"":3.7569315405822526e-08}","[2.913569293886461e-05,2.87942926202566e-05,2.3947766615229318e-05,1.8839326334764353e-05,8.499831632598526e-06,1.6531715525567084e-06,1.30877997977012e-07,6.524690585155294e-09]",frozen_rollout_saved_statistics,localno_plain,"[7.2912251050051395e-06,7.712398823006643e-06,8.443263866835884e-06,1.093442104769542e-05,4.395114651162845e-06,3.2114922594254675e-07,9.183219671073038e-08,2.6878926732895438e-08]",6.413856424271163e-06,-5.086672301135714,False,canonical_oracle,6.086672301135714,False,0.125,93,3,"[2.9146811565102524e-05,2.9146811565102524e-05,2.8813044113386423e-05,2.2801535697055434e-05,9.766528893361172e-06,1.8489495139688572e-06,1.4763616073020933e-07,7.54425994072932e-09]",94,-0.5301587727993821,False
"[118.80093849851104,4.8663071939015765,0.29568509880594296,0.01586641296581137,0.0015214841031153704,0.0006100161263205769,0.0006338655675175858,0.0001339152646316344]",rho,"[0.0,0.0,0.0,0.0,0.0,0.0,0.0,0.0]","[0.0,0.0,0.0,0.0,0.0,0.0,0.0,0.0]","[118.80093849851104,4.8663071939015765,-0.29568509880594296,0.01586641296581137,0.0015214841031153704,0.0006100161263205769,-0.0006338655675175858,0.0001339152646316344]",118.90093194908059,True,"{""inner"":61.83362284620631,""middle"":0.07842075300029756,""outer"":0.0003838904160746101}","[0.0001151799521560614,6.970614618719853,1.170050356975101,0.16340830312053728,0.028377208876201876,0.016045233736702906,0.06347867751391728,0.045857123081542064]",computed_canonical_persistence,persistence,"[0.0001151799521560614,6.970614618719853,1.170050356975101,0.16340830312053728,0.028377208876201876,0.016045233736702906,0.06347867751391728,0.045857123081542064]",118.90093194908059,0.0,False,canonical_oracle,1.0,False,0.0,93,3,"[118.8010536784632,11.83692181262143,0.8743652581691581,0.17927471608634865,0.029898692979317246,0.016655249863023483,0.0628448119463997,0.0459910383461737]",94,,True
"[118.80105218999125,11.836921174130321,0.874363411659913,0.17925343372355174,0.02988690206363992,0.016434129882058567,0.030711588313990797,0.047861992089513514]",rho,"[-0.0001136914802071195,-6.970613980228745,-1.170048510465856,-0.16338702075774036,-0.02836541796052455,-0.01582411375573799,-0.03134545388150838,0.04799590735414515]","[0.0,0.0,0.0,0.0,0.0,0.0,0.0,0.0]","[118.80093849851104,4.8663071939015765,-0.29568509880594296,0.01586641296581137,0.0015214841031153704,0.0006100161263205769,-0.0006338655675175858,0.0001339152646316344]",119.39264527088858,True,"{""inner"":65.31898668206078,""middle"":0.2749844693322908,""outer"":0.03928679020175216}","[0.0001151799521560614,6.970614618719853,1.170050356975101,0.16340830312053728,0.028377208876201876,0.016045233736702906,0.06347867751391728,0.045857123081542064]",stage_l_saved_selected_step_metrics,fno_plain,"[1.4884719489418965e-06,6.384911090379282e-07,1.8465092450265248e-06,2.1282362796903126e-05,1.1790915677327454e-05,0.00022111998096491716,0.0321332236324089,0.09385303043568721]",118.90093194908059,-0.00413548753359283,False,canonical_oracle,1.0041354875335928,False,0.375,93,3,"[118.8010536784632,11.83692181262143,0.8743652581691581,0.17927471608634865,0.029898692979317246,0.016655249863023483,0.0628448119463997,0.0459910383461737]",94,-0.03995786058248955,False
"[118.80102183332922,11.836914880361206,0.8743631919775023,0.17924996679208524,0.029892356797720645,0.0160782041891069,0.002133089190201401,0.127288327559961]",rho,"[-8.333481816581915e-05,-6.97060768645963,-1.1700482907834453,-0.16338355382627387,-0.028370872694605274,-0.015468188062786322,0.0014992236226838151,0.12742224282459264]","[0.0,0.0,0.0,0.0,0.0,0.0,0.0,0.0]","[118.80093849851104,4.8663071939015765,-0.29568509880594296,0.01586641296581137,0.0015214841031153704,0.0006100161263205769,-0.0006338655675175858,0.0001339152646316344]",119.39266871546263,True,"{""inner"":65.3189683568452,""middle"":0.27489592993910383,""outer"":0.0647107083750812}","[0.0001151799521560614,6.970614618719853,1.170050356975101,0.16340830312053728,0.028377208876201876,0.016045233736702906,0.06347867751391728,0.045857123081542064]",stage_l_saved_selected_step_metrics,fno_full,"[3.1845133990242246e-05,6.932260223243472e-06,2.0661916556815694e-06,2.474929426341209e-05,6.336181596600083e-06,0.0005770456739165839,0.0649779011366011,0.1732793659061347]",118.90093194908059,-0.004135684710971255,False,canonical_oracle,1.0041356847109713,False,0.25,93,3,"[118.8010536784632,11.83692181262143,0.8743652581691581,0.17927471608634865,0.029898692979317246,0.016655249863023483,0.0628448119463997,0.0459910383461737]",94,-0.03994841106648201,False
"[118.80100522581384,11.836854776350041,0.8738727346631303,0.14888355115850838,0.024722761787979112,0.016618139710048503,0.06200932221949253,0.04551526354396809]",rho,"[-6.672730279067722e-05,-6.9705475824484635,-1.1695578334690733,-0.133017138192697,-0.02320127768486374,-0.016008123583727926,-0.06264318778701011,-0.04538134827933646]","[0.0,0.0,0.0,0.0,0.0,0.0,0.0,0.0]","[118.80093849851104,4.8663071939015765,-0.29568509880594296,0.01586641296581137,0.0015214841031153704,0.0006100161263205769,-0.0006338655675175858,0.0001339152646316344]",119.39255670979333,True,"{""inner"":65.31893000108194,""middle"":0.2660242968299165,""outer"":0.05376229288173031}","[0.0001151799521560614,6.970614618719853,1.170050356975101,0.16340830312053728,0.028377208876201876,0.016045233736702906,0.06347867751391728,0.045857123081542064]",frozen_rollout_saved_statistics,localno_plain,"[4.845264936538418e-05,6.703627138954343e-05,0.0004925235060279005,0.030391164927840268,0.0051759311913381345,3.711015297497851e-05,0.0008354897269071646,0.00047577480220560515]",118.90093194908059,-0.004134742702633032,False,canonical_oracle,1.004134742702633,False,0.25,93,3,"[118.8010536784632,11.83692181262143,0.8743652581691581,0.17927471608634865,0.029898692979317246,0.016655249863023483,0.0628448119463997,0.0459910383461737]",94,-0.03995387307885161,False
"[0.39159721273651843,0.008295076555714712,5.4160992192095936e-05,1.20655726310087e-07,4.572716894935519e-09,1.0577758560990317e-09,1.2278732648489438e-09,2.513157191316716e-10]",press,"[0.0,0.0,0.0,0.0,0.0,0.0,0.0,0.0]","[0.0,0.0,0.0,0.0,0.0,0.0,0.0,0.0]","[0.39159721273651843,-0.008295076555714712,5.4160992192095936e-05,1.20655726310087e-07,4.572716894935519e-09,1.0577758560990317e-09,-1.2278732648489438e-09,2.513157191316716e-10]",0.3916850625840905,True,"{""inner"":0.19994614464611657,""middle"":1.3571819602789264e-05,""outer"":7.395944919903077e-10}","[0.0012149346184603272,0.015471764651098837,0.00031283664698336167,1.1694444847269711e-05,2.827661865336542e-07,3.012591493041502e-08,9.174632203244182e-08,5.926001083216409e-08]",computed_canonical_persistence,persistence,"[0.0012149346184603272,0.015471764651098837,0.00031283664698336167,1.1694444847269711e-05,2.827661865336542e-07,3.012591493041502e-08,9.174632203244182e-08,5.926001083216409e-08]",0.3916850625840905,0.0,False,canonical_oracle,1.0,False,0.0,93,3,"[0.39281214735497877,0.007176688095384125,0.0003669976391754576,1.1815100573579798e-05,2.873389034285897e-07,3.1183690786514055e-08,9.051844876759288e-08,5.951132655129576e-08]",94,,True
"[0.3928083816058879,0.007176200228004286,0.00036595357871972364,1.0646812910499585e-05,2.421782094075115e-07,3.058421746545237e-08,7.430754018120923e-08,3.940506931148953e-08]",press,"[-0.0012111688693694246,-0.015471276783718999,-0.0003117925865276277,-1.0526157184189498e-05,-2.3760549251257595e-07,-2.952644160935334e-08,-7.553541344605817e-08,-3.915375359235786e-08]","[0.0,0.0,0.0,0.0,0.0,0.0,0.0,0.0]","[0.39159721273651843,-0.008295076555714712,5.4160992192095936e-05,1.20655726310087e-07,4.572716894935519e-09,1.0577758560990317e-09,-1.2278732648489438e-09,2.513157191316716e-10]",0.3928740975745185,True,"{""inner"":0.1999922909169461,""middle"":9.421828851427406e-05,""outer"":5.685630474634938e-08}","[0.0012149346184603272,0.015471764651098837,0.00031283664698336167,1.1694444847269711e-05,2.827661865336542e-07,3.012591493041502e-08,9.174632203244182e-08,5.926001083216409e-08]",stage_l_saved_selected_step_metrics,fno_plain,"[3.7657490909025303e-06,4.878673798381816e-07,1.0440604557339635e-06,1.1682876630802133e-06,4.5160694021078215e-08,5.994733210616848e-10,1.621090858638364e-08,2.010625723980623e-08]",0.3916850625840905,-0.0030356914368485644,False,canonical_oracle,1.0030356914368486,False,0.25,93,3,"[0.39281214735497877,0.007176688095384125,0.0003669976391754576,1.1815100573579798e-05,2.873389034285897e-07,3.1183690786514055e-08,9.051844876759288e-08,5.951132655129576e-08]",94,-0.05690665836158997,False
"[0.3928027305370188,0.007176469503836573,0.0003669718957783664,1.177880018822953e-05,2.8115003941873575e-07,2.773649906604345e-08,4.29765978871895e-07,1.8423148575297358e-07]",press,"[-0.0012055178005003632,-0.015471546059551285,-0.0003128109035862705,-1.1658144461919443e-05,-2.7657732252380023e-07,-2.667872320994442e-08,4.28538105607046e-07,1.8448280147210527e-07]","[0.0,0.0,0.0,0.0,0.0,0.0,0.0,0.0]","[0.39159721273651843,-0.008295076555714712,5.4160992192095936e-05,1.20655726310087e-07,4.572716894935519e-09,1.0577758560990317e-09,-1.2278732648489438e-09,2.513157191316716e-10]",0.3928684533521216,True,"{""inner"":0.19998960002042768,""middle"":9.476489562627019e-05,""outer"":3.069987323124343e-07}","[0.0012149346184603272,0.015471764651098837,0.00031283664698336167,1.1694444847269711e-05,2.827661865336542e-07,3.012591493041502e-08,9.174632203244182e-08,5.926001083216409e-08]",stage_l_saved_selected_step_metrics,fno_full,"[9.416817959964055e-06,2.1859154755212943e-07,2.574339709120239e-08,3.630038535026845e-08,6.188864009853969e-09,3.447191720470604e-09,5.202844276394878e-07,2.4374281230426934e-07]",0.3916850625840905,-0.0030212813330787736,False,canonical_oracle,1.0030212813330788,False,0.25,93,3,"[0.39281214735497877,0.007176688095384125,0.0003669976391754576,1.1815100573579798e-05,2.873389034285897e-07,3.1183690786514055e-08,9.051844876759288e-08,5.951132655129576e-08]",94,-0.05654285467767122,False
"[0.3928051804340846,0.007176585628658038,0.00036687022659513934,1.1541394268321167e-05,2.4515376614541406e-07,2.9875138408091864e-08,8.682029362999062e-08,5.7061154120164415e-08]",press,"[-0.0012079676975661371,-0.01547166218437275,-0.0003127092344030434,-1.142073854201108e-05,-2.4058104925047854e-07,-2.8817362551992835e-08,-8.804816689483957e-08,-5.6809838401032744e-08]","[0.0,0.0,0.0,0.0,0.0,0.0,0.0,0.0]","[0.39159721273651843,-0.008295076555714712,5.4160992192095936e-05,1.20655726310087e-07,4.572716894935519e-09,1.0577758560990317e-09,-1.2278732648489438e-09,2.513157191316716e-10]",0.3928709048582981,True,"{""inner"":0.1999908830313713,""middle"":9.46716624420035e-05,""outer"":7.194072387507752e-08}","[0.0012149346184603272,0.015471764651098837,0.00031283664698336167,1.1694444847269711e-05,2.827661865336542e-07,3.012591493041502e-08,9.174632203244182e-08,5.926001083216409e-08]",frozen_rollout_saved_statistics,localno_plain,"[6.9669208941900606e-06,1.02466726086052e-07,1.2741258031827701e-07,2.7370630525863195e-07,4.218513728317562e-08,1.308552378422189e-09,3.6981551376022485e-09,2.4501724311313464e-09]",0.3916850625840905,-0.003027540203816237,False,canonical_oracle,1.0030275402038162,False,0.25,93,3,"[0.39281214735497877,0.007176688095384125,0.0003669976391754576,1.1815100573579798e-05,2.873389034285897e-07,3.1183690786514055e-08,9.051844876759288e-08,5.951132655129576e-08]",94,-0.05669938742827702,False
"[0.04647119665722127,0.0014257956340878938,0.0026766613860950625,0.0010315438004075,0.008659817117012525,0.008964020642792364,0.005181105493745904,0.00184370508702629]",vel1,"[0.0,0.0,0.0,0.0,0.0,0.0,0.0,0.0]","[0.0,0.0,0.0,0.0,0.0,0.0,0.0,0.0]","[-0.04647119665722127,0.0014257956340878938,-0.0026766613860950625,0.0010315438004075,0.008659817117012525,0.008964020642792364,0.005181105493745904,0.00184370508702629]",0.04853269837853703,True,"{""inner"":0.023948496145654582,""middle"":0.005333010736576863,""outer"":0.003512405290386097}","[0.09671596752414721,0.010225862491745369,0.020477792520806302,0.04702040397244687,0.06328083474587362,0.06771257692814728,0.051290588131700586,0.03211155939477579]",computed_canonical_persistence,persistence,"[0.09671596752414721,0.010225862491745369,0.020477792520806302,0.04702040397244687,0.06328083474587362,0.06771257692814728,0.051290588131700586,0.03211155939477579]",0.04853269837853703,0.0,False,canonical_oracle,1.0,False,0.0,93,3,"[0.05024477086692594,0.011651658125833263,0.01780113113471124,0.04805194777285437,0.07194065186288615,0.07667659757093964,0.05647169362544649,0.03395526448180208]",94,,True
"[0.023027979260633324,0.006676033390864419,0.010640976304997813,0.04061847506682342,0.054988261724743734,0.04862564467015958,0.02875443460446923,0.018006526309249257]",vel1,"[-0.0694991759178546,-0.005250237756776525,-0.013317637691092876,-0.03958693126641592,-0.04632844460773121,-0.03966162402736722,-0.023573329110723327,-0.016162821222222967]","[0.0,0.0,0.0,0.0,0.0,0.0,0.0,0.0]","[-0.04647119665722127,0.0014257956340878938,-0.0026766613860950625,0.0010315438004075,0.008659817117012525,0.008964020642792364,0.005181105493745904,0.00184370508702629]",0.09421869713802933,True,"{""inner"":0.014852006325748872,""middle"":0.03871833944168114,""outer"":0.023380480456859244}","[0.09671596752414721,0.010225862491745369,0.020477792520806302,0.04702040397244687,0.06328083474587362,0.06771257692814728,0.051290588131700586,0.03211155939477579]",stage_l_saved_selected_step_metrics,fno_plain,"[0.027216791606292617,0.004975624734968844,0.007160154829713427,0.007433472706030942,0.016952390138142415,0.02805095290078006,0.02771725902097726,0.015948738172552827]",0.04853269837853703,-0.9413447075033512,False,canonical_oracle,1.9413447075033512,False,0.25,93,3,"[0.05024477086692594,0.011651658125833263,0.01780113113471124,0.04805194777285437,0.07194065186288615,0.07667659757093964,0.05647169362544649,0.03395526448180208]",94,0.4506703350502464,False
"[0.03345279728201131,0.008024202656431617,0.014105594554650443,0.0433031336689861,0.06285890216759865,0.06416006407771736,0.04570706047379897,0.0037744378559628755]",vel1,"[-0.07992399393923258,-0.006598407022343723,-0.016782255940745505,-0.0422715898685786,-0.05419908505058613,-0.055196043434925,-0.04052595498005307,-0.0019307327689365855]","[0.0,0.0,0.0,0.0,0.0,0.0,0.0,0.0]","[-0.04647119665722127,0.0014257956340878938,-0.0026766613860950625,0.0010315438004075,0.008659817117012525,0.008964020642792364,0.005181105493745904,0.00184370508702629]",0.11588245691222493,True,"{""inner"":0.020738499969221464,""middle"":0.046106923617238144,""outer"":0.024740749164880924}","[0.09671596752414721,0.010225862491745369,0.020477792520806302,0.04702040397244687,0.06328083474587362,0.06771257692814728,0.051290588131700586,0.03211155939477579]",stage_l_saved_selected_step_metrics,fno_full,"[0.016791973584914632,0.0036274554694016455,0.0036955365800607977,0.0047488141038682635,0.009081749695287494,0.012516533493222282,0.010764633151647517,0.030180826625839208]",0.04853269837853703,-1.3877192240246936,False,canonical_oracle,2.3877192240246936,False,0.25,93,3,"[0.05024477086692594,0.011651658125833263,0.01780113113471124,0.04805194777285437,0.07194065186288615,0.07667659757093964,0.05647169362544649,0.03395526448180208]",94,0.4101983465880736,False
"[0.0036032690823802477,0.0030891689723288283,0.01048557706012513,0.027084219636931826,0.05496566932757573,0.0680585590902478,0.046070382181689566,0.024945230115383327]",vel1,"[-0.04286792757484102,-0.0016633733382409345,-0.013162238446220192,-0.026052675836524326,-0.04630585221056321,-0.059094538447455436,-0.04088927668794366,-0.023101525028357037]","[0.0,0.0,0.0,0.0,0.0,0.0,0.0,0.0]","[-0.04647119665722127,0.0014257956340878938,-0.0026766613860950625,0.0010315438004075,0.008659817117012525,0.008964020642792364,0.005181105493745904,0.00184370508702629]",0.10613183161799546,True,"{""inner"":0.003346219027354538,""middle"":0.040148506278720124,""outer"":0.03550780614853645}","[0.09671596752414721,0.010225862491745369,0.020477792520806302,0.04702040397244687,0.06328083474587362,0.06771257692814728,0.051290588131700586,0.03211155939477579]",frozen_rollout_saved_statistics,localno_plain,"[0.05384803994930619,0.008562489153504434,0.007315554074586111,0.020967728135922542,0.016974982535310414,0.008618038480691844,0.010401311443756923,0.009010034366418757]",0.04853269837853703,-1.1868108546161307,False,canonical_oracle,2.1868108546161307,False,0.25,93,3,"[0.05024477086692594,0.011651658125833263,0.01780113113471124,0.04805194777285437,0.07194065186288615,0.07667659757093964,0.05647169362544649,0.03395526448180208]",94,0.16319939290584806,False
"[8.618469915219707e-05,0.00016343111022004998,8.179119909726453e-09,5.653785833070516e-07,2.883283291996205e-07,1.6892144073204567e-08,5.239745435848334e-09,2.007400007903262e-09]",vel2,"[0.0,0.0,0.0,0.0,0.0,0.0,0.0,0.0]","[0.0,0.0,0.0,0.0,0.0,0.0,0.0,0.0]","[-8.618469915219707e-05,-0.00016343111022004998,-8.179119909726453e-09,5.653785833070516e-07,2.883283291996205e-07,1.6892144073204567e-08,5.239745435848334e-09,-2.007400007903262e-09]",0.00018476453481555338,True,"{""inner"":0.00012480790468612354,""middle"":2.1969454412240078e-07,""outer"":3.623572721875798e-09}","[0.0007291598799513302,0.00022752996122575342,1.3311667295503229e-05,6.289352393258659e-06,1.8629884366531636e-06,1.726181705789561e-07,5.8147370093663504e-08,2.6191063111195682e-08]",computed_canonical_persistence,persistence,"[0.0007291598799513302,0.00022752996122575342,1.3311667295503229e-05,6.289352393258659e-06,1.8629884366531636e-06,1.726181705789561e-07,5.8147370093663504e-08,2.6191063111195682e-08]",0.00018476453481555338,0.0,False,canonical_oracle,1.0,False,0.0,93,3,"[0.0006429751807991331,6.409885100570344e-05,1.3303488175593502e-05,6.854730976565711e-06,2.151316765852784e-06,1.8951031465216066e-07,6.338711552951184e-08,2.418366310329242e-08]",94,,True
"[0.00038368690830546274,0.00011141483118991388,4.800160112268604e-06,6.592037257313649e-07,8.474080898156272e-07,5.309869375643275e-07,9.176263633007142e-07,4.2502903825832053e-07]",vel2,"[-0.0004698716074576598,-5.20162790301361e-05,4.791980992358877e-06,-9.382514242431331e-08,1.1357364190152477e-06,5.478790816375321e-07,9.228661087365626e-07,4.230216382504173e-07]","[0.0,0.0,0.0,0.0,0.0,0.0,0.0,0.0]","[-8.618469915219707e-05,-0.00016343111022004998,-8.179119909726453e-09,5.653785833070516e-07,2.883283291996205e-07,1.6892144073204567e-08,5.239745435848334e-09,-2.007400007903262e-09]",0.0003995677752724331,True,"{""inner"":0.0002475508697476883,""middle"":1.7094397163449808e-06,""outer"":6.713277007795174e-07}","[0.0007291598799513302,0.00022752996122575342,1.3311667295503229e-05,6.289352393258659e-06,1.8629884366531636e-06,1.726181705789561e-07,5.8147370093663504e-08,2.6191063111195682e-08]",stage_l_saved_selected_step_metrics,fno_plain,"[0.00025928827249367036,0.00017551368219561732,1.8103648287862106e-05,6.195527250834346e-06,2.9987248556684113e-06,7.204972522164882e-07,9.81013478830226e-07,4.4921270136161296e-07]",0.00018476453481555338,-1.1625783090424435,False,canonical_oracle,2.1625783090424435,False,0.625,93,3,"[0.0006429751807991331,6.409885100570344e-05,1.3303488175593502e-05,6.854730976565711e-06,2.151316765852784e-06,1.8951031465216066e-07,6.338711552951184e-08,2.418366310329242e-08]",94,0.5609219311609874,False
"[0.0002425890465456523,9.757063778956121e-05,3.422299486847264e-05,5.791323163626033e-06,3.393334285147747e-06,9.14041150389912e-07,4.7135293505778465e-06,1.8485780856792444e-06]",vel2,"[-0.00032877374569784937,-6.586047243048877e-05,3.421481574856292e-05,6.3567017469330845e-06,3.6816626143473673e-06,9.309332944631166e-07,4.718769096013695e-06,1.846570685671341e-06]","[0.0,0.0,0.0,0.0,0.0,0.0,0.0,0.0]","[-8.618469915219707e-05,-0.00016343111022004998,-8.179119909726453e-09,5.653785833070516e-07,2.883283291996205e-07,1.6892144073204567e-08,5.239745435848334e-09,-2.007400007903262e-09]",0.0002638412637420774,True,"{""inner"":0.00017007984216760677,""middle"":1.1080423366909083e-05,""outer"":3.2810537181285456e-06}","[0.0007291598799513302,0.00022752996122575342,1.3311667295503229e-05,6.289352393258659e-06,1.8629884366531636e-06,1.726181705789561e-07,5.8147370093663504e-08,2.6191063111195682e-08]",stage_l_saved_selected_step_metrics,fno_full,"[0.0004003861342534808,0.00016166948879526465,4.752648304406615e-05,1.2646054140191744e-05,5.544651051000531e-06,1.1035514650420727e-06,4.776916466107358e-06,1.8727617487825367e-06]",0.00018476453481555338,-0.4279865127009612,False,canonical_oracle,1.4279865127009612,False,0.75,93,3,"[0.0006429751807991331,6.409885100570344e-05,1.3303488175593502e-05,6.854730976565711e-06,2.151316765852784e-06,1.8951031465216066e-07,6.338711552951184e-08,2.418366310329242e-08]",94,0.6276987957789315,False
"[0.000546680177050602,2.6038130358109788e-05,1.8504051042400013e-05,7.444274169005785e-07,2.435663259629293e-08,2.9223383039652295e-07,6.052064516483289e-07,1.4982720812358144e-06]",vel2,"[-0.000632864876202799,-0.0001373929798619402,1.8495871922490285e-05,-1.790488335935269e-07,2.6397169660332755e-07,3.0912597446972754e-07,6.104461970841773e-07,1.496264681227911e-06]","[0.0,0.0,0.0,0.0,0.0,0.0,0.0,0.0]","[-8.618469915219707e-05,-0.00016343111022004998,-8.179119909726453e-09,5.653785833070516e-07,2.883283291996205e-07,1.6892144073204567e-08,5.239745435848334e-09,-2.007400007903262e-09]",0.0005476156054914048,True,"{""inner"":0.00028635915370435586,""middle"":4.8912672305733515e-06,""outer"":1.0517392664420715e-06}","[0.0007291598799513302,0.00022752996122575342,1.3311667295503229e-05,6.289352393258659e-06,1.8629884366531636e-06,1.726181705789561e-07,5.8147370093663504e-08,2.6191063111195682e-08]",frozen_rollout_saved_statistics,localno_plain,"[9.629500374853112e-05,9.013698136381323e-05,3.1807539217993514e-05,6.110303559665132e-06,2.126960133256491e-06,4.817441450486837e-07,6.685935671778408e-07,1.5224557443391067e-06]",0.00018476453481555338,-1.9638567057150778,False,canonical_oracle,2.9638567057150778,False,0.625,93,3,"[0.0006429751807991331,6.409885100570344e-05,1.3303488175593502e-05,6.854730976565711e-06,2.151316765852784e-06,1.8951031465216066e-07,6.338711552951184e-08,2.418366310329242e-08]",94,0.6432315620101053,False
"[0.0021457331368414183,0.0018633538661245502,0.0006841216591599879,0.00010689504939195306,1.6721881095254623e-05,5.2308617998148466e-05,1.6077131349130332e-05,3.23628314887416e-06]",vel3,"[0.0,0.0,0.0,0.0,0.0,0.0,0.0,0.0]","[0.0,0.0,0.0,0.0,0.0,0.0,0.0,0.0]","[-0.0021457331368414183,-0.0018633538661245502,-0.0006841216591599879,-0.00010689504939195306,1.6721881095254623e-05,5.2308617998148466e-05,1.6077131349130332e-05,3.23628314887416e-06]",0.002925575512879854,True,"{""inner"":0.002004543501482984,""middle"":0.000215011801911336,""outer"":9.656707249002246e-06}","[0.0021457331368414183,0.001863364745106335,0.00114029252391061,0.0011014034087898743,0.0010118617934691454,0.0005458005188365523,0.0001764519680370089,3.404306724452507e-05]",computed_canonical_persistence,persistence,"[0.0021457331368414183,0.001863364745106335,0.00114029252391061,0.0011014034087898743,0.0010118617934691454,0.0005458005188365523,0.0001764519680370089,3.404306724452507e-05]",0.002925575512879854,0.0,False,canonical_oracle,1.0,False,0.0,93,3,"[0.0,1.087898178495832e-08,0.0004561708647506222,0.0009945083593979212,0.0010285836745644,0.0005981091368347008,0.00019252909938613922,3.727935039339923e-05]",94,,True
"[0.0005069400200637892,0.0012352997938124802,0.0006890710218736258,0.0003854867035577884,0.0005160798581786989,0.0001450730900283844,0.00023814457009738431,3.126493837823672e-05]",vel3,"[-0.0016387931167776292,-0.00062805407231207,4.9493627136379566e-06,-0.0004923817529497415,-0.0004993579770834443,-9.276447203023592e-05,0.00025422170144651465,-2.8028655229362558e-05]","[0.0,0.0,0.0,0.0,0.0,0.0,0.0,0.0]","[-0.0021457331368414183,-0.0018633538661245502,-0.0006841216591599879,-0.00010689504939195306,1.6721881095254623e-05,5.2308617998148466e-05,1.6077131349130332e-05,3.23628314887416e-06]",0.0016587488026967908,True,"{""inner"":0.0008711199069381347,""middle"":0.0004339276684096244,""outer"":0.00013470475423781053}","[0.0021457331368414183,0.001863364745106335,0.00114029252391061,0.0011014034087898743,0.0010118617934691454,0.0005458005188365523,0.0001764519680370089,3.404306724452507e-05]",stage_l_saved_selected_step_metrics,fno_plain,"[0.0005069400200637892,0.001235310672794265,0.001145241886624248,0.0006090216558401328,0.0005125038163857011,0.0004530360468063164,0.00043067366948352354,6.014412015162512e-06]",0.002925575512879854,0.43301794966694773,False,canonical_oracle,0.5669820503330523,False,0.5,93,3,"[0.0,1.087898178495832e-08,0.0004561708647506222,0.0009945083593979212,0.0010285836745644,0.0005981091368347008,0.00019252909938613922,3.727935039339923e-05]",94,0.8461471388968131,False
"[0.00044414566390339055,0.001970582472206019,0.0007912002716981134,0.0005028442519779599,0.00038330717006396394,0.00020716620429406414,6.495585830488935e-05,2.0103145682063825e-05]",vel3,"[-0.0017015874729380278,0.00010722860608146866,0.00010707861253812551,-0.000609739301369913,-0.0003665852889687093,-0.00015485758629591568,-4.887872695575902e-05,-1.6866862533189665e-05]","[0.0,0.0,0.0,0.0,0.0,0.0,0.0,0.0]","[-0.0021457331368414183,-0.0018633538661245502,-0.0006841216591599879,-0.00010689504939195306,1.6721881095254623e-05,5.2308617998148466e-05,1.6077131349130332e-05,3.23628314887416e-06]",0.0022701930501679156,True,"{""inner"":0.0012073640680547047,""middle"":0.0004711294745085254,""outer"":4.2529501993476585e-05}","[0.0021457331368414183,0.001863364745106335,0.00114029252391061,0.0011014034087898743,0.0010118617934691454,0.0005458005188365523,0.0001764519680370089,3.404306724452507e-05]",stage_l_saved_selected_step_metrics,fno_full,"[0.00044414566390339044,0.0019705933511878037,0.0012473711364487355,0.0004916641074199613,0.0006452765045004361,0.00039094293254063664,0.00012757324108124987,1.7176204711335407e-05]",0.002925575512879854,0.2240183033480474,False,canonical_oracle,0.7759816966519526,False,0.25,93,3,"[0.0,1.087898178495832e-08,0.0004561708647506222,0.0009945083593979212,0.0010285836745644,0.0005981091368347008,0.00019252909938613922,3.727935039339923e-05]",94,0.6307696024595624,False
"[0.00023296754956658597,0.0006576185587258449,0.0003151504027080721,0.00012068867033968478,0.00019524426305268078,0.00035845204790874657,0.0001340419880571382,3.070344838661058e-05]",vel3,"[-0.0019127655872748324,-0.0012057353073987053,-0.00036897125645191575,-0.00022758371973163785,-0.00017852238195742616,-0.0003061434299105981,-0.00011796485670800786,-2.746716523773642e-05]","[0.0,0.0,0.0,0.0,0.0,0.0,0.0,0.0]","[-0.0021457331368414183,-0.0018633538661245502,-0.0006841216591599879,-0.00010689504939195306,1.6721881095254623e-05,5.2308617998148466e-05,1.6077131349130332e-05,3.23628314887416e-06]",0.0008866452101135134,True,"{""inner"":0.00044529305414621543,""middle"":0.00024738384600229605,""outer"":8.237271822187438e-05}","[0.0021457331368414183,0.001863364745106335,0.00114029252391061,0.0011014034087898743,0.0010118617934691454,0.0005458005188365523,0.0001764519680370089,3.404306724452507e-05]",frozen_rollout_saved_statistics,localno_plain,"[0.00023296754956658594,0.0006576294377076297,0.0007713212674586942,0.0008738196890582364,0.0008333394115117192,0.00023965708892595422,5.848711132900103e-05,6.575902006788653e-06]",0.002925575512879854,0.6969330628418048,False,canonical_oracle,0.3030669371581952,False,0.5,93,3,"[0.0,1.087898178495832e-08,0.0004561708647506222,0.0009945083593979212,0.0010285836745644,0.0005981091368347008,0.00019252909938613922,3.727935039339923e-05]",94,0.9681688741999439,False
"[2.4520337738498412,0.22904305346626463,0.019415374128613924,0.001338123452927279,0.00010485331849262834,5.8720191835628065e-06,2.6594566571625807e-07,6.601278071084537e-09]",Bcc1,"[0.0,0.0,0.0,0.0,0.0,0.0,0.0,0.0]","[0.0,0.0,0.0,0.0,0.0,0.0,0.0,0.0]","[2.4520337738498412,0.22904305346626463,0.019415374128613924,0.001338123452927279,0.00010485331849262834,5.8720191835628065e-06,2.6594566571625807e-07,-6.601278071084537e-09]",2.4627848275472917,True,"{""inner"":1.340538413658053,""middle"":0.005216055729804348,""outer"":1.362734718936713e-07}","[8.105648631917234,0.9152350010090735,0.10186423161433773,0.011747267664021156,0.0015102612725495547,0.00021348967732631973,5.7282214741338763e-05,1.8348500768164387e-05]",computed_canonical_persistence,persistence,"[8.105648631917234,0.9152350010090735,0.10186423161433773,0.011747267664021156,0.0015102612725495547,0.00021348967732631973,5.7282214741338763e-05,1.8348500768164387e-05]",2.4627848275472917,0.0,False,canonical_oracle,1.0,False,0.0,94,4,"[10.557682405767075,1.1442780544753381,0.12127960574295166,0.013085391116948435,0.001615114591042183,0.00021936169650988254,5.754816040705502e-05,1.8341899490093303e-05]",95,,True
"[0.00010662041307557026,0.00026095905959876755,1.6738232603330282e-05,2.833740707304855e-07,1.338885337570518e-09,2.522273269038468e-11,1.3869258029157908e-11,7.149544051591065e-13]",Bcc2,"[0.0,0.0,0.0,0.0,0.0,0.0,0.0,0.0]","[0.0,0.0,0.0,0.0,0.0,0.0,0.0,0.0]","[-0.00010662041307557026,0.00026095905959876755,-1.6738232603330282e-05,-2.833740707304855e-07,1.338885337570518e-09,2.522273269038468e-11,-1.3869258029157908e-11,7.149544051591065e-13]",0.0002823965155670639,True,"{""inner"":0.0001837897363371689,""middle"":4.255742695532757e-06,""outer"":7.292106217158507e-12}","[0.0028931086008210302,0.0003541898396857231,4.813219012165134e-05,1.6539509753905232e-06,1.0230439547985151e-07,1.1321277174297397e-08,1.7936018144269702e-09,1.6739338025033814e-10]",computed_canonical_persistence,persistence,"[0.0028931086008210302,0.0003541898396857231,4.813219012165134e-05,1.6539509753905232e-06,1.0230439547985151e-07,1.1321277174297397e-08,1.7936018144269702e-09,1.6739338025033814e-10]",0.0002823965155670639,0.0,False,canonical_oracle,1.0,False,0.0,94,4,"[0.00278648818774546,0.0006151488992844907,3.139395751832106e-05,1.3705769046600376e-06,1.0364328081742203e-07,1.1346499906987782e-08,1.7797325563978123e-09,1.6810833465549724e-10]",95,,True
"[0.0,0.0,1.3262153984459403e-07,4.059565024323576e-06,1.7590228579019129e-06,2.3172682019937983e-07,1.9633082517344888e-08,1.2330781191498303e-09]",Bcc3,"[0.0,0.0,0.0,0.0,0.0,0.0,0.0,0.0]","[0.0,0.0,0.0,0.0,0.0,0.0,0.0,0.0]","[0.0,0.0,1.3262153984459403e-07,4.059565024323576e-06,1.7590228579019129e-06,2.3172682019937983e-07,1.9633082517344888e-08,1.2330781191498303e-09]",4.432369836980432e-06,True,"{""inner"":0.0,""middle"":1.5457340605673657e-06,""outer"":1.0433080318247358e-08}","[2.9146811565102524e-05,2.9146811565102524e-05,2.8813044113386423e-05,2.2801535697055434e-05,9.766528893361172e-06,1.8489495139688572e-06,1.4763616073020933e-07,7.54425994072932e-09]",computed_canonical_persistence,persistence,"[2.9146811565102524e-05,2.9146811565102524e-05,2.8813044113386423e-05,2.2801535697055434e-05,9.766528893361172e-06,1.8489495139688572e-06,1.4763616073020933e-07,7.54425994072932e-09]",4.432369836980432e-06,0.0,False,canonical_oracle,1.0,False,0.25,94,4,"[2.9146811565102524e-05,2.9146811565102524e-05,2.8945665653231017e-05,2.686110072137901e-05,1.1525551751263085e-05,2.080676334168237e-06,1.6726924324755421e-07,8.77733805987915e-09]",95,,True
"[50.251382325942814,4.327586718335253,0.37367323129183516,0.010066951066533714,0.0017138778839973327,0.0006295228200601036,0.0006290418844135115,0.00013382222980587444]",rho,"[0.0,0.0,0.0,0.0,0.0,0.0,0.0,0.0]","[0.0,0.0,0.0,0.0,0.0,0.0,0.0,0.0]","[-50.251382325942814,-4.327586718335253,0.37367323129183516,0.010066951066533714,0.0017138778839973327,0.0006295228200601036,-0.0006290418844135115,0.00013382222980587444]",50.438766531779464,True,"{""inner"":27.289484522139034,""middle"":0.09652089576560659,""outer"":0.00038143205710969297}","[118.8010536784632,11.83692181262143,0.8743652581691581,0.17927471608634865,0.029898692979317246,0.016655249863023483,0.0628448119463997,0.0459910383461737]",computed_canonical_persistence,persistence,"[118.8010536784632,11.83692181262143,0.8743652581691581,0.17927471608634865,0.029898692979317246,0.016655249863023483,0.0628448119463997,0.0459910383461737]",50.438766531779464,0.0,False,canonical_oracle,1.0,False,0.0,94,4,"[68.54967135252039,7.509335094286177,1.2480384894609933,0.18934166715288236,0.03161257086331458,0.017284772683083587,0.062215770061986184,0.04612486057597957]",95,,True
"[0.18252723663483345,0.0033047004913415202,6.235961188809938e-05,7.46863413717883e-07,7.911858699336275e-09,1.0920923751197477e-09,1.2112049100181143e-09,2.4552419705883514e-10]",press,"[0.0,0.0,0.0,0.0,0.0,0.0,0.0,0.0]","[0.0,0.0,0.0,0.0,0.0,0.0,0.0,0.0]","[0.18252723663483345,0.0033047004913415202,6.235961188809938e-05,-7.46863413717883e-07,7.911858699336275e-09,1.0920923751197477e-09,-1.2112049100181143e-09,2.4552419705883514e-10]",0.1825571610432333,True,"{""inner"":0.09291596856308748,""middle"":1.577886981322293e-05,""outer"":7.283645535384747e-10}","[0.39281214735497877,0.007176688095384125,0.0003669976391754576,1.1815100573579798e-05,2.873389034285897e-07,3.1183690786514055e-08,9.051844876759288e-08,5.951132655129576e-08]",computed_canonical_persistence,persistence,"[0.39281214735497877,0.007176688095384125,0.0003669976391754576,1.1815100573579798e-05,2.873389034285897e-07,3.1183690786514055e-08,9.051844876759288e-08,5.951132655129576e-08]",0.1825571610432333,0.0,False,canonical_oracle,1.0,False,0.0,94,4,"[0.5753393839898122,0.010481388586725645,0.000429357251063557,1.1068237159861915e-05,2.9525076212792597e-07,3.22757831616338e-08,8.930724385757476e-08,5.97568507483546e-08]",95,,True
"[0.11705553040329214,0.016801132574270693,0.0004450348281346238,0.0035714271442855022,0.008623306829832977,0.011978950855066256,0.006395973523475179,0.0022046051851888904]",vel1,"[0.0,0.0,0.0,0.0,0.0,0.0,0.0,0.0]","[0.0,0.0,0.0,0.0,0.0,0.0,0.0,0.0]","[0.11705553040329214,0.016801132574270693,0.0004450348281346238,-0.0035714271442855022,0.008623306829832977,0.011978950855066256,0.006395973523475179,0.0022046051851888904]",0.11941881697297356,True,"{""inner"":0.06692833148878141,""middle"":0.00615467991432984,""outer"":0.004300289354332035}","[0.05024477086692594,0.011651658125833263,0.01780113113471124,0.04805194777285437,0.07194065186288615,0.07667659757093964,0.05647169362544649,0.03395526448180208]",computed_canonical_persistence,persistence,"[0.05024477086692594,0.011651658125833263,0.01780113113471124,0.04805194777285437,0.07194065186288615,0.07667659757093964,0.05647169362544649,0.03395526448180208]",0.11941881697297356,0.0,False,canonical_oracle,1.0,False,0.0,94,4,"[0.16730030127021808,0.028452790700103956,0.018246165962845864,0.044480520628568866,0.08056395869271912,0.0886555484260059,0.06286766714892167,0.036159869666990974]",95,,True
"[7.193457395013455e-05,2.2451558194802255e-05,1.7912392510298895e-05,4.245217971289888e-06,5.09786529292521e-07,2.9411066345550107e-08,7.483507122661714e-09,1.874318354045349e-09]",vel2,"[0.0,0.0,0.0,0.0,0.0,0.0,0.0,0.0]","[0.0,0.0,0.0,0.0,0.0,0.0,0.0,0.0]","[-7.193457395013455e-05,-2.2451558194802255e-05,1.7912392510298895e-05,4.245217971289888e-06,5.09786529292521e-07,2.9411066345550107e-08,7.483507122661714e-09,-1.874318354045349e-09]",7.757442802019853e-05,True,"{""inner"":4.71930660724684e-05,""middle"":5.674202019306713e-06,""outer"":4.6789127383535315e-09}","[0.0006429751807991331,6.409885100570344e-05,1.3303488175593502e-05,6.854730976565711e-06,2.151316765852784e-06,1.8951031465216066e-07,6.338711552951184e-08,2.418366310329242e-08]",computed_canonical_persistence,persistence,"[0.0006429751807991331,6.409885100570344e-05,1.3303488175593502e-05,6.854730976565711e-06,2.151316765852784e-06,1.8951031465216066e-07,6.338711552951184e-08,2.418366310329242e-08]",7.757442802019853e-05,0.0,False,canonical_oracle,1.0,False,0.0,94,4,"[0.0005710406068489986,4.1647292810901186e-05,3.1215880685892396e-05,1.1099948947855599e-05,2.661103295145305e-06,2.1892138099771077e-07,7.087062265217355e-08,2.2309344749247072e-08]",95,,True
"[0.0,3.664670676129267e-08,0.00024605063925739674,6.901526333303069e-05,2.4246365275552547e-05,4.450370865317758e-05,1.6799941692981256e-05,3.11844343968135e-06]",vel3,"[0.0,0.0,0.0,0.0,0.0,0.0,0.0,0.0]","[0.0,0.0,0.0,0.0,0.0,0.0,0.0,0.0]","[0.0,3.664670676129267e-08,-0.00024605063925739674,-6.901526333303069e-05,2.4246365275552547e-05,4.450370865317758e-05,1.6799941692981256e-05,3.11844343968135e-06]",0.000261083232012741,True,"{""inner"":1.8323353380646334e-08,""middle"":9.595399412978939e-05,""outer"":9.959192566331303e-06}","[0.0,1.087898178495832e-08,0.0004561708647506222,0.0009945083593979212,0.0010285836745644,0.0005981091368347008,0.00019252909938613922,3.727935039339923e-05]",computed_canonical_persistence,persistence,"[0.0,1.087898178495832e-08,0.0004561708647506222,0.0009945083593979212,0.0010285836745644,0.0005981091368347008,0.00019252909938613922,3.727935039339923e-05]",0.000261083232012741,0.0,False,canonical_oracle,1.0,False,0.125,94,4,"[0.0,4.752568854625099e-08,0.00021012022549322547,0.0009254930960648905,0.0010528300398399526,0.0006426128454878784,0.00020932904107912048,4.039779383308058e-05]",95,,True
"[2.3293184866679724,0.2842857395928844,0.027573580387405927,0.002179357065318535,0.00013112042789330258,6.706214653224164e-06,3.161348199199663e-07,4.561105473643639e-09]",Bcc1,"[0.0,0.0,0.0,0.0,0.0,0.0,0.0,0.0]","[0.0,0.0,0.0,0.0,0.0,0.0,0.0,0.0]","[2.3293184866679724,0.2842857395928844,0.027573580387405927,0.002179357065318535,0.00013112042789330258,6.706214653224164e-06,3.161348199199663e-07,-4.561105473643639e-09]",2.3467654470013155,True,"{""inner"":1.3068021131304284,""middle"":0.007472691023817747,""outer"":1.6034796269680498e-07}","[10.557682405767075,1.1442780544753381,0.12127960574295166,0.013085391116948435,0.001615114591042183,0.00021936169650988254,5.754816040705502e-05,1.8341899490093303e-05]",computed_canonical_persistence,persistence,"[10.557682405767075,1.1442780544753381,0.12127960574295166,0.013085391116948435,0.001615114591042183,0.00021936169650988254,5.754816040705502e-05,1.8341899490093303e-05]",2.3467654470013155,0.0,False,canonical_oracle,1.0,False,0.0,95,5,"[12.887000892435047,1.4285637940682225,0.14885318613035758,0.01526474818226697,0.0017462350189354856,0.0002260679111631067,5.786429522697499e-05,1.833733838461966e-05]",96,,True
"[12.82506940446824,1.410371674803,0.1451579231506991,0.0037603712597569523,0.0016222984589167565,0.0016278711601749923,7.391965075865219e-05,0.0004607428110408494]",Bcc1,"[-10.495750917800267,-1.1260859352101156,-0.11758434276329315,-0.0015810141944384171,0.001753418886810059,0.0016345773748282165,7.423578557857216e-05,0.0004607382499353757]","[0.0,0.0,0.0,0.0,0.0,0.0,0.0,0.0]","[2.3293184866679724,0.2842857395928844,0.027573580387405927,0.002179357065318535,0.00013112042789330258,6.706214653224164e-06,3.161348199199663e-07,-4.561105473643639e-09]",12.90320285638896,True,"{""inner"":7.11772053963562,""middle"":0.038042116007386946,""outer"":0.0002673312308997508}","[10.557682405767075,1.1442780544753381,0.12127960574295166,0.013085391116948435,0.001615114591042183,0.00021936169650988254,5.754816040705502e-05,1.8341899490093303e-05]",frozen_rollout_saved_statistics,fno_plain,"[0.0619314879668076,0.01819211926522254,0.0036952629796585127,0.011504376922510018,0.003368533477852242,0.001853939071338099,0.0001317839459856272,0.000479080149425469]",2.3467654470013155,-4.4982924999499225,False,canonical_oracle,5.4982924999499225,False,0.375,95,5,"[12.887000892435047,1.4285637940682225,0.14885318613035758,0.01526474818226697,0.0017462350189354856,0.0002260679111631067,5.786429522697499e-05,1.833733838461966e-05]",96,-0.99989341392143,False
"[12.834993634762183,1.4189268130640376,0.1484363691681666,0.01444158001116422,0.0007760966328878936,5.889450131299132e-05,0.0007933067889281118,0.04439544137984218]",Bcc1,"[-10.50567514809421,-1.1346410734711532,-0.12086278878076069,-0.012262222945845684,-0.000644976204994591,6.560071596621548e-05,0.0007936229237480317,0.04439543681873671]","[0.0,0.0,0.0,0.0,0.0,0.0,0.0,0.0]","[2.3293184866679724,0.2842857395928844,0.027573580387405927,0.002179357065318535,0.00013112042789330258,6.706214653224164e-06,3.161348199199663e-07,-4.561105473643639e-09]",12.914125174028955,True,"{""inner"":7.126960223913111,""middle"":0.040928235078382925,""outer"":0.022594374084385145}","[10.557682405767075,1.1442780544753381,0.12127960574295166,0.013085391116948435,0.001615114591042183,0.00021936169650988254,5.754816040705502e-05,1.8341899490093303e-05]",frozen_rollout_saved_statistics,fno_full,"[0.05200725767286336,0.009636981004184874,0.0004168169621909692,0.0008231681711027514,0.0009701383860475921,0.000284962412476098,0.0008511710841550867,0.0444137787182268]",2.3467654470013155,-4.502946700758082,False,canonical_oracle,5.502946700758082,False,0.25,95,5,"[12.887000892435047,1.4285637940682225,0.14885318613035758,0.01526474818226697,0.0017462350189354856,0.0002260679111631067,5.786429522697499e-05,1.833733838461966e-05]",96,-0.999895055960655,False
"[12.885688704185602,1.4277651355305951,0.14671411460590267,0.013461502011284317,0.0006310143727214555,9.835029736365747e-05,1.4348719504495607e-06,2.7837637814724712e-05]",Bcc1,"[-10.55637021751763,-1.1434793959377108,-0.11914053421849674,-0.011282144945965782,-0.000499893944828153,-9.16440827104333e-05,1.751006770369527e-06,2.783307670925107e-05]","[0.0,0.0,0.0,0.0,0.0,0.0,0.0,0.0]","[2.3293184866679724,0.2842857395928844,0.027573580387405927,0.002179357065318535,0.00013112042789330258,6.706214653224164e-06,3.161348199199663e-07,-4.561105473643639e-09]",12.965384426059378,True,"{""inner"":7.156726919858099,""middle"":0.040226245321818024,""outer"":1.4636254882587137e-05}","[10.557682405767075,1.1442780544753381,0.12127960574295166,0.013085391116948435,0.001615114591042183,0.00021936169650988254,5.754816040705502e-05,1.8341899490093303e-05]",frozen_rollout_saved_statistics,localno_plain,"[0.0013121882494454777,0.0007986585376273527,0.002139071524454919,0.0018032461709826537,0.00111522064621403,0.00012771761379944924,5.929916717742455e-05,4.617497619934437e-05]",2.3467654470013155,-4.524789212584699,False,canonical_oracle,5.524789212584699,False,0.125,95,5,"[12.887000892435047,1.4285637940682225,0.14885318613035758,0.01526474818226697,0.0017462350189354856,0.0002260679111631067,5.786429522697499e-05,1.833733838461966e-05]",96,-0.9999081230746797,False
"[0.0004040994191280836,0.00022685705344535406,1.4177534340772533e-05,2.55423544548295e-08,4.381736842290411e-09,1.4267308874924356e-10,1.3085808703858595e-11,7.451077599512725e-13]",Bcc2,"[0.0,0.0,0.0,0.0,0.0,0.0,0.0,0.0]","[0.0,0.0,0.0,0.0,0.0,0.0,0.0,0.0]","[0.0004040994191280836,-0.00022685705344535406,-1.4177534340772533e-05,-2.55423544548295e-08,-4.381736842290411e-09,1.4267308874924356e-10,-1.3085808703858595e-11,7.451077599512725e-13]",0.00046363937105165973,True,"{""inner"":0.0003154782362867188,""middle"":3.5519002762896005e-06,""outer"":6.915458231904934e-12}","[0.00278648818774546,0.0006151488992844907,3.139395751832106e-05,1.3705769046600376e-06,1.0364328081742203e-07,1.1346499906987782e-08,1.7797325563978123e-09,1.6810833465549724e-10]",computed_canonical_persistence,persistence,"[0.00278648818774546,0.0006151488992844907,3.139395751832106e-05,1.3705769046600376e-06,1.0364328081742203e-07,1.1346499906987782e-08,1.7797325563978123e-09,1.6810833465549724e-10]",0.00046363937105165973,0.0,False,canonical_oracle,1.0,False,0.0,95,5,"[0.0031905876068735435,0.0003882918458391366,1.7216423177548524e-05,1.3450345502052081e-06,9.926154397513162e-08,1.1489172995737026e-08,1.7666467476939537e-09,1.6885344241544852e-10]",96,,True
"[0.002107220463565953,0.0006233519369142908,0.0005581211945935855,1.5063504116333434e-06,5.4021365736067414e-08,1.2718947725924288e-08,1.3825269380098808e-08,4.067587540028312e-09]",Bcc2,"[-0.0017031210444378691,0.00039649488346893674,0.0005439436602528129,1.4808080571785139e-06,4.9639628893777003e-08,1.2861620814673532e-08,1.381218357139495e-08,4.068332647788263e-09]","[0.0,0.0,0.0,0.0,0.0,0.0,0.0,0.0]","[0.0004040994191280836,-0.00022685705344535406,-1.4177534340772533e-05,-2.55423544548295e-08,-4.381736842290411e-09,1.4267308874924356e-10,-1.3085808703858595e-11,7.451077599512725e-13]",0.00226725544647263,True,"{""inner"":0.0013652862002401219,""middle"":0.00013992357132967023,""outer"":8.94642846006356e-09}","[0.00278648818774546,0.0006151488992844907,3.139395751832106e-05,1.3705769046600376e-06,1.0364328081742203e-07,1.1346499906987782e-08,1.7797325563978123e-09,1.6810833465549724e-10]",frozen_rollout_saved_statistics,fno_plain,"[0.0010833671433075908,0.0010116437827534274,0.0005753376177711339,2.8513849618385515e-06,1.5328290971119904e-07,2.4208120721661314e-08,1.5591916127792762e-08,4.23644098244376e-09]",0.00046363937105165973,-3.890127085907049,False,canonical_oracle,4.890127085907049,False,0.25,95,5,"[0.0031905876068735435,0.0003882918458391366,1.7216423177548524e-05,1.3450345502052081e-06,9.926154397513162e-08,1.1489172995737026e-08,1.7666467476939537e-09,1.6885344241544852e-10]",96,-0.9255902517158848,False
"[0.0031345470396015413,0.00038755691805988327,1.5148109430847913e-05,9.683693082335509e-07,2.2425786021916577e-08,4.210571340525215e-08,2.0737422762611018e-08,2.0844900198871713e-08]",Bcc2,"[-0.0027304476204734578,-0.0006144139715052373,-2.9325643771620445e-05,-9.939116626883804e-07,1.8044049179626166e-08,4.2248386494001393e-08,2.072433695390716e-08,2.0845645306631664e-08]","[0.0,0.0,0.0,0.0,0.0,0.0,0.0,0.0]","[0.0004040994191280836,-0.00022685705344535406,-1.4177534340772533e-05,-2.55423544548295e-08,-4.381736842290411e-09,1.4267308874924356e-10,-1.3085808703858595e-11,7.451077599512725e-13]",0.0031584515057714066,True,"{""inner"":0.0017610519788307123,""middle"":4.045252559627158e-06,""outer"":2.0791161480741363e-08}","[0.00278648818774546,0.0006151488992844907,3.139395751832106e-05,1.3705769046600376e-06,1.0364328081742203e-07,1.1346499906987782e-08,1.7797325563978123e-09,1.6810833465549724e-10]",frozen_rollout_saved_statistics,fno_full,"[5.604056727200198e-05,7.349277792533407e-07,2.0683137467006104e-06,3.7666524197165727e-07,1.216873299970482e-07,5.359488640098918e-08,2.250406951030497e-08,2.101375364128716e-08]",0.00046363937105165973,-5.812302196440269,False,canonical_oracle,6.812302196440269,False,0.625,95,5,"[0.0031905876068735435,0.0003882918458391366,1.7216423177548524e-05,1.3450345502052081e-06,9.926154397513162e-08,1.1489172995737026e-08,1.7666467476939537e-09,1.6885344241544852e-10]",96,-0.7425407460935115,False
"[0.002922165937268922,0.0004016642466377464,0.00037698706934887773,6.677883340721041e-07,6.218939721457883e-08,2.5143424777548365e-08,5.0860204962797535e-08,9.421023938943512e-08]",Bcc2,"[-0.0025180665181408386,0.00017480719319239234,0.0003628095350081052,-6.933306885269336e-07,-6.657113405686924e-08,2.5286097866297607e-08,5.0847119154093677e-08,9.421098449719508e-08]","[0.0,0.0,0.0,0.0,0.0,0.0,0.0,0.0]","[0.0004040994191280836,-0.00022685705344535406,-1.4177534340772533e-05,-2.55423544548295e-08,-4.381736842290411e-09,1.4267308874924356e-10,-1.3085808703858595e-11,7.451077599512725e-13]",0.0029736354255895906,True,"{""inner"":0.0016619150919533342,""middle"":9.44355476262355e-05,""outer"":7.253522217611633e-08}","[0.00278648818774546,0.0006151488992844907,3.139395751832106e-05,1.3705769046600376e-06,1.0364328081742203e-07,1.1346499906987782e-08,1.7797325563978123e-09,1.6810833465549724e-10]",frozen_rollout_saved_statistics,localno_plain,"[0.0002684216696046214,0.000789956092476883,0.00039420349252642625,6.77246216133104e-07,3.70721467605528e-08,3.663259777328539e-08,5.262685171049149e-08,9.437909283185057e-08]",0.00046363937105165973,-5.413681864084535,False,canonical_oracle,6.413681864084535,False,0.5,95,5,"[0.0031905876068735435,0.0003882918458391366,1.7216423177548524e-05,1.3450345502052081e-06,9.926154397513162e-08,1.1489172995737026e-08,1.7666467476939537e-09,1.6885344241544852e-10]",96,-0.8985353916403545,False
"[0.0,0.0,9.486340763910548e-08,1.3108654442458895e-06,2.693496303617828e-06,2.8345895981195033e-07,2.3446463764583762e-08,1.4491358933910244e-09]",Bcc3,"[0.0,0.0,0.0,0.0,0.0,0.0,0.0,0.0]","[0.0,0.0,0.0,0.0,0.0,0.0,0.0,0.0]","[0.0,0.0,9.486340763910548e-08,1.3108654442458895e-06,2.693496303617828e-06,2.8345895981195033e-07,2.3446463764583762e-08,1.4491358933910244e-09]",3.0105133175565516e-06,True,"{""inner"":0.0,""middle"":1.0956710288286933e-06,""outer"":1.2447799828987392e-08}","[2.9146811565102524e-05,2.9146811565102524e-05,2.8945665653231017e-05,2.686110072137901e-05,1.1525551751263085e-05,2.080676334168237e-06,1.6726924324755421e-07,8.77733805987915e-09]",computed_canonical_persistence,persistence,"[2.9146811565102524e-05,2.9146811565102524e-05,2.8945665653231017e-05,2.686110072137901e-05,1.1525551751263085e-05,2.080676334168237e-06,1.6726924324755421e-07,8.77733805987915e-09]",3.0105133175565516e-06,0.0,False,canonical_oracle,1.0,False,0.25,95,5,"[2.9146811565102524e-05,2.9146811565102524e-05,2.9040529060870122e-05,2.81719661656249e-05,1.4219048054880913e-05,2.3641352939801873e-06,1.9071570701213798e-07,1.0226473953270174e-08]",96,,True
"[9.949480079322564e-06,1.323989996051095e-05,1.662566394486513e-05,1.181556035340159e-05,7.644921633655554e-06,1.5421709297041928e-06,1.9374383458628145e-08,6.229390224817363e-09]",Bcc3,"[-9.949480079322564e-06,-1.323989996051095e-05,-1.6530800537226023e-05,-1.05046949091557e-05,-4.951425330037726e-06,-1.2587119698922425e-06,4.072080305955617e-09,7.678526118208388e-09]","[0.0,0.0,0.0,0.0,0.0,0.0,0.0,0.0]","[0.0,0.0,9.486340763910548e-08,1.3108654442458895e-06,2.693496303617828e-06,2.8345895981195033e-07,2.3446463764583762e-08,1.4491358933910244e-09]",2.740676567964258e-05,True,"{""inner"":1.1594690019916757e-05,""middle"":9.407079215406617e-06,""outer"":1.2801886841722753e-08}","[2.9146811565102524e-05,2.9146811565102524e-05,2.8945665653231017e-05,2.686110072137901e-05,1.1525551751263085e-05,2.080676334168237e-06,1.6726924324755421e-07,8.77733805987915e-09]",frozen_rollout_saved_statistics,fno_plain,"[1.919733148577996e-05,1.5906911604591574e-05,1.2414865116004994e-05,1.635640581222331e-05,6.574126421225359e-06,8.219643642759944e-07,1.7134132355350983e-07,1.6455864178087537e-08]",3.0105133175565516e-06,-8.103685248563181,False,canonical_oracle,9.103685248563181,False,0.25,95,5,"[2.9146811565102524e-05,2.9146811565102524e-05,2.9040529060870122e-05,2.81719661656249e-05,1.4219048054880913e-05,2.3641352939801873e-06,1.9071570701213798e-07,1.0226473953270174e-08]",96,-0.3687255069173354,False
"[9.99096826345414e-06,1.0707765552481828e-05,1.4647722705820558e-05,1.772943773935297e-05,8.4057029266607e-06,3.7708016580221866e-07,1.9761891452102397e-06,1.2416033017461775e-06]",Bcc3,"[-9.99096826345414e-06,-1.0707765552481828e-05,-1.4552859298181453e-05,-1.641857229510708e-05,-5.712206623042872e-06,-9.362120599026833e-08,1.9996356089748234e-06,1.2430524376395685e-06]","[0.0,0.0,0.0,0.0,0.0,0.0,0.0,0.0]","[0.0,0.0,9.486340763910548e-08,1.3108654442458895e-06,2.693496303617828e-06,2.8345895981195033e-07,2.3446463764583762e-08,1.4491358933910244e-09]",2.8628820556001538e-05,True,"{""inner"":1.0349366907967984e-05,""middle"":1.0289985884409113e-05,""outer"":1.6088962234782085e-06}","[2.9146811565102524e-05,2.9146811565102524e-05,2.8945665653231017e-05,2.686110072137901e-05,1.1525551751263085e-05,2.080676334168237e-06,1.6726924324755421e-07,8.77733805987915e-09]",frozen_rollout_saved_statistics,fno_full,"[1.9155843301648383e-05,1.8439046012620696e-05,1.4392806355049564e-05,1.044252842627193e-05,5.8133451282202134e-06,1.9870551281779687e-06,2.1669048522223777e-06,1.2518297756994476e-06]",3.0105133175565516e-06,-8.509614320270734,False,canonical_oracle,9.509614320270734,False,0.25,95,5,"[2.9146811565102524e-05,2.9146811565102524e-05,2.9040529060870122e-05,2.81719661656249e-05,1.4219048054880913e-05,2.3641352939801873e-06,1.9071570701213798e-07,1.0226473953270174e-08]",96,-0.4691687049632662,False
"[2.5404748617472777e-05,2.3785442755123207e-05,2.1682613880898555e-05,1.7494009781223736e-05,1.0383099140365277e-05,2.126003259797725e-06,6.746543891894856e-08,3.894718101272595e-08]",Bcc3,"[-2.5404748617472777e-05,-2.3785442755123207e-05,-2.158775047325945e-05,-1.6183144336977846e-05,-7.689602836747449e-06,-1.842544299985775e-06,-4.40189751543648e-08,4.039631690611697e-08]","[0.0,0.0,0.0,0.0,0.0,0.0,0.0,0.0]","[0.0,0.0,9.486340763910548e-08,1.3108654442458895e-06,2.693496303617828e-06,2.8345895981195033e-07,2.3446463764583762e-08,1.4491358933910244e-09]",4.582204020333007e-05,True,"{""inner"":2.4595095686297994e-05,""middle"":1.2921431515571323e-05,""outer"":5.3206309965837255e-08}","[2.9146811565102524e-05,2.9146811565102524e-05,2.8945665653231017e-05,2.686110072137901e-05,1.1525551751263085e-05,2.080676334168237e-06,1.6726924324755421e-07,8.77733805987915e-09]",frozen_rollout_saved_statistics,localno_plain,"[3.742062947629748e-06,5.361368809979317e-06,7.357915179971568e-06,1.0677956384401166e-05,3.8359489145156366e-06,2.3813203418246196e-07,1.2325026809318941e-07,4.917365496599612e-08]",3.0105133175565516e-06,-14.220673476548843,False,canonical_oracle,15.220673476548843,False,0.125,95,5,"[2.9146811565102524e-05,2.9146811565102524e-05,2.9040529060870122e-05,2.81719661656249e-05,1.4219048054880913e-05,2.3641352939801873e-06,1.9071570701213798e-07,1.0226473953270174e-08]",96,-0.3303704386760321,False
"[80.15473375362075,3.1755932709559627,0.2467691810443442,0.005592877424495241,0.001964490465877114,0.000646659551431495,0.0006198284133225249,0.00013291522518163457]",rho,"[0.0,0.0,0.0,0.0,0.0,0.0,0.0,0.0]","[0.0,0.0,0.0,0.0,0.0,0.0,0.0,0.0]","[80.15473375362075,3.1755932709559627,0.2467691810443442,0.005592877424495241,0.001964490465877114,0.000646659551431495,-0.0006198284133225249,0.00013291522518163457]",80.2179946565894,True,"{""inner"":41.66516351228835,""middle"":0.063743302121537,""outer"":0.0003763718192520797}","[68.54967135252039,7.509335094286177,1.2480384894609933,0.18934166715288236,0.03161257086331458,0.017284772683083587,0.062215770061986184,0.04612486057597957]",computed_canonical_persistence,persistence,"[68.54967135252039,7.509335094286177,1.2480384894609933,0.18934166715288236,0.03161257086331458,0.017284772683083587,0.062215770061986184,0.04612486057597957]",80.2179946565894,0.0,False,canonical_oracle,1.0,False,0.0,95,5,"[148.70440510614114,10.68492836524214,1.4948076705053375,0.1949345445773776,0.03357706132919169,0.01793143223451508,0.06159594164866366,0.04625777580116121]",96,,True
"[148.70440418947072,10.684927755071385,1.4948058431714564,0.19491427490264324,0.03356796996400184,0.017690419878287688,0.04197736983242258,0.023096913978473105]",rho,"[-68.54967043584998,-7.509334484115422,-1.2480366621271122,-0.189321397478148,-0.031603479498124726,-0.017043760326856193,-0.04259719824574511,0.02322982920365474]","[0.0,0.0,0.0,0.0,0.0,0.0,0.0,0.0]","[80.15473375362075,3.1755932709559627,0.2467691810443442,0.005592877424495241,0.001964490465877114,0.000646659551431495,-0.0006198284133225249,0.00013291522518163457]",149.09541803116048,True,"{""inner"":79.69466597227105,""middle"":0.4352446269790973,""outer"":0.03253714190544785}","[68.54967135252039,7.509335094286177,1.2480384894609933,0.18934166715288236,0.03161257086331458,0.017284772683083587,0.062215770061986184,0.04612486057597957]",frozen_rollout_saved_statistics,fno_plain,"[9.166704141963838e-07,6.101707548682779e-07,1.827333881157237e-06,2.026967473436152e-05,9.091365189851959e-06,0.00024101235622739494,0.019618571816241076,0.06935468977963431]",80.2179946565894,-0.8586280879923895,False,canonical_oracle,1.8586280879923895,False,0.25,95,5,"[148.70440510614114,10.68492836524214,1.4948076705053375,0.1949345445773776,0.03357706132919169,0.01793143223451508,0.06159594164866366,0.04625777580116121]",96,-0.9974685952400821,False
"[148.7043101767219,10.684913582653028,1.4948042827899874,0.19492240275780062,0.033573676207441734,0.0177604556283779,0.053784517746494245,0.07257875653193231]",rho,"[-68.54957642310113,-7.509320311697064,-1.2480351017456432,-0.18932952533330538,-0.03160918574156462,-0.017113796076946405,-0.05440434615981677,0.07271167175711395]","[0.0,0.0,0.0,0.0,0.0,0.0,0.0,0.0]","[80.15473375362075,3.1755932709559627,0.2467691810443442,0.005592877424495241,0.001964490465877114,0.000646659551431495,-0.0006198284133225249,0.00013291522518163457]",149.09534292212547,True,"{""inner"":79.69461187968746,""middle"":0.43526520434590193,""outer"":0.06318163713921328}","[68.54967135252039,7.509335094286177,1.2480384894609933,0.18934166715288236,0.03161257086331458,0.017284772683083587,0.062215770061986184,0.04612486057597957]",frozen_rollout_saved_statistics,fno_full,"[9.492941926139002e-05,1.4782589112517417e-05,3.3877153500099727e-06,1.2141819576969872e-05,3.3851217499571002e-06,0.00017097660613718356,0.007811423902169411,0.11883653233309352]",80.2179946565894,-0.8586271516808384,False,canonical_oracle,1.8586271516808384,False,0.25,95,5,"[148.70440510614114,10.68492836524214,1.4948076705053375,0.1949345445773776,0.03357706132919169,0.01793143223451508,0.06159594164866366,0.04625777580116121]",96,-0.9974679781717433,False
"[148.70438907924785,10.684890996673161,1.4918282894749064,0.17594549145263746,0.030771848101914134,0.017911228254588706,0.06144904874281678,0.046228275201346064]",rho,"[-68.54965532562709,-7.5092977257171984,-1.2450591084305622,-0.17035261402814222,-0.02880735763603702,-0.01726456870315721,-0.062068877156139304,-0.04609535997616443]","[0.0,0.0,0.0,0.0,0.0,0.0,0.0,0.0]","[80.15473375362075,3.1755932709559627,0.2467691810443442,0.005592877424495241,0.001964490465877114,0.000646659551431495,-0.0006198284133225249,0.00013291522518163457]",149.09535846652673,True,"{""inner"":79.69464003796051,""middle"":0.4291142143210117,""outer"":0.053838661972081425}","[68.54967135252039,7.509335094286177,1.2480384894609933,0.18934166715288236,0.03161257086331458,0.017284772683083587,0.062215770061986184,0.04612486057597957]",frozen_rollout_saved_statistics,localno_plain,"[1.6026893303340155e-05,3.736856897914063e-05,0.002979381030431021,0.01898905312474013,0.0028052132272775605,2.0203979926375077e-05,0.00014689290584688156,2.95005998151425e-05]",80.2179946565894,-0.8586273454578248,False,canonical_oracle,1.8586273454578248,False,0.125,95,5,"[148.70440510614114,10.68492836524214,1.4948076705053375,0.1949345445773776,0.03357706132919169,0.01793143223451508,0.06159594164866366,0.04625777580116121]",96,-0.9974696074581395,False
"[0.8970426440118038,0.004825963889431682,3.958911831640304e-05,1.1348424590452465e-06,1.327472532445777e-08,1.1251033062244216e-09,1.1875097899294827e-09,2.384101136538719e-10]",press,"[0.0,0.0,0.0,0.0,0.0,0.0,0.0,0.0]","[0.0,0.0,0.0,0.0,0.0,0.0,0.0,0.0]","[0.8970426440118038,0.004825963889431682,-3.958911831640304e-05,-1.1348424590452465e-06,1.327472532445777e-08,1.1251033062244216e-09,-1.1875097899294827e-09,2.384101136538719e-10]",0.897055626297353,True,"{""inner"":0.45093430395061773,""middle"":1.0184590151019742e-05,""outer"":7.129599517916773e-10}","[0.5753393839898122,0.010481388586725645,0.000429357251063557,1.1068237159861915e-05,2.9525076212792597e-07,3.22757831616338e-08,8.930724385757476e-08,5.97568507483546e-08]",computed_canonical_persistence,persistence,"[0.5753393839898122,0.010481388586725645,0.000429357251063557,1.1068237159861915e-05,2.9525076212792597e-07,3.22757831616338e-08,8.930724385757476e-08,5.97568507483546e-08]",0.897055626297353,0.0,False,canonical_oracle,1.0,False,0.0,95,5,"[1.472382028001616,0.015307352476157327,0.00038976813274715395,9.933394700816669e-06,3.0852548745238374e-07,3.3400886467858224e-08,8.811973406764528e-08,5.999526086200847e-08]",96,,True
"[1.472379797114015,0.015306886416573812,0.00038864188326429114,8.914831431394564e-06,2.6983077374468127e-07,3.269905544236414e-08,7.56103143545747e-08,4.363907995077494e-08]",press,"[-0.5753371531022112,-0.01048092252714213,-0.0004282310015806942,-1.004967389043981e-05,-2.565560484202235e-07,-3.157395213613972e-08,-7.679782414450419e-08,-4.340066983712107e-08]","[0.0,0.0,0.0,0.0,0.0,0.0,0.0,0.0]","[0.8970426440118038,0.004825963889431682,-3.958911831640304e-05,-1.1348424590452465e-06,1.327472532445777e-08,1.1251033062244216e-09,-1.1875097899294827e-09,2.384101136538719e-10]",1.472459411611521,True,"{""inner"":0.7438433417652943,""middle"":9.946481113121818e-05,""outer"":5.962469715267482e-08}","[0.5753393839898122,0.010481388586725645,0.000429357251063557,1.1068237159861915e-05,2.9525076212792597e-07,3.22757831616338e-08,8.930724385757476e-08,5.97568507483546e-08]",frozen_rollout_saved_statistics,fno_plain,"[2.2308876009738266e-06,4.660595835145025e-07,1.1262494828628179e-06,1.0185632694221044e-06,3.869471370770247e-08,7.018310254940833e-10,1.2509419713070573e-08,1.635618091123353e-08]",0.897055626297353,-0.6414360140509672,False,canonical_oracle,1.6414360140509672,False,0.375,95,5,"[1.472382028001616,0.015307352476157327,0.00038976813274715395,9.933394700816669e-06,3.0852548745238374e-07,3.3400886467858224e-08,8.811973406764528e-08,5.999526086200847e-08]",96,-0.9999173192420657,False
"[1.4723738142725544,0.015306973138274579,0.0003897220075209221,9.907783508511035e-06,3.0230187332907576e-07,3.079797649112149e-08,1.467891114297555e-06,8.831980500143549e-07]",press,"[-0.5753311702607506,-0.010481009248842897,-0.00042931112583732514,-1.1042625967556281e-05,-2.89027148004618e-07,-2.9672873184897068e-08,1.4667036045076254e-06,8.834364601280087e-07]","[0.0,0.0,0.0,0.0,0.0,0.0,0.0,0.0]","[0.8970426440118038,0.004825963889431682,-3.958911831640304e-05,-1.1348424590452465e-06,1.327472532445777e-08,1.1251033062244216e-09,-1.1875097899294827e-09,2.384101136538719e-10]",1.4724534302878989,True,"{""inner"":0.7438403937054145,""middle"":9.999072271981333e-05,""outer"":1.175544582155955e-06}","[0.5753393839898122,0.010481388586725645,0.000429357251063557,1.1068237159861915e-05,2.9525076212792597e-07,3.22757831616338e-08,8.930724385757476e-08,5.97568507483546e-08]",frozen_rollout_saved_statistics,fno_full,"[8.21372906152044e-06,3.793378827470657e-07,4.612522623184041e-08,2.561119230563464e-08,6.223614123308e-09,2.6029099767367328e-09,1.5560108483652001e-06,9.431933108763633e-07]",0.897055626297353,-0.641429346322181,False,canonical_oracle,1.641429346322181,False,0.375,95,5,"[1.472382028001616,0.015307352476157327,0.00038976813274715395,9.933394700816669e-06,3.0852548745238374e-07,3.3400886467858224e-08,8.811973406764528e-08,5.999526086200847e-08]",96,-0.9999173133516643,False
"[1.4723813903038887,0.015307295884214435,0.000389644798127201,9.795701474167586e-06,2.7607819920632367e-07,3.232597325645962e-08,8.665045391492825e-08,5.8647266144021774e-08]",press,"[-0.575338746292085,-0.010481331994782753,-0.00042923391644360406,-1.0930543933212833e-05,-2.628034738818659e-07,-3.12008699502352e-08,-8.783796370485773e-08,-5.84088560303679e-08]","[0.0,0.0,0.0,0.0,0.0,0.0,0.0,0.0]","[0.8970426440118038,0.004825963889431682,-3.958911831640304e-05,-1.1348424590452465e-06,1.327472532445777e-08,1.1251033062244216e-09,-1.1875097899294827e-09,2.384101136538719e-10]",1.4724610092425579,True,"{""inner"":0.7438443430940516,""middle"":9.993722594345785e-05,""outer"":7.264886002947501e-08}","[0.5753393839898122,0.010481388586725645,0.000429357251063557,1.1068237159861915e-05,2.9525076212792597e-07,3.22757831616338e-08,8.930724385757476e-08,5.97568507483546e-08]",frozen_rollout_saved_statistics,localno_plain,"[6.376977271955747e-07,5.6591942891753656e-08,1.2333461995292822e-07,1.376932266490829e-07,3.244728824606007e-08,1.0749132113986011e-09,1.4692801527170325e-09,1.347994717986697e-09]",0.897055626297353,-0.6414377950230608,False,canonical_oracle,1.6414377950230608,False,0.375,95,5,"[1.472382028001616,0.015307352476157327,0.00038976813274715395,9.933394700816669e-06,3.0852548745238374e-07,3.3400886467858224e-08,8.811973406764528e-08,5.999526086200847e-08]",96,-0.9999173093540137,False
"[0.0032555893061266827,0.013896985066800507,0.012181893475946445,0.010288756598693612,0.010761260265483838,0.016457264024292484,0.008211132947023567,0.0024877769209875056]",vel1,"[0.0,0.0,0.0,0.0,0.0,0.0,0.0,0.0]","[0.0,0.0,0.0,0.0,0.0,0.0,0.0,0.0]","[-0.0032555893061266827,0.013896985066800507,0.012181893475946445,0.010288756598693612,0.010761260265483838,0.016457264024292484,0.008211132947023567,0.0024877769209875056]",0.03030247674089624,True,"{""inner"":0.008576287186463595,""middle"":0.012422293591104094,""outer"":0.005349454934005536}","[0.16730030127021808,0.028452790700103956,0.018246165962845864,0.044480520628568866,0.08056395869271912,0.0886555484260059,0.06286766714892167,0.036159869666990974]",computed_canonical_persistence,persistence,"[0.16730030127021808,0.028452790700103956,0.018246165962845864,0.044480520628568866,0.08056395869271912,0.0886555484260059,0.06286766714892167,0.036159869666990974]",0.03030247674089624,0.0,False,canonical_oracle,1.0,False,0.0,95,5,"[0.1640447119640914,0.04234977576690446,0.03042805943879231,0.05476927722726248,0.09132521895820296,0.10511281245029838,0.07107880009594524,0.03864764658797848]",96,,True
"[0.14257639637915379,0.03751872763578194,0.02366179794109302,0.047755069466323664,0.07584431308431727,0.07815592744542228,0.044075785596734474,0.025422687076436513]",vel1,"[-0.14583198568528047,-0.02362174256898144,-0.011479904465146578,-0.03746631286763005,-0.06508305281883343,-0.0616986634211298,-0.03586465264971091,-0.022934910155449007]","[0.0,0.0,0.0,0.0,0.0,0.0,0.0,0.0]","[-0.0032555893061266827,0.013896985066800507,0.012181893475946445,0.010288756598693612,0.010761260265483838,0.016457264024292484,0.008211132947023567,0.0024877769209875056]",0.19754950717643882,True,"{""inner"":0.09004756200746786,""middle"":0.05635427698428906,""outer"":0.03474923633658549}","[0.16730030127021808,0.028452790700103956,0.018246165962845864,0.044480520628568866,0.08056395869271912,0.0886555484260059,0.06286766714892167,0.036159869666990974]",frozen_rollout_saved_statistics,fno_plain,"[0.021468315584937614,0.004831048131122515,0.006766261497699285,0.007014207760938816,0.015480905873885694,0.026956885004876096,0.02700301449921076,0.013224959511541966]",0.03030247674089624,-5.519252827602237,False,canonical_oracle,6.519252827602237,False,0.125,95,5,"[0.1640447119640914,0.04234977576690446,0.03042805943879231,0.05476927722726248,0.09132521895820296,0.10511281245029838,0.07107880009594524,0.03864764658797848]",96,-0.4429298235310944,False
"[0.15172816687011895,0.03721386968168161,0.025753622366845818,0.04984117677242049,0.08270187374741333,0.08852794983552831,0.05717583935328044,0.01850070138237641]",vel1,"[-0.15498375617624563,-0.023316884614881107,-0.013571728890899373,-0.03955242017372688,-0.0719406134819295,-0.07207068581123582,-0.04896470640625687,-0.016012924461388904]","[0.0,0.0,0.0,0.0,0.0,0.0,0.0,0.0]","[-0.0032555893061266827,0.013896985066800507,0.012181893475946445,0.010288756598693612,0.010761260265483838,0.016457264024292484,0.008211132947023567,0.0024877769209875056]",0.21410710185870185,True,"{""inner"":0.09447101827590028,""middle"":0.06170615568055199,""outer"":0.03783827036782843}","[0.16730030127021808,0.028452790700103956,0.018246165962845864,0.044480520628568866,0.08056395869271912,0.0886555484260059,0.06286766714892167,0.036159869666990974]",frozen_rollout_saved_statistics,fno_full,"[0.012316545093972458,0.005135906085222847,0.004674437071946491,0.004928100454841991,0.008623345210789623,0.01658486261477008,0.013902960742664797,0.02014694520560207]",0.03030247674089624,-6.065663433700216,False,canonical_oracle,7.065663433700216,False,0.125,95,5,"[0.1640447119640914,0.04234977576690446,0.03042805943879231,0.05476927722726248,0.09132521895820296,0.10511281245029838,0.07107880009594524,0.03864764658797848]",96,-0.46487690965321454,False
"[0.13213568799940872,0.03482756644584084,0.02266697188858515,0.03458659813310145,0.07764398999066631,0.10011373879741252,0.06304643369431578,0.028223603001004377]",vel1,"[-0.1353912773055354,-0.02093058137904033,-0.010485078412638706,-0.024297841534407838,-0.06688272972518247,-0.08365647477312003,-0.05483530074729221,-0.02573582608001687]","[0.0,0.0,0.0,0.0,0.0,0.0,0.0,0.0]","[-0.0032555893061266827,0.013896985066800507,0.012181893475946445,0.010288756598693612,0.010761260265483838,0.016457264024292484,0.008211132947023567,0.0024877769209875056]",0.20299162115277666,True,"{""inner"":0.08348162722262478,""middle"":0.058752824702441364,""outer"":0.04563501834766008}","[0.16730030127021808,0.028452790700103956,0.018246165962845864,0.044480520628568866,0.08056395869271912,0.0886555484260059,0.06286766714892167,0.036159869666990974]",frozen_rollout_saved_statistics,localno_plain,"[0.03190902396468269,0.007522209321063624,0.007761087550207157,0.020182679094161028,0.013681228967536652,0.0049990736528858675,0.00803236640162946,0.0104240435869741]",0.03030247674089624,-5.698845869546335,False,canonical_oracle,6.698845869546335,False,0.125,95,5,"[0.1640447119640914,0.04234977576690446,0.03042805943879231,0.05476927722726248,0.09132521895820296,0.10511281245029838,0.07107880009594524,0.03864764658797848]",96,-0.5035288279197287,False
"[4.513885104487467e-05,8.370649807906332e-06,2.594937439326859e-05,2.0936990510380785e-05,1.8469523398320412e-06,5.242834442332004e-08,1.0902586248506055e-08,1.6748789997755673e-09]",vel2,"[0.0,0.0,0.0,0.0,0.0,0.0,0.0,0.0]","[0.0,0.0,0.0,0.0,0.0,0.0,0.0,0.0]","[4.513885104487467e-05,-8.370649807906332e-06,2.594937439326859e-05,2.0936990510380785e-05,1.8469523398320412e-06,5.242834442332004e-08,1.0902586248506055e-08,-1.6748789997755673e-09]",5.676905282141231e-05,True,"{""inner"":2.67547504263905e-05,""middle"":1.2196436396976184e-05,""outer"":6.288732624140811e-09}","[0.0005710406068489986,4.1647292810901186e-05,3.1215880685892396e-05,1.1099948947855599e-05,2.661103295145305e-06,2.1892138099771077e-07,7.087062265217355e-08,2.2309344749247072e-08]",computed_canonical_persistence,persistence,"[0.0005710406068489986,4.1647292810901186e-05,3.1215880685892396e-05,1.1099948947855599e-05,2.661103295145305e-06,2.1892138099771077e-07,7.087062265217355e-08,2.2309344749247072e-08]",5.676905282141231e-05,0.0,False,canonical_oracle,1.0,False,0.0,95,5,"[0.0006161794578938732,3.3276643002994855e-05,5.7165255079160985e-05,3.2036939458236386e-05,4.508055634977346e-06,2.713497254210308e-07,8.177320890067961e-08,2.0634465749471504e-08]",96,,True
"[0.0003516976285410569,0.00011063093907011934,3.0333976652348827e-05,2.4025923281179847e-05,1.2497667423674007e-06,7.374200871188767e-07,1.4131443120812994e-06,3.5492862444444957e-07]",vel2,"[-0.00030655877749618225,0.00010226028926221302,-4.384602259080237e-06,-3.0889327707990615e-06,3.096719082199442e-06,7.898484315421967e-07,1.4240468983298055e-06,3.53253745444674e-07]","[0.0,0.0,0.0,0.0,0.0,0.0,0.0,0.0]","[4.513885104487467e-05,-8.370649807906332e-06,2.594937439326859e-05,2.0936990510380785e-05,1.8469523398320412e-06,5.242834442332004e-08,1.0902586248506055e-08,-1.6748789997755673e-09]",0.00037071828979222014,True,"{""inner"":0.00023116428380558815,""middle"":1.4086771690753736e-05,""outer"":8.840364682628744e-07}","[0.0005710406068489986,4.1647292810901186e-05,3.1215880685892396e-05,1.1099948947855599e-05,2.661103295145305e-06,2.1892138099771077e-07,7.087062265217355e-08,2.2309344749247072e-08]",frozen_rollout_saved_statistics,fno_plain,"[0.0002644818293528163,0.0001439075820731142,2.683127842681216e-05,8.011016177056538e-06,5.757822377344747e-06,1.0087698125399074e-06,1.4949175209819792e-06,3.7556309019392104e-07]",5.676905282141231e-05,-5.53028844709545,False,canonical_oracle,6.53028844709545,False,0.375,95,5,"[0.0006161794578938732,3.3276643002994855e-05,5.7165255079160985e-05,3.2036939458236386e-05,4.508055634977346e-06,2.713497254210308e-07,8.177320890067961e-08,2.0634465749471504e-08]",96,-0.8101843204684197,False
"[0.000168156900016057,0.00010669918117191913,5.0704521865446115e-05,1.2002095826976545e-05,9.852844247244703e-06,3.454281487335384e-06,1.7457836860079493e-05,5.236171249129177e-06]",vel2,"[-0.00012301804897118233,9.83285313640128e-05,7.66538962587147e-05,8.93489468340424e-06,1.1699796587076744e-05,3.506709831758704e-06,1.7468739446328e-05,5.234496370129401e-06]","[0.0,0.0,0.0,0.0,0.0,0.0,0.0,0.0]","[4.513885104487467e-05,-8.370649807906332e-06,2.594937439326859e-05,2.0936990510380785e-05,1.8469523398320412e-06,5.242834442332004e-08,1.0902586248506055e-08,-1.6748789997755673e-09]",0.00020692428877526486,True,"{""inner"":0.00013742804059398806,""middle"":1.9003435856750686e-05,""outer"":1.1347004054604336e-05}","[0.0005710406068489986,4.1647292810901186e-05,3.1215880685892396e-05,1.1099948947855599e-05,2.661103295145305e-06,2.1892138099771077e-07,7.087062265217355e-08,2.2309344749247072e-08]",frozen_rollout_saved_statistics,fno_full,"[0.0004480225578778162,0.000139975824174914,0.0001078697769446071,2.003484363125984e-05,1.4360899882222049e-05,3.725631212756415e-06,1.7539610068980172e-05,5.256805714878648e-06]",5.676905282141231e-05,-2.645019222466516,False,canonical_oracle,3.645019222466516,False,0.625,95,5,"[0.0006161794578938732,3.3276643002994855e-05,5.7165255079160985e-05,3.2036939458236386e-05,4.508055634977346e-06,2.713497254210308e-07,8.177320890067961e-08,2.0634465749471504e-08]",96,-0.41637567668426606,False
"[0.000538546299195997,3.2726487925691385e-05,2.326977451699932e-05,2.622658893668535e-05,1.9085963109445635e-06,5.218930083099182e-07,1.4849314600249228e-06,1.946310807363105e-06]",vel2,"[-0.0004934074481511223,2.4355838117785053e-05,2.6795998762692698e-06,-5.289598426304564e-06,-6.164397111252231e-08,5.743213527332383e-07,1.4958340462734288e-06,1.9446359283633296e-06]","[0.0,0.0,0.0,0.0,0.0,0.0,0.0,0.0]","[4.513885104487467e-05,-8.370649807906332e-06,2.594937439326859e-05,2.0936990510380785e-05,1.8469523398320412e-06,5.242834442332004e-08,1.0902586248506055e-08,-1.6748789997755673e-09]",0.0005406869371663891,True,"{""inner"":0.00028563639356084415,""middle"":1.2981713193234787e-05,""outer"":1.715621133694014e-06}","[0.0005710406068489986,4.1647292810901186e-05,3.1215880685892396e-05,1.1099948947855599e-05,2.661103295145305e-06,2.1892138099771077e-07,7.087062265217355e-08,2.2309344749247072e-08]",frozen_rollout_saved_statistics,localno_plain,"[7.763315869787629e-05,6.600313092868624e-05,3.3895480562161665e-05,5.810350521551035e-06,2.599459324032783e-06,7.932427337309491e-07,1.5667046689256024e-06,1.9669452731125766e-06]",5.676905282141231e-05,-8.524325495923216,False,canonical_oracle,9.524325495923216,False,0.375,95,5,"[0.0006161794578938732,3.3276643002994855e-05,5.7165255079160985e-05,3.2036939458236386e-05,4.508055634977346e-06,2.713497254210308e-07,8.177320890067961e-08,2.0634465749471504e-08]",96,-0.8028378905373176,False
"[0.0,4.752568854625099e-08,4.715971619843079e-05,4.076430175906716e-05,8.586306938489024e-05,5.173266468446055e-05,1.75707022888288e-05,3.505169957349031e-06]",vel3,"[0.0,0.0,0.0,0.0,0.0,0.0,0.0,0.0]","[0.0,0.0,0.0,0.0,0.0,0.0,0.0,0.0]","[0.0,-4.752568854625099e-08,-4.715971619843079e-05,4.076430175906716e-05,8.586306938489024e-05,5.173266468446055e-05,1.75707022888288e-05,3.505169957349031e-06]",0.00011939648430089453,True,"{""inner"":2.3762844273125495e-08,""middle"":5.637993800671218e-05,""outer"":1.0537936123088915e-05}","[0.0,4.752568854625099e-08,0.00021012022549322547,0.0009254930960648905,0.0010528300398399526,0.0006426128454878784,0.00020932904107912048,4.039779383308058e-05]",computed_canonical_persistence,persistence,"[0.0,4.752568854625099e-08,0.00021012022549322547,0.0009254930960648905,0.0010528300398399526,0.0006426128454878784,0.00020932904107912048,4.039779383308058e-05]",0.00011939648430089453,0.0,False,canonical_oracle,1.0,False,0.125,95,5,"[0.0,0.0,0.00016296050929479468,0.0009662573978239577,0.0011386931092248428,0.0006943455101723389,0.00022689974336794928,4.390296379042961e-05]",96,,True
"[0.0004375990107866909,0.0010194688049127213,0.0009097562708126187,0.000490118531692013,0.0006753672543309454,0.0002789511014512069,0.00029793713822380964,3.977993098594203e-05]",vel3,"[0.0004375990107866909,0.001019421279224175,0.0008625965546141879,-0.0004493542299329459,-0.0005895041849460551,-0.00022721843676674636,0.0003155078405126384,-3.6274761028593e-05]","[0.0,0.0,0.0,0.0,0.0,0.0,0.0,0.0]","[0.0,-4.752568854625099e-08,-4.715971619843079e-05,4.076430175906716e-05,8.586306938489024e-05,5.173266468446055e-05,1.75707022888288e-05,3.505169957349031e-06]",0.0017096683340016804,True,"{""inner"":0.0007285339078497061,""middle"":0.000588548289571696,""outer"":0.00016885853460487583}","[0.0,4.752568854625099e-08,0.00021012022549322547,0.0009254930960648905,0.0010528300398399526,0.0006426128454878784,0.00020932904107912048,4.039779383308058e-05]",frozen_rollout_saved_statistics,fno_plain,"[0.0004375990107866909,0.0010194688049127213,0.0010727167801074134,0.0004761388661319446,0.0004633258548938974,0.000415394408721132,0.0005248368815917589,4.123032804487581e-06]",0.00011939648430089453,-13.319251894327941,False,canonical_oracle,14.319251894327941,False,0.125,95,5,"[0.0,0.0,0.00016296050929479468,0.0009662573978239577,0.0011386931092248428,0.0006943455101723389,0.00022689974336794928,4.390296379042961e-05]",96,-0.5938380510969591,False
"[0.0006904298567857724,0.0018769961424402934,0.0009945834940456074,0.0005735180513220935,0.0006451228586471682,0.00035496127552733363,7.665084024347681e-05,1.466027584181754e-05]",vel3,"[0.0006904298567857724,0.0018769486167517471,0.0009474237778471766,-0.0005327537495630263,-0.0005592597892622779,-0.0003032286108428731,-5.9080137954648014e-05,-1.1155105884468508e-05]","[0.0,0.0,0.0,0.0,0.0,0.0,0.0,0.0]","[0.0,-4.752568854625099e-08,-4.715971619843079e-05,4.076430175906716e-05,8.586306938489024e-05,5.173266468446055e-05,1.75707022888288e-05,3.505169957349031e-06]",0.0024220236317113214,True,"{""inner"":0.001283712999613033,""middle"":0.0006420464198855507,""outer"":4.5655558042647176e-05}","[0.0,4.752568854625099e-08,0.00021012022549322547,0.0009254930960648905,0.0010528300398399526,0.0006426128454878784,0.00020932904107912048,4.039779383308058e-05]",frozen_rollout_saved_statistics,fno_full,"[0.0006904298567857724,0.0018769961424402934,0.001157544003340402,0.0003927393465018642,0.0004935702505776746,0.0003393842346450053,0.00015024890312447247,2.9242687948612074e-05]",0.00011939648430089453,-19.28555234178847,False,canonical_oracle,20.28555234178847,False,0.0,95,5,"[0.0,0.0,0.00016296050929479468,0.0009662573978239577,0.0011386931092248428,0.0006943455101723389,0.00022689974336794928,4.390296379042961e-05]",96,-0.4650429519560591,False
"[0.00010852964233702563,0.0004013410465178626,0.00037945650964681316,0.0002457924012387784,0.00036801955006053675,0.0005450327201689817,0.0001666290725962276,3.750188029041814e-05]",vel3,"[0.00010852964233702563,0.0004012935208293163,0.00033229679344838235,-0.00020502809947971126,-0.0002821564806756465,-0.0004933000554845212,-0.0001490583703073988,-3.399671033306911e-05]","[0.0,0.0,0.0,0.0,0.0,0.0,0.0,0.0]","[0.0,-4.752568854625099e-08,-4.715971619843079e-05,4.076430175906716e-05,8.586306938489024e-05,5.173266468446055e-05,1.75707022888288e-05,3.505169957349031e-06]",0.0009159285781364601,True,"{""inner"":0.0002549353444274441,""middle"":0.0003845752952787775,""outer"":0.00010206547644332287}","[0.0,4.752568854625099e-08,0.00021012022549322547,0.0009254930960648905,0.0010528300398399526,0.0006426128454878784,0.00020932904107912048,4.039779383308058e-05]",frozen_rollout_saved_statistics,localno_plain,"[0.00010852964233702563,0.0004013410465178626,0.0005424170189416078,0.0007204649965851793,0.000770673559164306,0.00014931279000335713,6.027067077172169e-05,6.401083500011475e-06]",0.00011939648430089453,-6.671319499058297,False,canonical_oracle,7.671319499058297,False,0.0,95,5,"[0.0,0.0,0.00016296050929479468,0.0009662573978239577,0.0011386931092248428,0.0006943455101723389,0.00022689974336794928,4.390296379042961e-05]",96,-0.7821656563614723,False
"[2.626357970187666,0.2254180637813874,0.0274645857589933,0.0037964989233719403,0.00024167419224408512,8.673588754619442e-06,3.8098545045931864e-07,1.3601833760095545e-09]",Bcc1,"[0.0,0.0,0.0,0.0,0.0,0.0,0.0,0.0]","[0.0,0.0,0.0,0.0,0.0,0.0,0.0,0.0]","[2.626357970187666,0.2254180637813874,0.0274645857589933,0.0037964989233719403,0.00024167419224408512,8.673588754619442e-06,3.8098545045931864e-07,-1.3601833760095545e-09]",2.636159757375111,True,"{""inner"":1.4258880169845267,""middle"":0.007877858115840988,""outer"":1.911728169176641e-07}","[12.887000892435047,1.4285637940682225,0.14885318613035758,0.01526474818226697,0.0017462350189354856,0.0002260679111631067,5.786429522697499e-05,1.833733838461966e-05]",computed_canonical_persistence,persistence,"[12.887000892435047,1.4285637940682225,0.14885318613035758,0.01526474818226697,0.0017462350189354856,0.0002260679111631067,5.786429522697499e-05,1.833733838461966e-05]",2.636159757375111,0.0,False,canonical_oracle,1.0,False,0.0,96,6,"[15.513358862622713,1.65398185784961,0.17631777188935088,0.01906124710563891,0.0019879092111795707,0.00023474149991772615,5.8245280677434306e-05,1.833597820124365e-05]",97,,True
"[0.0003805379337445125,1.763996593287081e-05,3.935106461715283e-06,5.174619297698932e-08,6.584623171148365e-09,4.21980338446545e-10,1.2153350015154401e-11,7.668199122090345e-13]",Bcc2,"[0.0,0.0,0.0,0.0,0.0,0.0,0.0,0.0]","[0.0,0.0,0.0,0.0,0.0,0.0,0.0,0.0]","[-0.0003805379337445125,1.763996593287081e-05,3.935106461715283e-06,5.174619297698932e-08,6.584623171148365e-09,4.21980338446545e-10,-1.2153350015154401e-11,7.668199122090345e-13]",0.00038096689515064805,True,"{""inner"":0.00019908894983869166,""middle"":9.984648145504667e-07,""outer"":6.460084963681718e-12}","[0.0031905876068735435,0.0003882918458391366,1.7216423177548524e-05,1.3450345502052081e-06,9.926154397513162e-08,1.1489172995737026e-08,1.7666467476939537e-09,1.6885344241544852e-10]",computed_canonical_persistence,persistence,"[0.0031905876068735435,0.0003882918458391366,1.7216423177548524e-05,1.3450345502052081e-06,9.926154397513162e-08,1.1489172995737026e-08,1.7666467476939537e-09,1.6885344241544852e-10]",0.00038096689515064805,0.0,False,canonical_oracle,1.0,False,0.0,96,6,"[0.002810049673129031,0.0004059318117720074,2.1151529639263807e-05,1.3967807431821975e-06,1.0584616714627999e-07,1.191115333418357e-08,1.7544933976787993e-09,1.6962026232765755e-10]",97,,True
"[0.0,0.0,8.099651078416785e-08,2.750562607266478e-07,2.7406035026702765e-06,4.2970876497967187e-07,2.7916447019208567e-08,1.7923572969793037e-09]",Bcc3,"[0.0,0.0,0.0,0.0,0.0,0.0,0.0,0.0]","[0.0,0.0,0.0,0.0,0.0,0.0,0.0,0.0]","[0.0,0.0,8.099651078416785e-08,2.750562607266478e-07,2.7406035026702765e-06,4.2970876497967187e-07,2.7916447019208567e-08,1.7923572969793037e-09]",2.789006293186148e-06,True,"{""inner"":0.0,""middle"":8.81591259790191e-07,""outer"":1.4854402158093936e-08}","[2.9146811565102524e-05,2.9146811565102524e-05,2.9040529060870122e-05,2.81719661656249e-05,1.4219048054880913e-05,2.3641352939801873e-06,1.9071570701213798e-07,1.0226473953270174e-08]",computed_canonical_persistence,persistence,"[2.9146811565102524e-05,2.9146811565102524e-05,2.9040529060870122e-05,2.81719661656249e-05,1.4219048054880913e-05,2.3641352939801873e-06,1.9071570701213798e-07,1.0226473953270174e-08]",2.789006293186148e-06,0.0,False,canonical_oracle,1.0,False,0.25,96,6,"[2.9146811565102524e-05,2.9146811565102524e-05,2.912152557165429e-05,2.8447022426351548e-05,1.695965155755119e-05,2.793844058959859e-06,2.1863215403134654e-07,1.2018831250249478e-08]",97,,True
"[52.00632886547828,0.18039211826449275,0.00921931645129015,0.012874537717401463,0.0022497028689890328,0.0006629895550217015,0.0006046727328518284,0.00013059745639620868]",rho,"[0.0,0.0,0.0,0.0,0.0,0.0,0.0,0.0]","[0.0,0.0,0.0,0.0,0.0,0.0,0.0,0.0]","[-52.00632886547828,0.18039211826449275,-0.00921931645129015,0.012874537717401463,0.0022497028689890328,0.0006629895550217015,-0.0006046727328518284,0.00013059745639620868]",52.006644191040934,True,"{""inner"":26.093360491871387,""middle"":0.006251636648175587,""outer"":0.0003676350946240185}","[148.70440510614114,10.68492836524214,1.4948076705053375,0.1949345445773776,0.03357706132919169,0.01793143223451508,0.06159594164866366,0.04625777580116121]",computed_canonical_persistence,persistence,"[148.70440510614114,10.68492836524214,1.4948076705053375,0.1949345445773776,0.03357706132919169,0.01793143223451508,0.06159594164866366,0.04625777580116121]",52.006644191040934,0.0,False,canonical_oracle,1.0,False,0.0,96,6,"[96.69807624066286,10.865320483506633,1.4855883540540473,0.20780908229477907,0.035826764198180726,0.018594421789536783,0.06099126891581183,0.046388373257557416]",97,,True
"[0.32401726103117734,0.00219360698333226,8.445203429084018e-05,2.8570611325632415e-07,2.0464600461526306e-08,1.1604084601404142e-09,1.1556155039953175e-09,2.2969069450786657e-10]",press,"[0.0,0.0,0.0,0.0,0.0,0.0,0.0,0.0]","[0.0,0.0,0.0,0.0,0.0,0.0,0.0,0.0]","[-0.32401726103117734,-0.00219360698333226,-8.445203429084018e-05,-2.8570611325632415e-07,2.0464600461526306e-08,1.1604084601404142e-09,-1.1556155039953175e-09,2.2969069450786657e-10]",0.3240246973456986,True,"{""inner"":0.1631054340072548,""middle"":2.1189841353254546e-05,""outer"":6.92653099251592e-10}","[1.472382028001616,0.015307352476157327,0.00038976813274715395,9.933394700816669e-06,3.0852548745238374e-07,3.3400886467858224e-08,8.811973406764528e-08,5.999526086200847e-08]",computed_canonical_persistence,persistence,"[1.472382028001616,0.015307352476157327,0.00038976813274715395,9.933394700816669e-06,3.0852548745238374e-07,3.3400886467858224e-08,8.811973406764528e-08,5.999526086200847e-08]",0.3240246973456986,0.0,False,canonical_oracle,1.0,False,0.0,96,6,"[1.1483647669704387,0.013113745492825067,0.00030531609845631377,9.647688587560345e-06,3.2899008791391004e-07,3.456129492799864e-08,8.696411856364996e-08,6.022495155651634e-08]",97,,True
"[0.0011870333625023932,0.004347612894736924,0.009252972133313157,0.015166415111811396,0.03298882758554905,0.024050795572454015,0.010603698670262618,0.0030364432507394845]",vel1,"[0.0,0.0,0.0,0.0,0.0,0.0,0.0,0.0]","[0.0,0.0,0.0,0.0,0.0,0.0,0.0,0.0]","[-0.0011870333625023932,0.004347612894736924,0.009252972133313157,0.015166415111811396,0.03298882758554905,0.024050795572454015,0.010603698670262618,0.0030364432507394845]",0.04609024140717397,True,"{""inner"":0.0027673231286196587,""middle"":0.020364752600781903,""outer"":0.006820070960501051}","[0.1640447119640914,0.04234977576690446,0.03042805943879231,0.05476927722726248,0.09132521895820296,0.10511281245029838,0.07107880009594524,0.03864764658797848]",computed_canonical_persistence,persistence,"[0.1640447119640914,0.04234977576690446,0.03042805943879231,0.05476927722726248,0.09132521895820296,0.10511281245029838,0.07107880009594524,0.03864764658797848]",0.04609024140717397,0.0,False,canonical_oracle,1.0,False,0.0,96,6,"[0.162857678601589,0.04669738866164139,0.039681031572105466,0.06993569233907387,0.12431404654375201,0.1291636080227524,0.08168249876620785,0.041684089838717964]",97,,True
"[4.5082598133997735e-05,4.542212132329875e-06,2.7386478690837998e-05,2.635109431924769e-05,7.424059991629815e-06,1.6583228160797983e-07,1.603514419061491e-08,1.3058890919591936e-09]",vel2,"[0.0,0.0,0.0,0.0,0.0,0.0,0.0,0.0]","[0.0,0.0,0.0,0.0,0.0,0.0,0.0,0.0]","[-4.5082598133997735e-05,-4.542212132329875e-06,2.7386478690837998e-05,2.635109431924769e-05,7.424059991629815e-06,1.6583228160797983e-07,1.603514419061491e-08,-1.3058890919591936e-09]",5.9603826709435106e-05,True,"{""inner"":2.4812405133163805e-05,""middle"":1.533186632083087e-05,""outer"":8.670516641287051e-09}","[0.0006161794578938732,3.3276643002994855e-05,5.7165255079160985e-05,3.2036939458236386e-05,4.508055634977346e-06,2.713497254210308e-07,8.177320890067961e-08,2.0634465749471504e-08]",computed_canonical_persistence,persistence,"[0.0006161794578938732,3.3276643002994855e-05,5.7165255079160985e-05,3.2036939458236386e-05,4.508055634977346e-06,2.713497254210308e-07,8.177320890067961e-08,2.0634465749471504e-08]",5.9603826709435106e-05,0.0,False,canonical_oracle,1.0,False,0.0,96,6,"[0.0005710968597598755,2.873443087066498e-05,8.455173376999898e-05,5.8388033777484076e-05,1.1932115626607161e-05,4.3718200702901064e-07,9.780835309129452e-08,1.932857665751231e-08]",97,,True
"[0.0,0.0,2.0504963127560417e-05,3.4828627791749995e-05,0.00019061437325465784,5.4020835222476035e-05,1.824175321957046e-05,3.0707662494497645e-06]",vel3,"[0.0,0.0,0.0,0.0,0.0,0.0,0.0,0.0]","[0.0,0.0,0.0,0.0,0.0,0.0,0.0,0.0]","[0.0,0.0,-2.0504963127560417e-05,-3.4828627791749995e-05,0.00019061437325465784,5.4020835222476035e-05,1.824175321957046e-05,3.0707662494497645e-06]",0.0002030462211468149,True,"{""inner"":0.0,""middle"":7.499219984911107e-05,""outer"":1.0656259734510112e-05}","[0.0,0.0,0.00016296050929479468,0.0009662573978239577,0.0011386931092248428,0.0006943455101723389,0.00022689974336794928,4.390296379042961e-05]",computed_canonical_persistence,persistence,"[0.0,0.0,0.00016296050929479468,0.0009662573978239577,0.0011386931092248428,0.0006943455101723389,0.00022689974336794928,4.390296379042961e-05]",0.0002030462211468149,0.0,False,canonical_oracle,1.0,False,0.25,96,6,"[0.0,0.0,0.00014245554616723426,0.0009314287700322077,0.0013293074824795006,0.000748366345394815,0.00024514149658751974,4.697373003987938e-05]",97,,True
"[1.8152512518506825,0.1871163831535574,0.022108873314918398,0.004437089491453133,0.0005097530248617233,1.5629843201225174e-05,4.746387822895446e-07,2.6939936686720667e-09]",Bcc1,"[0.0,0.0,0.0,0.0,0.0,0.0,0.0,0.0]","[0.0,0.0,0.0,0.0,0.0,0.0,0.0,0.0]","[1.8152512518506825,0.1871163831535574,0.022108873314918398,0.004437089491453133,0.0005097530248617233,1.5629843201225174e-05,4.746387822895446e-07,2.6939936686720667e-09]",1.8250091502030923,True,"{""inner"":1.00118381750212,""middle"":0.006767836418608619,""outer"":2.3866638797910834e-07}","[15.513358862622713,1.65398185784961,0.17631777188935088,0.01906124710563891,0.0019879092111795707,0.00023474149991772615,5.8245280677434306e-05,1.833597820124365e-05]",computed_canonical_persistence,persistence,"[15.513358862622713,1.65398185784961,0.17631777188935088,0.01906124710563891,0.0019879092111795707,0.00023474149991772615,5.8245280677434306e-05,1.833597820124365e-05]",1.8250091502030923,0.0,False,canonical_oracle,1.0,False,0.0,97,7,"[17.328610114473395,1.8410982410031673,0.19842664520426928,0.023498336597092044,0.002497662236041294,0.0002503713431189513,5.871991945972385e-05,1.833867219491232e-05]",98,,True
"[5.540939075754283e-05,2.5269648445509817e-05,3.6344244980970734e-06,8.354544107306003e-07,4.5215224718860216e-08,1.4083987075462908e-09,1.0576745980176823e-11,8.336244089388469e-13]",Bcc2,"[0.0,0.0,0.0,0.0,0.0,0.0,0.0,0.0]","[0.0,0.0,0.0,0.0,0.0,0.0,0.0,0.0]","[-5.540939075754283e-05,2.5269648445509817e-05,3.6344244980970734e-06,8.354544107306003e-07,4.5215224718860216e-08,1.4083987075462908e-09,-1.0576745980176823e-11,8.336244089388469e-13]",6.1013644282133754e-05,True,"{""inner"":4.0339519601526323e-05,""middle"":1.1291256330635199e-06,""outer"":5.705185194557835e-12}","[0.002810049673129031,0.0004059318117720074,2.1151529639263807e-05,1.3967807431821975e-06,1.0584616714627999e-07,1.191115333418357e-08,1.7544933976787993e-09,1.6962026232765755e-10]",computed_canonical_persistence,persistence,"[0.002810049673129031,0.0004059318117720074,2.1151529639263807e-05,1.3967807431821975e-06,1.0584616714627999e-07,1.191115333418357e-08,1.7544933976787993e-09,1.6962026232765755e-10]",6.1013644282133754e-05,0.0,False,canonical_oracle,1.0,False,0.0,97,7,"[0.002754640282371488,0.00043120146021751723,2.478595413736088e-05,2.2322351539127978e-06,1.510613918651402e-07,1.3319552041729861e-08,1.7439166516986225e-09,1.704538867365964e-10]",98,,True
"[0.0,0.0,2.5285993448233643e-08,2.1142781552072282e-07,2.304332068194892e-06,8.016820189367935e-07,3.20252765199243e-08,2.1894775925252046e-09]",Bcc3,"[0.0,0.0,0.0,0.0,0.0,0.0,0.0,0.0]","[0.0,0.0,0.0,0.0,0.0,0.0,0.0,0.0]","[0.0,0.0,2.5285993448233643e-08,2.1142781552072282e-07,2.304332068194892e-06,8.016820189367935e-07,3.20252765199243e-08,2.1894775925252046e-09]",2.449288030180762e-06,True,"{""inner"":0.0,""middle"":8.356819740251605e-07,""outer"":1.7107377056224753e-08}","[2.9146811565102524e-05,2.9146811565102524e-05,2.912152557165429e-05,2.8447022426351548e-05,1.695965155755119e-05,2.793844058959859e-06,2.1863215403134654e-07,1.2018831250249478e-08]",computed_canonical_persistence,persistence,"[2.9146811565102524e-05,2.9146811565102524e-05,2.912152557165429e-05,2.8447022426351548e-05,1.695965155755119e-05,2.793844058959859e-06,2.1863215403134654e-07,1.2018831250249478e-08]",2.449288030180762e-06,0.0,False,canonical_oracle,1.0,False,0.25,97,7,"[2.9146811565102524e-05,2.9146811565102524e-05,2.9146811565102524e-05,2.865845024187227e-05,1.9263983625746082e-05,3.5955260778966527e-06,2.5065743055127084e-07,1.4208308842774682e-08]",98,,True
"[3.6553592860598627,0.8253987848710604,0.10787552498404351,0.034803424525820165,0.0026960415458471207,0.0006765079970860316,0.0005900093501267911,0.000127757581364768]",rho,"[0.0,0.0,0.0,0.0,0.0,0.0,0.0,0.0]","[0.0,0.0,0.0,0.0,0.0,0.0,0.0,0.0]","[3.6553592860598627,0.8253987848710604,0.10787552498404351,0.034803424525820165,0.0026960415458471207,0.0006765079970860316,-0.0005900093501267911,0.000127757581364768]",3.7491053815858684,True,"{""inner"":2.2403790354654616,""middle"":0.03651287476319921,""outer"":0.00035888346574577956}","[96.69807624066286,10.865320483506633,1.4855883540540473,0.20780908229477907,0.035826764198180726,0.018594421789536783,0.06099126891581183,0.046388373257557416]",computed_canonical_persistence,persistence,"[96.69807624066286,10.865320483506633,1.4855883540540473,0.20780908229477907,0.035826764198180726,0.018594421789536783,0.06099126891581183,0.046388373257557416]",3.7491053815858684,0.0,False,canonical_oracle,1.0,False,0.0,97,7,"[100.35343552672272,11.690719268377693,1.5934638790380908,0.24261250682059923,0.038522805744027847,0.019270929786622815,0.06040125956568504,0.046516130838922184]",98,,True
"[0.30600200783247256,0.0019889496429232583,2.8016730034561785e-05,2.3911681052999995e-06,3.0753104176496855e-08,1.1897135825516382e-09,1.126117522854652e-09,2.2077446515902195e-10]",press,"[0.0,0.0,0.0,0.0,0.0,0.0,0.0,0.0]","[0.0,0.0,0.0,0.0,0.0,0.0,0.0,0.0]","[0.30600200783247256,0.0019889496429232583,2.8016730034561785e-05,2.3911681052999995e-06,3.0753104176496855e-08,1.1897135825516382e-09,-1.126117522854652e-09,2.2077446515902195e-10]",0.3060084729363592,True,"{""inner"":0.1539954787376979,""middle"":7.609960239405208e-06,""outer"":6.734459940068369e-10}","[1.1483647669704387,0.013113745492825067,0.00030531609845631377,9.647688587560345e-06,3.2899008791391004e-07,3.456129492799864e-08,8.696411856364996e-08,6.022495155651634e-08]",computed_canonical_persistence,persistence,"[1.1483647669704387,0.013113745492825067,0.00030531609845631377,9.647688587560345e-06,3.2899008791391004e-07,3.456129492799864e-08,8.696411856364996e-08,6.022495155651634e-08]",0.3060084729363592,0.0,False,canonical_oracle,1.0,False,0.0,97,7,"[1.4543667748029112,0.015102695135748325,0.00033333282849087555,1.2038856692860344e-05,3.597431920904069e-07,3.5751008510550276e-08,8.583800104079531e-08,6.044572602167536e-08]",98,,True
"[0.0019535012582720668,0.003247182386927429,0.0051716933967317635,0.001317834164021689,0.04622880210492354,0.04363333126175034,0.014184986403877456,0.0034054834714682125]",vel1,"[0.0,0.0,0.0,0.0,0.0,0.0,0.0,0.0]","[0.0,0.0,0.0,0.0,0.0,0.0,0.0,0.0]","[0.0019535012582720668,0.003247182386927429,0.0051716933967317635,-0.001317834164021689,0.04622880210492354,0.04363333126175034,0.014184986403877456,0.0034054834714682125]",0.06554864116135557,True,"{""inner"":0.002600341822599748,""middle"":0.024087915231856834,""outer"":0.008795234937672834}","[0.162857678601589,0.04669738866164139,0.039681031572105466,0.06993569233907387,0.12431404654375201,0.1291636080227524,0.08168249876620785,0.041684089838717964]",computed_canonical_persistence,persistence,"[0.162857678601589,0.04669738866164139,0.039681031572105466,0.06993569233907387,0.12431404654375201,0.1291636080227524,0.08168249876620785,0.041684089838717964]",0.06554864116135557,0.0,False,canonical_oracle,1.0,False,0.0,97,7,"[0.16481117985986107,0.049944571048568816,0.04485272496883723,0.06861785817505218,0.17054284864867555,0.17279693928450274,0.09586748517008531,0.045089573310186176]",98,,True
"[3.287514466880734e-05,7.664956716580835e-06,7.162397830178899e-06,1.9914469238643722e-05,7.260419899024303e-06,1.0031648893344183e-06,2.2687174634022524e-08,1.2866360744452129e-09]",vel2,"[0.0,0.0,0.0,0.0,0.0,0.0,0.0,0.0]","[0.0,0.0,0.0,0.0,0.0,0.0,0.0,0.0]","[-3.287514466880734e-05,-7.664956716580835e-06,-7.162397830178899e-06,1.9914469238643722e-05,7.260419899024303e-06,1.0031648893344183e-06,2.2687174634022524e-08,-1.2866360744452129e-09]",4.0510903217101626e-05,True,"{""inner"":2.027005069269409e-05,""middle"":8.835112964295335e-06,""outer"":1.1986905354233868e-08}","[0.0005710968597598755,2.873443087066498e-05,8.455173376999898e-05,5.8388033777484076e-05,1.1932115626607161e-05,4.3718200702901064e-07,9.780835309129452e-08,1.932857665751231e-08]",computed_canonical_persistence,persistence,"[0.0005710968597598755,2.873443087066498e-05,8.455173376999898e-05,5.8388033777484076e-05,1.1932115626607161e-05,4.3718200702901064e-07,9.780835309129452e-08,1.932857665751231e-08]",4.0510903217101626e-05,0.0,False,canonical_oracle,1.0,False,0.0,97,7,"[0.0005382217150910681,2.1069474154084144e-05,7.738933593982008e-05,7.83025030161278e-05,1.9192535525631464e-05,1.4403468963634289e-06,1.2049552772531704e-07,1.8041940583067098e-08]",98,,True
"[0.0,0.0,7.738083909214781e-06,4.082162974672083e-05,3.4043519558366476e-05,7.409927701779791e-05,1.7425769386624455e-05,4.013857753126106e-06]",vel3,"[0.0,0.0,0.0,0.0,0.0,0.0,0.0,0.0]","[0.0,0.0,0.0,0.0,0.0,0.0,0.0,0.0]","[0.0,0.0,-7.738083909214781e-06,-4.082162974672083e-05,3.4043519558366476e-05,7.409927701779791e-05,1.7425769386624455e-05,4.013857753126106e-06]",9.325082288657723e-05,True,"{""inner"":0.0,""middle"":3.9175627558025e-05,""outer"":1.071981356987528e-05}","[0.0,0.0,0.00014245554616723426,0.0009314287700322077,0.0013293074824795006,0.000748366345394815,0.00024514149658751974,4.697373003987938e-05]",computed_canonical_persistence,persistence,"[0.0,0.0,0.00014245554616723426,0.0009314287700322077,0.0013293074824795006,0.000748366345394815,0.00024514149658751974,4.697373003987938e-05]",9.325082288657723e-05,0.0,False,canonical_oracle,1.0,False,0.25,97,7,"[0.0,0.0,0.00013471746225801948,0.0008906071402854869,0.0013633510020378671,0.0008224656224126129,0.0002625672659741442,5.098758779300548e-05]",98,,True
"[1.639958999556523,0.15840138971574835,0.017158801682371577,0.003819293521081027,0.0008546104275823194,3.888749186486089e-05,6.157217936927676e-07,7.645869011774594e-09]",Bcc1,"[0.0,0.0,0.0,0.0,0.0,0.0,0.0,0.0]","[0.0,0.0,0.0,0.0,0.0,0.0,0.0,0.0]","[1.639958999556523,0.15840138971574835,0.017158801682371577,0.003819293521081027,0.0008546104275823194,3.888749186486089e-05,6.157217936927676e-07,7.645869011774594e-09]",1.6476851227828957,True,"{""inner"":0.8991801946361356,""middle"":0.005467898280724946,""outer"":3.1168383135227107e-07}","[17.328610114473395,1.8410982410031673,0.19842664520426928,0.023498336597092044,0.002497662236041294,0.0002503713431189513,5.871991945972385e-05,1.833867219491232e-05]",computed_canonical_persistence,persistence,"[17.328610114473395,1.8410982410031673,0.19842664520426928,0.023498336597092044,0.002497662236041294,0.0002503713431189513,5.871991945972385e-05,1.833867219491232e-05]",1.6476851227828957,0.0,False,canonical_oracle,1.0,False,0.0,98,8,"[18.96856911402992,1.9994996307189157,0.21558544688664086,0.02731763011817307,0.0033522726636236134,0.0002892588349838122,5.933564125341662e-05,1.8346318063924096e-05]",99,,True
"[4.324647783909667e-05,1.4637673897379484e-05,1.6587885136027667e-06,1.0148882977449596e-06,4.921978251089278e-08,3.0090858006593605e-09,7.057605445862506e-12,8.607443957324338e-13]",Bcc2,"[0.0,0.0,0.0,0.0,0.0,0.0,0.0,0.0]","[0.0,0.0,0.0,0.0,0.0,0.0,0.0,0.0]","[-4.324647783909667e-05,1.4637673897379484e-05,-1.6587885136027667e-06,1.0148882977449596e-06,4.921978251089278e-08,3.0090858006593605e-09,-7.057605445862506e-12,8.607443957324338e-13]",4.5697957852018974e-05,True,"{""inner"":2.894207586823808e-05,""middle"":6.814764199148196e-07,""outer"":3.95917492079747e-12}","[0.002754640282371488,0.00043120146021751723,2.478595413736088e-05,2.2322351539127978e-06,1.510613918651402e-07,1.3319552041729861e-08,1.7439166516986225e-09,1.704538867365964e-10]",computed_canonical_persistence,persistence,"[0.002754640282371488,0.00043120146021751723,2.478595413736088e-05,2.2322351539127978e-06,1.510613918651402e-07,1.3319552041729861e-08,1.7439166516986225e-09,1.704538867365964e-10]",4.5697957852018974e-05,0.0,False,canonical_oracle,1.0,False,0.0,98,8,"[0.0027113938045323915,0.0004458391341148967,2.3127165623758114e-05,3.2471234516577573e-06,2.0028117437603299e-07,1.6328637842389222e-08,1.73685904625276e-09,1.7131463113232883e-10]",99,,True
"[0.0,0.0,0.0,1.4745267443120406e-07,2.0142243340511706e-06,1.2972404451102648e-06,4.3688403950457913e-08,2.6305076861515845e-09]",Bcc3,"[0.0,0.0,0.0,0.0,0.0,0.0,0.0,0.0]","[0.0,0.0,0.0,0.0,0.0,0.0,0.0,0.0]","[0.0,0.0,0.0,1.4745267443120406e-07,2.0142243340511706e-06,1.2972404451102648e-06,4.3688403950457913e-08,2.6305076861515845e-09]",2.400747868419568e-06,True,"{""inner"":0.0,""middle"":8.647293633981599e-07,""outer"":2.3159455818304748e-08}","[2.9146811565102524e-05,2.9146811565102524e-05,2.9146811565102524e-05,2.865845024187227e-05,1.9263983625746082e-05,3.5955260778966527e-06,2.5065743055127084e-07,1.4208308842774682e-08]",computed_canonical_persistence,persistence,"[2.9146811565102524e-05,2.9146811565102524e-05,2.9146811565102524e-05,2.865845024187227e-05,1.9263983625746082e-05,3.5955260778966527e-06,2.5065743055127084e-07,1.4208308842774682e-08]",2.400747868419568e-06,0.0,False,canonical_oracle,1.0,False,0.375,98,8,"[2.9146811565102524e-05,2.9146811565102524e-05,2.9146811565102524e-05,2.8805902916303475e-05,2.1278207959797252e-05,4.8927665230069175e-06,2.9434583450172876e-07,1.6838816528926267e-08]",99,,True
"[4.359644743889788,0.9217289916540192,0.027220685355144214,0.021673337561247258,0.0038580332912210233,0.0006834310830786706,0.0005772830124180506,0.00012402129545840967]",rho,"[0.0,0.0,0.0,0.0,0.0,0.0,0.0,0.0]","[0.0,0.0,0.0,0.0,0.0,0.0,0.0,0.0]","[4.359644743889788,0.9217289916540192,0.027220685355144214,0.021673337561247258,0.0038580332912210233,0.0006834310830786706,-0.0005772830124180506,0.00012402129545840967]",4.456154511054292,True,"{""inner"":2.6406868677719038,""middle"":0.013358871822672792,""outer"":0.0003506521539382301}","[100.35343552672272,11.690719268377693,1.5934638790380908,0.24261250682059923,0.038522805744027847,0.019270929786622815,0.06040125956568504,0.046516130838922184]",computed_canonical_persistence,persistence,"[100.35343552672272,11.690719268377693,1.5934638790380908,0.24261250682059923,0.038522805744027847,0.019270929786622815,0.06040125956568504,0.046516130838922184]",4.456154511054292,0.0,False,canonical_oracle,1.0,False,0.0,98,8,"[104.71308027061251,12.612448260031712,1.620684564393235,0.2642858443818465,0.04238083903524887,0.019954360869701485,0.05982397655326699,0.046640152134380594]",99,,True
"[0.2747892586873688,0.001976903125643522,8.438579548219463e-06,2.720027069727754e-07,4.166520415110522e-08,1.155921198756617e-09,1.1035286976437742e-09,2.1100391913699614e-10]",press,"[0.0,0.0,0.0,0.0,0.0,0.0,0.0,0.0]","[0.0,0.0,0.0,0.0,0.0,0.0,0.0,0.0]","[0.2747892586873688,0.001976903125643522,-8.438579548219463e-06,2.720027069727754e-07,4.166520415110522e-08,1.155921198756617e-09,-1.1035286976437742e-09,2.1100391913699614e-10]",0.27479636989452244,True,"{""inner"":0.13838308090650617,""middle"":2.1883508451355252e-06,""outer"":6.572663083903852e-10}","[1.4543667748029112,0.015102695135748325,0.00033333282849087555,1.2038856692860344e-05,3.597431920904069e-07,3.5751008510550276e-08,8.583800104079531e-08,6.044572602167536e-08]",computed_canonical_persistence,persistence,"[1.4543667748029112,0.015102695135748325,0.00033333282849087555,1.2038856692860344e-05,3.597431920904069e-07,3.5751008510550276e-08,8.583800104079531e-08,6.044572602167536e-08]",0.27479636989452244,0.0,False,canonical_oracle,1.0,False,0.0,98,8,"[1.72915603349028,0.017079598261391847,0.0003248942489426561,1.231085939983312e-05,4.014083962415121e-07,3.6906929709306894e-08,8.473447234315154e-08,6.065672994081235e-08]",99,,True
"[0.004104518973555377,0.003183934694173711,0.0046858038205533775,0.004462236795012384,0.008629360680692894,0.07808616893097425,0.019972583648887265,0.004207490379828954]",vel1,"[0.0,0.0,0.0,0.0,0.0,0.0,0.0,0.0]","[0.0,0.0,0.0,0.0,0.0,0.0,0.0,0.0]","[-0.004104518973555377,0.003183934694173711,0.0046858038205533775,-0.004462236795012384,0.008629360680692894,0.07808616893097425,0.019972583648887265,0.004207490379828954]",0.08159274200431557,True,"{""inner"":0.003644226833864544,""middle"":0.023965892556808227,""outer"":0.01209003701435811}","[0.16481117985986107,0.049944571048568816,0.04485272496883723,0.06861785817505218,0.17054284864867555,0.17279693928450274,0.09586748517008531,0.045089573310186176]",computed_canonical_persistence,persistence,"[0.16481117985986107,0.049944571048568816,0.04485272496883723,0.06861785817505218,0.17054284864867555,0.17279693928450274,0.09586748517008531,0.045089573310186176]",0.08159274200431557,0.0,False,canonical_oracle,1.0,False,0.0,98,8,"[0.1607066608863057,0.05312850574274253,0.04953852878939061,0.0641556213800398,0.17917220932936845,0.250883108215477,0.11584006881897257,0.04929706369001513]",99,,True
"[8.805178492371024e-06,4.080514279132817e-06,2.9133492627017853e-06,1.8740104727109187e-05,3.0327796990011005e-06,1.7831043162982154e-06,3.265395897252027e-08,9.86091017010869e-10]",vel2,"[0.0,0.0,0.0,0.0,0.0,0.0,0.0,0.0]","[0.0,0.0,0.0,0.0,0.0,0.0,0.0,0.0]","[-8.805178492371024e-06,-4.080514279132817e-06,-2.9133492627017853e-06,1.8740104727109187e-05,3.0327796990011005e-06,1.7831043162982154e-06,3.265395897252027e-08,-9.86091017010869e-10]",2.159257222132444e-05,True,"{""inner"":6.442846385751921e-06,""middle"":6.617334501277572e-06,""outer"":1.682002499476557e-08}","[0.0005382217150910681,2.1069474154084144e-05,7.738933593982008e-05,7.83025030161278e-05,1.9192535525631464e-05,1.4403468963634289e-06,1.2049552772531704e-07,1.8041940583067098e-08]",computed_canonical_persistence,persistence,"[0.0005382217150910681,2.1069474154084144e-05,7.738933593982008e-05,7.83025030161278e-05,1.9192535525631464e-05,1.4403468963634289e-06,1.2049552772531704e-07,1.8041940583067098e-08]",2.159257222132444e-05,0.0,False,canonical_oracle,1.0,False,0.0,98,8,"[0.0005294165365986971,1.6988959874951327e-05,7.44759866771183e-05,9.704260774323699e-05,2.2225315224632565e-05,3.2234512126616443e-06,1.531494866978373e-07,1.705584956605623e-08]",99,,True
"[0.0,0.0,2.35589940965526e-06,1.560120757778164e-05,5.111443976560186e-05,6.840380485789222e-05,2.0194540208024326e-05,2.8979560397468564e-06]",vel3,"[0.0,0.0,0.0,0.0,0.0,0.0,0.0,0.0]","[0.0,0.0,0.0,0.0,0.0,0.0,0.0,0.0]","[0.0,0.0,-2.35589940965526e-06,1.560120757778164e-05,-5.111443976560186e-05,6.840380485789222e-05,2.0194540208024326e-05,2.8979560397468564e-06]",8.92016368399325e-05,True,"{""inner"":0.0,""middle"":3.4368837902732746e-05,""outer"":1.1546248123885591e-05}","[0.0,0.0,0.00013471746225801948,0.0008906071402854869,0.0013633510020378671,0.0008224656224126129,0.0002625672659741442,5.098758779300548e-05]",computed_canonical_persistence,persistence,"[0.0,0.0,0.00013471746225801948,0.0008906071402854869,0.0013633510020378671,0.0008224656224126129,0.0002625672659741442,5.098758779300548e-05]",8.92016368399325e-05,0.0,False,canonical_oracle,1.0,False,0.25,98,8,"[0.0,0.0,0.00013236156284836422,0.0009062083478632685,0.0013122365622722653,0.0008908694272705051,0.0002827618061821685,5.388554383275234e-05]",99,,True
"[1.5199166691616242,0.14027908984943394,0.012519029517886499,0.0029031483099594205,0.001141574753654023,7.145000041810498e-05,9.32563328987079e-07,1.5115789504685593e-08]",Bcc1,"[0.0,0.0,0.0,0.0,0.0,0.0,0.0,0.0]","[0.0,0.0,0.0,0.0,0.0,0.0,0.0,0.0]","[1.5199166691616242,0.14027908984943394,0.012519029517886499,0.0029031483099594205,0.001141574753654023,7.145000041810498e-05,9.32563328987079e-07,1.5115789504685593e-08]",1.5264309243832233,True,"{""inner"":0.830097879505529,""middle"":0.004158800645479512,""outer"":4.738395592458823e-07}","[18.96856911402992,1.9994996307189157,0.21558544688664086,0.02731763011817307,0.0033522726636236134,0.0002892588349838122,5.933564125341662e-05,1.8346318063924096e-05]",computed_canonical_persistence,persistence,"[18.96856911402992,1.9994996307189157,0.21558544688664086,0.02731763011817307,0.0033522726636236134,0.0002892588349838122,5.933564125341662e-05,1.8346318063924096e-05]",1.5264309243832233,0.0,False,canonical_oracle,1.0,False,0.0,99,9,"[20.488485783191543,2.1397787205683496,0.22810447640452736,0.03022077842813249,0.0044938474172776365,0.0003607088354019172,6.02682045824037e-05,1.836143385342878e-05]",100,,True
"[6.228122903659001e-05,2.482649193867039e-05,6.265615511264985e-07,6.19957045957743e-07,8.705949051682868e-08,2.930089914190635e-09,6.833100831256568e-12,8.760858951522501e-13]",Bcc2,"[0.0,0.0,0.0,0.0,0.0,0.0,0.0,0.0]","[0.0,0.0,0.0,0.0,0.0,0.0,0.0,0.0]","[-6.228122903659001e-05,2.482649193867039e-05,-6.265615511264985e-07,6.19957045957743e-07,8.705949051682868e-08,2.930089914190635e-09,6.833100831256568e-12,8.760858951522501e-13]",6.705289483941461e-05,True,"{""inner"":4.35538604876302e-05,""middle"":3.341270443788152e-07,""outer"":3.854593363204409e-12}","[0.0027113938045323915,0.0004458391341148967,2.3127165623758114e-05,3.2471234516577573e-06,2.0028117437603299e-07,1.6328637842389222e-08,1.73685904625276e-09,1.7131463113232883e-10]",computed_canonical_persistence,persistence,"[0.0027113938045323915,0.0004458391341148967,2.3127165623758114e-05,3.2471234516577573e-06,2.0028117437603299e-07,1.6328637842389222e-08,1.73685904625276e-09,1.7131463113232883e-10]",6.705289483941461e-05,0.0,False,canonical_oracle,1.0,False,0.0,99,9,"[0.0026491125754958015,0.0004706656260535671,2.2500604072631615e-05,3.8670804976155e-06,2.8734066489286167e-07,1.9258727756579857e-08,1.7436921470840166e-09,1.7219071702748108e-10]",100,,True
"[0.0,0.0,5.112660409746191e-09,1.0915208539533176e-08,1.8981867650191616e-06,1.2538907246485636e-06,6.343225037265976e-08,3.2994056515233786e-09]",Bcc3,"[0.0,0.0,0.0,0.0,0.0,0.0,0.0,0.0]","[0.0,0.0,0.0,0.0,0.0,0.0,0.0,0.0]","[0.0,0.0,-5.112660409746191e-09,1.0915208539533176e-08,1.8981867650191616e-06,1.2538907246485636e-06,6.343225037265976e-08,3.2994056515233786e-09]",2.2758591260867907e-06,True,"{""inner"":0.0,""middle"":7.920263396542511e-07,""outer"":3.336582801209157e-08}","[2.9146811565102524e-05,2.9146811565102524e-05,2.9146811565102524e-05,2.8805902916303475e-05,2.1278207959797252e-05,4.8927665230069175e-06,2.9434583450172876e-07,1.6838816528926267e-08]",computed_canonical_persistence,persistence,"[2.9146811565102524e-05,2.9146811565102524e-05,2.9146811565102524e-05,2.8805902916303475e-05,2.1278207959797252e-05,4.8927665230069175e-06,2.9434583450172876e-07,1.6838816528926267e-08]",2.2758591260867907e-06,0.0,False,canonical_oracle,1.0,False,0.25,99,9,"[2.9146811565102524e-05,2.9146811565102524e-05,2.9141698904692778e-05,2.8816818124843008e-05,2.3176394724816414e-05,6.146657247655481e-06,3.577780848743885e-07,2.0138222180449645e-08]",100,,True
"[2.5609327855967052,0.4491322120581813,0.03605066705817661,0.007502865423917371,0.006474530570762194,0.0006891608258193169,0.0005663652549294171,0.00011813594218745144]",rho,"[0.0,0.0,0.0,0.0,0.0,0.0,0.0,0.0]","[0.0,0.0,0.0,0.0,0.0,0.0,0.0,0.0]","[2.5609327855967052,0.4491322120581813,0.03605066705817661,-0.007502865423917371,0.006474530570762194,0.0006891608258193169,-0.0005663652549294171,0.00011813594218745144]",2.6002875127669522,True,"{""inner"":1.5050324988274433,""middle"":0.012679305969668873,""outer"":0.00034225059855843426}","[104.71308027061251,12.612448260031712,1.620684564393235,0.2642858443818465,0.04238083903524887,0.019954360869701485,0.05982397655326699,0.046640152134380594]",computed_canonical_persistence,persistence,"[104.71308027061251,12.612448260031712,1.620684564393235,0.2642858443818465,0.04238083903524887,0.019954360869701485,0.05982397655326699,0.046640152134380594]",2.6002875127669522,0.0,False,canonical_oracle,1.0,False,0.0,99,9,"[107.27401305620921,13.061580472089894,1.6567352314514117,0.2567829789579291,0.04885536960601106,0.020643521695520802,0.05925761129833757,0.046758288076568046]",100,,True
"[0.2839423911358061,0.0019807159401813157,4.540540894927461e-06,1.8109947689260609e-06,9.357717484808617e-08,1.2035738173303952e-09,1.09017974335035e-09,1.9741711686893642e-10]",press,"[0.0,0.0,0.0,0.0,0.0,0.0,0.0,0.0]","[0.0,0.0,0.0,0.0,0.0,0.0,0.0,0.0]","[0.2839423911358061,0.0019807159401813157,4.540540894927461e-06,-1.8109947689260609e-06,9.357717484808617e-08,1.2035738173303952e-09,-1.09017974335035e-09,1.9741711686893642e-10]",0.2839492996002275,True,"{""inner"":0.14296155353799372,""middle"":1.6115791031297346e-06,""outer"":6.437984301096432e-10}","[1.72915603349028,0.017079598261391847,0.0003248942489426561,1.231085939983312e-05,4.014083962415121e-07,3.6906929709306894e-08,8.473447234315154e-08,6.065672994081235e-08]",computed_canonical_persistence,persistence,"[1.72915603349028,0.017079598261391847,0.0003248942489426561,1.231085939983312e-05,4.014083962415121e-07,3.6906929709306894e-08,8.473447234315154e-08,6.065672994081235e-08]",0.2839492996002275,0.0,False,canonical_oracle,1.0,False,0.0,99,9,"[2.013098424626086,0.019060314201573163,0.00032943478983758355,1.0499864630907059e-05,4.949855710895983e-07,3.811050352663729e-08,8.364429259980119e-08,6.085414705768129e-08]",100,,True
"[0.0002800263128855951,0.003669080771232118,0.0047492072847540034,0.0004358259806277326,0.02846454554368069,0.09218988792662575,0.03112464513939195,0.004811696723523176]",vel1,"[0.0,0.0,0.0,0.0,0.0,0.0,0.0,0.0]","[0.0,0.0,0.0,0.0,0.0,0.0,0.0,0.0]","[-0.0002800263128855951,0.003669080771232118,0.0047492072847540034,0.0004358259806277326,-0.02846454554368069,0.09218988792662575,0.03112464513939195,0.004811696723523176]",0.10167294247687046,True,"{""inner"":0.0019745535420588566,""middle"":0.03145986668392205,""outer"":0.017968170931457562}","[0.1607066608863057,0.05312850574274253,0.04953852878939061,0.0641556213800398,0.17917220932936845,0.250883108215477,0.11584006881897257,0.04929706369001513]",computed_canonical_persistence,persistence,"[0.1607066608863057,0.05312850574274253,0.04953852878939061,0.0641556213800398,0.17917220932936845,0.250883108215477,0.11584006881897257,0.04929706369001513]",0.10167294247687046,0.0,False,canonical_oracle,1.0,False,0.0,99,9,"[0.1604266345734201,0.056797586513974645,0.05428773607414461,0.06459144736066753,0.15070766378568776,0.34307299614210274,0.14696471395836452,0.05410876041353831]",100,,True
"[1.820457412451482e-06,5.790284348783421e-07,1.7132708336105318e-06,9.647643987493795e-06,7.052415525928105e-06,5.8115092229023e-07,5.96473393779197e-08,6.416087560679027e-10]",vel2,"[0.0,0.0,0.0,0.0,0.0,0.0,0.0,0.0]","[0.0,0.0,0.0,0.0,0.0,0.0,0.0,0.0]","[1.820457412451482e-06,-5.790284348783421e-07,-1.7132708336105318e-06,9.647643987493795e-06,7.052415525928105e-06,5.8115092229023e-07,5.96473393779197e-08,-6.416087560679027e-10]",1.2236810447958248e-05,True,"{""inner"":1.199742923664912e-06,""middle"":4.748620317330665e-06,""outer"":3.01444740669938e-08}","[0.0005294165365986971,1.6988959874951327e-05,7.44759866771183e-05,9.704260774323699e-05,2.2225315224632565e-05,3.2234512126616443e-06,1.531494866978373e-07,1.705584956605623e-08]",computed_canonical_persistence,persistence,"[0.0005294165365986971,1.6988959874951327e-05,7.44759866771183e-05,9.704260774323699e-05,2.2225315224632565e-05,3.2234512126616443e-06,1.531494866978373e-07,1.705584956605623e-08]",1.2236810447958248e-05,0.0,False,canonical_oracle,1.0,False,0.0,99,9,"[0.0005312369940111486,1.6409931440072985e-05,7.276271584350777e-05,0.00010669025173073078,2.927773075056067e-05,3.8046021349518743e-06,2.12796826075757e-07,1.6414240809988326e-08]",100,,True
"[0.0,0.0,7.746336379679933e-06,6.679742668868347e-06,4.341257998831806e-05,7.024545621922345e-05,2.1998067227334446e-05,3.834659643442453e-06]",vel3,"[0.0,0.0,0.0,0.0,0.0,0.0,0.0,0.0]","[0.0,0.0,0.0,0.0,0.0,0.0,0.0,0.0]","[0.0,0.0,-7.746336379679933e-06,6.679742668868347e-06,-4.341257998831806e-05,7.024545621922345e-05,2.1998067227334446e-05,3.834659643442453e-06]",8.615289018040996e-05,True,"{""inner"":0.0,""middle"":3.202102881402245e-05,""outer"":1.291636343538845e-05}","[0.0,0.0,0.00013236156284836422,0.0009062083478632685,0.0013122365622722653,0.0008908694272705051,0.0002827618061821685,5.388554383275234e-05]",computed_canonical_persistence,persistence,"[0.0,0.0,0.00013236156284836422,0.0009062083478632685,0.0013122365622722653,0.0008908694272705051,0.0002827618061821685,5.388554383275234e-05]",8.615289018040996e-05,0.0,False,canonical_oracle,1.0,False,0.25,99,9,"[0.0,0.0,0.00012461522646868429,0.0009128880905321368,0.0012688239822839472,0.0009611148834897285,0.00030475987340950297,5.772020347619479e-05]",100,,True
"[1.41481251160166,0.12750673247761846,0.009842907077054153,0.0014698549859866877,0.0014136826590023556,9.505124090215599e-05,2.029056756076066e-06,2.4118604874516253e-08]",Bcc1,"[0.0,0.0,0.0,0.0,0.0,0.0,0.0,0.0]","[0.0,0.0,0.0,0.0,0.0,0.0,0.0,0.0]","[1.41481251160166,0.12750673247761846,0.009842907077054153,0.0014698549859866877,0.0014136826590023556,9.505124090215599e-05,2.029056756076066e-06,2.4118604874516253e-08]",1.4205820851477187,True,"{""inner"":0.7711596220396393,""middle"":0.003205373990736338,""outer"":1.0265876804752912e-06}","[20.488485783191543,2.1397787205683496,0.22810447640452736,0.03022077842813249,0.0044938474172776365,0.0003607088354019172,6.02682045824037e-05,1.836143385342878e-05]",computed_canonical_persistence,persistence,"[20.488485783191543,2.1397787205683496,0.22810447640452736,0.03022077842813249,0.0044938474172776365,0.0003607088354019172,6.02682045824037e-05,1.836143385342878e-05]",1.4205820851477187,0.0,False,canonical_oracle,1.0,False,0.0,100,10,"[21.903298294793203,2.267285453045968,0.2379473834815815,0.03169063341411918,0.005907530076279992,0.0004557600763040732,6.229726133847976e-05,1.8385552458303298e-05]",101,,True
"[21.838918521958153,2.250831638800015,0.23586076765547834,0.02353624818635172,0.002968713972434271,0.0010214852101360816,0.0001765039368888539,0.0002768931820041195]",Bcc1,"[-20.424106010356493,-2.1233249063223965,-0.22601786057842418,-0.022066393200365034,-0.0015550313134319155,0.0011165364510382376,0.00017853299364492997,0.00027691730060899403]","[0.0,0.0,0.0,0.0,0.0,0.0,0.0,0.0]","[1.41481251160166,0.12750673247761846,0.009842907077054153,0.0014698549859866877,0.0014136826590023556,9.505124090215599e-05,2.029056756076066e-06,2.4118604874516253e-08]",21.955883027019564,True,"{""inner"":12.044875080379084,""middle"":0.0658468037561001,""outer"":0.0002266985594464867}","[20.488485783191543,2.1397787205683496,0.22810447640452736,0.03022077842813249,0.0044938474172776365,0.0003607088354019172,6.02682045824037e-05,1.836143385342878e-05]",frozen_rollout_saved_statistics,fno_plain,"[0.06437977283505036,0.01645381424595314,0.0020866158261031824,0.008154385227767456,0.002938816103845721,0.0014772452864401549,0.00023880119822733368,0.0002952787344624228]",1.4205820851477187,-14.455553928611236,False,canonical_oracle,15.455553928611236,False,0.375,100,10,"[21.903298294793203,2.267285453045968,0.2379473834815815,0.03169063341411918,0.005907530076279992,0.0004557600763040732,6.229726133847976e-05,1.8385552458303298e-05]",101,-0.9998972874620313,False
"[21.88684221586049,2.264452373224245,0.237424408353319,0.030799936215055907,0.004826405675490219,0.0001066041634418255,0.0003149056318239896,0.003932279153428777]",Bcc1,"[-20.47202970425883,-2.1369456407466267,-0.22758150127626484,-0.02933008122906922,-0.0034127230164878635,-1.1552922539669508e-05,0.00031693468858006563,0.0039323032720336515]","[0.0,0.0,0.0,0.0,0.0,0.0,0.0,0.0]","[1.41481251160166,0.12750673247761846,0.009842907077054153,0.0014698549859866877,0.0014136826590023556,9.505124090215599e-05,2.029056756076066e-06,2.4118604874516253e-08]",22.004975905141723,True,"{""inner"":12.075647294542367,""middle"":0.06828933860182673,""outer"":0.0021235923926263833}","[20.488485783191543,2.1397787205683496,0.22810447640452736,0.03022077842813249,0.0044938474172776365,0.0003607088354019172,6.02682045824037e-05,1.836143385342878e-05]",frozen_rollout_saved_statistics,fno_full,"[0.016456078932711567,0.002833079821723019,0.0005229751282625264,0.0008906971990632718,0.0010811244007897728,0.0003491559128622477,0.0003772028931624693,0.00395066470588708]",1.4205820851477187,-14.490112211892033,False,canonical_oracle,15.490112211892033,False,0.25,100,10,"[21.903298294793203,2.267285453045968,0.2379473834815815,0.03169063341411918,0.005907530076279992,0.0004557600763040732,6.229726133847976e-05,1.8385552458303298e-05]",101,-0.9998912645842809,False
"[21.892569129468786,2.2670013433997807,0.2373649696327158,0.025063803177754997,0.006892497670707265,0.01083680916052022,0.0013889538267905209,1.9380507336390378e-05]",Bcc1,"[-20.477756617867126,-2.139494610922162,-0.22752206255566165,-0.02359394819176831,0.00830618032970962,0.010931860401422376,0.001390982883546597,1.9404625941264894e-05]","[0.0,0.0,0.0,0.0,0.0,0.0,0.0,0.0]","[1.41481251160166,0.12750673247761846,0.009842907077054153,0.0014698549859866877,0.0014136826590023556,9.505124090215599e-05,2.029056756076066e-06,2.4118604874516253e-08]",22.010929452776633,True,"{""inner"":12.079785236434283,""middle"":0.07003951991042456,""outer"":0.0007041671670634556}","[20.488485783191543,2.1397787205683496,0.22810447640452736,0.03022077842813249,0.0044938474172776365,0.0003607088354019172,6.02682045824037e-05,1.836143385342878e-05]",frozen_rollout_saved_statistics,localno_plain,"[0.010729165324416026,0.00028410964618730516,0.0005824138488657003,0.006626830236364183,0.012800027746987257,0.011292569236824293,0.0014512510881290008,3.7766059794693676e-05]",1.4205820851477187,-14.494303133132806,False,canonical_oracle,15.494303133132806,False,0.5,100,10,"[21.903298294793203,2.267285453045968,0.2379473834815815,0.03169063341411918,0.005907530076279992,0.0004557600763040732,6.229726133847976e-05,1.8385552458303298e-05]",101,-0.9998892292406338,False
"[4.696229926964314e-05,3.0025214796503268e-05,9.945258188412687e-07,1.017228270842689e-07,1.2656663734999802e-07,5.388625647633092e-09,8.90936145063285e-11,9.4184793121407e-13]",Bcc2,"[0.0,0.0,0.0,0.0,0.0,0.0,0.0,0.0]","[0.0,0.0,0.0,0.0,0.0,0.0,0.0,0.0]","[-4.696229926964314e-05,3.0025214796503268e-05,-9.945258188412687e-07,1.017228270842689e-07,1.2656663734999802e-07,5.388625647633092e-09,8.90936145063285e-11,9.4184793121407e-13]",5.574931886188826e-05,True,"{""inner"":3.8493757033073204e-05,""middle"":3.0705097723079216e-07,""outer"":4.5017731218771286e-11}","[0.0026491125754958015,0.0004706656260535671,2.2500604072631615e-05,3.8670804976155e-06,2.8734066489286167e-07,1.9258727756579857e-08,1.7436921470840166e-09,1.7219071702748108e-10]",computed_canonical_persistence,persistence,"[0.0026491125754958015,0.0004706656260535671,2.2500604072631615e-05,3.8670804976155e-06,2.8734066489286167e-07,1.9258727756579857e-08,1.7436921470840166e-09,1.7219071702748108e-10]",5.574931886188826e-05,0.0,False,canonical_oracle,1.0,False,0.0,100,10,"[0.0026021502762261584,0.0005006908408500704,2.1506078253790347e-05,3.968803324699769e-06,4.139073022428597e-07,2.464735340421295e-08,1.832785761590345e-09,1.7313256495869515e-10]",101,,True
"[0.0015657941870598142,0.00048573767884154973,0.0005746600718388075,2.9984267978028103e-06,1.8372150004961442e-07,4.924078565432334e-09,2.9428152702448072e-08,6.742587598626532e-09]",Bcc2,"[-0.0016127564863294573,0.000515762893638053,0.0005736655460199662,-2.8967039707185414e-06,-5.7154862699616405e-08,1.0312704213065426e-08,2.95172463169544e-08,6.743529446557746e-09]","[0.0,0.0,0.0,0.0,0.0,0.0,0.0,0.0]","[-4.696229926964314e-05,3.0025214796503268e-05,-9.945258188412687e-07,1.017228270842689e-07,1.2656663734999802e-07,5.388625647633092e-09,8.90936145063285e-11,9.4184793121407e-13]",0.0017372091849558707,True,"{""inner"":0.0010257659329506819,""middle"":0.00014446178605380635,""outer"":1.80853701505373e-08}","[0.0026491125754958015,0.0004706656260535671,2.2500604072631615e-05,3.8670804976155e-06,2.8734066489286167e-07,1.9258727756579857e-08,1.7436921470840166e-09,1.7219071702748108e-10]",frozen_rollout_saved_statistics,fno_plain,"[0.0010363560891663442,0.0009864285196916202,0.0005961661500925978,9.70376526896959e-07,2.3018580219324526e-07,2.9571431969645283e-08,3.1260938464038415e-08,6.915720163585227e-09]",5.574931886188826e-05,-30.1610835866817,False,canonical_oracle,31.1610835866817,False,0.625,100,10,"[0.0026021502762261584,0.0005006908408500704,2.1506078253790347e-05,3.968803324699769e-06,4.139073022428597e-07,2.464735340421295e-08,1.832785761590345e-09,1.7313256495869515e-10]",101,0.9095711233246128,False
"[0.002598913808530547,0.0004986017351001407,1.4332718828924577e-05,3.5616712390265935e-06,1.850925612007548e-07,1.4801225974830223e-07,4.292147547903916e-07,1.639751440757551e-07]",Bcc2,"[-0.0026458761078001903,-0.0004685765203036374,-1.5327244647765846e-05,-3.4599484119423246e-06,-5.8525923850756785e-08,1.5340088539593533e-07,4.2930384840489794e-07,1.6397608592368633e-07]","[0.0,0.0,0.0,0.0,0.0,0.0,0.0,0.0]","[-4.696229926964314e-05,3.0025214796503268e-05,-9.945258188412687e-07,1.017228270842689e-07,1.2656663734999802e-07,5.388625647633092e-09,8.90936145063285e-11,9.4184793121407e-13]",0.002646351271850868,True,"{""inner"":0.0015487577718153438,""middle"":4.556873722225057e-06,""outer"":2.965949494330734e-07}","[0.0026491125754958015,0.0004706656260535671,2.2500604072631615e-05,3.8670804976155e-06,2.8734066489286167e-07,1.9258727756579857e-08,1.7436921470840166e-09,1.7219071702748108e-10]",frozen_rollout_saved_statistics,fno_full,"[3.236467695611039e-06,2.0891057499297e-06,7.17335942486577e-06,4.0713208567317585e-07,2.2881474104210488e-07,1.7265961315251518e-07,4.3104754055198195e-07,1.6414827664071382e-07]",5.574931886188826e-05,-46.46876420870471,False,canonical_oracle,47.46876420870471,False,0.625,100,10,"[0.0026021502762261584,0.0005006908408500704,2.1506078253790347e-05,3.968803324699769e-06,4.139073022428597e-07,2.464735340421295e-08,1.832785761590345e-09,1.7313256495869515e-10]",101,0.7356443774733488,False
"[0.0024814339716431382,0.0002947674640417343,0.0003887873224279247,3.502246871052131e-06,3.63729457940385e-07,8.892567489338282e-08,1.973047259723583e-07,2.532487454599818e-07]",Bcc2,"[-0.0025283962709127814,0.0003247926788382376,0.00038779279660908347,-3.400524043967862e-06,-2.3716282059038697e-07,9.431430054101591e-08,1.973938195868646e-07,2.53249687307913e-07]","[0.0,0.0,0.0,0.0,0.0,0.0,0.0,0.0]","[-4.696229926964314e-05,3.0025214796503268e-05,-9.945258188412687e-07,1.017228270842689e-07,1.2656663734999802e-07,5.388625647633092e-09,8.90936145063285e-11,9.4184793121407e-13]",0.0025289465207012645,True,"{""inner"":0.0013881007178424363,""middle"":9.818555610795265e-05,""outer"":2.2527673571617004e-07}","[0.0026491125754958015,0.0004706656260535671,2.2500604072631615e-05,3.8670804976155e-06,2.8734066489286167e-07,1.9258727756579857e-08,1.7436921470840166e-09,1.7219071702748108e-10]",frozen_rollout_saved_statistics,localno_plain,"[0.00012071630458302021,0.0007954583048918047,0.00041029340068171507,4.665564536476384e-07,5.01778443024747e-08,1.1357302829759578e-07,1.9913751173394864e-07,2.5342187802494045e-07]",5.574931886188826e-05,-44.36282366007741,False,canonical_oracle,45.36282366007741,False,0.625,100,10,"[0.0026021502762261584,0.0005006908408500704,2.1506078253790347e-05,3.968803324699769e-06,4.139073022428597e-07,2.464735340421295e-08,1.832785761590345e-09,1.7313256495869515e-10]",101,0.8911684414943658,False
"[0.0,0.0,5.112660409746191e-09,3.1339067549075944e-08,1.0778470252261628e-06,1.2356095053733219e-06,1.2970459700889125e-07,4.048984252665339e-09]",Bcc3,"[0.0,0.0,0.0,0.0,0.0,0.0,0.0,0.0]","[0.0,0.0,0.0,0.0,0.0,0.0,0.0,0.0]","[0.0,0.0,5.112660409746191e-09,-3.1339067549075944e-08,1.0778470252261628e-06,1.2356095053733219e-06,1.2970459700889125e-07,4.048984252665339e-09]",1.6450936182381298e-06,True,"{""inner"":0.0,""middle"":5.874770646395767e-07,""outer"":6.687679063077829e-08}","[2.9146811565102524e-05,2.9146811565102524e-05,2.9141698904692778e-05,2.8816818124843008e-05,2.3176394724816414e-05,6.146657247655481e-06,3.577780848743885e-07,2.0138222180449645e-08]",computed_canonical_persistence,persistence,"[2.9146811565102524e-05,2.9146811565102524e-05,2.9141698904692778e-05,2.8816818124843008e-05,2.3176394724816414e-05,6.146657247655481e-06,3.577780848743885e-07,2.0138222180449645e-08]",1.6450936182381298e-06,0.0,False,canonical_oracle,1.0,False,0.25,100,10,"[2.9146811565102524e-05,2.9146811565102524e-05,2.9146811565102524e-05,2.8785479057293932e-05,2.4254241750042577e-05,7.382266753028803e-06,4.874826818832798e-07,2.4187206433114984e-08]",101,,True
"[1.2545357165182337e-05,1.45657192470864e-05,1.6907761171242653e-05,9.826630456324066e-06,1.921762535551753e-05,6.828605176922894e-06,1.2086456026776417e-07,1.3937466305021075e-09]",Bcc3,"[-1.2545357165182337e-05,-1.45657192470864e-05,-1.6902648510832907e-05,-9.857969523873142e-06,-1.813977833029137e-05,-5.5929956715495725e-06,8.840036741127084e-09,2.6552376221632317e-09]","[0.0,0.0,0.0,0.0,0.0,0.0,0.0,0.0]","[0.0,0.0,5.112660409746191e-09,-3.1339067549075944e-08,1.0778470252261628e-06,1.2356095053733219e-06,1.2970459700889125e-07,4.048984252665339e-09]",3.4175178136882595e-05,True,"{""inner"":1.3555538206134368e-05,""middle"":1.3195155540001785e-05,""outer"":6.112915344913314e-08}","[2.9146811565102524e-05,2.9146811565102524e-05,2.9141698904692778e-05,2.8816818124843008e-05,2.3176394724816414e-05,6.146657247655481e-06,3.577780848743885e-07,2.0138222180449645e-08]",frozen_rollout_saved_statistics,fno_plain,"[1.6601454399920187e-05,1.4581092318016124e-05,1.2239050393859869e-05,1.8958848600969866e-05,5.0366163945250445e-06,5.536615761059089e-07,3.666181216155156e-07,2.2793459802612877e-08]",1.6450936182381298e-06,-19.77400201301838,False,canonical_oracle,20.77400201301838,False,0.375,100,10,"[2.9146811565102524e-05,2.9146811565102524e-05,2.9146811565102524e-05,2.8785479057293932e-05,2.4254241750042577e-05,7.382266753028803e-06,4.874826818832798e-07,2.4187206433114984e-08]",101,-0.4781409710002942,False
"[1.1305838851152468e-05,1.218296664622198e-05,1.6683641475305765e-05,2.030494374953425e-05,1.753251303391878e-05,4.825371469149532e-06,3.866539380597822e-06,2.9502018657207484e-06]",Bcc3,"[-1.1305838851152468e-05,-1.218296664622198e-05,-1.667852881489602e-05,-2.0336282817083327e-05,-1.645466600869262e-05,-3.5897619637762105e-06,3.996243977606713e-06,2.954250849973414e-06]","[0.0,0.0,0.0,0.0,0.0,0.0,0.0,0.0]","[0.0,0.0,5.112660409746191e-09,-3.1339067549075944e-08,1.0778470252261628e-06,1.2356095053733219e-06,1.2970459700889125e-07,4.048984252665339e-09]",3.634842971724513e-05,True,"{""inner"":1.1744402748687224e-05,""middle"":1.4836617431977082e-05,""outer"":3.408370623159285e-06}","[2.9146811565102524e-05,2.9146811565102524e-05,2.9141698904692778e-05,2.8816818124843008e-05,2.3176394724816414e-05,6.146657247655481e-06,3.577780848743885e-07,2.0138222180449645e-08]",frozen_rollout_saved_statistics,fno_full,"[1.7840972713950055e-05,1.6963844918880544e-05,1.246317008979676e-05,8.480535307759682e-06,6.721728716123796e-06,2.5568952838792706e-06,4.354022062481102e-06,2.9743890721538636e-06]",1.6450936182381298e-06,-21.095052411773224,False,canonical_oracle,22.095052411773224,False,0.375,100,10,"[2.9146811565102524e-05,2.9146811565102524e-05,2.9146811565102524e-05,2.8785479057293932e-05,2.4254241750042577e-05,7.382266753028803e-06,4.874826818832798e-07,2.4187206433114984e-08]",101,-0.35882362982245924,False
"[2.7486754698363944e-05,2.5095724424467112e-05,2.1020394656901792e-05,1.860052405122831e-05,2.0721543724556627e-05,7.044109398582294e-06,1.0876165945538557e-07,5.6222814232711066e-08]",Bcc3,"[-2.7486754698363944e-05,-2.5095724424467112e-05,-2.1015281996492046e-05,-1.8631863118777386e-05,-1.9643696699330464e-05,-5.808499893208972e-06,2.0942937553505684e-08,6.027179848537641e-08]","[0.0,0.0,0.0,0.0,0.0,0.0,0.0,0.0]","[0.0,0.0,5.112660409746191e-09,-3.1339067549075944e-08,1.0778470252261628e-06,1.2356095053733219e-06,1.2970459700889125e-07,4.048984252665339e-09]",5.149922714371907e-05,True,"{""inner"":2.6291239561415528e-05,""middle"":1.6846642957817258e-05,""outer"":8.249223684404832e-08}","[2.9146811565102524e-05,2.9146811565102524e-05,2.9141698904692778e-05,2.8816818124843008e-05,2.3176394724816414e-05,6.146657247655481e-06,3.577780848743885e-07,2.0138222180449645e-08]",frozen_rollout_saved_statistics,localno_plain,"[1.6600568667385806e-06,4.051087140635413e-06,8.126416908200731e-06,1.0184955006065622e-05,3.532698025485949e-06,3.3815735444650854e-07,3.787210224278942e-07,8.041002066582605e-08]",1.6450936182381298e-06,-30.304739482774213,False,canonical_oracle,31.304739482774213,False,0.375,100,10,"[2.9146811565102524e-05,2.9146811565102524e-05,2.9146811565102524e-05,2.8785479057293932e-05,2.4254241750042577e-05,7.382266753028803e-06,4.874826818832798e-07,2.4187206433114984e-08]",101,-0.33265388038143495,False
"[1.586268466856552,0.13041772174828914,0.014626147607067486,0.004600141622062237,0.009335676469166498,0.0006636994841868679,0.0005554174301332995,0.00011033680884178082]",rho,"[0.0,0.0,0.0,0.0,0.0,0.0,0.0,0.0]","[0.0,0.0,0.0,0.0,0.0,0.0,0.0,0.0]","[-1.586268466856552,0.13041772174828914,0.014626147607067486,-0.004600141622062237,0.009335676469166498,0.0006636994841868679,-0.0005554174301332995,0.00011033680884178082]",1.5917221593610777,True,"{""inner"":0.8583430943024206,""middle"":0.007306416295620772,""outer"":0.0003328771194875402}","[107.27401305620921,13.061580472089894,1.6567352314514117,0.2567829789579291,0.04885536960601106,0.020643521695520802,0.05925761129833757,0.046758288076568046]",computed_canonical_persistence,persistence,"[107.27401305620921,13.061580472089894,1.6567352314514117,0.2567829789579291,0.04885536960601106,0.020643521695520802,0.05925761129833757,0.046758288076568046]",1.5917221593610777,0.0,False,canonical_oracle,1.0,False,0.0,100,10,"[105.68774458935266,13.191998193838183,1.6713613790584791,0.2521828373358669,0.05819104607517756,0.02130722117970767,0.05870219386820427,0.046868624885409826]",101,,True
"[105.6877439468279,13.191997399091285,1.6713586583276805,0.2521585504585178,0.05818457687356518,0.02092213669706685,0.048103741780853325,0.005510303230747894]",rho,"[-107.27401241368445,-13.061579677342996,-1.656732510720613,-0.25675869208058005,-0.04884890040439868,-0.02025843721287998,-0.048659159210986624,-0.005399966421906113]","[0.0,0.0,0.0,0.0,0.0,0.0,0.0,0.0]","[-1.586268466856552,0.13041772174828914,0.014626147607067486,-0.004600141622062237,0.009335676469166498,0.0006636994841868679,-0.0005554174301332995,0.00011033680884178082]",106.52131808779608,True,"{""inner"":59.439870672959586,""middle"":0.5006559805892076,""outer"":0.02680702250580061}","[107.27401305620921,13.061580472089894,1.6567352314514117,0.2567829789579291,0.04885536960601106,0.020643521695520802,0.05925761129833757,0.046758288076568046]",frozen_rollout_saved_statistics,fno_plain,"[6.42524772660759e-07,7.947468979790721e-07,2.720730798679279e-06,2.4286877349084426e-05,6.4692016123814276e-06,0.0003850844826408204,0.010598452087350949,0.04135832165466193]",1.5917221593610777,-65.92205512207863,False,canonical_oracle,66.92205512207863,False,0.375,100,10,"[105.68774458935266,13.191998193838183,1.6713613790584791,0.2521828373358669,0.05819104607517756,0.02130722117970767,0.05870219386820427,0.046868624885409826]",101,0.9791098185691447,False
"[105.68712860085259,13.191922127943098,1.6712962990280067,0.25216760298508223,0.05818473768396454,0.021289234520235945,0.058615037032966,0.042827478596851785]",rho,"[-107.27339706770914,-13.061504406194809,-1.6566701514209392,-0.25676774460714447,-0.04884906121479804,-0.020625535036049077,-0.0591704544630993,-0.042717141788010005]","[0.0,0.0,0.0,0.0,0.0,0.0,0.0,0.0]","[-1.586268466856552,0.13041772174828914,0.014626147607067486,-0.004600141622062237,0.009335676469166498,0.0006636994841868679,-0.0005554174301332995,0.00011033680884178082]",106.52071108358554,True,"{""inner"":59.439525364397845,""middle"":0.5007344685543224,""outer"":0.050721257814908896}","[107.27401305620921,13.061580472089894,1.6567352314514117,0.2567829789579291,0.04885536960601106,0.020643521695520802,0.05925761129833757,0.046758288076568046]",frozen_rollout_saved_statistics,fno_full,"[0.0006159885000796523,7.606589508459424e-05,6.508003047241644e-05,1.5234350784629929e-05,6.308391213026785e-06,1.7986659471726543e-05,8.715683523827292e-05,0.0040411462885580444]",1.5917221593610777,-65.92167377147233,False,canonical_oracle,66.92167377147233,False,0.375,100,10,"[105.68774458935266,13.191998193838183,1.6713613790584791,0.2521828373358669,0.05819104607517756,0.02130722117970767,0.05870219386820427,0.046868624885409826]",101,0.9791097162750436,False
"[105.68771903289594,13.191988612870768,1.6700117971618236,0.22459353079983874,0.053279738269276095,0.02129891692785822,0.058676852972521384,0.04686615992070569]",rho,"[-107.2739874997525,-13.061570891122479,-1.655385649554756,-0.22919367242190097,-0.043944061800109596,-0.02063521744367135,-0.059232270402654684,-0.04675582311186391]","[0.0,0.0,0.0,0.0,0.0,0.0,0.0,0.0]","[-1.586268466856552,0.13041772174828914,0.014626147607067486,-0.004600141622062237,0.009335676469166498,0.0006636994841868679,-0.0005554174301332995,0.00011033680884178082]",106.52122244595017,True,"{""inner"":59.43985382288336,""middle"":0.4922959957896991,""outer"":0.052771506446613534}","[107.27401305620921,13.061580472089894,1.6567352314514117,0.2567829789579291,0.04885536960601106,0.020643521695520802,0.05925761129833757,0.046758288076568046]",frozen_rollout_saved_statistics,localno_plain,"[2.5556456720926663e-05,9.580967415660853e-06,0.001349581896655639,0.027589306536028157,0.004911307805901469,8.304251849449992e-06,2.534089568288583e-05,2.4649647041393284e-06]",1.5917221593610777,-65.92199503505569,False,canonical_oracle,66.92199503505569,False,0.375,100,10,"[105.68774458935266,13.191998193838183,1.6713613790584791,0.2521828373358669,0.05819104607517756,0.02130722117970767,0.05870219386820427,0.046868624885409826]",101,0.9791101074687335,False
"[0.2847624392401751,0.002088582936783174,1.8356404335380687e-06,7.577978491392707e-07,1.9765700286042445e-07,1.4846972478217257e-09,1.0879480465627638e-09,1.8001951994590228e-10]",press,"[0.0,0.0,0.0,0.0,0.0,0.0,0.0,0.0]","[0.0,0.0,0.0,0.0,0.0,0.0,0.0,0.0]","[0.2847624392401751,0.002088582936783174,-1.8356404335380687e-06,-7.577978491392707e-07,1.9765700286042445e-07,1.4846972478217257e-09,-1.0879480465627638e-09,1.8001951994590228e-10]",0.2847700984736304,True,"{""inner"":0.14342551108847912,""middle"":6.981449956963964e-07,""outer"":6.339837832543331e-10}","[2.013098424626086,0.019060314201573163,0.00032943478983758355,1.0499864630907059e-05,4.949855710895983e-07,3.811050352663729e-08,8.364429259980119e-08,6.085414705768129e-08]",computed_canonical_persistence,persistence,"[2.013098424626086,0.019060314201573163,0.00032943478983758355,1.0499864630907059e-05,4.949855710895983e-07,3.811050352663729e-08,8.364429259980119e-08,6.085414705768129e-08]",0.2847700984736304,0.0,False,canonical_oracle,1.0,False,0.0,100,10,"[2.297860863866261,0.021148897138356337,0.0003275991494040455,9.742066781767788e-06,6.926425739500227e-07,3.9595200774459015e-08,8.255634455323842e-08,6.103416657762719e-08]",101,,True
"[2.2978598274687174,0.021148228785624827,0.00032609229082895586,8.480737879217068e-06,6.583139378311993e-07,3.8641682943736106e-08,7.431140007718269e-08,5.180395993968144e-08]",press,"[-2.0130973882285423,-0.019059645848841653,-0.0003279279312624939,-9.238535728356339e-06,-4.6065693497077487e-07,-3.715698569591438e-08,-7.539934812374546e-08,-5.162394041973554e-08]","[0.0,0.0,0.0,0.0,0.0,0.0,0.0,0.0]","[0.2847624392401751,0.002088582936783174,-1.8356404335380687e-06,-7.577978491392707e-07,1.9765700286042445e-07,1.4846972478217257e-09,-1.0879480465627638e-09,1.8001951994590228e-10]",2.297957166851437,True,"{""inner"":1.1595040281271711,""middle"":8.381749608223698e-05,""outer"":6.305768000843207e-08}","[2.013098424626086,0.019060314201573163,0.00032943478983758355,1.0499864630907059e-05,4.949855710895983e-07,3.811050352663729e-08,8.364429259980119e-08,6.085414705768129e-08]",frozen_rollout_saved_statistics,fno_plain,"[1.0363975437305232e-06,6.683527315092919e-07,1.5068585750896221e-06,1.2613289025507196e-06,3.4328636118823435e-08,9.535178307229098e-10,8.244944476055728e-09,9.230206637945756e-09]",0.2847700984736304,-7.069517056630955,False,canonical_oracle,8.069517056630955,False,0.375,100,10,"[2.297860863866261,0.021148897138356337,0.0003275991494040455,9.742066781767788e-06,6.926425739500227e-07,3.9595200774459015e-08,8.255634455323842e-08,6.103416657762719e-08]",101,-0.9999977103769627,False
"[2.297853202367359,0.021148437824030756,0.00032720869797606714,9.59341905519201e-06,6.555148590770966e-07,1.0011777431144327e-07,4.885503965230008e-06,8.978450432571503e-07]",press,"[-2.0130907631271837,-0.019059854887247582,-0.0003290443384096052,-1.0351216904331281e-05,-4.5785785621667225e-07,1.0160247155926499e-07,4.8844160171834455e-06,8.980250627770963e-07]","[0.0,0.0,0.0,0.0,0.0,0.0,0.0,0.0]","[0.2847624392401751,0.002088582936783174,-1.8356404335380687e-06,-7.577978491392707e-07,1.9765700286042445e-07,1.4846972478217257e-09,-1.0879480465627638e-09,1.8001951994590228e-10]",2.297950544122959,True,"{""inner"":1.1595008200956949,""middle"":8.438943741616192e-05,""outer"":2.891674504243579e-06}","[2.013098424626086,0.019060314201573163,0.00032943478983758355,1.0499864630907059e-05,4.949855710895983e-07,3.811050352663729e-08,8.364429259980119e-08,6.085414705768129e-08]",frozen_rollout_saved_statistics,fno_full,"[7.66149890234743e-06,4.5931432558056863e-07,3.904514279783602e-07,1.4864772657577851e-07,3.712771487292602e-08,1.397129750859023e-07,4.968060309783247e-06,9.588792098347776e-07]",0.2847700984736304,-7.069493800226882,False,canonical_oracle,8.069493800226882,False,0.5,100,10,"[2.297860863866261,0.021148897138356337,0.0003275991494040455,9.742066781767788e-06,6.926425739500227e-07,3.9595200774459015e-08,8.255634455323842e-08,6.103416657762719e-08]",101,-0.9999977099876584,False
"[2.297860006717005,0.021148797093099865,0.0003274718393409913,9.390630428394826e-06,6.022528076519414e-07,3.6903272124345856e-08,7.696027993096435e-08,6.01619144612245e-08]",press,"[-2.01309756747683,-0.01906021415631669,-0.0003293074797745294,-1.0148428277534097e-05,-4.0459580479151696e-07,-3.541857487652413e-08,-7.804822797752711e-08,-5.99818949412786e-08]","[0.0,0.0,0.0,0.0,0.0,0.0,0.0,0.0]","[0.2847624392401751,0.002088582936783174,-1.8356404335380687e-06,-7.577978491392707e-07,1.9765700286042445e-07,1.4846972478217257e-09,-1.0879480465627638e-09,1.8001951994590228e-10]",2.2979573515220695,True,"{""inner"":1.1595044019050524,""middle"":8.43754064622906e-05,""outer"":6.856109719609442e-08}","[2.013098424626086,0.019060314201573163,0.00032943478983758355,1.0499864630907059e-05,4.949855710895983e-07,3.811050352663729e-08,8.364429259980119e-08,6.085414705768129e-08]",frozen_rollout_saved_statistics,localno_plain,"[8.571492558996806e-07,1.0004525647174741e-07,1.273100630541794e-07,3.5143635337296203e-07,9.038976629808135e-08,2.6919286501131577e-09,5.596064622274078e-09,8.72252116402688e-10]",0.2847700984736304,-7.069517705121205,False,canonical_oracle,8.069517705121205,False,0.375,100,10,"[2.297860863866261,0.021148897138356337,0.0003275991494040455,9.742066781767788e-06,6.926425739500227e-07,3.9595200774459015e-08,8.255634455323842e-08,6.103416657762719e-08]",101,-0.9999977096569019,False
"[0.001707574319756766,0.003358155474686021,0.007076438659752542,0.007132195407130046,0.036335982683052936,0.07208054307684125,0.05713345816662388,0.0060882589914518365]",vel1,"[0.0,0.0,0.0,0.0,0.0,0.0,0.0,0.0]","[0.0,0.0,0.0,0.0,0.0,0.0,0.0,0.0]","[-0.001707574319756766,0.003358155474686021,0.007076438659752542,0.007132195407130046,-0.036335982683052936,0.07208054307684125,0.05713345816662388,0.0060882589914518365]",0.09966114830313881,True,"{""inner"":0.0025328648972213937,""middle"":0.030656289956694192,""outer"":0.03161085857903786}","[0.1604266345734201,0.056797586513974645,0.05428773607414461,0.06459144736066753,0.15070766378568776,0.34307299614210274,0.14696471395836452,0.05410876041353831]",computed_canonical_persistence,persistence,"[0.1604266345734201,0.056797586513974645,0.05428773607414461,0.06459144736066753,0.15070766378568776,0.34307299614210274,0.14696471395836452,0.05410876041353831]",0.09966114830313881,0.0,False,canonical_oracle,1.0,False,0.0,100,10,"[0.15871906025366334,0.060155741988660666,0.06136417473389715,0.07172364276779758,0.11437168110263482,0.415153539218944,0.2040981721249884,0.06019701940499014]",101,,True
"[0.1456608906245459,0.05490199326616409,0.05531332090683468,0.06602290665395281,0.10165236663423302,0.39069906077778194,0.17872317687296108,0.05088459093462801]",vel1,"[-0.14736846494430267,-0.051543837791478066,-0.04823688224708214,-0.05889071124682277,-0.13798834931728596,-0.3186185177009407,-0.12158971870633721,-0.04479633194317617]","[0.0,0.0,0.0,0.0,0.0,0.0,0.0,0.0]","[-0.001707574319756766,0.003358155474686021,0.007076438659752542,0.007132195407130046,-0.036335982683052936,0.07208054307684125,0.05713345816662388,0.0060882589914518365]",0.4787066814616676,True,"{""inner"":0.10028144194535499,""middle"":0.1534219137432006,""outer"":0.11480388390379453}","[0.1604266345734201,0.056797586513974645,0.05428773607414461,0.06459144736066753,0.15070766378568776,0.34307299614210274,0.14696471395836452,0.05410876041353831]",frozen_rollout_saved_statistics,fno_plain,"[0.013058169629117444,0.005253748722496577,0.0060508538270624655,0.0057007361138447675,0.012719314468401787,0.024454478441162057,0.02537499525202731,0.009312428470362132]",0.09966114830313881,-3.8033430239594264,False,canonical_oracle,4.803343023959426,False,0.25,100,10,"[0.15871906025366334,0.060155741988660666,0.06136417473389715,0.07172364276779758,0.11437168110263482,0.415153539218944,0.2040981721249884,0.06019701940499014]",101,-0.6338424105285779,False
"[0.145037347194681,0.05390677922739271,0.05490040555675996,0.06363046188800553,0.1059964620641547,0.38630608409026473,0.17086766479336757,0.029392215993670194]",vel1,"[-0.14674492151443777,-0.05054862375270669,-0.047823966897007415,-0.05649826648087548,-0.14233244474720763,-0.3142255410134235,-0.11373420662674369,-0.023303957002218358]","[0.0,0.0,0.0,0.0,0.0,0.0,0.0,0.0]","[-0.001707574319756766,0.003358155474686021,0.007076438659752542,0.007132195407130046,-0.036335982683052936,0.07208054307684125,0.05713345816662388,0.0060882589914518365]",0.4706718229791843,True,"{""inner"":0.09947206321103685,""middle"":0.15270835339979622,""outer"":0.10012994039351888}","[0.1604266345734201,0.056797586513974645,0.05428773607414461,0.06459144736066753,0.15070766378568776,0.34307299614210274,0.14696471395836452,0.05410876041353831]",frozen_rollout_saved_statistics,fno_full,"[0.01368171305898232,0.006248962761267954,0.006463769177137197,0.008093180879792059,0.008375219038480118,0.028847455128679252,0.03323050733162083,0.03080480341131995]",0.09966114830313881,-3.722721250888503,False,canonical_oracle,4.722721250888503,False,0.25,100,10,"[0.15871906025366334,0.060155741988660666,0.06136417473389715,0.07172364276779758,0.11437168110263482,0.415153539218944,0.2040981721249884,0.06019701940499014]",101,-0.6176306419005033,False
"[0.1443022381648271,0.04986288951523921,0.04819706487809657,0.05495833232669918,0.10544008549766778,0.4097796559197042,0.1980634920639213,0.04261557884937742]",vel1,"[-0.14600981248458386,-0.04650473404055319,-0.04112062621834403,-0.047826136919569134,-0.14177606818072072,-0.33769911284286297,-0.1409300338972974,-0.03652731985792558]","[0.0,0.0,0.0,0.0,0.0,0.0,0.0,0.0]","[-0.001707574319756766,0.003358155474686021,0.007076438659752542,0.007132195407130046,-0.036335982683052936,0.07208054307684125,0.05713345816662388,0.0060882589914518365]",0.4987334273234871,True,"{""inner"":0.09708256384003315,""middle"":0.15459378465554194,""outer"":0.12033953545664935}","[0.1604266345734201,0.056797586513974645,0.05428773607414461,0.06459144736066753,0.15070766378568776,0.34307299614210274,0.14696471395836452,0.05410876041353831]",frozen_rollout_saved_statistics,localno_plain,"[0.014416822088836247,0.010292852473421453,0.01316710985580058,0.016765310441098396,0.008931595604967035,0.00537388329923977,0.006034680061067117,0.017581440555612726]",0.09966114830313881,-4.004291399558152,False,canonical_oracle,5.004291399558152,False,0.25,100,10,"[0.15871906025366334,0.060155741988660666,0.06136417473389715,0.07172364276779758,0.11437168110263482,0.415153539218944,0.2040981721249884,0.06019701940499014]",101,-0.6571984053337183,False
"[2.3607443902144785e-06,1.4125019050441974e-07,3.0029630588569825e-06,6.131047177011239e-06,1.0297042222059097e-05,4.6100840944042264e-07,1.7551873532861023e-07,6.228232047363319e-11]",vel2,"[0.0,0.0,0.0,0.0,0.0,0.0,0.0,0.0]","[0.0,0.0,0.0,0.0,0.0,0.0,0.0,0.0]","[-2.3607443902144785e-06,1.4125019050441974e-07,3.0029630588569825e-06,6.131047177011239e-06,1.0297042222059097e-05,-4.6100840944042264e-07,1.7551873532861023e-07,-6.228232047363319e-11]",1.2588606214296196e-05,True,"{""inner"":1.2509972903594491e-06,""middle"":4.973015216841935e-06,""outer"":8.779050882454193e-08}","[0.0005312369940111486,1.6409931440072985e-05,7.276271584350777e-05,0.00010669025173073078,2.927773075056067e-05,3.8046021349518743e-06,2.12796826075757e-07,1.6414240809988326e-08]",computed_canonical_persistence,persistence,"[0.0005312369940111486,1.6409931440072985e-05,7.276271584350777e-05,0.00010669025173073078,2.927773075056067e-05,3.8046021349518743e-06,2.12796826075757e-07,1.6414240809988326e-08]",1.2588606214296196e-05,0.0,False,canonical_oracle,1.0,False,0.0,100,10,"[0.0005288762496209341,1.6551181630577404e-05,7.576567890236475e-05,0.00011282129890774202,3.957477297261977e-05,3.3435937255114517e-06,3.8831556140436725e-07,1.6351958489514693e-08]",101,,True
"[0.00017154136627293986,9.399625278394719e-05,1.1634732159935955e-05,9.843180378998521e-05,2.9337927433821673e-05,2.214453338442584e-06,2.2919213159675445e-06,3.128619553447245e-07]",vel2,"[-0.00017390211066315434,9.413750297445161e-05,-8.631769101078972e-06,-9.230075661297397e-05,-1.9040885211762575e-05,-2.6754617478830067e-06,2.467440051296155e-06,3.127996730242509e-07]","[0.0,0.0,0.0,0.0,0.0,0.0,0.0,0.0]","[-2.3607443902144785e-06,1.4125019050441974e-07,3.0029630588569825e-06,6.131047177011239e-06,1.0297042222059097e-05,-4.6100840944042264e-07,1.7551873532861023e-07,-6.228232047363319e-11]",0.00022126204248721973,True,"{""inner"":0.00013276880952844353,""middle"":3.5404729180546356e-05,""outer"":1.3023916356561344e-06}","[0.0005312369940111486,1.6409931440072985e-05,7.276271584350777e-05,0.00010669025173073078,2.927773075056067e-05,3.8046021349518743e-06,2.12796826075757e-07,1.6414240809988326e-08]",frozen_rollout_saved_statistics,fno_plain,"[0.00035733488334799426,0.00011054743441452459,6.41309467424288e-05,1.438949511775681e-05,1.0236845538798095e-05,1.1291403870688674e-06,2.680236877371912e-06,3.2921391383423923e-07]",1.2588606214296196e-05,-16.576373326853645,False,canonical_oracle,17.576373326853645,False,0.5,100,10,"[0.0005288762496209341,1.6551181630577404e-05,7.576567890236475e-05,0.00011282129890774202,3.957477297261977e-05,3.3435937255114517e-06,3.8831556140436725e-07,1.6351958489514693e-08]",101,-0.13129191203825546,False
"[2.997219215722239e-05,0.0001283581774419339,0.000232653697198595,4.519678279131314e-05,1.696925781908209e-05,3.049347789173941e-05,0.00026545078711056794,7.001464682097116e-05]",vel2,"[2.761144776700791e-05,0.0001284994276324383,0.000235656660257452,-3.90657356143019e-05,2.7266300041141187e-05,3.0032469482298987e-05,0.00026562630584589655,7.001458453865069e-05]","[0.0,0.0,0.0,0.0,0.0,0.0,0.0,0.0]","[-2.3607443902144785e-06,1.4125019050441974e-07,3.0029630588569825e-06,6.131047177011239e-06,1.0297042222059097e-05,-4.6100840944042264e-07,1.7551873532861023e-07,-6.228232047363319e-11]",0.00038746435328393115,True,"{""inner"":7.916518479957814e-05,""middle"":8.13283039251824e-05,""outer"":0.00016773271696576955}","[0.0005312369940111486,1.6409931440072985e-05,7.276271584350777e-05,0.00010669025173073078,2.927773075056067e-05,3.8046021349518743e-06,2.12796826075757e-07,1.6414240809988326e-08]",frozen_rollout_saved_statistics,fno_full,"[0.0005588484417781565,0.00014490935907251129,0.00030841937610095977,6.762451611642888e-05,5.6544030791701856e-05,3.383707161725086e-05,0.0002658391026719723,7.003099877946067e-05]",1.2588606214296196e-05,-29.778971610368504,False,canonical_oracle,30.778971610368504,False,0.5,100,10,"[0.0005288762496209341,1.6551181630577404e-05,7.576567890236475e-05,0.00011282129890774202,3.957477297261977e-05,3.3435937255114517e-06,3.8831556140436725e-07,1.6351958489514693e-08]",101,0.14996402981293308,False
"[0.0004646107372445663,9.927241193493043e-06,2.708863893764419e-05,0.00010462807549648175,3.454755503830542e-05,1.431023499700853e-06,5.146347267248724e-06,4.760964967129892e-06]",vel2,"[-0.0004669714816347808,1.0068491383997463e-05,-2.4085675878787207e-05,-9.849702831947051e-05,-2.4250512816246326e-05,-1.8920319091412756e-06,5.321866002577334e-06,4.760902684809418e-06]","[0.0,0.0,0.0,0.0,0.0,0.0,0.0,0.0]","[-2.3607443902144785e-06,1.4125019050441974e-07,3.0029630588569825e-06,6.131047177011239e-06,1.0297042222059097e-05,-4.6100840944042264e-07,1.7551873532861023e-07,-6.228232047363319e-11]",0.00047842162251223504,True,"{""inner"":0.00023726898921902967,""middle"":4.1923823243033054e-05,""outer"":4.953656117189308e-06}","[0.0005312369940111486,1.6409931440072985e-05,7.276271584350777e-05,0.00010669025173073078,2.927773075056067e-05,3.8046021349518743e-06,2.12796826075757e-07,1.6414240809988326e-08]",frozen_rollout_saved_statistics,localno_plain,"[6.426551237636782e-05,2.6478422824070447e-05,4.867703996472056e-05,8.193223411260272e-06,5.027217934314344e-06,1.9125702258105987e-06,5.534662828653091e-06,4.777316925619407e-06]",1.2588606214296196e-05,-37.00433617257148,False,canonical_oracle,38.00433617257148,False,0.5,100,10,"[0.0005288762496209341,1.6551181630577404e-05,7.576567890236475e-05,0.00011282129890774202,3.957477297261977e-05,3.3435937255114517e-06,3.8831556140436725e-07,1.6351958489514693e-08]",101,0.02982449154242507,False
"[0.0,0.0,4.63761307145118e-06,5.368738819493601e-06,2.916734549537241e-06,1.190438251949511e-05,2.849570580462738e-05,3.491290246389488e-06]",vel3,"[0.0,0.0,0.0,0.0,0.0,0.0,0.0,0.0]","[0.0,0.0,0.0,0.0,0.0,0.0,0.0,0.0]","[0.0,0.0,-4.63761307145118e-06,-5.368738819493601e-06,2.916734549537241e-06,1.190438251949511e-05,2.849570580462738e-05,3.491290246389488e-06]",3.201166712315631e-05,True,"{""inner"":0.0,""middle"":6.206867239994283e-06,""outer"":1.5993498025508434e-05}","[0.0,0.0,0.00012461522646868429,0.0009128880905321368,0.0012688239822839472,0.0009611148834897285,0.00030475987340950297,5.772020347619479e-05]",computed_canonical_persistence,persistence,"[0.0,0.0,0.00012461522646868429,0.0009128880905321368,0.0012688239822839472,0.0009611148834897285,0.00030475987340950297,5.772020347619479e-05]",3.201166712315631e-05,0.0,False,canonical_oracle,1.0,False,0.25,100,10,"[0.0,0.0,0.0001199776133972331,0.0009075193517126432,0.0012717407168334844,0.0009730192660092236,0.00033325557921413035,6.121149372258428e-05]",101,,True
"[0.00041082287991892324,0.0008577447187335477,0.0007763012400487081,0.0005823069696856155,0.0009216161851776537,0.0006574116442848253,0.0002774632871796697,5.8660994499880244e-05]",vel3,"[0.00041082287991892324,0.0008577447187335477,0.0007716636269772569,-0.0005876757085051091,-0.0009186994506281165,-0.0006455072617653301,0.00030595899298429706,-5.5169704253490756e-05]","[0.0,0.0,0.0,0.0,0.0,0.0,0.0,0.0]","[0.0,0.0,-4.63761307145118e-06,-5.368738819493601e-06,2.916734549537241e-06,1.190438251949511e-05,2.849570580462738e-05,3.491290246389488e-06]",0.00179115044433926,True,"{""inner"":0.0006342837993262354,""middle"":0.0007344090097992006,""outer"":0.00016806214083977497}","[0.0,0.0,0.00012461522646868429,0.0009128880905321368,0.0012688239822839472,0.0009611148834897285,0.00030475987340950297,5.772020347619479e-05]",frozen_rollout_saved_statistics,fno_plain,"[0.00041082287991892324,0.0008577447187335477,0.0008962788534459412,0.00032521238202702765,0.0003501245316558308,0.00031560762172439834,0.0006107188663938,2.5504992227040338e-06]",3.201166712315631e-05,-54.9530510375573,False,canonical_oracle,55.9530510375573,False,0.25,100,10,"[0.0,0.0,0.0001199776133972331,0.0009075193517126432,0.0012717407168334844,0.0009730192660092236,0.00033325557921413035,6.121149372258428e-05]",101,-0.03947876144881769,False
"[0.0011064937234018415,0.0015513693974249954,0.00099588313454079,0.00040573997789223487,0.0005453462876988575,0.0002605583782527613,0.00023624059760606622,0.00010222969927028072]",vel3,"[0.0011064937234018415,0.0015513693974249954,0.0009912455214693388,-0.00041110871671172847,-0.0005424295531493203,-0.0002486539957332662,0.0002647363034106936,0.0001057209895166702]","[0.0,0.0,0.0,0.0,0.0,0.0,0.0,0.0]","[0.0,0.0,-4.63761307145118e-06,-5.368738819493601e-06,2.916734549537241e-06,1.190438251949511e-05,2.849570580462738e-05,3.491290246389488e-06]",0.002284521238218643,True,"{""inner"":0.0013289315604134186,""middle"":0.0005518819445961609,""outer"":0.00016923514843817348}","[0.0,0.0,0.00012461522646868429,0.0009128880905321368,0.0012688239822839472,0.0009611148834897285,0.00030475987340950297,5.772020347619479e-05]",frozen_rollout_saved_statistics,fno_full,"[0.0011064937234018415,0.0015513693974249954,0.0011158607479380231,0.0005017793738204084,0.0007263944291346269,0.0007124608877564624,0.0005694961768201966,0.000163441192992865]",3.201166712315631e-05,-70.36526908859697,False,canonical_oracle,71.36526908859697,False,0.375,100,10,"[0.0,0.0,0.0001199776133972331,0.0009075193517126432,0.0012717407168334844,0.0009730192660092236,0.00033325557921413035,6.121149372258428e-05]",101,0.013411341380559183,False
"[9.131403098450565e-05,0.00018876082356548315,6.081523873520625e-05,0.000551117211771516,0.0007403667167545813,0.0008291081493547859,0.0002544086372395751,5.013827361121933e-05]",vel3,"[9.131403098450565e-05,0.00018876082356548315,5.617762566375507e-05,-0.0005564859505910096,-0.000737449982205044,-0.0008172037668352908,-0.0002259129314349477,-4.664698336482984e-05]","[0.0,0.0,0.0,0.0,0.0,0.0,0.0,0.0]","[0.0,0.0,-4.63761307145118e-06,-5.368738819493601e-06,2.916734549537241e-06,1.190438251949511e-05,2.849570580462738e-05,3.491290246389488e-06]",0.0012861564348586358,True,"{""inner"":0.00014003742727499439,""middle"":0.0005453518291540224,""outer"":0.0001522734554253972}","[0.0,0.0,0.00012461522646868429,0.0009128880905321368,0.0012688239822839472,0.0009611148834897285,0.00030475987340950297,5.772020347619479e-05]",frozen_rollout_saved_statistics,localno_plain,"[9.131403098450565e-05,0.00018876082356548315,0.00018079285213243936,0.00035640213994112723,0.0005313740000789032,0.0001439111166544378,7.884694197455527e-05,1.1073220111364955e-05]",3.201166712315631e-05,-39.17773988185288,False,canonical_oracle,40.17773988185288,False,0.125,100,10,"[0.0,0.0,0.0001199776133972331,0.0009075193517126432,0.0012717407168334844,0.0009730192660092236,0.00033325557921413035,6.121149372258428e-05]",101,-0.3864219943056799,False
"[1.2833189750998457,0.11577278063195529,0.008510376960381427,0.0003771364751939954,0.0013575515691030774,0.00014822486484593371,5.122048118310168e-06,3.6298357212834653e-08]",Bcc1,"[0.0,0.0,0.0,0.0,0.0,0.0,0.0,0.0]","[0.0,0.0,0.0,0.0,0.0,0.0,0.0,0.0]","[1.2833189750998457,0.11577278063195529,0.008510376960381427,0.0003771364751939954,0.0013575515691030774,0.00014822486484593371,5.122048118310168e-06,3.6298357212834653e-08]",1.2885594135613663,True,"{""inner"":0.6995458778659005,""middle"":0.0025983224673811083,""outer"":2.5791732377615013e-06}","[21.903298294793203,2.267285453045968,0.2379473834815815,0.03169063341411918,0.005907530076279992,0.0004557600763040732,6.229726133847976e-05,1.8385552458303298e-05]",computed_canonical_persistence,persistence,"[21.903298294793203,2.267285453045968,0.2379473834815815,0.03169063341411918,0.005907530076279992,0.0004557600763040732,6.229726133847976e-05,1.8385552458303298e-05]",1.2885594135613663,0.0,False,canonical_oracle,1.0,False,0.0,101,11,"[23.18661726989305,2.3830582336779234,0.24645776044196294,0.032067769889313175,0.0072650816453830695,0.0006039849411500069,6.741930945678993e-05,1.8421850815516132e-05]",102,,True
"[3.4570358239104006e-05,3.6730628720752444e-05,3.3443417791192956e-07,3.9313381364928743e-07,2.008122270739656e-07,1.6084779803050166e-08,1.0681444570242856e-10,9.810371019365724e-13]",Bcc2,"[0.0,0.0,0.0,0.0,0.0,0.0,0.0,0.0]","[0.0,0.0,0.0,0.0,0.0,0.0,0.0,0.0]","[-3.4570358239104006e-05,3.6730628720752444e-05,-3.3443417791192956e-07,-3.9313381364928743e-07,2.008122270739656e-07,1.6084779803050166e-08,1.0681444570242856e-10,9.810371019365724e-13]",5.044358967895361e-05,True,"{""inner"":3.5650493479928225e-05,""middle"":2.3611624960955818e-07,""outer"":5.3897741402182565e-11}","[0.0026021502762261584,0.0005006908408500704,2.1506078253790347e-05,3.968803324699769e-06,4.139073022428597e-07,2.464735340421295e-08,1.832785761590345e-09,1.7313256495869515e-10]",computed_canonical_persistence,persistence,"[0.0026021502762261584,0.0005006908408500704,2.1506078253790347e-05,3.968803324699769e-06,4.139073022428597e-07,2.464735340421295e-08,1.832785761590345e-09,1.7313256495869515e-10]",5.044358967895361e-05,0.0,False,canonical_oracle,1.0,False,0.0,101,11,"[0.0025675799179870544,0.0005374214695708228,2.1171644075878417e-05,3.575669511050482e-06,6.147195293168253e-07,4.0732133207263115e-08,1.9396002072927736e-09,1.7411360206063172e-10]",102,,True
"[0.0,0.0,0.0,2.9599024181260346e-08,2.9874627846986754e-07,1.2260480542384769e-06,2.922281634243505e-07,4.986539937265735e-09]",Bcc3,"[0.0,0.0,0.0,0.0,0.0,0.0,0.0,0.0]","[0.0,0.0,0.0,0.0,0.0,0.0,0.0,0.0]","[0.0,0.0,0.0,-2.9599024181260346e-08,2.9874627846986754e-07,1.2260480542384769e-06,2.922281634243505e-07,4.986539937265735e-09]",1.2956625477001906e-06,True,"{""inner"":0.0,""middle"":3.885983392224012e-07,""outer"":1.486073516808081e-07}","[2.9146811565102524e-05,2.9146811565102524e-05,2.9146811565102524e-05,2.8785479057293932e-05,2.4254241750042577e-05,7.382266753028803e-06,4.874826818832798e-07,2.4187206433114984e-08]",computed_canonical_persistence,persistence,"[2.9146811565102524e-05,2.9146811565102524e-05,2.9146811565102524e-05,2.8785479057293932e-05,2.4254241750042577e-05,7.382266753028803e-06,4.874826818832798e-07,2.4187206433114984e-08]",1.2956625477001906e-06,0.0,False,canonical_oracle,1.0,False,0.375,101,11,"[2.9146811565102524e-05,2.9146811565102524e-05,2.9146811565102524e-05,2.875588003311267e-05,2.4552988028512444e-05,8.60831480726728e-06,7.797108453076303e-07,2.917374637038072e-08]",102,,True
"[3.6365519057818005,0.03888038705394514,0.033572373658466326,0.009440789691859075,0.008432022646271874,0.0006463077291199645,0.0005442578056437594,0.00010246072393804706]",rho,"[0.0,0.0,0.0,0.0,0.0,0.0,0.0,0.0]","[0.0,0.0,0.0,0.0,0.0,0.0,0.0,0.0]","[-3.6365519057818005,0.03888038705394514,0.033572373658466326,0.009440789691859075,0.008432022646271874,0.0006463077291199645,-0.0005442578056437594,0.00010246072393804706]",3.6369368298281075,True,"{""inner"":1.8377161464178728,""middle"":0.01302287343142931,""outer"":0.00032335926479090324}","[105.68774458935266,13.191998193838183,1.6713613790584791,0.2521828373358669,0.05819104607517756,0.02130722117970767,0.05870219386820427,0.046868624885409826]",computed_canonical_persistence,persistence,"[105.68774458935266,13.191998193838183,1.6713613790584791,0.2521828373358669,0.05819104607517756,0.02130722117970767,0.05870219386820427,0.046868624885409826]",3.6369368298281075,0.0,False,canonical_oracle,1.0,False,0.0,101,11,"[102.05119268357086,13.230878580892128,1.7049337527169455,0.26162362702772596,0.06662306872144944,0.021953528908827635,0.05815793606256051,0.04697108560934787]",102,,True
"[0.27974364762372783,0.0020531276721586673,9.384201033048475e-06,8.452759465119424e-07,1.311451622481288e-07,3.030688282007532e-09,1.098704809650697e-09,1.6315864708134746e-10]",press,"[0.0,0.0,0.0,0.0,0.0,0.0,0.0,0.0]","[0.0,0.0,0.0,0.0,0.0,0.0,0.0,0.0]","[0.27974364762372783,0.0020531276721586673,9.384201033048475e-06,8.452759465119424e-07,1.311451622481288e-07,3.030688282007532e-09,-1.098704809650697e-09,1.6315864708134746e-10]",0.27975118195972204,True,"{""inner"":0.14089838764794324,""middle"":2.590913207522638e-06,""outer"":6.309317283660222e-10}","[2.297860863866261,0.021148897138356337,0.0003275991494040455,9.742066781767788e-06,6.926425739500227e-07,3.9595200774459015e-08,8.255634455323842e-08,6.103416657762719e-08]",computed_canonical_persistence,persistence,"[2.297860863866261,0.021148897138356337,0.0003275991494040455,9.742066781767788e-06,6.926425739500227e-07,3.9595200774459015e-08,8.255634455323842e-08,6.103416657762719e-08]",0.27975118195972204,0.0,False,canonical_oracle,1.0,False,0.0,101,11,"[2.577604511489989,0.023202024810515004,0.00033698335043709396,1.058734272827973e-05,8.237877361981515e-07,4.2625889056466547e-08,8.145763974358773e-08,6.119732522470854e-08]",102,,True
"[0.0006020872776561215,0.0026817123293847722,0.008000769504025625,0.014401193216572253,0.025558995750180863,0.017486725912216616,0.09904311589864798,0.007499505426775202]",vel1,"[0.0,0.0,0.0,0.0,0.0,0.0,0.0,0.0]","[0.0,0.0,0.0,0.0,0.0,0.0,0.0,0.0]","[0.0006020872776561215,0.0026817123293847722,0.008000769504025625,0.014401193216572253,-0.025558995750180863,0.017486725912216616,0.09904311589864798,0.007499505426775202]",0.10537452255773727,True,"{""inner"":0.0016418998035204468,""middle"":0.01636192109574884,""outer"":0.05327131066271159}","[0.15871906025366334,0.060155741988660666,0.06136417473389715,0.07172364276779758,0.11437168110263482,0.415153539218944,0.2040981721249884,0.06019701940499014]",computed_canonical_persistence,persistence,"[0.15871906025366334,0.060155741988660666,0.06136417473389715,0.07172364276779758,0.11437168110263482,0.415153539218944,0.2040981721249884,0.06019701940499014]",0.10537452255773727,0.0,False,canonical_oracle,1.0,False,0.0,101,11,"[0.15932114753131946,0.06283745431804544,0.06936494423792278,0.08612483598436983,0.08881268535245396,0.4326402651311606,0.3031412880236364,0.06769652483176535]",102,,True
"[2.3966718179729927e-07,1.0960366000046747e-07,4.535287587727053e-06,1.1367367701713724e-05,9.938070742356192e-06,5.975688460110333e-07,2.908980012194657e-07,9.667096028914046e-10]",vel2,"[0.0,0.0,0.0,0.0,0.0,0.0,0.0,0.0]","[0.0,0.0,0.0,0.0,0.0,0.0,0.0,0.0]","[-2.3966718179729927e-07,-1.0960366000046747e-07,4.535287587727053e-06,1.1367367701713724e-05,9.938070742356192e-06,-5.975688460110333e-07,2.908980012194657e-07,9.667096028914046e-10]",1.5781707654025012e-05,True,"{""inner"":1.7463542089888337e-07,""middle"":6.609573719452001e-06,""outer"":1.4593235541117854e-07}","[0.0005288762496209341,1.6551181630577404e-05,7.576567890236475e-05,0.00011282129890774202,3.957477297261977e-05,3.3435937255114517e-06,3.8831556140436725e-07,1.6351958489514693e-08]",computed_canonical_persistence,persistence,"[0.0005288762496209341,1.6551181630577404e-05,7.576567890236475e-05,0.00011282129890774202,3.957477297261977e-05,3.3435937255114517e-06,3.8831556140436725e-07,1.6351958489514693e-08]",1.5781707654025012e-05,0.0,False,canonical_oracle,1.0,False,0.0,101,11,"[0.0005286365824391368,1.6441577970576937e-05,8.03009664900918e-05,0.00012418866660945574,4.951284371497596e-05,2.7460248795004184e-06,6.792135626238329e-07,1.7318668092406098e-08]",102,,True
"[0.0,0.0,3.9066120071256413e-07,3.607506981656854e-05,2.2505075570436548e-05,1.2112914408514506e-05,3.57368968775274e-05,4.087497922087381e-06]",vel3,"[0.0,0.0,0.0,0.0,0.0,0.0,0.0,0.0]","[0.0,0.0,0.0,0.0,0.0,0.0,0.0,0.0]","[0.0,0.0,-3.9066120071256413e-07,-3.607506981656854e-05,2.2505075570436548e-05,1.2112914408514506e-05,3.57368968775274e-05,4.087497922087381e-06]",5.699647215434646e-05,True,"{""inner"":0.0,""middle"":1.777093024905804e-05,""outer"":1.9912197399807392e-05}","[0.0,0.0,0.0001199776133972331,0.0009075193517126432,0.0012717407168334844,0.0009730192660092236,0.00033325557921413035,6.121149372258428e-05]",computed_canonical_persistence,persistence,"[0.0,0.0,0.0001199776133972331,0.0009075193517126432,0.0012717407168334844,0.0009730192660092236,0.00033325557921413035,6.121149372258428e-05]",5.699647215434646e-05,0.0,False,canonical_oracle,1.0,False,0.25,101,11,"[0.0,0.0,0.00011958695219652054,0.0008714442818960747,0.001294245792403921,0.0009851321804177381,0.00036899247609165775,6.529899164467166e-05]",102,,True
"[1.1708290348243189,0.10704476053017498,0.007636528776812479,0.00012030587142718152,0.0009384364647681692,0.0002756958215363453,7.1017289355072225e-06,5.2383364206179595e-08]",Bcc1,"[0.0,0.0,0.0,0.0,0.0,0.0,0.0,0.0]","[0.0,0.0,0.0,0.0,0.0,0.0,0.0,0.0]","[1.1708290348243189,0.10704476053017498,0.007636528776812479,-0.00012030587142718152,0.0009384364647681692,0.0002756958215363453,7.1017289355072225e-06,5.2383364206179595e-08]",1.175737427026754,True,"{""inner"":0.6389368976772469,""middle"":0.0022427417336360438,""outer"":3.577056149856701e-06}","[23.18661726989305,2.3830582336779234,0.24645776044196294,0.032067769889313175,0.0072650816453830695,0.0006039849411500069,6.741930945678993e-05,1.8421850815516132e-05]",computed_canonical_persistence,persistence,"[23.18661726989305,2.3830582336779234,0.24645776044196294,0.032067769889313175,0.0072650816453830695,0.0006039849411500069,6.741930945678993e-05,1.8421850815516132e-05]",1.175737427026754,0.0,False,canonical_oracle,1.0,False,0.0,102,12,"[24.357446304717367,2.4901029942080983,0.2540942892187754,0.03194746401788599,0.008203518110151239,0.0008796807626863522,7.452103839229715e-05,1.8474234179722312e-05]",103,,True
"[2.0505075581946607e-05,4.793196901874868e-05,5.780140713528817e-07,5.015345133330575e-07,1.5091758763163804e-07,1.4562237383599352e-08,3.5922703992813275e-11,1.0851081924508975e-12]",Bcc2,"[0.0,0.0,0.0,0.0,0.0,0.0,0.0,0.0]","[0.0,0.0,0.0,0.0,0.0,0.0,0.0,0.0]","[-2.0505075581946607e-05,4.793196901874868e-05,-5.780140713528817e-07,-5.015345133330575e-07,1.5091758763163804e-07,1.4562237383599352e-08,-3.5922703992813275e-11,1.0851081924508975e-12]",5.213962412550246e-05,True,"{""inner"":3.421852230034764e-05,""middle"":3.1125710242529415e-07,""outer"":1.8503906092632086e-11}","[0.0025675799179870544,0.0005374214695708228,2.1171644075878417e-05,3.575669511050482e-06,6.147195293168253e-07,4.0732133207263115e-08,1.9396002072927736e-09,1.7411360206063172e-10]",computed_canonical_persistence,persistence,"[0.0025675799179870544,0.0005374214695708228,2.1171644075878417e-05,3.575669511050482e-06,6.147195293168253e-07,4.0732133207263115e-08,1.9396002072927736e-09,1.7411360206063172e-10]",5.213962412550246e-05,0.0,False,canonical_oracle,1.0,False,0.0,102,12,"[0.0025470748424051078,0.0005853534385895715,2.0593630004525535e-05,3.0741349977174243e-06,7.656371169484633e-07,5.529437059086247e-08,1.9036775032999603e-09,1.7519871025308262e-10]",103,,True
"[0.0,0.0,0.0,1.7400020406688156e-08,2.6419254636056563e-08,1.0158432997023666e-06,3.815613176742281e-07,6.2897842747290776e-09]",Bcc3,"[0.0,0.0,0.0,0.0,0.0,0.0,0.0,0.0]","[0.0,0.0,0.0,0.0,0.0,0.0,0.0,0.0]","[0.0,0.0,0.0,-1.7400020406688156e-08,2.6419254636056563e-08,1.0158432997023666e-06,3.815613176742281e-07,6.2897842747290776e-09]",1.0856182329932498e-06,True,"{""inner"":0.0,""middle"":2.6491564368627784e-07,""outer"":1.939255509744786e-07}","[2.9146811565102524e-05,2.9146811565102524e-05,2.9146811565102524e-05,2.875588003311267e-05,2.4552988028512444e-05,8.60831480726728e-06,7.797108453076303e-07,2.917374637038072e-08]",computed_canonical_persistence,persistence,"[2.9146811565102524e-05,2.9146811565102524e-05,2.9146811565102524e-05,2.875588003311267e-05,2.4552988028512444e-05,8.60831480726728e-06,7.797108453076303e-07,2.917374637038072e-08]",1.0856182329932498e-06,0.0,False,canonical_oracle,1.0,False,0.375,102,12,"[2.9146811565102524e-05,2.9146811565102524e-05,2.9146811565102524e-05,2.8738480012705983e-05,2.45794072831485e-05,9.624158106969646e-06,1.1612721629818584e-06,3.54635306451098e-08]",103,,True
"[4.077820368774724,0.30210045259961404,0.04581977447736296,0.005995817936176151,0.00553198715253575,0.0007109389791919198,0.0005339550469422097,9.343067763788876e-05]",rho,"[0.0,0.0,0.0,0.0,0.0,0.0,0.0,0.0]","[0.0,0.0,0.0,0.0,0.0,0.0,0.0,0.0]","[-4.077820368774724,0.30210045259961404,0.04581977447736296,0.005995817936176151,0.00553198715253575,0.0007109389791919198,-0.0005339550469422097,9.343067763788876e-05]",4.0892603789896,True,"{""inner"":2.189960410687169,""middle"":0.014514629636316695,""outer"":0.0003136928622900492}","[102.05119268357086,13.230878580892128,1.7049337527169455,0.26162362702772596,0.06662306872144944,0.021953528908827635,0.05815793606256051,0.04697108560934787]",computed_canonical_persistence,persistence,"[102.05119268357086,13.230878580892128,1.7049337527169455,0.26162362702772596,0.06662306872144944,0.021953528908827635,0.05815793606256051,0.04697108560934787]",4.0892603789896,0.0,False,canonical_oracle,1.0,False,0.0,102,12,"[97.97337231479614,13.532979033491742,1.7507535271943084,0.2676194449639021,0.07215505587398519,0.022664467888019554,0.0576239810156183,0.04706451628698576]",103,,True
"[0.27781182241095914,0.0022274282639528978,1.4181773814529698e-05,2.9047454445202167e-07,3.9778022526076944e-08,2.42696566336469e-09,1.1371982164349398e-09,1.4309954422375592e-10]",press,"[0.0,0.0,0.0,0.0,0.0,0.0,0.0,0.0]","[0.0,0.0,0.0,0.0,0.0,0.0,0.0,0.0]","[0.27781182241095914,0.0022274282639528978,1.4181773814529698e-05,2.9047454445202167e-07,3.9778022526076944e-08,2.42696566336469e-09,-1.1371982164349398e-09,1.4309954422375592e-10]",0.2778207521211798,True,"{""inner"":0.14001962533745602,""middle"":3.62861333679279e-06,""outer"":6.401488803293478e-10}","[2.577604511489989,0.023202024810515004,0.00033698335043709396,1.058734272827973e-05,8.237877361981515e-07,4.2625889056466547e-08,8.145763974358773e-08,6.119732522470854e-08]",computed_canonical_persistence,persistence,"[2.577604511489989,0.023202024810515004,0.00033698335043709396,1.058734272827973e-05,8.237877361981515e-07,4.2625889056466547e-08,8.145763974358773e-08,6.119732522470854e-08]",0.2778207521211798,0.0,False,canonical_oracle,1.0,False,0.0,102,12,"[2.855416333900948,0.025429453074467902,0.00035116512425162366,1.0877817272731752e-05,8.635657587242285e-07,4.5052854719831236e-08,8.032044152715279e-08,6.13404247689323e-08]",103,,True
"[0.00015125254256856402,0.003262320428027321,0.007198191583548938,0.018359483382548406,0.005214370099382193,0.03474281121070921,0.128617835887476,0.00968538467925703]",vel1,"[0.0,0.0,0.0,0.0,0.0,0.0,0.0,0.0]","[0.0,0.0,0.0,0.0,0.0,0.0,0.0,0.0]","[-0.00015125254256856402,0.003262320428027321,0.007198191583548938,0.018359483382548406,-0.005214370099382193,-0.03474281121070921,0.128617835887476,0.00968538467925703]",0.13516714532449634,True,"{""inner"":0.0017067864852979425,""middle"":0.016378714069047187,""outer"":0.06915161028336651}","[0.15932114753131946,0.06283745431804544,0.06936494423792278,0.08612483598436983,0.08881268535245396,0.4326402651311606,0.3031412880236364,0.06769652483176535]",computed_canonical_persistence,persistence,"[0.15932114753131946,0.06283745431804544,0.06936494423792278,0.08612483598436983,0.08881268535245396,0.4326402651311606,0.3031412880236364,0.06769652483176535]",0.13516714532449634,0.0,False,canonical_oracle,1.0,False,0.0,102,12,"[0.1591698949887509,0.06609977474607276,0.07656313582147171,0.10448431936691824,0.08359831525307176,0.3978974539204514,0.4317591239111124,0.07738190951102238]",103,,True
"[4.968687727045177e-06,4.2387631606126286e-07,3.233847983304114e-06,1.3557669776985019e-05,9.691024270077809e-06,4.4438301280893185e-07,1.8244230349997165e-07,2.2515974760938996e-09]",vel2,"[0.0,0.0,0.0,0.0,0.0,0.0,0.0,0.0]","[0.0,0.0,0.0,0.0,0.0,0.0,0.0,0.0]","[-4.968687727045177e-06,4.2387631606126286e-07,3.233847983304114e-06,1.3557669776985019e-05,9.691024270077809e-06,4.4438301280893185e-07,1.8244230349997165e-07,2.2515974760938996e-09]",1.7699786138544383e-05,True,"{""inner"":2.69628202155322e-06,""middle"":6.731731260793969e-06,""outer"":9.234695048803278e-08}","[0.0005286365824391368,1.6441577970576937e-05,8.03009664900918e-05,0.00012418866660945574,4.951284371497596e-05,2.7460248795004184e-06,6.792135626238329e-07,1.7318668092406098e-08]",computed_canonical_persistence,persistence,"[0.0005286365824391368,1.6441577970576937e-05,8.03009664900918e-05,0.00012418866660945574,4.951284371497596e-05,2.7460248795004184e-06,6.792135626238329e-07,1.7318668092406098e-08]",1.7699786138544383e-05,0.0,False,canonical_oracle,1.0,False,0.0,102,12,"[0.0005236678947120916,1.68654542866382e-05,8.353481447339592e-05,0.00013774633638644076,5.920386798505377e-05,3.1904078923093502e-06,8.616558661238046e-07,1.9570265568499997e-08]",103,,True
"[6.552220692150051e-07,0.0,9.104900127921187e-07,4.700811859231508e-05,7.501375071993681e-06,9.252559901916022e-06,4.0260382070226284e-05,3.488067192761098e-06]",vel3,"[0.0,0.0,0.0,0.0,0.0,0.0,0.0,0.0]","[0.0,0.0,0.0,0.0,0.0,0.0,0.0,0.0]","[6.552220692150051e-07,0.0,-9.104900127921187e-07,-4.700811859231508e-05,7.501375071993681e-06,9.252559901916022e-06,4.0260382070226284e-05,3.488067192761098e-06]",6.313451505716683e-05,True,"{""inner"":3.2761103460750256e-07,""middle"":1.6168135894754225e-05,""outer"":2.187422463149369e-05}","[0.0,0.0,0.00011958695219652054,0.0008714442818960747,0.001294245792403921,0.0009851321804177381,0.00036899247609165775,6.529899164467166e-05]",computed_canonical_persistence,persistence,"[0.0,0.0,0.00011958695219652054,0.0008714442818960747,0.001294245792403921,0.0009851321804177381,0.00036899247609165775,6.529899164467166e-05]",6.313451505716683e-05,0.0,False,canonical_oracle,1.0,False,0.125,102,12,"[6.552220692150051e-07,0.0,0.00011867646218372842,0.0008244361633037596,0.0013017471674759147,0.0009943847403196542,0.00040925285816188403,6.878705883743276e-05]",103,,True
"[1.1291922659393947,0.1049554655033278,0.007140059574639368,0.0002674972465523118,0.00039109568369091047,0.000446826687268559,6.987257633213299e-06,7.712364690308629e-08]",Bcc1,"[0.0,0.0,0.0,0.0,0.0,0.0,0.0,0.0]","[0.0,0.0,0.0,0.0,0.0,0.0,0.0,0.0]","[1.1291922659393947,0.1049554655033278,0.007140059574639368,-0.0002674972465523118,0.00039109568369091047,0.000446826687268559,6.987257633213299e-06,7.712364690308629e-08]",1.1340821080771097,True,"{""inner"":0.6170738657213612,""middle"":0.0020613697980377873,""outer"":3.5321906400581926e-06}","[24.357446304717367,2.4901029942080983,0.2540942892187754,0.03194746401788599,0.008203518110151239,0.0008796807626863522,7.452103839229715e-05,1.8474234179722312e-05]",computed_canonical_persistence,persistence,"[24.357446304717367,2.4901029942080983,0.2540942892187754,0.03194746401788599,0.008203518110151239,0.0008796807626863522,7.452103839229715e-05,1.8474234179722312e-05]",1.1340821080771097,0.0,False,canonical_oracle,1.0,False,0.0,103,13,"[25.486638570656762,2.595058459711426,0.2612343487934148,0.03167996677133368,0.00859461379384215,0.0013265074499549112,8.150829602551045e-05,1.85513578266254e-05]",104,,True
"[4.243619717770718e-06,4.909396470815391e-05,4.908170586676181e-07,4.044590830151416e-07,3.2893300668302515e-08,1.372608191505589e-08,2.7419302161920985e-11,1.3403608213703341e-12]",Bcc2,"[0.0,0.0,0.0,0.0,0.0,0.0,0.0,0.0]","[0.0,0.0,0.0,0.0,0.0,0.0,0.0,0.0]","[-4.243619717770718e-06,4.909396470815391e-05,-4.908170586676181e-07,-4.044590830151416e-07,3.2893300668302515e-08,1.372608191505589e-08,-2.7419302161920985e-11,1.3403608213703341e-12]",4.928114688179176e-05,True,"{""inner"":2.6668792212962314e-05,""middle"":2.3547388106652951e-07,""outer"":1.437983149164566e-11}","[0.0025470748424051078,0.0005853534385895715,2.0593630004525535e-05,3.0741349977174243e-06,7.656371169484633e-07,5.529437059086247e-08,1.9036775032999603e-09,1.7519871025308262e-10]",computed_canonical_persistence,persistence,"[0.0025470748424051078,0.0005853534385895715,2.0593630004525535e-05,3.0741349977174243e-06,7.656371169484633e-07,5.529437059086247e-08,1.9036775032999603e-09,1.7519871025308262e-10]",4.928114688179176e-05,0.0,False,canonical_oracle,1.0,False,0.0,103,13,"[0.002542831222687337,0.0006344474032977254,2.0102812945857917e-05,2.6696759147022828e-06,7.985304176167658e-07,6.902045250591836e-08,1.8762582011380394e-09,1.7653907107445296e-10]",104,,True
"[0.0,0.0,0.0,8.232645869986615e-10,3.364328844346695e-08,7.034555443321163e-07,3.6472466382900054e-07,7.908259343501262e-09]",Bcc3,"[0.0,0.0,0.0,0.0,0.0,0.0,0.0,0.0]","[0.0,0.0,0.0,0.0,0.0,0.0,0.0,0.0]","[0.0,0.0,0.0,8.232645869986615e-10,3.364328844346695e-08,7.034555443321163e-07,3.6472466382900054e-07,7.908259343501262e-09]",7.931386212034352e-07,True,"{""inner"":0.0,""middle"":1.8448052434064549e-07,""outer"":1.863164615862509e-07}","[2.9146811565102524e-05,2.9146811565102524e-05,2.9146811565102524e-05,2.8738480012705983e-05,2.45794072831485e-05,9.624158106969646e-06,1.1612721629818584e-06,3.54635306451098e-08]",computed_canonical_persistence,persistence,"[2.9146811565102524e-05,2.9146811565102524e-05,2.9146811565102524e-05,2.8738480012705983e-05,2.45794072831485e-05,9.624158106969646e-06,1.1612721629818584e-06,3.54635306451098e-08]",7.931386212034352e-07,0.0,False,canonical_oracle,1.0,False,0.375,103,13,"[2.9146811565102524e-05,2.9146811565102524e-05,2.9146811565102524e-05,2.8739303277292982e-05,2.4613050571591968e-05,1.0327613651301763e-05,1.525996826810859e-06,4.337178998861106e-08]",104,,True
"[0.656716137746713,0.5196822600766122,0.04859296444187189,0.003367558199705911,0.002437996612810134,0.0010367483431266387,0.000526716132857187,8.331839395778196e-05]",rho,"[0.0,0.0,0.0,0.0,0.0,0.0,0.0,0.0]","[0.0,0.0,0.0,0.0,0.0,0.0,0.0,0.0]","[-0.656716137746713,0.5196822600766122,0.04859296444187189,0.003367558199705911,0.002437996612810134,0.0010367483431266387,-0.000526716132857187,8.331839395778196e-05]",0.8388835775620018,True,"{""inner"":0.5881991989116626,""middle"":0.013858816899378644,""outer"":0.0003050172634074845}","[97.97337231479614,13.532979033491742,1.7507535271943084,0.2676194449639021,0.07215505587398519,0.022664467888019554,0.0576239810156183,0.04706451628698576]",computed_canonical_persistence,persistence,"[97.97337231479614,13.532979033491742,1.7507535271943084,0.2676194449639021,0.07215505587398519,0.022664467888019554,0.0576239810156183,0.04706451628698576]",0.8388835775620018,0.0,False,canonical_oracle,1.0,False,0.0,103,13,"[97.31665617704942,14.052661293568354,1.7993464916361803,0.270987003163608,0.07459305248679532,0.023701216231146193,0.057097264882761116,0.047147834680943544]",104,,True
"[0.2683516366037684,0.002342789613218779,1.6483223373113542e-05,2.23954915633545e-07,2.6234631265602117e-08,3.7320906076349985e-11,1.1287957800893466e-09,1.2090467902975977e-10]",press,"[0.0,0.0,0.0,0.0,0.0,0.0,0.0,0.0]","[0.0,0.0,0.0,0.0,0.0,0.0,0.0,0.0]","[0.2683516366037684,0.002342789613218779,1.6483223373113542e-05,-2.23954915633545e-07,-2.6234631265602117e-08,-3.7320906076349985e-11,-1.1287957800893466e-09,1.2090467902975977e-10]",0.2683618635403329,True,"{""inner"":0.13534721310849357,""middle"":4.183362560229692e-06,""outer"":6.248502295595532e-10}","[2.855416333900948,0.025429453074467902,0.00035116512425162366,1.0877817272731752e-05,8.635657587242285e-07,4.5052854719831236e-08,8.032044152715279e-08,6.13404247689323e-08]",computed_canonical_persistence,persistence,"[2.855416333900948,0.025429453074467902,0.00035116512425162366,1.0877817272731752e-05,8.635657587242285e-07,4.5052854719831236e-08,8.032044152715279e-08,6.13404247689323e-08]",0.2683618635403329,0.0,False,canonical_oracle,1.0,False,0.0,103,13,"[3.1237679705047166,0.02777224268768668,0.0003676483476247372,1.0653862357098207e-05,8.373311274586264e-07,4.5015533813754886e-08,7.919164574706344e-08,6.146132944796206e-08]",104,,True
"[0.0019108124764408152,0.003065168642788982,0.007183799469054411,0.018421152477891764,0.013837616350838355,0.05140008285618469,0.12765423256925923,0.012484223332139346]",vel1,"[0.0,0.0,0.0,0.0,0.0,0.0,0.0,0.0]","[0.0,0.0,0.0,0.0,0.0,0.0,0.0,0.0]","[0.0019108124764408152,0.003065168642788982,0.007183799469054411,0.018421152477891764,0.013837616350838355,-0.05140008285618469,0.12765423256925923,0.012484223332139346]",0.14031713853091177,True,"{""inner"":0.0024879905596148985,""middle"":0.022710662788492306,""outer"":0.07006922795069928}","[0.1591698949887509,0.06609977474607276,0.07656313582147171,0.10448431936691824,0.08359831525307176,0.3978974539204514,0.4317591239111124,0.07738190951102238]",computed_canonical_persistence,persistence,"[0.1591698949887509,0.06609977474607276,0.07656313582147171,0.10448431936691824,0.08359831525307176,0.3978974539204514,0.4317591239111124,0.07738190951102238]",0.14031713853091177,0.0,False,canonical_oracle,1.0,False,0.0,103,13,"[0.1610807074651917,0.06916494338886174,0.08374693529052613,0.12290547184481,0.09743593160391012,0.3464973710642667,0.5594133564803716,0.08986613284316172]",104,,True
"[7.436012469449397e-06,8.697738868343199e-07,2.0058106914927964e-06,1.1694725387994734e-05,1.1735566555558336e-05,1.8400145867314684e-06,1.1000393380787544e-07,4.42345698138653e-09]",vel2,"[0.0,0.0,0.0,0.0,0.0,0.0,0.0,0.0]","[0.0,0.0,0.0,0.0,0.0,0.0,0.0,0.0]","[7.436012469449397e-06,8.697738868343199e-07,2.0058106914927964e-06,1.1694725387994734e-05,1.1735566555558336e-05,1.8400145867314684e-06,-1.1000393380787544e-07,4.42345698138653e-09]",1.838374181124425e-05,True,"{""inner"":4.152893178141859e-06,""middle"":6.819029305444334e-06,""outer"":5.7213695394630987e-08}","[0.0005236678947120916,1.68654542866382e-05,8.353481447339592e-05,0.00013774633638644076,5.920386798505377e-05,3.1904078923093502e-06,8.616558661238046e-07,1.9570265568499997e-08]",computed_canonical_persistence,persistence,"[0.0005236678947120916,1.68654542866382e-05,8.353481447339592e-05,0.00013774633638644076,5.920386798505377e-05,3.1904078923093502e-06,8.616558661238046e-07,1.9570265568499997e-08]",1.838374181124425e-05,0.0,False,canonical_oracle,1.0,False,0.0,103,13,"[0.000531103907181541,1.773522817347252e-05,8.554062516488871e-05,0.0001494410617744355,7.09394345406121e-05,5.030422479040819e-06,7.516519323159292e-07,2.3993722549886527e-08]",104,,True
"[6.552220692150051e-07,0.0,1.959528879367573e-06,5.08060951770516e-06,4.70229680340072e-05,3.4397068255222034e-06,4.4590733782068966e-05,4.6963505432787275e-06]",vel3,"[0.0,0.0,0.0,0.0,0.0,0.0,0.0,0.0]","[0.0,0.0,0.0,0.0,0.0,0.0,0.0,0.0]","[-6.552220692150051e-07,0.0,-1.959528879367573e-06,-5.08060951770516e-06,-4.70229680340072e-05,3.4397068255222034e-06,4.4590733782068966e-05,4.6963505432787275e-06]",6.529519136875216e-05,True,"{""inner"":3.2761103460750256e-07,""middle"":1.4375703314150534e-05,""outer"":2.4643542162673847e-05}","[6.552220692150051e-07,0.0,0.00011867646218372842,0.0008244361633037596,0.0013017471674759147,0.0009943847403196542,0.00040925285816188403,6.878705883743276e-05]",computed_canonical_persistence,persistence,"[6.552220692150051e-07,0.0,0.00011867646218372842,0.0008244361633037596,0.0013017471674759147,0.0009943847403196542,0.00040925285816188403,6.878705883743276e-05]",6.529519136875216e-05,0.0,False,canonical_oracle,1.0,False,0.125,103,13,"[0.0,0.0,0.00011671693330436085,0.0008193555537860545,0.0012547241994419075,0.0009978244471451764,0.000453843591943953,7.348340938071149e-05]",104,,True
"[1.1504870029599523,0.1045739540193531,0.006972567504558214,0.00025448703620047086,7.390746134432365e-05,0.0005407485201856012,6.707644808357494e-06,1.137631197377168e-07]",Bcc1,"[0.0,0.0,0.0,0.0,0.0,0.0,0.0,0.0]","[0.0,0.0,0.0,0.0,0.0,0.0,0.0,0.0]","[1.1504870029599523,0.1045739540193531,0.006972567504558214,-0.00025448703620047086,-7.390746134432365e-05,0.0005407485201856012,6.707644808357494e-06,1.137631197377168e-07]",1.1552510702079235,True,"{""inner"":0.6275304784896527,""middle"":0.0019604276305721525,""outer"":3.4107039640476056e-06}","[25.486638570656762,2.595058459711426,0.2612343487934148,0.03167996677133368,0.00859461379384215,0.0013265074499549112,8.150829602551045e-05,1.85513578266254e-05]",computed_canonical_persistence,persistence,"[25.486638570656762,2.595058459711426,0.2612343487934148,0.03167996677133368,0.00859461379384215,0.0013265074499549112,8.150829602551045e-05,1.85513578266254e-05]",1.1552510702079235,0.0,False,canonical_oracle,1.0,False,0.0,104,14,"[26.637125573616714,2.6996324137307792,0.268206916297973,0.03142547973513321,0.008520706332497826,0.0018672559701405124,8.821594083386795e-05,1.8665120946363115e-05]",105,,True
"[2.2123237334624804e-06,4.0323752473248194e-05,6.00212441156942e-07,2.927977882319494e-07,2.326281618492493e-08,5.6905589269449265e-09,9.56214668324395e-12,1.9031562426467125e-12]",Bcc2,"[0.0,0.0,0.0,0.0,0.0,0.0,0.0,0.0]","[0.0,0.0,0.0,0.0,0.0,0.0,0.0,0.0]","[-2.2123237334624804e-06,4.0323752473248194e-05,-6.00212441156942e-07,-2.927977882319494e-07,-2.326281618492493e-08,-5.6905589269449265e-09,-9.56214668324395e-12,1.9031562426467125e-12]",4.038992385343054e-05,True,"{""inner"":2.1268038103355337e-05,""middle"":2.304909011251903e-07,""outer"":5.732651462945331e-12}","[0.002542831222687337,0.0006344474032977254,2.0102812945857917e-05,2.6696759147022828e-06,7.985304176167658e-07,6.902045250591836e-08,1.8762582011380394e-09,1.7653907107445296e-10]",computed_canonical_persistence,persistence,"[0.002542831222687337,0.0006344474032977254,2.0102812945857917e-05,2.6696759147022828e-06,7.985304176167658e-07,6.902045250591836e-08,1.8762582011380394e-09,1.7653907107445296e-10]",4.038992385343054e-05,0.0,False,canonical_oracle,1.0,False,0.0,104,14,"[0.0025406188989538746,0.0006747711557709736,1.9502600504700975e-05,2.3768781264703334e-06,7.752676014318409e-07,6.332989357897343e-08,1.8666960544547954e-09,1.7844222731709967e-10]",105,,True
"[4.3432133747350584e-11,0.0,0.0,2.4347693482713938e-08,1.6831007218537808e-08,4.5957623829227994e-07,3.101402512915187e-07,1.074212211828482e-08]",Bcc3,"[0.0,0.0,0.0,0.0,0.0,0.0,0.0,0.0]","[0.0,0.0,0.0,0.0,0.0,0.0,0.0,0.0]","[-4.3432133747350584e-11,0.0,0.0,2.4347693482713938e-08,1.6831007218537808e-08,4.5957623829227994e-07,3.101402512915187e-07,1.074212211828482e-08]",5.553276351217558e-07,True,"{""inner"":2.1716066873675292e-11,""middle"":1.2518873474838292e-07,""outer"":1.6044118670490176e-07}","[2.9146811565102524e-05,2.9146811565102524e-05,2.9146811565102524e-05,2.8739303277292982e-05,2.4613050571591968e-05,1.0327613651301763e-05,1.525996826810859e-06,4.337178998861106e-08]",computed_canonical_persistence,persistence,"[2.9146811565102524e-05,2.9146811565102524e-05,2.9146811565102524e-05,2.8739303277292982e-05,2.4613050571591968e-05,1.0327613651301763e-05,1.525996826810859e-06,4.337178998861106e-08]",5.553276351217558e-07,0.0,False,canonical_oracle,1.0,False,0.25,104,14,"[2.9146768132968776e-05,2.9146811565102524e-05,2.9146811565102524e-05,2.8763650970775696e-05,2.4629881578810506e-05,1.0787189889594043e-05,1.8361370781023776e-06,5.411391210689588e-08]",105,,True
"[1.0411336205980035,0.5186861815349744,0.04814194310111408,0.006897813563162325,0.00022008814425585055,0.0013778177337140547,0.0005235726914365746,7.19512136488007e-05]",rho,"[0.0,0.0,0.0,0.0,0.0,0.0,0.0,0.0]","[0.0,0.0,0.0,0.0,0.0,0.0,0.0,0.0]","[1.0411336205980035,0.5186861815349744,0.04814194310111408,0.006897813563162325,0.00022008814425585055,0.0013778177337140547,-0.0005235726914365746,7.19512136488007e-05]",1.1642001647045845,True,"{""inner"":0.7799099010664889,""middle"":0.014159415635561577,""outer"":0.00029776195254268764}","[97.31665617704942,14.052661293568354,1.7993464916361803,0.270987003163608,0.07459305248679532,0.023701216231146193,0.057097264882761116,0.047147834680943544]",computed_canonical_persistence,persistence,"[97.31665617704942,14.052661293568354,1.7993464916361803,0.270987003163608,0.07459305248679532,0.023701216231146193,0.057097264882761116,0.047147834680943544]",1.1642001647045845,0.0,False,canonical_oracle,1.0,False,0.0,104,14,"[98.35778979764743,14.571347475103329,1.8474884347372944,0.27788481672677035,0.07481314063105117,0.025079033964860248,0.05657369219132454,0.047219785894592345]",105,,True
"[0.2796249629272096,0.0024627957536414308,1.853416471723975e-05,1.4555387307727799e-09,6.043862194701121e-08,1.9972392075609385e-09,1.087961162915002e-09,9.506528918517382e-11]",press,"[0.0,0.0,0.0,0.0,0.0,0.0,0.0,0.0]","[0.0,0.0,0.0,0.0,0.0,0.0,0.0,0.0]","[0.2796249629272096,0.0024627957536414308,1.853416471723975e-05,1.4555387307727799e-09,-6.043862194701121e-08,1.9972392075609385e-09,-1.087961162915002e-09,9.506528918517382e-11]",0.27963580886303957,True,"{""inner"":0.14104387934042553,""middle"":4.6495140292812735e-06,""outer"":5.91513226050088e-10}","[3.1237679705047166,0.02777224268768668,0.0003676483476247372,1.0653862357098207e-05,8.373311274586264e-07,4.5015533813754886e-08,7.919164574706344e-08,6.146132944796206e-08]",computed_canonical_persistence,persistence,"[3.1237679705047166,0.02777224268768668,0.0003676483476247372,1.0653862357098207e-05,8.373311274586264e-07,4.5015533813754886e-08,7.919164574706344e-08,6.146132944796206e-08]",0.27963580886303957,0.0,False,canonical_oracle,1.0,False,0.0,104,14,"[3.403392933431926,0.030235038441328112,0.00038618251234197695,1.065531789582898e-05,7.768925055116152e-07,4.7012773021315825e-08,7.810368458414844e-08,6.155639473714723e-08]",105,,True
"[0.001143214656110808,0.0029032593762327447,0.007209571613376167,0.016658409356862122,0.02487671648186425,0.06169810633255551,0.1144954117660184,0.017954541398354784]",vel1,"[0.0,0.0,0.0,0.0,0.0,0.0,0.0,0.0]","[0.0,0.0,0.0,0.0,0.0,0.0,0.0,0.0]","[-0.001143214656110808,0.0029032593762327447,0.007209571613376167,0.016658409356862122,0.02487671648186425,-0.06169810633255551,0.1144954117660184,0.017954541398354784]",0.13489361956794899,True,"{""inner"":0.0020232370161717764,""middle"":0.027610700946164513,""outer"":0.0662249765821866}","[0.1610807074651917,0.06916494338886174,0.08374693529052613,0.12290547184481,0.09743593160391012,0.3464973710642667,0.5594133564803716,0.08986613284316172]",computed_canonical_persistence,persistence,"[0.1610807074651917,0.06916494338886174,0.08374693529052613,0.12290547184481,0.09743593160391012,0.3464973710642667,0.5594133564803716,0.08986613284316172]",0.13489361956794899,0.0,False,canonical_oracle,1.0,False,0.0,104,14,"[0.1599374928090809,0.07206820276509449,0.09095650690390229,0.13956388120167212,0.12231264808577437,0.2847992647317112,0.67390876824639,0.1078206742415165]",105,,True
"[4.2564762082379984e-07,1.052519329800351e-06,1.8968763356976627e-06,9.122753253265994e-06,1.1877301445475767e-05,3.352841616844141e-06,1.8014452681735908e-07,8.916086486440767e-09]",vel2,"[0.0,0.0,0.0,0.0,0.0,0.0,0.0,0.0]","[0.0,0.0,0.0,0.0,0.0,0.0,0.0,0.0]","[4.2564762082379984e-07,1.052519329800351e-06,1.8968763356976627e-06,9.122753253265994e-06,1.1877301445475767e-05,3.352841616844141e-06,-1.8014452681735908e-07,8.916086486440767e-09]",1.550664720921659e-05,True,"{""inner"":7.390834753120754e-07,""middle"":6.562443162820891e-06,""outer"":9.453030665189993e-08}","[0.000531103907181541,1.773522817347252e-05,8.554062516488871e-05,0.0001494410617744355,7.09394345406121e-05,5.030422479040819e-06,7.516519323159292e-07,2.3993722549886527e-08]",computed_canonical_persistence,persistence,"[0.000531103907181541,1.773522817347252e-05,8.554062516488871e-05,0.0001494410617744355,7.09394345406121e-05,5.030422479040819e-06,7.516519323159292e-07,2.3993722549886527e-08]",1.550664720921659e-05,0.0,False,canonical_oracle,1.0,False,0.0,104,14,"[0.0005315295548023648,1.878774750327287e-05,8.743750150058638e-05,0.0001585638150277015,8.281673598608787e-05,8.38326409588496e-06,5.715074054985701e-07,3.2909809036327294e-08]",105,,True
"[6.490383319638054e-06,0.0,4.359929627818413e-08,1.0255587254111905e-06,4.813439352342806e-05,1.0062537018174422e-05,3.887607228148616e-05,5.177796324787044e-06]",vel3,"[0.0,0.0,0.0,0.0,0.0,0.0,0.0,0.0]","[0.0,0.0,0.0,0.0,0.0,0.0,0.0,0.0]","[6.490383319638054e-06,0.0,4.359929627818413e-08,1.0255587254111905e-06,-4.813439352342806e-05,1.0062537018174422e-05,3.887607228148616e-05,5.177796324787044e-06]",6.324169359813522e-05,True,"{""inner"":3.245191659819027e-06,""middle"":1.4816522140822964e-05,""outer"":2.2026934303136602e-05}","[0.0,0.0,0.00011671693330436085,0.0008193555537860545,0.0012547241994419075,0.0009978244471451764,0.000453843591943953,7.348340938071149e-05]",computed_canonical_persistence,persistence,"[0.0,0.0,0.00011671693330436085,0.0008193555537860545,0.0012547241994419075,0.0009978244471451764,0.000453843591943953,7.348340938071149e-05]",6.324169359813522e-05,0.0,False,canonical_oracle,1.0,False,0.125,104,14,"[6.490383319638054e-06,0.0,0.00011676053260063903,0.0008203811125114657,0.0012065898059184794,0.0010078869841633508,0.0004927196642254392,7.866120570549853e-05]",105,,True
"[1.1341649803812643,0.10513526904064596,0.007405275764538866,0.00017803598678372765,0.00038042952316619423,0.0005254606192176801,1.0255535579922767e-05,1.899618771826444e-07]",Bcc1,"[0.0,0.0,0.0,0.0,0.0,0.0,0.0,0.0]","[0.0,0.0,0.0,0.0,0.0,0.0,0.0,0.0]","[1.1341649803812643,0.10513526904064596,0.007405275764538866,-0.00017803598678372765,-0.00038042952316619423,0.0005254606192176801,1.0255535579922767e-05,1.899618771826444e-07]",1.13905176276855,True,"{""inner"":0.6196501247109552,""middle"":0.002122300473426617,""outer"":5.222748728552706e-06}","[26.637125573616714,2.6996324137307792,0.268206916297973,0.03142547973513321,0.008520706332497826,0.0018672559701405124,8.821594083386795e-05,1.8665120946363115e-05]",computed_canonical_persistence,persistence,"[26.637125573616714,2.6996324137307792,0.268206916297973,0.03142547973513321,0.008520706332497826,0.0018672559701405124,8.821594083386795e-05,1.8665120946363115e-05]",1.13905176276855,0.0,False,canonical_oracle,1.0,False,0.0,105,15,"[27.77129055399798,2.804767682771425,0.27561219206251186,0.031247443748349483,0.008140276809331631,0.0023927165893581925,9.847147641379071e-05,1.885508282354576e-05]",106,,True
"[6.4568001585853935e-06,3.710064829741725e-05,6.084049286211937e-07,2.2261065696742503e-07,4.5279759466409976e-08,2.1139110561073397e-09,2.4839633417926643e-10,4.454257138538267e-12]",Bcc2,"[0.0,0.0,0.0,0.0,0.0,0.0,0.0,0.0]","[0.0,0.0,0.0,0.0,0.0,0.0,0.0,0.0]","[-6.4568001585853935e-06,3.710064829741725e-05,-6.084049286211937e-07,-2.2261065696742503e-07,-4.5279759466409976e-08,2.1139110561073397e-09,2.4839633417926643e-10,4.454257138538267e-12]",3.766391030184308e-05,True,"{""inner"":2.177872422800132e-05,""middle"":2.1960231402778401e-07,""outer"":1.2642529565890235e-10}","[0.0025406188989538746,0.0006747711557709736,1.9502600504700975e-05,2.3768781264703334e-06,7.752676014318409e-07,6.332989357897343e-08,1.8666960544547954e-09,1.7844222731709967e-10]",computed_canonical_persistence,persistence,"[0.0025406188989538746,0.0006747711557709736,1.9502600504700975e-05,2.3768781264703334e-06,7.752676014318409e-07,6.332989357897343e-08,1.8666960544547954e-09,1.7844222731709967e-10]",3.766391030184308e-05,0.0,False,canonical_oracle,1.0,False,0.0,105,15,"[0.002534162098795289,0.0007118718040683909,1.889419557607978e-05,2.1542674695029084e-06,7.299878419654309e-07,6.544380463508077e-08,2.115092388634062e-09,1.8289648445563793e-10]",106,,True
"[2.996817227831966e-11,0.0,0.0,3.1659930059201e-08,4.48352297033539e-09,3.7992196223969783e-07,3.4101034275398874e-07,1.6819648061625228e-08]",Bcc3,"[0.0,0.0,0.0,0.0,0.0,0.0,0.0,0.0]","[0.0,0.0,0.0,0.0,0.0,0.0,0.0,0.0]","[-2.996817227831966e-11,0.0,0.0,3.1659930059201e-08,4.48352297033539e-09,3.7992196223969783e-07,3.4101034275398874e-07,1.6819648061625228e-08]",5.117949842132517e-07,True,"{""inner"":1.498408613915983e-11,""middle"":1.0401635381730856e-07,""outer"":1.78914995407807e-07}","[2.9146768132968776e-05,2.9146811565102524e-05,2.9146811565102524e-05,2.8763650970775696e-05,2.4629881578810506e-05,1.0787189889594043e-05,1.8361370781023776e-06,5.411391210689588e-08]",computed_canonical_persistence,persistence,"[2.9146768132968776e-05,2.9146811565102524e-05,2.9146811565102524e-05,2.8763650970775696e-05,2.4629881578810506e-05,1.0787189889594043e-05,1.8361370781023776e-06,5.411391210689588e-08]",5.117949842132517e-07,0.0,False,canonical_oracle,1.0,False,0.25,105,15,"[2.9146738164796498e-05,2.9146811565102524e-05,2.9146811565102524e-05,2.8795310900834897e-05,2.463436510178084e-05,1.116711185183374e-05,2.1771474208563663e-06,7.09335601685211e-08]",106,,True
"[1.158711871142998,0.48432049493218976,0.0549596615201553,0.009949171320947636,0.000896678956157651,0.0015498533467385583,0.0005194920787993662,5.9899790940523556e-05]",rho,"[0.0,0.0,0.0,0.0,0.0,0.0,0.0,0.0]","[0.0,0.0,0.0,0.0,0.0,0.0,0.0,0.0]","[1.158711871142998,0.48432049493218976,0.0549596615201553,0.009949171320947636,-0.000896678956157651,0.0015498533467385583,-0.0005194920787993662,5.9899790940523556e-05]",1.2571008599480014,True,"{""inner"":0.8215161830375939,""middle"":0.016838841285999787,""outer"":0.0002896959348699449}","[98.35778979764743,14.571347475103329,1.8474884347372944,0.27788481672677035,0.07481314063105117,0.025079033964860248,0.05657369219132454,0.047219785894592345]",computed_canonical_persistence,persistence,"[98.35778979764743,14.571347475103329,1.8474884347372944,0.27788481672677035,0.07481314063105117,0.025079033964860248,0.05657369219132454,0.047219785894592345]",1.2571008599480014,0.0,False,canonical_oracle,1.0,False,0.0,105,15,"[99.51650166879043,15.055667970035518,1.9024480962574497,0.287833988047718,0.07391646167489352,0.026628887311598806,0.056054200112525175,0.04727968568553287]",106,,True
"[0.29656951713845103,0.002600256350321281,2.09008570262132e-05,2.475233960601566e-07,6.575574637330494e-08,3.1038538976343137e-09,1.0581574883344216e-09,6.409460668463859e-11]",press,"[0.0,0.0,0.0,0.0,0.0,0.0,0.0,0.0]","[0.0,0.0,0.0,0.0,0.0,0.0,0.0,0.0]","[0.29656951713845103,0.002600256350321281,2.09008570262132e-05,2.475233960601566e-07,-6.575574637330494e-08,3.1038538976343137e-09,-1.0581574883344216e-09,6.409460668463859e-11]",0.2965809168940794,True,"{""inner"":0.14958488674438616,""middle"":5.304310005636074e-06,""outer"":5.611260475095301e-10}","[3.403392933431926,0.030235038441328112,0.00038618251234197695,1.065531789582898e-05,7.768925055116152e-07,4.7012773021315825e-08,7.810368458414844e-08,6.155639473714723e-08]",computed_canonical_persistence,persistence,"[3.403392933431926,0.030235038441328112,0.00038618251234197695,1.065531789582898e-05,7.768925055116152e-07,4.7012773021315825e-08,7.810368458414844e-08,6.155639473714723e-08]",0.2965809168940794,0.0,False,canonical_oracle,1.0,False,0.0,105,15,"[3.699962450570377,0.03283529479164939,0.00040708336936819015,1.0902841291889136e-05,7.111367591383102e-07,5.011662691895014e-08,7.704552709581402e-08,6.162048934383187e-08]",106,,True
"[0.00040388924041920293,0.0012234997597910663,0.004724388891076972,0.01707320700290041,0.03225953696421212,0.06962601717895661,0.09606581169996753,0.030625641295192713]",vel1,"[0.0,0.0,0.0,0.0,0.0,0.0,0.0,0.0]","[0.0,0.0,0.0,0.0,0.0,0.0,0.0,0.0]","[0.00040388924041920293,0.0012234997597910663,0.004724388891076972,0.01707320700290041,0.03225953696421212,-0.06962601717895661,0.09606581169996753,0.030625641295192713]",0.12794727195842792,True,"{""inner"":0.0008136945001051346,""middle"":0.030920787509286528,""outer"":0.06334572649758012}","[0.1599374928090809,0.07206820276509449,0.09095650690390229,0.13956388120167212,0.12231264808577437,0.2847992647317112,0.67390876824639,0.1078206742415165]",computed_canonical_persistence,persistence,"[0.1599374928090809,0.07206820276509449,0.09095650690390229,0.13956388120167212,0.12231264808577437,0.2847992647317112,0.67390876824639,0.1078206742415165]",0.12794727195842792,0.0,False,canonical_oracle,1.0,False,0.0,105,15,"[0.1603413820495001,0.07329170252488555,0.09568089579497926,0.15663708820457253,0.1545721850499865,0.21517324755275458,0.7699745799463575,0.13844631553670922]",106,,True
"[1.9373183166113833e-06,2.806984812471562e-07,1.5956254711550538e-06,6.983558420302631e-06,1.2897335769070041e-05,2.746821385406967e-06,2.476910823796779e-08,2.3317374221696292e-08]",vel2,"[0.0,0.0,0.0,0.0,0.0,0.0,0.0,0.0]","[0.0,0.0,0.0,0.0,0.0,0.0,0.0,0.0]","[1.9373183166113833e-06,2.806984812471562e-07,1.5956254711550538e-06,6.983558420302631e-06,1.2897335769070041e-05,2.746821385406967e-06,2.476910823796779e-08,2.3317374221696292e-08]",1.5133920761764186e-05,True,"{""inner"":1.1090083989292697e-06,""middle"":6.055835261483673e-06,""outer"":2.404324122983204e-08}","[0.0005315295548023648,1.878774750327287e-05,8.743750150058638e-05,0.0001585638150277015,8.281673598608787e-05,8.38326409588496e-06,5.715074054985701e-07,3.2909809036327294e-08]",computed_canonical_persistence,persistence,"[0.0005315295548023648,1.878774750327287e-05,8.743750150058638e-05,0.0001585638150277015,8.281673598608787e-05,8.38326409588496e-06,5.715074054985701e-07,3.2909809036327294e-08]",1.5133920761764186e-05,0.0,False,canonical_oracle,1.0,False,0.0,105,15,"[0.0005334668731189762,1.9068445984520027e-05,8.903312697174143e-05,0.00016554737344800412,9.571407175515791e-05,1.1130085481291926e-05,5.962765137365379e-07,5.6227183258023587e-08]",106,,True
"[2.8651515206812496e-06,0.0,1.7798008973560144e-07,4.015851781223687e-06,2.81983912088122e-05,1.919572822950454e-05,3.201730291416669e-05,7.116795455767449e-06]",vel3,"[0.0,0.0,0.0,0.0,0.0,0.0,0.0,0.0]","[0.0,0.0,0.0,0.0,0.0,0.0,0.0,0.0]","[2.8651515206812496e-06,0.0,-1.7798008973560144e-07,4.015851781223687e-06,-2.81983912088122e-05,1.919572822950454e-05,3.201730291416669e-05,7.116795455767449e-06]",4.757887712168622e-05,True,"{""inner"":1.4325757603406248e-06,""middle"":1.2896987827319007e-05,""outer"":1.956704918496707e-05}","[6.490383319638054e-06,0.0,0.00011676053260063903,0.0008203811125114657,0.0012065898059184794,0.0010078869841633508,0.0004927196642254392,7.866120570549853e-05]",computed_canonical_persistence,persistence,"[6.490383319638054e-06,0.0,0.00011676053260063903,0.0008203811125114657,0.0012065898059184794,0.0010078869841633508,0.0004927196642254392,7.866120570549853e-05]",4.757887712168622e-05,0.0,False,canonical_oracle,1.0,False,0.125,105,15,"[9.355534840319303e-06,0.0,0.00011658255251090343,0.0008243969642926893,0.0011783914147096672,0.0010270827123928553,0.0005247369671396059,8.577800116126598e-05]",106,,True
"[1.1363117127847957,0.1059496442996557,0.007535293398564069,7.287707472568988e-05,0.0005312823637438815,0.0004140469434157218,2.097068995362659e-05,4.057783341483739e-07]",Bcc1,"[0.0,0.0,0.0,0.0,0.0,0.0,0.0,0.0]","[0.0,0.0,0.0,0.0,0.0,0.0,0.0,0.0]","[1.1363117127847957,0.1059496442996557,0.007535293398564069,-7.287707472568988e-05,-0.0005312823637438815,0.0004140469434157218,2.097068995362659e-05,4.057783341483739e-07]",1.141265471234702,True,"{""inner"":0.6211306785422257,""middle"":0.0021383749451123406,""outer"":1.0688234143887482e-05}","[27.77129055399798,2.804767682771425,0.27561219206251186,0.031247443748349483,0.008140276809331631,0.0023927165893581925,9.847147641379071e-05,1.885508282354576e-05]",computed_canonical_persistence,persistence,"[27.77129055399798,2.804767682771425,0.27561219206251186,0.031247443748349483,0.008140276809331631,0.0023927165893581925,9.847147641379071e-05,1.885508282354576e-05]",1.141265471234702,0.0,False,canonical_oracle,1.0,False,0.0,106,16,"[28.907602266782774,2.910717327071081,0.28314748546107593,0.031174566673623793,0.00760899444558775,0.0028067635327739143,0.0001194421663674173,1.9260861157694133e-05]",107,,True
"[8.061716523345176e-06,2.9506395394815195e-05,4.720199362125911e-07,1.6862055412479017e-07,7.952076226724067e-08,2.254392220480619e-09,4.535844893151213e-10,1.898054879899782e-11]",Bcc2,"[0.0,0.0,0.0,0.0,0.0,0.0,0.0,0.0]","[0.0,0.0,0.0,0.0,0.0,0.0,0.0,0.0]","[-8.061716523345176e-06,2.9506395394815195e-05,-4.720199362125911e-07,-1.6862055412479017e-07,-7.952076226724067e-08,2.254392220480619e-09,4.535844893151213e-10,1.898054879899782e-11]",3.05920938650727e-05,True,"{""inner"":1.8784055959080186e-05,""middle"":1.8060391120627562e-07,""outer"":2.3628251905705954e-10}","[0.002534162098795289,0.0007118718040683909,1.889419557607978e-05,2.1542674695029084e-06,7.299878419654309e-07,6.544380463508077e-08,2.115092388634062e-09,1.8289648445563793e-10]",computed_canonical_persistence,persistence,"[0.002534162098795289,0.0007118718040683909,1.889419557607978e-05,2.1542674695029084e-06,7.299878419654309e-07,6.544380463508077e-08,2.115092388634062e-09,1.8289648445563793e-10]",3.05920938650727e-05,0.0,False,canonical_oracle,1.0,False,0.0,106,16,"[0.002526100382271944,0.000741378199463206,1.842217563986719e-05,1.985646915378118e-06,6.504670796981903e-07,6.769819685556139e-08,2.568676877949183e-09,2.0187703325463576e-10]",107,,True
"[7.340030602567024e-11,0.0,0.0,3.96938566341909e-08,3.701438846137622e-09,3.730024682130031e-07,3.7946652493550685e-07,3.13574547544179e-08]",Bcc3,"[0.0,0.0,0.0,0.0,0.0,0.0,0.0,0.0]","[0.0,0.0,0.0,0.0,0.0,0.0,0.0,0.0]","[7.340030602567024e-11,0.0,0.0,3.96938566341909e-08,-3.701438846137622e-09,3.730024682130031e-07,3.7946652493550685e-07,3.13574547544179e-08]",5.345075145401883e-07,True,"{""inner"":3.670015301283512e-11,""middle"":1.040994409233329e-07,""outer"":2.0541198984496237e-07}","[2.9146738164796498e-05,2.9146811565102524e-05,2.9146811565102524e-05,2.8795310900834897e-05,2.463436510178084e-05,1.116711185183374e-05,2.1771474208563663e-06,7.09335601685211e-08]",computed_canonical_persistence,persistence,"[2.9146738164796498e-05,2.9146811565102524e-05,2.9146811565102524e-05,2.8795310900834897e-05,2.463436510178084e-05,1.116711185183374e-05,2.1771474208563663e-06,7.09335601685211e-08]",5.345075145401883e-07,0.0,False,canonical_oracle,1.0,False,0.25,106,16,"[2.9146811565102524e-05,2.9146811565102524e-05,2.9146811565102524e-05,2.8835004757469088e-05,2.4630663662934703e-05,1.1540114320046744e-05,2.556613945791873e-06,1.0229101492293901e-07]",107,,True
"[2.2272929699017823,0.5825731383014432,0.06267570647908993,0.010203595231922824,0.0013503622646415664,0.001859736241023386,0.0005188134466502722,4.806931858904184e-05]",rho,"[0.0,0.0,0.0,0.0,0.0,0.0,0.0,0.0]","[0.0,0.0,0.0,0.0,0.0,0.0,0.0,0.0]","[2.2272929699017823,0.5825731383014432,0.06267570647908993,0.010203595231922824,-0.0013503622646415664,0.001859736241023386,-0.0005188134466502722,4.806931858904184e-05]",2.3030986401710605,True,"{""inner"":1.4049330541016127,""middle"":0.019022350054169426,""outer"":0.00028344138261965704}","[99.51650166879043,15.055667970035518,1.9024480962574497,0.287833988047718,0.07391646167489352,0.026628887311598806,0.056054200112525175,0.04727968568553287]",computed_canonical_persistence,persistence,"[99.51650166879043,15.055667970035518,1.9024480962574497,0.287833988047718,0.07391646167489352,0.026628887311598806,0.056054200112525175,0.04727968568553287]",2.3030986401710605,0.0,False,canonical_oracle,1.0,False,0.0,106,16,"[101.74379463869221,15.638241108336961,1.9651238027365396,0.2980375832796408,0.07256609941025195,0.028488623552622192,0.0555353866658749,0.04732775500412191]",107,,True
"[0.3045147515571638,0.0027252528888809524,2.2844808693653113e-05,2.489283717340921e-07,5.6509504882526243e-08,6.158962213756166e-09,1.12133149289371e-09,2.31372886803629e-11]",press,"[0.0,0.0,0.0,0.0,0.0,0.0,0.0,0.0]","[0.0,0.0,0.0,0.0,0.0,0.0,0.0,0.0]","[0.3045147515571638,0.0027252528888809524,2.2844808693653113e-05,2.489283717340921e-07,-5.6509504882526243e-08,6.158962213756166e-09,-1.12133149289371e-09,2.31372886803629e-11]",0.3045269469869293,True,"{""inner"":0.15362000222302236,""middle"":5.789101383120871e-06,""outer"":5.722343907870364e-10}","[3.699962450570377,0.03283529479164939,0.00040708336936819015,1.0902841291889136e-05,7.111367591383102e-07,5.011662691895014e-08,7.704552709581402e-08,6.162048934383187e-08]",computed_canonical_persistence,persistence,"[3.699962450570377,0.03283529479164939,0.00040708336936819015,1.0902841291889136e-05,7.111367591383102e-07,5.011662691895014e-08,7.704552709581402e-08,6.162048934383187e-08]",0.3045269469869293,0.0,False,canonical_oracle,1.0,False,0.0,106,16,"[4.004477202127541,0.035560547680530345,0.00042992817806184326,1.1151769663623228e-05,6.54627254255784e-07,5.6275589132706305e-08,7.59241956029203e-08,6.164362663251223e-08]",107,,True
"[9.112252237003515e-05,0.0007573667623348018,0.005358709427912847,0.024742862271203953,0.038525017405300566,0.05306184032821773,0.05293343307546383,0.059289091860330906]",vel1,"[0.0,0.0,0.0,0.0,0.0,0.0,0.0,0.0]","[0.0,0.0,0.0,0.0,0.0,0.0,0.0,0.0]","[-9.112252237003515e-05,0.0007573667623348018,0.005358709427912847,0.024742862271203953,0.038525017405300566,-0.05306184032821773,0.05293343307546383,0.059289091860330906]",0.10610554897697241,True,"{""inner"":0.0004242446423524185,""middle"":0.030422107358158774,""outer"":0.05611126246789737}","[0.1603413820495001,0.07329170252488555,0.09568089579497926,0.15663708820457253,0.1545721850499865,0.21517324755275458,0.7699745799463575,0.13844631553670922]",computed_canonical_persistence,persistence,"[0.1603413820495001,0.07329170252488555,0.09568089579497926,0.15663708820457253,0.1545721850499865,0.21517324755275458,0.7699745799463575,0.13844631553670922]",0.10610554897697241,0.0,False,canonical_oracle,1.0,False,0.0,106,16,"[0.16025025952713007,0.07404906928722035,0.10103960522289211,0.18137995047577649,0.19309720245528705,0.16211140722453685,0.8229080130218214,0.19773540739704012]",107,,True
"[1.4532180237960667e-06,2.581046975415536e-08,3.8605330373849087e-07,4.229096281922772e-06,1.3071549987342653e-05,2.1200770039475757e-06,1.5073028017269587e-08,5.004213672600825e-08]",vel2,"[0.0,0.0,0.0,0.0,0.0,0.0,0.0,0.0]","[0.0,0.0,0.0,0.0,0.0,0.0,0.0,0.0]","[-1.4532180237960667e-06,-2.581046975415536e-08,3.8605330373849087e-07,4.229096281922772e-06,1.3071549987342653e-05,2.1200770039475757e-06,1.5073028017269587e-08,5.004213672600825e-08]",1.3982477545343024e-05,True,"{""inner"":7.39514246775111e-07,""middle"":4.951694144237873e-06,""outer"":3.255758237163892e-08}","[0.0005334668731189762,1.9068445984520027e-05,8.903312697174143e-05,0.00016554737344800412,9.571407175515791e-05,1.1130085481291926e-05,5.962765137365379e-07,5.6227183258023587e-08]",computed_canonical_persistence,persistence,"[0.0005334668731189762,1.9068445984520027e-05,8.903312697174143e-05,0.00016554737344800412,9.571407175515791e-05,1.1130085481291926e-05,5.962765137365379e-07,5.6227183258023587e-08]",1.3982477545343024e-05,0.0,False,canonical_oracle,1.0,False,0.0,106,16,"[0.0005320136550951802,1.904263551476587e-05,8.941918027547992e-05,0.0001697764697299269,0.00010878562174250057,1.3250162485239502e-05,6.113495417538074e-07,1.0626931998403183e-07]",107,,True
"[9.355534840319303e-06,0.0,7.657551873044386e-07,4.8479475001162245e-06,1.3252162118865696e-05,2.0492258531828534e-05,1.7380615086389265e-05,8.33427064946568e-06]",vel3,"[0.0,0.0,0.0,0.0,0.0,0.0,0.0,0.0]","[0.0,0.0,0.0,0.0,0.0,0.0,0.0,0.0]","[-9.355534840319303e-06,0.0,7.657551873044386e-07,4.8479475001162245e-06,-1.3252162118865696e-05,2.0492258531828534e-05,1.7380615086389265e-05,8.33427064946568e-06]",3.284377135346915e-05,True,"{""inner"":4.677767420159652e-06,""middle"":9.839530834528723e-06,""outer"":1.2857442867927473e-05}","[9.355534840319303e-06,0.0,0.00011658255251090343,0.0008243969642926893,0.0011783914147096672,0.0010270827123928553,0.0005247369671396059,8.577800116126598e-05]",computed_canonical_persistence,persistence,"[9.355534840319303e-06,0.0,0.00011658255251090343,0.0008243969642926893,0.0011783914147096672,0.0010270827123928553,0.0005247369671396059,8.577800116126598e-05]",3.284377135346915e-05,0.0,False,canonical_oracle,1.0,False,0.125,106,16,"[0.0,0.0,0.00011734830769820787,0.0008292449117928056,0.0011651392525908015,0.0010475749709246839,0.0005421175822259951,9.411227181073166e-05]",107,,True
"[1.1883921772216581,0.10681352998931404,0.007939762791407345,8.736231416616239e-05,0.0006064582739490672,0.00022035563694594845,4.102347808901112e-05,8.479837689257483e-07]",Bcc1,"[0.0,0.0,0.0,0.0,0.0,0.0,0.0,0.0]","[0.0,0.0,0.0,0.0,0.0,0.0,0.0,0.0]","[1.1883921772216581,0.10681352998931404,0.007939762791407345,8.736231416616239e-05,-0.0006064582739490672,0.00022035563694594845,4.102347808901112e-05,8.479837689257483e-07]",1.1932093540396247,True,"{""inner"":0.6476028536054861,""middle"":0.0022134847541171307,""outer"":2.0935730928968435e-05}","[28.907602266782774,2.910717327071081,0.28314748546107593,0.031174566673623793,0.00760899444558775,0.0028067635327739143,0.0001194421663674173,1.9260861157694133e-05]",computed_canonical_persistence,persistence,"[28.907602266782774,2.910717327071081,0.28314748546107593,0.031174566673623793,0.00760899444558775,0.0028067635327739143,0.0001194421663674173,1.9260861157694133e-05]",1.1932093540396247,0.0,False,canonical_oracle,1.0,False,0.0,107,17,"[30.095994444004432,3.017530857060395,0.2910872482524833,0.031261928987789955,0.007002536171638683,0.0030271191697198627,0.00016046564445642842,2.0108844926619882e-05]",108,,True
"[1.133672250676213e-05,2.1868150257313293e-05,4.292491025796946e-07,1.1511332301755827e-07,9.858080578562786e-08,4.920985893258043e-09,3.634291053453867e-10,2.1023502639529767e-11]",Bcc2,"[0.0,0.0,0.0,0.0,0.0,0.0,0.0,0.0]","[0.0,0.0,0.0,0.0,0.0,0.0,0.0,0.0]","[-1.133672250676213e-05,2.1868150257313293e-05,-4.292491025796946e-07,-1.1511332301755827e-07,-9.858080578562786e-08,4.920985893258043e-09,3.634291053453867e-10,2.1023502639529767e-11]",2.463624405758423e-05,True,"{""inner"":1.660243638203771e-05,""middle"":1.619660543190347e-07,""outer"":1.9222630399245824e-10}","[0.002526100382271944,0.000741378199463206,1.842217563986719e-05,1.985646915378118e-06,6.504670796981903e-07,6.769819685556139e-08,2.568676877949183e-09,2.0187703325463576e-10]",computed_canonical_persistence,persistence,"[0.002526100382271944,0.000741378199463206,1.842217563986719e-05,1.985646915378118e-06,6.504670796981903e-07,6.769819685556139e-08,2.568676877949183e-09,2.0187703325463576e-10]",2.463624405758423e-05,0.0,False,canonical_oracle,1.0,False,0.0,107,17,"[0.002514763659765182,0.0007632463497205193,1.7992926537287496e-05,1.87053359236056e-06,5.518862739125624e-07,7.261918274881943e-08,2.93210598329457e-09,2.2290053589416552e-10]",108,,True
"[0.0,0.0,0.0,3.914192529588101e-08,5.0818521968487476e-09,3.530093553523047e-07,3.660375016379606e-07,5.2043208075071496e-08]",Bcc3,"[0.0,0.0,0.0,0.0,0.0,0.0,0.0,0.0]","[0.0,0.0,0.0,0.0,0.0,0.0,0.0,0.0]","[0.0,0.0,0.0,3.914192529588101e-08,-5.0818521968487476e-09,3.530093553523047e-07,3.660375016379606e-07,5.2043208075071496e-08]",5.1270407509203e-07,True,"{""inner"":0.0,""middle"":9.930828321125862e-08,""outer"":2.0904035485651605e-07}","[2.9146811565102524e-05,2.9146811565102524e-05,2.9146811565102524e-05,2.8835004757469088e-05,2.4630663662934703e-05,1.1540114320046744e-05,2.556613945791873e-06,1.0229101492293901e-07]",computed_canonical_persistence,persistence,"[2.9146811565102524e-05,2.9146811565102524e-05,2.9146811565102524e-05,2.8835004757469088e-05,2.4630663662934703e-05,1.1540114320046744e-05,2.556613945791873e-06,1.0229101492293901e-07]",5.1270407509203e-07,0.0,False,canonical_oracle,1.0,False,0.375,107,17,"[2.9146811565102524e-05,2.9146811565102524e-05,2.9146811565102524e-05,2.887414668276497e-05,2.4625581810737855e-05,1.1893123675399048e-05,2.922651447429834e-06,1.543342229980105e-07]",108,,True
"[3.0031189685963398,0.6298484762489398,0.06959254009360727,0.00969325739828547,0.0014246271525864135,0.0023030388162202826,0.0005421461003594433,3.612449074346519e-05]",rho,"[0.0,0.0,0.0,0.0,0.0,0.0,0.0,0.0]","[0.0,0.0,0.0,0.0,0.0,0.0,0.0,0.0]","[3.0031189685963398,0.6298484762489398,0.06959254009360727,0.00969325739828547,-0.0014246271525864135,0.0023030388162202826,-0.0005421461003594433,3.612449074346519e-05]",3.0692633240290106,True,"{""inner"":1.8164837224226398,""middle"":0.020753365865174858,""outer"":0.00028913529555145423}","[101.74379463869221,15.638241108336961,1.9651238027365396,0.2980375832796408,0.07256609941025195,0.028488623552622192,0.0555353866658749,0.04732775500412191]",computed_canonical_persistence,persistence,"[101.74379463869221,15.638241108336961,1.9651238027365396,0.2980375832796408,0.07256609941025195,0.028488623552622192,0.0555353866658749,0.04732775500412191]",3.0692633240290106,0.0,False,canonical_oracle,1.0,False,0.0,107,17,"[104.74691360728855,16.2680895845859,2.034716342830147,0.3077308406779263,0.07114147225766554,0.030791662368842475,0.05499324056551546,0.047363879494865375]",108,,True
"[0.31215915228089663,0.0028548332415422317,2.4247031319850603e-05,1.9821538708278993e-07,4.134543217292377e-08,9.917406108700531e-09,1.3369373930958582e-09,2.3398315694659436e-11]",press,"[0.0,0.0,0.0,0.0,0.0,0.0,0.0,0.0]","[0.0,0.0,0.0,0.0,0.0,0.0,0.0,0.0]","[0.31215915228089663,0.0028548332415422317,2.4247031319850603e-05,1.9821538708278993e-07,-4.134543217292377e-08,9.917406108700531e-09,-1.3369373930958582e-09,-2.3398315694659436e-11]",0.31217220730475775,True,"{""inner"":0.15750699276121943,""middle"":6.124127386303754e-06,""outer"":6.801678543952588e-10}","[4.004477202127541,0.035560547680530345,0.00042992817806184326,1.1151769663623228e-05,6.54627254255784e-07,5.6275589132706305e-08,7.59241956029203e-08,6.164362663251223e-08]",computed_canonical_persistence,persistence,"[4.004477202127541,0.035560547680530345,0.00042992817806184326,1.1151769663623228e-05,6.54627254255784e-07,5.6275589132706305e-08,7.59241956029203e-08,6.164362663251223e-08]",0.31217220730475775,0.0,False,canonical_oracle,1.0,False,0.0,107,17,"[4.316636354408438,0.03841538092207258,0.00045417520938169386,1.1349985050706018e-05,6.132818220828602e-07,6.619299524140684e-08,7.458725820982445e-08,6.162022831681757e-08]",108,,True
"[0.002288192112074483,0.0011742784977448878,0.004965740639548841,0.028435656618119087,0.0421079929033325,0.022374110546000886,0.005192014502564679,0.07472226896371567]",vel1,"[0.0,0.0,0.0,0.0,0.0,0.0,0.0,0.0]","[0.0,0.0,0.0,0.0,0.0,0.0,0.0,0.0]","[0.002288192112074483,0.0011742784977448878,0.004965740639548841,0.028435656618119087,0.0421079929033325,-0.022374110546000886,0.005192014502564679,0.07472226896371567]",0.09340191798505719,True,"{""inner"":0.0017312353049096854,""middle"":0.02447087517675033,""outer"":0.039957141733140175}","[0.16025025952713007,0.07404906928722035,0.10103960522289211,0.18137995047577649,0.19309720245528705,0.16211140722453685,0.8229080130218214,0.19773540739704012]",computed_canonical_persistence,persistence,"[0.16025025952713007,0.07404906928722035,0.10103960522289211,0.18137995047577649,0.19309720245528705,0.16211140722453685,0.8229080130218214,0.19773540739704012]",0.09340191798505719,0.0,False,canonical_oracle,1.0,False,0.0,107,17,"[0.16253845163920455,0.07522334778496524,0.10600534586244095,0.20981560709389557,0.23520519535861956,0.13973729667853596,0.828100027524386,0.2724576763607558]",108,,True
"[2.293398341525997e-08,2.2436256676814948e-07,1.3669404946959571e-06,2.122730159314837e-06,1.1022034009327354e-05,2.5406809927188444e-06,8.972553603880264e-08,3.062902519720756e-08]",vel2,"[0.0,0.0,0.0,0.0,0.0,0.0,0.0,0.0]","[0.0,0.0,0.0,0.0,0.0,0.0,0.0,0.0]","[2.293398341525997e-08,-2.2436256676814948e-07,-1.3669404946959571e-06,2.122730159314837e-06,1.1022034009327354e-05,2.5406809927188444e-06,-8.972553603880264e-08,3.062902519720756e-08]",1.1592008307139887e-05,True,"{""inner"":1.2364827509170472e-07,""middle"":4.263096414014249e-06,""outer"":6.017728061800509e-08}","[0.0005320136550951802,1.904263551476587e-05,8.941918027547992e-05,0.0001697764697299269,0.00010878562174250057,1.3250162485239502e-05,6.113495417538074e-07,1.0626931998403183e-07]",computed_canonical_persistence,persistence,"[0.0005320136550951802,1.904263551476587e-05,8.941918027547992e-05,0.0001697764697299269,0.00010878562174250057,1.3250162485239502e-05,6.113495417538074e-07,1.0626931998403183e-07]",1.1592008307139887e-05,0.0,False,canonical_oracle,1.0,False,0.0,107,17,"[0.0005320365890785954,1.8818272947997722e-05,8.805223978078396e-05,0.00017189919988924173,0.00011980765575182792,1.5790843477958346e-05,5.216240057150048e-07,1.368983451812394e-07]",108,,True
"[0.0,0.0,3.9722613022144396e-08,7.902228651741157e-06,4.380024863820213e-06,8.867844501797995e-06,2.1112615728887578e-05,1.106939279591187e-05]",vel3,"[0.0,0.0,0.0,0.0,0.0,0.0,0.0,0.0]","[0.0,0.0,0.0,0.0,0.0,0.0,0.0,0.0]","[0.0,0.0,-3.9722613022144396e-08,7.902228651741157e-06,-4.380024863820213e-06,8.867844501797995e-06,2.1112615728887578e-05,1.106939279591187e-05]",2.6991555702700672e-05,True,"{""inner"":0.0,""middle"":5.297455157595377e-06,""outer"":1.6091004262399724e-05}","[0.0,0.0,0.00011734830769820787,0.0008292449117928056,0.0011651392525908015,0.0010475749709246839,0.0005421175822259951,9.411227181073166e-05]",computed_canonical_persistence,persistence,"[0.0,0.0,0.00011734830769820787,0.0008292449117928056,0.0011651392525908015,0.0010475749709246839,0.0005421175822259951,9.411227181073166e-05]",2.6991555702700672e-05,0.0,False,canonical_oracle,1.0,False,0.25,107,17,"[0.0,0.0,0.00011730858508518573,0.0008371471404445467,0.0011607592277269813,0.0010564428154264819,0.0005632301979548827,0.00010518166460664353]",108,,True
"[1.1510062732236008,0.10845551978201051,0.00832066337830073,0.00022511346452810943,0.0005550471092568357,7.052875130456005e-05,6.559185501777228e-05,1.0964037177468425e-06]",Bcc1,"[0.0,0.0,0.0,0.0,0.0,0.0,0.0,0.0]","[0.0,0.0,0.0,0.0,0.0,0.0,0.0,0.0]","[1.1510062732236008,0.10845551978201051,0.00832066337830073,0.00022511346452810943,-0.0005550471092568357,7.052875130456005e-05,6.559185501777228e-05,1.0964037177468425e-06]",1.1561347854992892,True,"{""inner"":0.6297308965028057,""middle"":0.002292838175847559,""outer"":3.3344129367759565e-05}","[30.095994444004432,3.017530857060395,0.2910872482524833,0.031261928987789955,0.007002536171638683,0.0030271191697198627,0.00016046564445642842,2.0108844926619882e-05]",computed_canonical_persistence,persistence,"[30.095994444004432,3.017530857060395,0.2910872482524833,0.031261928987789955,0.007002536171638683,0.0030271191697198627,0.00016046564445642842,2.0108844926619882e-05]",1.1561347854992892,0.0,False,canonical_oracle,1.0,False,0.0,108,18,"[31.247000717228033,3.1259863768424054,0.299407911630784,0.031487042452318065,0.006447489062381847,0.0030976479210244228,0.0002260574994742007,2.1205248644366724e-05]",109,,True
"[1.8883706821440707e-05,2.2204887717068643e-05,2.993288628528721e-07,7.616985211654466e-08,9.278843282760752e-08,4.889249797427417e-09,1.6705002396863292e-10,6.551166306480557e-14]",Bcc2,"[0.0,0.0,0.0,0.0,0.0,0.0,0.0,0.0]","[0.0,0.0,0.0,0.0,0.0,0.0,0.0,0.0]","[-1.8883706821440707e-05,2.2204887717068643e-05,-2.993288628528721e-07,-7.616985211654466e-08,-9.278843282760752e-08,4.889249797427417e-09,1.6705002396863292e-10,-6.551166306480557e-14]",2.915056526186407e-05,True,"{""inner"":2.0544297269254675e-05,""middle"":1.1829409939861293e-07,""outer"":8.355776781584886e-11}","[0.002514763659765182,0.0007632463497205193,1.7992926537287496e-05,1.87053359236056e-06,5.518862739125624e-07,7.261918274881943e-08,2.93210598329457e-09,2.2290053589416552e-10]",computed_canonical_persistence,persistence,"[0.002514763659765182,0.0007632463497205193,1.7992926537287496e-05,1.87053359236056e-06,5.518862739125624e-07,7.261918274881943e-08,2.93210598329457e-09,2.2290053589416552e-10]",2.915056526186407e-05,0.0,False,canonical_oracle,1.0,False,0.0,108,18,"[0.002495879952943741,0.000785451237437588,1.7693597674434624e-05,1.7943637402440153e-06,4.590978410849549e-07,7.750843254624685e-08,3.0991560072632027e-09,2.2283502423110072e-10]",109,,True
"[0.0,0.0,0.0,2.772689152614891e-08,1.8427721855813058e-08,2.789338361132495e-07,4.101026306879243e-07,6.21647091192249e-08]",Bcc3,"[0.0,0.0,0.0,0.0,0.0,0.0,0.0,0.0]","[0.0,0.0,0.0,0.0,0.0,0.0,0.0,0.0]","[0.0,0.0,0.0,2.772689152614891e-08,1.8427721855813058e-08,2.789338361132495e-07,4.101026306879243e-07,6.21647091192249e-08]",5.009601432573105e-07,True,"{""inner"":0.0,""middle"":8.127211237380286e-08,""outer"":2.3613366990357457e-07}","[2.9146811565102524e-05,2.9146811565102524e-05,2.9146811565102524e-05,2.887414668276497e-05,2.4625581810737855e-05,1.1893123675399048e-05,2.922651447429834e-06,1.543342229980105e-07]",computed_canonical_persistence,persistence,"[2.9146811565102524e-05,2.9146811565102524e-05,2.9146811565102524e-05,2.887414668276497e-05,2.4625581810737855e-05,1.1893123675399048e-05,2.922651447429834e-06,1.543342229980105e-07]",5.009601432573105e-07,0.0,False,canonical_oracle,1.0,False,0.375,108,18,"[2.9146811565102524e-05,2.9146811565102524e-05,2.9146811565102524e-05,2.8901873574291118e-05,2.4644009532593668e-05,1.2172057511512298e-05,3.332754078117758e-06,2.164989321172354e-07]",109,,True
"[3.063756343513859,0.6044127904348429,0.07955447115075209,0.008733689778738396,0.001081275937910825,0.0028020895044808328,0.0005605970946073666,2.503579846067222e-05]",rho,"[0.0,0.0,0.0,0.0,0.0,0.0,0.0,0.0]","[0.0,0.0,0.0,0.0,0.0,0.0,0.0,0.0]","[3.063756343513859,0.6044127904348429,0.07955447115075209,0.008733689778738396,-0.001081275937910825,0.0028020895044808328,-0.0005605970946073666,2.503579846067222e-05]",3.123832946980201,True,"{""inner"":1.8340845669743508,""middle"":0.023042881592970535,""outer"":0.0002928164465340194}","[104.74691360728855,16.2680895845859,2.034716342830147,0.3077308406779263,0.07114147225766554,0.030791662368842475,0.05499324056551546,0.047363879494865375]",computed_canonical_persistence,persistence,"[104.74691360728855,16.2680895845859,2.034716342830147,0.3077308406779263,0.07114147225766554,0.030791662368842475,0.05499324056551546,0.047363879494865375]",3.123832946980201,0.0,False,canonical_oracle,1.0,False,0.0,108,18,"[107.8106699508024,16.872502375020744,2.114270813980899,0.31646453045666467,0.07006019631975471,0.03359375187332331,0.05443264347090809,0.04738891529332605]",109,,True
"[0.3489830876826918,0.0029876881810387695,2.623128951492591e-05,1.7246552033155655e-07,2.2269993121676364e-08,1.511597692232329e-08,1.4164697911463336e-09,6.310923447684198e-11]",press,"[0.0,0.0,0.0,0.0,0.0,0.0,0.0,0.0]","[0.0,0.0,0.0,0.0,0.0,0.0,0.0,0.0]","[0.3489830876826918,0.0029876881810387695,2.623128951492591e-05,1.7246552033155655e-07,-2.2269993121676364e-08,1.511597692232329e-08,-1.4164697911463336e-09,-6.310923447684198e-11]",0.34899587742167315,True,"{""inner"":0.1759853879318653,""middle"":6.610285251325366e-06,""outer"":7.397895128115878e-10}","[4.316636354408438,0.03841538092207258,0.00045417520938169386,1.1349985050706018e-05,6.132818220828602e-07,6.619299524140684e-08,7.458725820982445e-08,6.162022831681757e-08]",computed_canonical_persistence,persistence,"[4.316636354408438,0.03841538092207258,0.00045417520938169386,1.1349985050706018e-05,6.132818220828602e-07,6.619299524140684e-08,7.458725820982445e-08,6.162022831681757e-08]",0.34899587742167315,0.0,False,canonical_oracle,1.0,False,0.0,108,18,"[4.665619442091129,0.041403069103111347,0.00048040649889661977,1.1522450571037575e-05,5.910118289611838e-07,8.130897216373013e-08,7.317078841867811e-08,6.155711908234073e-08]",109,,True
"[2.1387988997478846e-05,0.0016994553002688262,0.006680003453698596,0.01893891578315618,0.03914464384730437,0.00044814816689794923,0.03184468258114881,0.08253145452605942]",vel1,"[0.0,0.0,0.0,0.0,0.0,0.0,0.0,0.0]","[0.0,0.0,0.0,0.0,0.0,0.0,0.0,0.0]","[2.1387988997478846e-05,0.0016994553002688262,0.006680003453698596,0.01893891578315618,0.03914464384730437,-0.00044814816689794923,-0.03184468258114881,0.08253145452605942]",0.09881407974848284,True,"{""inner"":0.0008604216446331525,""middle"":0.016302927812764274,""outer"":0.057188068553604116}","[0.16253845163920455,0.07522334778496524,0.10600534586244095,0.20981560709389557,0.23520519535861956,0.13973729667853596,0.828100027524386,0.2724576763607558]",computed_canonical_persistence,persistence,"[0.16253845163920455,0.07522334778496524,0.10600534586244095,0.20981560709389557,0.23520519535861956,0.13973729667853596,0.828100027524386,0.2724576763607558]",0.09881407974848284,0.0,False,canonical_oracle,1.0,False,0.0,108,18,"[0.16255983962820203,0.07692280308523407,0.11268534931613955,0.22875452287705175,0.27434983920592393,0.139289148511638,0.7962553449432372,0.3549891308868152]",109,,True
"[6.067178500744359e-06,1.4791527699418696e-07,1.6681510124721922e-06,2.569730492953733e-07,8.206311293001178e-06,4.24321573036551e-06,5.3239355462014977e-08,3.253928795027118e-08]",vel2,"[0.0,0.0,0.0,0.0,0.0,0.0,0.0,0.0]","[0.0,0.0,0.0,0.0,0.0,0.0,0.0,0.0]","[6.067178500744359e-06,-1.4791527699418696e-07,-1.6681510124721922e-06,-2.569730492953733e-07,8.206311293001178e-06,4.24321573036551e-06,-5.3239355462014977e-08,3.253928795027118e-08]",1.1181843087963151e-05,True,"{""inner"":3.107546888869273e-06,""middle"":3.5936627712835635e-06,""outer"":4.288932170614308e-08}","[0.0005320365890785954,1.8818272947997722e-05,8.805223978078396e-05,0.00017189919988924173,0.00011980765575182792,1.5790843477958346e-05,5.216240057150048e-07,1.368983451812394e-07]",computed_canonical_persistence,persistence,"[0.0005320365890785954,1.8818272947997722e-05,8.805223978078396e-05,0.00017189919988924173,0.00011980765575182792,1.5790843477958346e-05,5.216240057150048e-07,1.368983451812394e-07]",1.1181843087963151e-05,0.0,False,canonical_oracle,1.0,False,0.0,108,18,"[0.0005381037675793398,1.8670357671003535e-05,8.638408876831177e-05,0.00017164222683994636,0.0001280139670448291,2.0034059208323857e-05,4.6838465025298984e-07,1.6943763313151058e-07]",109,,True
"[4.3950807696828116e-06,0.0,1.4012733114367648e-06,4.67523775918733e-06,4.532255635213535e-06,1.0256860465279478e-06,1.4083207554096001e-05,1.3609667214296899e-05]",vel3,"[0.0,0.0,0.0,0.0,0.0,0.0,0.0,0.0]","[0.0,0.0,0.0,0.0,0.0,0.0,0.0,0.0]","[4.3950807696828116e-06,0.0,-1.4012733114367648e-06,4.67523775918733e-06,-4.532255635213535e-06,-1.0256860465279478e-06,1.4083207554096001e-05,1.3609667214296899e-05]",2.1172890678292683e-05,True,"{""inner"":2.1975403848414058e-06,""middle"":2.9086131880913944e-06,""outer"":1.384643738419645e-05}","[0.0,0.0,0.00011730858508518573,0.0008371471404445467,0.0011607592277269813,0.0010564428154264819,0.0005632301979548827,0.00010518166460664353]",computed_canonical_persistence,persistence,"[0.0,0.0,0.00011730858508518573,0.0008371471404445467,0.0011607592277269813,0.0010564428154264819,0.0005632301979548827,0.00010518166460664353]",2.1172890678292683e-05,0.0,False,canonical_oracle,1.0,False,0.125,108,18,"[4.3950807696828116e-06,0.0,0.00011590731177374896,0.0008418223782037341,0.0011562269720917678,0.001055417129379954,0.0005773134055089787,0.00011879133182094043]",109,,True
"[1.1863851695109062,0.1082882621294492,0.008536363150030812,0.00037795813976516934,0.00042292182086966276,3.767062984730632e-05,8.456990167861523e-05,9.192671084932446e-07]",Bcc1,"[0.0,0.0,0.0,0.0,0.0,0.0,0.0,0.0]","[0.0,0.0,0.0,0.0,0.0,0.0,0.0,0.0]","[1.1863851695109062,0.1082882621294492,0.008536363150030812,0.00037795813976516934,-0.00042292182086966276,-3.767062984730632e-05,8.456990167861523e-05,9.192671084932446e-07]",1.1913476897755244,True,"{""inner"":0.6473367158201777,""middle"":0.002343728435128238,""outer"":4.274458439355424e-05}","[31.247000717228033,3.1259863768424054,0.299407911630784,0.031487042452318065,0.006447489062381847,0.0030976479210244228,0.0002260574994742007,2.1205248644366724e-05]",computed_canonical_persistence,persistence,"[31.247000717228033,3.1259863768424054,0.299407911630784,0.031487042452318065,0.006447489062381847,0.0030976479210244228,0.0002260574994742007,2.1205248644366724e-05]",1.1913476897755244,0.0,False,canonical_oracle,1.0,False,0.0,109,19,"[32.43338588673894,3.2342746389718546,0.3079442747808148,0.031865000592083234,0.006024567241512184,0.0030599772911771165,0.00031062740115281594,2.212451575285997e-05]",110,,True
"[32.40719835106962,3.2292660682129304,0.3065407706313402,0.026495669463209734,0.004115490117760391,0.0026323676770230414,1.521423540128548e-05,0.0002342922108689457]",Bcc1,"[-31.22081318155871,-3.120977806083481,-0.2980044074813094,-0.026117711323444565,-0.004538411938630054,-0.0026700383068703477,9.978413707990071e-05,0.00023521147797743894]","[0.0,0.0,0.0,0.0,0.0,0.0,0.0,0.0]","[1.1863851695109062,0.1082882621294492,0.008536363150030812,0.00037795813976516934,-0.00042292182086966276,-3.767062984730632e-05,8.456990167861523e-05,9.192671084932446e-07]",32.56914732520922,True,"{""inner"":17.818232209641273,""middle"":0.08494607447233335,""outer"":0.0001247532231351156}","[31.247000717228033,3.1259863768424054,0.299407911630784,0.031487042452318065,0.006447489062381847,0.0030976479210244228,0.0002260574994742007,2.1205248644366724e-05]",frozen_rollout_saved_statistics,fno_plain,"[0.02618753566932305,0.005008570758924255,0.001403504149474575,0.005369331128873499,0.0019090771237517932,0.0004276096141540749,0.0003258416365541014,0.00025641672662180567]",1.1913476897755244,-26.338070661257547,False,canonical_oracle,27.338070661257547,False,0.5,109,19,"[32.43338588673894,3.2342746389718546,0.3079442747808148,0.031865000592083234,0.006024567241512184,0.0030599772911771165,0.00031062740115281594,2.212451575285997e-05]",110,-0.9999599498357028,False
"[32.41982457100073,3.2334738556312304,0.30467232281051854,0.029269209058586813,0.0009596278475559362,0.0015383543781651366,0.001140889856202436,0.003156184224535483]",Bcc1,"[-31.23343940148982,-3.125185593501781,-0.2961359596604877,-0.028891250918821644,-0.001382549668425599,-0.001576025008012443,0.0012254597578810512,0.003157103491643976]","[0.0,0.0,0.0,0.0,0.0,0.0,0.0,0.0]","[1.1863851695109062,0.1082882621294492,0.008536363150030812,0.00037795813976516934,-0.00042292182086966276,-3.767062984730632e-05,8.456990167861523e-05,9.192671084932446e-07]",32.582112805202605,True,"{""inner"":17.82664921331598,""middle"":0.0841098785237066,""outer"":0.0021485370403689593}","[31.247000717228033,3.1259863768424054,0.299407911630784,0.031487042452318065,0.006447489062381847,0.0030976479210244228,0.0002260574994742007,2.1205248644366724e-05]",frozen_rollout_saved_statistics,fno_full,"[0.013561315738212327,0.0008007833406240588,0.0032719519702962946,0.00259579153349642,0.005064939393956248,0.0015216229130119799,0.001451517257355252,0.0031783087402883427]",1.1913476897755244,-26.34895369742294,False,canonical_oracle,27.34895369742294,False,0.5,109,19,"[32.43338588673894,3.2342746389718546,0.3079442747808148,0.031865000592083234,0.006024567241512184,0.0030599772911771165,0.00031062740115281594,2.212451575285997e-05]",110,-0.999959278555588,False
"[32.43325890078503,3.2336096959970844,0.3061032832139951,0.031612097059091016,0.0019636570141994894,0.0022734178137180715,0.03669012737260445,6.913151302926466e-06]",Bcc1,"[-31.24687373127412,-3.125321433867635,-0.2975669200639643,-0.031234138919325846,-0.002386578835069152,-0.0023110884435653778,0.036774697274283064,7.83241841141971e-06]","[0.0,0.0,0.0,0.0,0.0,0.0,0.0,0.0]","[1.1863851695109062,0.1082882621294492,0.008536363150030812,0.00037795813976516934,-0.00042292182086966276,-3.767062984730632e-05,8.456990167861523e-05,9.192671084932446e-07]",32.59552988257659,True,"{""inner"":17.833434298391055,""middle"":0.08548811377525092,""outer"":0.018348520261953688}","[31.247000717228033,3.1259863768424054,0.299407911630784,0.031487042452318065,0.006447489062381847,0.0030976479210244228,0.0002260574994742007,2.1205248644366724e-05]",frozen_rollout_saved_statistics,localno_plain,"[0.0001269859539124968,0.0006649429747701493,0.0018409915668197241,0.000252903532992218,0.004060910227312695,0.0007865594774590449,0.03700075477375726,2.9037667055786435e-05]",1.1913476897755244,-26.360215797890447,False,canonical_oracle,27.360215797890447,False,0.5,109,19,"[32.43338588673894,3.2342746389718546,0.3079442747808148,0.031865000592083234,0.006024567241512184,0.0030599772911771165,0.00031062740115281594,2.212451575285997e-05]",110,-0.9999586929239224,False
"[1.798450648894537e-05,2.0589145303626338e-05,1.7787055298853778e-07,5.2373058552315894e-08,7.616736379167685e-08,1.3574216639300687e-09,2.6335304302524416e-12,3.907037986495681e-12]",Bcc2,"[0.0,0.0,0.0,0.0,0.0,0.0,0.0,0.0]","[0.0,0.0,0.0,0.0,0.0,0.0,0.0,0.0]","[-1.798450648894537e-05,2.0589145303626338e-05,-1.7787055298853778e-07,-5.2373058552315894e-08,-7.616736379167685e-08,1.3574216639300687e-09,-2.6335304302524416e-12,-3.907037986495681e-12]",2.733853621109883e-05,True,"{""inner"":1.9286825896285855e-05,""middle"":7.694209924911515e-08,""outer"":3.270284208374061e-12}","[0.002495879952943741,0.000785451237437588,1.7693597674434624e-05,1.7943637402440153e-06,4.590978410849549e-07,7.750843254624685e-08,3.0991560072632027e-09,2.2283502423110072e-10]",computed_canonical_persistence,persistence,"[0.002495879952943741,0.000785451237437588,1.7693597674434624e-05,1.7943637402440153e-06,4.590978410849549e-07,7.750843254624685e-08,3.0991560072632027e-09,2.2283502423110072e-10]",2.733853621109883e-05,0.0,False,canonical_oracle,1.0,False,0.0,109,19,"[0.002477895446454796,0.0008060403827412143,1.7515727121446086e-05,1.7419906816916994e-06,3.8293047729327805e-07,7.886585421017692e-08,3.0965224768329503e-09,2.1892798624460504e-10]",110,,True
"[0.0021549586972559277,4.035631746703407e-05,0.0005003021604824727,8.419795527261518e-07,2.3421525818871592e-07,5.533394905029422e-08,6.370587366357296e-08,1.0132162328110858e-08]",Bcc2,"[-0.002172943203744873,6.094546277066041e-05,0.0005001242899294842,-8.943526112784677e-07,-3.1038262198039276e-07,-5.397652738636415e-08,6.370324013314271e-08,1.0128255290124362e-08]","[0.0,0.0,0.0,0.0,0.0,0.0,0.0,0.0]","[-1.798450648894537e-05,2.0589145303626338e-05,-1.7787055298853778e-07,-5.2373058552315894e-08,-7.616736379167685e-08,1.3574216639300687e-09,-2.6335304302524416e-12,-3.907037986495681e-12]",0.002212640649095825,True,"{""inner"":0.0010976575073614809,""middle"":0.00012535842231060947,""outer"":3.691901799584191e-08}","[0.002495879952943741,0.000785451237437588,1.7693597674434624e-05,1.7943637402440153e-06,4.590978410849549e-07,7.750843254624685e-08,3.0991560072632027e-09,2.2283502423110072e-10]",frozen_rollout_saved_statistics,fno_plain,"[0.00032293674919886805,0.0008463967002082484,0.0005178178876039188,9.000111289655476e-07,1.487152191045621e-07,2.3531905159882698e-08,6.680239614040591e-08,1.0351090314355463e-08]",2.733853621109883e-05,-79.9348617647474,False,canonical_oracle,80.9348617647474,False,0.5,109,19,"[0.002477895446454796,0.0008060403827412143,1.7515727121446086e-05,1.7419906816916994e-06,3.8293047729327805e-07,7.886585421017692e-08,3.0965224768329503e-09,2.1892798624460504e-10]",110,0.6599635374681347,False
"[0.002476737698307769,0.000747064295268853,4.531894880081949e-05,1.2243494184361828e-06,3.406738314514475e-07,2.9228169785940612e-06,3.221807573262556e-06,7.214830345393836e-07]",Bcc2,"[-0.0024947222047967143,-0.0007264751499652266,4.514107824783095e-05,-1.2767224769884987e-06,2.6450646765977066e-07,2.924174400257991e-06,3.2218049397321258e-06,7.214791275013971e-07]","[0.0,0.0,0.0,0.0,0.0,0.0,0.0,0.0]","[-1.798450648894537e-05,2.0589145303626338e-05,-1.7787055298853778e-07,-5.2373058552315894e-08,-7.616736379167685e-08,1.3574216639300687e-09,-2.6335304302524416e-12,-3.907037986495681e-12]",0.0025873557067276,True,"{""inner"":0.001611900996788311,""middle"":1.2451697257325294e-05,""outer"":1.97164530390097e-06}","[0.002495879952943741,0.000785451237437588,1.7693597674434624e-05,1.7943637402440153e-06,4.590978410849549e-07,7.750843254624685e-08,3.0991560072632027e-09,2.2283502423110072e-10]",frozen_rollout_saved_statistics,fno_full,"[1.157748147026655e-06,5.8976087472361344e-05,6.283467592226557e-05,5.176412632555167e-07,7.236043087447256e-07,3.001682832804238e-06,3.224904095739389e-06,7.217019625256282e-07]",2.733853621109883e-05,-93.64134022205593,False,canonical_oracle,94.64134022205593,False,0.375,109,19,"[0.002477895446454796,0.0008060403827412143,1.7515727121446086e-05,1.7419906816916994e-06,3.8293047729327805e-07,7.886585421017692e-08,3.0965224768329503e-09,2.1892798624460504e-10]",110,0.42086734274501736,False
"[0.0024774836507368008,0.00036071203245953345,0.0007670460338058289,1.6812589245489927e-05,1.6315587297850437e-07,1.8160693674969682e-07,1.7445668500893135e-06,1.478520439572866e-07]",Bcc2,"[-0.002495468157225746,-0.0003401228871559071,0.0007668681632528404,1.676021618693761e-05,-2.393232367701812e-07,1.8296435841362689e-07,1.7445642165588833e-06,1.478481369193001e-07]","[0.0,0.0,0.0,0.0,0.0,0.0,0.0,0.0]","[-1.798450648894537e-05,2.0589145303626338e-05,-1.7787055298853778e-07,-5.2373058552315894e-08,-7.616736379167685e-08,1.3574216639300687e-09,-2.6335304302524416e-12,-3.907037986495681e-12]",0.0026185270317753574,True,"{""inner"":0.001419097841598167,""middle"":0.00019605084646526176,""outer"":9.462094470233001e-07}","[0.002495879952943741,0.000785451237437588,1.7693597674434624e-05,1.7943637402440153e-06,4.590978410849549e-07,7.750843254624685e-08,3.0991560072632027e-09,2.2283502423110072e-10]",frozen_rollout_saved_statistics,localno_plain,"[4.117957179949395e-07,0.0004453283502816809,0.000784561760927275,1.8554579927181627e-05,2.197746043147737e-07,2.6047279095987374e-07,1.7476633725661466e-06,1.480709719435312e-07]",2.733853621109883e-05,-94.78153751744377,False,canonical_oracle,95.78153751744377,False,0.375,109,19,"[0.002477895446454796,0.0008060403827412143,1.7515727121446086e-05,1.7419906816916994e-06,3.8293047729327805e-07,7.886585421017692e-08,3.0965224768329503e-09,2.1892798624460504e-10]",110,0.5243385211397048,False
"[0.0,0.0,0.0,1.28448260709499e-08,5.1536239777618715e-08,2.0841633423174371e-07,4.329404000977088e-07,4.9248555894010235e-08]",Bcc3,"[0.0,0.0,0.0,0.0,0.0,0.0,0.0,0.0]","[0.0,0.0,0.0,0.0,0.0,0.0,0.0,0.0]","[0.0,0.0,0.0,1.28448260709499e-08,5.1536239777618715e-08,2.0841633423174371e-07,4.329404000977088e-07,4.9248555894010235e-08]",4.859229900264205e-07,True,"{""inner"":0.0,""middle"":6.819935002007808e-08,""outer"":2.410944779958595e-07}","[2.9146811565102524e-05,2.9146811565102524e-05,2.9146811565102524e-05,2.8901873574291118e-05,2.4644009532593668e-05,1.2172057511512298e-05,3.332754078117758e-06,2.164989321172354e-07]",computed_canonical_persistence,persistence,"[2.9146811565102524e-05,2.9146811565102524e-05,2.9146811565102524e-05,2.8901873574291118e-05,2.4644009532593668e-05,1.2172057511512298e-05,3.332754078117758e-06,2.164989321172354e-07]",4.859229900264205e-07,0.0,False,canonical_oracle,1.0,False,0.375,109,19,"[2.9146811565102524e-05,2.9146811565102524e-05,2.9146811565102524e-05,2.8914718400362068e-05,2.4695545772371286e-05,1.2380473845744042e-05,3.765694478215467e-06,2.6574748801124563e-07]",110,,True
"[1.4835077382436557e-05,1.65703191766308e-05,1.4368553845064544e-05,8.597658191230664e-06,2.1491419321397396e-05,1.2006272809998643e-05,2.9837820136609546e-06,1.193371738538852e-07]",Bcc3,"[-1.4835077382436557e-05,-1.65703191766308e-05,-1.4368553845064544e-05,-8.584813365159714e-06,-2.1439883081619778e-05,-1.17978564757669e-05,-2.550841613563246e-06,-7.008861795987497e-08]","[0.0,0.0,0.0,0.0,0.0,0.0,0.0,0.0]","[0.0,0.0,0.0,1.28448260709499e-08,5.1536239777618715e-08,2.0841633423174371e-07,4.329404000977088e-07,4.9248555894010235e-08]",3.728242149099774e-05,True,"{""inner"":1.570269827953368e-05,""middle"":1.4115976041922813e-05,""outer"":1.55155959375742e-06}","[2.9146811565102524e-05,2.9146811565102524e-05,2.9146811565102524e-05,2.8901873574291118e-05,2.4644009532593668e-05,1.2172057511512298e-05,3.332754078117758e-06,2.164989321172354e-07]",frozen_rollout_saved_statistics,fno_plain,"[1.4311734182665967e-05,1.2576492388471724e-05,1.477825772003798e-05,2.0317060209131404e-05,3.204126450973889e-06,3.742010357453989e-07,7.819124645545123e-07,1.4641031415736043e-07]",4.859229900264205e-07,-75.72495900836185,False,canonical_oracle,76.72495900836185,False,0.0,109,19,"[2.9146811565102524e-05,2.9146811565102524e-05,2.9146811565102524e-05,2.8914718400362068e-05,2.4695545772371286e-05,1.2380473845744042e-05,3.765694478215467e-06,2.6574748801124563e-07]",110,-0.2648888318464158,False
"[1.8204309014183105e-05,1.686695329674553e-05,1.7608731873846322e-05,1.8595731584994882e-05,1.2685168282343037e-05,7.781786907354943e-06,4.538108679930401e-06,5.996067836013574e-06]",Bcc3,"[-1.8204309014183105e-05,-1.686695329674553e-05,-1.7608731873846322e-05,-1.8582886758923933e-05,-1.2633632042565418e-05,-7.573370573123199e-06,4.971049080028109e-06,6.045316391907585e-06]","[0.0,0.0,0.0,0.0,0.0,0.0,0.0,0.0]","[0.0,0.0,0.0,1.28448260709499e-08,5.1536239777618715e-08,2.0841633423174371e-07,4.329404000977088e-07,4.9248555894010235e-08]",3.9367202253810594e-05,True,"{""inner"":1.753563115546432e-05,""middle"":1.4167854662134796e-05,""outer"":5.267088257971988e-06}","[2.9146811565102524e-05,2.9146811565102524e-05,2.9146811565102524e-05,2.8901873574291118e-05,2.4644009532593668e-05,1.2172057511512298e-05,3.332754078117758e-06,2.164989321172354e-07]",frozen_rollout_saved_statistics,fno_full,"[1.0942502550919419e-05,1.2279858268356993e-05,1.1538079691256202e-05,1.0318986815367185e-05,1.201037749002825e-05,4.5986869383890985e-06,8.303803158145867e-06,6.261815324024821e-06]",4.859229900264205e-07,-80.0153111950314,False,canonical_oracle,81.0153111950314,False,0.25,109,19,"[2.9146811565102524e-05,2.9146811565102524e-05,2.9146811565102524e-05,2.8914718400362068e-05,2.4695545772371286e-05,1.2380473845744042e-05,3.765694478215467e-06,2.6574748801124563e-07]",110,-0.0009570856891562792,False
"[2.8892732578102974e-05,2.650773589027715e-05,1.9772859072592268e-05,2.238087297682896e-05,2.1493884899815857e-05,1.1404662428717966e-05,2.504859839337013e-06,2.3828183531590552e-07]",Bcc3,"[-2.8892732578102974e-05,-2.650773589027715e-05,-1.9772859072592268e-05,-2.236802815075801e-05,-2.1442348660038238e-05,-1.1196246094486223e-05,-2.071919439239304e-06,-1.8903327942189528e-07]","[0.0,0.0,0.0,0.0,0.0,0.0,0.0,0.0]","[0.0,0.0,0.0,1.28448260709499e-08,5.1536239777618715e-08,2.0841633423174371e-07,4.329404000977088e-07,4.9248555894010235e-08]",5.502457635652741e-05,True,"{""inner"":2.7700234234190064e-05,""middle"":1.8763069844488764e-05,""outer"":1.3715708373264591e-06}","[2.9146811565102524e-05,2.9146811565102524e-05,2.9146811565102524e-05,2.8901873574291118e-05,2.4644009532593668e-05,1.2172057511512298e-05,3.332754078117758e-06,2.164989321172354e-07]",frozen_rollout_saved_statistics,localno_plain,"[2.540789869995496e-07,2.639075674825374e-06,9.373952492510256e-06,6.533845423533108e-06,3.2016608725554297e-06,9.75811417026076e-07,1.2608346388784542e-06,2.7465652695340114e-08]",4.859229900264205e-07,-112.23723611746715,False,canonical_oracle,113.23723611746715,False,0.0,109,19,"[2.9146811565102524e-05,2.9146811565102524e-05,2.9146811565102524e-05,2.8914718400362068e-05,2.4695545772371286e-05,1.2380473845744042e-05,3.765694478215467e-06,2.6574748801124563e-07]",110,-0.17351764737721648,False
"[2.564581952395727,0.6293074971851063,0.08811245087893571,0.007694728071063417,3.997083363016518e-05,0.0027540472886993933,0.0005533624407381005,1.4245928424395926e-05]",rho,"[0.0,0.0,0.0,0.0,0.0,0.0,0.0,0.0]","[0.0,0.0,0.0,0.0,0.0,0.0,0.0,0.0]","[2.564581952395727,0.6293074971851063,0.08811245087893571,0.007694728071063417,-3.997083363016518e-05,0.0027540472886993933,-0.0005533624407381005,1.4245928424395926e-05]",2.642146745015181,True,"{""inner"":1.5969447247904167,""middle"":0.02465029926808217,""outer"":0.0002838041845812482}","[107.8106699508024,16.872502375020744,2.114270813980899,0.31646453045666467,0.07006019631975471,0.03359375187332331,0.05443264347090809,0.04738891529332605]",computed_canonical_persistence,persistence,"[107.8106699508024,16.872502375020744,2.114270813980899,0.31646453045666467,0.07006019631975471,0.03359375187332331,0.05443264347090809,0.04738891529332605]",2.642146745015181,0.0,False,canonical_oracle,1.0,False,0.0,109,19,"[110.37525190319813,17.50180987220585,2.2023832648598347,0.3241592585277281,0.07002022548612455,0.0363477991620227,0.05387928103016999,0.047403161221750444]",110,,True
"[110.37525005131934,17.501808223481692,2.202380310946365,0.3241364424768113,0.07001706099489777,0.03611681874275763,0.051088546636083865,0.037658135663657534]",rho,"[-107.81066809892361,-16.872500726296586,-2.114267860067429,-0.31644171440574786,-0.07005703182852793,-0.033362771454058235,-0.051641909076821965,-0.03764388973523314]","[0.0,0.0,0.0,0.0,0.0,0.0,0.0,0.0]","[2.564581952395727,0.6293074971851063,0.08811245087893571,0.007694728071063417,-3.997083363016518e-05,0.0027540472886993933,-0.0005533624407381005,1.4245928424395926e-05]",111.77645053157839,True,"{""inner"":63.938529137400515,""middle"":0.6581626582902078,""outer"":0.044373341149870696}","[107.8106699508024,16.872502375020744,2.114270813980899,0.31646453045666467,0.07006019631975471,0.03359375187332331,0.05443264347090809,0.04738891529332605]",frozen_rollout_saved_statistics,fno_plain,"[1.8518787956635915e-06,1.648724156566353e-06,2.9539134696067524e-06,2.2816050916814686e-05,3.164491226787752e-06,0.00023098041926507216,0.0027907343940861305,0.00974502555809291]",2.642146745015181,-41.3051636864841,False,canonical_oracle,42.3051636864841,False,0.25,109,19,"[110.37525190319813,17.50180987220585,2.2023832648598347,0.3241592585277281,0.07002022548612455,0.0363477991620227,0.05387928103016999,0.047403161221750444]",110,-0.9962609090537281,False
"[110.37458876425754,17.499762291037946,2.201548913901909,0.3236376549530064,0.06999290647822251,0.03628045400695037,0.05383573331462129,0.04701886663139176]",rho,"[-107.81000681186181,-16.87045479385284,-2.1134364630229734,-0.315942926881943,-0.07003287731185268,-0.033526406718250974,-0.05438909575535939,-0.04700462070296736]","[0.0,0.0,0.0,0.0,0.0,0.0,0.0,0.0]","[2.564581952395727,0.6293074971851063,0.08811245087893571,0.007694728071063417,-3.997083363016518e-05,0.0027540472886993933,-0.0005533624407381005,1.4245928424395926e-05]",111.77546425048793,True,"{""inner"":63.93717552764774,""middle"":0.657864982335022,""outer"":0.050427299973006524}","[107.8106699508024,16.872502375020744,2.114270813980899,0.31646453045666467,0.07006019631975471,0.03359375187332331,0.05443264347090809,0.04738891529332605]",frozen_rollout_saved_statistics,fno_full,"[0.0006631389405984791,0.0020475811679043403,0.0008343509579256923,0.0005216035747217026,2.7319007902039636e-05,6.734515507233124e-05,4.354771554869925e-05,0.0003842945903586884]",2.642146745015181,-41.30479039870501,False,canonical_oracle,42.30479039870501,False,0.25,109,19,"[110.37525190319813,17.50180987220585,2.2023832648598347,0.3241592585277281,0.07002022548612455,0.0363477991620227,0.05387928103016999,0.047403161221750444]",110,-0.9962592565466405,False
"[110.37524852207727,17.50180157815743,2.2023602568605063,0.3230845973433015,0.06963491816556089,0.03491326807524827,0.05011892899296904,0.04724925073874391]",rho,"[-107.81066656968154,-16.872494080972324,-2.1142478059815706,-0.3153898692722381,-0.06967488899919105,-0.03215922078654888,-0.05067229143370714,-0.04723500481031952]","[0.0,0.0,0.0,0.0,0.0,0.0,0.0,0.0]","[2.564581952395727,0.6293074971851063,0.08811245087893571,0.007694728071063417,-3.997083363016518e-05,0.0027540472886993933,-0.0005533624407381005,1.4245928424395926e-05]",111.77644712329341,True,"{""inner"":63.93852505011735,""middle"":0.6574982601111542,""outer"":0.04868408986585648}","[107.8106699508024,16.872502375020744,2.114270813980899,0.31646453045666467,0.07006019631975471,0.03359375187332331,0.05443264347090809,0.04738891529332605]",frozen_rollout_saved_statistics,localno_plain,"[3.3811208594117847e-06,8.294048419858845e-06,2.300799932833801e-05,0.0010746611844265703,0.000385307320563664,0.0014345310867744277,0.003760352037200953,0.0001539104830065295]",2.642146745015181,-41.30516239651601,False,canonical_oracle,42.30516239651601,False,0.25,109,19,"[110.37525190319813,17.50180987220585,2.2023832648598347,0.3241592585277281,0.07002022548612455,0.0363477991620227,0.05387928103016999,0.047403161221750444]",110,-0.99626086779014,False
"[0.3320828367037354,0.003071392874734291,2.8253547747773085e-05,2.0561783984183238e-07,4.604285175632713e-09,1.5789687561609434e-08,1.3691239438546895e-09,6.471767693936118e-11]",press,"[0.0,0.0,0.0,0.0,0.0,0.0,0.0,0.0]","[0.0,0.0,0.0,0.0,0.0,0.0,0.0,0.0]","[0.3320828367037354,0.003071392874734291,2.8253547747773085e-05,2.0561783984183238e-07,4.604285175632713e-09,1.5789687561609434e-08,-1.3691239438546895e-09,-6.471767693936118e-11]",0.3320970410673607,True,"{""inner"":0.16757711478923484,""middle"":7.1198898900880395e-06,""outer"":7.169208103970253e-10}","[4.665619442091129,0.041403069103111347,0.00048040649889661977,1.1522450571037575e-05,5.910118289611838e-07,8.130897216373013e-08,7.317078841867811e-08,6.155711908234073e-08]",computed_canonical_persistence,persistence,"[4.665619442091129,0.041403069103111347,0.00048040649889661977,1.1522450571037575e-05,5.910118289611838e-07,8.130897216373013e-08,7.317078841867811e-08,6.155711908234073e-08]",0.3320970410673607,0.0,False,canonical_oracle,1.0,False,0.0,109,19,"[4.997702278794865,0.04447446197784564,0.0005086600466443929,1.1728068410879407e-05,5.956161141368165e-07,9.709865972533956e-08,7.180166447482343e-08,6.149240140540137e-08]",110,,True
"[4.997701767399795,0.044472947437398706,0.0005071011831021997,1.0904129338088812e-05,5.85408119744283e-07,9.583045645093134e-08,6.780996785228907e-08,5.768532370649375e-08]",press,"[-4.66561893069606,-0.041401554562664415,-0.00047884763535442653,-1.069851149824698e-05,-5.808038345686503e-07,-8.00407688893219e-08,-6.917909179614376e-08,-5.775004138343311e-08]","[0.0,0.0,0.0,0.0,0.0,0.0,0.0,0.0]","[0.3320828367037354,0.003071392874734291,2.8253547747773085e-05,2.0561783984183238e-07,4.604285175632713e-09,1.5789687561609434e-08,-1.3691239438546895e-09,-6.471767693936118e-11]",4.997899664478637,True,"{""inner"":2.521087357418597,""middle"":0.00012967163775412093,""outer"":6.274764577939141e-08}","[4.665619442091129,0.041403069103111347,0.00048040649889661977,1.1522450571037575e-05,5.910118289611838e-07,8.130897216373013e-08,7.317078841867811e-08,6.155711908234073e-08]",frozen_rollout_saved_statistics,fno_plain,"[5.11395069138091e-07,1.51454044693442e-06,1.558863542193255e-06,8.239390727905954e-07,1.0207994392533531e-08,1.2682032744082286e-09,3.991696622534351e-09,3.8070776989076225e-09]",0.3320970410673607,-14.049515793381882,False,canonical_oracle,15.049515793381882,False,0.25,109,19,"[4.997702278794865,0.04447446197784564,0.0005086600466443929,1.1728068410879407e-05,5.956161141368165e-07,9.709865972533956e-08,7.180166447482343e-08,6.149240140540137e-08]",110,-0.9999999294979462,False
"[4.997698138802021,0.04447209098238523,0.0005057675171456603,4.956720777469195e-06,1.2215885791671285e-07,8.553588737078692e-07,1.2665884249138228e-06,1.5656725110075763e-06]",press,"[-4.665615302098286,-0.041400698107650936,-0.0004775139693978873,-4.751102937627363e-06,-1.1755457274108014e-07,8.711485612694786e-07,1.265219300969968e-06,1.5656077933306369e-06]","[0.0,0.0,0.0,0.0,0.0,0.0,0.0,0.0]","[0.3320828367037354,0.003071392874734291,2.8253547747773085e-05,2.0561783984183238e-07,4.604285175632713e-09,1.5789687561609434e-08,-1.3691239438546895e-09,-6.471767693936118e-11]",4.9978960282594596,True,"{""inner"":2.521085114892203,""middle"":0.00012792543891368852,""outer"":1.4161304679606996e-06}","[4.665619442091129,0.041403069103111347,0.00048040649889661977,1.1522450571037575e-05,5.910118289611838e-07,8.130897216373013e-08,7.317078841867811e-08,6.155711908234073e-08]",frozen_rollout_saved_statistics,fno_full,"[4.1399928433348064e-06,2.370995460413065e-06,2.8925294987324483e-06,6.771347633410212e-06,4.734572562201037e-07,9.524575334332087e-07,1.3383900893886462e-06,1.6271649124129775e-06]",0.3320970410673607,-14.04950484411487,False,canonical_oracle,15.04950484411487,False,0.125,109,19,"[4.997702278794865,0.04447446197784564,0.0005086600466443929,1.1728068410879407e-05,5.956161141368165e-07,9.709865972533956e-08,7.180166447482343e-08,6.149240140540137e-08]",110,-0.9999999294378537,False
"[4.997702267503481,0.04447433416286311,0.0005085035419158485,1.1229554434530825e-05,3.636210719025888e-07,2.9655697847486742e-08,4.555059146240257e-08,5.7368584847492114e-08]",press,"[-4.665619430799746,-0.04140294128812882,-0.00048024999416807537,-1.1023936594688993e-05,-3.590167867269561e-07,-1.3866010285877309e-08,4.418146751854788e-08,-5.7433302524431475e-08]","[0.0,0.0,0.0,0.0,0.0,0.0,0.0,0.0]","[0.3320828367037354,0.003071392874734291,2.8253547747773085e-05,2.0561783984183238e-07,4.604285175632713e-09,1.5789687561609434e-08,-1.3691239438546895e-09,-6.471767693936118e-11]",4.997900177045432,True,"{""inner"":2.521088300833172,""middle"":0.00013003159328003232,""outer"":5.145958815494734e-08}","[4.665619442091129,0.041403069103111347,0.00048040649889661977,1.1522450571037575e-05,5.910118289611838e-07,8.130897216373013e-08,7.317078841867811e-08,6.155711908234073e-08]",frozen_rollout_saved_statistics,localno_plain,"[1.1291383422957888e-08,1.2781498253130597e-07,1.565047285444263e-07,4.985139763485825e-07,2.3199504223422772e-07,6.744296187785282e-08,1.17352255937226e-07,4.123816557909257e-09]",0.3320970410673607,-14.049517336806641,False,canonical_oracle,15.049517336806641,False,0.125,109,19,"[4.997702278794865,0.04447446197784564,0.0005086600466443929,1.1728068410879407e-05,5.956161141368165e-07,9.709865972533956e-08,7.180166447482343e-08,6.149240140540137e-08]",110,-0.9999999296035857,False
"[0.002209801094266828,0.0006617868116360892,0.0044130291823083895,0.012999973857397124,0.044001992048967487,0.015175462521040156,0.0694852509274404,0.10861149325599678]",vel1,"[0.0,0.0,0.0,0.0,0.0,0.0,0.0,0.0]","[0.0,0.0,0.0,0.0,0.0,0.0,0.0,0.0]","[-0.002209801094266828,0.0006617868116360892,0.0044130291823083895,0.012999973857397124,0.044001992048967487,0.015175462521040156,-0.0694852509274404,0.10861149325599678]",0.13778578250410625,True,"{""inner"":0.0014357939529514585,""middle"":0.01914761440242829,""outer"":0.08904837209171859}","[0.16255983962820203,0.07692280308523407,0.11268534931613955,0.22875452287705175,0.27434983920592393,0.139289148511638,0.7962553449432372,0.3549891308868152]",computed_canonical_persistence,persistence,"[0.16255983962820203,0.07692280308523407,0.11268534931613955,0.22875452287705175,0.27434983920592393,0.139289148511638,0.7962553449432372,0.3549891308868152]",0.13778578250410625,0.0,False,canonical_oracle,1.0,False,0.0,109,19,"[0.1603500385339352,0.07758458989687016,0.11709837849844794,0.24175449673444888,0.3183518312548914,0.15446461103267817,0.7267700940157968,0.463600624142812]",110,,True
"[0.13978172193286398,0.0715787338805452,0.11299402616887906,0.23712374760939386,0.30875978460400605,0.1382550397551397,0.7050847316719222,0.4568579605455974]",vel1,"[-0.1419915230271308,-0.07091694706890911,-0.10858099698657067,-0.22412377375199674,-0.26475779255503856,-0.12307957723409953,-0.7745699825993626,-0.3482464672896006]","[0.0,0.0,0.0,0.0,0.0,0.0,0.0,0.0]","[-0.002209801094266828,0.0006617868116360892,0.0044130291823083895,0.012999973857397124,0.044001992048967487,0.015175462521040156,-0.0694852509274404,0.10861149325599678]",0.9560169988644511,True,"{""inner"":0.10568022790670459,""middle"":0.19928314953435466,""outer"":0.5809713461087598}","[0.16255983962820203,0.07692280308523407,0.11268534931613955,0.22875452287705175,0.27434983920592393,0.139289148511638,0.7962553449432372,0.3549891308868152]",frozen_rollout_saved_statistics,fno_plain,"[0.020568316601071234,0.006005856016324953,0.004104352329568881,0.004630749125054999,0.009592046650885349,0.01620957127753848,0.021685362343874668,0.006742663597214585]",0.13778578250410625,-5.938429941681103,False,canonical_oracle,6.938429941681103,False,0.25,109,19,"[0.1603500385339352,0.07758458989687016,0.11709837849844794,0.24175449673444888,0.3183518312548914,0.15446461103267817,0.7267700940157968,0.463600624142812]",110,-0.004959245204726527,False
"[0.1402929309609881,0.06307387755452001,0.10448916971432742,0.22602185001773212,0.3109146533008023,0.13065801040982095,0.7152524859551348,0.4416185820910285]",vel1,"[-0.14250273205525493,-0.06241209074288393,-0.10007614053201903,-0.213021876160335,-0.2669126612518348,-0.11548254788878078,-0.7847377368825752,-0.3330070888350317]","[0.0,0.0,0.0,0.0,0.0,0.0,0.0,0.0]","[-0.002209801094266828,0.0006617868116360892,0.0044130291823083895,0.012999973857397124,0.044001992048967487,0.015175462521040156,-0.0694852509274404,0.10861149325599678]",0.9518491539182649,True,"{""inner"":0.10168340425775406,""middle"":0.19302092086067069,""outer"":0.5784355340230817}","[0.16255983962820203,0.07692280308523407,0.11268534931613955,0.22875452287705175,0.27434983920592393,0.139289148511638,0.7962553449432372,0.3549891308868152]",frozen_rollout_saved_statistics,fno_full,"[0.02005710757294711,0.014510712342350135,0.012609208784120514,0.01573264671671675,0.007437177954089076,0.023806600622857235,0.011517608060662038,0.021982042051783526]",0.13778578250410625,-5.90818121158399,False,canonical_oracle,6.90818121158399,False,0.25,109,19,"[0.1603500385339352,0.07758458989687016,0.11709837849844794,0.24175449673444888,0.3183518312548914,0.15446461103267817,0.7267700940157968,0.463600624142812]",110,0.014800270297446424,False
"[0.14740213004351016,0.06077139129726567,0.09665477849721103,0.23053290162231752,0.30981609391375337,0.14359198320626562,0.7163447186114222,0.4547172678383033]",vel1,"[-0.149611931137777,-0.06010960448562958,-0.09224174931490264,-0.2175329277649204,-0.2658141018647859,-0.12841652068522547,-0.7858299695388626,-0.3461057745823065]","[0.0,0.0,0.0,0.0,0.0,0.0,0.0,0.0]","[-0.002209801094266828,0.0006617868116360892,0.0044130291823083895,0.012999973857397124,0.044001992048967487,0.015175462521040156,-0.0694852509274404,0.10861149325599678]",0.9614730022835859,True,"{""inner"":0.10408676067038791,""middle"":0.1951489393098869,""outer"":0.5855309932248628}","[0.16255983962820203,0.07692280308523407,0.11268534931613955,0.22875452287705175,0.27434983920592393,0.139289148511638,0.7962553449432372,0.3549891308868152]",frozen_rollout_saved_statistics,localno_plain,"[0.012947908490425035,0.016813198599604486,0.020443600001236906,0.01122159511213137,0.008535737341138066,0.010872627826412554,0.01042537540437462,0.008883356304508712]",0.13778578250410625,-5.978027665916346,False,canonical_oracle,6.978027665916346,False,0.25,109,19,"[0.1603500385339352,0.07758458989687016,0.11709837849844794,0.24175449673444888,0.3183518312548914,0.15446461103267817,0.7267700940157968,0.463600624142812]",110,0.0032266421247714614,False
"[8.005704580362968e-07,2.5976922132303686e-07,1.7266228807359663e-06,1.0187100383340193e-06,7.09613999251411e-06,5.534185266426456e-06,7.390561181515229e-09,2.1971458504684596e-08]",vel2,"[0.0,0.0,0.0,0.0,0.0,0.0,0.0,0.0]","[0.0,0.0,0.0,0.0,0.0,0.0,0.0,0.0]","[8.005704580362968e-07,-2.5976922132303686e-07,-1.7266228807359663e-06,-1.0187100383340193e-06,7.09613999251411e-06,5.534185266426456e-06,-7.390561181515229e-09,2.1971458504684596e-08]",9.257987715642309e-06,True,"{""inner"":5.301698396796668e-07,""middle"":3.843914544502638e-06,""outer"":1.4681009843099912e-08}","[0.0005381037675793398,1.8670357671003535e-05,8.638408876831177e-05,0.00017164222683994636,0.0001280139670448291,2.0034059208323857e-05,4.6838465025298984e-07,1.6943763313151058e-07]",computed_canonical_persistence,persistence,"[0.0005381037675793398,1.8670357671003535e-05,8.638408876831177e-05,0.00017164222683994636,0.0001280139670448291,2.0034059208323857e-05,4.6838465025298984e-07,1.6943763313151058e-07]",9.257987715642309e-06,0.0,False,canonical_oracle,1.0,False,0.0,109,19,"[0.0005389043380373761,1.8410588449680498e-05,8.46574658875758e-05,0.00017062351680161234,0.0001351101070373432,2.5568244474750312e-05,4.609940890714746e-07,1.9140909163619517e-07]",110,,True
"[7.133424052899038e-05,0.00010228008167747322,3.785208751905646e-06,0.00015038686328364798,0.00012256509672461117,2.4471493842396125e-05,2.977561325706248e-06,4.670296775624346e-07]",vel2,"[-7.053367007095408e-05,0.00010202031245615018,-5.511831632641612e-06,-0.000151405573321982,-0.00011546895673209706,-1.893730857596967e-05,2.970170764524733e-06,4.890011360671192e-07]","[0.0,0.0,0.0,0.0,0.0,0.0,0.0,0.0]","[8.005704580362968e-07,-2.5976922132303686e-07,-1.7266228807359663e-06,-1.0187100383340193e-06,7.09613999251411e-06,5.534185266426456e-06,-7.390561181515229e-09,2.1971458504684596e-08]",0.00023197083085497704,True,"{""inner"":8.68071611032318e-05,""middle"":7.530216565064022e-05,""outer"":1.7222955016343412e-06}","[0.0005381037675793398,1.8670357671003535e-05,8.638408876831177e-05,0.00017164222683994636,0.0001280139670448291,2.0034059208323857e-05,4.6838465025298984e-07,1.6943763313151058e-07]",frozen_rollout_saved_statistics,fno_plain,"[0.0004675700975083857,0.00012069067012715372,8.087225713567016e-05,2.0236653517964347e-05,1.2545010312732049e-05,1.0967506323541886e-06,3.4385554147777226e-06,6.584387691986298e-07]",9.257987715642309e-06,-24.056290630310386,False,canonical_oracle,25.056290630310386,False,0.375,109,19,"[0.0005389043380373761,1.8410588449680498e-05,8.46574658875758e-05,0.00017062351680161234,0.0001351101070373432,2.5568244474750312e-05,4.609940890714746e-07,1.9140909163619517e-07]",110,-0.39935839281599833,False
"[2.5789030573860738e-05,0.00024030725077874704,0.0002894666928085535,5.333868779081369e-05,0.00013146338643501085,0.0001394426610114999,0.0003602752253799981,0.0002333728864918009]",vel2,"[2.6589601031897035e-05,0.000240047481557424,0.0002877400699278176,5.231997775247967e-05,0.00013855952642752496,0.00014497684627792635,0.00036026783481881656,0.00023339485795030558]","[0.0,0.0,0.0,0.0,0.0,0.0,0.0,0.0]","[8.005704580362968e-07,-2.5976922132303686e-07,-1.7266228807359663e-06,-1.0187100383340193e-06,7.09613999251411e-06,5.534185266426456e-06,-7.390561181515229e-09,2.1971458504684596e-08]",0.0006050096285106536,True,"{""inner"":0.0001330481406763039,""middle"":0.00015342785701146947,""outer"":0.00029682405593589947}","[0.0005381037675793398,1.8670357671003535e-05,8.638408876831177e-05,0.00017164222683994636,0.0001280139670448291,2.0034059208323857e-05,4.6838465025298984e-07,1.6943763313151058e-07]",frozen_rollout_saved_statistics,fno_full,"[0.0005646933686112368,0.0002587178392284275,0.00037412415869612936,0.00022396220459242603,0.00026657349347235405,0.0001650109054862502,0.00036073621946906956,0.00023356429558343708]",9.257987715642309e-06,-64.35001418163782,False,canonical_oracle,65.35001418163782,False,0.5,109,19,"[0.0005389043380373761,1.8410588449680498e-05,8.46574658875758e-05,0.00017062351680161234,0.0001351101070373432,2.5568244474750312e-05,4.609940890714746e-07,1.9140909163619517e-07]",110,0.21300702117076287,False
"[0.0005257701413370302,1.3272147295771335e-05,4.706695735865455e-05,0.0001609975708837928,0.00012934774240501415,2.102485067739661e-05,4.913674559504542e-06,2.3321656876173947e-06]",vel2,"[-0.000524969570878994,1.3012378074448298e-05,-4.879358023939052e-05,-0.00016201628092212683,-0.00012225160241250004,-1.5490665410970155e-05,4.906283998323027e-06,2.3541371461220794e-06]","[0.0,0.0,0.0,0.0,0.0,0.0,0.0,0.0]","[8.005704580362968e-07,-2.5976922132303686e-07,-1.7266228807359663e-06,-1.0187100383340193e-06,7.09613999251411e-06,5.534185266426456e-06,-7.390561181515229e-09,2.1971458504684596e-08]",0.0005674049468647914,True,"{""inner"":0.0002695211443164008,""middle"":8.960928033121453e-05,""outer"":3.6229201235609682e-06}","[0.0005381037675793398,1.8670357671003535e-05,8.638408876831177e-05,0.00017164222683994636,0.0001280139670448291,2.0034059208323857e-05,4.6838465025298984e-07,1.6943763313151058e-07]",frozen_rollout_saved_statistics,localno_plain,"[1.3134196700345878e-05,3.168273574545183e-05,3.7590508528921254e-05,9.625945917819521e-06,5.762364632329046e-06,4.543393797353703e-06,5.3746686485760165e-06,2.5235747792535898e-06]",9.257987715642309e-06,-60.28815076154219,False,canonical_oracle,61.28815076154219,False,0.375,109,19,"[0.0005389043380373761,1.8410588449680498e-05,8.46574658875758e-05,0.00017062351680161234,0.0001351101070373432,2.5568244474750312e-05,4.609940890714746e-07,1.9140909163619517e-07]",110,-0.2154393004350021,False
"[7.798782365047204e-07,0.0,2.382375496853614e-06,5.885910914932855e-07,3.6481493008364268e-06,1.6497599656852468e-05,1.355749851389052e-05,1.4929891238388881e-05]",vel3,"[0.0,0.0,0.0,0.0,0.0,0.0,0.0,0.0]","[0.0,0.0,0.0,0.0,0.0,0.0,0.0,0.0]","[-7.798782365047204e-07,0.0,-2.382375496853614e-06,5.885910914932855e-07,-3.6481493008364268e-06,1.6497599656852468e-05,-1.355749851389052e-05,1.4929891238388881e-05]",2.6435157813941724e-05,True,"{""inner"":3.899391182523602e-07,""middle"":5.7791788865089486e-06,""outer"":1.42436948761397e-05}","[4.3950807696828116e-06,0.0,0.00011590731177374896,0.0008418223782037341,0.0011562269720917678,0.001055417129379954,0.0005773134055089787,0.00011879133182094043]",computed_canonical_persistence,persistence,"[4.3950807696828116e-06,0.0,0.00011590731177374896,0.0008418223782037341,0.0011562269720917678,0.001055417129379954,0.0005773134055089787,0.00011879133182094043]",2.6435157813941724e-05,0.0,False,canonical_oracle,1.0,False,0.125,109,19,"[3.615202533178091e-06,0.0,0.00011352493627689535,0.0008424109692952273,0.0011525788227909313,0.0010719147290368064,0.0005637559069950882,0.0001337212230593293]",110,,True
"[0.0006991732225794289,0.0009575447940902953,0.0005307933559908688,0.0004886321137673669,0.0010185849108754908,0.0009037010013777888,5.423531088276682e-05,0.0001312431066734031]",vel3,"[0.0006983933443429242,0.0009575447940902953,0.0005284109804940152,-0.00048804352267587357,-0.0010222330601763272,-0.0008872034017209363,-6.779280939665734e-05,-0.00011631321543501421]","[0.0,0.0,0.0,0.0,0.0,0.0,0.0,0.0]","[-7.798782365047204e-07,0.0,-2.382375496853614e-06,5.885910914932855e-07,-3.6481493008364268e-06,1.6497599656852468e-05,-1.355749851389052e-05,1.4929891238388881e-05]",0.0019495115028592754,True,"{""inner"":0.0008283590083348622,""middle"":0.0007354278455028788,""outer"":9.273920877808496e-05}","[4.3950807696828116e-06,0.0,0.00011590731177374896,0.0008418223782037341,0.0011562269720917678,0.001055417129379954,0.0005773134055089787,0.00011879133182094043]",frozen_rollout_saved_statistics,fno_plain,"[0.0007027884251126071,0.0009575447940902953,0.0006443182922677641,0.0003537788555278605,0.00013399391191544054,0.0001682137276590177,0.0005095205961123214,2.4781163859262217e-06]",2.6435157813941724e-05,-72.74692130005428,False,canonical_oracle,73.74692130005428,False,0.25,109,19,"[3.615202533178091e-06,0.0,0.00011352493627689535,0.0008424109692952273,0.0011525788227909313,0.0010719147290368064,0.0005637559069950882,0.0001337212230593293]",110,-0.26908532421225184,False
"[0.0016342438564793944,0.0014041162725208953,0.0010858456842509911,0.0007292282446558432,0.0003481011039488562,0.00018888026252990514,0.0003842535477585886,0.00046247169875552317]",vel3,"[0.0016334639782428896,0.0014041162725208953,0.0010834633087541375,0.0007298168357473365,0.0003444529546480198,0.0002053778621867576,0.00037069604924469806,0.00047740158999391203]","[0.0,0.0,0.0,0.0,0.0,0.0,0.0,0.0]","[-7.798782365047204e-07,0.0,-2.382375496853614e-06,5.885910914932855e-07,-3.6481493008364268e-06,1.6497599656852468e-05,-1.355749851389052e-05,1.4929891238388881e-05]",0.002621356741320727,True,"{""inner"":0.001519180064500145,""middle"":0.0005880138238463988,""outer"":0.00042336262325705587}","[4.3950807696828116e-06,0.0,0.00011590731177374896,0.0008418223782037341,0.0011562269720917678,0.001055417129379954,0.0005773134055089787,0.00011879133182094043]",frozen_rollout_saved_statistics,fno_full,"[0.0016378590590125724,0.0014041162725208953,0.0011993706205278864,0.0015716392139510705,0.0015006799267397875,0.0012607949915667115,0.0009480094547536768,0.0005961929218148525]",2.6435157813941724e-05,-98.16175873700445,False,canonical_oracle,99.16175873700445,False,0.375,109,19,"[3.615202533178091e-06,0.0,0.00011352493627689535,0.0008424109692952273,0.0011525788227909313,0.0010719147290368064,0.0005637559069950882,0.0001337212230593293]",110,0.011658092890121909,False
"[1.4439685758995467e-05,6.55677854586569e-05,1.4952029954294553e-05,0.0006575211104598802,0.0009513083317297739,0.0008770216678124116,0.00035291181485065486,9.734887975055885e-05]",vel3,"[1.3659807522490747e-05,6.55677854586569e-05,-1.7334405451148167e-05,-0.0006569325193683869,-0.0009549564810306103,-0.0008605240681555591,-0.0003664693133645454,-8.241898851216997e-05]","[0.0,0.0,0.0,0.0,0.0,0.0,0.0,0.0]","[-7.798782365047204e-07,0.0,-2.382375496853614e-06,5.885910914932855e-07,-3.6481493008364268e-06,1.6497599656852468e-05,-1.355749851389052e-05,1.4929891238388881e-05]",0.0014984135991760552,True,"{""inner"":4.000373560882618e-05,""middle"":0.00062520078498909,""outer"":0.00022513034730060685}","[4.3950807696828116e-06,0.0,0.00011590731177374896,0.0008418223782037341,0.0011562269720917678,0.001055417129379954,0.0005773134055089787,0.00011879133182094043]",frozen_rollout_saved_statistics,localno_plain,"[1.805488829217356e-05,6.55677854586569e-05,9.85729063226008e-05,0.0001848898588353472,0.00020127049106115745,0.00019489306122439485,0.00021084409214443332,3.637234330877047e-05]",2.6435157813941724e-05,-55.68260464803437,False,canonical_oracle,56.68260464803437,False,0.375,109,19,"[3.615202533178091e-06,0.0,0.00011352493627689535,0.0008424109692952273,0.0011525788227909313,0.0010719147290368064,0.0005637559069950882,0.0001337212230593293]",110,-0.18570904296222326,False
