canonical_inverse_clamp_occupancy,channel,classification,counterfactual,diagnostic_dynamic_span_q99_q01,diagnostic_high_k_energy,diagnostic_radial_profile_variance,diagnostic_std,diagnostic_total_variation,diagnostic_variance,dynamic_span_retention,dynamic_span_retention_undefined,finite,global_variance_retention,global_variance_retention_undefined,high_k_retention,high_k_retention_undefined,nonfinite_count,note,radial_variance_retention,radial_variance_retention_undefined,raw_dynamic_span_q99_q01,raw_high_k_energy,raw_radial_profile_variance,raw_std,raw_total_variation,raw_variance,recovery_dynamic_span_retention,recovery_global_variance_retention,recovery_high_k_retention,recovery_shell_radial_variance_retention,relative_l2,role,saturation_occupancy_abs_ge_0.90_gamma,shell_radial_variance_retention,shell_radial_variance_retention_undefined,shell_variance_retention,shell_variance_retention_median,sign_agreement,snapshot,std_retention,std_retention_undefined,total_variation_retention,total_variation_retention_undefined
0.0,Bcc1,diagnostic_counterfactual,CANONICAL_FULL,1.3487608885765074,647.4204379494049,1.5274596405402454e-06,0.227839890546372,0.006931017809806672,0.051911015724182774,1.000000208586996,False,True,0.9999999852348441,False,0.9999999623886168,False,0,frozen canonical tensor encode/decode,0.9999994524908855,False,1.3487606072425842,647.420462299784,1.5274604768387784e-06,0.22783989222841777,0.0069310179272725194,0.051911016490657026,0.0,0.0,0.0,0.0,3.897111055995196e-07,control_input,0.0,0.9999994524908855,False,"[0.9999999813333248,0.9999999927292657,0.9999999918028888,0.9999999956177823,0.9999999974144642,0.9999999954897404,1.0000000432549307,0.9999999702083202]",0.999999994109503,1.0,91,0.999999992617422,False,0.9999999830521507,False
0.0,Bcc1,diagnostic_counterfactual,NO_FINAL_INVERSE_CLAMP,1.3487608140499372,647.4202293332775,1.527459657407116e-06,0.2278398557119939,0.006931016731155071,0.0519109998508622,1.0000001533314007,False,True,0.9999996794554229,False,0.9999996401619656,False,0,diagnostic_counterfactual; actual float32 encoded state; inverse clamp bypassed,0.9999994635333125,False,1.3487606072425842,647.420462299784,1.5274604768387784e-06,0.22783989222841777,0.0069310179272725194,0.051911016490657026,-5.52555952104683e+22,-20.70952882594662,-8.56726404258934,0.02016848063449878,4.005383323803758e-07,control_input,0.0,0.9999994635333125,False,"[0.999999670389836,0.9999996922473915,0.9999996950195233,0.9999997345551296,0.9999997607182809,0.999999787791989,0.9999998624749646,0.9999997865476258]",0.9999997476367053,1.0,91,0.9999998397276986,False,0.9999998274254286,False
0.0,Bcc1,diagnostic_counterfactual,NO_SOFTCLIP_COUNTERFACTUAL,1.348760607242584,647.4204622997839,1.5274604768387782e-06,0.22783989222841777,0.0069310179272725194,0.05191101649065702,0.9999999999999999,False,True,0.9999999999999999,False,0.9999999999999998,False,0,diagnostic_counterfactual,0.9999999999999999,False,1.3487606072425842,647.420462299784,1.5274604768387784e-06,0.22783989222841777,0.0069310179272725194,0.051911016490657026,-2.0858699600889707e+23,0.9999999924807903,0.9999999940963457,0.9999999997972229,2.9214697852327963e-16,control_input,0.0,0.9999999999999999,False,"[0.9999999999999998,1.0,1.0,1.0,1.0,1.0,1.0000000000000002,1.0]",1.0,1.0,91,1.0,False,1.0,False
0.0,Bcc1,diagnostic_counterfactual,NORMALIZER_ONLY_ROUNDTRIP,1.348760607242584,647.4204622997839,1.5274604768387782e-06,0.22783989222841777,0.0069310179272725194,0.05191101649065702,0.9999999999999999,False,True,0.9999999999999999,False,0.9999999999999998,False,0,diagnostic_counterfactual,0.9999999999999999,False,1.3487606072425842,647.420462299784,1.5274604768387784e-06,0.22783989222841777,0.0069310179272725194,0.051911016490657026,-2.0858699600889707e+23,0.9999999924807903,0.9999999940963457,0.9999999997972229,2.9214697852327963e-16,control_input,0.0,0.9999999999999999,False,"[0.9999999999999998,1.0,1.0,1.0,1.0,1.0,1.0000000000000002,1.0]",1.0,1.0,91,1.0,False,1.0,False
0.0,Bcc1,diagnostic_counterfactual,NONLINEAR_ONLY_ROUNDTRIP,1.348760607242584,647.4204622997839,1.5274604768387782e-06,0.22783989222841777,0.0069310179272725194,0.05191101649065702,0.9999999999999999,False,True,0.9999999999999999,False,0.9999999999999998,False,0,diagnostic_counterfactual,0.9999999999999999,False,1.3487606072425842,647.420462299784,1.5274604768387784e-06,0.22783989222841777,0.0069310179272725194,0.051911016490657026,-2.0858699600889707e+23,0.9999999924807903,0.9999999940963457,0.9999999997972229,2.904970206885558e-16,control_input,0.0,0.9999999999999999,False,"[0.9999999999999998,1.0,1.0,1.0,1.0,1.0,1.0,1.0]",1.0,1.0,91,1.0,False,1.0,False
0.0,Bcc1,diagnostic_counterfactual,FLOAT64_REFERENCE,1.3487606072425837,647.4204622997842,1.5274604768387786e-06,0.22783989222841777,0.00693101792727252,0.051911016490657026,0.9999999999999997,False,True,1.0,False,1.0000000000000002,False,0,diagnostic_counterfactual; full canonical calculation in CPU float64,1.0000000000000002,False,1.3487606072425842,647.420462299784,1.5274604768387784e-06,0.22783989222841777,0.0069310179272725194,0.051911016490657026,-2.0858699623094165e+23,1.0,1.0000000059036542,1.0,7.303470781337814e-16,control_input,0.0,1.0,False,"[1.0000000000000002,1.0000000000000002,0.9999999999999999,0.9999999999999997,1.0,1.0,1.0,1.0]",1.0,1.0,91,1.0,False,1.0000000000000002,False
0.108642578125,Bcc2,diagnostic_counterfactual,CANONICAL_FULL,0.11968115497380497,2.3110039648263334,0.0004461651491322671,0.02702985448671925,0.000979207128337155,0.0007306130335732169,0.6263192950854065,False,True,0.5086611211529246,False,0.4716522105023575,False,0,frozen canonical tensor encode/decode,0.5610941032672082,False,0.19108648881316187,4.899805223778936,0.0007951699127370639,0.03789914702265331,0.001547670759063653,0.001436345345044691,0.0,0.0,0.0,0.0,0.346779872809021,control_input,0.284912109375,0.5610941032672082,False,"[0.5107004428422397,0.31709788061343225,0.694697884708942,0.9999999961655807,1.0000000103122677,1.0000000502003128,1.0000001946789172,1.000000344574951]",1.0000000032389242,0.9999961853027344,91,0.7132048241234242,False,0.6326973114938085,False
0.108642578125,Bcc2,diagnostic_counterfactual,NO_FINAL_INVERSE_CLAMP,0.19108523475479003,4.899806346599936,0.0007951694648309577,0.037899135310510236,0.0015476702675558467,0.0014363444572843638,0.9999934372211262,False,True,0.9999993819311419,False,1.000000229156252,False,0,diagnostic_counterfactual; actual float32 encoded state; inverse clamp bypassed,0.9999994367164816,False,0.19108648881316187,4.899805223778936,0.0007951699127370639,0.03789914702265331,0.001547670759063653,0.001436345345044691,0.9999824374692419,0.9999987420721529,1.0000004337223634,0.9999987166189322,4.201340278517362e-06,control_input,0.284912109375,0.9999994367164816,False,"[0.9999994324941242,0.9999991550165365,0.9999994599426082,0.9999999105736124,0.9999998098010391,0.9999999165288773,1.0000000561304587,1.0000001621439198]",0.9999998601873257,1.0,91,0.9999996909655231,False,0.999999682420952,False
0.108642578125,Bcc2,diagnostic_counterfactual,NO_SOFTCLIP_COUNTERFACTUAL,0.19108648881316187,4.899805223778935,0.0007951699127370639,0.037899147022653304,0.0015476707590636532,0.0014363453450446906,1.0,False,True,0.9999999999999997,False,0.9999999999999998,False,0,diagnostic_counterfactual,1.0,False,0.19108648881316187,4.899805223778936,0.0007951699127370639,0.03789914702265331,0.001547670759063653,0.001436345345044691,1.0,0.9999999999999993,0.9999999999999996,1.0,3.354096734702459e-16,control_input,0.284912109375,1.0,False,"[0.9999999999999999,1.0,0.9999999999999999,1.0000000000000002,1.0,1.0,1.0,1.0]",1.0,1.0,91,0.9999999999999998,False,1.0000000000000002,False
0.108642578125,Bcc2,diagnostic_counterfactual,NORMALIZER_ONLY_ROUNDTRIP,0.19108648881316187,4.899805223778935,0.0007951699127370639,0.037899147022653304,0.0015476707590636532,0.0014363453450446906,1.0,False,True,0.9999999999999997,False,0.9999999999999998,False,0,diagnostic_counterfactual,1.0,False,0.19108648881316187,4.899805223778936,0.0007951699127370639,0.03789914702265331,0.001547670759063653,0.001436345345044691,1.0,0.9999999999999993,0.9999999999999996,1.0,3.354096734702459e-16,control_input,0.284912109375,1.0,False,"[0.9999999999999999,1.0,0.9999999999999999,1.0000000000000002,1.0,1.0,1.0,1.0]",1.0,1.0,91,0.9999999999999998,False,1.0000000000000002,False
0.108642578125,Bcc2,diagnostic_counterfactual,NONLINEAR_ONLY_ROUNDTRIP,0.19108648881316187,4.8998052237789365,0.0007951699127370639,0.037899147022653304,0.001547670759063653,0.0014363453450446908,1.0,False,True,0.9999999999999999,False,1.0000000000000002,False,0,diagnostic_counterfactual,1.0,False,0.19108648881316187,4.899805223778936,0.0007951699127370639,0.03789914702265331,0.001547670759063653,0.001436345345044691,1.0,0.9999999999999998,1.0000000000000004,1.0,2.5538439331279127e-16,control_input,0.284912109375,1.0,False,"[0.9999999999999999,1.0,1.0,1.0,1.0,1.0,1.0,1.0]",1.0,1.0,91,0.9999999999999998,False,1.0,False
0.108642578125,Bcc2,diagnostic_counterfactual,FLOAT64_REFERENCE,0.11968099660286019,2.311000680047257,0.0004461647795483955,0.027029841727983863,0.0009792066490289517,0.0007306123438398577,0.6263184662934508,False,True,0.5086606409526987,False,0.47165154011263255,False,0,diagnostic_counterfactual; full canonical calculation in CPU float64,0.5610936384811723,False,0.19108648881316187,4.899805223778936,0.0007951699127370639,0.03789914702265331,0.001547670759063653,0.001436345345044691,-2.217914772776169e-06,-9.773299988861357e-07,-1.268841733193083e-06,-1.0589651206345328e-06,0.3467802117068184,control_input,0.284912109375,0.5610936384811723,False,"[0.5106999553544089,0.31709740615715365,0.6946973052890116,0.9999999999999998,0.9999999999999999,1.0,1.0,1.0]",0.9999999999999998,1.0,91,0.7132044874737529,False,0.6326970017973175,False
0.40625,Bcc3,diagnostic_counterfactual,CANONICAL_FULL,0.010797557421028614,0.1473713135253482,2.237203640088305e-09,0.003615527313072465,0.00020281415560114793,1.3072037751572997e-05,0.005056943855762159,False,True,0.0001585224579926114,False,7.1570391206053e-05,False,0,frozen canonical tensor encode/decode,0.0005583960114419608,False,2.1351942455768587,2059.110073900007,4.006482127820209e-06,0.28716152289222246,0.01004269754996648,0.08246174022978041,0.0,0.0,0.0,0.0,0.9937135377074606,control_input,0.46533203125,0.0005583960114419608,False,"[4.563662497278763e-05,0.0013339670541043067,0.011313787333020776,0.08108856348435071,0.40790703611267387,0.9862002444569352,1.0000000472491943,1.0000005240823975]",0.2444977997985123,1.0,91,0.012590570201250276,False,0.020195187059260277,False
0.40625,Bcc3,diagnostic_counterfactual,NO_FINAL_INVERSE_CLAMP,,,,,,,,,False,,,,,65728,diagnostic_counterfactual; actual float32 encoded state; inverse clamp bypassed,,,,,,,,,,,,,,control_input,0.46533203125,,,,,,91,,,,
0.40625,Bcc3,diagnostic_counterfactual,NO_SOFTCLIP_COUNTERFACTUAL,2.135194245576858,2059.1100739000076,4.0064821278202105e-06,0.28716152289222246,0.01004269754996648,0.0824617402297804,0.9999999999999998,False,True,0.9999999999999998,False,1.0000000000000002,False,0,diagnostic_counterfactual,1.0000000000000004,False,2.1351942455768587,2059.110073900007,4.006482127820209e-06,0.28716152289222246,0.01004269754996648,0.08246174022978041,0.9999999999999998,0.9999999999999998,1.0000000000000002,1.0,3.0796110495560718e-16,control_input,0.46533203125,1.0,False,"[1.0000000000000002,1.0,1.0,0.9999999999999999,1.0,1.0,1.0,1.0]",1.0,1.0,91,1.0,False,1.0,False
0.40625,Bcc3,diagnostic_counterfactual,NORMALIZER_ONLY_ROUNDTRIP,2.135194245576858,2059.1100739000076,4.0064821278202105e-06,0.28716152289222246,0.01004269754996648,0.0824617402297804,0.9999999999999998,False,True,0.9999999999999998,False,1.0000000000000002,False,0,diagnostic_counterfactual,1.0000000000000004,False,2.1351942455768587,2059.110073900007,4.006482127820209e-06,0.28716152289222246,0.01004269754996648,0.08246174022978041,0.9999999999999998,0.9999999999999998,1.0000000000000002,1.0,3.0796110495560718e-16,control_input,0.46533203125,1.0,False,"[1.0000000000000002,1.0,1.0,0.9999999999999999,1.0,1.0,1.0,1.0]",1.0,1.0,91,1.0,False,1.0,False
0.40625,Bcc3,diagnostic_counterfactual,NONLINEAR_ONLY_ROUNDTRIP,2.135194245576858,2059.1100739000076,4.0064821278202105e-06,0.28716152289222246,0.01004269754996648,0.0824617402297804,0.9999999999999998,False,True,0.9999999999999998,False,1.0000000000000002,False,0,diagnostic_counterfactual,1.0000000000000004,False,2.1351942455768587,2059.110073900007,4.006482127820209e-06,0.28716152289222246,0.01004269754996648,0.08246174022978041,0.9999999999999998,0.9999999999999998,1.0000000000000002,1.0,2.5537132046584e-16,control_input,0.46533203125,1.0,False,"[1.0000000000000002,1.0,1.0,0.9999999999999999,1.0,1.0,1.0,1.0]",1.0,1.0,91,1.0,False,1.0,False
0.40625,Bcc3,diagnostic_counterfactual,FLOAT64_REFERENCE,0.01079755544610649,0.14737126587348093,2.237202752214152e-09,0.0036155267118616772,0.00020281412460705718,1.3072033404185313e-05,0.00505694293082424,False,True,0.0001585224052725539,False,7.157036806408119e-05,False,0,diagnostic_counterfactual; full canonical calculation in CPU float64,0.0005583957898325477,False,2.1351942455768587,2059.110073900007,4.006482127820209e-06,0.28716152289222246,0.01004269754996648,0.08246174022978041,-9.296390521508262e-10,-5.2728416124374184e-11,-2.3143628217195202e-11,-2.217332280620435e-10,0.99371353884633,control_input,0.46533203125,0.0005583957898325477,False,"[4.563660828238044e-05,0.0013339665709687796,0.011313783604040211,0.08108853900582412,0.40790695010370764,0.9862002404366549,1.0,1.0]",0.2444977445547659,1.0,91,0.01259056810761746,False,0.020195183973028653,False
0.0,rho,diagnostic_counterfactual,CANONICAL_FULL,1.4963412804190739,619.4146538736177,0.015266662364836266,0.3656864642176287,0.02059473376315653,0.133726590111991,1.0000007966701303,False,True,0.9999999758522956,False,0.9999999665620598,False,0,frozen canonical tensor encode/decode,1.000000001887757,False,1.4963400883296207,619.4146745855685,0.015266662336016517,0.3656864686328731,0.020594734819346434,0.13372659334118125,0.0,0.0,0.0,0.0,5.781674479953104e-07,control_input,0.0,0.9999999737037553,False,"[1.000000017588685,1.0000000019417412,1.0000000077013722,0.999999854555688,0.9999999454657694,0.9999999385227818,0.9999998103687819,1.0000000320052407]",0.9999999737037553,1.0,91,0.9999999879261477,False,0.9999999487155377,False
0.0,rho,diagnostic_counterfactual,NO_FINAL_INVERSE_CLAMP,1.4963414195059301,619.415197622596,0.015266673662713576,0.3656866026344065,0.020594741224010154,0.13372669134629434,1.000000889621497,False,True,1.0000007328767646,False,1.0000008444052892,False,0,diagnostic_counterfactual; actual float32 encoded state; inverse clamp bypassed,1.0000007419235986,False,1.4963400883296207,619.4146745855685,0.015266662336016517,0.3656864686328731,0.020594734819346434,0.13372659334118125,9.295136660369962e+22,31.349748892182888,26.25290984835458,21.04210067035129,5.744611054818774e-07,control_input,0.0,1.0000005270319843,False,"[1.0000005114032215,1.0000003646823608,1.0000008027779894,1.0000005426607472,1.0000005975191266,1.0000005056352888,1.0000004359505053,1.0000006812290054]",1.0000005270319843,1.0,91,1.000000366438315,False,1.000000310985491,False
0.0,rho,diagnostic_counterfactual,NO_SOFTCLIP_COUNTERFACTUAL,1.4963400883296203,619.4146745855684,0.015266662336016517,0.3656864686328731,0.020594734819346434,0.13372659334118125,0.9999999999999997,False,True,1.0,False,0.9999999999999998,False,0,diagnostic_counterfactual,1.0,False,1.4963400883296207,619.4146745855685,0.015266662336016517,0.3656864686328731,0.020594734819346434,0.13372659334118125,-7.966701306427737e+23,1.0,0.9999999933595011,1.0,4.764990409928859e-16,control_input,0.0,1.0,False,"[0.9999999999999999,1.0,1.0,0.9999999999999999,1.0,0.9999999999999999,1.0000000000000002,0.9999999999999999]",1.0,1.0,91,1.0,False,1.0,False
0.0,rho,diagnostic_counterfactual,NORMALIZER_ONLY_ROUNDTRIP,1.4963400883296203,619.4146745855684,0.015266662336016517,0.3656864686328731,0.020594734819346434,0.13372659334118125,0.9999999999999997,False,True,1.0,False,0.9999999999999998,False,0,diagnostic_counterfactual,1.0,False,1.4963400883296207,619.4146745855685,0.015266662336016517,0.3656864686328731,0.020594734819346434,0.13372659334118125,-7.966701306427737e+23,1.0,0.9999999933595011,1.0,4.764990409928859e-16,control_input,0.0,1.0,False,"[0.9999999999999999,1.0,1.0,0.9999999999999999,1.0,0.9999999999999999,1.0000000000000002,0.9999999999999999]",1.0,1.0,91,1.0,False,1.0,False
0.0,rho,diagnostic_counterfactual,NONLINEAR_ONLY_ROUNDTRIP,1.4963400883296207,619.4146745855684,0.015266662336016517,0.3656864686328731,0.020594734819346434,0.13372659334118125,1.0,False,True,1.0,False,0.9999999999999998,False,0,diagnostic_counterfactual,1.0,False,1.4963400883296207,619.4146745855685,0.015266662336016517,0.3656864686328731,0.020594734819346434,0.13372659334118125,-7.966701303097068e+23,1.0,0.9999999933595011,1.0,7.173264085100086e-17,control_input,0.0,1.0,False,"[1.0,1.0,1.0,1.0,1.0,0.9999999999999999,1.0,1.0]",1.0,1.0,91,1.0,False,1.0,False
0.0,rho,diagnostic_counterfactual,FLOAT64_REFERENCE,1.496340088329619,619.4146745855675,0.015266662336016517,0.36568646863287285,0.020594734819346424,0.13372659334118112,0.9999999999999988,False,True,0.999999999999999,False,0.9999999999999983,False,0,diagnostic_counterfactual; full canonical calculation in CPU float64,1.0,False,1.4963400883296207,619.4146745855685,0.015266662336016517,0.3656864686328731,0.020594734819346434,0.13372659334118125,-7.96670131530952e+23,0.9999999586212955,0.9999999501962583,0.9999999831120674,1.2537442097162775e-15,control_input,0.0,0.9999999999999996,False,"[0.9999999999999999,1.0,0.9999999999999988,0.9999999999999991,0.9999999999999994,0.9999999999999998,0.9999999999999996,0.9999999999999991]",0.9999999999999996,1.0,91,0.9999999999999994,False,0.9999999999999994,False
0.0,press,diagnostic_counterfactual,CANONICAL_FULL,0.04100708624637721,1.7670797280314285,1.1007280687302212e-05,0.008642185633103299,0.00044037036708805466,7.468737251701708e-05,0.9999999345995477,False,True,0.9999999838420389,False,0.9999999870444443,False,0,frozen canonical tensor encode/decode,0.9999999924461609,False,0.04100708892825937,1.7670797509249287,1.100728077044944e-05,0.00864218570292335,0.00044037038242926386,7.468737372381276e-05,0.0,0.0,0.0,0.0,4.988022265123248e-07,control_input,0.0,0.9999999825944486,False,"[0.9999999781473224,0.9999999923876205,0.9999999869280854,0.9999999980300288,1.000000128343953,0.9999999540482011,0.9999998388191954,0.9999999782608117]",0.9999999825944486,1.0,91,0.9999999919210194,False,0.9999999651629405,False
0.0,press,diagnostic_counterfactual,NO_FINAL_INVERSE_CLAMP,0.041007053317469476,1.7670770831669258,1.1007266270544482e-05,0.008642179671916196,0.00044037007491104724,7.468726948168153e-05,0.9999991315942969,False,True,0.9999986042870965,False,0.9999984903013,False,0,diagnostic_counterfactual; actual float32 encoded state; inverse clamp bypassed,0.9999986826987283,False,0.04100708892825937,1.7670797509249287,1.100728077044944e-05,0.00864218570292335,0.00044037038242926386,7.468737372381276e-05,-12.278282839089877,-85.37927127954062,-115.52905752784102,-74.68282314551269,8.054892471300539e-07,control_input,0.0,0.9999986826987283,False,"[0.9999985327380716,0.9999988237884271,0.9999986377238356,0.9999987933671899,0.9999989770257569,0.9999991240245206,0.9999990058065791,0.9999991479828261]",0.9999989004070919,1.0,91,0.9999993021433048,False,0.9999993016827905,False
0.0,press,diagnostic_counterfactual,NO_SOFTCLIP_COUNTERFACTUAL,0.04100708892825938,1.7670797509249285,1.100728077044944e-05,0.00864218570292335,0.00044037038242926386,7.468737372381275e-05,1.0000000000000004,False,True,0.9999999999999998,False,0.9999999999999999,False,0,diagnostic_counterfactual,1.0,False,0.04100708892825937,1.7670797509249287,1.100728077044944e-05,0.00864218570292335,0.00044037038242926386,7.468737372381276e-05,1.0000000067903079,0.9999999862578822,0.9999999914305256,1.0,5.500572126295086e-16,control_input,0.0,1.0,False,"[0.9999999999999998,1.0,0.9999999999999998,1.0,1.0000000000000004,0.9999999999999999,1.0,1.0]",1.0,1.0,91,1.0,False,1.0,False
0.0,press,diagnostic_counterfactual,NORMALIZER_ONLY_ROUNDTRIP,0.04100708892825938,1.7670797509249285,1.100728077044944e-05,0.00864218570292335,0.00044037038242926386,7.468737372381275e-05,1.0000000000000004,False,True,0.9999999999999998,False,0.9999999999999999,False,0,diagnostic_counterfactual,1.0,False,0.04100708892825937,1.7670797509249287,1.100728077044944e-05,0.00864218570292335,0.00044037038242926386,7.468737372381276e-05,1.0000000067903079,0.9999999862578822,0.9999999914305256,1.0,5.500572126295086e-16,control_input,0.0,1.0,False,"[0.9999999999999998,1.0,0.9999999999999998,1.0,1.0000000000000004,0.9999999999999999,1.0,1.0]",1.0,1.0,91,1.0,False,1.0,False
0.0,press,diagnostic_counterfactual,NONLINEAR_ONLY_ROUNDTRIP,0.041007088928259376,1.7670797509249287,1.100728077044944e-05,0.00864218570292335,0.00044037038242926386,7.468737372381276e-05,1.0000000000000002,False,True,1.0,False,1.0,False,0,diagnostic_counterfactual,1.0,False,0.04100708892825937,1.7670797509249287,1.100728077044944e-05,0.00864218570292335,0.00044037038242926386,7.468737372381276e-05,1.000000003395154,1.0,1.0,1.0,1.4327679320854137e-16,control_input,0.0,1.0,False,"[0.9999999999999999,1.0,0.9999999999999998,1.0,1.0000000000000002,0.9999999999999999,1.0,1.0]",1.0,1.0,91,1.0,False,1.0,False
0.0,press,diagnostic_counterfactual,FLOAT64_REFERENCE,0.041007088928259335,1.767079750924927,1.100728077044944e-05,0.008642185702923346,0.0004403703824292637,7.46873737238127e-05,0.9999999999999991,False,True,0.9999999999999992,False,0.999999999999999,False,0,diagnostic_counterfactual; full canonical calculation in CPU float64,1.0,False,0.04100708892825937,1.7670797509249287,1.100728077044944e-05,0.00864218570292335,0.00044037038242926386,7.468737372381276e-05,0.9999999864193841,0.9999999519025876,0.9999999228747309,1.0,1.0160816383021174e-15,control_input,0.0,1.0,False,"[0.9999999999999992,1.0,0.9999999999999992,1.0,0.9999999999999997,1.0,1.0000000000000002,1.0000000000000002]",1.0,1.0,91,0.9999999999999996,False,0.9999999999999997,False
0.0,vel1,diagnostic_counterfactual,CANONICAL_FULL,1.1315292751789094,638.0036128363193,0.026960387479350836,0.2606285666889415,0.016893927773034428,0.06792724977433202,1.0000000084693428,False,True,1.0000000009960222,False,1.0000000025424194,False,0,frozen canonical tensor encode/decode,1.0000000010766257,False,1.1315292655956002,638.0036112142466,0.02696038745032459,0.26062856655914557,0.01689392768208003,0.06792724970667498,0.0,0.0,0.0,0.0,5.706300948819731e-08,control_input,0.0,1.000000000604271,False,"[1.0000000033410934,1.0000000016326105,0.9999999984366068,1.0000000005165457,1.0000000006919965,0.9999999998264313,0.9999999964613633,1.0000000034114684]",1.000000000604271,1.0,91,1.0000000004980112,False,1.0000000053838514,False
0.0,vel1,diagnostic_counterfactual,NO_FINAL_INVERSE_CLAMP,1.131529311731278,638.0036200398478,0.02696038783196541,0.2606285684253049,0.016893927820250763,0.06792725067942383,1.0000000407728542,False,True,1.000000014320451,False,1.0000000138331524,False,0,diagnostic_counterfactual; actual float32 encoded state; inverse clamp bypassed,1.0000000141556133,False,1.1315292655956002,638.0036112142466,0.02696038745032459,0.26062856655914557,0.01689392768208003,0.06792724970667498,3.2303511421361007e+22,1.3324428893568551e+22,1.1290733015201225e+22,1.3551342270545773e+22,4.386475823289971e-08,control_input,0.0,1.0000000141556133,False,"[1.0000000160592266,1.000000017193706,1.0000000140896994,1.0000000156241917,1.0000000152143287,1.0000000140577434,1.0000000140849474,1.000000006891375]",1.000000014652014,1.0,91,1.0000000071602255,False,1.0000000081787217,False
0.0,vel1,diagnostic_counterfactual,NO_SOFTCLIP_COUNTERFACTUAL,1.1315292655956002,638.0036112142465,0.02696038745032459,0.26062856655914557,0.01689392768208003,0.06792724970667498,1.0,False,True,1.0,False,0.9999999999999998,False,0,diagnostic_counterfactual,1.0,False,1.1315292655956002,638.0036112142466,0.02696038745032459,0.26062856655914557,0.01689392768208003,0.06792724970667498,-8.469342782646549e+21,-9.96022153643139e+20,-2.542419608175805e+21,-6.042710776199555e+20,2.4883213182718568e-17,control_input,0.0,1.0,False,"[1.0,1.0,1.0,1.0,1.0,1.0,1.0,1.0]",1.0,1.0,91,1.0,False,1.0,False
0.0,vel1,diagnostic_counterfactual,NORMALIZER_ONLY_ROUNDTRIP,1.1315292655956002,638.0036112142465,0.02696038745032459,0.26062856655914557,0.01689392768208003,0.06792724970667498,1.0,False,True,1.0,False,0.9999999999999998,False,0,diagnostic_counterfactual,1.0,False,1.1315292655956002,638.0036112142466,0.02696038745032459,0.26062856655914557,0.01689392768208003,0.06792724970667498,-8.469342782646549e+21,-9.96022153643139e+20,-2.542419608175805e+21,-6.042710776199555e+20,2.4883213182718568e-17,control_input,0.0,1.0,False,"[1.0,1.0,1.0,1.0,1.0,1.0,1.0,1.0]",1.0,1.0,91,1.0,False,1.0,False
0.0,vel1,diagnostic_counterfactual,NONLINEAR_ONLY_ROUNDTRIP,1.1315292655956002,638.0036112142466,0.02696038745032459,0.26062856655914557,0.01689392768208003,0.06792724970667498,1.0,False,True,1.0,False,1.0,False,0,diagnostic_counterfactual,1.0,False,1.1315292655956002,638.0036112142466,0.02696038745032459,0.26062856655914557,0.01689392768208003,0.06792724970667498,-8.469342782646549e+21,-9.96022153643139e+20,-2.5424193861312e+21,-6.042710776199555e+20,0.0,control_input,0.0,1.0,False,"[1.0,1.0,1.0,1.0,1.0,1.0,1.0,1.0]",1.0,1.0,91,1.0,False,1.0,False
0.0,vel1,diagnostic_counterfactual,FLOAT64_REFERENCE,1.1315292655956004,638.0036112142465,0.02696038745032459,0.26062856655914557,0.01689392768208003,0.06792724970667496,1.0000000000000002,False,True,0.9999999999999998,False,0.9999999999999998,False,0,diagnostic_counterfactual; full canonical calculation in CPU float64,1.0,False,1.1315292655956002,638.0036112142466,0.02696038745032459,0.26062856655914557,0.01689392768208003,0.06792724970667498,-8.469342560601944e+21,-9.960223756877439e+20,-2.542419608175805e+21,-6.04271188642258e+20,1.0017227635926889e-16,control_input,0.0,0.9999999999999999,False,"[0.9999999999999999,0.9999999999999999,0.9999999999999999,1.0,1.0,0.9999999999999999,0.9999999999999999,1.0]",0.9999999999999999,1.0,91,1.0,False,1.0,False
0.08605575561523438,vel2,diagnostic_counterfactual,CANONICAL_FULL,0.07146307080984116,1.0881546753464493,1.3785754632891029e-08,0.012668517257032169,0.0008106866401588281,0.00016049132949172185,0.3568203678695323,False,True,0.20606084974036754,False,0.26113806889125735,False,0,frozen canonical tensor encode/decode,0.3024659409588804,False,0.20027744278311738,4.166970675576133,4.557787428623301e-08,0.027907956935477457,0.0018965932515218771,0.0007788540603124643,0.0,0.0,0.0,0.0,0.6736551580817532,control_input,0.13180923461914062,0.3024659409588804,False,"[0.21967498883704506,0.18132305884299207,0.9999999975609193,0.9999999994510896,1.0000000009171202,0.9999999973866721,1.0000000062462628,0.9999999990893874]",0.9999999983251533,1.0,91,0.4539392577651415,False,0.427443596305276,False
0.08605575561523438,vel2,diagnostic_counterfactual,NO_FINAL_INVERSE_CLAMP,,,,,,,,,False,,,,,3742,diagnostic_counterfactual; actual float32 encoded state; inverse clamp bypassed,,,,,,,,,,,,,,control_input,0.13180923461914062,,,,,,91,,,,
0.08605575561523438,vel2,diagnostic_counterfactual,NO_SOFTCLIP_COUNTERFACTUAL,0.20027744278311738,4.166970675576133,4.557787428623301e-08,0.027907956935477457,0.0018965932515218771,0.0007788540603124643,1.0,False,True,1.0,False,1.0,False,0,diagnostic_counterfactual,1.0,False,0.20027744278311738,4.166970675576133,4.557787428623301e-08,0.027907956935477457,0.0018965932515218771,0.0007788540603124643,1.0,1.0,1.0,1.0,4.9600730369978056e-17,control_input,0.13180923461914062,1.0,False,"[1.0,1.0,1.0,1.0,1.0,1.0,1.0,0.9999999999999998]",1.0,1.0,91,1.0,False,1.0,False
0.08605575561523438,vel2,diagnostic_counterfactual,NORMALIZER_ONLY_ROUNDTRIP,0.20027744278311738,4.166970675576133,4.557787428623301e-08,0.027907956935477457,0.0018965932515218771,0.0007788540603124643,1.0,False,True,1.0,False,1.0,False,0,diagnostic_counterfactual,1.0,False,0.20027744278311738,4.166970675576133,4.557787428623301e-08,0.027907956935477457,0.0018965932515218771,0.0007788540603124643,1.0,1.0,1.0,1.0,4.9600730369978056e-17,control_input,0.13180923461914062,1.0,False,"[1.0,1.0,1.0,1.0,1.0,1.0,1.0,0.9999999999999998]",1.0,1.0,91,1.0,False,1.0,False
0.08605575561523438,vel2,diagnostic_counterfactual,NONLINEAR_ONLY_ROUNDTRIP,0.20027744278311738,4.166970675576133,4.557787428623301e-08,0.027907956935477457,0.0018965932515218771,0.0007788540603124643,1.0,False,True,1.0,False,1.0,False,0,diagnostic_counterfactual,1.0,False,0.20027744278311738,4.166970675576133,4.557787428623301e-08,0.027907956935477457,0.0018965932515218771,0.0007788540603124643,1.0,1.0,1.0,1.0,0.0,control_input,0.13180923461914062,1.0,False,"[1.0,1.0,1.0,1.0,1.0,1.0,1.0,1.0]",1.0,1.0,91,1.0,False,1.0,False
0.08605575561523438,vel2,diagnostic_counterfactual,FLOAT64_REFERENCE,0.07146305821902146,1.0881542536016877,1.378575580422686e-08,0.012668515709276577,0.0008106865400228144,0.00016049129027618738,0.35682030500264367,False,True,0.20606079939006897,False,0.26113796767989916,False,0,diagnostic_counterfactual; full canonical calculation in CPU float64,0.30246596665853953,False,0.20027744278311738,4.166970675576133,4.557787428623301e-08,0.027907956935477457,0.0018965932515218771,0.0007788540603124643,-9.774390465550552e-08,-6.341833445661771e-08,-1.3698277570131086e-07,3.684359034504017e-08,0.6736552026152494,control_input,0.13180923461914062,0.30246596665853953,False,"[0.2196749310816776,0.18132301661065012,1.0,1.0,1.0,1.0,1.0,1.0000000000000002]",1.0,1.0,91,0.45393920230584733,False,0.42744354350744307,False
0.25634765625,vel3,diagnostic_counterfactual,CANONICAL_FULL,0.1162259324081242,8.346455667718804,0.0009679879825951616,0.043408664038790484,0.001856649880826726,0.0018843121136325825,0.0983396179194448,False,True,0.025290714576075977,False,0.008247011700610062,False,0,frozen canonical tensor encode/decode,0.01519753638543249,False,1.1818830992747098,1012.0581818868264,0.06369374338350134,0.2729580267296715,0.009616399276121014,0.07450608435615606,0.0,0.0,0.0,0.0,0.8592097297377462,control_input,0.291259765625,0.01519753638543249,False,"[0.0012247721075995222,0.07309234349389397,0.18807927094786828,0.4420192104411102,0.8186029147310372,0.9999999793121409,0.9999999911019176,0.9999999997369083]",0.6303110625860737,1.0,91,0.1590305460472169,False,0.19307121382086023,False
0.25634765625,vel3,diagnostic_counterfactual,NO_FINAL_INVERSE_CLAMP,,,,,,,,,False,,,,,39872,diagnostic_counterfactual; actual float32 encoded state; inverse clamp bypassed,,,,,,,,,,,,,,control_input,0.291259765625,,,,,,91,,,,
0.25634765625,vel3,diagnostic_counterfactual,NO_SOFTCLIP_COUNTERFACTUAL,1.1818830992747098,1012.0581818868264,0.06369374338350134,0.2729580267296715,0.009616399276121014,0.07450608435615608,1.0,False,True,1.0000000000000002,False,1.0,False,0,diagnostic_counterfactual,1.0,False,1.1818830992747098,1012.0581818868264,0.06369374338350134,0.2729580267296715,0.009616399276121014,0.07450608435615606,1.0,1.0000000000000002,1.0,1.0,3.8684000897548905e-17,control_input,0.291259765625,1.0,False,"[1.0,1.0,1.0,1.0,1.0,1.0,1.0,1.0]",1.0,1.0,91,1.0,False,1.0,False
0.25634765625,vel3,diagnostic_counterfactual,NORMALIZER_ONLY_ROUNDTRIP,1.1818830992747098,1012.0581818868264,0.06369374338350134,0.2729580267296715,0.009616399276121014,0.07450608435615608,1.0,False,True,1.0000000000000002,False,1.0,False,0,diagnostic_counterfactual,1.0,False,1.1818830992747098,1012.0581818868264,0.06369374338350134,0.2729580267296715,0.009616399276121014,0.07450608435615606,1.0,1.0000000000000002,1.0,1.0,3.8684000897548905e-17,control_input,0.291259765625,1.0,False,"[1.0,1.0,1.0,1.0,1.0,1.0,1.0,1.0]",1.0,1.0,91,1.0,False,1.0,False
0.25634765625,vel3,diagnostic_counterfactual,NONLINEAR_ONLY_ROUNDTRIP,1.1818830992747098,1012.0581818868264,0.06369374338350134,0.2729580267296715,0.009616399276121014,0.07450608435615606,1.0,False,True,1.0,False,1.0,False,0,diagnostic_counterfactual,1.0,False,1.1818830992747098,1012.0581818868264,0.06369374338350134,0.2729580267296715,0.009616399276121014,0.07450608435615606,1.0,1.0,1.0,1.0,0.0,control_input,0.291259765625,1.0,False,"[1.0,1.0,1.0,1.0,1.0,1.0,1.0,1.0]",1.0,1.0,91,1.0,False,1.0,False
0.25634765625,vel3,diagnostic_counterfactual,FLOAT64_REFERENCE,0.11622591161190263,8.346452927679234,0.0009679876012048035,0.043408656353812934,0.0018566496668551353,0.001884311446443424,0.09833960032360846,False,True,0.025290705621248136,False,0.008247008993216733,False,0,diagnostic_counterfactual; full canonical calculation in CPU float64,0.015197530397554596,False,1.1818830992747098,1012.0581818868264,0.06369374338350134,0.2729580267296715,0.009616399276121014,0.07450608435615606,-1.95149267875444e-08,-9.187178141179301e-09,-2.7299069027931527e-09,-6.080283220384032e-09,0.8592097544826396,control_input,0.291259765625,0.015197530397554596,False,"[0.0012247713729073271,0.07309231877236479,0.1880792012706294,0.4420190443879179,0.8186027236451142,1.0000000000000004,1.0,0.9999999999999999]",0.630310884016516,1.0,91,0.15903051789278727,False,0.1930711915701628,False
0.0,Bcc1,diagnostic_counterfactual,CANONICAL_FULL,1.768298552632332,1079.9671033464326,2.8594005632787494e-06,0.3028084288637948,0.008863861644808459,0.09169294459095986,0.9999999801126684,False,True,1.0000000045481534,False,1.0000000166635852,False,0,frozen canonical tensor encode/decode,0.9999999324114085,False,1.7682985877990725,1079.9670853503092,2.859400756541619e-06,0.3028084281751852,0.008863861567414208,0.09169294417392629,0.0,0.0,0.0,0.0,3.889750732951523e-07,validation_target,0.0,0.9999999324114085,False,"[1.0000000115687444,0.999999994365907,0.999999985522257,0.999999993293988,0.9999999918982649,1.0000000003324807,1.0000000461116656,0.9999999498894127]",0.9999999938299475,1.0,92,1.0000000022740765,False,1.0000000087314371,False
0.0,Bcc1,diagnostic_counterfactual,NO_FINAL_INVERSE_CLAMP,1.768298174026312,1079.9667178216118,2.8593985225509903e-06,0.3028083787577271,0.008863860215053537,0.09169291424588309,0.9999997660051513,False,True,0.9999996736058214,False,0.999999659685279,False,0,diagnostic_counterfactual; actual float32 encoded state; inverse clamp bypassed,0.9999992187206975,False,1.7682985877990725,1079.9670853503092,2.859400756541619e-06,0.3028084281751852,0.008863861567414208,0.09169294417392629,-10.766025422840428,-3.3094233198305284e+23,-3.569783061374565e+23,-10.559336940164307,4.097618948328057e-07,validation_target,0.0,0.9999992187206975,False,"[0.9999996708223395,0.9999996737982914,0.9999996825009617,0.9999997283317146,0.9999997458918848,0.9999997858975009,0.9999997713048755,0.9999997543951732]",0.9999997371117997,1.0,92,0.9999998368028974,False,0.9999998474298519,False
0.0,Bcc1,diagnostic_counterfactual,NO_SOFTCLIP_COUNTERFACTUAL,1.7682985877990727,1079.9670853503092,2.8594007565416165e-06,0.3028084281751852,0.008863861567414208,0.09169294417392629,1.0000000000000002,False,True,1.0,False,1.0,False,0,diagnostic_counterfactual,0.9999999999999991,False,1.7682985877990725,1079.9670853503092,2.859400756541619e-06,0.3028084281751852,0.008863861567414208,0.09169294417392629,1.0000000111651282,-4.548153409444921e+21,-1.6663585178378069e+22,0.9999999868590482,2.932935308286806e-16,validation_target,0.0,0.9999999999999991,False,"[1.0,1.0,0.9999999999999998,1.0,1.0,1.0,1.0,1.0]",1.0,1.0,92,1.0,False,1.0,False
0.0,Bcc1,diagnostic_counterfactual,NORMALIZER_ONLY_ROUNDTRIP,1.7682985877990727,1079.9670853503092,2.8594007565416165e-06,0.3028084281751852,0.008863861567414208,0.09169294417392629,1.0000000000000002,False,True,1.0,False,1.0,False,0,diagnostic_counterfactual,0.9999999999999991,False,1.7682985877990725,1079.9670853503092,2.859400756541619e-06,0.3028084281751852,0.008863861567414208,0.09169294417392629,1.0000000111651282,-4.548153409444921e+21,-1.6663585178378069e+22,0.9999999868590482,2.932935308286806e-16,validation_target,0.0,0.9999999999999991,False,"[1.0,1.0,0.9999999999999998,1.0,1.0,1.0,1.0,1.0]",1.0,1.0,92,1.0,False,1.0,False
0.0,Bcc1,diagnostic_counterfactual,NONLINEAR_ONLY_ROUNDTRIP,1.7682985877990727,1079.9670853503092,2.8594007565416165e-06,0.3028084281751852,0.008863861567414208,0.09169294417392629,1.0000000000000002,False,True,1.0,False,1.0,False,0,diagnostic_counterfactual,0.9999999999999991,False,1.7682985877990725,1079.9670853503092,2.859400756541619e-06,0.3028084281751852,0.008863861567414208,0.09169294417392629,1.0000000111651282,-4.548153409444921e+21,-1.6663585178378069e+22,0.9999999868590482,2.9236127819045977e-16,validation_target,0.0,0.9999999999999991,False,"[1.0,1.0,0.9999999999999998,1.0,1.0,1.0,1.0,0.9999999999999998]",1.0,1.0,92,1.0,False,1.0,False
0.0,Bcc1,diagnostic_counterfactual,FLOAT64_REFERENCE,1.7682985877990727,1079.9670853503094,2.859400756541619e-06,0.3028084281751852,0.008863861567414208,0.09169294417392632,1.0000000000000002,False,True,1.0000000000000002,False,1.0000000000000002,False,0,diagnostic_counterfactual; full canonical calculation in CPU float64,1.0,False,1.7682985877990725,1079.9670853503092,2.859400756541619e-06,0.3028084281751852,0.008863861567414208,0.09169294417392629,1.0000000111651282,-4.548153187400316e+21,-1.6663584956333464e+22,1.0,7.284935110522439e-16,validation_target,0.0,1.0,False,"[1.0000000000000002,1.0000000000000002,1.0,0.9999999999999997,0.9999999999999999,1.0,0.9999999999999999,0.9999999999999998]",1.0,1.0,92,1.0,False,1.0,False
0.13833999633789062,Bcc2,diagnostic_counterfactual,CANONICAL_FULL,0.10374989612028006,2.937426231333986,0.0005338548717329467,0.028108474362058565,0.0009420631421200656,0.0007900863309625036,0.3525044605880378,False,True,0.1954863393344718,False,0.37226277842900546,False,0,frozen canonical tensor encode/decode,0.24117987158456738,False,0.2943222220428288,7.890733109902325,0.0022135133758281137,0.06357393112564487,0.002293649844534316,0.004041644718768238,0.0,0.0,0.0,0.0,0.6126144219831309,validation_target,0.2802848815917969,0.24117987158456738,False,"[0.16100353933094438,0.10398093504927058,0.9719066349891217,0.9999999236934489,1.0000000103563589,0.9999999940613005,1.0000000286049235,1.0000000943063307]",0.9999999588773747,1.0,92,0.44213837125324446,False,0.41072666098749455,False
0.13833999633789062,Bcc2,diagnostic_counterfactual,NO_FINAL_INVERSE_CLAMP,0.2943240224784669,7.890733883445007,0.0022135117091805177,0.06357390434345205,0.0022936502274776226,0.004041641313470391,1.0000061172263024,False,True,0.9999991574475036,False,1.000000098031789,False,0,diagnostic_counterfactual; actual float32 encoded state; inverse clamp bypassed,0.9999992470578158,False,0.2943222220428288,7.890733109902325,0.0022135133758281137,0.06357393112564487,0.002293649844534316,0.004041644718768238,1.0000094475188324,0.9999989527182227,1.0000001561669207,0.9999990077461628,9.064835564857308e-06,validation_target,0.2802848815917969,0.9999992470578158,False,"[0.999999074865758,0.999999039405445,0.9999997071911557,0.9999998516159198,0.9999998023188019,0.9999998359436996,0.9999998581445328,0.9999999515881958]",0.9999998191312507,0.9999961853027344,92,0.9999995787236632,False,1.0000001669580505,False
0.13833999633789062,Bcc2,diagnostic_counterfactual,NO_SOFTCLIP_COUNTERFACTUAL,0.29432222204282876,7.890733109902324,0.0022135133758281137,0.06357393112564487,0.002293649844534316,0.004041644718768238,0.9999999999999998,False,True,1.0,False,0.9999999999999999,False,0,diagnostic_counterfactual,1.0,False,0.2943222220428288,7.890733109902325,0.0022135133758281137,0.06357393112564487,0.002293649844534316,0.004041644718768238,0.9999999999999997,1.0,0.9999999999999998,1.0,2.990437582019879e-16,validation_target,0.2802848815917969,1.0,False,"[1.0,1.0,1.0,1.0000000000000002,1.0,1.0,1.0,1.0]",1.0,1.0,92,1.0,False,1.0,False
0.13833999633789062,Bcc2,diagnostic_counterfactual,NORMALIZER_ONLY_ROUNDTRIP,0.29432222204282876,7.890733109902324,0.0022135133758281137,0.06357393112564487,0.002293649844534316,0.004041644718768238,0.9999999999999998,False,True,1.0,False,0.9999999999999999,False,0,diagnostic_counterfactual,1.0,False,0.2943222220428288,7.890733109902325,0.0022135133758281137,0.06357393112564487,0.002293649844534316,0.004041644718768238,0.9999999999999997,1.0,0.9999999999999998,1.0,2.990437582019879e-16,validation_target,0.2802848815917969,1.0,False,"[1.0,1.0,1.0,1.0000000000000002,1.0,1.0,1.0,1.0]",1.0,1.0,92,1.0,False,1.0,False
0.13833999633789062,Bcc2,diagnostic_counterfactual,NONLINEAR_ONLY_ROUNDTRIP,0.29432222204282876,7.890733109902324,0.0022135133758281137,0.06357393112564487,0.002293649844534316,0.004041644718768238,0.9999999999999998,False,True,1.0,False,0.9999999999999999,False,0,diagnostic_counterfactual,1.0,False,0.2943222220428288,7.890733109902325,0.0022135133758281137,0.06357393112564487,0.002293649844534316,0.004041644718768238,0.9999999999999997,1.0,0.9999999999999998,1.0,2.828867738564037e-16,validation_target,0.2802848815917969,1.0,False,"[1.0,1.0,1.0,1.0,1.0,1.0,1.0,1.0]",1.0,1.0,92,1.0,False,1.0,False
0.13833999633789062,Bcc2,diagnostic_counterfactual,FLOAT64_REFERENCE,0.10374986761295506,2.93742261822274,0.0005338543390332232,0.02810845895491397,0.0009420626107837669,0.0007900854648200834,0.35250436373050253,False,True,0.1954861250300288,False,0.37226232053603203,False,0,diagnostic_counterfactual; full canonical calculation in CPU float64,0.24117963092655767,False,0.2943222220428288,7.890733109902325,0.0022135133758281137,0.06357393112564487,0.002293649844534316,0.004041644718768238,-1.4958795756023914e-07,-2.663776309524553e-07,-7.294341608113516e-07,-3.1714763578725243e-07,0.612614645987059,validation_target,0.2802848815917969,0.24117963092655767,False,"[0.16100334917687772,0.10398076953394386,0.9719062423711033,0.9999999999999999,1.0,1.0,1.0,1.0]",1.0,1.0,92,0.4421381289032069,False,0.41072642933212655,False
0.421173095703125,Bcc3,diagnostic_counterfactual,CANONICAL_FULL,0.010797557421028614,0.15154251342255529,1.8297926115822987e-09,0.0036728381994208473,0.0002079228096054991,1.3489740439124973e-05,0.004096027893214404,False,True,0.00010445603465759754,False,4.770327170115695e-05,False,0,frozen canonical tensor encode/decode,0.00028984151135110614,False,2.6361044657230375,3176.7740035088605,6.313079872695453e-06,0.3593643809876217,0.012910316893494584,0.1291427583226165,0.0,0.0,0.0,0.0,0.994957900156263,validation_target,0.47809600830078125,0.00028984151135110614,False,"[2.9199050309425313e-05,0.00075256771135787,0.00776162873536802,0.07457361818037933,0.3872688572716275,0.9729279974113012,0.999999982681214,0.9999997758084684]",0.23092123772600343,1.0,92,0.010220373508712757,False,0.016105167000995145,False
0.421173095703125,Bcc3,diagnostic_counterfactual,NO_FINAL_INVERSE_CLAMP,,,,,,,,,False,,,,,71647,diagnostic_counterfactual; actual float32 encoded state; inverse clamp bypassed,,,,,,,,,,,,,,validation_target,0.47809600830078125,,,,,,92,,,,
0.421173095703125,Bcc3,diagnostic_counterfactual,NO_SOFTCLIP_COUNTERFACTUAL,2.6361044657230384,3176.7740035088605,6.313079872695454e-06,0.35936438098762175,0.012910316893494584,0.12914275832261654,1.0000000000000004,False,True,1.0000000000000002,False,1.0,False,0,diagnostic_counterfactual,1.0000000000000002,False,2.6361044657230375,3176.7740035088605,6.313079872695453e-06,0.3593643809876217,0.012910316893494584,0.1291427583226165,1.0000000000000004,1.0000000000000002,1.0,1.0,2.9924581986298615e-16,validation_target,0.47809600830078125,1.0,False,"[1.0,0.9999999999999998,1.0,1.0,1.0,1.0,1.0,1.0]",1.0,1.0,92,1.0000000000000002,False,1.0,False
0.421173095703125,Bcc3,diagnostic_counterfactual,NORMALIZER_ONLY_ROUNDTRIP,2.6361044657230384,3176.7740035088605,6.313079872695454e-06,0.35936438098762175,0.012910316893494584,0.12914275832261654,1.0000000000000004,False,True,1.0000000000000002,False,1.0,False,0,diagnostic_counterfactual,1.0000000000000002,False,2.6361044657230375,3176.7740035088605,6.313079872695453e-06,0.3593643809876217,0.012910316893494584,0.1291427583226165,1.0000000000000004,1.0000000000000002,1.0,1.0,2.9924581986298615e-16,validation_target,0.47809600830078125,1.0,False,"[1.0,0.9999999999999998,1.0,1.0,1.0,1.0,1.0,1.0]",1.0,1.0,92,1.0000000000000002,False,1.0,False
0.421173095703125,Bcc3,diagnostic_counterfactual,NONLINEAR_ONLY_ROUNDTRIP,2.6361044657230384,3176.7740035088605,6.313079872695457e-06,0.3593643809876217,0.012910316893494584,0.1291427583226165,1.0000000000000004,False,True,1.0,False,1.0,False,0,diagnostic_counterfactual,1.0000000000000007,False,2.6361044657230375,3176.7740035088605,6.313079872695453e-06,0.3593643809876217,0.012910316893494584,0.1291427583226165,1.0000000000000004,1.0,1.0,1.0,2.6351666892476745e-16,validation_target,0.47809600830078125,1.0,False,"[1.0,0.9999999999999997,1.0,1.0,1.0,1.0,1.0,1.0]",1.0,1.0,92,1.0,False,1.0,False
0.421173095703125,Bcc3,diagnostic_counterfactual,FLOAT64_REFERENCE,0.01079755544610649,0.15154246554529757,1.8297920086817862e-09,0.003672837583934083,0.00020792277531002444,1.3489735917958753e-05,0.004096027144032363,False,True,0.00010445599964854028,False,4.7703256630126506e-05,False,0,diagnostic_counterfactual; full canonical calculation in CPU float64,0.0002898414158508868,False,2.6361044657230375,3176.7740035088605,6.313079872695453e-06,0.3593643809876217,0.012910316893494584,0.1291427583226165,-7.522633326506967e-10,-3.5012714547315e-11,-1.5071749414263655e-11,-9.552790728499478e-11,0.9949579010712205,validation_target,0.47809600830078125,0.0002898414158508868,False,"[2.919903964380604e-05,0.0007525674384713739,0.007761626149047616,0.07457359395158468,0.38726877751950906,0.9729279544738023,1.0,1.0]",0.23092118573554687,1.0,92,0.010220371796003326,False,0.01610516434455573,False
0.0,rho,diagnostic_counterfactual,CANONICAL_FULL,2.4798940438349746,847.978091137235,0.03353259755828035,0.5471341487265795,0.027266101532039743,0.2993557767027588,1.000000604724937,False,True,1.0000000548642116,False,0.9999997468627853,False,0,frozen canonical tensor encode/decode,1.0000000554084725,False,2.4798925441821122,847.9783057921014,0.03353259570029044,0.5471341337175383,0.02726610123697762,0.29935576027884103,0.0,0.0,0.0,0.0,6.368371543555833e-07,validation_target,0.0,1.0000000111214886,False,"[0.9999999907402607,0.999999983965384,1.0000000678176244,1.0000000315027164,1.0000001501141207,1.0000001805534435,0.9999998930144829,0.9999997997649147]",1.0000000111214886,1.0,92,1.0000000274321055,False,1.0000000108215736,False
0.0,rho,diagnostic_counterfactual,NO_FINAL_INVERSE_CLAMP,2.4798950368898596,847.9790258623893,0.033532623034188365,0.5471343564105206,0.02726611126596723,0.2993560039647545,1.0000010051676445,False,True,1.0000008140344894,False,1.0000008491612145,False,0,diagnostic_counterfactual; actual float32 encoded state; inverse clamp bypassed,1.0000008151441113,False,2.4798925441821122,847.9783057921014,0.03353259570029044,0.5471341337175383,0.02726610123697762,0.29935576027884103,4.004427074377759e+23,7.59170277753185e+23,4.354549094294441,6.151917932850637e+23,6.637644279690677e-07,validation_target,0.0,1.000000626313282,False,"[1.0000004629124741,1.0000005788105975,1.000000843310611,1.0000006857116204,1.0000006647638378,1.000000724507079,1.0000005615104124,1.000000587862726]",1.000000626313282,1.0,92,1.000000407017162,False,1.0000003678189824,False
0.0,rho,diagnostic_counterfactual,NO_SOFTCLIP_COUNTERFACTUAL,2.479892544182113,847.9783057921013,0.03353259570029044,0.5471341337175382,0.02726610123697762,0.299355760278841,1.0000000000000004,False,True,0.9999999999999998,False,0.9999999999999999,False,0,diagnostic_counterfactual,1.0,False,2.4798925441821122,847.9783057921014,0.03353259570029044,0.5471341337175383,0.02726610123697762,0.29935576027884103,-6.047249365703777e+23,-5.4864211840310866e+22,0.9999999995614145,-1.1121488618925922e+22,5.036827207130891e-16,validation_target,0.0,1.0,False,"[1.0,1.0,0.9999999999999999,1.0,1.0000000000000002,1.0,1.0,1.0000000000000002]",1.0,1.0,92,0.9999999999999998,False,1.0,False
0.0,rho,diagnostic_counterfactual,NORMALIZER_ONLY_ROUNDTRIP,2.479892544182113,847.9783057921013,0.03353259570029044,0.5471341337175382,0.02726610123697762,0.299355760278841,1.0000000000000004,False,True,0.9999999999999998,False,0.9999999999999999,False,0,diagnostic_counterfactual,1.0,False,2.4798925441821122,847.9783057921014,0.03353259570029044,0.5471341337175383,0.02726610123697762,0.29935576027884103,-6.047249365703777e+23,-5.4864211840310866e+22,0.9999999995614145,-1.1121488618925922e+22,5.036827207130891e-16,validation_target,0.0,1.0,False,"[1.0,1.0,0.9999999999999999,1.0,1.0000000000000002,1.0,1.0,1.0000000000000002]",1.0,1.0,92,0.9999999999999998,False,1.0,False
0.0,rho,diagnostic_counterfactual,NONLINEAR_ONLY_ROUNDTRIP,2.4798925441821122,847.9783057921014,0.03353259570029044,0.5471341337175382,0.02726610123697762,0.299355760278841,1.0,False,True,0.9999999999999998,False,1.0,False,0,diagnostic_counterfactual,1.0,False,2.4798925441821122,847.9783057921014,0.03353259570029044,0.5471341337175383,0.02726610123697762,0.29935576027884103,-6.047249370144669e+23,-5.4864211840310866e+22,1.0,-1.1121488618925922e+22,7.927855327554048e-17,validation_target,0.0,1.0,False,"[1.0,1.0,0.9999999999999999,1.0,1.0,1.0,1.0,1.0]",1.0,1.0,92,0.9999999999999998,False,1.0,False
0.0,rho,diagnostic_counterfactual,FLOAT64_REFERENCE,2.479892544182113,847.9783057920996,0.03353259570029044,0.5471341337175378,0.0272661012369776,0.2993557602788406,1.0000000000000004,False,True,0.9999999999999986,False,0.9999999999999979,False,0,diagnostic_counterfactual; full canonical calculation in CPU float64,1.0,False,2.4798925441821122,847.9783057921014,0.03353259570029044,0.5471341337175383,0.02726610123697762,0.29935576027884103,-6.047249365703777e+23,-5.4864213061556194e+22,0.9999999916668763,-1.1121489063015132e+22,1.3410883094657065e-15,validation_target,0.0,0.9999999999999996,False,"[1.0,0.9999999999999994,0.9999999999999984,0.9999999999999992,0.9999999999999997,0.9999999999999996,0.9999999999999987,0.9999999999999997]",0.9999999999999996,1.0,92,0.9999999999999992,False,0.9999999999999993,False
0.0,press,diagnostic_counterfactual,CANONICAL_FULL,0.07298213400935206,3.901414038523647,3.513281747156607e-05,0.01608985061048727,0.000767677198675065,0.00025888329266779767,1.000000043897616,False,True,0.9999999920368386,False,1.0000000242265454,False,0,frozen canonical tensor encode/decode,0.999999987478626,False,0.07298213080561052,3.9014139440058644,3.513281791147722e-05,0.01608985067455031,0.000767677203317331,0.0002588832947293271,0.0,0.0,0.0,0.0,5.150649930758212e-07,validation_target,0.0,0.999999987478626,False,"[1.0000000023371582,1.000000017612003,0.999999981602208,0.9999999356796099,0.9999999607662847,1.0000000355001861,1.000000117313997,0.9999998209069012]",0.9999999919696831,1.0,92,0.9999999960184193,False,0.9999999939528412,False
0.0,press,diagnostic_counterfactual,NO_FINAL_INVERSE_CLAMP,0.07298208273421543,3.9014081209959626,3.5132768662565295e-05,0.016089839128273282,0.0007676766597871946,0.0002588829231737139,0.9999993413265061,False,True,0.9999985647756314,False,0.9999985074616574,False,0,diagnostic_counterfactual; actual float32 encoded state; inverse clamp bypassed,0.9999985982077483,False,0.07298213080561052,3.9014139440058644,3.513281791147722e-05,0.01608985067455031,0.000767677203317331,0.0002588832947293271,-7.025711098451736e+23,-179.23298851217808,-1.5167648880209936e+24,-110.9519508215241,8.253112055949481e-07,validation_target,0.0,0.9999985982077483,False,"[0.9999985498174668,0.9999985641629682,0.999998559111845,0.9999987649668219,0.999998876739489,0.9999991241365834,0.9999991832445192,0.9999989270047047]",0.9999988208531554,1.0,92,0.9999992823875583,False,0.999999291980882,False
0.0,press,diagnostic_counterfactual,NO_SOFTCLIP_COUNTERFACTUAL,0.0729821308056105,3.9014139440058644,3.513281791147722e-05,0.01608985067455031,0.000767677203317331,0.0002588832947293271,0.9999999999999998,False,True,1.0,False,1.0,False,0,diagnostic_counterfactual,1.0,False,0.07298213080561052,3.9014139440058644,3.513281791147722e-05,0.01608985067455031,0.000767677203317331,0.0002588832947293271,-4.389761620871013e+22,1.0,-2.422654543643432e+22,1.0,5.442969348605821e-16,validation_target,0.0,1.0,False,"[1.0,0.9999999999999998,1.0,1.0,1.0,0.9999999999999998,1.0,1.0000000000000002]",1.0,1.0,92,1.0,False,1.0,False
0.0,press,diagnostic_counterfactual,NORMALIZER_ONLY_ROUNDTRIP,0.0729821308056105,3.9014139440058644,3.513281791147722e-05,0.01608985067455031,0.000767677203317331,0.0002588832947293271,0.9999999999999998,False,True,1.0,False,1.0,False,0,diagnostic_counterfactual,1.0,False,0.07298213080561052,3.9014139440058644,3.513281791147722e-05,0.01608985067455031,0.000767677203317331,0.0002588832947293271,-4.389761620871013e+22,1.0,-2.422654543643432e+22,1.0,5.442969348605821e-16,validation_target,0.0,1.0,False,"[1.0,0.9999999999999998,1.0,1.0,1.0,0.9999999999999998,1.0,1.0000000000000002]",1.0,1.0,92,1.0,False,1.0,False
0.0,press,diagnostic_counterfactual,NONLINEAR_ONLY_ROUNDTRIP,0.07298213080561052,3.901413944005864,3.513281791147722e-05,0.01608985067455031,0.000767677203317331,0.0002588832947293271,1.0,False,True,1.0,False,0.9999999999999999,False,0,diagnostic_counterfactual,1.0,False,0.07298213080561052,3.9014139440058644,3.513281791147722e-05,0.01608985067455031,0.000767677203317331,0.0002588832947293271,-4.389761598666552e+22,1.0,-2.422654554745662e+22,1.0,1.0948552453876646e-16,validation_target,0.0,1.0,False,"[1.0,1.0,1.0,1.0,0.9999999999999998,0.9999999999999998,1.0,1.0000000000000002]",1.0,1.0,92,1.0,False,1.0,False
0.0,press,diagnostic_counterfactual,FLOAT64_REFERENCE,0.0729821308056106,3.901413944005861,3.513281791147722e-05,0.016089850674550307,0.0007676772033173308,0.00025888329472932694,1.000000000000001,False,True,0.9999999999999993,False,0.9999999999999991,False,0,diagnostic_counterfactual; full canonical calculation in CPU float64,1.0,False,0.07298213080561052,3.9014139440058644,3.513281791147722e-05,0.01608985067455031,0.000767677203317331,0.0002588832947293271,-4.38976148764425e+22,0.9999999163480702,-2.422654632461274e+22,0.9999999645335083,1.0704968225203145e-15,validation_target,0.0,0.9999999999999996,False,"[0.9999999999999992,0.999999999999999,0.9999999999999992,1.0000000000000002,0.9999999999999997,0.9999999999999996,1.0,1.0000000000000004]",0.9999999999999996,1.0,92,0.9999999999999998,False,0.9999999999999997,False
0.0,vel1,diagnostic_counterfactual,CANONICAL_FULL,1.136819311976433,607.5719225433423,0.023532157779008918,0.2603967186442854,0.017647434653525352,0.06780645108071111,0.9999999681153608,False,True,1.0000000002699063,False,1.0000000188041636,False,0,frozen canonical tensor encode/decode,1.000000001676427,False,1.1368193482235076,607.5719111184608,0.023532157739558975,0.260396718609144,0.017647434658475594,0.06780645106240972,0.0,0.0,0.0,0.0,5.796726664396334e-08,validation_target,0.0,1.0000000003449436,False,"[1.0000000022915299,0.9999999969415216,1.000000002335873,1.00000000105946,0.9999999986932073,0.9999999996304273,0.9999999922135404,1.0000000051265285]",1.0000000003449436,1.0,92,1.0000000001349534,False,0.9999999997194923,False
0.0,vel1,diagnostic_counterfactual,NO_FINAL_INVERSE_CLAMP,1.1368193142454213,607.5719265862718,0.023532158114834778,0.26039672061092967,0.017647434758119262,0.06780645210492656,0.9999999701112702,False,True,1.0000000153748916,False,1.0000000254584038,False,0,diagnostic_counterfactual; actual float32 encoded state; inverse clamp bypassed,1.0000000159473605,False,1.1368193482235076,607.5719111184608,0.023532157739558975,0.260396718609144,0.017647434658475594,0.06780645106240972,0.06259783330900227,1.5104985262581749e+22,6.654240269909905e+21,1.4396908554203945e+22,4.4018118810100056e-08,validation_target,0.0,1.0000000147418522,False,"[1.000000017360936,1.000000012854395,1.0000000177200397,1.0000000150025297,1.0000000144811747,1.0000000116849472,1.0000000128095152,1.0000000185783815]",1.0000000147418522,1.0,92,1.0000000076874458,False,1.0000000056463543,False
0.0,vel1,diagnostic_counterfactual,NO_SOFTCLIP_COUNTERFACTUAL,1.1368193482235076,607.5719111184608,0.023532157739558975,0.260396718609144,0.017647434658475594,0.06780645106240972,1.0,False,True,1.0,False,1.0,False,0,diagnostic_counterfactual,1.0,False,1.1368193482235076,607.5719111184608,0.023532157739558975,0.260396718609144,0.017647434658475594,0.06780645106240972,1.0,-2.699063195166218e+20,-1.880416355959369e+22,-3.44943629215777e+20,2.5020531496313668e-17,validation_target,0.0,1.0,False,"[1.0,1.0,1.0,1.0,1.0,1.0,1.0,1.0]",1.0,1.0,92,1.0,False,1.0,False
0.0,vel1,diagnostic_counterfactual,NORMALIZER_ONLY_ROUNDTRIP,1.1368193482235076,607.5719111184608,0.023532157739558975,0.260396718609144,0.017647434658475594,0.06780645106240972,1.0,False,True,1.0,False,1.0,False,0,diagnostic_counterfactual,1.0,False,1.1368193482235076,607.5719111184608,0.023532157739558975,0.260396718609144,0.017647434658475594,0.06780645106240972,1.0,-2.699063195166218e+20,-1.880416355959369e+22,-3.44943629215777e+20,2.5020531496313668e-17,validation_target,0.0,1.0,False,"[1.0,1.0,1.0,1.0,1.0,1.0,1.0,1.0]",1.0,1.0,92,1.0,False,1.0,False
0.0,vel1,diagnostic_counterfactual,NONLINEAR_ONLY_ROUNDTRIP,1.1368193482235076,607.5719111184608,0.023532157739558975,0.260396718609144,0.017647434658475594,0.06780645106240972,1.0,False,True,1.0,False,1.0,False,0,diagnostic_counterfactual,1.0,False,1.1368193482235076,607.5719111184608,0.023532157739558975,0.260396718609144,0.017647434658475594,0.06780645106240972,1.0,-2.699063195166218e+20,-1.880416355959369e+22,-3.44943629215777e+20,0.0,validation_target,0.0,1.0,False,"[1.0,1.0,1.0,1.0,1.0,1.0,1.0,1.0]",1.0,1.0,92,1.0,False,1.0,False
0.0,vel1,diagnostic_counterfactual,FLOAT64_REFERENCE,1.1368193482235076,607.5719111184608,0.023532157739558975,0.260396718609144,0.017647434658475594,0.06780645106240972,1.0,False,True,1.0,False,1.0,False,0,diagnostic_counterfactual; full canonical calculation in CPU float64,1.0,False,1.1368193482235076,607.5719111184608,0.023532157739558975,0.260396718609144,0.017647434658475594,0.06780645106240972,1.0,-2.699063195166218e+20,-1.880416355959369e+22,-3.44943629215777e+20,9.867301959707922e-17,validation_target,0.0,1.0,False,"[1.0,1.0,1.0,1.0,0.9999999999999999,0.9999999999999999,1.0,0.9999999999999999]",1.0,1.0,92,1.0,False,1.0,False
0.07946395874023438,vel2,diagnostic_counterfactual,CANONICAL_FULL,0.07146307080984116,1.2292484133361663,1.6123578267668917e-08,0.01226243715634649,0.0007805772779745758,0.000150367365013347,0.30917114433721576,False,True,0.14637846464357415,False,0.2838306652802597,False,0,frozen canonical tensor encode/decode,0.22645168131440818,False,0.23114405117929032,4.330921791422303,7.120096514224044e-08,0.03205075031527821,0.002071296524322725,0.001027250595772306,0.0,0.0,0.0,0.0,0.7355719002300204,validation_target,0.12462997436523438,0.22645168131440818,False,"[0.1177504757751894,0.2432831092464413,1.0000000022676143,0.9999999986081956,1.0000000009802081,0.9999999998993037,0.9999999920008605,1.0000000093428623]",0.9999999992537496,1.0,92,0.3825943865813692,False,0.3768544333505363,False
0.07946395874023438,vel2,diagnostic_counterfactual,NO_FINAL_INVERSE_CLAMP,,,,,,,,,False,,,,,4916,diagnostic_counterfactual; actual float32 encoded state; inverse clamp bypassed,,,,,,,,,,,,,,validation_target,0.12462997436523438,,,,,,92,,,,
0.07946395874023438,vel2,diagnostic_counterfactual,NO_SOFTCLIP_COUNTERFACTUAL,0.23114405117929032,4.330921791422303,7.120096514224044e-08,0.03205075031527821,0.002071296524322725,0.001027250595772306,1.0,False,True,1.0,False,1.0,False,0,diagnostic_counterfactual,1.0,False,0.23114405117929032,4.330921791422303,7.120096514224044e-08,0.03205075031527821,0.002071296524322725,0.001027250595772306,1.0,1.0,1.0,1.0,4.7587418380048804e-17,validation_target,0.12462997436523438,1.0,False,"[0.9999999999999999,1.0,0.9999999999999998,1.0,1.0,1.0,1.0,1.0]",1.0,1.0,92,1.0,False,1.0,False
0.07946395874023438,vel2,diagnostic_counterfactual,NORMALIZER_ONLY_ROUNDTRIP,0.23114405117929032,4.330921791422303,7.120096514224044e-08,0.03205075031527821,0.002071296524322725,0.001027250595772306,1.0,False,True,1.0,False,1.0,False,0,diagnostic_counterfactual,1.0,False,0.23114405117929032,4.330921791422303,7.120096514224044e-08,0.03205075031527821,0.002071296524322725,0.001027250595772306,1.0,1.0,1.0,1.0,4.7587418380048804e-17,validation_target,0.12462997436523438,1.0,False,"[0.9999999999999999,1.0,0.9999999999999998,1.0,1.0,1.0,1.0,1.0]",1.0,1.0,92,1.0,False,1.0,False
0.07946395874023438,vel2,diagnostic_counterfactual,NONLINEAR_ONLY_ROUNDTRIP,0.23114405117929032,4.330921791422303,7.120096514224044e-08,0.03205075031527821,0.002071296524322725,0.001027250595772306,1.0,False,True,1.0,False,1.0,False,0,diagnostic_counterfactual,1.0,False,0.23114405117929032,4.330921791422303,7.120096514224044e-08,0.03205075031527821,0.002071296524322725,0.001027250595772306,1.0,1.0,1.0,1.0,0.0,validation_target,0.12462997436523438,1.0,False,"[1.0,1.0,1.0,1.0,1.0,1.0,1.0,1.0]",1.0,1.0,92,1.0,False,1.0,False
0.07946395874023438,vel2,diagnostic_counterfactual,FLOAT64_REFERENCE,0.07146305821902146,1.229248026987595,1.6123584493554358e-08,0.01226243569220325,0.0007805771861962882,0.0001503673291054202,0.3091710898654713,False,True,0.14637842968820208,False,0.2838305760732525,False,0,diagnostic_counterfactual; full canonical calculation in CPU float64,0.22645176875543413,False,0.23114405117929032,4.330921791422303,7.120096514224044e-08,0.03205075031527821,0.002071296524322725,0.001027250595772306,-7.884983958310741e-08,-4.094949649378922e-08,-1.2456133325645314e-07,1.1303886756070916e-07,0.7355719376818586,validation_target,0.12462997436523438,0.22645176875543413,False,"[0.11775044493134332,0.2432830579299773,0.9999999999999998,0.9999999999999999,1.0,1.0,1.0,1.0]",1.0,1.0,92,0.3825943408993422,False,0.37685438904095214,False
0.25096893310546875,vel3,diagnostic_counterfactual,CANONICAL_FULL,0.1179761235229671,8.157619771825042,0.0009164541454417384,0.04303930999452509,0.0020181015696258695,0.0018523822048048277,0.10076430032596521,False,True,0.025554285017733665,False,0.008202447915380778,False,0,frozen canonical tensor encode/decode,0.015343701061359056,False,1.1708127098716796,994.5347847352158,0.05972836291432311,0.26923618799810467,0.009780889709736175,0.07248812492775077,0.0,0.0,0.0,0.0,0.8595558262983196,validation_target,0.30297088623046875,0.015343701061359056,False,"[0.004122553459012109,0.07011334334170809,0.17283792673457446,0.4313106257977672,0.7862781619336591,0.999999990721772,1.000000002779323,1.0000000028457603]",0.6087943938657131,1.0,92,0.15985707684595532,False,0.20633108331821734,False
0.25096893310546875,vel3,diagnostic_counterfactual,NO_FINAL_INVERSE_CLAMP,,,,,,,,,False,,,,,38111,diagnostic_counterfactual; actual float32 encoded state; inverse clamp bypassed,,,,,,,,,,,,,,validation_target,0.30297088623046875,,,,,,92,,,,
0.25096893310546875,vel3,diagnostic_counterfactual,NO_SOFTCLIP_COUNTERFACTUAL,1.1708127098716796,994.5347847352158,0.05972836291432311,0.2692361879981047,0.009780889709736175,0.07248812492775078,1.0,False,True,1.0000000000000002,False,1.0,False,0,diagnostic_counterfactual,1.0,False,1.1708127098716796,994.5347847352158,0.05972836291432311,0.26923618799810467,0.009780889709736175,0.07248812492775077,1.0,1.0000000000000002,1.0,1.0,4.050460235697915e-17,validation_target,0.30297088623046875,1.0,False,"[1.0,1.0,1.0,1.0,1.0,1.0,1.0,1.0]",1.0,1.0,92,1.0000000000000002,False,1.0,False
0.25096893310546875,vel3,diagnostic_counterfactual,NORMALIZER_ONLY_ROUNDTRIP,1.1708127098716796,994.5347847352158,0.05972836291432311,0.2692361879981047,0.009780889709736175,0.07248812492775078,1.0,False,True,1.0000000000000002,False,1.0,False,0,diagnostic_counterfactual,1.0,False,1.1708127098716796,994.5347847352158,0.05972836291432311,0.26923618799810467,0.009780889709736175,0.07248812492775077,1.0,1.0000000000000002,1.0,1.0,4.050460235697915e-17,validation_target,0.30297088623046875,1.0,False,"[1.0,1.0,1.0,1.0,1.0,1.0,1.0,1.0]",1.0,1.0,92,1.0000000000000002,False,1.0,False
0.25096893310546875,vel3,diagnostic_counterfactual,NONLINEAR_ONLY_ROUNDTRIP,1.1708127098716796,994.5347847352158,0.05972836291432311,0.26923618799810467,0.009780889709736175,0.07248812492775077,1.0,False,True,1.0,False,1.0,False,0,diagnostic_counterfactual,1.0,False,1.1708127098716796,994.5347847352158,0.05972836291432311,0.26923618799810467,0.009780889709736175,0.07248812492775077,1.0,1.0,1.0,1.0,0.0,validation_target,0.30297088623046875,1.0,False,"[1.0,1.0,1.0,1.0,1.0,1.0,1.0,1.0]",1.0,1.0,92,1.0,False,1.0,False
0.25096893310546875,vel3,diagnostic_counterfactual,FLOAT64_REFERENCE,0.11797610579079679,8.157617110873243,0.0009164537973044228,0.04303930249924207,0.0020181013439468805,0.0018523815596212649,0.1007642851807843,False,True,0.025554276117192184,False,0.00820244523980639,False,0,diagnostic_counterfactual; full canonical calculation in CPU float64,0.015343695232682383,False,1.1708127098716796,994.5347847352158,0.05972836291432311,0.26923618799810467,0.009780889709736175,0.07248812492775077,-1.6842281640323973e-08,-9.133953122348909e-09,-2.697702150158071e-09,-5.919503769529734e-09,0.8595558508017539,validation_target,0.30297088623046875,0.015343695232682383,False,"[0.004122551857912198,0.07011331964358843,0.17283786140624305,0.4313104585287933,0.7862779385162528,1.0000000000000004,1.0,1.0]",0.608794198522523,1.0,92,0.159857049006893,False,0.20633106024475514,False
0.0,Bcc1,diagnostic_counterfactual,CANONICAL_FULL,2.9059276056289676,2677.186416678836,8.233264685097823e-06,0.5069649571266858,0.013709906225684146,0.2570134677544623,0.9999999528237813,False,True,0.9999999954281485,False,0.9999999351262006,False,0,frozen canonical tensor encode/decode,0.9999999778362239,False,2.9059277427196504,2677.186590358102,8.233264867578063e-06,0.50696495828557,0.013709906126099335,0.25701346892948973,0.0,0.0,0.0,0.0,4.1251296061150265e-07,validation_target,0.0,0.9999999778362239,False,"[0.9999999921349345,1.000000002810331,0.9999999991151433,1.0000000091482424,1.000000001648795,1.0000000405054792,0.9999999936948886,1.000000024838383]",1.0000000022295632,1.0,93,0.9999999977140743,False,1.000000007263712,False
0.0,Bcc1,diagnostic_counterfactual,NO_FINAL_INVERSE_CLAMP,2.905926668792576,2677.1854959575776,8.233265050818567e-06,0.5069648677423302,0.013709903705180234,0.2570133771249984,0.9999996304357267,False,True,0.9999996428028005,False,0.9999995912124585,False,0,diagnostic_counterfactual; actual float32 encoded state; inverse clamp bypassed,1.0000000222561167,False,2.9059277427196504,2677.186590358102,8.233264867578063e-06,0.50696495828557,0.013709906126099335,0.25701346892948973,-6.833698490588948,-77.12965997683754,-5.301273318199702,-10.23990819919706,4.357376381036454e-07,validation_target,0.0,0.9999997508811908,False,"[0.9999996341114499,0.9999996562532898,0.9999996828683585,0.9999997301663976,0.9999997715959839,0.9999998180802085,0.9999998292719673,0.9999998234950035]",0.9999997508811908,1.0,93,0.9999998214013842,False,0.9999998234182584,False
0.0,Bcc1,diagnostic_counterfactual,NO_SOFTCLIP_COUNTERFACTUAL,2.905927742719651,2677.186590358102,8.233264867578068e-06,0.50696495828557,0.013709906126099335,0.25701346892948973,1.0000000000000002,False,True,1.0,False,1.0,False,0,diagnostic_counterfactual,1.0000000000000007,False,2.9059277427196504,2677.186590358102,8.233264867578063e-06,0.50696495828557,0.013709906126099335,0.25701346892948973,1.0000000047067064,1.0,1.0,1.0,3.981068760854537e-16,validation_target,0.0,1.0,False,"[1.0,0.9999999999999998,0.9999999999999999,1.0,1.0,1.0,1.0000000000000002,1.0]",1.0,1.0,93,1.0,False,1.0,False
0.0,Bcc1,diagnostic_counterfactual,NORMALIZER_ONLY_ROUNDTRIP,2.905927742719651,2677.186590358102,8.233264867578068e-06,0.50696495828557,0.013709906126099335,0.25701346892948973,1.0000000000000002,False,True,1.0,False,1.0,False,0,diagnostic_counterfactual,1.0000000000000007,False,2.9059277427196504,2677.186590358102,8.233264867578063e-06,0.50696495828557,0.013709906126099335,0.25701346892948973,1.0000000047067064,1.0,1.0,1.0,3.981068760854537e-16,validation_target,0.0,1.0,False,"[1.0,0.9999999999999998,0.9999999999999999,1.0,1.0,1.0,1.0000000000000002,1.0]",1.0,1.0,93,1.0,False,1.0,False
0.0,Bcc1,diagnostic_counterfactual,NONLINEAR_ONLY_ROUNDTRIP,2.905927742719651,2677.1865903581015,8.233264867578054e-06,0.50696495828557,0.013709906126099335,0.25701346892948973,1.0000000000000002,False,True,1.0,False,0.9999999999999998,False,0,diagnostic_counterfactual,0.999999999999999,False,2.9059277427196504,2677.186590358102,8.233264867578063e-06,0.50696495828557,0.013709906126099335,0.25701346892948973,1.0000000047067064,1.0,0.9999999965772838,0.9999999549173969,2.9103528825646826e-16,validation_target,0.0,0.999999999999999,False,"[1.0,0.9999999999999998,0.9999999999999999,1.0,1.0000000000000002,1.0,1.0000000000000002,1.0]",1.0,1.0,93,1.0,False,1.0,False
0.0,Bcc1,diagnostic_counterfactual,FLOAT64_REFERENCE,2.9059277427196513,2677.1865903581024,8.233264867578058e-06,0.5069649582855701,0.013709906126099335,0.25701346892948984,1.0000000000000002,False,True,1.0000000000000004,False,1.0000000000000002,False,0,diagnostic_counterfactual; full canonical calculation in CPU float64,0.9999999999999993,False,2.9059277427196504,2677.186590358102,8.233264867578063e-06,0.50696495828557,0.013709906126099335,0.25701346892948973,1.0000000047067064,1.0000000971355292,1.000000003422716,0.9999999699449313,7.672325721386873e-16,validation_target,0.0,0.9999999999999993,False,"[1.0000000000000002,1.0,1.0,0.9999999999999997,1.0,1.0000000000000002,1.0000000000000002,1.0]",1.0,1.0,93,1.0000000000000002,False,1.0,False
0.13673019409179688,Bcc2,diagnostic_counterfactual,CANONICAL_FULL,0.07658294922293862,3.0559529234623213,0.0005820369509928352,0.027217575998274034,0.0007519869256361099,0.0007407964432218227,0.08383559578051304,False,True,0.02367036119405525,False,0.031174261529692403,False,0,frozen canonical tensor encode/decode,0.037122805627921716,False,0.9134896520976327,98.02807744304167,0.015678689720452037,0.17690780816008553,0.004849309859874243,0.03129637258800562,0.0,0.0,0.0,0.0,0.8795329987171483,validation_target,0.269012451171875,0.037122805627921716,False,"[0.007315729197850639,0.03479003706548329,0.9999999859102414,1.000000022450608,1.000000007873022,1.000000000186724,1.0000000861519687,0.9999997789008106]",0.9999999930484826,1.0,93,0.1538517507019509,False,0.15507091676249599,False
0.13673019409179688,Bcc2,diagnostic_counterfactual,NO_FINAL_INVERSE_CLAMP,0.9134670929429839,98.02872925388567,0.015678677944388184,0.17690775703329437,0.004849315682696665,0.03129635449855111,0.9999753044223358,False,True,0.9999994219951702,False,1.000006649226028,False,0,diagnostic_counterfactual; actual float32 encoded state; inverse clamp bypassed,0.9999992489127559,False,0.9134896520976327,98.02807744304167,0.015678689720452037,0.17690780816008553,0.004849309859874243,0.03129637258800562,0.9999730446003464,0.9999994079818877,1.0000068631806154,0.9999992199553085,4.5484951017310706e-05,validation_target,0.269012451171875,0.9999992489127559,False,"[0.9999996288689913,0.9999993254794186,0.9999998059309937,0.9999999401197794,0.9999998072963221,0.9999998406277968,0.9999999227353328,0.9999996895549711]",0.999999806613658,1.0,93,0.9999997109975434,False,1.000001200752806,False
0.13673019409179688,Bcc2,diagnostic_counterfactual,NO_SOFTCLIP_COUNTERFACTUAL,0.9134896520976328,98.02807744304165,0.015678689720452037,0.17690780816008553,0.004849309859874243,0.03129637258800562,1.0000000000000002,False,True,1.0,False,0.9999999999999999,False,0,diagnostic_counterfactual,1.0,False,0.9134896520976327,98.02807744304167,0.015678689720452037,0.17690780816008553,0.004849309859874243,0.03129637258800562,1.0000000000000002,1.0,0.9999999999999999,1.0,2.910045685373621e-16,validation_target,0.269012451171875,1.0,False,"[0.9999999999999999,1.0,0.9999999999999999,1.0,1.0,1.0,1.0,1.0]",1.0,1.0,93,1.0,False,1.0,False
0.13673019409179688,Bcc2,diagnostic_counterfactual,NORMALIZER_ONLY_ROUNDTRIP,0.9134896520976328,98.02807744304165,0.015678689720452037,0.17690780816008553,0.004849309859874243,0.03129637258800562,1.0000000000000002,False,True,1.0,False,0.9999999999999999,False,0,diagnostic_counterfactual,1.0,False,0.9134896520976327,98.02807744304167,0.015678689720452037,0.17690780816008553,0.004849309859874243,0.03129637258800562,1.0000000000000002,1.0,0.9999999999999999,1.0,2.910045685373621e-16,validation_target,0.269012451171875,1.0,False,"[0.9999999999999999,1.0,0.9999999999999999,1.0,1.0,1.0,1.0,1.0]",1.0,1.0,93,1.0,False,1.0,False
0.13673019409179688,Bcc2,diagnostic_counterfactual,NONLINEAR_ONLY_ROUNDTRIP,0.9134896520976328,98.02807744304165,0.015678689720452037,0.17690780816008553,0.004849309859874243,0.03129637258800562,1.0000000000000002,False,True,1.0,False,0.9999999999999999,False,0,diagnostic_counterfactual,1.0,False,0.9134896520976327,98.02807744304167,0.015678689720452037,0.17690780816008553,0.004849309859874243,0.03129637258800562,1.0000000000000002,1.0,0.9999999999999999,1.0,2.895104740207254e-16,validation_target,0.269012451171875,1.0,False,"[0.9999999999999999,1.0,1.0,0.9999999999999998,1.0,1.0,1.0,1.0]",1.0,1.0,93,1.0,False,1.0,False
0.13673019409179688,Bcc2,diagnostic_counterfactual,FLOAT64_REFERENCE,0.07658289868284983,3.055949657219249,0.0005820363171992586,0.02721756045357745,0.0007519865425584362,0.0007407955970441432,0.08383554045411862,False,True,0.023670334156491165,False,0.031174228210227636,False,0,diagnostic_counterfactual; full canonical calculation in CPU float64,0.03712276520403503,False,0.9134896520976327,98.02807744304167,0.015678689720452037,0.17690780816008553,0.004849309859874243,0.03129637258800562,-6.03891552317149e-08,-2.7693069029965333e-08,-3.439159741949685e-08,-4.198239082374557e-08,0.8795330734289994,validation_target,0.269012451171875,0.03712276520403503,False,"[0.007315719380064842,0.03478998490693857,1.000000000000001,0.9999999999999997,0.9999999999999999,0.9999999999999999,1.0,1.0]",0.9999999999999999,1.0,93,0.15385166283303917,False,0.1550708377661677,False
0.434814453125,Bcc3,diagnostic_counterfactual,CANONICAL_FULL,0.010797557421028614,0.15884898881370266,3.1603872070201843e-09,0.0037251788177542927,0.00020828969794417341,1.387695722424527e-05,0.0026956177843280907,False,True,4.9184465868205594e-05,False,2.2394469596323903e-05,False,0,frozen canonical tensor encode/decode,0.00025676991237473805,False,4.005596596002579,7093.223982396888,1.23082458446604e-05,0.5311695188319773,0.020416196638192097,0.28214105773619425,0.0,0.0,0.0,0.0,0.9966861761158348,validation_target,0.492431640625,0.00025676991237473805,False,"[1.3451974461642622e-05,0.00033451706566457485,0.005018742641894739,0.06755707302685456,0.37512773605337574,0.9565071681440535,1.0000000276200673,0.9999999704787654]",0.22134240454011514,1.0,93,0.007013163755981005,False,0.010202179261661832,False
0.434814453125,Bcc3,diagnostic_counterfactual,NO_FINAL_INVERSE_CLAMP,,,,,,,,,False,,,,,75528,diagnostic_counterfactual; actual float32 encoded state; inverse clamp bypassed,,,,,,,,,,,,,,validation_target,0.492431640625,,,,,,93,,,,
0.434814453125,Bcc3,diagnostic_counterfactual,NO_SOFTCLIP_COUNTERFACTUAL,4.0055965960025794,7093.2239823968885,1.230824584466039e-05,0.5311695188319773,0.020416196638192097,0.28214105773619425,1.0000000000000002,False,True,1.0,False,1.0000000000000002,False,0,diagnostic_counterfactual,0.9999999999999992,False,4.005596596002579,7093.223982396888,1.23082458446604e-05,0.5311695188319773,0.020416196638192097,0.28214105773619425,1.0000000000000002,1.0,1.0000000000000002,0.9999999999999992,2.9782873065334183e-16,validation_target,0.492431640625,0.9999999999999992,False,"[1.0,1.0,0.9999999999999998,1.0,1.0000000000000002,1.0,1.0,1.0]",1.0,1.0,93,1.0,False,1.0,False
0.434814453125,Bcc3,diagnostic_counterfactual,NORMALIZER_ONLY_ROUNDTRIP,4.0055965960025794,7093.2239823968885,1.230824584466039e-05,0.5311695188319773,0.020416196638192097,0.28214105773619425,1.0000000000000002,False,True,1.0,False,1.0000000000000002,False,0,diagnostic_counterfactual,0.9999999999999992,False,4.005596596002579,7093.223982396888,1.23082458446604e-05,0.5311695188319773,0.020416196638192097,0.28214105773619425,1.0000000000000002,1.0,1.0000000000000002,0.9999999999999992,2.9782873065334183e-16,validation_target,0.492431640625,0.9999999999999992,False,"[1.0,1.0,0.9999999999999998,1.0,1.0000000000000002,1.0,1.0,1.0]",1.0,1.0,93,1.0,False,1.0,False
0.434814453125,Bcc3,diagnostic_counterfactual,NONLINEAR_ONLY_ROUNDTRIP,4.0055965960025794,7093.2239823968885,1.230824584466039e-05,0.5311695188319773,0.020416196638192097,0.28214105773619425,1.0000000000000002,False,True,1.0,False,1.0000000000000002,False,0,diagnostic_counterfactual,0.9999999999999992,False,4.005596596002579,7093.223982396888,1.23082458446604e-05,0.5311695188319773,0.020416196638192097,0.28214105773619425,1.0000000000000002,1.0,1.0000000000000002,0.9999999999999992,2.815522447448615e-16,validation_target,0.492431640625,0.9999999999999992,False,"[0.9999999999999998,1.0,0.9999999999999998,1.0,1.0,1.0,1.0,1.0]",1.0,1.0,93,1.0,False,1.0,False
0.434814453125,Bcc3,diagnostic_counterfactual,FLOAT64_REFERENCE,0.01079755544610649,0.15884893529496505,3.160386188011723e-09,0.0037251781971470235,0.00020828966416765887,1.3876952600499549e-05,0.0026956172912873974,False,True,4.918444948014156e-05,False,2.2394462051272774e-05,False,0,diagnostic_counterfactual; full canonical calculation in CPU float64,0.0002567698295840241,False,4.005596596002579,7093.223982396888,1.23082458446604e-05,0.5311695188319773,0.020416196638192097,0.28214105773619425,-4.943733348954147e-10,-1.638887011324506e-11,-7.545220099539869e-12,-8.281197757881565e-11,0.9966861767184421,validation_target,0.492431640625,0.0002567698295840241,False,"[1.3451969540789052e-05,0.00033451694417809306,0.005018740922571779,0.06755705191500522,0.37512766286634913,0.9565070991155503,1.0,1.0]",0.22134235739067717,1.0,93,0.007013162587602084,False,0.010202177607263848,False
0.0,rho,diagnostic_counterfactual,CANONICAL_FULL,5.792183783641881,1337.4257881561111,0.12508979887759636,1.064871000434581,0.04353701257971703,1.133950247566545,1.0000005869726645,False,True,1.0000000285820587,False,0.9999999800764632,False,0,frozen canonical tensor encode/decode,1.000000032288759,False,5.792180383790328,1337.4258148023637,0.1250897948386021,1.0648709852164784,0.04353701443216406,1.1339502151559135,0.0,0.0,0.0,0.0,7.193608931656242e-07,validation_target,0.0,1.0000000124765678,False,"[0.9999999883134166,1.0000000366397188,0.9999999735206935,1.0000001441281414,1.0000001243992127,1.0000000607977075,0.9999997461787242,0.9999999773120593]",1.0000000124765678,1.0,93,1.0000000142910295,False,0.9999999574512158,False
0.0,rho,diagnostic_counterfactual,NO_FINAL_INVERSE_CLAMP,5.7921844956344275,1337.4272873768784,0.1250899038323982,1.0648714442398082,0.043537031529884494,1.133951192757375,1.0000007098957262,False,True,1.0000008621202663,False,1.0000011010513619,False,0,diagnostic_counterfactual; actual float32 encoded state; inverse clamp bypassed,1.0000008713244453,False,5.792180383790328,1337.4258148023637,0.1250897948386021,1.0648709852164784,0.04353701443216406,1.1339502151559135,1.2292306172945188e+23,8.335382075674857e+23,56.263850579898836,6.349790822035572e+23,7.490057021827851e-07,validation_target,0.0,1.00000064745565,False,"[1.000000465396099,1.000000879439287,1.0000007986367916,1.0000008054976837,1.0000007036241012,1.0000005621158305,1.0000005134534387,1.000000591287199]",1.00000064745565,1.0,93,1.0000004310600403,False,1.000000392716879,False
0.0,rho,diagnostic_counterfactual,NO_SOFTCLIP_COUNTERFACTUAL,5.7921803837903285,1337.4258148023637,0.1250897948386021,1.0648709852164784,0.04353701443216406,1.1339502151559135,1.0000000000000002,False,True,1.0,False,1.0,False,0,diagnostic_counterfactual,1.0,False,5.792180383790328,1337.4258148023637,0.1250897948386021,1.0648709852164784,0.04353701443216406,1.1339502151559135,-5.869726642515615e+23,-2.8582058719806013e+22,1.0,-1.2476567778918478e+22,5.77801195875815e-16,validation_target,0.0,1.0,False,"[1.0,1.0,0.9999999999999998,0.9999999999999998,0.9999999999999998,1.0,1.0000000000000004,1.0000000000000002]",1.0,1.0,93,1.0,False,1.0,False
0.0,rho,diagnostic_counterfactual,NORMALIZER_ONLY_ROUNDTRIP,5.7921803837903285,1337.4258148023637,0.1250897948386021,1.0648709852164784,0.04353701443216406,1.1339502151559135,1.0000000000000002,False,True,1.0,False,1.0,False,0,diagnostic_counterfactual,1.0,False,5.792180383790328,1337.4258148023637,0.1250897948386021,1.0648709852164784,0.04353701443216406,1.1339502151559135,-5.869726642515615e+23,-2.8582058719806013e+22,1.0,-1.2476567778918478e+22,5.77801195875815e-16,validation_target,0.0,1.0,False,"[1.0,1.0,0.9999999999999998,0.9999999999999998,0.9999999999999998,1.0,1.0000000000000004,1.0000000000000002]",1.0,1.0,93,1.0,False,1.0,False
0.0,rho,diagnostic_counterfactual,NONLINEAR_ONLY_ROUNDTRIP,5.792180383790328,1337.4258148023637,0.1250897948386021,1.0648709852164784,0.04353701443216406,1.1339502151559135,1.0,False,True,1.0,False,1.0,False,0,diagnostic_counterfactual,1.0,False,5.792180383790328,1337.4258148023637,0.1250897948386021,1.0648709852164784,0.04353701443216406,1.1339502151559135,-5.8697266447360616e+23,-2.8582058719806013e+22,1.0,-1.2476567778918478e+22,1.2175011291623243e-16,validation_target,0.0,1.0,False,"[1.0,1.0,1.0,1.0,1.0,1.0,1.0,1.0]",1.0,1.0,93,1.0,False,1.0,False
0.0,rho,diagnostic_counterfactual,FLOAT64_REFERENCE,5.792180383790323,1337.4258148023614,0.12508979483860208,1.0648709852164777,0.04353701443216403,1.1339502151559118,0.9999999999999992,False,True,0.9999999999999984,False,0.9999999999999983,False,0,diagnostic_counterfactual; full canonical calculation in CPU float64,0.9999999999999998,False,5.792180383790328,1337.4258148023637,0.1250897948386021,1.0648709852164784,0.04353701443216406,1.1339502151559135,-5.8697266525076224e+23,-2.8582060274118245e+22,0.9999999164137094,-1.2476568556074596e+22,1.4770383283484133e-15,validation_target,0.0,0.9999999999999992,False,"[0.9999999999999998,0.9999999999999984,0.9999999999999984,0.9999999999999993,0.9999999999999991,1.0000000000000002,0.9999999999999987,0.9999999999999999]",0.9999999999999992,1.0,93,0.9999999999999993,False,0.9999999999999993,False
0.0,press,diagnostic_counterfactual,CANONICAL_FULL,0.23534970114600412,10.484440012397178,0.00031891005834130124,0.048635418858598484,0.0019276764276997434,0.002365403967551317,0.9999999379515927,False,True,1.0000000027209937,False,0.9999998711785528,False,0,frozen canonical tensor encode/decode,0.9999999995021631,False,0.23534971574907915,10.484441363018087,0.00031891005850006644,0.048635418792430156,0.0019276764030790906,0.002365403961115068,0.0,0.0,0.0,0.0,6.275565412282213e-07,validation_target,0.0,0.9999999995021631,False,"[0.9999999162768943,1.0000000095961479,1.0000000348470373,0.9999999496108419,1.0000000559930011,1.0000000291027837,1.0000000695098277,1.000000041499678]",1.0000000319749105,1.0,93,1.0000000013604968,False,1.0000000127721917,False
0.0,press,diagnostic_counterfactual,NO_FINAL_INVERSE_CLAMP,0.23534951178858768,10.484423850777235,0.0003189095773688032,0.04863538160166593,0.001927674956452089,0.002365400343539665,0.9999991333726883,False,True,0.9999984706310371,False,0.9999983296925181,False,0,diagnostic_counterfactual; actual float32 encoded state; inverse clamp bypassed,0.9999984913261579,False,0.23534971574907915,10.484441363018087,0.00031891005850006644,0.048635418792430156,0.0019276764030790906,0.002365403961115068,-12.966954985418328,-1.5320899565685053e+24,-11.966066741961212,-3029.458156301041,9.001432904707432e-07,validation_target,0.0,0.9999984913261579,False,"[0.9999984437331565,0.9999984644515973,0.99999864261213,0.9999987173597412,0.9999989140981392,0.9999991323996599,0.9999991630108349,0.9999989921538693]",0.9999988157289402,1.0,93,0.999999235315226,False,0.9999992495488355,False
0.0,press,diagnostic_counterfactual,NO_SOFTCLIP_COUNTERFACTUAL,0.23534971574907904,10.484441363018087,0.00031891005850006644,0.048635418792430156,0.0019276764030790906,0.002365403961115068,0.9999999999999996,False,True,1.0,False,1.0,False,0,diagnostic_counterfactual,1.0,False,0.23534971574907915,10.484441363018087,0.00031891005850006644,0.048635418792430156,0.0019276764030790906,0.002365403961115068,0.9999999928428588,-2.7209936526162437e+21,1.0,1.0,5.330587678195793e-16,validation_target,0.0,1.0,False,"[1.0,1.0,1.0,1.0,1.0,0.9999999999999998,0.9999999999999997,0.9999999999999998]",1.0,1.0,93,1.0,False,1.0,False
0.0,press,diagnostic_counterfactual,NORMALIZER_ONLY_ROUNDTRIP,0.23534971574907904,10.484441363018087,0.00031891005850006644,0.048635418792430156,0.0019276764030790906,0.002365403961115068,0.9999999999999996,False,True,1.0,False,1.0,False,0,diagnostic_counterfactual,1.0,False,0.23534971574907915,10.484441363018087,0.00031891005850006644,0.048635418792430156,0.0019276764030790906,0.002365403961115068,0.9999999928428588,-2.7209936526162437e+21,1.0,1.0,5.330587678195793e-16,validation_target,0.0,1.0,False,"[1.0,1.0,1.0,1.0,1.0,0.9999999999999998,0.9999999999999997,0.9999999999999998]",1.0,1.0,93,1.0,False,1.0,False
0.0,press,diagnostic_counterfactual,NONLINEAR_ONLY_ROUNDTRIP,0.23534971574907915,10.484441363018087,0.00031891005850006644,0.048635418792430156,0.0019276764030790906,0.002365403961115068,1.0,False,True,1.0,False,1.0,False,0,diagnostic_counterfactual,1.0,False,0.23534971574907915,10.484441363018087,0.00031891005850006644,0.048635418792430156,0.0019276764030790906,0.002365403961115068,1.0,-2.7209936526162437e+21,1.0,1.0,5.14727455727865e-17,validation_target,0.0,1.0,False,"[1.0,1.0,1.0,1.0,1.0,0.9999999999999998,0.9999999999999997,0.9999999999999998]",1.0,1.0,93,1.0,False,1.0,False
0.0,press,diagnostic_counterfactual,FLOAT64_REFERENCE,0.23534971574907917,10.484441363018075,0.00031891005850006644,0.04863541879243013,0.00192767640307909,0.0023654039611150654,1.0000000000000002,False,True,0.9999999999999989,False,0.9999999999999988,False,0,diagnostic_counterfactual; full canonical calculation in CPU float64,1.0,False,0.23534971574907915,10.484441363018087,0.00031891005850006644,0.048635418792430156,0.0019276764030790906,0.002365403961115068,1.0000000035785706,-2.720994762839268e+21,0.9999999905198602,0.9999995539812083,1.3729013330167453e-15,validation_target,0.0,0.9999999999999998,False,"[0.9999999999999991,0.9999999999999989,0.9999999999999993,1.0000000000000002,0.9999999999999997,0.9999999999999998,1.0,0.9999999999999998]",0.9999999999999998,1.0,93,0.9999999999999994,False,0.9999999999999997,False
0.0,vel1,diagnostic_counterfactual,CANONICAL_FULL,0.9853484594821931,514.325648993287,0.014422088926918836,0.24590004685307967,0.01813777029897282,0.06046683304234678,0.9999999975236525,False,True,1.0000000006117435,False,1.0000000008326788,False,0,frozen canonical tensor encode/decode,1.0000000008248437,False,0.9853484619222582,514.3256485650189,0.014422088915022866,0.2459000467778658,0.018137770243864915,0.06046683300535659,0.0,0.0,0.0,0.0,5.7087335856540215e-08,validation_target,0.0,0.9999999998671039,False,"[0.9999999994871474,1.0000000024891706,1.0000000002470604,0.9999999983389908,1.0000000014468104,1.0000000044452506,0.9999999987864302,0.9999999994465305]",0.9999999998671039,1.0,93,1.0000000003058718,False,1.0000000030382954,False
0.0,vel1,diagnostic_counterfactual,NO_FINAL_INVERSE_CLAMP,0.9853485086232436,514.3256535498142,0.014422089152400086,0.24590004869949492,0.01813777036412918,0.06046683395041397,1.000000047395401,False,True,1.0000000156293514,False,1.0000000096919048,False,0,diagnostic_counterfactual; actual float32 encoded state; inverse clamp bypassed,1.0000000164592815,False,0.9853484619222582,514.3256485650189,0.014422088915022866,0.2459000467778658,0.018137770243864915,0.06046683300535659,20.139236999133153,1.5017607823963883e+22,8.859226019453103e+21,117.10875990583297,4.358138958846975e-08,validation_target,0.0,1.0000000154304058,False,"[1.000000014098102,1.000000017179194,1.0000000147743342,1.0000000145610648,1.00000001622104,1.000000017201848,1.0000000149790376,1.0000000158817741]",1.0000000154304058,1.0,93,1.0000000078146756,False,1.000000006630598,False
0.0,vel1,diagnostic_counterfactual,NO_SOFTCLIP_COUNTERFACTUAL,0.9853484619222582,514.3256485650189,0.014422088915022866,0.2459000467778658,0.018137770243864915,0.06046683300535659,1.0,False,True,1.0,False,1.0,False,0,diagnostic_counterfactual,1.0,False,0.9853484619222582,514.3256485650189,0.014422088915022866,0.2459000467778658,0.018137770243864915,0.06046683300535659,1.0,-6.117435447094976e+20,-8.326788147883234e+20,1.0,2.6362662306124256e-17,validation_target,0.0,1.0,False,"[1.0,1.0,1.0,1.0,1.0,1.0,1.0,1.0]",1.0,1.0,93,1.0,False,1.0,False
0.0,vel1,diagnostic_counterfactual,NORMALIZER_ONLY_ROUNDTRIP,0.9853484619222582,514.3256485650189,0.014422088915022866,0.2459000467778658,0.018137770243864915,0.06046683300535659,1.0,False,True,1.0,False,1.0,False,0,diagnostic_counterfactual,1.0,False,0.9853484619222582,514.3256485650189,0.014422088915022866,0.2459000467778658,0.018137770243864915,0.06046683300535659,1.0,-6.117435447094976e+20,-8.326788147883234e+20,1.0,2.6362662306124256e-17,validation_target,0.0,1.0,False,"[1.0,1.0,1.0,1.0,1.0,1.0,1.0,1.0]",1.0,1.0,93,1.0,False,1.0,False
0.0,vel1,diagnostic_counterfactual,NONLINEAR_ONLY_ROUNDTRIP,0.9853484619222582,514.3256485650189,0.014422088915022866,0.2459000467778658,0.018137770243864915,0.06046683300535659,1.0,False,True,1.0,False,1.0,False,0,diagnostic_counterfactual,1.0,False,0.9853484619222582,514.3256485650189,0.014422088915022866,0.2459000467778658,0.018137770243864915,0.06046683300535659,1.0,-6.117435447094976e+20,-8.326788147883234e+20,1.0,0.0,validation_target,0.0,1.0,False,"[1.0,1.0,1.0,1.0,1.0,1.0,1.0,1.0]",1.0,1.0,93,1.0,False,1.0,False
0.0,vel1,diagnostic_counterfactual,FLOAT64_REFERENCE,0.9853484619222582,514.3256485650188,0.014422088915022866,0.2459000467778658,0.018137770243864915,0.06046683300535659,1.0,False,True,1.0,False,0.9999999999999998,False,0,diagnostic_counterfactual; full canonical calculation in CPU float64,1.0,False,0.9853484619222582,514.3256485650189,0.014422088915022866,0.2459000467778658,0.018137770243864915,0.06046683300535659,1.0,-6.117435447094976e+20,-8.326790368329284e+20,1.0,9.911592399908463e-17,validation_target,0.0,1.0,False,"[1.0,1.0,1.0,1.0,1.0,0.9999999999999998,1.0,1.0]",1.0,1.0,93,1.0,False,1.0,False
0.07134246826171875,vel2,diagnostic_counterfactual,CANONICAL_FULL,0.07146307080984116,1.2724324419357111,1.1825729201236533e-08,0.011059043728534728,0.0006080605835711766,0.0001223024481896433,0.29406998625373076,False,True,0.10181896839863894,False,0.20897271997180142,False,0,frozen canonical tensor encode/decode,0.07731209089014968,False,0.24301382035017025,6.088988276112843,1.5296092842760314e-07,0.034657978583753433,0.0021316482434925884,0.0012011754795119116,0.0,0.0,0.0,0.0,0.7779258200415949,validation_target,0.093597412109375,0.07731209089014968,False,"[0.07868818021143995,0.708570678318151,1.000000001288118,1.000000000138408,0.999999999966404,0.9999999974498538,1.0000000017009107,0.9999999964099795]",0.999999998708129,1.0,93,0.3190908466230878,False,0.2852537164269199,False
0.07134246826171875,vel2,diagnostic_counterfactual,NO_FINAL_INVERSE_CLAMP,,,,,,,,,False,,,,,5247,diagnostic_counterfactual; actual float32 encoded state; inverse clamp bypassed,,,,,,,,,,,,,,validation_target,0.093597412109375,,,,,,93,,,,
0.07134246826171875,vel2,diagnostic_counterfactual,NO_SOFTCLIP_COUNTERFACTUAL,0.24301382035017025,6.088988276112843,1.5296092842760314e-07,0.034657978583753433,0.0021316482434925884,0.0012011754795119116,1.0,False,True,1.0,False,1.0,False,0,diagnostic_counterfactual,1.0,False,0.24301382035017025,6.088988276112843,1.5296092842760314e-07,0.034657978583753433,0.0021316482434925884,0.0012011754795119116,1.0,1.0,1.0,1.0,4.9921868424253764e-17,validation_target,0.093597412109375,1.0,False,"[1.0,1.0000000000000002,1.0000000000000002,1.0,1.0,1.0,1.0,1.0000000000000002]",1.0,1.0,93,1.0,False,1.0,False
0.07134246826171875,vel2,diagnostic_counterfactual,NORMALIZER_ONLY_ROUNDTRIP,0.24301382035017025,6.088988276112843,1.5296092842760314e-07,0.034657978583753433,0.0021316482434925884,0.0012011754795119116,1.0,False,True,1.0,False,1.0,False,0,diagnostic_counterfactual,1.0,False,0.24301382035017025,6.088988276112843,1.5296092842760314e-07,0.034657978583753433,0.0021316482434925884,0.0012011754795119116,1.0,1.0,1.0,1.0,4.9921868424253764e-17,validation_target,0.093597412109375,1.0,False,"[1.0,1.0000000000000002,1.0000000000000002,1.0,1.0,1.0,1.0,1.0000000000000002]",1.0,1.0,93,1.0,False,1.0,False
0.07134246826171875,vel2,diagnostic_counterfactual,NONLINEAR_ONLY_ROUNDTRIP,0.24301382035017025,6.088988276112843,1.5296092842760314e-07,0.034657978583753433,0.0021316482434925884,0.0012011754795119116,1.0,False,True,1.0,False,1.0,False,0,diagnostic_counterfactual,1.0,False,0.24301382035017025,6.088988276112843,1.5296092842760314e-07,0.034657978583753433,0.0021316482434925884,0.0012011754795119116,1.0,1.0,1.0,1.0,0.0,validation_target,0.093597412109375,1.0,False,"[1.0,1.0,1.0,1.0,1.0,1.0,1.0,1.0]",1.0,1.0,93,1.0,False,1.0,False
0.07134246826171875,vel2,diagnostic_counterfactual,FLOAT64_REFERENCE,0.07146305821902146,1.2724320744590107,1.1825721469178786e-08,0.01105904226749326,0.0006080605175122811,0.00012230241587420248,0.29406993444260465,False,True,0.10181894149545836,False,0.2089726596207737,False,0,diagnostic_counterfactual; full canonical calculation in CPU float64,0.07731204034091578,False,0.24301382035017025,6.088988276112843,1.5296092842760314e-07,0.034657978583753433,0.0021316482434925884,0.0012011754795119116,-7.339413979110996e-08,-2.9952960066664256e-08,-7.629449609965447e-08,-5.478475809299389e-08,0.7779258532800758,validation_target,0.093597412109375,0.07731204034091578,False,"[0.07868815669341746,0.7085705521160068,1.0,1.0,1.0,1.0,1.0,1.0000000000000002]",1.0,1.0,93,0.31909080446709576,False,0.2852536854373343,False
0.2524070739746094,vel3,diagnostic_counterfactual,CANONICAL_FULL,0.13684375941753388,8.465793576796264,0.0009375170425635115,0.043327025353984576,0.002351757314893685,0.0018772311260248226,0.11152810290791981,False,True,0.028247000302176688,False,0.008883371447165146,False,0,frozen canonical tensor encode/decode,0.019876070907736416,False,1.2269890354946256,952.9933119590378,0.04716812728810498,0.2577939411119281,0.01009634351176486,0.06645771607402025,0.0,0.0,0.0,0.0,0.8580191053701159,validation_target,0.32909393310546875,0.019876070907736416,False,"[0.012135325732518602,0.050120580563848535,0.14371780474730775,0.422160553265917,0.762719102985854,0.9999514554305781,0.9999999919930641,0.9999999968025733]",0.5924398281258855,1.0,93,0.16806843933998042,False,0.2329315867822125,False
0.2524070739746094,vel3,diagnostic_counterfactual,NO_FINAL_INVERSE_CLAMP,,,,,,,,,False,,,,,33309,diagnostic_counterfactual; actual float32 encoded state; inverse clamp bypassed,,,,,,,,,,,,,,validation_target,0.32909393310546875,,,,,,93,,,,
0.2524070739746094,vel3,diagnostic_counterfactual,NO_SOFTCLIP_COUNTERFACTUAL,1.2269890354946256,952.9933119590378,0.04716812728810498,0.2577939411119281,0.01009634351176486,0.06645771607402025,1.0,False,True,1.0,False,1.0,False,0,diagnostic_counterfactual,1.0,False,1.2269890354946256,952.9933119590378,0.04716812728810498,0.2577939411119281,0.01009634351176486,0.06645771607402025,1.0,1.0,1.0,1.0,4.2219378388621703e-17,validation_target,0.32909393310546875,1.0,False,"[1.0,1.0,1.0,1.0,1.0,1.0,1.0000000000000002,1.0]",1.0,1.0,93,1.0,False,1.0,False
0.2524070739746094,vel3,diagnostic_counterfactual,NORMALIZER_ONLY_ROUNDTRIP,1.2269890354946256,952.9933119590378,0.04716812728810498,0.2577939411119281,0.01009634351176486,0.06645771607402025,1.0,False,True,1.0,False,1.0,False,0,diagnostic_counterfactual,1.0,False,1.2269890354946256,952.9933119590378,0.04716812728810498,0.2577939411119281,0.01009634351176486,0.06645771607402025,1.0,1.0,1.0,1.0,4.2219378388621703e-17,validation_target,0.32909393310546875,1.0,False,"[1.0,1.0,1.0,1.0,1.0,1.0,1.0000000000000002,1.0]",1.0,1.0,93,1.0,False,1.0,False
0.2524070739746094,vel3,diagnostic_counterfactual,NONLINEAR_ONLY_ROUNDTRIP,1.2269890354946256,952.9933119590378,0.04716812728810498,0.2577939411119281,0.01009634351176486,0.06645771607402025,1.0,False,True,1.0,False,1.0,False,0,diagnostic_counterfactual,1.0,False,1.2269890354946256,952.9933119590378,0.04716812728810498,0.2577939411119281,0.01009634351176486,0.06645771607402025,1.0,1.0,1.0,1.0,0.0,validation_target,0.32909393310546875,1.0,False,"[1.0,1.0,1.0,1.0,1.0,1.0,1.0,1.0]",1.0,1.0,93,1.0,False,1.0,False
0.2524070739746094,vel3,diagnostic_counterfactual,FLOAT64_REFERENCE,0.1368437384816139,8.46579092741138,0.0009375167215148065,0.04332701818766339,0.0023517570070045713,0.0018772305050341136,0.11152808584507788,False,True,0.028246990958029076,False,0.008883368667098539,False,0,diagnostic_counterfactual; full canonical calculation in CPU float64,0.019876064101260867,False,1.2269890354946256,952.9933119590378,0.04716812728810498,0.2577939411119281,0.01009634351176486,0.06645771607402025,-1.9204706403075624e-08,-9.61576410345305e-09,-2.8049843251410195e-09,-6.944505024126256e-09,0.8580191295146534,validation_target,0.32909393310546875,0.019876064101260867,False,"[0.012135322241396271,0.05012056147627115,0.14371774649047056,0.4221603837460565,0.7627188719945228,0.9999514489459541,1.0,1.0]",0.5924396278702897,1.0,93,0.16806841154133956,False,0.23293155628710177,False
0.0,Bcc1,diagnostic_counterfactual,CANONICAL_FULL,7.398968334197999,16175.932153140922,4.5879576346439906e-05,1.0686807150236575,0.028617846216946952,1.142078470663476,1.000000368311532,False,True,0.9999999973774418,False,0.9999999782580247,False,0,frozen canonical tensor encode/decode,1.000001195101873,False,7.39896560907364,16175.932504837649,4.5879521515737813e-05,1.0686807164249963,0.028617845829296332,1.1420784736586431,0.0,0.0,0.0,0.0,5.947552899610088e-07,validation_target,0.0,0.9999999977111678,False,"[0.9999999972007685,0.9999999982215672,0.9999999965916859,1.0000000159853062,1.0000000038470287,0.9999999880422606,1.00000005675568,0.9999999113487422]",0.9999999977111678,1.0,94,0.9999999986887208,False,1.0000000135457652,False
0.0,Bcc1,diagnostic_counterfactual,NO_FINAL_INVERSE_CLAMP,7.39896435187388,16175.925888350319,4.5879543110706296e-05,1.0686805062732512,0.028617840100560035,1.1420780244884525,0.9999998300843893,False,True,0.9999996067081195,False,0.9999995909671775,False,0,diagnostic_counterfactual; actual float32 encoded state; inverse clamp bypassed,1.0000004706886159,False,7.39896560907364,16175.932504837649,4.5879521515737813e-05,1.0686807164249963,0.028617845829296332,1.1420784736586431,-5.382271426324081e+23,-148.9649788179649,-17.81304786111426,-109.98339296995417,5.26672242400323e-07,validation_target,0.0,0.9999997459776326,False,"[0.999999600908851,0.999999648441814,0.9999996726225674,0.9999997314636981,0.9999997604915672,0.9999997837352845,0.999999849326859,0.9999997816248231]",0.9999997459776326,1.0,94,0.9999998033540403,False,0.9999997998194438,False
0.0,Bcc1,diagnostic_counterfactual,NO_SOFTCLIP_COUNTERFACTUAL,7.398965609073639,16175.932504837649,4.5879521515737766e-05,1.0686807164249963,0.02861784582929634,1.1420784736586431,0.9999999999999999,False,True,1.0,False,1.0,False,0,diagnostic_counterfactual,0.999999999999999,False,7.39896560907364,16175.932504837649,4.5879521515737813e-05,1.0686807164249963,0.028617845829296332,1.1420784736586431,-3.6831153205074683e+23,1.0,1.0,0.9999995634451897,6.453638262756568e-16,validation_target,0.0,0.999999999999999,False,"[0.9999999999999998,0.9999999999999999,1.0,1.0,1.0,0.9999999999999999,1.0,1.0000000000000002]",1.0,1.0,94,1.0,False,1.0000000000000002,False
0.0,Bcc1,diagnostic_counterfactual,NORMALIZER_ONLY_ROUNDTRIP,7.398965609073639,16175.932504837649,4.5879521515737766e-05,1.0686807164249963,0.02861784582929634,1.1420784736586431,0.9999999999999999,False,True,1.0,False,1.0,False,0,diagnostic_counterfactual,0.999999999999999,False,7.39896560907364,16175.932504837649,4.5879521515737813e-05,1.0686807164249963,0.028617845829296332,1.1420784736586431,-3.6831153205074683e+23,1.0,1.0,0.9999995634451897,6.453638262756568e-16,validation_target,0.0,0.999999999999999,False,"[0.9999999999999998,0.9999999999999999,1.0,1.0,1.0,0.9999999999999999,1.0,1.0000000000000002]",1.0,1.0,94,1.0,False,1.0000000000000002,False
0.0,Bcc1,diagnostic_counterfactual,NONLINEAR_ONLY_ROUNDTRIP,7.398965609073639,16175.932504837649,4.5879521515737834e-05,1.0686807164249963,0.028617845829296332,1.1420784736586431,0.9999999999999999,False,True,1.0,False,1.0,False,0,diagnostic_counterfactual,1.0000000000000004,False,7.39896560907364,16175.932504837649,4.5879521515737813e-05,1.0686807164249963,0.028617845829296332,1.1420784736586431,-3.6831153205074683e+23,1.0,1.0,1.0,2.913752520275562e-16,validation_target,0.0,1.0,False,"[1.0,0.9999999999999999,1.0,0.9999999999999999,1.0000000000000002,0.9999999999999999,1.0,1.0000000000000002]",1.0,1.0,94,1.0,False,1.0,False
0.0,Bcc1,diagnostic_counterfactual,FLOAT64_REFERENCE,7.398965609073639,16175.932504837641,4.587952151573777e-05,1.0686807164249963,0.028617845829296332,1.1420784736586431,0.9999999999999999,False,True,1.0,False,0.9999999999999996,False,0,diagnostic_counterfactual; full canonical calculation in CPU float64,0.9999999999999991,False,7.39896560907364,16175.932504837649,4.5879521515737813e-05,1.0686807164249963,0.028617845829296332,1.1420784736586431,-3.6831153205074683e+23,1.0,0.9999999795745693,0.9999996119512797,1.1128615507352651e-15,validation_target,0.0,0.9999999999999991,False,"[1.0,1.0000000000000002,1.0000000000000002,0.9999999999999996,1.0,0.9999999999999999,1.0,1.0]",1.0,1.0,94,1.0,False,1.0,False
0.0701141357421875,Bcc2,diagnostic_counterfactual,CANONICAL_FULL,0.13481904193758965,2.6607820547446006,0.00010727489902717186,0.021837477655229608,0.0008698529650722394,0.00047687543034265244,0.286637900670996,False,True,0.1281642463820272,False,0.026044169030559738,False,0,frozen canonical tensor encode/decode,0.13151814171503587,False,0.47034618109464676,102.16421386385909,0.0008156661706763426,0.06099848230478877,0.002754997647063841,0.003720814843487629,0.0,0.0,0.0,0.0,0.7492552287451488,validation_target,0.22768783569335938,0.13151814171503587,False,"[0.10551758935638972,0.9999999722354255,1.000000017280972,0.9999999940607497,0.9999999853748058,1.0000000464426193,1.0000000378623572,0.9999994193065154]",0.9999999897177778,1.0,94,0.35800034410881115,False,0.3157363731324024,False
0.0701141357421875,Bcc2,diagnostic_counterfactual,NO_FINAL_INVERSE_CLAMP,0.47034824489756877,102.1641526889567,0.0008156657478870202,0.06099846121170864,0.002754994469951064,0.0037208122701963236,1.0000043878381604,False,True,0.9999993084065149,False,0.9999994012100708,False,0,diagnostic_counterfactual; actual float32 encoded state; inverse clamp bypassed,0.9999994816637767,False,0.47034618109464676,102.16421386385909,0.0008156661706763426,0.06099848230478877,0.002754997647063841,0.003720814843487629,1.000006150926948,0.9999992067387896,0.9999993851980653,0.9999994031697745,2.0397714195731883e-05,validation_target,0.22768783569335938,0.9999994816637767,False,"[0.9999992668784526,0.9999997315278677,0.9999997894157715,0.9999999206270408,0.9999997745521967,0.999999896033031,0.999999874267909,0.9999992587354607]",0.9999997819839841,1.0,94,0.9999996542031976,False,0.9999988467820362,False
0.0701141357421875,Bcc2,diagnostic_counterfactual,NO_SOFTCLIP_COUNTERFACTUAL,0.47034618109464676,102.16421386385906,0.0008156661706763426,0.06099848230478877,0.002754997647063841,0.003720814843487629,1.0,False,True,1.0,False,0.9999999999999997,False,0,diagnostic_counterfactual,1.0,False,0.47034618109464676,102.16421386385909,0.0008156661706763426,0.06099848230478877,0.002754997647063841,0.003720814843487629,1.0,1.0,0.9999999999999997,1.0,2.9380487405106617e-16,validation_target,0.22768783569335938,1.0,False,"[1.0,1.0,0.9999999999999999,1.0000000000000002,1.0,1.0,1.0,1.0]",1.0,1.0,94,1.0,False,1.0,False
0.0701141357421875,Bcc2,diagnostic_counterfactual,NORMALIZER_ONLY_ROUNDTRIP,0.47034618109464676,102.16421386385906,0.0008156661706763426,0.06099848230478877,0.002754997647063841,0.003720814843487629,1.0,False,True,1.0,False,0.9999999999999997,False,0,diagnostic_counterfactual,1.0,False,0.47034618109464676,102.16421386385909,0.0008156661706763426,0.06099848230478877,0.002754997647063841,0.003720814843487629,1.0,1.0,0.9999999999999997,1.0,2.9380487405106617e-16,validation_target,0.22768783569335938,1.0,False,"[1.0,1.0,0.9999999999999999,1.0000000000000002,1.0,1.0,1.0,1.0]",1.0,1.0,94,1.0,False,1.0,False
0.0701141357421875,Bcc2,diagnostic_counterfactual,NONLINEAR_ONLY_ROUNDTRIP,0.47034618109464676,102.16421386385906,0.0008156661706763426,0.06099848230478877,0.002754997647063841,0.003720814843487629,1.0,False,True,1.0,False,0.9999999999999997,False,0,diagnostic_counterfactual,1.0,False,0.47034618109464676,102.16421386385909,0.0008156661706763426,0.06099848230478877,0.002754997647063841,0.003720814843487629,1.0,1.0,0.9999999999999997,1.0,2.8415017013522393e-16,validation_target,0.22768783569335938,1.0,False,"[1.0,1.0,1.0,1.0,1.0,1.0,1.0,1.0]",1.0,1.0,94,1.0,False,1.0,False
0.0701141357421875,Bcc2,diagnostic_counterfactual,FLOAT64_REFERENCE,0.13481894023784463,2.6607780163131993,0.0001072748181816981,0.021837467021318235,0.0008698525834920385,0.00047687496590716145,0.2866376844478202,False,True,0.1281641215611182,False,0.02604412950173405,False,0,diagnostic_counterfactual; full canonical calculation in CPU float64,0.13151804259915162,False,0.47034618109464676,102.16421386385909,0.0008156661706763426,0.06099848230478877,0.002754997647063841,0.003720814843487629,-3.03104378564373e-07,-1.431702112234953e-07,-4.058585043743114e-08,-1.141254515618487e-07,0.7492553934340282,validation_target,0.22768783569335938,0.13151804259915162,False,"[0.10551745920138392,1.0000000000000024,1.000000000000001,0.9999999999999999,0.9999999999999999,1.0,1.0,1.0]",1.0,1.0,94,0.3580001697780578,False,0.315736234627674,False
0.482421875,Bcc3,diagnostic_counterfactual,CANONICAL_FULL,0.010797557421028614,0.09542569105916174,3.1089704397222416e-10,0.003900008921796686,9.289352426991744e-05,1.5210069590093748e-05,0.0013458710956020727,False,True,1.1460203537910163e-05,False,2.4127917490000737e-06,False,0,frozen canonical tensor encode/decode,8.0739924845361e-06,False,8.022727775573744,39549.90773601109,3.850598629707383e-05,1.1520449779214847,0.036787661415064996,1.3272076311541143,0.0,0.0,0.0,0.0,0.9985457756617236,validation_target,0.535888671875,8.0739924845361e-06,False,"[2.798602845686378e-06,0.00014955611547081812,0.0039030122608497524,0.06324229111997219,0.36437304240872154,0.9376255709134643,1.0000000206335014,0.9999998767591396]",0.21380766676434687,1.0,94,0.003385292238184196,False,0.002525127194735907,False
0.482421875,Bcc3,diagnostic_counterfactual,NO_FINAL_INVERSE_CLAMP,,,,,,,,,False,,,,,88192,diagnostic_counterfactual; actual float32 encoded state; inverse clamp bypassed,,,,,,,,,,,,,,validation_target,0.535888671875,,,,,,94,,,,
0.482421875,Bcc3,diagnostic_counterfactual,NO_SOFTCLIP_COUNTERFACTUAL,8.022727775573744,39549.90773601109,3.8505986297073864e-05,1.1520449779214847,0.036787661415064996,1.3272076311541143,1.0,False,True,1.0,False,1.0,False,0,diagnostic_counterfactual,1.0000000000000009,False,8.022727775573744,39549.90773601109,3.850598629707383e-05,1.1520449779214847,0.036787661415064996,1.3272076311541143,1.0,1.0,1.0,1.0,3.8572126871307653e-16,validation_target,0.535888671875,1.0,False,"[1.0,1.0000000000000002,1.0,1.0,1.0,1.0,1.0,1.0]",1.0,1.0,94,1.0,False,1.0,False
0.482421875,Bcc3,diagnostic_counterfactual,NORMALIZER_ONLY_ROUNDTRIP,8.022727775573744,39549.90773601109,3.8505986297073864e-05,1.1520449779214847,0.036787661415064996,1.3272076311541143,1.0,False,True,1.0,False,1.0,False,0,diagnostic_counterfactual,1.0000000000000009,False,8.022727775573744,39549.90773601109,3.850598629707383e-05,1.1520449779214847,0.036787661415064996,1.3272076311541143,1.0,1.0,1.0,1.0,3.8572126871307653e-16,validation_target,0.535888671875,1.0,False,"[1.0,1.0000000000000002,1.0,1.0,1.0,1.0,1.0,1.0]",1.0,1.0,94,1.0,False,1.0,False
0.482421875,Bcc3,diagnostic_counterfactual,NONLINEAR_ONLY_ROUNDTRIP,8.022727775573744,39549.90773601109,3.850598629707382e-05,1.1520449779214847,0.036787661415064996,1.3272076311541143,1.0,False,True,1.0,False,1.0,False,0,diagnostic_counterfactual,0.9999999999999998,False,8.022727775573744,39549.90773601109,3.850598629707383e-05,1.1520449779214847,0.036787661415064996,1.3272076311541143,1.0,1.0,1.0,0.9999999999999998,2.9566985186822793e-16,validation_target,0.535888671875,0.9999999999999998,False,"[1.0,1.0000000000000002,1.0,1.0,1.0,1.0,1.0,1.0]",1.0,1.0,94,1.0,False,1.0,False
0.482421875,Bcc3,diagnostic_counterfactual,FLOAT64_REFERENCE,0.01079755544610649,0.09542565834771019,3.1089687075536985e-10,0.0039000082628037934,9.289350735998457e-05,1.5210064449937862e-05,0.0013458708494361578,False,True,1.1460199665000029e-05,False,2.412790921907081e-06,False,0,diagnostic_counterfactual; full canonical calculation in CPU float64,8.073987986096483e-06,False,8.022727775573744,39549.90773601109,3.850598629707383e-05,1.1520449779214847,0.036787661415064996,1.3272076311541143,-2.464976689970052e-10,-3.872954518853901e-12,-8.270949885318288e-13,-4.498475937547883e-12,0.9985457759268519,validation_target,0.535888671875,8.073987986096483e-06,False,"[2.798601821932218e-06,0.00014955606076184232,0.0039030108556024293,0.06324227088162532,0.36437296921807916,0.9376254891703023,1.0,1.0]",0.21380762004985224,1.0,94,0.003385291666164088,False,0.002525126735072742,False
0.0,rho,diagnostic_counterfactual,CANONICAL_FULL,13.183742641019537,358782.7862835353,0.9832276365317894,4.16868173989597,0.15015594121521048,17.37790744854209,0.9999999291096755,False,True,1.0000000118329377,False,1.0000000659570116,False,0,frozen canonical tensor encode/decode,1.0000000085316287,False,13.183743575619397,358782.76261929644,0.9832276281432564,4.168681715232094,0.15015593934899324,17.377907242910396,0.0,0.0,0.0,0.0,8.33090026877226e-07,validation_target,0.0,0.9999999993669962,False,"[1.000000003200038,1.0000001091250972,0.9999999822245998,0.9999999475922235,0.9999999955339545,0.9999998514064077,1.000000193103926,1.0000000853819198]",0.9999999993669962,1.0,94,1.0000000059164689,False,1.0000000124285275,False
0.0,rho,diagnostic_counterfactual,NO_FINAL_INVERSE_CLAMP,13.183749098066457,358783.1201594295,0.9832285144878183,4.168683656800595,0.15015600910784452,17.37792343047638,1.0000004188830758,False,True,1.0000009315026117,False,1.0000009965365406,False,0,diagnostic_counterfactual; actual float32 encoded state; inverse clamp bypassed,1.0000009014642557,False,13.183743575619397,358782.76261929644,0.9832276281432564,4.168681715232094,0.15015593934899324,17.377907242910396,6.90888924177953,9.196696739710574e+23,9.305795289904494e+23,1156.3975064153146,8.67873009810114e-07,validation_target,0.0,1.0000007313709665,False,"[1.0000009300507664,1.0000009845559803,1.0000007640986899,1.0000007393065358,1.0000005434918038,1.00000067147848,1.0000007071387909,1.000000723435397]",1.0000007313709665,1.0,94,1.0000004657511974,False,1.0000004645760372,False
0.0,rho,diagnostic_counterfactual,NO_SOFTCLIP_COUNTERFACTUAL,13.183743575619392,358782.76261929655,0.9832276281432564,4.168681715232094,0.15015593934899327,17.377907242910396,0.9999999999999996,False,True,1.0,False,1.0000000000000002,False,0,diagnostic_counterfactual,1.0,False,13.183743575619397,358782.76261929644,0.9832276281432564,4.168681715232094,0.15015593934899324,17.377907242910396,0.9999999937355455,-1.1832937740763327e+22,-6.5957011408102055e+22,1.0,8.578748058537543e-16,validation_target,0.0,1.0,False,"[1.0000000000000002,0.9999999999999999,1.0,1.0000000000000002,1.0,0.9999999999999998,1.0,1.0000000000000002]",1.0,1.0,94,1.0,False,1.0000000000000002,False
0.0,rho,diagnostic_counterfactual,NORMALIZER_ONLY_ROUNDTRIP,13.183743575619392,358782.76261929655,0.9832276281432564,4.168681715232094,0.15015593934899327,17.377907242910396,0.9999999999999996,False,True,1.0,False,1.0000000000000002,False,0,diagnostic_counterfactual,1.0,False,13.183743575619397,358782.76261929644,0.9832276281432564,4.168681715232094,0.15015593934899324,17.377907242910396,0.9999999937355455,-1.1832937740763327e+22,-6.5957011408102055e+22,1.0,8.578748058537543e-16,validation_target,0.0,1.0,False,"[1.0000000000000002,0.9999999999999999,1.0,1.0000000000000002,1.0,0.9999999999999998,1.0,1.0000000000000002]",1.0,1.0,94,1.0,False,1.0000000000000002,False
0.0,rho,diagnostic_counterfactual,NONLINEAR_ONLY_ROUNDTRIP,13.183743575619394,358782.76261929644,0.9832276281432564,4.168681715232094,0.15015593934899324,17.377907242910396,0.9999999999999998,False,True,1.0,False,1.0,False,0,diagnostic_counterfactual,1.0,False,13.183743575619397,358782.76261929644,0.9832276281432564,4.168681715232094,0.15015593934899324,17.377907242910396,0.9999999968677727,-1.1832937740763327e+22,-6.595701163014666e+22,1.0,1.503989647699012e-16,validation_target,0.0,1.0,False,"[1.0,0.9999999999999999,1.0,1.0,1.0,1.0,1.0,1.0]",1.0,1.0,94,1.0,False,1.0,False
0.0,rho,diagnostic_counterfactual,FLOAT64_REFERENCE,13.183743575619376,358782.76261929586,0.983227628143256,4.168681715232091,0.15015593934899316,17.377907242910368,0.9999999999999983,False,True,0.9999999999999983,False,0.9999999999999983,False,0,diagnostic_counterfactual; full canonical calculation in CPU float64,0.9999999999999997,False,13.183743575619397,358782.76261929644,0.9832276281432564,4.168681715232094,0.15015593934899324,17.377907242910396,0.9999999765082958,-1.1832939406097864e+22,-6.59570132954812e+22,0.9999984214932288,1.708870239928518e-15,validation_target,0.0,0.999999999999999,False,"[0.9999999999999983,0.9999999999999983,0.999999999999999,0.9999999999999993,0.9999999999999993,0.999999999999999,0.9999999999999987,0.9999999999999992]",0.999999999999999,1.0,94,0.9999999999999991,False,0.9999999999999994,False
0.0,press,diagnostic_counterfactual,CANONICAL_FULL,0.3137220517507045,2418.914657934789,0.0030477578902292947,0.22874133936444613,0.007621149195240487,0.05232260033424071,0.9999996200164208,False,True,0.9999999880377343,False,0.9999999104151734,False,0,frozen canonical tensor encode/decode,0.9999999833173804,False,0.3137221709599779,2418.9148746328583,0.003047757941073881,0.22874134073257849,0.007621149078371758,0.052322600960137564,0.0,0.0,0.0,0.0,8.630087300187926e-07,validation_target,0.0,0.9999999833173804,False,"[0.9999999872768749,1.0000000467569512,1.0000000093794363,0.9999999537210826,1.0000000413734804,0.9999999907330895,0.9999999331138527,0.9999999014658232]",0.9999999890049822,1.0,94,0.9999999940188671,False,1.0000000153347912,False
0.0,press,diagnostic_counterfactual,NO_FINAL_INVERSE_CLAMP,0.31372192077342603,2418.9103597221792,0.0030477529649977292,0.22874114436495582,0.007621142699615489,0.05232251112538956,0.9999992025219285,False,True,0.9999982830603534,False,0.9999981334974924,False,0,diagnostic_counterfactual; actual float32 encoded state; inverse clamp bypassed,0.999998367299422,False,0.3137221709599779,2418.9148746328583,0.003047757941073881,0.22874134073257849,0.007621149078371758,0.052322600960137564,-1.098717195191928,-142.52963600835298,-19.83502953891111,-96.86835732273,1.168772230607436e-06,validation_target,0.0,0.999998367299422,False,"[0.9999982749977766,0.9999984341416334,0.9999986355999334,0.9999987318601044,0.9999989449828016,0.999999130998633,0.9999990170064674,0.9999989899436088]",0.999998838421453,1.0,94,0.9999991415298082,False,0.9999991630190929,False
0.0,press,diagnostic_counterfactual,NO_SOFTCLIP_COUNTERFACTUAL,0.3137221709599778,2418.9148746328583,0.003047757941073881,0.22874134073257849,0.007621149078371758,0.052322600960137564,0.9999999999999997,False,True,1.0,False,1.0,False,0,diagnostic_counterfactual,1.0,False,0.3137221709599779,2418.9148746328583,0.003047757941073881,0.22874134073257849,0.007621149078371758,0.052322600960137564,0.9999999991234703,1.0,1.0,1.0,7.970005185575535e-16,validation_target,0.0,1.0,False,"[1.0,1.0,1.0000000000000002,1.0,1.0,1.0,1.0,1.0]",1.0,1.0,94,1.0,False,1.0,False
0.0,press,diagnostic_counterfactual,NORMALIZER_ONLY_ROUNDTRIP,0.3137221709599778,2418.9148746328583,0.003047757941073881,0.22874134073257849,0.007621149078371758,0.052322600960137564,0.9999999999999997,False,True,1.0,False,1.0,False,0,diagnostic_counterfactual,1.0,False,0.3137221709599779,2418.9148746328583,0.003047757941073881,0.22874134073257849,0.007621149078371758,0.052322600960137564,0.9999999991234703,1.0,1.0,1.0,7.970005185575535e-16,validation_target,0.0,1.0,False,"[1.0,1.0,1.0000000000000002,1.0,1.0,1.0,1.0,1.0]",1.0,1.0,94,1.0,False,1.0,False
0.0,press,diagnostic_counterfactual,NONLINEAR_ONLY_ROUNDTRIP,0.3137221709599779,2418.9148746328583,0.003047757941073881,0.22874134073257843,0.007621149078371758,0.05232260096013755,1.0,False,True,0.9999999999999998,False,1.0,False,0,diagnostic_counterfactual,1.0,False,0.3137221709599779,2418.9148746328583,0.003047757941073881,0.22874134073257849,0.007621149078371758,0.052322600960137564,1.0,0.999999981437914,1.0,1.0,8.321539286028625e-17,validation_target,0.0,1.0,False,"[1.0,1.0,1.0,1.0,1.0,1.0,1.0,1.0]",1.0,1.0,94,0.9999999999999998,False,1.0,False
0.0,press,diagnostic_counterfactual,FLOAT64_REFERENCE,0.3137221709599778,2418.9148746328538,0.00304775794107388,0.22874134073257826,0.007621149078371752,0.05232260096013747,0.9999999999999997,False,True,0.9999999999999982,False,0.9999999999999981,False,0,diagnostic_counterfactual; full canonical calculation in CPU float64,0.9999999999999997,False,0.3137221709599779,2418.9148746328583,0.003047757941073881,0.22874134073257849,0.007621149078371758,0.052322600960137564,0.9999999991234703,0.9999998515033123,0.9999999789319328,0.9999999800350955,1.6763648623423799e-15,validation_target,0.0,0.9999999999999997,False,"[0.9999999999999983,0.9999999999999988,0.9999999999999994,1.0000000000000002,1.0,0.9999999999999998,1.0,1.0000000000000002]",0.9999999999999999,1.0,94,0.999999999999999,False,0.9999999999999992,False
0.0,vel1,diagnostic_counterfactual,CANONICAL_FULL,0.8071942427754403,360.2324359405548,0.009549314413251984,0.2320377870239011,0.018388756512409097,0.05384153460694928,0.999999993688837,False,True,1.0000000002718612,False,1.000000006984593,False,0,frozen canonical tensor encode/decode,1.0000000001974922,False,0.8071942478697748,360.2324334244779,0.00954931441136607,0.23203778699236002,0.018388756545144404,0.05384153459231185,0.0,0.0,0.0,0.0,5.060604259198392e-08,validation_target,0.0,0.9999999995245896,False,"[0.9999999998156651,0.999999997424477,0.9999999982749264,0.9999999990439485,0.999999999878917,1.0000000016711315,1.000000002511018,0.9999999992335141]",0.9999999995245896,1.0,94,1.0000000001359308,False,0.9999999982198194,False
0.0,vel1,diagnostic_counterfactual,NO_FINAL_INVERSE_CLAMP,0.8071942477334232,360.23243996177865,0.009549314547245835,0.232037788768955,0.018388756680317142,0.05384153541678618,0.9999999998310796,False,True,1.0000000153129798,False,1.0000000181474518,False,0,diagnostic_counterfactual; actual float32 encoded state; inverse clamp bypassed,1.0000000142292693,False,0.8071942478697748,360.2324334244779,0.00954931441136607,0.23203778699236002,0.018388756545144404,0.05384153459231185,0.9732346586173501,1.504111857286716e+22,1.116285885949253e+22,30.93049791271418,3.905752593354019e-08,validation_target,0.0,1.0000000142292693,False,"[1.0000000146885542,1.000000012563966,1.0000000167659455,1.0000000152125912,1.0000000151486255,1.0000000160233051,1.0000000169450485,1.0000000147036723]",1.0000000151806083,1.0,94,1.0000000076564899,False,1.0000000073508362,False
0.0,vel1,diagnostic_counterfactual,NO_SOFTCLIP_COUNTERFACTUAL,0.8071942478697748,360.23243342447796,0.00954931441136607,0.23203778699236002,0.018388756545144404,0.05384153459231185,1.0,False,True,1.0,False,1.0000000000000002,False,0,diagnostic_counterfactual,1.0,False,0.8071942478697748,360.2324334244779,0.00954931441136607,0.23203778699236002,0.018388756545144404,0.05384153459231185,1.0,-2.7186120021838175e+20,-6.984592682002244e+21,1.0,2.3974978082835667e-17,validation_target,0.0,1.0,False,"[1.0,1.0,1.0000000000000002,1.0,1.0,1.0,1.0,1.0]",1.0,1.0,94,1.0,False,1.0,False
0.0,vel1,diagnostic_counterfactual,NORMALIZER_ONLY_ROUNDTRIP,0.8071942478697748,360.23243342447796,0.00954931441136607,0.23203778699236002,0.018388756545144404,0.05384153459231185,1.0,False,True,1.0,False,1.0000000000000002,False,0,diagnostic_counterfactual,1.0,False,0.8071942478697748,360.2324334244779,0.00954931441136607,0.23203778699236002,0.018388756545144404,0.05384153459231185,1.0,-2.7186120021838175e+20,-6.984592682002244e+21,1.0,2.3974978082835667e-17,validation_target,0.0,1.0,False,"[1.0,1.0,1.0000000000000002,1.0,1.0,1.0,1.0,1.0]",1.0,1.0,94,1.0,False,1.0,False
0.0,vel1,diagnostic_counterfactual,NONLINEAR_ONLY_ROUNDTRIP,0.8071942478697748,360.2324334244779,0.00954931441136607,0.23203778699236002,0.018388756545144404,0.05384153459231185,1.0,False,True,1.0,False,1.0,False,0,diagnostic_counterfactual,1.0,False,0.8071942478697748,360.2324334244779,0.00954931441136607,0.23203778699236002,0.018388756545144404,0.05384153459231185,1.0,-2.7186120021838175e+20,-6.984592904046849e+21,1.0,0.0,validation_target,0.0,1.0,False,"[1.0,1.0,1.0,1.0,1.0,1.0,1.0,1.0]",1.0,1.0,94,1.0,False,1.0,False
0.0,vel1,diagnostic_counterfactual,FLOAT64_REFERENCE,0.8071942478697748,360.2324334244779,0.00954931441136607,0.23203778699236002,0.018388756545144404,0.05384153459231185,1.0,False,True,1.0,False,1.0,False,0,diagnostic_counterfactual; full canonical calculation in CPU float64,1.0,False,0.8071942478697748,360.2324334244779,0.00954931441136607,0.23203778699236002,0.018388756545144404,0.05384153459231185,1.0,-2.7186120021838175e+20,-6.984592904046849e+21,1.0,9.172978441035358e-17,validation_target,0.0,1.0,False,"[0.9999999999999999,1.0,1.0000000000000002,0.9999999999999999,1.0,1.0,1.0,1.0]",1.0,1.0,94,1.0,False,1.0,False
0.04103851318359375,vel2,diagnostic_counterfactual,CANONICAL_FULL,0.07146307080984116,0.9257621164530154,2.296836339941978e-08,0.009551321445211373,0.0005336516028492805,9.122774134975467e-05,0.5968048359120781,False,True,0.4093364991171498,False,0.20246214928904172,False,0,frozen canonical tensor encode/decode,0.4188461654384427,False,0.11974278107285505,4.5725194546431815,5.483722973893481e-08,0.014928742455501368,0.0008025589955870547,0.000222867351302689,0.0,0.0,0.0,0.0,0.4774278195709616,validation_target,0.06871414184570312,0.4188461654384427,False,"[0.3791260092823974,1.0000000035561423,0.9999999994826307,0.9999999992037828,1.000000002013939,1.0000000019488668,1.0000000064474122,1.0000000038316437]",1.000000001981403,1.0,94,0.6397941068165209,False,0.6649375382789471,False
0.04103851318359375,vel2,diagnostic_counterfactual,NO_FINAL_INVERSE_CLAMP,,,,,,,,,False,,,,,22,diagnostic_counterfactual; actual float32 encoded state; inverse clamp bypassed,,,,,,,,,,,,,,validation_target,0.06871414184570312,,,,,,94,,,,
0.04103851318359375,vel2,diagnostic_counterfactual,NO_SOFTCLIP_COUNTERFACTUAL,0.11974278107285503,4.5725194546431815,5.483722973893481e-08,0.014928742455501368,0.0008025589955870547,0.000222867351302689,0.9999999999999999,False,True,1.0,False,1.0,False,0,diagnostic_counterfactual,1.0,False,0.11974278107285505,4.5725194546431815,5.483722973893481e-08,0.014928742455501368,0.0008025589955870547,0.000222867351302689,0.9999999999999998,1.0,1.0,1.0,4.95359951053443e-17,validation_target,0.06871414184570312,1.0,False,"[1.0,1.0,1.0,1.0,1.0,1.0000000000000002,1.0,1.0]",1.0,1.0,94,1.0,False,1.0,False
0.04103851318359375,vel2,diagnostic_counterfactual,NORMALIZER_ONLY_ROUNDTRIP,0.11974278107285503,4.5725194546431815,5.483722973893481e-08,0.014928742455501368,0.0008025589955870547,0.000222867351302689,0.9999999999999999,False,True,1.0,False,1.0,False,0,diagnostic_counterfactual,1.0,False,0.11974278107285505,4.5725194546431815,5.483722973893481e-08,0.014928742455501368,0.0008025589955870547,0.000222867351302689,0.9999999999999998,1.0,1.0,1.0,4.95359951053443e-17,validation_target,0.06871414184570312,1.0,False,"[1.0,1.0,1.0,1.0,1.0,1.0000000000000002,1.0,1.0]",1.0,1.0,94,1.0,False,1.0,False
0.04103851318359375,vel2,diagnostic_counterfactual,NONLINEAR_ONLY_ROUNDTRIP,0.11974278107285505,4.5725194546431815,5.483722973893481e-08,0.014928742455501368,0.0008025589955870547,0.000222867351302689,1.0,False,True,1.0,False,1.0,False,0,diagnostic_counterfactual,1.0,False,0.11974278107285505,4.5725194546431815,5.483722973893481e-08,0.014928742455501368,0.0008025589955870547,0.000222867351302689,1.0,1.0,1.0,1.0,0.0,validation_target,0.06871414184570312,1.0,False,"[1.0,1.0,1.0,1.0,1.0,1.0,1.0,1.0]",1.0,1.0,94,1.0,False,1.0,False
0.04103851318359375,vel2,diagnostic_counterfactual,FLOAT64_REFERENCE,0.07146305821902146,0.9257618560981259,2.296830684680236e-08,0.009551320468567206,0.0005336515638618078,9.122772269327088e-05,0.5968047307631951,False,True,0.409336415405993,False,0.20246209234999704,False,0,diagnostic_counterfactual; full canonical calculation in CPU float64,0.41884513415699964,False,0.11974278107285505,4.5725194546431815,5.483722973893481e-08,0.014928742455501368,0.0008025589955870547,0.000222867351302689,-2.6078904810995275e-07,-1.4172393699468825e-07,-7.139353276195473e-08,-1.7745412346005986e-06,0.4774278867678625,validation_target,0.06871414184570312,0.41884513415699964,False,"[0.37912592160695824,0.9999999999999998,1.0,1.0,1.0,1.0,1.0,1.0]",1.0,1.0,94,0.63979404139613,False,0.6649374896999979,False
0.3517341613769531,vel3,diagnostic_counterfactual,CANONICAL_FULL,0.10325973341241479,6.656505096907721,0.0016204677048803884,0.04477918889957427,0.0012813898937975917,0.002005175758503755,0.09151152119686648,False,True,0.030291923702278414,False,0.007236931472697091,False,0,frozen canonical tensor encode/decode,0.027277156107651093,False,1.128379597037565,919.7966185006511,0.059407501958235895,0.2572840098036638,0.009348672190803861,0.06619506170065176,0.0,0.0,0.0,0.0,0.8392543441145084,validation_target,0.42919921875,0.027277156107651093,False,"[0.0,6.835280226029374e-07,0.07287508672612064,0.4024242278300873,0.7519449813481379,0.9968787539017644,0.9999999858827163,1.0000000007258312]",0.5771846045891126,1.0,94,0.17404575175016027,False,0.13706651251052254,False
0.3517341613769531,vel3,diagnostic_counterfactual,NO_FINAL_INVERSE_CLAMP,,,,,,,,,False,,,,,43521,diagnostic_counterfactual; actual float32 encoded state; inverse clamp bypassed,,,,,,,,,,,,,,validation_target,0.42919921875,,,,,,94,,,,
0.3517341613769531,vel3,diagnostic_counterfactual,NO_SOFTCLIP_COUNTERFACTUAL,1.128379597037565,919.7966185006511,0.059407501958235895,0.2572840098036638,0.009348672190803861,0.06619506170065176,1.0,False,True,1.0,False,1.0,False,0,diagnostic_counterfactual,1.0,False,1.128379597037565,919.7966185006511,0.059407501958235895,0.2572840098036638,0.009348672190803861,0.06619506170065176,1.0,1.0,1.0,1.0,4.4358433678763136e-17,validation_target,0.42919921875,1.0,False,"[1.0,1.0000000000000002,1.0,1.0,1.0,1.0,1.0,1.0]",1.0,1.0,94,1.0,False,1.0,False
0.3517341613769531,vel3,diagnostic_counterfactual,NORMALIZER_ONLY_ROUNDTRIP,1.128379597037565,919.7966185006511,0.059407501958235895,0.2572840098036638,0.009348672190803861,0.06619506170065176,1.0,False,True,1.0,False,1.0,False,0,diagnostic_counterfactual,1.0,False,1.128379597037565,919.7966185006511,0.059407501958235895,0.2572840098036638,0.009348672190803861,0.06619506170065176,1.0,1.0,1.0,1.0,4.4358433678763136e-17,validation_target,0.42919921875,1.0,False,"[1.0,1.0000000000000002,1.0,1.0,1.0,1.0,1.0,1.0]",1.0,1.0,94,1.0,False,1.0,False
0.3517341613769531,vel3,diagnostic_counterfactual,NONLINEAR_ONLY_ROUNDTRIP,1.128379597037565,919.7966185006511,0.059407501958235895,0.2572840098036638,0.009348672190803861,0.06619506170065176,1.0,False,True,1.0,False,1.0,False,0,diagnostic_counterfactual,1.0,False,1.128379597037565,919.7966185006511,0.059407501958235895,0.2572840098036638,0.009348672190803861,0.06619506170065176,1.0,1.0,1.0,1.0,0.0,validation_target,0.42919921875,1.0,False,"[1.0,1.0,1.0,1.0,1.0,1.0,1.0,1.0]",1.0,1.0,94,1.0,False,1.0,False
0.3517341613769531,vel3,diagnostic_counterfactual,FLOAT64_REFERENCE,0.10325971425299263,6.65650254228631,0.0016204671033132165,0.04477918080569097,0.0012813896587505547,0.0020051750336287626,0.09151150421727716,False,True,0.030291912751688237,False,0.007236928695320701,False,0,diagnostic_counterfactual; full canonical calculation in CPU float64,0.027277145981536507,False,1.128379597037565,919.7966185006511,0.059407501958235895,0.2572840098036638,0.009348672190803861,0.06619506170065176,-1.8689933569955327e-08,-1.1292666778132508e-08,-2.797622592626461e-09,-1.0410071737607553e-08,0.8392543714827565,validation_target,0.42919921875,0.027277145981536507,False,"[1.0575708728603468e-32,6.835085869168386e-07,0.07287503465651396,0.4024240539213567,0.7519447617722902,0.9968787120047162,1.0,0.9999999999999998]",0.5771844078468235,1.0,94,0.1740457202912161,False,0.13706648736823152,False
0.0,Bcc1,diagnostic_counterfactual,CANONICAL_FULL,8.54719397068024,23262.7134220998,6.740140246529669e-05,1.2164868228869727,0.03269978625133022,1.4798401902576412,1.0000003665321375,False,True,0.9999999937690698,False,1.000000018035832,False,0,frozen canonical tensor encode/decode,0.9999991097956936,False,8.547190837860112,23262.71300253742,6.740146246636883e-05,1.2164868266768951,0.032699786778666425,1.4798401994784223,0.0,0.0,0.0,0.0,6.098407142456389e-07,validation_target,0.0,0.9999991097956936,False,"[0.9999999924732367,1.0000000047472195,1.0000000055936022,0.9999999930439887,1.0000000184128108,1.0000000151025863,1.0000000076546978,0.9999999490229089]",1.0000000051704108,1.0,95,0.9999999968845348,False,0.9999999838734055,False
0.0,Bcc1,diagnostic_counterfactual,NO_FINAL_INVERSE_CLAMP,8.547192440628969,23262.704923457728,6.740135591518905e-05,1.2164865862724956,0.032699780255643164,1.4798396145809098,1.0000001875199567,False,True,0.9999996047563023,False,0.9999996527026022,False,0,diagnostic_counterfactual; actual float32 encoded state; inverse clamp bypassed,0.9999984191562633,False,8.547190837860112,23262.71300253742,6.740146246636883e-05,1.2164868266768951,0.032699786778666425,1.4798401994784223,-1.7901218085647483e+23,-62.43253478105234,-3.6533322977927436e+23,-0.7758212641317966,5.369153687991392e-07,validation_target,0.0,0.9999984191562633,False,"[0.999999599265949,0.9999996463405828,0.9999996783164722,0.9999997225213275,0.9999997695515743,0.9999997966864078,0.9999997845495044,0.9999997733024477]",0.9999997460364509,1.0,95,0.9999998023781317,False,0.9999998005178656,False
0.0,Bcc1,diagnostic_counterfactual,NO_SOFTCLIP_COUNTERFACTUAL,8.547190837860112,23262.713002537424,6.740146246636891e-05,1.2164868266768951,0.032699786778666425,1.4798401994784223,1.0,False,True,1.0,False,1.0000000000000002,False,0,diagnostic_counterfactual,1.000000000000001,False,8.547190837860112,23262.71300253742,6.740146246636883e-05,1.2164868266768951,0.032699786778666425,1.4798401994784223,-3.665321375301289e+23,1.0,-1.8035831717000403e+22,1.0,6.536469959017561e-16,validation_target,0.0,1.0,False,"[0.9999999999999998,1.0,1.0,1.0,1.0,0.9999999999999999,0.9999999999999998,1.0]",1.0,1.0,95,1.0,False,1.0,False
0.0,Bcc1,diagnostic_counterfactual,NORMALIZER_ONLY_ROUNDTRIP,8.547190837860112,23262.713002537424,6.740146246636891e-05,1.2164868266768951,0.032699786778666425,1.4798401994784223,1.0,False,True,1.0,False,1.0000000000000002,False,0,diagnostic_counterfactual,1.000000000000001,False,8.547190837860112,23262.71300253742,6.740146246636883e-05,1.2164868266768951,0.032699786778666425,1.4798401994784223,-3.665321375301289e+23,1.0,-1.8035831717000403e+22,1.0,6.536469959017561e-16,validation_target,0.0,1.0,False,"[0.9999999999999998,1.0,1.0,1.0,1.0,0.9999999999999999,0.9999999999999998,1.0]",1.0,1.0,95,1.0,False,1.0,False
0.0,Bcc1,diagnostic_counterfactual,NONLINEAR_ONLY_ROUNDTRIP,8.54719083786011,23262.71300253742,6.740146246636883e-05,1.2164868266768951,0.032699786778666425,1.4798401994784223,0.9999999999999998,False,True,1.0,False,1.0,False,0,diagnostic_counterfactual,1.0,False,8.547190837860112,23262.71300253742,6.740146246636883e-05,1.2164868266768951,0.032699786778666425,1.4798401994784223,-3.665321377521735e+23,1.0,-1.803583193904501e+22,1.0,2.9137360315244243e-16,validation_target,0.0,1.0,False,"[1.0,1.0,1.0,1.0,1.0,0.9999999999999999,0.9999999999999998,1.0]",1.0,1.0,95,1.0,False,1.0,False
0.0,Bcc1,diagnostic_counterfactual,FLOAT64_REFERENCE,8.547190837860107,23262.713002537414,6.74014624663688e-05,1.2164868266768951,0.03269978677866643,1.479840199478422,0.9999999999999993,False,True,0.9999999999999999,False,0.9999999999999997,False,0,diagnostic_counterfactual; full canonical calculation in CPU float64,0.9999999999999996,False,8.547190837860112,23262.71300253742,6.740146246636883e-05,1.2164868266768951,0.032699786778666425,1.4798401994784223,-3.665321381962627e+23,0.9999999821820661,-1.8035832272111916e+22,0.9999999995011378,1.1545574914511412e-15,validation_target,0.0,0.9999999999999996,False,"[0.9999999999999997,1.0000000000000002,1.0000000000000002,0.9999999999999994,0.9999999999999998,1.0,1.0,1.0]",1.0,1.0,95,1.0,False,1.0000000000000002,False
0.0876617431640625,Bcc2,diagnostic_counterfactual,CANONICAL_FULL,0.13481904193758965,2.5572808913291327,0.00012942543515670647,0.0229064437456136,0.0009033398711421871,0.0005247051650709605,0.19496213835206486,False,True,0.05171283682287226,False,0.00783821917397094,False,0,frozen canonical tensor encode/decode,0.02429009247931459,False,0.6915139681845912,326.25789539304014,0.005328322041874686,0.10072991984070673,0.004296082890862241,0.010146516751115203,0.0,0.0,0.0,0.0,0.8664949246226175,validation_target,0.21721649169921875,0.02429009247931459,False,"[0.044601909225000826,0.98651609611665,1.0000000177426769,0.9999999853882495,1.0000000000861773,1.0000000198261667,0.9999999188835353,0.9999997788340709]",0.9999999521358924,0.9999961853027344,95,0.22740456640725634,False,0.2102705869720505,False
0.0876617431640625,Bcc2,diagnostic_counterfactual,NO_FINAL_INVERSE_CLAMP,0.691531572364634,326.2582613449028,0.005328318682506233,0.10072989524876637,0.004296090767751699,0.010146511796827445,1.0000254574467802,False,True,0.999999511725267,False,1.0000011216643883,False,0,diagnostic_counterfactual; actual float32 encoded state; inverse clamp bypassed,0.999999369526011,False,0.6915139681845912,326.25789539304014,0.005328322041874686,0.10072991984070673,0.004296082890862241,0.010146516751115203,1.0000316226701786,0.9999994850982361,1.0000011305256964,0.9999993538304939,5.040112131967532e-05,validation_target,0.21721649169921875,0.999999369526011,False,"[0.999999553905636,0.9999997519622021,0.999999855636692,0.9999999386573857,0.999999808827057,0.9999998696711824,0.9999997792364039,0.999999571797375]",0.9999997940317304,1.0,95,0.9999997558626037,False,1.0000018335049992,False
0.0876617431640625,Bcc2,diagnostic_counterfactual,NO_SOFTCLIP_COUNTERFACTUAL,0.6915139681845911,326.2578953930401,0.005328322041874686,0.10072991984070673,0.004296082890862241,0.010146516751115203,0.9999999999999999,False,True,1.0,False,0.9999999999999998,False,0,diagnostic_counterfactual,1.0,False,0.6915139681845912,326.25789539304014,0.005328322041874686,0.10072991984070673,0.004296082890862241,0.010146516751115203,0.9999999999999999,1.0,0.9999999999999998,1.0,2.919456458479727e-16,validation_target,0.21721649169921875,1.0,False,"[0.9999999999999999,0.9999999999999998,1.0,1.0000000000000004,1.0,1.0,1.0,1.0]",1.0,1.0,95,1.0,False,1.0,False
0.0876617431640625,Bcc2,diagnostic_counterfactual,NORMALIZER_ONLY_ROUNDTRIP,0.6915139681845911,326.2578953930401,0.005328322041874686,0.10072991984070673,0.004296082890862241,0.010146516751115203,0.9999999999999999,False,True,1.0,False,0.9999999999999998,False,0,diagnostic_counterfactual,1.0,False,0.6915139681845912,326.25789539304014,0.005328322041874686,0.10072991984070673,0.004296082890862241,0.010146516751115203,0.9999999999999999,1.0,0.9999999999999998,1.0,2.919456458479727e-16,validation_target,0.21721649169921875,1.0,False,"[0.9999999999999999,0.9999999999999998,1.0,1.0000000000000004,1.0,1.0,1.0,1.0]",1.0,1.0,95,1.0,False,1.0,False
0.0876617431640625,Bcc2,diagnostic_counterfactual,NONLINEAR_ONLY_ROUNDTRIP,0.6915139681845911,326.2578953930401,0.005328322041874686,0.10072991984070673,0.004296082890862241,0.010146516751115203,0.9999999999999999,False,True,1.0,False,0.9999999999999998,False,0,diagnostic_counterfactual,1.0,False,0.6915139681845912,326.25789539304014,0.005328322041874686,0.10072991984070673,0.004296082890862241,0.010146516751115203,0.9999999999999999,1.0,0.9999999999999998,1.0,2.879975781865717e-16,validation_target,0.21721649169921875,1.0,False,"[0.9999999999999999,0.9999999999999998,1.0,1.0,1.0,1.0,1.0,1.0]",1.0,1.0,95,1.0,False,1.0,False
0.0876617431640625,Bcc2,diagnostic_counterfactual,FLOAT64_REFERENCE,0.13481894023784463,2.5572769079065965,0.0001294252749224003,0.022906431372769657,0.0009033393363264992,0.0005247045982354061,0.19496199128382083,False,True,0.05171278095783322,False,0.007838206964542165,False,0,diagnostic_counterfactual; full canonical calculation in CPU float64,0.024290062407125838,False,0.6915139681845912,326.25789539304014,0.005328322041874686,0.10072991984070673,0.004296082890862241,0.010146516751115203,-1.8268487860482055e-07,-5.891152090684763e-08,-1.2305884999044377e-08,-3.082082955319719e-08,0.8664950228027791,validation_target,0.21721649169921875,0.024290062407125838,False,"[0.04460185196276119,0.986515858299382,1.0000000000000009,1.0,0.9999999999999999,1.0,1.0,1.0]",1.0,1.0,95,0.22740444357539105,False,0.21027046248290504,False
0.510498046875,Bcc3,diagnostic_counterfactual,CANONICAL_FULL,0.010797557421028614,0.0973625371498619,3.1207005485772977e-10,0.003998191894577997,8.615991648449306e-05,1.5985538425869188e-05,0.0008209548031763864,False,True,5.146294823707338e-06,False,1.174292925606512e-06,False,0,frozen canonical tensor encode/decode,2.2484115277236447e-06,False,13.152438330650345,82911.62709642912,0.0001387957902767374,1.7624479626843115,0.059328533780020704,3.10622282117008,0.0,0.0,0.0,0.0,0.9989864560313094,validation_target,0.563720703125,2.2484115277236447e-06,False,"[1.1933322430497355e-06,7.095922374822071e-05,0.0022323370652252775,0.05200246048503767,0.34978586385185395,0.9312935785973323,0.999999939863645,1.0000001490329136]",0.2008941621684458,1.0,95,0.002268544648823853,False,0.0014522508984287088,False
0.510498046875,Bcc3,diagnostic_counterfactual,NO_FINAL_INVERSE_CLAMP,,,,,,,,,False,,,,,97414,diagnostic_counterfactual; actual float32 encoded state; inverse clamp bypassed,,,,,,,,,,,,,,validation_target,0.563720703125,,,,,,95,,,,
0.510498046875,Bcc3,diagnostic_counterfactual,NO_SOFTCLIP_COUNTERFACTUAL,13.152438330650341,82911.62709642913,0.00013879579027673716,1.7624479626843115,0.059328533780020704,3.10622282117008,0.9999999999999998,False,True,1.0,False,1.0000000000000002,False,0,diagnostic_counterfactual,0.9999999999999982,False,13.152438330650345,82911.62709642912,0.0001387957902767374,1.7624479626843115,0.059328533780020704,3.10622282117008,0.9999999999999998,1.0,1.0000000000000002,0.9999999999999982,4.288667194372977e-16,validation_target,0.563720703125,0.9999999999999982,False,"[1.0000000000000002,1.0,1.0,1.0,1.0,1.0,1.0,1.0]",1.0,1.0,95,1.0,False,1.0,False
0.510498046875,Bcc3,diagnostic_counterfactual,NORMALIZER_ONLY_ROUNDTRIP,13.152438330650341,82911.62709642913,0.00013879579027673716,1.7624479626843115,0.059328533780020704,3.10622282117008,0.9999999999999998,False,True,1.0,False,1.0000000000000002,False,0,diagnostic_counterfactual,0.9999999999999982,False,13.152438330650345,82911.62709642912,0.0001387957902767374,1.7624479626843115,0.059328533780020704,3.10622282117008,0.9999999999999998,1.0,1.0000000000000002,0.9999999999999982,4.288667194372977e-16,validation_target,0.563720703125,0.9999999999999982,False,"[1.0000000000000002,1.0,1.0,1.0,1.0,1.0,1.0,1.0]",1.0,1.0,95,1.0,False,1.0,False
0.510498046875,Bcc3,diagnostic_counterfactual,NONLINEAR_ONLY_ROUNDTRIP,13.152438330650341,82911.62709642913,0.0001387957902767373,1.7624479626843115,0.059328533780020704,3.10622282117008,0.9999999999999998,False,True,1.0,False,1.0000000000000002,False,0,diagnostic_counterfactual,0.9999999999999992,False,13.152438330650345,82911.62709642912,0.0001387957902767374,1.7624479626843115,0.059328533780020704,3.10622282117008,0.9999999999999998,1.0,1.0000000000000002,0.9999999999999992,2.968620923292555e-16,validation_target,0.563720703125,0.9999999999999992,False,"[1.0000000000000002,1.0,1.0,1.0,1.0,1.0,1.0,1.0]",1.0,1.0,95,1.0,False,1.0,False
0.510498046875,Bcc3,diagnostic_counterfactual,FLOAT64_REFERENCE,0.01079755544610649,0.09736250435394786,3.1206999487490916e-10,0.003998191213478228,8.615990114883619e-05,1.5985532979534503e-05,0.0008209546530200372,False,True,5.146293070344814e-06,False,1.1742925300538592e-06,False,0,diagnostic_counterfactual; full canonical calculation in CPU float64,2.2484110955576514e-06,False,13.152438330650345,82911.62709642912,0.0001387957902767374,1.7624479626843115,0.059328533780020704,3.10622282117008,-1.5027972212827907e-10,-1.7533715474394831e-12,-3.9555311733908377e-13,-4.3216696503238737e-13,0.998986456216314,validation_target,0.563720703125,2.2484110955576514e-06,False,"[1.1933318065180388e-06,7.095919779069673e-05,0.002232336251982157,0.052002442854911055,0.3497857915312086,0.931293480106393,1.0,1.0]",0.20089411719305983,1.0,95,0.002268544262372858,False,0.0014522506399416723,False
0.0,rho,diagnostic_counterfactual,CANONICAL_FULL,8.908401220554653,288261.4798657821,0.4863103995508302,3.1809655563602526,0.1218353975439127,10.11854187075029,1.0000013595795532,False,True,0.9999998937600015,False,0.9999997596784759,False,0,frozen canonical tensor encode/decode,0.9999999273149529,False,8.908389108890969,288261.54914123693,0.4863104348983271,3.1809657253331536,0.12183540338138765,10.118542945744277,0.0,0.0,0.0,0.0,8.431952235567394e-07,validation_target,0.0,0.9999999273149529,False,"[0.9999998794353233,0.9999999721926769,1.0000000203537487,1.0000000285970085,0.999999659232147,1.0000001790562612,0.9999998990760954,1.0000000964754399]",0.9999999962732128,1.0,95,0.9999999468799995,False,0.999999952087203,False
0.0,rho,diagnostic_counterfactual,NO_FINAL_INVERSE_CLAMP,8.90840507669883,288261.81259505864,0.4863108735025159,3.1809672089301264,0.12183545944701775,10.11855238428872,1.0000017924461613,False,True,1.0000009327967962,False,1.0000009139402133,False,0,diagnostic_counterfactual; actual float32 encoded state; inverse clamp bypassed,1.0000009019016607,False,8.908389108890969,288261.54914123693,0.4863104348983271,3.1809657253331536,0.12183540338138765,10.118542945744277,4.328666081132581e+23,9.780090452976905,4.802989418503834,11.066750026182673,8.802661135995485e-07,validation_target,0.0,1.0000007317021997,False,"[1.0000009472974625,1.0000008378631233,1.0000008185146896,1.000000751809578,1.0000004777880025,1.0000004953576294,1.0000005480897787,1.0000007115948217]",1.0000007317021997,1.0,95,1.0000004663982893,False,1.0000004601751915,False
0.0,rho,diagnostic_counterfactual,NO_SOFTCLIP_COUNTERFACTUAL,8.908389108890963,288261.54914123693,0.4863104348983271,3.1809657253331536,0.12183540338138765,10.118542945744277,0.9999999999999994,False,True,1.0,False,1.0,False,0,diagnostic_counterfactual,1.0,False,8.908389108890969,288261.54914123693,0.4863104348983271,3.1809657253331536,0.12183540338138765,10.118542945744277,-1.3595795537169053e+24,1.0,1.0,1.0,8.796621557129923e-16,validation_target,0.0,1.0,False,"[1.0,0.9999999999999999,1.0,1.0,0.9999999999999998,1.0,1.0,1.0]",1.0,1.0,95,1.0,False,1.0,False
0.0,rho,diagnostic_counterfactual,NORMALIZER_ONLY_ROUNDTRIP,8.908389108890963,288261.54914123693,0.4863104348983271,3.1809657253331536,0.12183540338138765,10.118542945744277,0.9999999999999994,False,True,1.0,False,1.0,False,0,diagnostic_counterfactual,1.0,False,8.908389108890969,288261.54914123693,0.4863104348983271,3.1809657253331536,0.12183540338138765,10.118542945744277,-1.3595795537169053e+24,1.0,1.0,1.0,8.796621557129923e-16,validation_target,0.0,1.0,False,"[1.0,0.9999999999999999,1.0,1.0,0.9999999999999998,1.0,1.0,1.0]",1.0,1.0,95,1.0,False,1.0,False
0.0,rho,diagnostic_counterfactual,NONLINEAR_ONLY_ROUNDTRIP,8.908389108890969,288261.54914123693,0.4863104348983271,3.1809657253331536,0.12183540338138765,10.118542945744277,1.0,False,True,1.0,False,1.0,False,0,diagnostic_counterfactual,1.0,False,8.908389108890969,288261.54914123693,0.4863104348983271,3.1809657253331536,0.12183540338138765,10.118542945744277,-1.3595795531617936e+24,1.0,1.0,1.0,1.4650151552158215e-16,validation_target,0.0,1.0,False,"[1.0,0.9999999999999999,1.0,1.0,1.0,1.0,1.0,1.0]",1.0,1.0,95,1.0,False,1.0,False
0.0,rho,diagnostic_counterfactual,FLOAT64_REFERENCE,8.90838910889096,288261.54914123623,0.4863104348983269,3.180965725333151,0.12183540338138754,10.11854294574426,0.999999999999999,False,True,0.9999999999999982,False,0.9999999999999976,False,0,diagnostic_counterfactual; full canonical calculation in CPU float64,0.9999999999999997,False,8.908389108890969,288261.54914123693,0.4863104348983271,3.1809657253331536,0.12183540338138765,10.118542945744277,-1.3595795541609944e+24,0.9999999832797735,0.9999999898365713,0.9999999877804521,1.7448073764368326e-15,validation_target,0.0,0.9999999999999991,False,"[0.9999999999999981,0.9999999999999984,0.9999999999999988,0.9999999999999992,0.9999999999999991,0.9999999999999992,0.9999999999999992,1.0]",0.9999999999999991,1.0,95,0.9999999999999991,False,0.9999999999999991,False
0.0,press,diagnostic_counterfactual,CANONICAL_FULL,0.31204334950531176,4046.018669914615,0.003869822450628579,0.27534596641085535,0.009286412011732604,0.07581540121872789,1.0000003419149157,False,True,1.000000145458241,False,1.000000208027153,False,0,frozen canonical tensor encode/decode,1.0000000910870757,False,0.31204324281307266,4046.0178282330453,0.003869822098137801,0.27534594638518756,0.009286411587223336,0.07581539019075459,0.0,0.0,0.0,0.0,9.460522307906212e-07,validation_target,0.0,1.000000034702639,False,"[1.0000001504028946,1.0000000005648764,1.0000000333931118,1.0000000616425155,0.9999999416019688,0.9999999835339523,1.0000000774714126,1.0000000360121664]",1.000000034702639,1.0,95,1.0000000727291178,False,1.0000000457129499,False
0.0,press,diagnostic_counterfactual,NO_FINAL_INVERSE_CLAMP,0.31204296815534044,4046.011973849554,0.003869816325731224,0.27534573893102626,0.009286404526470783,0.07581527594747287,0.9999991198087491,False,True,0.9999984931386433,False,0.9999985530504957,False,0,diagnostic_counterfactual; actual float32 encoded state; inverse clamp bypassed,0.9999985083535029,False,0.31204324281307266,4046.0178282330453,0.003869822098137801,0.27534594638518756,0.009286411587223336,0.07581539019075459,-1.2221061665984577e+24,-1.6523195977002913e+24,-1.6549766573836775e+24,-1.5263491360828495e+24,1.1046624752898872e-06,validation_target,0.0,0.9999985083535029,False,"[0.9999984947516334,0.9999983924178527,0.9999986098761745,0.999998780402069,0.9999988992122884,0.9999990709030204,0.9999991520985566,0.9999990620590437]",0.9999988398071786,1.0,95,0.9999992465690379,False,0.99999923966836,False
0.0,press,diagnostic_counterfactual,NO_SOFTCLIP_COUNTERFACTUAL,0.3120432428130725,4046.017828233047,0.003869822098137801,0.27534594638518756,0.009286411587223336,0.07581539019075459,0.9999999999999994,False,True,1.0,False,1.0000000000000004,False,0,diagnostic_counterfactual,1.0,False,0.31204324281307266,4046.0178282330453,0.003869822098137801,0.27534594638518756,0.009286411587223336,0.07581539019075459,-3.419149162686707e+23,-1.4545824100764547e+23,-2.0802715261503124e+23,-3.470263898464054e+22,1.0144145104470954e-15,validation_target,0.0,1.0,False,"[1.0000000000000004,1.0,1.0,1.0,0.9999999999999998,0.9999999999999998,1.0,0.9999999999999998]",1.0,1.0,95,1.0,False,1.0,False
0.0,press,diagnostic_counterfactual,NORMALIZER_ONLY_ROUNDTRIP,0.3120432428130725,4046.017828233047,0.003869822098137801,0.27534594638518756,0.009286411587223336,0.07581539019075459,0.9999999999999994,False,True,1.0,False,1.0000000000000004,False,0,diagnostic_counterfactual,1.0,False,0.31204324281307266,4046.0178282330453,0.003869822098137801,0.27534594638518756,0.009286411587223336,0.07581539019075459,-3.419149162686707e+23,-1.4545824100764547e+23,-2.0802715261503124e+23,-3.470263898464054e+22,1.0144145104470954e-15,validation_target,0.0,1.0,False,"[1.0000000000000004,1.0,1.0,1.0,0.9999999999999998,0.9999999999999998,1.0,0.9999999999999998]",1.0,1.0,95,1.0,False,1.0,False
0.0,press,diagnostic_counterfactual,NONLINEAR_ONLY_ROUNDTRIP,0.31204324281307266,4046.0178282330453,0.003869822098137801,0.27534594638518756,0.009286411587223336,0.07581539019075459,1.0,False,True,1.0,False,1.0,False,0,diagnostic_counterfactual,1.0,False,0.31204324281307266,4046.0178282330453,0.003869822098137801,0.27534594638518756,0.009286411587223336,0.07581539019075459,-3.419149157135592e+23,-1.4545824100764547e+23,-2.0802715305912042e+23,-3.470263898464054e+22,1.0901993123245758e-16,validation_target,0.0,1.0,False,"[1.0000000000000002,1.0,1.0,1.0,1.0,0.9999999999999998,1.0,0.9999999999999998]",1.0,1.0,95,1.0,False,1.0,False
0.0,press,diagnostic_counterfactual,FLOAT64_REFERENCE,0.3120432428130725,4046.017828233037,0.0038698220981377993,0.27534594638518733,0.00928641158722333,0.07581539019075445,0.9999999999999994,False,True,0.9999999999999982,False,0.999999999999998,False,0,diagnostic_counterfactual; full canonical calculation in CPU float64,0.9999999999999996,False,0.31204324281307266,4046.0178282330453,0.003869822098137801,0.27534594638518756,0.009286411587223336,0.07581539019075459,-3.419149162686707e+23,-1.454582427840023e+23,-2.0802715505752186e+23,-3.470263942872975e+22,1.8050206906878762e-15,validation_target,0.0,0.9999999999999996,False,"[0.9999999999999982,0.9999999999999987,0.9999999999999994,1.0000000000000002,0.9999999999999994,1.0,1.0,0.9999999999999996]",0.9999999999999996,1.0,95,0.9999999999999992,False,0.9999999999999994,False
0.0,vel1,diagnostic_counterfactual,CANONICAL_FULL,1.3064758217334749,904.5762765139233,0.03080627008519942,0.30538810191378374,0.021718151492908844,0.09326189279050356,1.00000002138553,False,True,0.9999999982889118,False,0.9999999927384713,False,0,frozen canonical tensor encode/decode,0.9999999973881966,False,1.3064757937937976,904.5762830825299,0.030806270165659344,0.30538810217505674,0.021718151466853852,0.09326189295008289,0.0,0.0,0.0,0.0,6.398236608724711e-08,validation_target,0.0009765625,0.9999999973881966,False,"[0.9999999937167303,0.9999999999487275,0.9999999993560734,1.0000000010060484,1.0000000028350438,0.9999999986221189,0.9999999979220154,1.00000000437278]",0.9999999996524005,1.0,95,0.9999999991444558,False,1.0000000011996872,False
0.0,vel1,diagnostic_counterfactual,NO_FINAL_INVERSE_CLAMP,1.3064757828681295,904.5762991153613,0.030806270620479137,0.30538810448897424,0.02171815166872443,0.09326189436336865,0.9999999916372977,False,True,1.0000000151539468,False,1.0000000177241342,False,0,diagnostic_counterfactual; actual float32 encoded state; inverse clamp bypassed,1.0000000147638708,False,1.3064757937937976,904.5762830825299,0.030806270165659344,0.30538810217505674,0.021718151466853852,0.09326189295008289,-2.9748232321935574e+22,9.856321443809907,3.440826837449681,6.652749577322608,4.9906813904460446e-08,validation_target,0.0009765625,1.0000000147638708,False,"[1.0000000150201724,1.0000000141322203,1.0000000164096936,1.0000000171376509,1.0000000178954167,1.0000000141599261,1.000000013242435,1.0000000155533526]",1.0000000152867625,1.0,95,1.0000000075769733,False,1.0000000092950165,False
0.0,vel1,diagnostic_counterfactual,NO_SOFTCLIP_COUNTERFACTUAL,1.3064757937937976,904.5762830825299,0.030806270165659344,0.30538810217505674,0.021718151466853852,0.09326189295008289,1.0,False,True,1.0,False,1.0,False,0,diagnostic_counterfactual,1.0,False,1.3064757937937976,904.5762830825299,0.030806270165659344,0.30538810217505674,0.021718151466853852,0.09326189295008289,-2.138553001351795e+22,1.0,1.0,1.0,2.4194123014598733e-17,validation_target,0.0009765625,1.0,False,"[1.0,1.0,1.0,1.0,1.0,1.0,1.0,1.0000000000000002]",1.0,1.0,95,1.0,False,1.0,False
0.0,vel1,diagnostic_counterfactual,NORMALIZER_ONLY_ROUNDTRIP,1.3064757937937976,904.5762830825299,0.030806270165659344,0.30538810217505674,0.021718151466853852,0.09326189295008289,1.0,False,True,1.0,False,1.0,False,0,diagnostic_counterfactual,1.0,False,1.3064757937937976,904.5762830825299,0.030806270165659344,0.30538810217505674,0.021718151466853852,0.09326189295008289,-2.138553001351795e+22,1.0,1.0,1.0,2.4194123014598733e-17,validation_target,0.0009765625,1.0,False,"[1.0,1.0,1.0,1.0,1.0,1.0,1.0,1.0000000000000002]",1.0,1.0,95,1.0,False,1.0,False
0.0,vel1,diagnostic_counterfactual,NONLINEAR_ONLY_ROUNDTRIP,1.3064757937937976,904.5762830825299,0.030806270165659344,0.30538810217505674,0.021718151466853852,0.09326189295008289,1.0,False,True,1.0,False,1.0,False,0,diagnostic_counterfactual,1.0,False,1.3064757937937976,904.5762830825299,0.030806270165659344,0.30538810217505674,0.021718151466853852,0.09326189295008289,-2.138553001351795e+22,1.0,1.0,1.0,0.0,validation_target,0.0009765625,1.0,False,"[1.0,1.0,1.0,1.0,1.0,1.0,1.0,1.0]",1.0,1.0,95,1.0,False,1.0,False
0.0,vel1,diagnostic_counterfactual,FLOAT64_REFERENCE,1.3064757937937974,904.5762830825299,0.030806270165659344,0.30538810217505674,0.021718151466853852,0.09326189295008289,0.9999999999999998,False,True,1.0,False,1.0,False,0,diagnostic_counterfactual; full canonical calculation in CPU float64,1.0,False,1.3064757937937976,904.5762830825299,0.030806270165659344,0.30538810217505674,0.021718151466853852,0.09326189295008289,-2.1385530235562553e+22,1.0,1.0,1.0,1.1804174864253717e-16,validation_target,0.0009765625,1.0,False,"[1.0,1.0,1.0,1.0,0.9999999999999998,1.0,1.0,1.0000000000000002]",1.0,1.0,95,1.0,False,1.0,False
0.034023284912109375,vel2,diagnostic_counterfactual,CANONICAL_FULL,0.07146307080984116,0.9979213536962406,2.300910708555576e-08,0.009070194562340454,0.0005233617817418826,8.226842939871033e-05,0.7147377222074643,False,True,0.508421343879427,False,0.2712910362275772,False,0,frozen canonical tensor encode/decode,0.5065567267661756,False,0.09998502749949698,3.678416240996318,4.542256744361953e-08,0.012720515631263538,0.0007331698781144544,0.00016181151792522,0.0,0.0,0.0,0.0,0.39863648827895126,validation_target,0.060947418212890625,0.5065567267661756,False,"[0.47300363005332924,0.9999999983748226,0.9999999996865613,0.9999999985729698,0.9999999992044288,1.0000000023106919,0.9999999951265095,1.0000000027121245]",0.9999999988886994,1.0,95,0.7130367058429931,False,0.7138342659246307,False
0.034023284912109375,vel2,diagnostic_counterfactual,NO_FINAL_INVERSE_CLAMP,0.09998504767451422,3.678705568071218,4.5429319931977397e-08,0.012720654463846999,0.000733185938291267,0.00016181504998859057,1.000000201780384,False,True,1.0000218282568254,False,1.0000786553385872,False,0,diagnostic_counterfactual; actual float32 encoded state; inverse clamp bypassed,1.0001486593281246,False,0.09998502749949698,3.678416240996318,4.542256744361953e-08,0.012720515631263538,0.0007331698781144544,0.00016181151792522,1.0000007073503918,1.0000444044031482,1.0001079379320106,1.0000000110844207,0.0005095117771252638,validation_target,0.060947418212890625,1.0000000054695328,False,"[1.000023382405328,1.0000000059846532,1.0000000036586563,1.0000000049544124,1.0000000070268034,1.000000006355672,1.0000000037656767,1.000000003468107]",1.0000000054695328,1.0,95,1.0000109140688542,False,1.0000219051236172,False
0.034023284912109375,vel2,diagnostic_counterfactual,NO_SOFTCLIP_COUNTERFACTUAL,0.09998502749949698,3.678416240996318,4.542256744361953e-08,0.01272051563126354,0.0007331698781144544,0.00016181151792522003,1.0,False,True,1.0000000000000002,False,1.0,False,0,diagnostic_counterfactual,1.0,False,0.09998502749949698,3.678416240996318,4.542256744361953e-08,0.012720515631263538,0.0007331698781144544,0.00016181151792522,1.0,1.0000000000000004,1.0,1.0,5.003886675829776e-17,validation_target,0.060947418212890625,1.0,False,"[1.0,1.0,1.0,1.0,1.0,1.0,1.0,1.0]",1.0,1.0,95,1.0000000000000002,False,1.0,False
0.034023284912109375,vel2,diagnostic_counterfactual,NORMALIZER_ONLY_ROUNDTRIP,0.09998502749949698,3.678416240996318,4.542256744361953e-08,0.01272051563126354,0.0007331698781144544,0.00016181151792522003,1.0,False,True,1.0000000000000002,False,1.0,False,0,diagnostic_counterfactual,1.0,False,0.09998502749949698,3.678416240996318,4.542256744361953e-08,0.012720515631263538,0.0007331698781144544,0.00016181151792522,1.0,1.0000000000000004,1.0,1.0,5.003886675829776e-17,validation_target,0.060947418212890625,1.0,False,"[1.0,1.0,1.0,1.0,1.0,1.0,1.0,1.0]",1.0,1.0,95,1.0000000000000002,False,1.0,False
0.034023284912109375,vel2,diagnostic_counterfactual,NONLINEAR_ONLY_ROUNDTRIP,0.09998502749949698,3.678416240996318,4.542256744361953e-08,0.012720515631263538,0.0007331698781144544,0.00016181151792522,1.0,False,True,1.0,False,1.0,False,0,diagnostic_counterfactual,1.0,False,0.09998502749949698,3.678416240996318,4.542256744361953e-08,0.012720515631263538,0.0007331698781144544,0.00016181151792522,1.0,1.0,1.0,1.0,0.0,validation_target,0.060947418212890625,1.0,False,"[1.0,1.0,1.0,1.0,1.0,1.0,1.0,1.0]",1.0,1.0,95,1.0,False,1.0,False
0.034023284912109375,vel2,diagnostic_counterfactual,FLOAT64_REFERENCE,0.07146305821902146,0.997921086205221,2.300905665179713e-08,0.009070193707528935,0.0005233617412675119,8.226841389209748e-05,0.714737596280413,False,True,0.5084212480480976,False,0.2712909635085041,False,0,diagnostic_counterfactual; full canonical calculation in CPU float64,0.5065556164423548,False,0.09998502749949698,3.678416240996318,4.542256744361953e-08,0.012720515631263538,0.0007331698781144544,0.00016181151792522,-4.414430548495132e-07,-1.9494607449544843e-07,-9.979165443501049e-08,-2.25015494384543e-06,0.3986365621555786,validation_target,0.060947418212890625,0.5065556164423548,False,"[0.4730035274974073,0.9999999999999999,1.0,0.9999999999999999,1.0,1.0,1.0,1.0]",1.0,1.0,95,0.7130366386435537,False,0.7138342107200023,False
0.39221954345703125,vel3,diagnostic_counterfactual,CANONICAL_FULL,0.10325975948944688,6.680310471033101,0.0017051454364101252,0.04542579605397179,0.0011889651256866568,0.002063502947137039,0.07733176499000204,False,True,0.022112420688353524,False,0.005003947098539105,False,0,frozen canonical tensor encode/decode,0.018840425026093007,False,1.335282590573188,1335.0082124136381,0.09050461622010053,0.3054811399939125,0.010872135871876945,0.09331872689198037,0.0,0.0,0.0,0.0,0.8599896762794753,validation_target,0.4695549011230469,0.018840425026093007,False,"[0.0,4.171312731371217e-06,0.04120645558537912,0.3846850705672449,0.7324902659610325,0.9974785259466852,0.9999999952501127,0.9999999957922858]",0.5585876682641386,1.0,95,0.1487024569008647,False,0.1093589281534058,False
0.39221954345703125,vel3,diagnostic_counterfactual,NO_FINAL_INVERSE_CLAMP,,,,,,,,,False,,,,,51537,diagnostic_counterfactual; actual float32 encoded state; inverse clamp bypassed,,,,,,,,,,,,,,validation_target,0.4695549011230469,,,,,,95,,,,
0.39221954345703125,vel3,diagnostic_counterfactual,NO_SOFTCLIP_COUNTERFACTUAL,1.335282590573188,1335.0082124136381,0.09050461622010053,0.3054811399939125,0.010872135871876945,0.09331872689198037,1.0,False,True,1.0,False,1.0,False,0,diagnostic_counterfactual,1.0,False,1.335282590573188,1335.0082124136381,0.09050461622010053,0.3054811399939125,0.010872135871876945,0.09331872689198037,1.0,1.0,1.0,1.0,3.946135088961529e-17,validation_target,0.4695549011230469,1.0,False,"[1.0,1.0,1.0,1.0,1.0,1.0,1.0,1.0]",1.0,1.0,95,1.0,False,1.0,False
0.39221954345703125,vel3,diagnostic_counterfactual,NORMALIZER_ONLY_ROUNDTRIP,1.335282590573188,1335.0082124136381,0.09050461622010053,0.3054811399939125,0.010872135871876945,0.09331872689198037,1.0,False,True,1.0,False,1.0,False,0,diagnostic_counterfactual,1.0,False,1.335282590573188,1335.0082124136381,0.09050461622010053,0.3054811399939125,0.010872135871876945,0.09331872689198037,1.0,1.0,1.0,1.0,3.946135088961529e-17,validation_target,0.4695549011230469,1.0,False,"[1.0,1.0,1.0,1.0,1.0,1.0,1.0,1.0]",1.0,1.0,95,1.0,False,1.0,False
0.39221954345703125,vel3,diagnostic_counterfactual,NONLINEAR_ONLY_ROUNDTRIP,1.335282590573188,1335.0082124136381,0.09050461622010053,0.3054811399939125,0.010872135871876945,0.09331872689198037,1.0,False,True,1.0,False,1.0,False,0,diagnostic_counterfactual,1.0,False,1.335282590573188,1335.0082124136381,0.09050461622010053,0.3054811399939125,0.010872135871876945,0.09331872689198037,1.0,1.0,1.0,1.0,0.0,validation_target,0.4695549011230469,1.0,False,"[1.0,1.0,1.0,1.0,1.0,1.0,1.0,1.0]",1.0,1.0,95,1.0,False,1.0,False
0.39221954345703125,vel3,diagnostic_counterfactual,FLOAT64_REFERENCE,0.10325974009719407,6.680307789358716,0.0017051447828926114,0.04542578771939179,0.0011889649086577394,0.002063502189927246,0.07733175046704417,False,True,0.022112412574121595,False,0.005003945089806604,False,0,diagnostic_counterfactual; full canonical calculation in CPU float64,0.01884041780527333,False,1.335282590573188,1335.0082124136381,0.09050461622010053,0.3054811399939125,0.010872135871876945,0.09331872689198037,-1.5740173242146212e-08,-8.297714482109992e-09,-2.018834642399468e-09,-7.359475321322441e-09,0.8599897004576221,validation_target,0.4695549011230469,0.01884041780527333,False,"[1.0657830369362277e-32,4.171269687871999e-06,0.04120641691216715,0.38468490115796083,0.732490070862757,0.9974785022842183,1.0000000000000002,1.0]",0.5585874860103589,1.0,95,0.14870242961741276,False,0.1093589081914664,False
0.0,Bcc1,diagnostic_counterfactual,CANONICAL_FULL,9.560847668647769,28762.453000044785,8.232911245131346e-05,1.3454705443685904,0.036095680141711,1.810290985763511,0.999999758610181,False,True,1.0000000030745086,False,1.0000000138756153,False,0,frozen canonical tensor encode/decode,1.0000004616079416,False,9.560849976539615,28762.452600948054,8.232907444755887e-05,1.34547054230026,0.036095679837548265,1.8102909801977556,0.0,0.0,0.0,0.0,6.093820995423875e-07,validation_target,0.0,1.0000000022180235,False,"[1.0000000036166714,0.9999999986220022,0.9999999996079985,1.0000000035718162,1.0000000008642307,0.9999999893001785,1.000000069855214,1.0000000096671189]",1.0000000022180235,1.0,96,1.0000000015372543,False,1.000000008426569,False
0.0,Bcc1,diagnostic_counterfactual,NO_FINAL_INVERSE_CLAMP,9.560843771873515,28762.44124866843,8.232910321452168e-05,1.345470269956704,0.03609567270774395,1.8102902473373659,0.9999993510340487,False,True,0.9999995951698386,False,0.9999996053090541,False,0,diagnostic_counterfactual; actual float32 encoded state; inverse clamp bypassed,1.0000003494143836,False,9.560849976539615,28762.452600948054,8.232907444755887e-05,1.34547054230026,0.036095679837548265,1.8102909801977556,-1.6884561823665196,-4.079046700411481e+23,-4.085665612496569e+23,-2.6583585976958088e+23,5.380529459595107e-07,validation_target,0.0,0.9999997363821638,False,"[0.999999589153068,0.9999996390697087,0.9999996778416516,0.999999725064276,0.9999997477000515,0.9999997765527823,0.9999998722718461,0.9999998069406834]",0.9999997363821638,1.0,96,0.9999997975848989,False,0.9999998024748571,False
0.0,Bcc1,diagnostic_counterfactual,NO_SOFTCLIP_COUNTERFACTUAL,9.560849976539618,28762.452600948054,8.232907444755874e-05,1.34547054230026,0.036095679837548265,1.8102909801977556,1.0000000000000004,False,True,1.0,False,1.0,False,0,diagnostic_counterfactual,0.9999999999999986,False,9.560849976539615,28762.452600948054,8.232907444755887e-05,1.34547054230026,0.036095679837548265,1.8102909801977556,1.0000000018397182,-3.0745086476713365e+21,-1.387561532339987e+22,-2.2180249859005127e+21,6.603880744055654e-16,validation_target,0.0,0.9999999999999986,False,"[1.0,0.9999999999999999,0.9999999999999998,1.0,1.0,1.0,1.0000000000000002,1.0]",1.0,1.0,96,1.0,False,1.0,False
0.0,Bcc1,diagnostic_counterfactual,NORMALIZER_ONLY_ROUNDTRIP,9.560849976539618,28762.452600948054,8.232907444755874e-05,1.34547054230026,0.036095679837548265,1.8102909801977556,1.0000000000000004,False,True,1.0,False,1.0,False,0,diagnostic_counterfactual,0.9999999999999986,False,9.560849976539615,28762.452600948054,8.232907444755887e-05,1.34547054230026,0.036095679837548265,1.8102909801977556,1.0000000018397182,-3.0745086476713365e+21,-1.387561532339987e+22,-2.2180249859005127e+21,6.603880744055654e-16,validation_target,0.0,0.9999999999999986,False,"[1.0,0.9999999999999999,0.9999999999999998,1.0,1.0,1.0,1.0000000000000002,1.0]",1.0,1.0,96,1.0,False,1.0,False
0.0,Bcc1,diagnostic_counterfactual,NONLINEAR_ONLY_ROUNDTRIP,9.560849976539615,28762.45260094805,8.23290744475589e-05,1.34547054230026,0.036095679837548265,1.8102909801977556,1.0,False,True,1.0,False,0.9999999999999999,False,0,diagnostic_counterfactual,1.0000000000000002,False,9.560849976539615,28762.452600948054,8.232907444755887e-05,1.34547054230026,0.036095679837548265,1.8102909801977556,1.0,-3.0745086476713365e+21,-1.3875615434422171e+22,-2.2180235426105807e+21,2.918293546706668e-16,validation_target,0.0,1.0,False,"[1.0,0.9999999999999999,0.9999999999999998,1.0,1.0,1.0,1.0000000000000002,1.0]",1.0,1.0,96,1.0,False,1.0,False
0.0,Bcc1,diagnostic_counterfactual,FLOAT64_REFERENCE,9.560849976539611,28762.452600948025,8.232907444755858e-05,1.3454705423002598,0.03609567983754826,1.8102909801977551,0.9999999999999997,False,True,0.9999999999999998,False,0.999999999999999,False,0,diagnostic_counterfactual; full canonical calculation in CPU float64,0.9999999999999966,False,9.560849976539615,28762.452600948054,8.232907444755887e-05,1.34547054230026,0.036095679837548265,1.8102909801977556,0.9999999986202115,-3.0745088697159417e+21,-1.3875616322600592e+22,-2.2180269843019572e+21,1.1793866298751792e-15,validation_target,0.0,0.9999999999999966,False,"[0.9999999999999996,1.0000000000000002,1.0000000000000002,0.9999999999999996,0.9999999999999998,1.0,1.0000000000000002,1.0]",1.0,1.0,96,0.9999999999999999,False,0.9999999999999998,False
0.09043502807617188,Bcc2,diagnostic_counterfactual,CANONICAL_FULL,0.13481904193758965,2.9661279570080263,6.397814663560553e-05,0.02246101176608346,0.0008274140636311201,0.0005044970495561396,0.1318427386825166,False,True,0.029595477510584067,False,0.007049007380165468,False,0,frozen canonical tensor encode/decode,0.01906648117696147,False,1.0225746467709542,420.7866153402154,0.003355529845376608,0.1305619535330638,0.005934723668903068,0.017046423710369907,0.0,0.0,0.0,0.0,0.8874376649236664,validation_target,0.22008895874023438,0.01906648117696147,False,"[0.025010170591030997,0.9228566309366883,1.0000000150395292,0.9999999810644941,0.9999999889203331,0.9999999603330254,0.9999998980565068,1.0000002058678736]",0.9999999706987597,1.0,96,0.17203336162089045,False,0.13941913891739013,False
0.09043502807617188,Bcc2,diagnostic_counterfactual,NO_FINAL_INVERSE_CLAMP,1.0225616805062239,420.7864340714939,0.00335552902417302,0.13056187642097333,0.005934722094855988,0.017046403574565515,0.9999873199821927,False,True,0.9999988187666379,False,0.9999995692146211,False,0,diagnostic_counterfactual; actual float32 encoded state; inverse clamp bypassed,0.9999997552685788,False,1.0225746467709542,420.7866153402154,0.003355529845376608,0.1305619535330638,0.005934723668903068,0.017046423710369907,0.9999853943307597,0.999998782741285,0.9999995661564547,0.999999750511715,5.8511453481012415e-05,validation_target,0.22008895874023438,0.9999997552685788,False,"[0.9999987140925448,0.9999997199615658,0.9999998626381463,0.999999903381967,0.9999997786567856,0.9999998071570935,0.9999997546924932,1.0000000810913767]",0.9999997929069395,1.0,96,0.9999994093831444,False,0.9999997347733159,False
0.09043502807617188,Bcc2,diagnostic_counterfactual,NO_SOFTCLIP_COUNTERFACTUAL,1.0225746467709542,420.78661534021535,0.003355529845376608,0.1305619535330638,0.005934723668903069,0.017046423710369907,1.0,False,True,1.0,False,0.9999999999999999,False,0,diagnostic_counterfactual,1.0,False,1.0225746467709542,420.7866153402154,0.003355529845376608,0.1305619535330638,0.005934723668903068,0.017046423710369907,1.0,1.0,0.9999999999999999,1.0,2.9412815923589547e-16,validation_target,0.22008895874023438,1.0,False,"[1.0,0.9999999999999998,1.0,1.0000000000000002,1.0,1.0,1.0,1.0]",1.0,1.0,96,1.0,False,1.0000000000000002,False
0.09043502807617188,Bcc2,diagnostic_counterfactual,NORMALIZER_ONLY_ROUNDTRIP,1.0225746467709542,420.78661534021535,0.003355529845376608,0.1305619535330638,0.005934723668903069,0.017046423710369907,1.0,False,True,1.0,False,0.9999999999999999,False,0,diagnostic_counterfactual,1.0,False,1.0225746467709542,420.7866153402154,0.003355529845376608,0.1305619535330638,0.005934723668903068,0.017046423710369907,1.0,1.0,0.9999999999999999,1.0,2.9412815923589547e-16,validation_target,0.22008895874023438,1.0,False,"[1.0,0.9999999999999998,1.0,1.0000000000000002,1.0,1.0,1.0,1.0]",1.0,1.0,96,1.0,False,1.0000000000000002,False
0.09043502807617188,Bcc2,diagnostic_counterfactual,NONLINEAR_ONLY_ROUNDTRIP,1.0225746467709542,420.7866153402154,0.003355529845376608,0.1305619535330638,0.005934723668903069,0.017046423710369907,1.0,False,True,1.0,False,1.0,False,0,diagnostic_counterfactual,1.0,False,1.0225746467709542,420.7866153402154,0.003355529845376608,0.1305619535330638,0.005934723668903068,0.017046423710369907,1.0,1.0,1.0,1.0,2.9245144811928794e-16,validation_target,0.22008895874023438,1.0,False,"[1.0,1.0,1.0,0.9999999999999999,1.0,1.0,1.0,1.0]",1.0,1.0,96,1.0,False,1.0000000000000002,False
0.09043502807617188,Bcc2,diagnostic_counterfactual,FLOAT64_REFERENCE,0.13481894023784463,2.966123618799905,6.397807251790438e-05,0.022460998723924316,0.0008274135828115828,0.0005044964636761297,0.13184263922792389,False,True,0.029595443140911,False,0.007048997070407593,False,0,diagnostic_counterfactual; full canonical calculation in CPU float64,0.019066459088735596,False,1.0225746467709542,420.7866153402154,0.003355529845376608,0.1305619535330638,0.005934723668903068,0.017046423710369907,-1.1455826859876517e-07,-3.541788220209963e-08,-1.0382947347150689e-08,-2.2517556439353337e-08,0.8874377473227093,validation_target,0.22008895874023438,0.019066459088735596,False,"[0.025010138055598017,0.9228564458323334,1.0000000000000007,0.9999999999999997,1.0,1.0,1.0,1.0]",1.0,1.0,96,0.17203326172839659,False,0.13941905789937412,False
0.53173828125,Bcc3,diagnostic_counterfactual,CANONICAL_FULL,0.010797557421028614,0.09993339147236921,3.3264823307366373e-10,0.004066514388205569,8.28003595535988e-05,1.6536539269482912e-05,0.0006888046933026498,False,True,3.7140167463051e-06,False,8.433324862000272e-07,False,0,frozen canonical tensor encode/decode,1.5067390260790648e-06,False,15.675789561271674,118498.21168713563,0.00022077362258234116,2.1100871098035348,0.07089262612049897,4.452467610959034,0.0,0.0,0.0,0.0,0.9991562421935516,validation_target,0.581298828125,1.5067390260790648e-06,False,"[8.325312984017938e-07,4.972281784822711e-05,0.0013481737725418864,0.03252671629326136,0.3245457029631571,0.9034082791634068,0.9999999027987652,1.0000000734349146]",0.17853620962820924,1.0,96,0.0019271784417393993,False,0.0011679685756436754,False
0.53173828125,Bcc3,diagnostic_counterfactual,NO_FINAL_INVERSE_CLAMP,,,,,,,,,False,,,,,104465,diagnostic_counterfactual; actual float32 encoded state; inverse clamp bypassed,,,,,,,,,,,,,,validation_target,0.581298828125,,,,,,96,,,,
0.53173828125,Bcc3,diagnostic_counterfactual,NO_SOFTCLIP_COUNTERFACTUAL,15.675789561271671,118498.21168713563,0.000220773622582341,2.1100871098035348,0.07089262612049897,4.452467610959034,0.9999999999999998,False,True,1.0,False,1.0,False,0,diagnostic_counterfactual,0.9999999999999992,False,15.675789561271674,118498.21168713563,0.00022077362258234116,2.1100871098035348,0.07089262612049897,4.452467610959034,0.9999999999999998,1.0,1.0,0.9999999999999992,4.892954628766656e-16,validation_target,0.581298828125,0.9999999999999992,False,"[1.0,1.0,1.0,1.0,0.9999999999999999,1.0,1.0,1.0]",1.0,1.0,96,1.0,False,1.0,False
0.53173828125,Bcc3,diagnostic_counterfactual,NORMALIZER_ONLY_ROUNDTRIP,15.675789561271671,118498.21168713563,0.000220773622582341,2.1100871098035348,0.07089262612049897,4.452467610959034,0.9999999999999998,False,True,1.0,False,1.0,False,0,diagnostic_counterfactual,0.9999999999999992,False,15.675789561271674,118498.21168713563,0.00022077362258234116,2.1100871098035348,0.07089262612049897,4.452467610959034,0.9999999999999998,1.0,1.0,0.9999999999999992,4.892954628766656e-16,validation_target,0.581298828125,0.9999999999999992,False,"[1.0,1.0,1.0,1.0,0.9999999999999999,1.0,1.0,1.0]",1.0,1.0,96,1.0,False,1.0,False
0.53173828125,Bcc3,diagnostic_counterfactual,NONLINEAR_ONLY_ROUNDTRIP,15.675789561271671,118498.21168713561,0.00022077362258234138,2.1100871098035348,0.07089262612049897,4.452467610959034,0.9999999999999998,False,True,1.0,False,0.9999999999999999,False,0,diagnostic_counterfactual,1.0000000000000009,False,15.675789561271674,118498.21168713563,0.00022077362258234116,2.1100871098035348,0.07089262612049897,4.452467610959034,0.9999999999999998,1.0,0.9999999999999999,1.0,2.9782134388493553e-16,validation_target,0.581298828125,1.0,False,"[1.0,1.0,0.9999999999999999,1.0,1.0,1.0,1.0,1.0]",1.0,1.0,96,1.0,False,1.0,False
0.53173828125,Bcc3,diagnostic_counterfactual,FLOAT64_REFERENCE,0.01079755544610649,0.09993335821000698,3.326482078407593e-10,0.004066513691839928,8.280034918768099e-05,1.65365336059216e-05,0.0006888045673171538,False,True,3.714015474300044e-06,False,8.433322055007512e-07,False,0,diagnostic_counterfactual; full canonical calculation in CPU float64,1.5067389117859525e-06,False,15.675789561271674,118498.21168713563,0.00022077362258234116,2.1100871098035348,0.07089262612049897,4.452467610959034,-1.2607233523185063e-10,-1.2720097801607778e-12,-2.806995126704646e-13,-1.1429328456343563e-13,0.9991562423476037,validation_target,0.581298828125,1.5067389117859525e-06,False,"[8.325309938543367e-07,4.972279965917192e-05,0.0013481732803724198,0.0325267047697829,0.3245456304416964,0.9034081865518332,1.0,1.0]",0.17853616760573965,1.0,96,0.0019271781117219146,False,0.0011679684294237033,False
0.0,rho,diagnostic_counterfactual,CANONICAL_FULL,15.519393345457681,221184.2107099311,1.3574244591984586,4.619983092710554,0.16637563443782613,21.34424377693138,1.0000009549414883,False,True,1.0000000191147407,False,0.9999996394013388,False,0,frozen canonical tensor encode/decode,1.0000000328997556,False,15.519378525359254,221184.2904686901,1.3574244145395271,4.619983048555666,0.16637562621188162,21.3442433689417,0.0,0.0,0.0,0.0,9.067962878897276e-07,validation_target,0.0,1.0000000220895036,False,"[1.0000000244312208,0.9999999489428877,1.0000000006097138,1.000000019747786,0.9999999898967774,1.0000001968558323,1.0000000343721676,1.0000001410178876]",1.0000000220895036,1.0,96,1.0000000095573702,False,1.0000000494420047,False
0.0,rho,diagnostic_counterfactual,NO_FINAL_INVERSE_CLAMP,15.519388044379403,221184.44010857202,1.357425683007448,4.619985221344437,0.1663757056998881,21.344263445441,1.0000006133634882,False,True,1.000000940604872,False,1.0000006765393763,False,0,diagnostic_counterfactual; actual float32 encoded state; inverse clamp bypassed,1.0000009344667058,False,15.519378525359254,221184.2904686901,1.3574244145395271,4.619983048555666,0.16637562621188162,21.3442433689417,-3.415780001070345e+23,9.214901313114864e+23,2.8761560959072607,6.783345036787124e+23,9.411746092586218e-07,validation_target,0.0,1.0000007004240072,False,"[1.000000948604677,1.0000008674976901,1.000000811830558,1.0000007271697862,1.0000005200799567,1.000000597998228,1.0000006020661665,1.0000006736782285]",1.0000007004240072,1.0,96,1.0000004703023255,False,1.000000477762328,False
0.0,rho,diagnostic_counterfactual,NO_SOFTCLIP_COUNTERFACTUAL,15.519378525359265,221184.29046869001,1.3574244145395271,4.619983048555665,0.16637562621188162,21.344243368941697,1.0000000000000007,False,True,0.9999999999999999,False,0.9999999999999996,False,0,diagnostic_counterfactual,1.0,False,15.519378525359254,221184.2904686901,1.3574244145395271,4.619983048555666,0.16637562621188162,21.3442433689417,-9.549414876630635e+23,-1.9114740790193704e+22,0.9999999987684668,-2.2089503559641343e+22,9.066130027750054e-16,validation_target,0.0,1.0,False,"[1.0,0.9999999999999999,1.0,1.0,1.0,1.0,0.9999999999999998,0.9999999999999999]",1.0,1.0,96,0.9999999999999998,False,1.0,False
0.0,rho,diagnostic_counterfactual,NORMALIZER_ONLY_ROUNDTRIP,15.519378525359265,221184.29046869001,1.3574244145395271,4.619983048555665,0.16637562621188162,21.344243368941697,1.0000000000000007,False,True,0.9999999999999999,False,0.9999999999999996,False,0,diagnostic_counterfactual,1.0,False,15.519378525359254,221184.2904686901,1.3574244145395271,4.619983048555666,0.16637562621188162,21.3442433689417,-9.549414876630635e+23,-1.9114740790193704e+22,0.9999999987684668,-2.2089503559641343e+22,9.066130027750054e-16,validation_target,0.0,1.0,False,"[1.0,0.9999999999999999,1.0,1.0,1.0,1.0,0.9999999999999998,0.9999999999999999]",1.0,1.0,96,0.9999999999999998,False,1.0,False
0.0,rho,diagnostic_counterfactual,NONLINEAR_ONLY_ROUNDTRIP,15.519378525359253,221184.29046869007,1.3574244145395271,4.619983048555666,0.16637562621188162,21.3442433689417,0.9999999999999999,False,True,1.0,False,0.9999999999999999,False,0,diagnostic_counterfactual,1.0,False,15.519378525359254,221184.2904686901,1.3574244145395271,4.619983048555666,0.16637562621188162,21.3442433689417,-9.549414884402196e+23,-1.9114740679171404e+22,0.9999999996921167,-2.2089503559641343e+22,1.7825594887919762e-16,validation_target,0.0,1.0,False,"[1.0,0.9999999999999999,1.0,1.0,1.0,1.0,1.0,1.0]",1.0,1.0,96,1.0,False,1.0,False
0.0,rho,diagnostic_counterfactual,FLOAT64_REFERENCE,15.519378525359247,221184.29046868958,1.3574244145395267,4.619983048555661,0.16637562621188148,21.34424336894166,0.9999999999999996,False,True,0.9999999999999982,False,0.9999999999999977,False,0,diagnostic_counterfactual; full canonical calculation in CPU float64,0.9999999999999997,False,15.519378525359254,221184.2904686901,1.3574244145395271,4.619983048555666,0.16637562621188162,21.3442433689417,-9.549414887732865e+23,-1.911474245552824e+22,0.9999999935344509,-2.208950433679746e+22,1.762188992273374e-15,validation_target,0.0,0.9999999999999992,False,"[0.9999999999999981,0.9999999999999986,0.9999999999999987,0.9999999999999991,0.9999999999999993,1.0,0.9999999999999993,0.9999999999999994]",0.9999999999999992,1.0,96,0.999999999999999,False,0.9999999999999991,False
0.0,press,diagnostic_counterfactual,CANONICAL_FULL,0.7342982512054641,5737.6623566695025,0.01169179111976753,0.4417168072381517,0.014156355129144376,0.1951137377966665,1.0000004862220344,False,True,0.9999998699610835,False,0.9999999539704407,False,0,frozen canonical tensor encode/decode,0.9999999145735505,False,0.7342978941736481,5737.662620771584,0.011691792118555817,0.44171683595834205,0.014156356071438536,0.19511376316904885,0.0,0.0,0.0,0.0,8.82574979802881e-07,validation_target,0.0,0.9999999145735505,False,"[0.9999998659926485,1.0000000571562202,1.0000000159969722,1.0000000165255145,0.9999999673025066,1.0000000894018706,0.9999998664490516,1.0000000593436593]",1.0000000162612435,1.0,96,0.9999999349805395,False,0.9999999334366729,False
0.0,press,diagnostic_counterfactual,NO_FINAL_INVERSE_CLAMP,0.7342976780872552,5737.65175544274,0.011691771503873098,0.44171643011552275,0.014156343278566243,0.1951134046340015,0.9999997057238015,False,True,0.999998162430771,False,0.9999981063144415,False,0,diagnostic_counterfactual; actual float32 encoded state; inverse clamp bypassed,0.9999982368243884,False,0.7342978941736481,5737.662620771584,0.011691792118555817,0.44171683595834205,0.014156356071438536,0.19511376316904885,-7.804982329329135e+23,-13.130917713900404,-40.14064067288486,-19.639692069218018,1.1762550716247495e-06,validation_target,0.0,0.9999982368243884,False,"[0.9999981546058836,0.9999984548836519,0.9999986229967722,0.9999988002211206,0.9999988719053063,0.9999991278436337,0.9999988835017517,0.9999992175487211]",0.9999988360632135,1.0,96,0.9999990812149634,False,0.9999990963160132,False
0.0,press,diagnostic_counterfactual,NO_SOFTCLIP_COUNTERFACTUAL,0.7342978941736483,5737.6626207715835,0.011691792118555817,0.441716835958342,0.014156356071438538,0.19511376316904883,1.0000000000000002,False,True,0.9999999999999999,False,0.9999999999999999,False,0,diagnostic_counterfactual,1.0,False,0.7342978941736481,5737.662620771584,0.011691792118555817,0.44171683595834205,0.014156356071438536,0.19511376316904885,-4.862220341905754e+23,0.9999999991462378,0.9999999975880216,1.0,9.593329211951947e-16,validation_target,0.0,1.0,False,"[1.0,1.0,1.0,1.0000000000000002,1.0,0.9999999999999998,1.0000000000000002,1.0]",1.0,1.0,96,0.9999999999999999,False,1.0000000000000002,False
0.0,press,diagnostic_counterfactual,NORMALIZER_ONLY_ROUNDTRIP,0.7342978941736483,5737.6626207715835,0.011691792118555817,0.441716835958342,0.014156356071438538,0.19511376316904883,1.0000000000000002,False,True,0.9999999999999999,False,0.9999999999999999,False,0,diagnostic_counterfactual,1.0,False,0.7342978941736481,5737.662620771584,0.011691792118555817,0.44171683595834205,0.014156356071438536,0.19511376316904885,-4.862220341905754e+23,0.9999999991462378,0.9999999975880216,1.0,9.593329211951947e-16,validation_target,0.0,1.0,False,"[1.0,1.0,1.0,1.0000000000000002,1.0,0.9999999999999998,1.0000000000000002,1.0]",1.0,1.0,96,0.9999999999999999,False,1.0000000000000002,False
0.0,press,diagnostic_counterfactual,NONLINEAR_ONLY_ROUNDTRIP,0.7342978941736481,5737.662620771584,0.011691792118555817,0.441716835958342,0.014156356071438536,0.19511376316904883,1.0,False,True,0.9999999999999999,False,1.0,False,0,diagnostic_counterfactual,1.0,False,0.7342978941736481,5737.662620771584,0.011691792118555817,0.44171683595834205,0.014156356071438536,0.19511376316904885,-4.8622203441262e+23,0.9999999991462378,1.0,1.0,1.175358421179634e-16,validation_target,0.0,1.0,False,"[1.0,1.0,1.0,1.0,1.0,0.9999999999999998,1.0000000000000002,1.0]",1.0,1.0,96,0.9999999999999999,False,1.0,False
0.0,press,diagnostic_counterfactual,FLOAT64_REFERENCE,0.7342978941736483,5737.662620771572,0.01169179211855581,0.44171683595834166,0.014156356071438525,0.1951137631690485,1.0000000000000002,False,True,0.9999999999999981,False,0.9999999999999978,False,0,diagnostic_counterfactual; full canonical calculation in CPU float64,0.9999999999999994,False,0.7342978941736481,5737.662620771584,0.011691792118555817,0.44171683595834205,0.014156356071438536,0.19511376316904885,-4.862220341905754e+23,0.9999999854860437,0.9999999517604321,0.9999999935018777,1.8555517960016952e-15,validation_target,0.0,0.9999999999999994,False,"[0.999999999999998,0.9999999999999987,0.9999999999999991,1.0000000000000004,0.9999999999999997,0.9999999999999998,1.0,1.0000000000000002]",0.9999999999999998,1.0,96,0.9999999999999991,False,0.9999999999999992,False
0.0,vel1,diagnostic_counterfactual,CANONICAL_FULL,1.3111978229880332,958.7584062529602,0.03339650922042316,0.3233671483711662,0.023460063073837162,0.10456631264569982,0.9999998969147467,False,True,1.0000000003709468,False,1.0000000074109467,False,0,frozen canonical tensor encode/decode,1.0000000000475753,False,1.311197958153207,958.7583991476528,0.03339650921883431,0.3233671483111902,0.023460063137335656,0.10456631260691128,0.0,0.0,0.0,0.0,6.209613389432929e-08,validation_target,0.0,1.0000000000475753,False,"[0.9999999996417046,1.0000000011245342,0.9999999988787767,1.0000000023619917,0.9999999995914813,1.0000000015919115,0.9999999971940857,1.0000000070209247]",1.0000000003831193,1.0,96,1.0000000001854734,False,0.9999999972933366,False
0.0,vel1,diagnostic_counterfactual,NO_FINAL_INVERSE_CLAMP,1.3111978898437247,958.7584188447562,0.033396509719867476,0.32336715077850015,0.023460063267103242,0.10456631420260526,0.9999999479029983,False,True,1.0000000152601152,False,1.0000000205443869,False,0,diagnostic_counterfactual; actual float32 encoded state; inverse clamp bypassed,1.000000015002561,False,1.311197958153207,958.7583991476528,0.03339650921883431,0.3233671483111902,0.023460063137335656,0.10456631260691128,0.49462216924397656,1.4889168342691049e+22,1.313344011322215e+22,1.4954985694259902e+22,4.808079015767781e-08,validation_target,0.0,1.000000015002561,False,"[1.0000000137068232,1.0000000143177705,1.000000014780978,1.0000000166153462,1.000000015305433,1.0000000181556672,1.0000000126508393,1.0000000190202312]",1.0000000150432053,1.0,96,1.0000000076300577,False,1.0000000055314253,False
0.0,vel1,diagnostic_counterfactual,NO_SOFTCLIP_COUNTERFACTUAL,1.3111979581532067,958.7583991476527,0.03339650921883431,0.3233671483111902,0.023460063137335656,0.10456631260691128,0.9999999999999998,False,True,1.0,False,0.9999999999999999,False,0,diagnostic_counterfactual,1.0,False,1.311197958153207,958.7583991476528,0.03339650921883431,0.3233671483111902,0.023460063137335656,0.10456631260691128,0.99999999784601,-3.709468288093376e+20,-7.410946856190037e+21,-4.75752770512372e+19,2.1286536854003892e-17,validation_target,0.0,1.0,False,"[1.0,1.0,1.0,1.0,1.0,1.0,1.0,1.0]",1.0,1.0,96,1.0,False,1.0,False
0.0,vel1,diagnostic_counterfactual,NORMALIZER_ONLY_ROUNDTRIP,1.3111979581532067,958.7583991476527,0.03339650921883431,0.3233671483111902,0.023460063137335656,0.10456631260691128,0.9999999999999998,False,True,1.0,False,0.9999999999999999,False,0,diagnostic_counterfactual,1.0,False,1.311197958153207,958.7583991476528,0.03339650921883431,0.3233671483111902,0.023460063137335656,0.10456631260691128,0.99999999784601,-3.709468288093376e+20,-7.410946856190037e+21,-4.75752770512372e+19,2.1286536854003892e-17,validation_target,0.0,1.0,False,"[1.0,1.0,1.0,1.0,1.0,1.0,1.0,1.0]",1.0,1.0,96,1.0,False,1.0,False
0.0,vel1,diagnostic_counterfactual,NONLINEAR_ONLY_ROUNDTRIP,1.311197958153207,958.7583991476528,0.03339650921883431,0.3233671483111902,0.023460063137335656,0.10456631260691128,1.0,False,True,1.0,False,1.0,False,0,diagnostic_counterfactual,1.0,False,1.311197958153207,958.7583991476528,0.03339650921883431,0.3233671483111902,0.023460063137335656,0.10456631260691128,1.0,-3.709468288093376e+20,-7.410946745167734e+21,-4.75752770512372e+19,0.0,validation_target,0.0,1.0,False,"[1.0,1.0,1.0,1.0,1.0,1.0,1.0,1.0]",1.0,1.0,96,1.0,False,1.0,False
0.0,vel1,diagnostic_counterfactual,FLOAT64_REFERENCE,1.3111979581532065,958.7583991476525,0.03339650921883431,0.3233671483111902,0.023460063137335656,0.10456631260691125,0.9999999999999997,False,True,0.9999999999999998,False,0.9999999999999998,False,0,diagnostic_counterfactual; full canonical calculation in CPU float64,1.0,False,1.311197958153207,958.7583991476528,0.03339650921883431,0.3233671483111902,0.023460063137335656,0.10456631260691128,0.999999996769015,-3.709470508539425e+20,-7.410946967212339e+21,-4.75752770512372e+19,1.1108093148397827e-16,validation_target,0.0,1.0,False,"[1.0,1.0,0.9999999999999999,1.0,0.9999999999999999,0.9999999999999999,1.0,1.0]",1.0,1.0,96,1.0,False,1.0,False
0.03757476806640625,vel2,diagnostic_counterfactual,CANONICAL_FULL,0.07146307080984116,0.9423928426421383,2.0869606248222133e-08,0.009641560772127777,0.0005728283127802376,9.295969412263317e-05,0.7045935140817033,False,True,0.5247486654813817,False,0.25114574710855864,False,0,frozen canonical tensor encode/decode,0.5890010662553058,False,0.1014245368167758,3.752374282630339,3.5432204530468685e-08,0.013309804353095082,0.0007892877245114662,0.0001771508919176688,0.0,0.0,0.0,0.0,0.3924355718852207,validation_target,0.06728363037109375,0.5890010662553058,False,"[0.4777903899918239,0.9999999992022146,0.9999999990565199,1.000000001807203,1.0000000005670255,1.0000000011267343,0.9999999993297788,0.9999999924351204]",0.9999999992659967,1.0,96,0.7243953792518155,False,0.7257534799933608,False
0.03757476806640625,vel2,diagnostic_counterfactual,NO_FINAL_INVERSE_CLAMP,0.10142487040834589,3.752313887900911,3.543825205636016e-08,0.013309774337769904,0.0007892797092910522,0.00017715009292235828,1.0000032890618045,False,True,0.9999954897471762,False,0.9999839049292851,False,0,diagnostic_counterfactual; actual float32 encoded state; inverse clamp bypassed,1.0001706787926863,False,0.1014245368167758,3.752374282630339,3.5432204530468685e-08,0.013309804353095082,0.0007892877245114662,0.0001771508919176688,1.000011134020278,0.9999905097524274,0.9999785070717664,1.0000000132261406,0.00027796274402242297,validation_target,0.06728363037109375,1.0000000054359297,False,"[0.9999950256978415,1.0000000051690208,1.00000000460069,1.0000000069465032,1.0000000057028386,1.0000000067638206,1.0000000057352678,0.9999999959730478]",1.0000000054359297,1.0,96,0.9999977448710453,False,0.9999898449954749,False
0.03757476806640625,vel2,diagnostic_counterfactual,NO_SOFTCLIP_COUNTERFACTUAL,0.1014245368167758,3.752374282630339,3.5432204530468685e-08,0.013309804353095082,0.0007892877245114662,0.0001771508919176688,1.0,False,True,1.0,False,1.0,False,0,diagnostic_counterfactual,1.0,False,0.1014245368167758,3.752374282630339,3.5432204530468685e-08,0.013309804353095082,0.0007892877245114662,0.0001771508919176688,1.0,1.0,1.0,1.0,4.910881612086345e-17,validation_target,0.06728363037109375,1.0,False,"[1.0,1.0,1.0,1.0,1.0,1.0,1.0,1.0]",1.0,1.0,96,1.0,False,1.0,False
0.03757476806640625,vel2,diagnostic_counterfactual,NORMALIZER_ONLY_ROUNDTRIP,0.1014245368167758,3.752374282630339,3.5432204530468685e-08,0.013309804353095082,0.0007892877245114662,0.0001771508919176688,1.0,False,True,1.0,False,1.0,False,0,diagnostic_counterfactual,1.0,False,0.1014245368167758,3.752374282630339,3.5432204530468685e-08,0.013309804353095082,0.0007892877245114662,0.0001771508919176688,1.0,1.0,1.0,1.0,4.910881612086345e-17,validation_target,0.06728363037109375,1.0,False,"[1.0,1.0,1.0,1.0,1.0,1.0,1.0,1.0]",1.0,1.0,96,1.0,False,1.0,False
0.03757476806640625,vel2,diagnostic_counterfactual,NONLINEAR_ONLY_ROUNDTRIP,0.1014245368167758,3.752374282630339,3.5432204530468685e-08,0.013309804353095082,0.0007892877245114662,0.0001771508919176688,1.0,False,True,1.0,False,1.0,False,0,diagnostic_counterfactual,1.0,False,0.1014245368167758,3.752374282630339,3.5432204530468685e-08,0.013309804353095082,0.0007892877245114662,0.0001771508919176688,1.0,1.0,1.0,1.0,0.0,validation_target,0.06728363037109375,1.0,False,"[1.0,1.0,1.0,1.0,1.0,1.0,1.0,1.0]",1.0,1.0,96,1.0,False,1.0,False
0.03757476806640625,vel2,diagnostic_counterfactual,FLOAT64_REFERENCE,0.07146305821902146,0.9423925780954558,2.0869553915139095e-08,0.009641559878947813,0.0005728282668546534,9.295967689933616e-05,0.7045933899419233,False,True,0.5247485682575019,False,0.25114567660741394,False,0,diagnostic_counterfactual; full canonical calculation in CPU float64,0.5889995892632944,False,0.1014245368167758,3.752374282630339,3.5432204530468685e-08,0.013309804353095082,0.0007892877245114662,0.0001771508919176688,-4.2023376577272867e-07,-2.0457360698050564e-07,-9.414534861457895e-08,-3.593663851886493e-06,0.3924356442091084,validation_target,0.06728363037109375,0.5889995892632944,False,"[0.4777902833563928,0.9999999999999998,0.9999999999999999,1.0,1.0,1.0,1.0,1.0]",1.0,1.0,96,0.7243953121448964,False,0.7257534218072484,False
0.4208259582519531,vel3,diagnostic_counterfactual,CANONICAL_FULL,0.10325978556647897,6.827631391234291,0.001710589176171182,0.04572062954656403,0.0011519667257815585,0.002090375966134144,0.075052204812474,False,True,0.021706302392227327,False,0.004869842972535844,False,0,frozen canonical tensor encode/decode,0.018420148398105785,False,1.3758394683338702,1402.0229049970744,0.09286511374398529,0.31032679583440437,0.011590235501588664,0.09630272021284811,0.0,0.0,0.0,0.0,0.8607151377244288,validation_target,0.4949378967285156,0.018420148398105785,False,"[0.0,0.0,0.03373342591979739,0.37786340484388725,0.7358335138498224,0.9895750858186441,1.000000003004805,0.9999999998355796]",0.5568484593468548,1.0,96,0.14733058878667163,False,0.09939114055306808,False
0.4208259582519531,vel3,diagnostic_counterfactual,NO_FINAL_INVERSE_CLAMP,,,,,,,,,False,,,,,52549,diagnostic_counterfactual; actual float32 encoded state; inverse clamp bypassed,,,,,,,,,,,,,,validation_target,0.4949378967285156,,,,,,96,,,,
0.4208259582519531,vel3,diagnostic_counterfactual,NO_SOFTCLIP_COUNTERFACTUAL,1.3758394683338702,1402.0229049970744,0.09286511374398529,0.31032679583440437,0.011590235501588664,0.09630272021284811,1.0,False,True,1.0,False,1.0,False,0,diagnostic_counterfactual,1.0,False,1.3758394683338702,1402.0229049970744,0.09286511374398529,0.31032679583440437,0.011590235501588664,0.09630272021284811,1.0,1.0,1.0,1.0,3.8374889331906534e-17,validation_target,0.4949378967285156,1.0,False,"[1.0,1.0,1.0,1.0,1.0,1.0000000000000002,1.0,1.0]",1.0,1.0,96,1.0,False,1.0,False
0.4208259582519531,vel3,diagnostic_counterfactual,NORMALIZER_ONLY_ROUNDTRIP,1.3758394683338702,1402.0229049970744,0.09286511374398529,0.31032679583440437,0.011590235501588664,0.09630272021284811,1.0,False,True,1.0,False,1.0,False,0,diagnostic_counterfactual,1.0,False,1.3758394683338702,1402.0229049970744,0.09286511374398529,0.31032679583440437,0.011590235501588664,0.09630272021284811,1.0,1.0,1.0,1.0,3.8374889331906534e-17,validation_target,0.4949378967285156,1.0,False,"[1.0,1.0,1.0,1.0,1.0,1.0000000000000002,1.0,1.0]",1.0,1.0,96,1.0,False,1.0,False
0.4208259582519531,vel3,diagnostic_counterfactual,NONLINEAR_ONLY_ROUNDTRIP,1.3758394683338702,1402.0229049970744,0.09286511374398529,0.31032679583440437,0.011590235501588664,0.09630272021284811,1.0,False,True,1.0,False,1.0,False,0,diagnostic_counterfactual,1.0,False,1.3758394683338702,1402.0229049970744,0.09286511374398529,0.31032679583440437,0.011590235501588664,0.09630272021284811,1.0,1.0,1.0,1.0,0.0,validation_target,0.4949378967285156,1.0,False,"[1.0,1.0,1.0,1.0,1.0,1.0,1.0,1.0]",1.0,1.0,96,1.0,False,1.0,False
0.4208259582519531,vel3,diagnostic_counterfactual,FLOAT64_REFERENCE,0.10325976623243383,6.827628666320977,0.0017105885138487484,0.04572062106827715,0.0011519665153891187,0.0020903751908689884,0.07505219075992967,False,True,0.0217062943419339,False,0.0048698410289775,False,0,diagnostic_counterfactual; full canonical calculation in CPU float64,0.018420141266014874,False,1.3758394683338702,1402.0229049970744,0.09286511374398529,0.31032679583440437,0.011590235501588664,0.09630272021284811,-1.519279726879925e-08,-8.228912695734996e-09,-1.953069485487013e-09,-7.265930427638122e-09,0.8607151617065661,validation_target,0.4949378967285156,0.018420141266014874,False,"[9.583092485018572e-33,6.254068426666416e-32,0.03373339461059562,0.3778632197816442,0.7358333066711454,0.9895750405795446,1.0000000000000002,1.0]",0.5568482632263948,1.0,96,0.14733056146615986,False,0.09939112240050857,False
0.0,Bcc1,diagnostic_counterfactual,CANONICAL_FULL,10.432649917602575,35724.656433166165,9.067329924607992e-05,1.4733326440703363,0.0407401739357228,2.170709080083288,0.9999997143361072,False,True,0.999999984654314,False,0.9999999731163077,False,0,frozen canonical tensor encode/decode,0.9999980308097158,False,10.432652897834814,35724.65739357686,9.067347779941144e-05,1.4733326553749864,0.04074017341173987,2.1707091133943086,0.0,0.0,0.0,0.0,6.218574928475028e-07,validation_target,0.0,0.9999980308097158,False,"[0.9999999835411731,0.9999999944067031,0.9999999956967482,0.999999993159009,1.00000000707091,1.0000000074224096,1.0000000605349888,0.9999999642784551]",0.9999999950517257,1.0,97,0.9999999923271571,False,1.0000000128615785,False
0.0,Bcc1,diagnostic_counterfactual,NO_FINAL_INVERSE_CLAMP,10.432645665731869,35724.64170816797,9.067324627588146e-05,1.4733323544701555,0.040740165402016144,2.1707082267285718,0.9999993067819839,False,True,0.9999995915317573,False,0.9999995609360582,False,0,diagnostic_counterfactual; actual float32 encoded state; inverse clamp bypassed,0.9999974466234715,False,10.432652897834814,35724.65739357686,9.067347779941144e-05,1.4733326553749864,0.04074017341173987,2.1707091133943086,-1.4266910647916713,-25.617789599273493,-15.33198064134433,-0.2966631762688245,5.446141795162391e-07,validation_target,0.0,0.9999974466234715,False,"[0.9999995870008592,0.9999996247312749,0.9999996708184921,0.9999997097825574,0.9999997507516001,0.9999998191066453,0.9999998479829858,0.9999997127674009]",0.9999997112749791,1.0,97,0.999999795765858,False,0.9999998033949526,False
0.0,Bcc1,diagnostic_counterfactual,NO_SOFTCLIP_COUNTERFACTUAL,10.432652897834812,35724.657393576876,9.067347779941158e-05,1.4733326553749864,0.04074017341173987,2.1707091133943086,0.9999999999999998,False,True,1.0,False,1.0000000000000004,False,0,diagnostic_counterfactual,1.0000000000000016,False,10.432652897834814,35724.65739357686,9.067347779941144e-05,1.4733326553749864,0.04074017341173987,2.1707091133943086,0.9999999992227068,1.0,1.000000016518907,1.0,6.611705238792623e-16,validation_target,0.0,1.0,False,"[0.9999999999999999,0.9999999999999999,0.9999999999999999,1.0,1.0,1.0,1.0000000000000002,1.0]",1.0,1.0,97,1.0,False,1.0,False
0.0,Bcc1,diagnostic_counterfactual,NORMALIZER_ONLY_ROUNDTRIP,10.432652897834812,35724.657393576876,9.067347779941158e-05,1.4733326553749864,0.04074017341173987,2.1707091133943086,0.9999999999999998,False,True,1.0,False,1.0000000000000004,False,0,diagnostic_counterfactual,1.0000000000000016,False,10.432652897834814,35724.65739357686,9.067347779941144e-05,1.4733326553749864,0.04074017341173987,2.1707091133943086,0.9999999992227068,1.0,1.000000016518907,1.0,6.611705238792623e-16,validation_target,0.0,1.0,False,"[0.9999999999999999,0.9999999999999999,0.9999999999999999,1.0,1.0,1.0,1.0000000000000002,1.0]",1.0,1.0,97,1.0,False,1.0,False
0.0,Bcc1,diagnostic_counterfactual,NONLINEAR_ONLY_ROUNDTRIP,10.432652897834815,35724.657393576876,9.067347779941149e-05,1.4733326553749864,0.04074017341173987,2.170709113394308,1.0000000000000002,False,True,0.9999999999999998,False,1.0000000000000004,False,0,diagnostic_counterfactual,1.0000000000000007,False,10.432652897834814,35724.65739357686,9.067347779941144e-05,1.4733326553749864,0.04074017341173987,2.1707091133943086,1.0000000007772931,0.999999985530487,1.000000016518907,1.0,2.9025974050863577e-16,validation_target,0.0,1.0,False,"[0.9999999999999999,1.0,0.9999999999999999,1.0,1.0,1.0,1.0000000000000002,1.0000000000000002]",1.0,1.0,97,1.0,False,1.0,False
0.0,Bcc1,diagnostic_counterfactual,FLOAT64_REFERENCE,10.432652897834812,35724.65739357685,9.067347779941175e-05,1.4733326553749861,0.04074017341173986,2.1707091133943077,0.9999999999999998,False,True,0.9999999999999996,False,0.9999999999999996,False,0,diagnostic_counterfactual; full canonical calculation in CPU float64,1.0000000000000033,False,10.432652897834814,35724.65739357686,9.067347779941144e-05,1.4733326553749864,0.04074017341173987,2.1707091133943086,0.9999999992227068,0.9999999710609738,0.9999999834810931,1.0,1.1929144693117923e-15,validation_target,0.0,1.0,False,"[0.9999999999999993,1.0000000000000002,1.0000000000000002,0.9999999999999997,0.9999999999999998,1.0,1.0000000000000002,1.0000000000000002]",1.0,1.0,97,0.9999999999999999,False,0.9999999999999998,False
0.09156036376953125,Bcc2,diagnostic_counterfactual,CANONICAL_FULL,0.13481904193758965,2.6572415647134613,0.00012160699183972724,0.022491641876741332,0.0009004170492486708,0.0005058739543115844,0.14511639230288242,False,True,0.02831443595120974,False,0.004544485513301239,False,0,frozen canonical tensor encode/decode,0.013477328595160301,False,0.9290407499670991,584.7177985133828,0.009023078348286041,0.13366484606804244,0.005649691423063384,0.01786629107439348,0.0,0.0,0.0,0.0,0.899797915441058,validation_target,0.22940444946289062,0.013477328595160301,False,"[0.02530206193125271,0.9649891301167447,1.000000042752598,0.9999999904178493,1.0000000167257248,1.0000000102616868,1.0000001073348326,0.9999999611156184]",1.000000000339768,1.0,97,0.16826893935367196,False,0.15937455372747517,False
0.09156036376953125,Bcc2,diagnostic_counterfactual,NO_FINAL_INVERSE_CLAMP,0.9290471862660958,584.7239681585274,0.009023108057490884,0.13366506774058076,0.005649694265379383,0.017866350334094047,1.0000069278974006,False,True,1.000003316844012,False,1.000010551491951,False,0,diagnostic_counterfactual; actual float32 encoded state; inverse clamp bypassed,1.0000032925797269,False,0.9290407499670991,584.7177985133828,0.009023078348286041,0.13366484606804244,0.005649691423063384,0.01786629107439348,1.000008103907173,1.0000034134952032,1.0000105996619613,0.9999998491314794,7.395584929931301e-05,validation_target,0.22940444946289062,0.9999998511647841,False,"[1.0000036989713386,0.9999997217596952,0.9999998564058636,0.9999998916476843,0.9999998018340973,0.9999998379058366,0.9999999226197089,0.9999998459237046]",0.9999998511647841,1.0,97,1.0000016584206308,False,1.0000005030922552,False
0.09156036376953125,Bcc2,diagnostic_counterfactual,NO_SOFTCLIP_COUNTERFACTUAL,0.9290407499670991,584.7177985133828,0.009023078348286041,0.13366484606804244,0.005649691423063384,0.01786629107439348,1.0,False,True,1.0,False,1.0,False,0,diagnostic_counterfactual,1.0,False,0.9290407499670991,584.7177985133828,0.009023078348286041,0.13366484606804244,0.005649691423063384,0.01786629107439348,1.0,1.0,1.0,1.0,2.8934918288785555e-16,validation_target,0.22940444946289062,1.0,False,"[1.0,1.0,0.9999999999999999,1.0000000000000002,1.0,1.0,1.0,1.0]",1.0,1.0,97,1.0,False,1.0,False
0.09156036376953125,Bcc2,diagnostic_counterfactual,NORMALIZER_ONLY_ROUNDTRIP,0.9290407499670991,584.7177985133828,0.009023078348286041,0.13366484606804244,0.005649691423063384,0.01786629107439348,1.0,False,True,1.0,False,1.0,False,0,diagnostic_counterfactual,1.0,False,0.9290407499670991,584.7177985133828,0.009023078348286041,0.13366484606804244,0.005649691423063384,0.01786629107439348,1.0,1.0,1.0,1.0,2.8934918288785555e-16,validation_target,0.22940444946289062,1.0,False,"[1.0,1.0,0.9999999999999999,1.0000000000000002,1.0,1.0,1.0,1.0]",1.0,1.0,97,1.0,False,1.0,False
0.09156036376953125,Bcc2,diagnostic_counterfactual,NONLINEAR_ONLY_ROUNDTRIP,0.9290407499670991,584.7177985133828,0.009023078348286041,0.13366484606804244,0.005649691423063384,0.01786629107439348,1.0,False,True,1.0,False,1.0,False,0,diagnostic_counterfactual,1.0,False,0.9290407499670991,584.7177985133828,0.009023078348286041,0.13366484606804244,0.005649691423063384,0.01786629107439348,1.0,1.0,1.0,1.0,2.8753603291127047e-16,validation_target,0.22940444946289062,1.0,False,"[1.0,1.0,1.0,1.0,1.0,1.0,1.0,1.0]",1.0,1.0,97,1.0,False,1.0,False
0.09156036376953125,Bcc2,diagnostic_counterfactual,FLOAT64_REFERENCE,0.13481894023784463,2.6572380105274296,0.00012160683620833669,0.02249162875869496,0.0009004165620691835,0.0005058733642189541,0.14511628283540748,False,True,0.02831440292294283,False,0.004544479434837337,False,0,diagnostic_counterfactual; full canonical calculation in CPU float64,0.013477311347012326,False,0.9290407499670991,584.7177985133828,0.009023078348286041,0.13366484606804244,0.005649691423063384,0.01786629107439348,-1.2804956599958937e-07,-3.399069424475403e-08,-6.106213501150774e-09,-1.7483782659844366e-08,0.8997979924636028,validation_target,0.22940444946289062,0.013477311347012326,False,"[0.025302028466193234,0.9649889358903875,1.0000000000000004,0.9999999999999999,1.0,1.0,1.0,1.0]",1.0,1.0,97,0.16826884121233746,False,0.15937446749630768,False
0.548095703125,Bcc3,diagnostic_counterfactual,CANONICAL_FULL,0.010797557421028614,0.10260165306391256,3.2119097040089803e-10,0.0041208101345809696,8.060442297181248e-05,1.698107616526523e-05,0.0006185163192242546,False,True,3.041541184475547e-06,False,6.840955242749059e-07,False,0,frozen canonical tensor encode/decode,1.2027246144258618e-06,False,17.457190837860107,149981.4710418742,0.000267052795418362,2.3628478340050596,0.07890270858164616,5.583049886662401,0.0,0.0,0.0,0.0,0.9992473532051109,validation_target,0.597900390625,1.2027246144258618e-06,False,"[6.63862820262857e-07,4.002844418639983e-05,0.0010251003050507053,0.019686138376068255,0.24778541734487425,0.8755738734978534,0.9999999816868657,1.0000001311429136]",0.13373577786047125,1.0,97,0.0017440014863742367,False,0.0010215672493474092,False
0.548095703125,Bcc3,diagnostic_counterfactual,NO_FINAL_INVERSE_CLAMP,,,,,,,,,False,,,,,109888,diagnostic_counterfactual; actual float32 encoded state; inverse clamp bypassed,,,,,,,,,,,,,,validation_target,0.597900390625,,,,,,97,,,,
0.548095703125,Bcc3,diagnostic_counterfactual,NO_SOFTCLIP_COUNTERFACTUAL,17.457190837860107,149981.4710418742,0.00026705279541836165,2.3628478340050596,0.07890270858164616,5.583049886662401,1.0,False,True,1.0,False,1.0,False,0,diagnostic_counterfactual,0.9999999999999986,False,17.457190837860107,149981.4710418742,0.000267052795418362,2.3628478340050596,0.07890270858164616,5.583049886662401,1.0,1.0,1.0,0.9999999999999986,5.042633783970099e-16,validation_target,0.597900390625,0.9999999999999986,False,"[1.0,1.0,1.0,1.0,1.0,0.9999999999999999,1.0,1.0]",1.0,1.0,97,1.0,False,1.0,False
0.548095703125,Bcc3,diagnostic_counterfactual,NORMALIZER_ONLY_ROUNDTRIP,17.457190837860107,149981.4710418742,0.00026705279541836165,2.3628478340050596,0.07890270858164616,5.583049886662401,1.0,False,True,1.0,False,1.0,False,0,diagnostic_counterfactual,0.9999999999999986,False,17.457190837860107,149981.4710418742,0.000267052795418362,2.3628478340050596,0.07890270858164616,5.583049886662401,1.0,1.0,1.0,0.9999999999999986,5.042633783970099e-16,validation_target,0.597900390625,0.9999999999999986,False,"[1.0,1.0,1.0,1.0,1.0,0.9999999999999999,1.0,1.0]",1.0,1.0,97,1.0,False,1.0,False
0.548095703125,Bcc3,diagnostic_counterfactual,NONLINEAR_ONLY_ROUNDTRIP,17.457190837860107,149981.47104187423,0.00026705279541836197,2.3628478340050596,0.07890270858164616,5.583049886662401,1.0,False,True,1.0,False,1.0000000000000002,False,0,diagnostic_counterfactual,0.9999999999999998,False,17.457190837860107,149981.4710418742,0.000267052795418362,2.3628478340050596,0.07890270858164616,5.583049886662401,1.0,1.0,1.0000000000000002,0.9999999999999998,2.9754283255352474e-16,validation_target,0.597900390625,0.9999999999999998,False,"[1.0,1.0,1.0000000000000002,1.0,1.0,1.0,1.0,1.0]",1.0,1.0,97,1.0,False,1.0,False
0.548095703125,Bcc3,diagnostic_counterfactual,FLOAT64_REFERENCE,0.01079755544610649,0.10260161740165112,3.2119084240026625e-10,0.004120809424160467,8.060440858285917e-05,1.6981070310249717e-05,0.0006185162060948203,False,True,3.041540135762813e-06,False,6.840952864971246e-07,False,0,diagnostic_counterfactual; full canonical calculation in CPU float64,1.202724135117523e-06,False,17.457190837860107,149981.4710418742,0.000267052795418362,2.3628478340050596,0.07890270858164616,5.583049886662401,-1.1319945002149654e-10,-1.0487159238820396e-12,-2.377779440089421e-13,-4.793089152535384e-13,0.999247353342547,validation_target,0.597900390625,1.202724135117523e-06,False,"[6.638625774158503e-07,4.002842954363395e-05,0.0010250999304353555,0.019686131258506406,0.24778535560775977,0.875573759244891,1.0,1.0]",0.1337357434331331,1.0,97,0.0017440011857114124,False,0.0010215670669841725,False
0.0,rho,diagnostic_counterfactual,CANONICAL_FULL,10.919827747838099,386961.0734307837,0.785233621564488,3.7896499365432827,0.1458651403073297,14.361446641542507,0.9999992620267363,False,True,1.0000000539924971,False,1.0000001863173826,False,0,frozen canonical tensor encode/decode,1.0000000393607946,False,10.919835806384969,386961.0013332227,0.7852335906570698,3.7896498342369553,0.14586513827407346,14.361445866132183,0.0,0.0,0.0,0.0,8.575535635655672e-07,validation_target,0.0,1.0000000126348882,False,"[1.0000000568211362,1.0000000442093384,1.0000000561262925,1.0000000564563998,0.9999999810604382,0.9999997487939651,0.9999999793934317,0.9999999411945026]",1.0000000126348882,1.0,97,1.0000000269962481,False,1.0000000139392884,False
0.0,rho,diagnostic_counterfactual,NO_FINAL_INVERSE_CLAMP,10.919834518061688,386961.4644517985,0.7852343536426138,3.7896518016014875,0.14586521181349812,14.361460777381401,0.9999998820199036,False,True,1.000001038283287,False,1.000001196809431,False,0,diagnostic_counterfactual; actual float32 encoded state; inverse clamp bypassed,1.0000009716669704,False,10.919835806384969,386961.0013332227,0.7852335906570698,3.7896498342369553,0.14586513827407346,14.361445866132183,0.8401295789981013,9.842907897628094e+23,1.0104920482589818e+24,6.570331751998282e+23,9.19725852566765e-07,validation_target,0.0,1.0000006696680634,False,"[1.0000010561536505,1.0000009548744566,1.0000008270755871,1.0000007409055471,1.00000058565627,1.000000325426765,1.0000005984305798,1.0000004950210517]",1.0000006696680634,1.0,97,1.0000005191415087,False,1.0000005041603877,False
0.0,rho,diagnostic_counterfactual,NO_SOFTCLIP_COUNTERFACTUAL,10.919835806384961,386961.0013332227,0.7852335906570698,3.7896498342369553,0.14586513827407346,14.361445866132183,0.9999999999999993,False,True,1.0,False,1.0,False,0,diagnostic_counterfactual,1.0,False,10.919835806384969,386961.0013332227,0.7852335906570698,3.7896498342369553,0.14586513827407346,14.361445866132183,0.9999999990973469,-5.399249713988751e+22,-1.8631738263330532e+23,-1.2634888246765285e+22,8.465859326981972e-16,validation_target,0.0,1.0,False,"[1.0,1.0,1.0,1.0,1.0,1.0000000000000002,0.9999999999999998,1.0]",1.0,1.0,97,1.0,False,1.0,False
0.0,rho,diagnostic_counterfactual,NORMALIZER_ONLY_ROUNDTRIP,10.919835806384961,386961.0013332227,0.7852335906570698,3.7896498342369553,0.14586513827407346,14.361445866132183,0.9999999999999993,False,True,1.0,False,1.0,False,0,diagnostic_counterfactual,1.0,False,10.919835806384969,386961.0013332227,0.7852335906570698,3.7896498342369553,0.14586513827407346,14.361445866132183,0.9999999990973469,-5.399249713988751e+22,-1.8631738263330532e+23,-1.2634888246765285e+22,8.465859326981972e-16,validation_target,0.0,1.0,False,"[1.0,1.0,1.0,1.0,1.0,1.0000000000000002,0.9999999999999998,1.0]",1.0,1.0,97,1.0,False,1.0,False
0.0,rho,diagnostic_counterfactual,NONLINEAR_ONLY_ROUNDTRIP,10.919835806384967,386961.0013332227,0.7852335906570698,3.7896498342369553,0.14586513827407346,14.361445866132183,0.9999999999999999,False,True,1.0,False,1.0,False,0,diagnostic_counterfactual,1.0,False,10.919835806384969,386961.0013332227,0.7852335906570698,3.7896498342369553,0.14586513827407346,14.361445866132183,0.9999999998495578,-5.399249713988751e+22,-1.8631738263330532e+23,-1.2634888246765285e+22,1.4842202133216769e-16,validation_target,0.0,1.0,False,"[0.9999999999999999,1.0,1.0,1.0,1.0,1.0,1.0,1.0]",1.0,1.0,97,1.0,False,1.0,False
0.0,rho,diagnostic_counterfactual,FLOAT64_REFERENCE,10.919835806384974,386961.00133322197,0.7852335906570695,3.789649834236952,0.14586513827407335,14.361445866132156,1.0000000000000004,False,True,0.9999999999999981,False,0.999999999999998,False,0,diagnostic_counterfactual; full canonical calculation in CPU float64,0.9999999999999997,False,10.919835806384969,386961.0013332227,0.7852335906570698,3.7896498342369553,0.14586513827407346,14.361445866132183,1.0000000006017686,-5.399249902726666e+22,-1.8631738463170676e+23,-1.26348889128991e+22,1.7253651627670114e-15,validation_target,0.0,0.9999999999999993,False,"[0.9999999999999981,0.9999999999999982,0.9999999999999987,0.9999999999999992,0.9999999999999997,0.9999999999999998,0.9999999999999993,0.9999999999999997]",0.9999999999999993,1.0,97,0.9999999999999991,False,0.9999999999999992,False
0.0,press,diagnostic_counterfactual,CANONICAL_FULL,0.3201711575637586,8048.455601494663,0.007984646438981086,0.3878068875546709,0.01296427926376302,0.15039418203484117,0.9999996667646693,False,True,0.9999999089415502,False,0.9999997757012871,False,0,frozen canonical tensor encode/decode,0.9999999503498561,False,0.3201712642561357,8048.4574067533,0.00798464683541995,0.38780690521121913,0.012964279492831987,0.1503941957295035,0.0,0.0,0.0,0.0,9.220775554933354e-07,validation_target,0.0,0.9999999503498561,False,"[0.9999999048814683,1.0000000176181523,0.9999999904021732,0.9999999640282111,1.0000000696558708,0.9999999708844179,1.0000001306822146,1.0000000242398235]",1.0000000040101629,1.0,97,0.999999954470774,False,0.9999999823307599,False
0.0,press,diagnostic_counterfactual,NO_FINAL_INVERSE_CLAMP,0.32017105801305973,8048.440823318728,0.007984632472820174,0.3878065277757141,0.012964267663703776,0.15039390298545574,0.9999993558351452,False,True,0.9999980534883921,False,0.9999979395511792,False,0,diagnostic_counterfactual; actual float32 encoded state; inverse clamp bypassed,0.9999982012229129,False,0.3201712642561357,8048.4574067533,0.00798464683541995,0.38780690521121913,0.012964279492831987,0.1503941957295035,-0.933062900350928,-20.37650720599376,-8.186182095340937,-35.229040770153645,1.2741283002765765e-06,validation_target,0.0,0.9999982012229129,False,"[0.9999980421158401,0.9999984103789825,0.999998605030318,0.9999987215099618,0.9999988775264986,0.9999990523265644,0.9999990842819427,0.9999991035231647]",0.9999987995182302,1.0,97,0.9999990267437223,False,0.9999990875599205,False
0.0,press,diagnostic_counterfactual,NO_SOFTCLIP_COUNTERFACTUAL,0.32017126425613557,8048.4574067533,0.00798464683541995,0.38780690521121913,0.012964279492831987,0.1503941957295035,0.9999999999999997,False,True,1.0,False,1.0,False,0,diagnostic_counterfactual,1.0,False,0.3201712642561357,8048.4574067533,0.00798464683541995,0.38780690521121913,0.012964279492831987,0.1503941957295035,0.9999999990005054,1.0,1.0,1.0,1.0566356206083105e-15,validation_target,0.0,1.0,False,"[1.0,1.0000000000000002,0.9999999999999998,0.9999999999999998,1.0,1.0000000000000002,1.0,1.0]",1.0,1.0,97,1.0,False,1.0,False
0.0,press,diagnostic_counterfactual,NORMALIZER_ONLY_ROUNDTRIP,0.32017126425613557,8048.4574067533,0.00798464683541995,0.38780690521121913,0.012964279492831987,0.1503941957295035,0.9999999999999997,False,True,1.0,False,1.0,False,0,diagnostic_counterfactual,1.0,False,0.3201712642561357,8048.4574067533,0.00798464683541995,0.38780690521121913,0.012964279492831987,0.1503941957295035,0.9999999990005054,1.0,1.0,1.0,1.0566356206083105e-15,validation_target,0.0,1.0,False,"[1.0,1.0000000000000002,0.9999999999999998,0.9999999999999998,1.0,1.0000000000000002,1.0,1.0]",1.0,1.0,97,1.0,False,1.0,False
0.0,press,diagnostic_counterfactual,NONLINEAR_ONLY_ROUNDTRIP,0.3201712642561357,8048.4574067533,0.00798464683541995,0.38780690521121913,0.012964279492831987,0.1503941957295035,1.0,False,True,1.0,False,1.0,False,0,diagnostic_counterfactual,1.0,False,0.3201712642561357,8048.4574067533,0.00798464683541995,0.38780690521121913,0.012964279492831987,0.1503941957295035,1.0,1.0,1.0,1.0,1.2057540116595944e-16,validation_target,0.0,1.0,False,"[1.0,1.0,0.9999999999999998,1.0,1.0,1.0000000000000002,1.0,1.0]",1.0,1.0,97,1.0,False,1.0,False
0.0,press,diagnostic_counterfactual,FLOAT64_REFERENCE,0.32017126425613573,8048.45740675328,0.007984646835419947,0.38780690521121874,0.012964279492831979,0.1503941957295032,1.0000000000000002,False,True,0.999999999999998,False,0.9999999999999976,False,0,diagnostic_counterfactual; full canonical calculation in CPU float64,0.9999999999999996,False,0.3201712642561357,8048.4574067533,0.00798464683541995,0.38780690521121913,0.012964279492831987,0.1503941957295035,1.0000000006663297,0.9999999780536408,0.9999999891105454,0.999999991055631,1.8773705806198883e-15,validation_target,0.0,0.9999999999999996,False,"[0.9999999999999981,0.9999999999999987,0.9999999999999993,1.0000000000000002,1.0,1.0,1.0,1.0000000000000002]",1.0,1.0,97,0.999999999999999,False,0.9999999999999993,False
0.0,vel1,diagnostic_counterfactual,CANONICAL_FULL,1.3307688152790071,934.6215207993118,0.03380303419992736,0.342780130007375,0.025209022385309462,0.11749821752787293,0.999999916007201,False,True,1.0000000005044343,False,0.9999999833529415,False,0,frozen canonical tensor encode/decode,0.9999999999904045,False,1.3307689270540142,934.6215363580112,0.03380303420025172,0.34278012992092005,0.025209022378115686,0.11749821746860281,0.0,0.0,0.0,0.0,6.253360198232452e-08,validation_target,0.0,0.9999999999904045,False,"[0.9999999976070593,1.0000000032101684,0.9999999989333757,1.0000000005061878,1.0000000030791931,0.9999999987194735,1.0000000020377768,1.0000000031219276]",1.0000000012719823,1.0,97,1.000000000252217,False,1.000000000285365,False
0.0,vel1,diagnostic_counterfactual,NO_FINAL_INVERSE_CLAMP,1.3307688143603875,934.6215405745733,0.03380303478787619,0.3427801327118182,0.025209022546969287,0.1174982193819317,0.9999999153169086,False,True,1.0000000162838971,False,1.0000000045115183,False,0,diagnostic_counterfactual; actual float32 encoded state; inverse clamp bypassed,1.0000000173837789,False,1.3307689270540142,934.6215363580112,0.03380303420025172,0.34278012992092005,0.025209022378115686,0.11749821746860281,-0.008218470947830818,1.577946284747611e+22,1.2710099365311731,1685.482800911731,4.828947208848456e-08,validation_target,0.0,1.0000000161635332,False,"[1.0000000150386226,1.0000000167142518,1.0000000165644949,1.0000000148654624,1.0000000157625715,1.0000000120788792,1.000000018679111,1.0000000218713694]",1.0000000161635332,1.0,97,1.0000000081419484,False,1.0000000066981416,False
0.0,vel1,diagnostic_counterfactual,NO_SOFTCLIP_COUNTERFACTUAL,1.3307689270540142,934.6215363580112,0.03380303420025172,0.34278012992092005,0.025209022378115686,0.11749821746860281,1.0,False,True,1.0,False,1.0,False,0,diagnostic_counterfactual,1.0,False,1.3307689270540142,934.6215363580112,0.03380303420025172,0.34278012992092005,0.025209022378115686,0.11749821746860281,1.0,-5.0443427213053834e+20,1.0,1.0,2.5542336143139755e-17,validation_target,0.0,1.0,False,"[1.0,1.0,1.0,1.0,1.0,1.0,1.0,1.0]",1.0,1.0,97,1.0,False,1.0,False
0.0,vel1,diagnostic_counterfactual,NORMALIZER_ONLY_ROUNDTRIP,1.3307689270540142,934.6215363580112,0.03380303420025172,0.34278012992092005,0.025209022378115686,0.11749821746860281,1.0,False,True,1.0,False,1.0,False,0,diagnostic_counterfactual,1.0,False,1.3307689270540142,934.6215363580112,0.03380303420025172,0.34278012992092005,0.025209022378115686,0.11749821746860281,1.0,-5.0443427213053834e+20,1.0,1.0,2.5542336143139755e-17,validation_target,0.0,1.0,False,"[1.0,1.0,1.0,1.0,1.0,1.0,1.0,1.0]",1.0,1.0,97,1.0,False,1.0,False
0.0,vel1,diagnostic_counterfactual,NONLINEAR_ONLY_ROUNDTRIP,1.3307689270540142,934.6215363580112,0.03380303420025172,0.34278012992092005,0.025209022378115686,0.11749821746860281,1.0,False,True,1.0,False,1.0,False,0,diagnostic_counterfactual,1.0,False,1.3307689270540142,934.6215363580112,0.03380303420025172,0.34278012992092005,0.025209022378115686,0.11749821746860281,1.0,-5.0443427213053834e+20,1.0,1.0,0.0,validation_target,0.0,1.0,False,"[1.0,1.0,1.0,1.0,1.0,1.0,1.0,1.0]",1.0,1.0,97,1.0,False,1.0,False
0.0,vel1,diagnostic_counterfactual,FLOAT64_REFERENCE,1.3307689270540137,934.6215363580112,0.03380303420025172,0.34278012992092,0.025209022378115686,0.1174982174686028,0.9999999999999997,False,True,0.9999999999999999,False,1.0,False,0,diagnostic_counterfactual; full canonical calculation in CPU float64,1.0,False,1.3307689270540142,934.6215363580112,0.03380303420025172,0.34278012992092005,0.025209022378115686,0.11749821746860281,0.9999999960345778,-5.044343831528408e+20,1.0,1.0,1.1305382924349623e-16,validation_target,0.0,1.0,False,"[1.0,0.9999999999999999,1.0,0.9999999999999998,1.0,1.0,0.9999999999999998,1.0]",1.0,1.0,97,0.9999999999999999,False,1.0,False
0.03391265869140625,vel2,diagnostic_counterfactual,CANONICAL_FULL,0.07146307080984116,1.1037173138282006,2.389480812584801e-08,0.009717444000255962,0.0006217068253339628,9.442871789811061e-05,0.713423540430957,False,True,0.5531354310485761,False,0.29369345764272564,False,0,frozen canonical tensor encode/decode,0.507323756872608,False,0.10016920771449808,3.7580589049786006,4.7099722420151e-08,0.01306580906844363,0.0008255874657418344,0.0001707153666130238,0.0,0.0,0.0,0.0,0.372371233432303,validation_target,0.059574127197265625,0.507323756872608,False,"[0.4834575666225009,0.9999999980036612,0.999999999259667,0.9999999997759148,1.0000000022857978,0.9999999992439179,1.0000000006406684,1.000000007709812]",0.9999999995177908,1.0,97,0.743730751716356,False,0.7530478006655855,False
0.03391265869140625,vel2,diagnostic_counterfactual,NO_FINAL_INVERSE_CLAMP,0.10016916712011947,3.757978981757463,4.7095081770748805e-08,0.013065773567691443,0.0008255852434191502,0.00017071443892218438,0.9999995947419418,False,True,0.9999945658621259,False,0.9999787328450249,False,0,diagnostic_counterfactual; actual float32 encoded state; inverse clamp bypassed,0.9999014718311755,False,0.10016920771449808,3.7580589049786006,4.7099722420151e-08,0.01306580906844363,0.0008255874657418344,0.0001707153666130238,0.9999985858641047,0.9999878394076154,0.9999698896248305,0.999800014370088,0.00016786727301624604,validation_target,0.059574127197265625,0.9999014718311755,False,"[0.9999937312871005,1.0000000072826427,1.000000006421473,1.0000000053089415,1.0000000041028976,1.0000000050052116,1.0000000145431833,1.0000000111436809]",1.0000000058652072,1.0,97,0.9999972829273717,False,0.9999973081923158,False
0.03391265869140625,vel2,diagnostic_counterfactual,NO_SOFTCLIP_COUNTERFACTUAL,0.10016920771449808,3.7580589049786006,4.7099722420151e-08,0.01306580906844363,0.0008255874657418344,0.0001707153666130238,1.0,False,True,1.0,False,1.0,False,0,diagnostic_counterfactual,1.0,False,0.10016920771449808,3.7580589049786006,4.7099722420151e-08,0.01306580906844363,0.0008255874657418344,0.0001707153666130238,1.0,1.0,1.0,1.0,4.913750987691039e-17,validation_target,0.059574127197265625,1.0,False,"[1.0000000000000002,1.0,1.0,1.0,1.0,1.0,1.0,1.0]",1.0,1.0,97,1.0,False,1.0,False
0.03391265869140625,vel2,diagnostic_counterfactual,NORMALIZER_ONLY_ROUNDTRIP,0.10016920771449808,3.7580589049786006,4.7099722420151e-08,0.01306580906844363,0.0008255874657418344,0.0001707153666130238,1.0,False,True,1.0,False,1.0,False,0,diagnostic_counterfactual,1.0,False,0.10016920771449808,3.7580589049786006,4.7099722420151e-08,0.01306580906844363,0.0008255874657418344,0.0001707153666130238,1.0,1.0,1.0,1.0,4.913750987691039e-17,validation_target,0.059574127197265625,1.0,False,"[1.0000000000000002,1.0,1.0,1.0,1.0,1.0,1.0,1.0]",1.0,1.0,97,1.0,False,1.0,False
0.03391265869140625,vel2,diagnostic_counterfactual,NONLINEAR_ONLY_ROUNDTRIP,0.10016920771449808,3.7580589049786006,4.7099722420151e-08,0.01306580906844363,0.0008255874657418344,0.0001707153666130238,1.0,False,True,1.0,False,1.0,False,0,diagnostic_counterfactual,1.0,False,0.10016920771449808,3.7580589049786006,4.7099722420151e-08,0.01306580906844363,0.0008255874657418344,0.0001707153666130238,1.0,1.0,1.0,1.0,0.0,validation_target,0.059574127197265625,1.0,False,"[1.0,1.0,1.0,1.0,1.0,1.0,1.0,1.0]",1.0,1.0,97,1.0,False,1.0,False
0.03391265869140625,vel2,diagnostic_counterfactual,FLOAT64_REFERENCE,0.07146305821902146,1.1037170707153983,2.3894760954759795e-08,0.009717443214331998,0.0006217067893677077,9.4428702623767e-05,0.7134234147354466,False,True,0.5531353415760001,False,0.2936933929516688,False,0,diagnostic_counterfactual; full canonical calculation in CPU float64,0.5073227553574017,False,0.10016920771449808,3.7580589049786006,4.7099722420151e-08,0.01306580906844363,0.0008255874657418344,0.0001707153666130238,-4.386107310890908e-07,-2.0022302556839502e-07,-9.159062385122046e-08,-2.0328059659729924e-06,0.3723713066942702,validation_target,0.059574127197265625,0.5073227553574017,False,"[0.4834574633380272,0.9999999999999999,1.0,0.9999999999999998,0.9999999999999999,1.0,1.0,1.0]",1.0,1.0,97,0.7437306915651659,False,0.753047757101146,False
0.4336814880371094,vel3,diagnostic_counterfactual,CANONICAL_FULL,0.10325981210917234,6.859922524175183,0.0016856240385464093,0.045733286275383644,0.001139647895390753,0.002091533473546194,0.07789322028394886,False,True,0.021812418804014987,False,0.005053044567535361,False,0,frozen canonical tensor encode/decode,0.018237246548297198,False,1.3256585327035282,1357.582034452772,0.0924275511702064,0.30965671050231686,0.011659131843378226,0.09588727835911567,0.0,0.0,0.0,0.0,0.8596107731554095,validation_target,0.5113182067871094,0.018237246548297198,False,"[0.0,0.0,0.028348701531091994,0.3546187673289668,0.7606848429097111,0.9852835198375588,0.9999999824945662,0.9999999923210768]",0.5576518051193389,1.0,97,0.1476902799916602,False,0.09774723458831226,False
0.4336814880371094,vel3,diagnostic_counterfactual,NO_FINAL_INVERSE_CLAMP,,,,,,,,,False,,,,,53550,diagnostic_counterfactual; actual float32 encoded state; inverse clamp bypassed,,,,,,,,,,,,,,validation_target,0.5113182067871094,,,,,,97,,,,
0.4336814880371094,vel3,diagnostic_counterfactual,NO_SOFTCLIP_COUNTERFACTUAL,1.3256585327035282,1357.582034452772,0.0924275511702064,0.30965671050231686,0.011659131843378226,0.09588727835911567,1.0,False,True,1.0,False,1.0,False,0,diagnostic_counterfactual,1.0,False,1.3256585327035282,1357.582034452772,0.0924275511702064,0.30965671050231686,0.011659131843378226,0.09588727835911567,1.0,1.0,1.0,1.0,3.947958969568937e-17,validation_target,0.5113182067871094,1.0,False,"[0.9999999999999998,1.0,1.0,1.0,1.0,1.0,1.0,1.0]",1.0,1.0,97,1.0,False,1.0,False
0.4336814880371094,vel3,diagnostic_counterfactual,NORMALIZER_ONLY_ROUNDTRIP,1.3256585327035282,1357.582034452772,0.0924275511702064,0.30965671050231686,0.011659131843378226,0.09588727835911567,1.0,False,True,1.0,False,1.0,False,0,diagnostic_counterfactual,1.0,False,1.3256585327035282,1357.582034452772,0.0924275511702064,0.30965671050231686,0.011659131843378226,0.09588727835911567,1.0,1.0,1.0,1.0,3.947958969568937e-17,validation_target,0.5113182067871094,1.0,False,"[0.9999999999999998,1.0,1.0,1.0,1.0,1.0,1.0,1.0]",1.0,1.0,97,1.0,False,1.0,False
0.4336814880371094,vel3,diagnostic_counterfactual,NONLINEAR_ONLY_ROUNDTRIP,1.3256585327035282,1357.582034452772,0.0924275511702064,0.30965671050231686,0.011659131843378226,0.09588727835911567,1.0,False,True,1.0,False,1.0,False,0,diagnostic_counterfactual,1.0,False,1.3256585327035282,1357.582034452772,0.0924275511702064,0.30965671050231686,0.011659131843378226,0.09588727835911567,1.0,1.0,1.0,1.0,0.0,validation_target,0.5113182067871094,1.0,False,"[1.0,1.0,1.0,1.0,1.0,1.0,1.0,1.0]",1.0,1.0,97,1.0,False,1.0,False
0.4336814880371094,vel3,diagnostic_counterfactual,FLOAT64_REFERENCE,0.10325979268781571,6.859919738939338,0.0016856233820469388,0.04573327778430082,0.0011396476750866506,0.0020915326968960228,0.07789320563360252,False,True,0.0218124107043986,False,0.005053042515920229,False,0,diagnostic_counterfactual; full canonical calculation in CPU float64,0.018237239445442453,False,1.3256585327035282,1357.582034452772,0.0924275511702064,0.30965671050231686,0.011659131843378226,0.09588727835911567,-1.588790654306086e-08,-8.280228192440026e-09,-2.06203468528632e-09,-7.234797531650618e-09,0.8596107972680563,validation_target,0.5113182067871094,0.018237239445442453,False,"[1.0186007012333799e-32,6.508014405989817e-32,0.0283486745318024,0.3546185794472576,0.7606846342745036,0.9852834669675792,1.0,1.0]",0.5576516068608806,1.0,97,0.1476902525707049,False,0.09774721569290003,False
0.0,Bcc1,diagnostic_counterfactual,CANONICAL_FULL,11.055440492630035,40107.05611121149,0.0001028012451232625,1.5570483704904596,0.04284828082612511,2.424399628046996,1.0000006400711,False,True,0.9999999817679669,False,0.9999999095925322,False,0,frozen canonical tensor encode/decode,0.9999995095394764,False,11.055433416366608,40107.0597371892,0.00010280129554323975,1.5570483846845387,0.04284828135864802,2.424399672248731,0.0,0.0,0.0,0.0,6.229738542430743e-07,validation_target,0.0,0.9999995095394764,False,"[0.9999999794232173,1.0000000003224823,1.000000014550599,0.9999999910399417,0.999999994333565,1.0000000064873424,0.9999999870024544,0.9999999755251175]",0.9999999926867533,1.0,98,0.9999999908839833,False,0.9999999875718956,False
0.0,Bcc1,diagnostic_counterfactual,NO_FINAL_INVERSE_CLAMP,11.0554340162189,40107.04224222073,0.00010280117739500639,1.557048059554725,0.0428482726265115,2.424398659763134,1.0000000542585956,False,True,0.9999995823767802,False,0.9999995637932926,False,0,diagnostic_counterfactual; actual float32 encoded state; inverse clamp bypassed,0.9999988507126031,False,11.055433416366608,40107.0597371892,0.00010280129554323975,1.5570483846845387,0.04284828135864802,2.424399672248731,-5.858125042834672e+23,-21.906014780030308,-3.824896856612456,-1.3432821634465926,5.458245433828576e-07,validation_target,0.0,0.9999988507126031,False,"[0.9999995753317095,0.9999996368183649,0.9999996789337602,0.9999997021364568,0.9999997362945708,0.999999802156154,0.9999998114708025,0.9999998209236374]",0.9999997192155139,1.0,98,0.9999997911883683,False,0.9999997962080102,False
0.0,Bcc1,diagnostic_counterfactual,NO_SOFTCLIP_COUNTERFACTUAL,11.055433416366606,40107.0597371892,0.00010280129554323979,1.5570483846845384,0.04284828135864802,2.4243996722487307,0.9999999999999999,False,True,0.9999999999999998,False,1.0,False,0,diagnostic_counterfactual,1.0000000000000004,False,11.055433416366608,40107.0597371892,0.00010280129554323975,1.5570483846845387,0.04284828135864802,2.424399672248731,-6.400711000109637e+23,0.9999999878211825,1.0,1.0,6.632666462296151e-16,validation_target,0.0,1.0,False,"[1.0,1.0,1.0,1.0,1.0,1.0,1.0,1.0000000000000004]",1.0,1.0,98,0.9999999999999999,False,1.0,False
0.0,Bcc1,diagnostic_counterfactual,NORMALIZER_ONLY_ROUNDTRIP,11.055433416366606,40107.0597371892,0.00010280129554323979,1.5570483846845384,0.04284828135864802,2.4243996722487307,0.9999999999999999,False,True,0.9999999999999998,False,1.0,False,0,diagnostic_counterfactual,1.0000000000000004,False,11.055433416366608,40107.0597371892,0.00010280129554323975,1.5570483846845387,0.04284828135864802,2.424399672248731,-6.400711000109637e+23,0.9999999878211825,1.0,1.0,6.632666462296151e-16,validation_target,0.0,1.0,False,"[1.0,1.0,1.0,1.0,1.0,1.0,1.0,1.0000000000000004]",1.0,1.0,98,0.9999999999999999,False,1.0,False
0.0,Bcc1,diagnostic_counterfactual,NONLINEAR_ONLY_ROUNDTRIP,11.055433416366608,40107.0597371892,0.00010280129554323971,1.5570483846845384,0.04284828135864802,2.4243996722487307,1.0,False,True,0.9999999999999998,False,1.0,False,0,diagnostic_counterfactual,0.9999999999999996,False,11.055433416366608,40107.0597371892,0.00010280129554323975,1.5570483846845387,0.04284828135864802,2.424399672248731,-6.400710998999415e+23,0.9999999878211825,1.0,0.9999999990945465,2.9063941075909845e-16,validation_target,0.0,0.9999999999999996,False,"[1.0,1.0000000000000002,1.0,1.0,1.0,1.0,1.0,1.0000000000000004]",1.0,1.0,98,0.9999999999999999,False,1.0,False
0.0,Bcc1,diagnostic_counterfactual,FLOAT64_REFERENCE,11.055433416366608,40107.05973718917,0.00010280129554323959,1.5570483846845382,0.04284828135864801,2.4243996722487298,1.0,False,True,0.9999999999999994,False,0.9999999999999992,False,0,diagnostic_counterfactual; full canonical calculation in CPU float64,0.9999999999999984,False,11.055433416366608,40107.0597371892,0.00010280129554323975,1.5570483846845387,0.04284828135864802,2.424399672248731,-6.400710998999415e+23,0.9999999695529561,0.9999999914038504,0.9999999968309127,1.1994575823655596e-15,validation_target,0.0,0.9999999999999984,False,"[0.9999999999999996,1.0000000000000004,1.0,0.9999999999999997,0.9999999999999997,1.0,1.0,1.0]",1.0,1.0,98,0.9999999999999997,False,0.9999999999999997,False
0.09317398071289062,Bcc2,diagnostic_counterfactual,CANONICAL_FULL,0.13481904193758965,2.632298854196353,0.0001344633331447574,0.02269869968791141,0.0009193965679660755,0.0005152309675219896,0.13660886812951373,False,True,0.024881525027030504,False,0.0038472535740625255,False,0,frozen canonical tensor encode/decode,0.01237810182648169,False,0.9868981698155408,684.2020687024184,0.010863001050539653,0.14390055909977972,0.0060598594664924,0.020707370909229195,0.0,0.0,0.0,0.0,0.9075754375937767,validation_target,0.24250030517578125,0.01237810182648169,False,"[0.021718275771358934,0.9549463950041341,0.9999999928634512,0.9999999925790292,0.9999999962491748,0.999999988732788,0.9999999300168254,1.0000002264180328]",0.9999999906559085,0.9999961853027344,98,0.15773878732585242,False,0.15171912369417462,False
0.09317398071289062,Bcc2,diagnostic_counterfactual,NO_FINAL_INVERSE_CLAMP,0.9868489185982036,684.204576899973,0.01086300940792029,0.14390064146969817,0.006059859214600174,0.020707394615390617,0.9999500949349754,False,True,1.0000011448175399,False,1.0000036658725096,False,0,diagnostic_counterfactual; actual float32 encoded state; inverse clamp bypassed,1.0000007693436277,False,0.9868981698155408,684.2020687024184,0.010863001050539653,0.14390055909977972,0.0060598594664924,0.020707370909229195,0.9999421987750597,1.000001174029176,1.00000368003052,0.9999998322964594,8.030814818668339e-05,validation_target,0.24250030517578125,0.9999998343723109,False,"[1.000001383434193,0.9999997300220967,0.9999998333975375,0.999999908971394,0.9999998012639367,0.9999998353470844,0.9999997625720328,1.0000000423926683]",0.9999998343723109,0.9999961853027344,98,1.000000572408606,False,0.9999999584326621,False
0.09317398071289062,Bcc2,diagnostic_counterfactual,NO_SOFTCLIP_COUNTERFACTUAL,0.986898169815541,684.2020687024184,0.010863001050539653,0.14390055909977972,0.0060598594664924,0.020707370909229195,1.0000000000000002,False,True,1.0,False,1.0,False,0,diagnostic_counterfactual,1.0,False,0.9868981698155408,684.2020687024184,0.010863001050539653,0.14390055909977972,0.0060598594664924,0.020707370909229195,1.0000000000000002,1.0,1.0,1.0,2.9294468868222775e-16,validation_target,0.24250030517578125,1.0,False,"[1.0,1.0,1.0,1.0000000000000004,1.0,1.0,1.0,1.0]",1.0,1.0,98,1.0,False,1.0,False
0.09317398071289062,Bcc2,diagnostic_counterfactual,NORMALIZER_ONLY_ROUNDTRIP,0.986898169815541,684.2020687024184,0.010863001050539653,0.14390055909977972,0.0060598594664924,0.020707370909229195,1.0000000000000002,False,True,1.0,False,1.0,False,0,diagnostic_counterfactual,1.0,False,0.9868981698155408,684.2020687024184,0.010863001050539653,0.14390055909977972,0.0060598594664924,0.020707370909229195,1.0000000000000002,1.0,1.0,1.0,2.9294468868222775e-16,validation_target,0.24250030517578125,1.0,False,"[1.0,1.0,1.0,1.0000000000000004,1.0,1.0,1.0,1.0]",1.0,1.0,98,1.0,False,1.0,False
0.09317398071289062,Bcc2,diagnostic_counterfactual,NONLINEAR_ONLY_ROUNDTRIP,0.986898169815541,684.2020687024184,0.010863001050539653,0.14390055909977972,0.0060598594664924,0.020707370909229195,1.0000000000000002,False,True,1.0,False,1.0,False,0,diagnostic_counterfactual,1.0,False,0.9868981698155408,684.2020687024184,0.010863001050539653,0.14390055909977972,0.0060598594664924,0.020707370909229195,1.0000000000000002,1.0,1.0,1.0,2.913141496234604e-16,validation_target,0.24250030517578125,1.0,False,"[1.0,0.9999999999999999,1.0000000000000002,1.0,1.0,1.0,1.0,1.0]",1.0,1.0,98,1.0,False,1.0,False
0.09317398071289062,Bcc2,diagnostic_counterfactual,FLOAT64_REFERENCE,0.13481894023784463,2.632294999301523,0.00013446316464284876,0.022698686442616738,0.0009193961256430106,0.0005152303662202329,0.13660876507962658,False,True,0.024881495988976408,False,0.0038472479399158225,False,0,diagnostic_counterfactual; full canonical calculation in CPU float64,0.012378086314938622,False,0.9868981698155408,684.2020687024184,0.010863001050539653,0.14390055909977972,0.0060598594664924,0.020707370909229195,-1.1935481307065492e-07,-2.9779001056754184e-08,-5.6559064091484905e-09,-1.5705952952290062e-08,0.9075755091507773,validation_target,0.24250030517578125,0.012378086314938622,False,"[0.021718246766922574,0.9549462127735165,1.0000000000000009,1.0,0.9999999999999998,1.0,1.0,1.0]",1.0,1.0,98,0.1577386952810768,False,0.15171905070187713,False
0.564453125,Bcc3,diagnostic_counterfactual,CANONICAL_FULL,0.010797557421028614,0.10559371105051299,2.8297268369416106e-10,0.004171707410040096,7.95201599191773e-05,1.7403142714983443e-05,0.0005824624834663989,False,True,2.7533998882905215e-06,False,6.232728402974386e-07,False,0,frozen canonical tensor encode/decode,2.6414143019029557e-07,False,18.53777320861817,169418.1171124375,0.0010712923129487823,2.5140805929715473,0.08415541066392729,6.320601227956167,0.0,0.0,0.0,0.0,0.9992902908726803,validation_target,0.60791015625,2.6414143019029557e-07,False,"[5.865552607778702e-07,3.499550468396903e-05,0.0008753371065537901,0.014343451181460383,0.16546054610756353,0.8166067356980038,0.9999999724116791,0.999999889746827]",0.08990199864451195,1.0,98,0.0016593371834231045,False,0.0009449203478637785,False
0.564453125,Bcc3,diagnostic_counterfactual,NO_FINAL_INVERSE_CLAMP,,,,,,,,,False,,,,,113486,diagnostic_counterfactual; actual float32 encoded state; inverse clamp bypassed,,,,,,,,,,,,,,validation_target,0.60791015625,,,,,,98,,,,
0.564453125,Bcc3,diagnostic_counterfactual,NO_SOFTCLIP_COUNTERFACTUAL,18.53777320861817,169418.1171124375,0.0010712923129487819,2.5140805929715473,0.08415541066392729,6.320601227956168,1.0,False,True,1.0000000000000002,False,1.0,False,0,diagnostic_counterfactual,0.9999999999999996,False,18.53777320861817,169418.1171124375,0.0010712923129487823,2.5140805929715473,0.08415541066392729,6.320601227956167,1.0,1.0000000000000002,1.0,0.9999999999999996,5.320919962649577e-16,validation_target,0.60791015625,0.9999999999999996,False,"[1.0,1.0000000000000002,1.0,1.0,1.0,1.0,1.0,1.0]",1.0,1.0,98,1.0,False,1.0,False
0.564453125,Bcc3,diagnostic_counterfactual,NORMALIZER_ONLY_ROUNDTRIP,18.53777320861817,169418.1171124375,0.0010712923129487819,2.5140805929715473,0.08415541066392729,6.320601227956168,1.0,False,True,1.0000000000000002,False,1.0,False,0,diagnostic_counterfactual,0.9999999999999996,False,18.53777320861817,169418.1171124375,0.0010712923129487823,2.5140805929715473,0.08415541066392729,6.320601227956167,1.0,1.0000000000000002,1.0,0.9999999999999996,5.320919962649577e-16,validation_target,0.60791015625,0.9999999999999996,False,"[1.0,1.0000000000000002,1.0,1.0,1.0,1.0,1.0,1.0]",1.0,1.0,98,1.0,False,1.0,False
0.564453125,Bcc3,diagnostic_counterfactual,NONLINEAR_ONLY_ROUNDTRIP,18.53777320861817,169418.1171124375,0.001071292312948782,2.5140805929715473,0.08415541066392729,6.320601227956167,1.0,False,True,1.0,False,1.0,False,0,diagnostic_counterfactual,0.9999999999999998,False,18.53777320861817,169418.1171124375,0.0010712923129487823,2.5140805929715473,0.08415541066392729,6.320601227956167,1.0,1.0,1.0,0.9999999999999998,2.9491622675003497e-16,validation_target,0.60791015625,0.9999999999999998,False,"[1.0000000000000002,1.0000000000000002,1.0,1.0,1.0,1.0,1.0,1.0]",1.0,1.0,98,1.0,False,1.0,False
0.564453125,Bcc3,diagnostic_counterfactual,FLOAT64_REFERENCE,0.01079755544610649,0.10559367520770536,2.8297254454163086e-10,0.004171706688700679,7.95201468543268e-05,1.7403136696549983e-05,0.0005824623769313744,False,True,2.7533989360973293e-06,False,6.232726287332431e-07,False,0,diagnostic_counterfactual; full canonical calculation in CPU float64,2.6414130029808173e-07,False,18.53777320861817,169418.1171124375,0.0010712923129487823,2.5140805929715473,0.08415541066392729,6.320601227956167,-1.0659711332814818e-10,-9.521958139627327e-13,-2.1156432729782283e-13,-1.2989224814489438e-13,0.9992902910022832,validation_target,0.60791015625,2.6414130029808173e-07,False,"[5.86555046210666e-07,3.4995491882297805e-05,0.0008753367863475823,0.01434344599385006,0.1654604999037258,0.8166066393898633,1.0,1.0]",0.08990197294878793,1.0,98,0.001659336896503338,False,0.0009449201926170701,False
0.0,rho,diagnostic_counterfactual,CANONICAL_FULL,11.31892103947098,416292.98294467956,0.7359640926364757,3.859218833148126,0.15125999676167748,14.89357000212518,1.0000004355977627,False,True,0.9999999653564253,False,1.0000002075060632,False,0,frozen canonical tensor encode/decode,0.9999999740389498,False,11.318916108976447,416292.8965613794,0.7359641117428769,3.859218899996695,0.15125999840476492,14.893570518091703,0.0,0.0,0.0,0.0,8.960905366200996e-07,validation_target,0.0,0.9999999590301925,False,"[0.9999999771373138,0.9999998610575285,1.0000000418386594,0.9999999409230712,1.000000133325427,0.9999998330395309,0.9999998122446236,1.0000002485043153]",0.9999999590301925,1.0,98,0.9999999826782126,False,0.99999998913733,False
0.0,rho,diagnostic_counterfactual,NO_FINAL_INVERSE_CLAMP,11.318928466758074,416293.3762264471,0.7359647869475697,3.8592207544450208,0.15126006944399617,14.893584831539195,1.0000010917813602,False,True,1.000000961048761,False,1.000001152229768,False,0,diagnostic_counterfactual; actual float32 encoded state; inverse clamp bypassed,1.000000917442416,False,11.318916108976447,416292.8965613794,0.7359641117428769,3.859218899996695,0.15125999840476492,14.893570518091703,6.561835974583373e+23,28.741039139719778,9.447237048210155e+23,19.992330146596196,9.251578299541835e-07,validation_target,0.0,1.000000778112111,False,"[1.0000009877300764,1.0000007826228714,1.0000008470511192,1.0000007571164948,1.0000007736013505,1.0000004658494863,1.0000004474315056,1.000000907111429]",1.000000778112111,1.0,98,1.000000480524265,False,1.0000004696498215,False
0.0,rho,diagnostic_counterfactual,NO_SOFTCLIP_COUNTERFACTUAL,11.318916108976442,416292.8965613794,0.7359641117428769,3.859218899996695,0.15125999840476492,14.893570518091703,0.9999999999999996,False,True,1.0,False,1.0,False,0,diagnostic_counterfactual,1.0,False,11.318916108976447,416292.8965613794,0.7359641117428769,3.859218899996695,0.15125999840476492,14.893570518091703,-4.3559776319312955e+23,1.0,-2.0750606322117448e+23,1.0,9.271815501175282e-16,validation_target,0.0,1.0,False,"[0.9999999999999999,1.0,1.0,1.0,0.9999999999999998,0.9999999999999997,0.9999999999999998,1.0]",1.0,1.0,98,1.0,False,1.0,False
0.0,rho,diagnostic_counterfactual,NORMALIZER_ONLY_ROUNDTRIP,11.318916108976442,416292.8965613794,0.7359641117428769,3.859218899996695,0.15125999840476492,14.893570518091703,0.9999999999999996,False,True,1.0,False,1.0,False,0,diagnostic_counterfactual,1.0,False,11.318916108976447,416292.8965613794,0.7359641117428769,3.859218899996695,0.15125999840476492,14.893570518091703,-4.3559776319312955e+23,1.0,-2.0750606322117448e+23,1.0,9.271815501175282e-16,validation_target,0.0,1.0,False,"[0.9999999999999999,1.0,1.0,1.0,0.9999999999999998,0.9999999999999997,0.9999999999999998,1.0]",1.0,1.0,98,1.0,False,1.0,False
0.0,rho,diagnostic_counterfactual,NONLINEAR_ONLY_ROUNDTRIP,11.318916108976445,416292.8965613794,0.7359641117428769,3.859218899996695,0.15125999840476492,14.893570518091703,0.9999999999999999,False,True,1.0,False,1.0,False,0,diagnostic_counterfactual,1.0,False,11.318916108976447,416292.8965613794,0.7359641117428769,3.859218899996695,0.15125999840476492,14.893570518091703,-4.355977628600626e+23,1.0,-2.0750606322117448e+23,1.0,1.588282514074078e-16,validation_target,0.0,1.0,False,"[1.0,1.0,1.0,1.0,1.0,1.0,1.0,1.0]",1.0,1.0,98,1.0,False,1.0,False
0.0,rho,diagnostic_counterfactual,FLOAT64_REFERENCE,11.318916108976419,416292.89656137873,0.7359641117428768,3.859218899996692,0.1512599984047648,14.893570518091678,0.9999999999999974,False,True,0.9999999999999983,False,0.9999999999999983,False,0,diagnostic_counterfactual; full canonical calculation in CPU float64,0.9999999999999999,False,11.318916108976447,416292.8965613794,0.7359641117428769,3.859218899996695,0.15125999840476492,14.893570518091703,-4.355977653025533e+23,0.9999999519294832,-2.0750606488650902e+23,0.9999999756112908,1.7236247944275318e-15,validation_target,0.0,0.999999999999999,False,"[0.9999999999999981,0.9999999999999983,0.9999999999999988,0.9999999999999992,0.9999999999999993,0.9999999999999993,0.9999999999999987,0.9999999999999997]",0.999999999999999,1.0,98,0.9999999999999992,False,0.9999999999999992,False
0.0,press,diagnostic_counterfactual,CANONICAL_FULL,0.30865901986637,10240.75146225583,0.01036112501714843,0.4362326516316434,0.014517970824523838,0.19029892634957474,1.000000676845425,False,True,1.0000000089860919,False,0.9999999397082938,False,0,frozen canonical tensor encode/decode,0.9999999792445637,False,0.30865881095206593,10240.752079688245,0.010361125232198105,0.43623264967163006,0.014517970425078864,0.19029892463953113,0.0,0.0,0.0,0.0,9.466125534117054e-07,validation_target,0.0,0.9999999792445637,False,"[1.000000007312598,1.0000000684852897,1.000000008107411,1.0000000138664737,1.0000000435573917,1.0000000143976184,1.0000000797982929,1.0000000894871932]",1.000000028977505,1.0,98,1.000000004493046,False,1.0000000275138303,False
0.0,press,diagnostic_counterfactual,NO_FINAL_INVERSE_CLAMP,0.3086587102368806,10240.731176581508,0.010361107003982739,0.4362322443983166,0.014517957503951316,0.19029857105279263,0.9999996737005983,False,True,0.9999981419404278,False,0.9999979588308969,False,0,diagnostic_counterfactual; actual float32 encoded state; inverse clamp bypassed,0.9999982407108342,False,0.30865881095206593,10240.752079688245,0.010361125232198105,0.43623264967163006,0.014517970425078864,0.19029892463953113,-1.0031448267611154e+24,-1.8670456640723642e+24,-32.85489037036502,-83.76281316738019,1.2297250564844642e-06,validation_target,0.0,0.9999982407108342,False,"[0.9999981330107953,0.9999984204128195,0.9999985606429964,0.9999987465462885,0.9999989711358175,0.9999991687433321,0.9999991518998183,0.9999991587392277]",0.999998858841053,1.0,98,0.9999990709697824,False,0.999999109990779,False
0.0,press,diagnostic_counterfactual,NO_SOFTCLIP_COUNTERFACTUAL,0.30865881095206565,10240.752079688245,0.010361125232198105,0.4362326496716301,0.014517970425078866,0.19029892463953116,0.9999999999999991,False,True,1.0000000000000002,False,1.0,False,0,diagnostic_counterfactual,1.0,False,0.30865881095206593,10240.752079688245,0.010361125232198105,0.43623264967163006,0.014517970425078864,0.19029892463953113,-6.768454259287182e+23,-8.986091648566229e+21,1.0,1.0,9.584315471226866e-16,validation_target,0.0,1.0,False,"[1.0,0.9999999999999999,1.0000000000000002,1.0,1.0,1.0,0.9999999999999999,1.0000000000000002]",1.0,1.0,98,1.0000000000000002,False,1.0000000000000002,False
0.0,press,diagnostic_counterfactual,NORMALIZER_ONLY_ROUNDTRIP,0.30865881095206565,10240.752079688245,0.010361125232198105,0.4362326496716301,0.014517970425078866,0.19029892463953116,0.9999999999999991,False,True,1.0000000000000002,False,1.0,False,0,diagnostic_counterfactual,1.0,False,0.30865881095206593,10240.752079688245,0.010361125232198105,0.43623264967163006,0.014517970425078864,0.19029892463953113,-6.768454259287182e+23,-8.986091648566229e+21,1.0,1.0,9.584315471226866e-16,validation_target,0.0,1.0,False,"[1.0,0.9999999999999999,1.0000000000000002,1.0,1.0,1.0,0.9999999999999999,1.0000000000000002]",1.0,1.0,98,1.0000000000000002,False,1.0000000000000002,False
0.0,press,diagnostic_counterfactual,NONLINEAR_ONLY_ROUNDTRIP,0.30865881095206593,10240.752079688245,0.010361125232198105,0.43623264967163006,0.014517970425078864,0.19029892463953113,1.0,False,True,1.0,False,1.0,False,0,diagnostic_counterfactual,1.0,False,0.30865881095206593,10240.752079688245,0.010361125232198105,0.43623264967163006,0.014517970425078864,0.19029892463953113,-6.768454250405398e+23,-8.986091870610835e+21,1.0,1.0,1.2554478895303272e-16,validation_target,0.0,1.0,False,"[1.0,1.0,1.0000000000000002,1.0,1.0,1.0,0.9999999999999999,1.0000000000000002]",1.0,1.0,98,1.0,False,1.0,False
0.0,press,diagnostic_counterfactual,FLOAT64_REFERENCE,0.30865881095206554,10240.752079688224,0.0103611252321981,0.43623264967162967,0.014517970425078852,0.1902989246395308,0.9999999999999988,False,True,0.9999999999999982,False,0.9999999999999979,False,0,diagnostic_counterfactual; full canonical calculation in CPU float64,0.9999999999999994,False,0.30865881095206593,10240.752079688245,0.010361125232198105,0.43623264967163006,0.014517970425078864,0.19029892463953113,-6.76845426261785e+23,-8.986093646967673e+21,0.9999999650130361,0.999999973254645,1.8171676458482206e-15,validation_target,0.0,0.9999999999999994,False,"[0.9999999999999981,0.9999999999999988,0.9999999999999996,1.0000000000000002,0.9999999999999997,1.0,1.0,1.0000000000000002]",0.9999999999999998,1.0,98,0.9999999999999991,False,0.9999999999999991,False
0.0,vel1,diagnostic_counterfactual,CANONICAL_FULL,1.3323649865388874,952.3571429563463,0.033149538163375056,0.36240989307468496,0.02688244507684161,0.1313409305984046,1.0000000461715461,False,True,1.000000001251005,False,0.9999999939333414,False,0,frozen canonical tensor encode/decode,1.0000000001331155,False,1.3323649250215388,952.3571487339719,0.033149538158962336,0.3624098928479967,0.026882444928098343,0.13134093043409642,0.0,0.0,0.0,0.0,6.625105207568998e-08,validation_target,0.0,1.0000000001331155,False,"[1.000000000360709,0.9999999970430871,1.0000000019143616,1.0000000005698464,1.0000000013274402,1.000000005157542,1.0000000020529984,0.9999999963006019]",1.0000000009486434,1.0,98,1.0000000006255025,False,1.0000000055331004,False
0.0,vel1,diagnostic_counterfactual,NO_FINAL_INVERSE_CLAMP,1.3323650093535035,952.3571560266473,0.03314953862493919,0.36240989568828763,0.02688244518790761,0.13134093249279552,1.000000063294945,False,True,1.000000015674467,False,1.0000000076575006,False,0,diagnostic_counterfactual; actual float32 encoded state; inverse clamp bypassed,1.0000000140568128,False,1.3323649250215388,952.3571487339719,0.033149538158962336,0.3624098928479967,0.026882444928098343,0.13134093043409642,1.7123398921015108e+22,1.442346198032851e+22,2.2622270533661553,1.3923697306239544e+22,5.0433425643254143e-08,validation_target,0.0,1.0000000140568128,False,"[1.000000015886822,1.0000000141023333,1.0000000159137221,1.0000000141759955,1.0000000174952177,1.0000000177660837,1.000000015817287,1.0000000116366559]",1.0000000158520546,1.0,98,1.0000000078372335,False,1.0000000096646442,False
0.0,vel1,diagnostic_counterfactual,NO_SOFTCLIP_COUNTERFACTUAL,1.3323649250215388,952.3571487339719,0.033149538158962336,0.3624098928479967,0.026882444928098343,0.13134093043409642,1.0,False,True,1.0,False,1.0,False,0,diagnostic_counterfactual,1.0,False,1.3323649250215388,952.3571487339719,0.033149538158962336,0.3624098928479967,0.026882444928098343,0.13134093043409642,-4.617154614194874e+22,-1.2510050773073543e+21,1.0,-1.3311551860795133e+20,2.170401237712736e-17,validation_target,0.0,1.0,False,"[1.0,1.0,1.0,1.0,1.0,1.0,1.0,1.0]",1.0,1.0,98,1.0,False,1.0,False
0.0,vel1,diagnostic_counterfactual,NORMALIZER_ONLY_ROUNDTRIP,1.3323649250215388,952.3571487339719,0.033149538158962336,0.3624098928479967,0.026882444928098343,0.13134093043409642,1.0,False,True,1.0,False,1.0,False,0,diagnostic_counterfactual,1.0,False,1.3323649250215388,952.3571487339719,0.033149538158962336,0.3624098928479967,0.026882444928098343,0.13134093043409642,-4.617154614194874e+22,-1.2510050773073543e+21,1.0,-1.3311551860795133e+20,2.170401237712736e-17,validation_target,0.0,1.0,False,"[1.0,1.0,1.0,1.0,1.0,1.0,1.0,1.0]",1.0,1.0,98,1.0,False,1.0,False
0.0,vel1,diagnostic_counterfactual,NONLINEAR_ONLY_ROUNDTRIP,1.3323649250215388,952.3571487339719,0.033149538158962336,0.3624098928479967,0.026882444928098343,0.13134093043409642,1.0,False,True,1.0,False,1.0,False,0,diagnostic_counterfactual,1.0,False,1.3323649250215388,952.3571487339719,0.033149538158962336,0.3624098928479967,0.026882444928098343,0.13134093043409642,-4.617154614194874e+22,-1.2510050773073543e+21,1.0,-1.3311551860795133e+20,0.0,validation_target,0.0,1.0,False,"[1.0,1.0,1.0,1.0,1.0,1.0,1.0,1.0]",1.0,1.0,98,1.0,False,1.0,False
0.0,vel1,diagnostic_counterfactual,FLOAT64_REFERENCE,1.3323649250215388,952.3571487339718,0.033149538158962336,0.3624098928479967,0.026882444928098343,0.13134093043409642,1.0,False,True,1.0,False,0.9999999999999999,False,0,diagnostic_counterfactual; full canonical calculation in CPU float64,1.0,False,1.3323649250215388,952.3571487339719,0.033149538158962336,0.3624098928479967,0.026882444928098343,0.13134093043409642,-4.617154614194874e+22,-1.2510050773073543e+21,0.9999999816995963,-1.3311551860795133e+20,1.1746985235583354e-16,validation_target,0.0,1.0,False,"[0.9999999999999998,1.0,0.9999999999999999,1.0,1.0,1.0,0.9999999999999999,0.9999999999999999]",1.0,1.0,98,1.0,False,1.0,False
0.03179168701171875,vel2,diagnostic_counterfactual,CANONICAL_FULL,0.07146307080984116,1.0955181001494583,2.6150721597783812e-08,0.009591269950521588,0.0006397652759708958,9.199245926377837e-05,0.7447471516768617,False,True,0.5745018251550316,False,0.30429915350808545,False,0,frozen canonical tensor encode/decode,0.5191331253908065,False,0.09595615189522506,3.6001352206204857,5.037382574671457e-08,0.012654075117336726,0.0008309007726342929,0.00016012561707520048,0.0,0.0,0.0,0.0,0.35961028564439346,validation_target,0.056751251220703125,0.5191331253908065,False,"[0.4968981554196821,0.9999999998084328,0.9999999987182862,0.9999999978367343,1.0000000015670314,1.000000000077239,0.9999999995570921,0.9999999935192913]",0.9999999991376891,1.0,98,0.7579589864597106,False,0.7699659177624544,False
0.03179168701171875,vel2,diagnostic_counterfactual,NO_FINAL_INVERSE_CLAMP,0.09595626851238263,3.6002594476383374,5.038178547204319e-08,0.012654135089215073,0.0008309094175511228,0.00016012713485610418,1.0000012153171554,False,True,1.0000094786888658,False,1.0000345062088614,False,0,diagnostic_counterfactual; actual float32 encoded state; inverse clamp bypassed,1.0001580131191274,False,0.09595615189522506,3.6001352206204857,5.037382574671457e-08,0.012654075117336726,0.0008309007726342929,0.00016012561707520048,1.0000047612285752,1.0000222766851332,1.000049599204939,1.000000015498123,0.00017402825013470481,validation_target,0.056751251220703125,1.000000007452534,False,"[1.0000111781076906,1.0000000091399206,1.000000007707938,1.0000000071971298,1.0000000071633328,1.0000000078701168,1.0000000071819093,0.99999999950774]",1.000000007452534,1.0,98,1.0000047393332023,False,1.000010404271021,False
0.03179168701171875,vel2,diagnostic_counterfactual,NO_SOFTCLIP_COUNTERFACTUAL,0.09595615189522506,3.6001352206204857,5.037382574671457e-08,0.012654075117336726,0.0008309007726342929,0.00016012561707520048,1.0,False,True,1.0,False,1.0,False,0,diagnostic_counterfactual,1.0,False,0.09595615189522506,3.6001352206204857,5.037382574671457e-08,0.012654075117336726,0.0008309007726342929,0.00016012561707520048,1.0,1.0,1.0,1.0,5.15563482723714e-17,validation_target,0.056751251220703125,1.0,False,"[1.0,1.0,1.0,1.0,1.0,1.0,1.0,1.0]",1.0,1.0,98,1.0,False,1.0,False
0.03179168701171875,vel2,diagnostic_counterfactual,NORMALIZER_ONLY_ROUNDTRIP,0.09595615189522506,3.6001352206204857,5.037382574671457e-08,0.012654075117336726,0.0008309007726342929,0.00016012561707520048,1.0,False,True,1.0,False,1.0,False,0,diagnostic_counterfactual,1.0,False,0.09595615189522506,3.6001352206204857,5.037382574671457e-08,0.012654075117336726,0.0008309007726342929,0.00016012561707520048,1.0,1.0,1.0,1.0,5.15563482723714e-17,validation_target,0.056751251220703125,1.0,False,"[1.0,1.0,1.0,1.0,1.0,1.0,1.0,1.0]",1.0,1.0,98,1.0,False,1.0,False
0.03179168701171875,vel2,diagnostic_counterfactual,NONLINEAR_ONLY_ROUNDTRIP,0.09595615189522506,3.6001352206204857,5.037382574671457e-08,0.012654075117336726,0.0008309007726342929,0.00016012561707520048,1.0,False,True,1.0,False,1.0,False,0,diagnostic_counterfactual,1.0,False,0.09595615189522506,3.6001352206204857,5.037382574671457e-08,0.012654075117336726,0.0008309007726342929,0.00016012561707520048,1.0,1.0,1.0,1.0,0.0,validation_target,0.056751251220703125,1.0,False,"[1.0,1.0,1.0,1.0,1.0,1.0,1.0,1.0]",1.0,1.0,98,1.0,False,1.0,False
0.03179168701171875,vel2,diagnostic_counterfactual,FLOAT64_REFERENCE,0.07146305821902146,1.0955178373958627,2.615066963590812e-08,0.009591269187002753,0.0006397652367408219,9.199244461754844e-05,0.7447470204625576,False,True,0.5745017336879059,False,0.30429908052371696,False,0,diagnostic_counterfactual; full canonical calculation in CPU float64,0.519132093865507,False,0.09595615189522506,3.6001352206204857,5.037382574671457e-08,0.012654075117336726,0.0008309007726342929,0.00016012561707520048,-5.140561797872243e-07,-2.1496478964841798e-07,-1.0490768965031338e-07,-2.145136947412142e-06,0.3596103586019899,validation_target,0.056751251220703125,0.519132093865507,False,"[0.4968980473060356,0.9999999999999999,1.0,1.0,0.9999999999999998,1.0,1.0,1.0]",1.0,1.0,98,0.7579589261219278,False,0.7699658705485448,False
0.43019866943359375,vel3,diagnostic_counterfactual,CANONICAL_FULL,0.10325983865186572,6.746742120126871,0.0016484740965957674,0.04546459037666772,0.0011323059884281814,0.0020670289781181865,0.07933857224094401,False,True,0.02220823525975091,False,0.005112735832981151,False,0,frozen canonical tensor encode/decode,0.018402428702669945,False,1.3015086575830355,1319.5952892001771,0.08957915953542567,0.3050817703303101,0.011460045662155355,0.09307488658787608,0.0,0.0,0.0,0.0,0.8571407777555684,validation_target,0.517669677734375,0.018402428702669945,False,"[0.0,0.0,0.02540938226396303,0.3060180226480719,0.7676077913021562,0.9830318641362981,0.9999999980732934,0.999999994573197]",0.536812906975114,1.0,98,0.14902427741730848,False,0.09880466638692452,False
0.43019866943359375,vel3,diagnostic_counterfactual,NO_FINAL_INVERSE_CLAMP,,,,,,,,,False,,,,,53893,diagnostic_counterfactual; actual float32 encoded state; inverse clamp bypassed,,,,,,,,,,,,,,validation_target,0.517669677734375,,,,,,98,,,,
0.43019866943359375,vel3,diagnostic_counterfactual,NO_SOFTCLIP_COUNTERFACTUAL,1.3015086575830355,1319.5952892001771,0.08957915953542567,0.3050817703303101,0.011460045662155355,0.09307488658787608,1.0,False,True,1.0,False,1.0,False,0,diagnostic_counterfactual,1.0,False,1.3015086575830355,1319.5952892001771,0.08957915953542567,0.3050817703303101,0.011460045662155355,0.09307488658787608,1.0,1.0,1.0,1.0,3.9265756559926256e-17,validation_target,0.517669677734375,1.0,False,"[1.0,1.0,0.9999999999999999,1.0,1.0,1.0,1.0000000000000002,1.0]",1.0,1.0,98,1.0,False,1.0,False
0.43019866943359375,vel3,diagnostic_counterfactual,NORMALIZER_ONLY_ROUNDTRIP,1.3015086575830355,1319.5952892001771,0.08957915953542567,0.3050817703303101,0.011460045662155355,0.09307488658787608,1.0,False,True,1.0,False,1.0,False,0,diagnostic_counterfactual,1.0,False,1.3015086575830355,1319.5952892001771,0.08957915953542567,0.3050817703303101,0.011460045662155355,0.09307488658787608,1.0,1.0,1.0,1.0,3.9265756559926256e-17,validation_target,0.517669677734375,1.0,False,"[1.0,1.0,0.9999999999999999,1.0,1.0,1.0,1.0000000000000002,1.0]",1.0,1.0,98,1.0,False,1.0,False
0.43019866943359375,vel3,diagnostic_counterfactual,NONLINEAR_ONLY_ROUNDTRIP,1.3015086575830355,1319.5952892001771,0.08957915953542567,0.3050817703303101,0.011460045662155355,0.09307488658787608,1.0,False,True,1.0,False,1.0,False,0,diagnostic_counterfactual,1.0,False,1.3015086575830355,1319.5952892001771,0.08957915953542567,0.3050817703303101,0.011460045662155355,0.09307488658787608,1.0,1.0,1.0,1.0,0.0,validation_target,0.517669677734375,1.0,False,"[1.0,1.0,1.0,1.0,1.0,1.0,1.0,1.0]",1.0,1.0,98,1.0,False,1.0,False
0.43019866943359375,vel3,diagnostic_counterfactual,FLOAT64_REFERENCE,0.1032598194342359,6.7467394663436755,0.0016484734539048734,0.04546458199493401,0.0011323057839217885,0.0020670282159740774,0.07933855747528747,False,True,0.02220822707124661,False,0.005112733821922748,False,0,diagnostic_counterfactual; full canonical calculation in CPU float64,0.01840242152811174,False,1.3015086575830355,1319.5952892001771,0.08957915953542567,0.3050817703303101,0.011460045662155355,0.09307488658787608,-1.603809619853427e-08,-8.374486876435387e-09,-2.021393252856066e-09,-7.309062709883289e-09,0.8571408022729669,validation_target,0.517669677734375,0.01840242152811174,False,"[1.0673723599781443e-32,6.638097293905807e-32,0.02540935741157116,0.30601785816298466,0.7676075856447923,0.9830318168378952,1.0000000000000002,0.9999999999999998]",0.5368127219038885,1.0,98,0.14902424994358002,False,0.09880464854176065,False
0.0,Bcc1,diagnostic_counterfactual,CANONICAL_FULL,11.567080917358428,44093.1943718476,0.00011469444291403526,1.6284774380868083,0.04481926763166877,2.651938766357775,0.9999997295730069,False,True,1.000000002478637,False,0.9999999783609873,False,0,frozen canonical tensor encode/decode,0.9999999036701918,False,11.567084045410185,44093.195325980814,0.00011469445396253003,1.6284774360686063,0.04481926780632162,2.6519387597845814,0.0,0.0,0.0,0.0,6.355529305645764e-07,validation_target,0.0,0.9999999036701918,False,"[1.000000001675823,1.0000000101179638,1.0000000022546822,1.000000005622971,1.0000000091118908,0.999999997514531,1.0000000356232588,0.9999999964778626]",1.0000000039388266,1.0,99,1.0000000012393184,False,0.9999999961031749,False
0.0,Bcc1,diagnostic_counterfactual,NO_FINAL_INVERSE_CLAMP,11.567080003533679,44093.17746474264,0.00011469430471800785,1.6284771158116491,0.044819259316615075,2.651937716722227,0.9999996505708362,False,True,0.9999996066793208,False,0.9999995949207573,False,0,diagnostic_counterfactual; actual float32 encoded state; inverse clamp bypassed,0.9999986987642644,False,11.567084045410185,44093.195325980814,0.00011469445396253003,1.6284774360686063,0.04481926780632162,2.6519387597845814,-0.2921386278021507,-3.95799316321721e+23,-17.71985789995048,-12.50813169219508,5.489697994095729e-07,validation_target,0.0,0.9999986987642644,False,"[0.9999996025720439,0.9999996367071271,0.9999996779221957,0.9999997059677795,0.9999997469510136,0.9999997919045844,0.9999998036013771,0.9999998216525847]",0.9999997264593965,1.0,99,0.999999803339641,False,0.9999998105790889,False
0.0,Bcc1,diagnostic_counterfactual,NO_SOFTCLIP_COUNTERFACTUAL,11.567084045410187,44093.195325980814,0.0001146944539625299,1.6284774360686063,0.04481926780632162,2.6519387597845814,1.0000000000000002,False,True,1.0,False,1.0,False,0,diagnostic_counterfactual,0.9999999999999989,False,11.567084045410185,44093.195325980814,0.00011469445396253003,1.6284774360686063,0.04481926780632162,2.6519387597845814,1.000000000821089,-2.4786370733664853e+21,1.0,0.9999999884747718,6.55812023648363e-16,validation_target,0.0,0.9999999999999989,False,"[1.0000000000000002,0.9999999999999999,0.9999999999999999,1.0,0.9999999999999999,1.0,1.0,1.0]",1.0,1.0,99,1.0,False,1.0,False
0.0,Bcc1,diagnostic_counterfactual,NORMALIZER_ONLY_ROUNDTRIP,11.567084045410187,44093.195325980814,0.0001146944539625299,1.6284774360686063,0.04481926780632162,2.6519387597845814,1.0000000000000002,False,True,1.0,False,1.0,False,0,diagnostic_counterfactual,0.9999999999999989,False,11.567084045410185,44093.195325980814,0.00011469445396253003,1.6284774360686063,0.04481926780632162,2.6519387597845814,1.000000000821089,-2.4786370733664853e+21,1.0,0.9999999884747718,6.55812023648363e-16,validation_target,0.0,0.9999999999999989,False,"[1.0000000000000002,0.9999999999999999,0.9999999999999999,1.0,0.9999999999999999,1.0,1.0,1.0]",1.0,1.0,99,1.0,False,1.0,False
0.0,Bcc1,diagnostic_counterfactual,NONLINEAR_ONLY_ROUNDTRIP,11.56708404541018,44093.195325980814,0.00011469445396253003,1.6284774360686063,0.04481926780632162,2.6519387597845814,0.9999999999999996,False,True,1.0,False,1.0,False,0,diagnostic_counterfactual,1.0,False,11.567084045410185,44093.195325980814,0.00011469445396253003,1.6284774360686063,0.04481926780632162,2.6519387597845814,0.9999999983578222,-2.4786370733664853e+21,1.0,1.0,3.093383940225789e-16,validation_target,0.0,1.0,False,"[1.0,0.9999999999999999,0.9999999999999999,1.0,1.0,1.0,1.0,1.0]",1.0,1.0,99,1.0,False,1.0,False
0.0,Bcc1,diagnostic_counterfactual,FLOAT64_REFERENCE,11.567084045410189,44093.195325980785,0.00011469445396253001,1.6284774360686058,0.04481926780632161,2.6519387597845805,1.0000000000000002,False,True,0.9999999999999997,False,0.9999999999999993,False,0,diagnostic_counterfactual; full canonical calculation in CPU float64,0.9999999999999999,False,11.567084045410185,44093.195325980814,0.00011469445396253003,1.6284774360686063,0.04481926780632162,2.6519387597845814,1.000000000821089,-2.4786374064333925e+21,0.9999999692160717,0.9999999988474771,1.21186434014051e-15,validation_target,0.0,0.9999999999999999,False,"[0.9999999999999994,1.0000000000000002,1.0000000000000002,0.9999999999999998,0.9999999999999997,1.0,1.0,1.0000000000000002]",1.0,1.0,99,0.9999999999999998,False,0.9999999999999999,False
0.09614944458007812,Bcc2,diagnostic_counterfactual,CANONICAL_FULL,0.13481904193758965,2.750782596182772,0.00014208858574735753,0.022839458956769757,0.0009254299291169108,0.0005216408854379703,0.12978001795396765,False,True,0.022208633807539464,False,0.0035479215992314976,False,0,frozen canonical tensor encode/decode,0.011236696783103923,False,1.038827425539495,775.3222610044735,0.01264504938506566,0.15325861274082556,0.0064257448973961155,0.02348820237924234,0.0,0.0,0.0,0.0,0.913162424311197,validation_target,0.24973678588867188,0.011236696783103923,False,"[0.01911468284699546,0.954860690695225,1.0000000052060976,0.9999999917015743,0.9999999879392067,1.000000017855113,1.0000002178029606,0.9999999394006676]",0.9999999898203905,1.0,99,0.14902561460211955,False,0.14401908944314298,False
0.09614944458007812,Bcc2,diagnostic_counterfactual,NO_FINAL_INVERSE_CLAMP,1.0389123016193038,775.3210237231682,0.012645037146183691,0.15325853579362328,0.006425770747991652,0.023488178793605305,1.0000817037341547,False,True,0.999998995851762,False,0.9999984041715716,False,0,diagnostic_counterfactual; actual float32 encoded state; inverse clamp bypassed,0.9999990321206667,False,1.038827425539495,775.3222610044735,0.01264504938506566,0.15325861274082556,0.0064257448973961155,0.02348820237924234,1.000093888598102,0.9999989730444829,0.9999983984895381,0.9999990211213036,8.928318941966624e-05,validation_target,0.24973678588867188,0.9999990321206667,False,"[0.9999988617248766,0.9999997250789777,0.9999998356747337,0.9999998997330576,0.9999997879159465,0.9999998550395359,1.0000000258520632,0.9999998147794373]",0.9999998252270855,1.0,99,0.999999497925755,False,1.0000040229725813,False
0.09614944458007812,Bcc2,diagnostic_counterfactual,NO_SOFTCLIP_COUNTERFACTUAL,1.0388274255394951,775.3222610044735,0.01264504938506566,0.15325861274082556,0.0064257448973961155,0.023488202379242335,1.0000000000000002,False,True,0.9999999999999999,False,1.0,False,0,diagnostic_counterfactual,1.0,False,1.038827425539495,775.3222610044735,0.01264504938506566,0.15325861274082556,0.0064257448973961155,0.02348820237924234,1.0000000000000002,0.9999999999999999,1.0,1.0,2.931135094920216e-16,validation_target,0.24973678588867188,1.0,False,"[1.0,1.0,1.0,1.0000000000000002,1.0,1.0,1.0,1.0]",1.0,1.0,99,1.0,False,1.0,False
0.09614944458007812,Bcc2,diagnostic_counterfactual,NORMALIZER_ONLY_ROUNDTRIP,1.0388274255394951,775.3222610044735,0.01264504938506566,0.15325861274082556,0.0064257448973961155,0.023488202379242335,1.0000000000000002,False,True,0.9999999999999999,False,1.0,False,0,diagnostic_counterfactual,1.0,False,1.038827425539495,775.3222610044735,0.01264504938506566,0.15325861274082556,0.0064257448973961155,0.02348820237924234,1.0000000000000002,0.9999999999999999,1.0,1.0,2.931135094920216e-16,validation_target,0.24973678588867188,1.0,False,"[1.0,1.0,1.0,1.0000000000000002,1.0,1.0,1.0,1.0]",1.0,1.0,99,1.0,False,1.0,False
0.09614944458007812,Bcc2,diagnostic_counterfactual,NONLINEAR_ONLY_ROUNDTRIP,1.0388274255394951,775.3222610044735,0.01264504938506566,0.15325861274082556,0.0064257448973961155,0.023488202379242335,1.0000000000000002,False,True,0.9999999999999999,False,1.0,False,0,diagnostic_counterfactual,1.0,False,1.038827425539495,775.3222610044735,0.01264504938506566,0.15325861274082556,0.0064257448973961155,0.02348820237924234,1.0000000000000002,0.9999999999999999,1.0,1.0,2.9172288453032973e-16,validation_target,0.24973678588867188,1.0,False,"[1.0,1.0,1.0,1.0,1.0,1.0,1.0,1.0]",1.0,1.0,99,1.0,False,1.0,False
0.09614944458007812,Bcc2,diagnostic_counterfactual,FLOAT64_REFERENCE,0.13481894023784463,2.7507785202349857,0.00014208840721653034,0.02283944549835334,0.000925429450136601,0.0005216402706722527,0.12977992005537303,False,True,0.022208607634156434,False,0.0035479163421300425,False,0,diagnostic_counterfactual; full canonical calculation in CPU float64,0.011236682664469684,False,1.038827425539495,775.3222610044735,0.01264504938506566,0.15325861274082556,0.0064257448973961155,0.02348820237924234,-1.1249867463358241e-07,-2.6767860645229022e-08,-5.275819649601711e-09,-1.4279083976135022e-08,0.913162492023616,validation_target,0.24973678588867188,0.011236682664469684,False,"[0.019114656978847507,0.9548605273943217,1.0000000000000009,0.9999999999999999,1.0,0.9999999999999998,1.0,1.0]",1.0,1.0,99,0.14902552678704556,False,0.1440190149023205,False
0.584716796875,Bcc3,diagnostic_counterfactual,CANONICAL_FULL,0.010797557421028614,0.10730413072857851,2.5069244993167834e-10,0.004223893276156768,7.862730733562198e-05,1.7841274408362357e-05,0.0005602322385008544,False,True,2.659712502511997e-06,False,6.00783940664061e-07,False,0,frozen canonical tensor encode/decode,6.993426719870126e-07,False,19.27335965156555,178606.855918906,0.00035846868777418734,2.5899751017166492,0.08743753765237533,6.7079710275121665,0.0,0.0,0.0,0.0,0.9993078698374763,validation_target,0.622314453125,6.993426719870126e-07,False,"[5.528501428661108e-07,3.229141189756038e-05,0.00079567126146768,0.01188213240672459,0.11327118997548628,0.6863128747479345,0.9999999891273912,0.9999999297331407]",0.06257666119110544,1.0,99,0.0016308625026384034,False,0.0008992397252564441,False
0.584716796875,Bcc3,diagnostic_counterfactual,NO_FINAL_INVERSE_CLAMP,,,,,,,,,False,,,,,116243,diagnostic_counterfactual; actual float32 encoded state; inverse clamp bypassed,,,,,,,,,,,,,,validation_target,0.622314453125,,,,,,99,,,,
0.584716796875,Bcc3,diagnostic_counterfactual,NO_SOFTCLIP_COUNTERFACTUAL,19.273359651565553,178606.855918906,0.00035846868777418854,2.5899751017166492,0.08743753765237533,6.7079710275121665,1.0000000000000002,False,True,1.0,False,1.0,False,0,diagnostic_counterfactual,1.0000000000000033,False,19.27335965156555,178606.855918906,0.00035846868777418734,2.5899751017166492,0.08743753765237533,6.7079710275121665,1.0000000000000002,1.0,1.0,1.0,5.320640483342331e-16,validation_target,0.622314453125,1.0,False,"[1.0,1.0,1.0,1.0000000000000002,1.0,1.0,1.0,1.0]",1.0,1.0,99,1.0,False,1.0,False
0.584716796875,Bcc3,diagnostic_counterfactual,NORMALIZER_ONLY_ROUNDTRIP,19.273359651565553,178606.855918906,0.00035846868777418854,2.5899751017166492,0.08743753765237533,6.7079710275121665,1.0000000000000002,False,True,1.0,False,1.0,False,0,diagnostic_counterfactual,1.0000000000000033,False,19.27335965156555,178606.855918906,0.00035846868777418734,2.5899751017166492,0.08743753765237533,6.7079710275121665,1.0000000000000002,1.0,1.0,1.0,5.320640483342331e-16,validation_target,0.622314453125,1.0,False,"[1.0,1.0,1.0,1.0000000000000002,1.0,1.0,1.0,1.0]",1.0,1.0,99,1.0,False,1.0,False
0.584716796875,Bcc3,diagnostic_counterfactual,NONLINEAR_ONLY_ROUNDTRIP,19.273359651565553,178606.855918906,0.0003584686877741875,2.5899751017166492,0.08743753765237532,6.7079710275121665,1.0000000000000002,False,True,1.0,False,1.0,False,0,diagnostic_counterfactual,1.0000000000000004,False,19.27335965156555,178606.855918906,0.00035846868777418734,2.5899751017166492,0.08743753765237533,6.7079710275121665,1.0000000000000002,1.0,1.0,1.0,2.954653834307217e-16,validation_target,0.622314453125,1.0,False,"[1.0,1.0,1.0,1.0000000000000002,1.0000000000000002,1.0,1.0,1.0]",1.0,1.0,99,1.0,False,0.9999999999999999,False
0.584716796875,Bcc3,diagnostic_counterfactual,FLOAT64_REFERENCE,0.01079755544610649,0.1073040945960459,2.5069230483070355e-10,0.004223892538943161,7.862729573164267e-05,1.7841268180539703e-05,0.0005602321360318423,False,True,2.6597115740907757e-06,False,6.007837383620137e-07,False,0,diagnostic_counterfactual; full canonical calculation in CPU float64,6.993422672069587e-07,False,19.27335965156555,178606.855918906,0.00035846868777418734,2.5899751017166492,0.08743753765237533,6.7079710275121665,-1.02526450739562e-10,-9.284236907561368e-13,-2.0230216882180378e-13,-4.0478033698619155e-13,0.9993078699638704,validation_target,0.622314453125,6.993422672069587e-07,False,"[5.528499406285426e-07,3.2291400085070684e-05,0.0007956709704039569,0.011882128101470057,0.11327115495593407,0.6863127591799595,1.0000000000000002,1.0]",0.06257664152870206,1.0,99,0.0016308622179972087,False,0.0008992395925448008,False
0.0,rho,diagnostic_counterfactual,CANONICAL_FULL,11.275297060166846,442897.80624250066,0.728678851999259,3.94375211847741,0.15629070811871554,15.55318077199506,1.0000006368940126,False,True,0.9999999499562858,False,0.9999998833546678,False,0,frozen canonical tensor encode/decode,0.9999999590528403,False,11.275289879002232,442897.85790446843,0.7286788818365895,3.9437522171574155,0.1562907109577302,15.553181550334031,0.0,0.0,0.0,0.0,8.828064009589523e-07,validation_target,0.0,0.9999999590528403,False,"[0.999999933616745,1.0000000697721203,1.000000016155396,1.00000001383202,1.000000144890926,1.0000000412813057,1.0000000854808972,1.000000134832353]",1.000000055526713,1.0,99,0.9999999749781426,False,0.999999981835039,False
0.0,rho,diagnostic_counterfactual,NO_FINAL_INVERSE_CLAMP,11.275304618654602,442898.23547724175,0.7286795158845347,3.9437540207052706,0.15629077989566173,15.553195775828987,1.000001307252632,False,True,1.0000009146356912,False,1.0000008525053048,False,0,diagnostic_counterfactual; actual float32 encoded state; inverse clamp bypassed,1.000000870133554,False,11.275289879002232,442897.85790446843,0.7286788818365895,3.9437522171574155,0.1562907109577302,15.553181550334031,6.703586192813304e+23,19.276734776922133,8.308524815580222,18.321586478249372,9.137196469969261e-07,validation_target,0.0,1.0000007092697671,False,"[1.0000009150430114,1.000000943054274,1.0000008369174833,1.0000007452447004,1.0000006732948339,1.0000006399624544,1.0000006720715635,1.000000660970757]",1.0000007092697671,1.0,99,1.000000457317741,False,1.0000004410878363,False
0.0,rho,diagnostic_counterfactual,NO_SOFTCLIP_COUNTERFACTUAL,11.275289879002228,442897.8579044684,0.7286788818365895,3.943752217157415,0.1562907109577302,15.553181550334028,0.9999999999999997,False,True,0.9999999999999998,False,0.9999999999999999,False,0,diagnostic_counterfactual,1.0,False,11.275289879002232,442897.85790446843,0.7286788818365895,3.9437522171574155,0.1562907109577302,15.553181550334031,-6.36894012973066e+23,0.9999999955629871,0.9999999990482062,1.0,8.750010194415255e-16,validation_target,0.0,1.0,False,"[1.0,1.0,1.0,1.0,1.0,0.9999999999999998,0.9999999999999999,1.0000000000000002]",1.0,1.0,99,0.9999999999999999,False,1.0,False
0.0,rho,diagnostic_counterfactual,NORMALIZER_ONLY_ROUNDTRIP,11.275289879002228,442897.8579044684,0.7286788818365895,3.943752217157415,0.1562907109577302,15.553181550334028,0.9999999999999997,False,True,0.9999999999999998,False,0.9999999999999999,False,0,diagnostic_counterfactual,1.0,False,11.275289879002232,442897.85790446843,0.7286788818365895,3.9437522171574155,0.1562907109577302,15.553181550334031,-6.36894012973066e+23,0.9999999955629871,0.9999999990482062,1.0,8.750010194415255e-16,validation_target,0.0,1.0,False,"[1.0,1.0,1.0,1.0,1.0,0.9999999999999998,0.9999999999999999,1.0000000000000002]",1.0,1.0,99,0.9999999999999999,False,1.0,False
0.0,rho,diagnostic_counterfactual,NONLINEAR_ONLY_ROUNDTRIP,11.275289879002232,442897.85790446843,0.7286788818365895,3.9437522171574155,0.1562907109577302,15.553181550334031,1.0,False,True,1.0,False,1.0,False,0,diagnostic_counterfactual,1.0,False,11.275289879002232,442897.85790446843,0.7286788818365895,3.9437522171574155,0.1562907109577302,15.553181550334031,-6.36894012639999e+23,1.0,1.0,1.0,1.8108527887764552e-16,validation_target,0.0,1.0,False,"[1.0,1.0,1.0,1.0,1.0,1.0,1.0,1.0]",1.0,1.0,99,1.0,False,1.0,False
0.0,rho,diagnostic_counterfactual,FLOAT64_REFERENCE,11.275289879002205,442897.8579044676,0.7286788818365891,3.943752217157412,0.1562907109577301,15.553181550334003,0.9999999999999977,False,True,0.9999999999999982,False,0.9999999999999981,False,0,diagnostic_counterfactual; full canonical calculation in CPU float64,0.9999999999999996,False,11.275289879002232,442897.85790446843,0.7286788818365895,3.9437522171574155,0.1562907109577302,15.553181550334031,-6.368940149714674e+23,0.9999999645038968,0.9999999838195056,0.9999999810205122,1.6993305061469125e-15,validation_target,0.0,0.9999999999999992,False,"[0.9999999999999983,0.9999999999999988,0.9999999999999987,0.9999999999999991,0.9999999999999993,0.9999999999999994,0.9999999999999994,0.9999999999999997]",0.9999999999999992,1.0,99,0.9999999999999991,False,0.9999999999999993,False
0.0,press,diagnostic_counterfactual,CANONICAL_FULL,0.3410813895780821,12228.72611910377,0.013166879449582808,0.4760363845035809,0.015955152873818986,0.2266106393712411,1.0000005600802526,False,True,1.0000000427441718,False,1.0000001069824538,False,0,frozen canonical tensor encode/decode,1.000000021648264,False,0.3410811985452382,12228.724810844784,0.01316687916454273,0.4760363743296907,0.015955152170953113,0.22661062968495743,0.0,0.0,0.0,0.0,9.626611711593773e-07,validation_target,0.0,0.999999969486195,False,"[1.0000000442150938,0.9999999555431458,0.9999999364052387,0.9999999955267593,0.999999983429244,1.0000001715263067,0.999999889252878,0.9999998696134177]",0.999999969486195,1.0,99,1.0000000213720857,False,1.000000044052596,False
0.0,press,diagnostic_counterfactual,NO_FINAL_INVERSE_CLAMP,0.34108094167944336,12228.704055638644,0.013166857344604566,0.47603596549755467,0.01595513918824085,0.22661024044718905,0.9999992469072,False,True,0.9999982823499104,False,0.9999983027497583,False,0,diagnostic_counterfactual; actual float32 encoded state; inverse clamp bypassed,0.999998342816252,False,0.3410811985452382,12228.724810844784,0.01316687916454273,0.4760363743296907,0.015955152170953113,0.22661062968495743,-1.3131730526305673e+24,-1.760394261363096e+24,-1.804232695468144e+24,-53.30931166816925,1.170521382464694e-06,validation_target,0.0,0.999998342816252,False,"[0.9999982781458997,0.999998419072922,0.9999985579726649,0.9999986794081285,0.999998947325675,0.9999990681026321,0.9999989827896191,0.9999989642052541]",0.9999988133669018,1.0,99,0.9999991411745864,False,0.9999991862996903,False
0.0,press,diagnostic_counterfactual,NO_SOFTCLIP_COUNTERFACTUAL,0.3410811985452383,12228.72481084478,0.01316687916454273,0.4760363743296907,0.01595515217095311,0.22661062968495743,1.0000000000000002,False,True,1.0,False,0.9999999999999997,False,0,diagnostic_counterfactual,1.0,False,0.3410811985452382,12228.724810844784,0.01316687916454273,0.4760363743296907,0.015955152170953113,0.22661062968495743,-5.600802523986203e+23,-4.2744171757647105e+22,-1.0698245411777661e+23,1.0,1.021315291116308e-15,validation_target,0.0,1.0,False,"[1.0,1.0,1.0,1.0,1.0,1.0,0.9999999999999999,0.9999999999999996]",1.0,1.0,99,1.0,False,0.9999999999999998,False
0.0,press,diagnostic_counterfactual,NORMALIZER_ONLY_ROUNDTRIP,0.3410811985452383,12228.72481084478,0.01316687916454273,0.4760363743296907,0.01595515217095311,0.22661062968495743,1.0000000000000002,False,True,1.0,False,0.9999999999999997,False,0,diagnostic_counterfactual,1.0,False,0.3410811985452382,12228.724810844784,0.01316687916454273,0.4760363743296907,0.015955152170953113,0.22661062968495743,-5.600802523986203e+23,-4.2744171757647105e+22,-1.0698245411777661e+23,1.0,1.021315291116308e-15,validation_target,0.0,1.0,False,"[1.0,1.0,1.0,1.0,1.0,1.0,0.9999999999999999,0.9999999999999996]",1.0,1.0,99,1.0,False,0.9999999999999998,False
0.0,press,diagnostic_counterfactual,NONLINEAR_ONLY_ROUNDTRIP,0.3410811985452382,12228.724810844784,0.01316687916454273,0.47603637432969076,0.015955152170953113,0.22661062968495746,1.0,False,True,1.0000000000000002,False,1.0,False,0,diagnostic_counterfactual,1.0,False,0.3410811985452382,12228.724810844784,0.01316687916454273,0.4760363743296907,0.015955152170953113,0.22661062968495743,-5.600802526206649e+23,-4.2744171535602505e+22,-1.0698245378470972e+23,1.0,1.2106638347208438e-16,validation_target,0.0,1.0,False,"[1.0,1.0,1.0,1.0,1.0,1.0,0.9999999999999999,0.9999999999999996]",1.0,1.0,99,1.0000000000000002,False,1.0,False
0.0,press,diagnostic_counterfactual,FLOAT64_REFERENCE,0.3410811985452383,12228.724810844755,0.013166879164542724,0.4760363743296902,0.0159551521709531,0.22661062968495693,1.0000000000000002,False,True,0.9999999999999978,False,0.9999999999999977,False,0,diagnostic_counterfactual; full canonical calculation in CPU float64,0.9999999999999996,False,0.3410811985452382,12228.724810844784,0.01316687916454273,0.4760363743296907,0.015955152170953113,0.22661062968495743,-5.600802523986203e+23,-4.274417397809315e+22,-1.0698245611617807e+23,0.9999999854462854,1.9646206605856056e-15,validation_target,0.0,0.9999999999999996,False,"[0.9999999999999979,0.9999999999999988,0.9999999999999993,1.0000000000000002,0.9999999999999998,1.0,0.9999999999999999,1.0]",0.9999999999999998,1.0,99,0.999999999999999,False,0.9999999999999991,False
0.0,vel1,diagnostic_counterfactual,CANONICAL_FULL,1.4649053812026978,945.3015114059183,0.03161335158712503,0.3789313097501787,0.028494679633113074,0.14358893750898588,0.9999999200636068,False,True,1.0000000001493035,False,1.0000000028254772,False,0,frozen canonical tensor encode/decode,1.000000001955126,False,1.4649054983019596,945.3015087349905,0.03161335152531694,0.3789313097218908,0.02849467958793515,0.14358893748754756,0.0,0.0,0.0,0.0,6.834734328842012e-08,validation_target,0.0,1.00000000010367,False,"[1.0000000003660487,1.0000000014514716,0.9999999987280235,1.00000000200902,0.9999999980645018,0.9999999980612627,0.9999999998412911,1.0000000056165788]",1.00000000010367,1.0,99,1.0000000000746516,False,1.0000000015854862,False
0.0,vel1,diagnostic_counterfactual,NO_FINAL_INVERSE_CLAMP,1.4649054077209853,945.3015154783493,0.03161335193085189,0.3789313123420404,0.0284946798415954,0.14358893947326098,0.9999999381659948,False,True,1.0000000138291534,False,1.0000000071335533,False,0,diagnostic_counterfactual; actual float32 encoded state; inverse clamp bypassed,1.0000000128279645,False,1.4649054983019596,945.3015087349905,0.03161335152531694,0.3789313097218908,0.02849467958793515,0.14358893748754756,0.2264599039786529,1.367984991951232e+22,4.3080761180647184e+21,1.272429450693835e+22,5.1818963013231773e-08,validation_target,0.0,1.0000000128279645,False,"[1.0000000125778483,1.0000000158602065,1.0000000150125639,1.0000000146659882,1.000000015198265,1.000000011949897,1.0000000134972746,1.0000000187951987]",1.000000014839276,1.0,99,1.0000000069145767,False,1.0000000089020216,False
0.0,vel1,diagnostic_counterfactual,NO_SOFTCLIP_COUNTERFACTUAL,1.4649054983019596,945.3015087349906,0.03161335152531694,0.3789313097218908,0.02849467958793515,0.14358893748754756,1.0,False,True,1.0,False,1.0000000000000002,False,0,diagnostic_counterfactual,1.0,False,1.4649054983019596,945.3015087349905,0.03161335152531694,0.3789313097218908,0.02849467958793515,0.14358893748754756,1.0,-1.493034584854058e+20,-2.825476963508322e+21,-1.0366996150423801e+20,2.016087192398539e-17,validation_target,0.0,1.0,False,"[1.0,1.0,1.0,1.0,1.0,1.0,1.0,1.0]",1.0,1.0,99,1.0,False,1.0,False
0.0,vel1,diagnostic_counterfactual,NORMALIZER_ONLY_ROUNDTRIP,1.4649054983019596,945.3015087349906,0.03161335152531694,0.3789313097218908,0.02849467958793515,0.14358893748754756,1.0,False,True,1.0,False,1.0000000000000002,False,0,diagnostic_counterfactual,1.0,False,1.4649054983019596,945.3015087349905,0.03161335152531694,0.3789313097218908,0.02849467958793515,0.14358893748754756,1.0,-1.493034584854058e+20,-2.825476963508322e+21,-1.0366996150423801e+20,2.016087192398539e-17,validation_target,0.0,1.0,False,"[1.0,1.0,1.0,1.0,1.0,1.0,1.0,1.0]",1.0,1.0,99,1.0,False,1.0,False
0.0,vel1,diagnostic_counterfactual,NONLINEAR_ONLY_ROUNDTRIP,1.4649054983019596,945.3015087349905,0.03161335152531694,0.3789313097218908,0.02849467958793515,0.14358893748754756,1.0,False,True,1.0,False,1.0,False,0,diagnostic_counterfactual,1.0,False,1.4649054983019596,945.3015087349905,0.03161335152531694,0.3789313097218908,0.02849467958793515,0.14358893748754756,1.0,-1.493034584854058e+20,-2.8254771855529266e+21,-1.0366996150423801e+20,0.0,validation_target,0.0,1.0,False,"[1.0,1.0,1.0,1.0,1.0,1.0,1.0,1.0]",1.0,1.0,99,1.0,False,1.0,False
0.0,vel1,diagnostic_counterfactual,FLOAT64_REFERENCE,1.4649054983019598,945.3015087349904,0.03161335152531694,0.3789313097218908,0.02849467958793515,0.14358893748754753,1.0000000000000002,False,True,0.9999999999999998,False,0.9999999999999999,False,0,diagnostic_counterfactual; full canonical calculation in CPU float64,1.0,False,1.4649054983019596,945.3015087349905,0.03161335152531694,0.3789313097218908,0.02849467958793515,0.14358893748754756,1.000000002777766,-1.4930368053001073e+20,-2.825477296575229e+21,-1.0367007252654047e+20,1.237385094058462e-16,validation_target,0.0,0.9999999999999999,False,"[0.9999999999999998,0.9999999999999999,1.0,1.0,0.9999999999999999,0.9999999999999998,0.9999999999999999,1.0]",0.9999999999999999,1.0,99,1.0,False,1.0,False
0.031345367431640625,vel2,diagnostic_counterfactual,CANONICAL_FULL,0.07146307080984116,1.115027985700323,1.9965994918307434e-08,0.009641624368898292,0.0006581055945508239,9.296092047093339e-05,0.74486296213069,False,True,0.5805468049008103,False,0.3057595632396543,False,0,frozen canonical tensor encode/decode,0.492592373960969,False,0.09594123274087911,3.6467477055700925,4.053248887667404e-08,0.012654109494890476,0.0008510783357069798,0.00016012648710867728,0.0,0.0,0.0,0.0,0.3579924119635702,validation_target,0.055805206298828125,0.492592373960969,False,"[0.4963379904169572,0.999999997701309,1.0000000015507757,0.9999999975462143,0.9999999995167249,0.9999999974330932,0.9999999979196319,0.9999999970091946]",0.9999999976237617,1.0,99,0.7619362210190629,False,0.7732608937861685,False
0.031345367431640625,vel2,diagnostic_counterfactual,NO_FINAL_INVERSE_CLAMP,0.09594142477008033,3.64645073383559,4.055121026699034e-08,0.012653971750072206,0.000851061417680116,0.00016012300105162545,1.0000020015294335,False,True,0.9999782293540889,False,0.9999185653194355,False,0,diagnostic_counterfactual; actual float32 encoded state; inverse clamp bypassed,1.0004618860285948,False,0.09594123274087911,3.6467477055700925,4.053248887667404e-08,0.012654109494890476,0.0008510783357069798,0.00016012648710867728,1.0000078449191472,0.9999480975561386,0.9998826996005239,1.0000000088045726,0.0002388135390711566,validation_target,0.055805206298828125,1.0000000044675073,False,"[0.9999737931002811,1.00000000581084,1.0000000095075126,1.000000006767295,1.0000000073117068,1.0000000031241745,1.0000000017961603,1.0000000004912326]",1.0000000044675073,1.0,99,0.9999891146177986,False,0.9999801216572506,False
0.031345367431640625,vel2,diagnostic_counterfactual,NO_SOFTCLIP_COUNTERFACTUAL,0.0959412327408791,3.6467477055700925,4.053248887667404e-08,0.012654109494890476,0.0008510783357069798,0.00016012648710867728,0.9999999999999999,False,True,1.0,False,1.0,False,0,diagnostic_counterfactual,1.0,False,0.09594123274087911,3.6467477055700925,4.053248887667404e-08,0.012654109494890476,0.0008510783357069798,0.00016012648710867728,0.9999999999999996,1.0,1.0,1.0,5.034827347999174e-17,validation_target,0.055805206298828125,1.0,False,"[1.0,1.0,1.0,1.0,1.0,1.0,1.0,1.0]",1.0,1.0,99,1.0,False,1.0,False
0.031345367431640625,vel2,diagnostic_counterfactual,NORMALIZER_ONLY_ROUNDTRIP,0.0959412327408791,3.6467477055700925,4.053248887667404e-08,0.012654109494890476,0.0008510783357069798,0.00016012648710867728,0.9999999999999999,False,True,1.0,False,1.0,False,0,diagnostic_counterfactual,1.0,False,0.09594123274087911,3.6467477055700925,4.053248887667404e-08,0.012654109494890476,0.0008510783357069798,0.00016012648710867728,0.9999999999999996,1.0,1.0,1.0,5.034827347999174e-17,validation_target,0.055805206298828125,1.0,False,"[1.0,1.0,1.0,1.0,1.0,1.0,1.0,1.0]",1.0,1.0,99,1.0,False,1.0,False
0.031345367431640625,vel2,diagnostic_counterfactual,NONLINEAR_ONLY_ROUNDTRIP,0.09594123274087911,3.6467477055700925,4.053248887667404e-08,0.012654109494890476,0.0008510783357069798,0.00016012648710867728,1.0,False,True,1.0,False,1.0,False,0,diagnostic_counterfactual,1.0,False,0.09594123274087911,3.6467477055700925,4.053248887667404e-08,0.012654109494890476,0.0008510783357069798,0.00016012648710867728,1.0,1.0,1.0,1.0,0.0,validation_target,0.055805206298828125,1.0,False,"[1.0,1.0,1.0,1.0,1.0,1.0,1.0,1.0]",1.0,1.0,99,1.0,False,1.0,False
0.031345367431640625,vel2,diagnostic_counterfactual,FLOAT64_REFERENCE,0.07146305821902146,1.115027720582232,1.9965956327125422e-08,0.00964162362115915,0.0006581055548715993,9.296090605209409e-05,0.7448628308959817,False,True,0.5805467148542505,False,0.30575949053978246,False,0,diagnostic_counterfactual; full canonical calculation in CPU float64,0.4925914218560507,False,0.09594123274087911,3.6467477055700925,4.053248887667404e-08,0.012654109494890476,0.0008510783357069798,0.00016012648710867728,-5.143694910727989e-07,-2.1467606142305912e-07,-1.047185787448862e-07,-1.8764103443363394e-06,0.35799248400360295,validation_target,0.055805206298828125,0.4925914218560507,False,"[0.4963378823313937,0.9999999999999998,1.0,0.9999999999999999,0.9999999999999999,1.0,1.0,1.0]",1.0,1.0,99,0.7619361619284456,False,0.7732608471638741,False
0.4283256530761719,vel3,diagnostic_counterfactual,CANONICAL_FULL,0.10325986566022038,6.714925918333787,0.0016240777979685682,0.04525606210459598,0.0011373197834615664,0.0020481111572150483,0.08062339636263906,False,True,0.02317455781988958,False,0.005228660504110277,False,0,frozen canonical tensor encode/decode,0.019160910617727307,False,1.2807679943891708,1284.2535699258249,0.0847599485415898,0.29728365614726326,0.011524715188827181,0.08837757221228426,0.0,0.0,0.0,0.0,0.8531094267075007,validation_target,0.5148391723632812,0.019160910617727307,False,"[0.0,0.0,0.02462110192891771,0.2716223623674503,0.7114352566457675,0.9811622233908207,0.9999999830662958,1.000000000498063]",0.4915288095066089,1.0,99,0.15223192115942563,False,0.09868528330870677,False
0.4283256530761719,vel3,diagnostic_counterfactual,NO_FINAL_INVERSE_CLAMP,,,,,,,,,False,,,,,53226,diagnostic_counterfactual; actual float32 encoded state; inverse clamp bypassed,,,,,,,,,,,,,,validation_target,0.5148391723632812,,,,,,99,,,,
0.4283256530761719,vel3,diagnostic_counterfactual,NO_SOFTCLIP_COUNTERFACTUAL,1.2807679943891708,1284.2535699258249,0.0847599485415898,0.29728365614726326,0.011524715188827181,0.08837757221228426,1.0,False,True,1.0,False,1.0,False,0,diagnostic_counterfactual,1.0,False,1.2807679943891708,1284.2535699258249,0.0847599485415898,0.29728365614726326,0.011524715188827181,0.08837757221228426,1.0,1.0,1.0,1.0,3.8792869283837926e-17,validation_target,0.5148391723632812,1.0,False,"[1.0,1.0,1.0,1.0,1.0,1.0,1.0,1.0]",1.0,1.0,99,1.0,False,1.0,False
0.4283256530761719,vel3,diagnostic_counterfactual,NORMALIZER_ONLY_ROUNDTRIP,1.2807679943891708,1284.2535699258249,0.0847599485415898,0.29728365614726326,0.011524715188827181,0.08837757221228426,1.0,False,True,1.0,False,1.0,False,0,diagnostic_counterfactual,1.0,False,1.2807679943891708,1284.2535699258249,0.0847599485415898,0.29728365614726326,0.011524715188827181,0.08837757221228426,1.0,1.0,1.0,1.0,3.8792869283837926e-17,validation_target,0.5148391723632812,1.0,False,"[1.0,1.0,1.0,1.0,1.0,1.0,1.0,1.0]",1.0,1.0,99,1.0,False,1.0,False
0.4283256530761719,vel3,diagnostic_counterfactual,NONLINEAR_ONLY_ROUNDTRIP,1.2807679943891708,1284.2535699258249,0.0847599485415898,0.29728365614726326,0.011524715188827181,0.08837757221228426,1.0,False,True,1.0,False,1.0,False,0,diagnostic_counterfactual,1.0,False,1.2807679943891708,1284.2535699258249,0.0847599485415898,0.29728365614726326,0.011524715188827181,0.08837757221228426,1.0,1.0,1.0,1.0,0.0,validation_target,0.5148391723632812,1.0,False,"[1.0,1.0,1.0,1.0,1.0,1.0,1.0,1.0]",1.0,1.0,99,1.0,False,1.0,False
0.4283256530761719,vel3,diagnostic_counterfactual,FLOAT64_REFERENCE,0.1032598464716944,6.714923297485433,0.0016240771610106309,0.04525605373752815,0.0011373195686387191,0.002048110399894035,0.08062338138059229,False,True,0.02317454925073573,False,0.005228658463354141,False,0,diagnostic_counterfactual; full canonical calculation in CPU float64,0.019160903102881578,False,1.2807679943891708,1284.2535699258249,0.0847599485415898,0.29728365614726326,0.011524715188827181,0.08837757221228426,-1.629587560808976e-08,-8.7724515371483e-09,-2.0514826423948548e-09,-7.661649917589978e-09,0.8531094519015154,validation_target,0.5148391723632812,0.019160903102881578,False,"[1.1047037114241565e-32,6.757684821749246e-32,0.02462107740887478,0.27162221774825723,0.7114350687106601,0.981162156819994,1.0000000000000002,1.0]",0.49152864322945866,1.0,99,0.1522318930143606,False,0.09868526466851968,False
0.0,Bcc1,diagnostic_counterfactual,CANONICAL_FULL,12.008952374458332,47475.226342390044,0.0001196367070247644,1.6916109814248685,0.04648629605423232,2.861547712477207,1.000000232681945,False,True,1.0000000034324024,False,1.0000000255200945,False,0,frozen canonical tensor encode/decode,0.999997362042998,False,12.008949580192585,47475.22513081782,0.00011963702262208592,1.6916109785217237,0.04648629522498546,2.8615477026552236,0.0,0.0,0.0,0.0,6.379747319948144e-07,validation_target,0.0,0.999997362042998,False,"[1.0000000017520776,1.0000000211574072,0.9999999978516889,0.9999999970267843,0.9999999975023789,1.0000000209460498,1.0000000583247846,0.9999999774331622]",0.9999999998018833,1.0,100,1.0000000017162012,False,1.0000000178385233,False
0.0,Bcc1,diagnostic_counterfactual,NO_FINAL_INVERSE_CLAMP,12.008945826852692,47475.203885020215,0.00011963685040948733,1.6916106346578843,0.04648628661483317,2.8615465392876502,0.9999996874547713,False,True,0.9999995934481287,False,0.9999995524866382,False,0,diagnostic_counterfactual; actual float32 encoded state; inverse clamp bypassed,0.9999985605409194,False,12.008949580192585,47475.22513081782,0.00011963702262208592,1.6916109785217237,0.04648629522498546,2.8615477026552236,-5.452271737427238e+23,-4.099842736415837e+23,-4.7303345629412515e+23,0.45432807299931427,5.560532893857018e-07,validation_target,0.0,0.9999985605409194,False,"[0.9999995874860598,0.9999996418426057,0.9999996621461242,0.999999699554673,0.9999997231379456,0.9999997843512037,0.9999998224854946,0.9999997611033247]",0.9999997113463093,1.0,100,0.9999997967240437,False,0.9999998147808458,False
0.0,Bcc1,diagnostic_counterfactual,NO_SOFTCLIP_COUNTERFACTUAL,12.008949580192585,47475.22513081782,0.0001196370226220863,1.6916109785217237,0.04648629522498546,2.8615477026552236,1.0,False,True,1.0,False,1.0,False,0,diagnostic_counterfactual,1.000000000000003,False,12.008949580192585,47475.22513081782,0.00011963702262208592,1.6916109785217237,0.04648629522498546,2.8615477026552236,-2.3268194504488803e+23,-3.4324023623355513e+21,-2.5520094482089915e+22,1.0,6.501233897230147e-16,validation_target,0.0,1.0,False,"[1.0,1.0000000000000002,1.0,1.0,1.0,1.0,1.0,1.0]",1.0,1.0,100,1.0,False,1.0,False
0.0,Bcc1,diagnostic_counterfactual,NORMALIZER_ONLY_ROUNDTRIP,12.008949580192585,47475.22513081782,0.0001196370226220863,1.6916109785217237,0.04648629522498546,2.8615477026552236,1.0,False,True,1.0,False,1.0,False,0,diagnostic_counterfactual,1.000000000000003,False,12.008949580192585,47475.22513081782,0.00011963702262208592,1.6916109785217237,0.04648629522498546,2.8615477026552236,-2.3268194504488803e+23,-3.4324023623355513e+21,-2.5520094482089915e+22,1.0,6.501233897230147e-16,validation_target,0.0,1.0,False,"[1.0,1.0000000000000002,1.0,1.0,1.0,1.0,1.0,1.0]",1.0,1.0,100,1.0,False,1.0,False
0.0,Bcc1,diagnostic_counterfactual,NONLINEAR_ONLY_ROUNDTRIP,12.008949580192585,47475.22513081782,0.00011963702262208595,1.6916109785217237,0.04648629522498546,2.8615477026552236,1.0,False,True,1.0,False,1.0,False,0,diagnostic_counterfactual,1.0000000000000002,False,12.008949580192585,47475.22513081782,0.00011963702262208592,1.6916109785217237,0.04648629522498546,2.8615477026552236,-2.3268194504488803e+23,-3.4324023623355513e+21,-2.5520094482089915e+22,1.0,3.2354918944449505e-16,validation_target,0.0,1.0,False,"[1.0,1.0,1.0,1.0,1.0,0.9999999999999999,1.0,1.0]",1.0,1.0,100,1.0,False,1.0,False
0.0,Bcc1,diagnostic_counterfactual,FLOAT64_REFERENCE,12.008949580192583,47475.22513081778,0.000119637022622086,1.6916109785217235,0.04648629522498545,2.8615477026552227,0.9999999999999999,False,True,0.9999999999999997,False,0.9999999999999992,False,0,diagnostic_counterfactual; full canonical calculation in CPU float64,1.0000000000000007,False,12.008949580192585,47475.22513081782,0.00011963702262208592,1.6916109785217237,0.04648629522498546,2.8615477026552236,-2.3268194515591032e+23,-3.4324026954024584e+21,-2.552009525924603e+22,1.0,1.2042768008219545e-15,validation_target,0.0,1.0,False,"[0.9999999999999993,1.0000000000000002,1.0000000000000002,0.9999999999999999,0.9999999999999997,1.0,1.0,1.0000000000000002]",1.0,1.0,100,0.9999999999999999,False,0.9999999999999999,False
0.09889984130859375,Bcc2,diagnostic_counterfactual,CANONICAL_FULL,0.13481904193758965,2.713205590581428,0.0001452568746337818,0.02284888965190943,0.0009121645230995504,0.0005220717583251338,0.12402858535496201,False,True,0.02010475002660496,False,0.003172821947552415,False,0,frozen canonical tensor encode/decode,0.010154275258163613,False,1.086999755352736,855.1395683184979,0.014304996756612575,0.16114460173239553,0.006715245104034688,0.025967582667492377,0.0,0.0,0.0,0.0,0.917380745773616,validation_target,0.2513923645019531,0.010154275258163613,False,"[0.01715563469359816,0.957093186808517,1.0000000056877707,1.0000000049587423,0.9999999882407499,1.0000000155237312,1.0000000667203204,0.9999998411652419]",0.9999999965997461,1.0,100,0.14179121985019016,False,0.13583488152226925,False
0.09889984130859375,Bcc2,diagnostic_counterfactual,NO_FINAL_INVERSE_CLAMP,1.0869154736775914,855.1327105531797,0.014304939168390388,0.1611443131923517,0.006715230390714039,0.025967489674234734,0.9999224639428579,False,True,0.9999964188712198,False,0.9999919805309304,False,0,diagnostic_counterfactual; actual float32 encoded state; inverse clamp bypassed,0.9999959742582842,False,1.086999755352736,855.1395683184979,0.014304996756612575,0.16114460173239553,0.006715245104034688,0.025967582667492377,0.9999114856308713,0.9999963453963265,0.9999919550055956,0.9999959329604451,9.308992516042215e-05,validation_target,0.2513923645019531,0.9999959742582842,False,"[0.9999960157557088,0.9999997848122284,0.9999998234072891,0.9999999162675393,0.9999998092383238,0.9999998583220913,0.9999999234867086,0.9999997097566651]",0.9999998163228064,1.0,100,0.999998209434007,False,0.9999978089674434,False
0.09889984130859375,Bcc2,diagnostic_counterfactual,NO_SOFTCLIP_COUNTERFACTUAL,1.0869997553527357,855.1395683184978,0.014304996756612575,0.16114460173239553,0.006715245104034688,0.025967582667492377,0.9999999999999998,False,True,1.0,False,0.9999999999999999,False,0,diagnostic_counterfactual,1.0,False,1.086999755352736,855.1395683184979,0.014304996756612575,0.16114460173239553,0.006715245104034688,0.025967582667492377,0.9999999999999998,1.0,0.9999999999999999,1.0,2.9059989685172066e-16,validation_target,0.2513923645019531,1.0,False,"[1.0,1.0,0.9999999999999999,1.0000000000000004,1.0,1.0,1.0,1.0]",1.0,1.0,100,1.0,False,1.0,False
0.09889984130859375,Bcc2,diagnostic_counterfactual,NORMALIZER_ONLY_ROUNDTRIP,1.0869997553527357,855.1395683184978,0.014304996756612575,0.16114460173239553,0.006715245104034688,0.025967582667492377,0.9999999999999998,False,True,1.0,False,0.9999999999999999,False,0,diagnostic_counterfactual,1.0,False,1.086999755352736,855.1395683184979,0.014304996756612575,0.16114460173239553,0.006715245104034688,0.025967582667492377,0.9999999999999998,1.0,0.9999999999999999,1.0,2.9059989685172066e-16,validation_target,0.2513923645019531,1.0,False,"[1.0,1.0,0.9999999999999999,1.0000000000000004,1.0,1.0,1.0,1.0]",1.0,1.0,100,1.0,False,1.0,False
0.09889984130859375,Bcc2,diagnostic_counterfactual,NONLINEAR_ONLY_ROUNDTRIP,1.0869997553527357,855.1395683184978,0.014304996756612575,0.16114460173239553,0.006715245104034688,0.025967582667492377,0.9999999999999998,False,True,1.0,False,0.9999999999999999,False,0,diagnostic_counterfactual,1.0,False,1.086999755352736,855.1395683184979,0.014304996756612575,0.16114460173239553,0.006715245104034688,0.025967582667492377,0.9999999999999998,1.0,0.9999999999999999,1.0,2.894271530586811e-16,validation_target,0.2513923645019531,1.0,False,"[1.0,1.0,1.0,1.0,1.0,1.0,1.0,1.0]",1.0,1.0,100,1.0,False,1.0,False
0.09889984130859375,Bcc2,diagnostic_counterfactual,FLOAT64_REFERENCE,0.13481894023784463,2.713201564489457,0.00014525668329740647,0.02284887609041332,0.0009121640453653599,0.0005220711385950615,0.12402849179491796,False,True,0.020104726161076916,False,0.0031728172394414585,False,0,diagnostic_counterfactual; full canonical calculation in CPU float64,0.010154261882671217,False,1.086999755352736,855.1395683184979,0.014304996756612575,0.16114460173239553,0.006715245104034688,0.025967582667492377,-1.0680718856250839e-07,-2.4355182907579968e-08,-4.723096500891125e-09,-1.351270411299888e-08,0.9173808106706064,validation_target,0.2513923645019531,0.010154261882671217,False,"[0.017155611963674884,0.9570929644512836,1.0000000000000009,1.0,0.9999999999999997,1.0,1.0,1.0]",1.0,1.0,100,0.14179113569288074,False,0.13583481038053383,False
0.5945396423339844,Bcc3,diagnostic_counterfactual,CANONICAL_FULL,0.010797557421028614,0.10805629549695146,2.492267480464872e-10,0.00427134289022579,7.872850715345657e-05,1.82443700858824e-05,0.0005382691890928171,False,True,2.5153647490677567e-06,False,5.601514483663913e-07,False,0,frozen canonical tensor encode/decode,3.388936499017072e-07,False,20.05977239608772,192905.50048934724,0.0007354128592222752,2.6931711373013134,0.09057148455592816,7.253170774792849,0.0,0.0,0.0,0.0,0.999335674665883,validation_target,0.635498046875,3.388936499017072e-07,False,"[5.11059160974052e-07,3.074514420597676e-05,0.0007558425126040966,0.010612964518285771,0.08376109562957518,0.5280048929152175,1.000000002491025,1.0000000834024831]",0.04718703007393048,1.0,100,0.0015859901478470024,False,0.0008692416552457135,False
0.5945396423339844,Bcc3,diagnostic_counterfactual,NO_FINAL_INVERSE_CLAMP,,,,,,,,,False,,,,,118470,diagnostic_counterfactual; actual float32 encoded state; inverse clamp bypassed,,,,,,,,,,,,,,validation_target,0.635498046875,,,,,,100,,,,
0.5945396423339844,Bcc3,diagnostic_counterfactual,NO_SOFTCLIP_COUNTERFACTUAL,20.059772396087716,192905.5004893472,0.0007354128592222736,2.693171137301313,0.09057148455592816,7.253170774792848,0.9999999999999998,False,True,0.9999999999999999,False,0.9999999999999999,False,0,diagnostic_counterfactual,0.9999999999999978,False,20.05977239608772,192905.50048934724,0.0007354128592222752,2.6931711373013134,0.09057148455592816,7.253170774792849,0.9999999999999998,0.9999999999999999,0.9999999999999999,0.9999999999999978,5.410090105086913e-16,validation_target,0.635498046875,0.9999999999999978,False,"[1.0,0.9999999999999999,1.0,1.0,1.0,1.0,1.0,1.0]",1.0,1.0,100,0.9999999999999999,False,1.0,False
0.5945396423339844,Bcc3,diagnostic_counterfactual,NORMALIZER_ONLY_ROUNDTRIP,20.059772396087716,192905.5004893472,0.0007354128592222736,2.693171137301313,0.09057148455592816,7.253170774792848,0.9999999999999998,False,True,0.9999999999999999,False,0.9999999999999999,False,0,diagnostic_counterfactual,0.9999999999999978,False,20.05977239608772,192905.50048934724,0.0007354128592222752,2.6931711373013134,0.09057148455592816,7.253170774792849,0.9999999999999998,0.9999999999999999,0.9999999999999999,0.9999999999999978,5.410090105086913e-16,validation_target,0.635498046875,0.9999999999999978,False,"[1.0,0.9999999999999999,1.0,1.0,1.0,1.0,1.0,1.0]",1.0,1.0,100,0.9999999999999999,False,1.0,False
0.5945396423339844,Bcc3,diagnostic_counterfactual,NONLINEAR_ONLY_ROUNDTRIP,20.059772396087716,192905.50048934724,0.0007354128592222747,2.6931711373013134,0.09057148455592816,7.253170774792849,0.9999999999999998,False,True,1.0,False,1.0,False,0,diagnostic_counterfactual,0.9999999999999992,False,20.05977239608772,192905.50048934724,0.0007354128592222752,2.6931711373013134,0.09057148455592816,7.253170774792849,0.9999999999999998,1.0,1.0,0.9999999999999992,2.951821234584758e-16,validation_target,0.635498046875,0.9999999999999992,False,"[1.0,1.0,1.0,1.0,1.0,1.0,1.0,1.0]",1.0,1.0,100,1.0,False,1.0,False
0.5945396423339844,Bcc3,diagnostic_counterfactual,FLOAT64_REFERENCE,0.01079755544610649,0.10805625841692565,2.4922670519757176e-10,0.004271342146361856,7.872849345242617e-05,1.8244363731287108e-05,0.0005382690906409462,False,True,2.5153638729550202e-06,False,5.601512561477883e-07,False,0,diagnostic_counterfactual; full canonical calculation in CPU float64,3.388935916365913e-07,False,20.05977239608772,192905.50048934724,0.0007354128592222752,2.6931711373013134,0.09057148455592816,7.253170774792849,-9.850489304509589e-11,-8.761149402353373e-13,-1.9221871063109534e-13,-5.826513565697644e-14,0.9993356747872012,validation_target,0.635498046875,3.388935916365913e-07,False,"[5.11058974024002e-07,3.074513295912574e-05,0.0007558422367499245,0.010612960656482437,0.08376107005581587,0.5280047802166379,1.0,1.0]",0.04718701535614916,1.0,100,0.0015859898716432648,False,0.0008692415039726007,False
0.0,rho,diagnostic_counterfactual,CANONICAL_FULL,11.161409492734474,462275.16593836277,0.7214740031542283,3.9906434293354036,0.15942547690302858,15.925234980097832,0.9999999376257738,False,True,0.9999999883052468,False,1.0000002527187883,False,0,frozen canonical tensor encode/decode,0.999999971889915,False,11.161410188918799,462275.04911277245,0.7214740234349244,3.990643452670199,0.1594254743298317,15.925235166339526,0.0,0.0,0.0,0.0,8.799345548279422e-07,validation_target,0.0,0.999999971889915,False,"[0.9999999862335057,1.0000000094550008,0.9999999656490747,1.0000000444306447,1.0000000396210809,1.0000000009009378,1.0000001040935125,0.9999999840253779]",1.0000000051779692,1.0,100,0.9999999941526233,False,1.0000000161404374,False
0.0,rho,diagnostic_counterfactual,NO_FINAL_INVERSE_CLAMP,11.16141442307906,462275.6000946557,0.7214746828588576,3.990645361812843,0.1594255492559972,15.925250403758358,1.0000003793571055,False,True,1.0000009568096593,False,1.0000011918918927,False,0,diagnostic_counterfactual; actual float32 encoded state; inverse clamp bypassed,1.0000009139953925,False,11.161410188918799,462275.04911277245,0.7214740234349244,3.990643452670199,0.1594254743298317,15.925235166339526,7.081952890560373,82.8152932096814,9.391731043972839e+23,27.618244885523893,9.098494035798192e-07,validation_target,0.0,1.0000007482411273,False,"[1.0000009691606035,1.0000008977021961,1.0000008384039405,1.0000007577754477,1.000000712676261,1.000000452310795,1.0000007228695258,1.0000007387068066]",1.0000007482411273,1.0,100,1.0000004784047152,False,1.0000004699761178,False
0.0,rho,diagnostic_counterfactual,NO_SOFTCLIP_COUNTERFACTUAL,11.161410188918804,462275.04911277257,0.7214740234349244,3.990643452670199,0.15942547432983173,15.925235166339526,1.0000000000000004,False,True,1.0,False,1.0000000000000002,False,0,diagnostic_counterfactual,1.0,False,11.161410188918799,462275.04911277245,0.7214740234349244,3.990643452670199,0.1594254743298317,15.925235166339526,1.000000007119755,1.0,-2.527187881185e+23,1.0,9.50778595895541e-16,validation_target,0.0,1.0,False,"[1.0000000000000002,1.0,0.9999999999999999,1.0,1.0000000000000002,1.0000000000000002,1.0,0.9999999999999999]",1.0,1.0,100,1.0,False,1.0000000000000002,False
0.0,rho,diagnostic_counterfactual,NORMALIZER_ONLY_ROUNDTRIP,11.161410188918804,462275.04911277257,0.7214740234349244,3.990643452670199,0.15942547432983173,15.925235166339526,1.0000000000000004,False,True,1.0,False,1.0000000000000002,False,0,diagnostic_counterfactual,1.0,False,11.161410188918799,462275.04911277245,0.7214740234349244,3.990643452670199,0.1594254743298317,15.925235166339526,1.000000007119755,1.0,-2.527187881185e+23,1.0,9.50778595895541e-16,validation_target,0.0,1.0,False,"[1.0000000000000002,1.0,0.9999999999999999,1.0,1.0000000000000002,1.0000000000000002,1.0,0.9999999999999999]",1.0,1.0,100,1.0,False,1.0000000000000002,False
0.0,rho,diagnostic_counterfactual,NONLINEAR_ONLY_ROUNDTRIP,11.161410188918799,462275.04911277245,0.7214740234349244,3.990643452670199,0.1594254743298317,15.925235166339526,1.0,False,True,1.0,False,1.0,False,0,diagnostic_counterfactual,1.0,False,11.161410188918799,462275.04911277245,0.7214740234349244,3.990643452670199,0.1594254743298317,15.925235166339526,1.0,1.0,-2.527187883405446e+23,1.0,1.8092398524109846e-16,validation_target,0.0,1.0,False,"[1.0,1.0,1.0,1.0,1.0,0.9999999999999998,1.0,1.0]",1.0,1.0,100,1.0,False,1.0,False
0.0,rho,diagnostic_counterfactual,FLOAT64_REFERENCE,11.161410188918792,462275.04911277175,0.7214740234349242,3.9906434526701955,0.1594254743298316,15.9252351663395,0.9999999999999993,False,True,0.9999999999999983,False,0.9999999999999984,False,0,diagnostic_counterfactual; full canonical calculation in CPU float64,0.9999999999999997,False,11.161410188918799,462275.04911277245,0.7214740234349244,3.990643452670199,0.1594254743298317,15.925235166339526,0.9999999893203675,0.9999998575998558,-2.5271878989485684e+23,0.9999999723531211,1.6956072722706318e-15,validation_target,0.0,0.9999999999999992,False,"[0.9999999999999984,0.9999999999999987,0.9999999999999986,0.9999999999999991,0.9999999999999996,0.9999999999999994,0.9999999999999993,0.9999999999999994]",0.9999999999999992,1.0,100,0.9999999999999991,False,0.9999999999999993,False
0.0,press,diagnostic_counterfactual,CANONICAL_FULL,0.3377894187698404,14338.783066979633,0.015415315302472143,0.5135540815174898,0.01724248417479586,0.2637377946432726,1.0000002267447583,False,True,1.000000029309749,False,1.0000000950614043,False,0,frozen canonical tensor encode/decode,1.0000000440059544,False,0.3377893421778777,14338.781703914909,0.015415314624106509,0.5135540739914194,0.01724248414984901,0.2637377869131843,0.0,0.0,0.0,0.0,9.688666586464862e-07,validation_target,0.0,0.9999999721815783,False,"[1.000000030324706,0.9999999846065508,0.9999998992686752,0.9999999477734353,0.9999999989757542,0.9999999032300934,1.0000000234236095,0.9999999597566058]",0.9999999721815783,1.0,100,1.0000000146548744,False,1.0000000014468247,False
0.0,press,diagnostic_counterfactual,NO_FINAL_INVERSE_CLAMP,0.33778910305186727,14338.751400005227,0.015415287394717182,0.5135535793917573,0.0172424679037937,0.2637372789060859,0.99999929208539,False,True,0.999998073817543,False,0.9999978865770951,False,0,diagnostic_counterfactual; actual float32 encoded state; inverse clamp bypassed,0.9999982336144289,False,0.3377893421778777,14338.781703914909,0.015415314624106509,0.5135540739914194,0.01724248414984901,0.2637377869131843,-9.346593683456916e+23,-1.9554922060516232e+24,-2.2084843092073924e+24,-62.49697303585804,1.2944412134288104e-06,validation_target,0.0,0.9999982336144289,False,"[0.9999980627605244,0.9999984385370507,0.9999985038197795,0.9999987041431866,0.9999988758689915,0.9999988943334973,0.9999989924263982,0.9999990811651561]",0.999998790006089,1.0,100,0.9999990369083078,False,0.9999990577891695,False
0.0,press,diagnostic_counterfactual,NO_SOFTCLIP_COUNTERFACTUAL,0.33778934217787754,14338.781703914909,0.015415314624106509,0.5135540739914194,0.017242484149849007,0.2637377869131842,0.9999999999999996,False,True,0.9999999999999998,False,1.0,False,0,diagnostic_counterfactual,1.0,False,0.3377893421778777,14338.781703914909,0.015415314624106509,0.5135540739914194,0.01724248414984901,0.2637377869131843,-2.2674475874673302e+23,-2.9309749294270656e+22,-9.506140430382004e+22,1.0,1.0771572132975392e-15,validation_target,0.0,1.0,False,"[1.0,1.0,1.0000000000000002,1.0,1.0,1.0,1.0,1.0]",1.0,1.0,100,1.0,False,0.9999999999999998,False
0.0,press,diagnostic_counterfactual,NORMALIZER_ONLY_ROUNDTRIP,0.33778934217787754,14338.781703914909,0.015415314624106509,0.5135540739914194,0.017242484149849007,0.2637377869131842,0.9999999999999996,False,True,0.9999999999999998,False,1.0,False,0,diagnostic_counterfactual,1.0,False,0.3377893421778777,14338.781703914909,0.015415314624106509,0.5135540739914194,0.01724248414984901,0.2637377869131843,-2.2674475874673302e+23,-2.9309749294270656e+22,-9.506140430382004e+22,1.0,1.0771572132975392e-15,validation_target,0.0,1.0,False,"[1.0,1.0,1.0000000000000002,1.0,1.0,1.0,1.0,1.0]",1.0,1.0,100,1.0,False,0.9999999999999998,False
0.0,press,diagnostic_counterfactual,NONLINEAR_ONLY_ROUNDTRIP,0.3377893421778777,14338.781703914909,0.015415314624106509,0.5135540739914194,0.01724248414984901,0.2637377869131842,1.0,False,True,0.9999999999999998,False,1.0,False,0,diagnostic_counterfactual,1.0,False,0.3377893421778777,14338.781703914909,0.015415314624106509,0.5135540739914194,0.01724248414984901,0.2637377869131843,-2.2674475830264384e+23,-2.9309749294270656e+22,-9.506140430382004e+22,1.0,1.300823022982892e-16,validation_target,0.0,1.0,False,"[1.0,1.0,1.0,1.0,0.9999999999999998,1.0,1.0,1.0]",1.0,1.0,100,1.0,False,1.0,False
0.0,press,diagnostic_counterfactual,FLOAT64_REFERENCE,0.33778934217787754,14338.78170391488,0.015415314624106504,0.5135540739914188,0.017242484149848993,0.2637377869131837,0.9999999999999996,False,True,0.9999999999999979,False,0.999999999999998,False,0,diagnostic_counterfactual; full canonical calculation in CPU float64,0.9999999999999997,False,0.3377893421778777,14338.781703914909,0.015415314624106509,0.5135540739914194,0.01724248414984901,0.2637377869131843,-2.2674475874673302e+23,-2.93097511816498e+22,-9.506140630222148e+22,0.9999999880271099,1.903357722557792e-15,validation_target,0.0,0.9999999999999997,False,"[0.9999999999999978,0.9999999999999989,0.9999999999999997,1.0000000000000002,0.9999999999999998,1.0000000000000002,1.0000000000000002,1.0]",0.9999999999999999,1.0,100,0.9999999999999989,False,0.999999999999999,False
0.0,vel1,diagnostic_counterfactual,CANONICAL_FULL,1.6047084945440293,938.0730690664865,0.029777179471202623,0.39424784477890257,0.029932517673346436,0.15543136311280964,0.9999999783682083,False,True,0.9999999992293889,False,0.9999999960746438,False,0,frozen canonical tensor encode/decode,0.9999999969847391,False,1.60470852925675,938.0730727487573,0.02977717956098859,0.39424784493080844,0.029932517699726605,0.15543136323258677,0.0,0.0,0.0,0.0,7.003331896599115e-08,validation_target,0.0,0.9999999969847391,False,"[0.9999999971512258,0.9999999994922586,1.000000000730097,0.9999999982172432,0.9999999973357019,1.0000000006162992,1.0000000011551484,1.0000000022583022]",1.0000000000542788,1.0,100,0.9999999996146944,False,0.9999999991186785,False
0.0,vel1,diagnostic_counterfactual,NO_FINAL_INVERSE_CLAMP,1.604708507755456,938.0730848936466,0.029777179911291942,0.39424784779681854,0.029932517925661244,0.1554313654924234,0.9999999866011219,False,True,1.0000000145391288,False,1.0000000129466347,False,0,diagnostic_counterfactual; actual float32 encoded state; inverse clamp bypassed,1.000000011764155,False,1.60470852925675,938.0730727487573,0.02977717956098859,0.39424784493080844,0.029932517699726605,0.15543136323258677,0.3805932347452774,19.86701114874872,4.298206367633189,4.901537962144192,5.433594147463201e-08,validation_target,0.0,1.000000011764155,False,"[1.0000000138673073,1.0000000147896806,1.000000014515237,1.0000000142993308,1.0000000130808289,1.0000000170121413,1.0000000146631596,1.0000000148229518]",1.0000000145891983,1.0,100,1.0000000072695643,False,1.0000000075481335,False
0.0,vel1,diagnostic_counterfactual,NO_SOFTCLIP_COUNTERFACTUAL,1.60470852925675,938.0730727487572,0.02977717956098859,0.39424784493080844,0.029932517699726605,0.15543136323258677,1.0,False,True,1.0,False,0.9999999999999999,False,0,diagnostic_counterfactual,1.0,False,1.60470852925675,938.0730727487573,0.02977717956098859,0.39424784493080844,0.029932517699726605,0.15543136323258677,1.0,1.0,0.9999999717166295,1.0,2.1704935224161546e-17,validation_target,0.0,1.0,False,"[1.0,1.0,1.0,1.0,1.0,1.0,1.0,1.0]",1.0,1.0,100,1.0,False,1.0,False
0.0,vel1,diagnostic_counterfactual,NORMALIZER_ONLY_ROUNDTRIP,1.60470852925675,938.0730727487572,0.02977717956098859,0.39424784493080844,0.029932517699726605,0.15543136323258677,1.0,False,True,1.0,False,0.9999999999999999,False,0,diagnostic_counterfactual,1.0,False,1.60470852925675,938.0730727487573,0.02977717956098859,0.39424784493080844,0.029932517699726605,0.15543136323258677,1.0,1.0,0.9999999717166295,1.0,2.1704935224161546e-17,validation_target,0.0,1.0,False,"[1.0,1.0,1.0,1.0,1.0,1.0,1.0,1.0]",1.0,1.0,100,1.0,False,1.0,False
0.0,vel1,diagnostic_counterfactual,NONLINEAR_ONLY_ROUNDTRIP,1.60470852925675,938.0730727487573,0.02977717956098859,0.39424784493080844,0.029932517699726605,0.15543136323258677,1.0,False,True,1.0,False,1.0,False,0,diagnostic_counterfactual,1.0,False,1.60470852925675,938.0730727487573,0.02977717956098859,0.39424784493080844,0.029932517699726605,0.15543136323258677,1.0,1.0,1.0,1.0,0.0,validation_target,0.0,1.0,False,"[1.0,1.0,1.0,1.0,1.0,1.0,1.0,1.0]",1.0,1.0,100,1.0,False,1.0,False
0.0,vel1,diagnostic_counterfactual,FLOAT64_REFERENCE,1.6047085292567502,938.0730727487571,0.02977717956098859,0.3942478449308084,0.029932517699726605,0.15543136323258674,1.0000000000000002,False,True,0.9999999999999998,False,0.9999999999999998,False,0,diagnostic_counterfactual; full canonical calculation in CPU float64,1.0,False,1.60470852925675,938.0730727487573,0.02977717956098859,0.39424784493080844,0.029932517699726605,0.15543136323258677,1.0000000102647348,0.9999997118590738,0.9999999434332589,0.999999963179869,1.2930356350834434e-16,validation_target,0.0,0.9999999999999999,False,"[0.9999999999999998,0.9999999999999999,0.9999999999999999,1.0,1.0,0.9999999999999999,1.0,0.9999999999999999]",0.9999999999999999,1.0,100,0.9999999999999999,False,1.0,False
0.03110504150390625,vel2,diagnostic_counterfactual,CANONICAL_FULL,0.07146307080984116,1.1202776708412043,2.6579262168509866e-08,0.009750656216487226,0.0006618243379693064,9.507529665212099e-05,0.763312491492016,False,True,0.5895752905430639,False,0.3135753214760847,False,0,frozen canonical tensor encode/decode,0.49020886714061085,False,0.09362229965627208,3.572595144183386,5.4220280272665704e-08,0.012698844574205751,0.0008521807045644101,0.00016126065351983486,0.0,0.0,0.0,0.0,0.3533865226746642,validation_target,0.056446075439453125,0.49020886714061085,False,"[0.5008921520483768,0.9999999995683838,1.0000000008663623,1.0000000012913883,1.0000000028582416,1.000000003464788,1.0000000011212058,1.0000000027009353]",1.000000001206297,1.0,100,0.7678380627079279,False,0.7766244112598115,False
0.03110504150390625,vel2,diagnostic_counterfactual,NO_FINAL_INVERSE_CLAMP,0.09362234178435075,3.572655909070012,5.422839198732063e-08,0.012698871857046766,0.0008521852006844024,0.00016126134644169437,1.0000004499791055,False,True,1.000004296905937,False,1.0000170086125557,False,0,diagnostic_counterfactual; actual float32 encoded state; inverse clamp bypassed,1.0001496066529745,False,0.09362229965627208,3.572595144183386,5.4220280272665704e-08,0.012698844574205751,0.0008521807045644101,0.00016126065351983486,1.0000019011527408,1.0000104694133614,1.0000247785563192,1.0000000145280836,0.00015850098003713386,validation_target,0.056446075439453125,1.0000000074062882,False,"[1.0000051965234553,1.0000000064963053,1.0000000050393842,1.000000010137604,1.0000000073725264,1.0000000096286628,1.0000000074400501,1.000000002038198]",1.0000000074062882,1.0,100,1.0000021484506605,False,1.0000052760171265,False
0.03110504150390625,vel2,diagnostic_counterfactual,NO_SOFTCLIP_COUNTERFACTUAL,0.09362229965627208,3.572595144183386,5.4220280272665704e-08,0.012698844574205751,0.0008521807045644101,0.00016126065351983486,1.0,False,True,1.0,False,1.0,False,0,diagnostic_counterfactual,1.0,False,0.09362229965627208,3.572595144183386,5.4220280272665704e-08,0.012698844574205751,0.0008521807045644101,0.00016126065351983486,1.0,1.0,1.0,1.0,4.855635696408017e-17,validation_target,0.056446075439453125,1.0,False,"[0.9999999999999998,1.0,1.0,1.0,1.0,1.0,1.0,1.0000000000000002]",1.0,1.0,100,1.0,False,1.0,False
0.03110504150390625,vel2,diagnostic_counterfactual,NORMALIZER_ONLY_ROUNDTRIP,0.09362229965627208,3.572595144183386,5.4220280272665704e-08,0.012698844574205751,0.0008521807045644101,0.00016126065351983486,1.0,False,True,1.0,False,1.0,False,0,diagnostic_counterfactual,1.0,False,0.09362229965627208,3.572595144183386,5.4220280272665704e-08,0.012698844574205751,0.0008521807045644101,0.00016126065351983486,1.0,1.0,1.0,1.0,4.855635696408017e-17,validation_target,0.056446075439453125,1.0,False,"[0.9999999999999998,1.0,1.0,1.0,1.0,1.0,1.0,1.0000000000000002]",1.0,1.0,100,1.0,False,1.0,False
0.03110504150390625,vel2,diagnostic_counterfactual,NONLINEAR_ONLY_ROUNDTRIP,0.09362229965627208,3.572595144183386,5.4220280272665704e-08,0.012698844574205751,0.0008521807045644101,0.00016126065351983486,1.0,False,True,1.0,False,1.0,False,0,diagnostic_counterfactual,1.0,False,0.09362229965627208,3.572595144183386,5.4220280272665704e-08,0.012698844574205751,0.0008521807045644101,0.00016126065351983486,1.0,1.0,1.0,1.0,0.0,validation_target,0.056446075439453125,1.0,False,"[1.0,1.0,1.0,1.0,1.0,1.0,1.0,1.0]",1.0,1.0,100,1.0,False,1.0,False
0.03110504150390625,vel2,diagnostic_counterfactual,FLOAT64_REFERENCE,0.07146305821902146,1.120277370341582,2.657921489268116e-08,0.0097506554848657,0.0006618242966669767,9.507528238454155e-05,0.7633123570067519,False,True,0.5895752020677965,False,0.31357523736366494,False,0,diagnostic_counterfactual; full canonical calculation in CPU float64,0.49020799521909975,False,0.09362229965627208,3.572595144183386,5.4220280272665704e-08,0.012698844574205751,0.0008521807045644101,0.00016126065351983486,-5.68197556702099e-07,-2.155700312556164e-07,-1.225369984254585e-07,-1.7103504845454821e-06,0.3533865943009579,validation_target,0.056446075439453125,0.49020799521909975,False,"[0.5008920449804429,1.0,0.9999999999999998,0.9999999999999999,0.9999999999999999,1.0,1.0,1.0000000000000002]",1.0,1.0,100,0.7678380050946922,False,0.7766243627931783,False
0.4293403625488281,vel3,diagnostic_counterfactual,CANONICAL_FULL,0.10325989313423634,6.677783379305574,0.0016121414786358303,0.04518533568743559,0.0011367109284074418,0.00204171456118624,0.0814624125452232,False,True,0.02334273484729688,False,0.005311193732157622,False,0,frozen canonical tensor encode/decode,0.01922035685164867,False,1.267577155008912,1257.3036714653576,0.0838767714397324,0.2957478830317441,0.011403013027062503,0.08746681031775817,0.0,0.0,0.0,0.0,0.8525097446677914,validation_target,0.5132675170898438,0.01922035685164867,False,"[0.0,0.0,0.02299812022568172,0.2460401031093358,0.607580737902498,0.963684992087795,1.0000000018932285,1.0000000022940203]",0.4268104205059169,1.0,100,0.15278329374410304,False,0.09968513810426353,False
0.4293403625488281,vel3,diagnostic_counterfactual,NO_FINAL_INVERSE_CLAMP,,,,,,,,,False,,,,,52641,diagnostic_counterfactual; actual float32 encoded state; inverse clamp bypassed,,,,,,,,,,,,,,validation_target,0.5132675170898438,,,,,,100,,,,
0.4293403625488281,vel3,diagnostic_counterfactual,NO_SOFTCLIP_COUNTERFACTUAL,1.267577155008912,1257.3036714653576,0.0838767714397324,0.2957478830317441,0.011403013027062503,0.08746681031775817,1.0,False,True,1.0,False,1.0,False,0,diagnostic_counterfactual,1.0,False,1.267577155008912,1257.3036714653576,0.0838767714397324,0.2957478830317441,0.011403013027062503,0.08746681031775817,1.0,1.0,1.0,1.0,3.944391648298912e-17,validation_target,0.5132675170898438,1.0,False,"[1.0,1.0,1.0,1.0,1.0,1.0,1.0,1.0]",1.0,1.0,100,1.0,False,1.0,False
0.4293403625488281,vel3,diagnostic_counterfactual,NORMALIZER_ONLY_ROUNDTRIP,1.267577155008912,1257.3036714653576,0.0838767714397324,0.2957478830317441,0.011403013027062503,0.08746681031775817,1.0,False,True,1.0,False,1.0,False,0,diagnostic_counterfactual,1.0,False,1.267577155008912,1257.3036714653576,0.0838767714397324,0.2957478830317441,0.011403013027062503,0.08746681031775817,1.0,1.0,1.0,1.0,3.944391648298912e-17,validation_target,0.5132675170898438,1.0,False,"[1.0,1.0,1.0,1.0,1.0,1.0,1.0,1.0]",1.0,1.0,100,1.0,False,1.0,False
0.4293403625488281,vel3,diagnostic_counterfactual,NONLINEAR_ONLY_ROUNDTRIP,1.267577155008912,1257.3036714653576,0.0838767714397324,0.2957478830317441,0.011403013027062503,0.08746681031775817,1.0,False,True,1.0,False,1.0,False,0,diagnostic_counterfactual,1.0,False,1.267577155008912,1257.3036714653576,0.0838767714397324,0.2957478830317441,0.011403013027062503,0.08746681031775817,1.0,1.0,1.0,1.0,0.0,validation_target,0.5132675170898438,1.0,False,"[1.0,1.0,1.0,1.0,1.0,1.0,1.0,1.0]",1.0,1.0,100,1.0,False,1.0,False
0.4293403625488281,vel3,diagnostic_counterfactual,FLOAT64_REFERENCE,0.1032598738001912,6.677780827518524,0.0016121408418104941,0.0451853272729509,0.0011367107400948528,0.0020417138007636803,0.08146239729246714,False,True,0.023342726153455673,False,0.005311191702586638,False,0,diagnostic_counterfactual; full canonical calculation in CPU float64,0.01922034925925658,False,1.267577155008912,1257.3036714653576,0.0838767714397324,0.2957478830317441,0.011403013027062503,0.08746681031775817,-1.6605478389236427e-08,-8.901629585083512e-09,-2.040407986473372e-09,-7.74118033858846e-09,0.8525097699490704,validation_target,0.5132675170898438,0.01922034925925658,False,"[1.1119126158090838e-32,6.824703247595375e-32,0.02299809794994542,0.24603997336543665,0.6075805604320788,0.9636849132335893,1.0000000000000004,1.0]",0.4268102668987577,1.0,100,0.15278326529255642,False,0.09968512158998011,False
0.0,Bcc1,diagnostic_counterfactual,CANONICAL_FULL,12.337757630348257,50697.67496745198,0.00012898200235341193,1.748127183445903,0.04800547681081704,3.0559486495025054,1.0000003876456884,False,True,1.0000000065984733,False,1.0000000464933443,False,0,frozen canonical tensor encode/decode,0.9999984859477511,False,12.337752847671561,50697.67261034764,0.00012898219763919833,1.7481271776784175,0.04800547551550635,3.0559486293379097,0.0,0.0,0.0,0.0,6.404641128606676e-07,validation_target,0.0,0.9999984859477511,False,"[1.0000000093614116,0.9999999805231948,1.000000005751054,1.000000012210313,1.0000000007000505,1.0000000073955648,1.00000004786943,1.0000000709984664]",1.0000000083784881,1.0,101,1.0000000032992367,False,1.0000000269825613,False
0.0,Bcc1,diagnostic_counterfactual,NO_FINAL_INVERSE_CLAMP,12.337754895482519,50697.65324928147,0.00012898199973621728,1.7481268115766133,0.048005466661725164,3.0559473493530165,1.0000001659792495,False,True,0.999999581149735,False,0.9999996181073969,False,0,diagnostic_counterfactual; actual float32 encoded state; inverse clamp bypassed,0.9999984656566202,False,12.337752847671561,50697.67261034764,0.00012898219763919833,1.7481271776784175,0.04800547551550635,3.0559486293379097,-2.2166643898202662e+23,-4.2544873835037573e+23,-4.283859473819262e+23,-0.013401869652305507,5.575895656007738e-07,validation_target,0.0,0.9999984656566202,False,"[0.9999995765217258,0.9999996140920688,0.9999996766360183,0.9999997100814318,0.9999997196656325,0.9999997828047571,0.9999998597933122,0.999999852488818]",0.9999997148735322,1.0,101,0.9999997905748456,False,0.9999998155672641,False
0.0,Bcc1,diagnostic_counterfactual,NO_SOFTCLIP_COUNTERFACTUAL,12.337752847671563,50697.67261034764,0.0001289821976391981,1.7481271776784175,0.04800547551550635,3.0559486293379092,1.0000000000000002,False,True,0.9999999999999999,False,1.0,False,0,diagnostic_counterfactual,0.9999999999999981,False,12.337752847671561,50697.67261034764,0.00012898219763919833,1.7481271776784175,0.04800547551550635,3.0559486293379097,-3.876456882156986e+23,-6.598473434316076e+21,-4.649334428563634e+22,0.9999999987534254,6.549170765209582e-16,validation_target,0.0,0.9999999999999981,False,"[1.0,1.0000000000000002,1.0,1.0,1.0,1.0,1.0,1.0000000000000002]",1.0,1.0,101,1.0,False,1.0,False
0.0,Bcc1,diagnostic_counterfactual,NORMALIZER_ONLY_ROUNDTRIP,12.337752847671563,50697.67261034764,0.0001289821976391981,1.7481271776784175,0.04800547551550635,3.0559486293379092,1.0000000000000002,False,True,0.9999999999999999,False,1.0,False,0,diagnostic_counterfactual,0.9999999999999981,False,12.337752847671561,50697.67261034764,0.00012898219763919833,1.7481271776784175,0.04800547551550635,3.0559486293379097,-3.876456882156986e+23,-6.598473434316076e+21,-4.649334428563634e+22,0.9999999987534254,6.549170765209582e-16,validation_target,0.0,0.9999999999999981,False,"[1.0,1.0000000000000002,1.0,1.0,1.0,1.0,1.0,1.0000000000000002]",1.0,1.0,101,1.0,False,1.0,False
0.0,Bcc1,diagnostic_counterfactual,NONLINEAR_ONLY_ROUNDTRIP,12.337752847671561,50697.67261034764,0.00012898219763919844,1.7481271776784175,0.04800547551550635,3.0559486293379097,1.0,False,True,1.0,False,1.0,False,0,diagnostic_counterfactual,1.0000000000000009,False,12.337752847671561,50697.67261034764,0.00012898219763919833,1.7481271776784175,0.04800547551550635,3.0559486293379097,-3.8764568843774326e+23,-6.598473323293773e+21,-4.649334428563634e+22,1.0,3.262486702329281e-16,validation_target,0.0,1.0,False,"[1.0,1.0000000000000002,1.0,1.0,1.0,1.0,1.0,1.0]",1.0,1.0,101,1.0,False,1.0,False
0.0,Bcc1,diagnostic_counterfactual,FLOAT64_REFERENCE,12.337752847671553,50697.672610347596,0.00012898219763919833,1.748127177678417,0.048005475515506324,3.055948629337908,0.9999999999999993,False,True,0.9999999999999994,False,0.9999999999999991,False,0,diagnostic_counterfactual; full canonical calculation in CPU float64,1.0,False,12.337752847671561,50697.67261034764,0.00012898219763919833,1.7481271776784175,0.04800547551550635,3.0559486293379097,-3.8764568910387705e+23,-6.598473878405286e+21,-4.649334517381475e+22,1.0,1.2283400392145489e-15,validation_target,0.0,1.0,False,"[0.9999999999999996,1.0000000000000004,1.0000000000000002,1.0,0.9999999999999994,1.0,1.0000000000000002,1.0000000000000002]",1.0,1.0,101,0.9999999999999998,False,0.9999999999999994,False
0.10106277465820312,Bcc2,diagnostic_counterfactual,CANONICAL_FULL,0.13481904193758965,2.7336963637345546,0.0001469334165995754,0.022859040076461053,0.0008999245448679617,0.0005225357132172526,0.11937369659510122,False,True,0.01842310993320223,False,0.0029284505421700324,False,0,frozen canonical tensor encode/decode,0.009218058862149991,False,1.1293865045905118,933.4958280390962,0.015939735121772165,0.16841335097428087,0.006978909440633675,0.02836305678638631,0.0,0.0,0.0,0.0,0.9209306612801521,validation_target,0.2496795654296875,0.009218058862149991,False,"[0.015631660433482953,0.9609047658956208,1.00000000856993,0.9999999968267979,0.9999999810436576,0.9999999997073218,1.0000000117109464,0.9999998926873437]",0.9999999889352278,0.9999961853027344,101,0.1357317572758941,False,0.12894916498389897,False
0.10106277465820312,Bcc2,diagnostic_counterfactual,NO_FINAL_INVERSE_CLAMP,1.1294074100770435,933.5001955853592,0.01593978299020362,0.16841359641226547,0.006978905406114111,0.028363139456513437,1.0000185104802002,False,True,1.0000029147114766,False,1.0000046786992847,False,0,diagnostic_counterfactual; actual float32 encoded state; inverse clamp bypassed,1.0000030030882627,False,1.1293865045905118,933.4958280390962,0.015939735121772165,0.16841335097428087,0.006978909440633675,0.02836305678638631,1.0000210196767103,1.0000029694173795,1.0000046924408657,0.9999998458882088,9.717417918483373e-05,validation_target,0.2496795654296875,0.9999998473088203,False,"[1.000003158338512,0.9999997357743662,0.999999845010152,0.9999999083108351,0.9999997957721025,0.9999998496074884,0.9999998729557152,0.9999997151854491]",0.9999998473088203,0.9999961853027344,101,1.0000014573546763,False,0.9999994218982782,False
0.10106277465820312,Bcc2,diagnostic_counterfactual,NO_SOFTCLIP_COUNTERFACTUAL,1.1293865045905118,933.495828039096,0.015939735121772165,0.16841335097428087,0.006978909440633676,0.028363056786386315,1.0,False,True,1.0000000000000002,False,0.9999999999999998,False,0,diagnostic_counterfactual,1.0,False,1.1293865045905118,933.4958280390962,0.015939735121772165,0.16841335097428087,0.006978909440633675,0.02836305678638631,1.0,1.0000000000000002,0.9999999999999998,1.0,2.894981576798069e-16,validation_target,0.2496795654296875,1.0,False,"[1.0,1.0,0.9999999999999997,1.0000000000000004,1.0,0.9999999999999999,1.0,1.0]",1.0,1.0,101,1.0,False,1.0000000000000002,False
0.10106277465820312,Bcc2,diagnostic_counterfactual,NORMALIZER_ONLY_ROUNDTRIP,1.1293865045905118,933.495828039096,0.015939735121772165,0.16841335097428087,0.006978909440633676,0.028363056786386315,1.0,False,True,1.0000000000000002,False,0.9999999999999998,False,0,diagnostic_counterfactual,1.0,False,1.1293865045905118,933.4958280390962,0.015939735121772165,0.16841335097428087,0.006978909440633675,0.02836305678638631,1.0,1.0000000000000002,0.9999999999999998,1.0,2.894981576798069e-16,validation_target,0.2496795654296875,1.0,False,"[1.0,1.0,0.9999999999999997,1.0000000000000004,1.0,0.9999999999999999,1.0,1.0]",1.0,1.0,101,1.0,False,1.0000000000000002,False
0.10106277465820312,Bcc2,diagnostic_counterfactual,NONLINEAR_ONLY_ROUNDTRIP,1.1293865045905118,933.4958280390961,0.015939735121772165,0.16841335097428087,0.006978909440633675,0.028363056786386315,1.0,False,True,1.0000000000000002,False,0.9999999999999999,False,0,diagnostic_counterfactual,1.0,False,1.1293865045905118,933.4958280390962,0.015939735121772165,0.16841335097428087,0.006978909440633675,0.02836305678638631,1.0,1.0000000000000002,0.9999999999999999,1.0,2.884211606992152e-16,validation_target,0.2496795654296875,1.0,False,"[1.0,1.0,1.0,1.0,1.0,1.0,1.0,1.0]",1.0,1.0,101,1.0,False,1.0,False
0.10106277465820312,Bcc2,diagnostic_counterfactual,FLOAT64_REFERENCE,0.13481894023784463,2.7336922004583197,0.00014693321707140422,0.02285902611958562,0.0008999240475640321,0.0005225350751358976,0.11937360654643799,False,True,0.018423087436284503,False,0.0029284460822933947,False,0,diagnostic_counterfactual; full canonical calculation in CPU float64,0.009218046344490844,False,1.1293865045905118,933.4958280390962,0.015939735121772165,0.16841335097428087,0.006978909440633675,0.02836305678638631,-1.0225525048047824e-07,-2.2919159931000904e-08,-4.472975525303916e-09,-1.2634121220152718e-08,0.920930723765469,validation_target,0.2496795654296875,0.009218046344490844,False,"[0.0156316389192257,0.9609045884077254,1.0000000000000007,1.0,0.9999999999999998,0.9999999999999998,1.0,1.0]",0.9999999999999999,1.0,101,0.13573167440315656,False,0.12894909372578423,False
0.602294921875,Bcc3,diagnostic_counterfactual,CANONICAL_FULL,0.010797557421028614,0.10941401860123463,2.687203603815582e-10,0.004306621598884527,7.912877845556155e-05,1.8546989595978718e-05,0.0005198998436043463,False,True,2.370472417305703e-06,False,5.18184169182754e-07,False,0,frozen canonical tensor encode/decode,7.680412333048726e-07,False,20.76853369712833,211148.90247186678,0.0003498775179364493,2.7971725718792815,0.09416060872968664,7.8241743968737545,0.0,0.0,0.0,0.0,0.9993625038139295,validation_target,0.650146484375,7.680412333048726e-07,False,"[4.735718411063356e-07,2.9085810734511657e-05,0.0007370270588701283,0.010146376400739591,0.06347464460092493,0.42334496406736605,1.0000000097073936,1.0000000378340739]",0.03681051050083226,1.0,101,0.0015396338581967154,False,0.0008403596739983064,False
0.602294921875,Bcc3,diagnostic_counterfactual,NO_FINAL_INVERSE_CLAMP,,,,,,,,,False,,,,,120807,diagnostic_counterfactual; actual float32 encoded state; inverse clamp bypassed,,,,,,,,,,,,,,validation_target,0.650146484375,,,,,,101,,,,
0.602294921875,Bcc3,diagnostic_counterfactual,NO_SOFTCLIP_COUNTERFACTUAL,20.76853369712833,211148.9024718668,0.0003498775179364487,2.7971725718792815,0.09416060872968664,7.8241743968737545,1.0,False,True,1.0,False,1.0000000000000002,False,0,diagnostic_counterfactual,0.9999999999999983,False,20.76853369712833,211148.90247186678,0.0003498775179364493,2.7971725718792815,0.09416060872968664,7.8241743968737545,1.0,1.0,1.0000000000000002,0.9999999999999983,5.551851241233912e-16,validation_target,0.650146484375,0.9999999999999983,False,"[1.0,1.0,1.0,1.0,0.9999999999999999,1.0,1.0,1.0]",1.0,1.0,101,1.0,False,1.0,False
0.602294921875,Bcc3,diagnostic_counterfactual,NORMALIZER_ONLY_ROUNDTRIP,20.76853369712833,211148.9024718668,0.0003498775179364487,2.7971725718792815,0.09416060872968664,7.8241743968737545,1.0,False,True,1.0,False,1.0000000000000002,False,0,diagnostic_counterfactual,0.9999999999999983,False,20.76853369712833,211148.90247186678,0.0003498775179364493,2.7971725718792815,0.09416060872968664,7.8241743968737545,1.0,1.0,1.0000000000000002,0.9999999999999983,5.551851241233912e-16,validation_target,0.650146484375,0.9999999999999983,False,"[1.0,1.0,1.0,1.0,0.9999999999999999,1.0,1.0,1.0]",1.0,1.0,101,1.0,False,1.0,False
0.602294921875,Bcc3,diagnostic_counterfactual,NONLINEAR_ONLY_ROUNDTRIP,20.76853369712833,211148.9024718668,0.000349877517936449,2.7971725718792815,0.09416060872968664,7.8241743968737545,1.0,False,True,1.0,False,1.0000000000000002,False,0,diagnostic_counterfactual,0.9999999999999992,False,20.76853369712833,211148.90247186678,0.0003498775179364493,2.7971725718792815,0.09416060872968664,7.8241743968737545,1.0,1.0,1.0000000000000002,0.9999999999999992,2.9622090344864024e-16,validation_target,0.650146484375,0.9999999999999992,False,"[1.0,1.0,1.0,1.0,0.9999999999999999,1.0,1.0,1.0]",1.0,1.0,101,1.0,False,1.0,False
0.602294921875,Bcc3,diagnostic_counterfactual,FLOAT64_REFERENCE,0.01079755544610649,0.10941398013021718,2.687202777387232e-10,0.004306620853599291,7.912876568347679e-05,1.8546983176656287e-05,0.0005198997485123117,False,True,2.370471596858445e-06,False,5.181839869842343e-07,False,0,diagnostic_counterfactual; full canonical calculation in CPU float64,7.680409970998273e-07,False,20.76853369712833,211148.90247186678,0.0003498775179364493,2.7971725718792815,0.09416060872968664,7.8241743968737545,-9.514149866575177e-11,-8.204492028222404e-13,-1.8219861407861018e-13,-2.3620522671335755e-13,0.9993625039303506,validation_target,0.650146484375,7.680409970998273e-07,False,"[4.735716678694852e-07,2.908580009465978e-05,0.0007370267892589834,0.010146372728180785,0.06347462555429541,0.42334486859997966,1.0,1.0]",0.036810499141238094,1.0,101,0.0015396335917543644,False,0.0008403595383568218,False
0.0,rho,diagnostic_counterfactual,CANONICAL_FULL,10.905152340912037,461692.8593007314,0.7027861180338113,3.965727533416944,0.1599778551235394,15.726994869301238,0.9999994604231033,False,True,1.0000000791124894,False,1.000000252659377,False,0,frozen canonical tensor encode/decode,1.000000057676871,False,10.90515822508347,461692.74264973064,0.7027860774993093,3.9657273765476644,0.15997785152976465,15.72699362509962,0.0,0.0,0.0,0.0,8.812364239111745e-07,validation_target,0.0,1.0000000082951073,False,"[1.000000090659254,1.0000000119543038,0.9999999895266242,0.9999999394916381,1.000000004635911,0.9999997073040435,1.0000001747379952,1.0000000592598863]",1.0000000082951073,1.0,101,1.000000039556244,False,1.0000000224642018,False
0.0,rho,diagnostic_counterfactual,NO_FINAL_INVERSE_CLAMP,10.90515354588581,461693.3192807275,0.7027867860598042,3.965729520133308,0.15997793165218874,15.727010626856757,0.9999995709188657,False,True,1.0000010810557658,False,1.0000012489496661,False,0,diagnostic_counterfactual; actual float32 encoded state; inverse clamp bypassed,1.0000010082164652,False,10.90515822508347,461692.74264973064,0.7027860774993093,3.9657273765476644,0.15997785152976465,15.72699362509962,0.20478223419252092,1.0019432763463953e+24,9.962902891569314e+23,7.121401670584504e+23,9.554542778294664e-07,validation_target,0.0,1.0000007204352743,False,"[1.0000011163292395,1.0000008707600174,1.000000873663562,1.0000007103636457,1.0000006827991585,1.000000274598568,1.000000730506903,1.0000006735170075]",1.0000007204352743,1.0,101,1.0000005405277368,False,1.00000050083448,False
0.0,rho,diagnostic_counterfactual,NO_SOFTCLIP_COUNTERFACTUAL,10.90515822508347,461692.74264973064,0.7027860774993093,3.9657273765476644,0.15997785152976465,15.72699362509962,1.0,False,True,1.0,False,1.0,False,0,diagnostic_counterfactual,1.0,False,10.90515822508347,461692.74264973064,0.7027860774993093,3.9657273765476644,0.15997785152976465,15.72699362509962,1.0,-7.911248944836302e+22,-2.5265937697582782e+23,-8.295107267741741e+21,9.15579288895826e-16,validation_target,0.0,1.0,False,"[1.0,1.0000000000000002,1.0,1.0,0.9999999999999999,1.0000000000000002,1.0000000000000002,1.0]",1.0,1.0,101,1.0,False,1.0,False
0.0,rho,diagnostic_counterfactual,NORMALIZER_ONLY_ROUNDTRIP,10.90515822508347,461692.74264973064,0.7027860774993093,3.9657273765476644,0.15997785152976465,15.72699362509962,1.0,False,True,1.0,False,1.0,False,0,diagnostic_counterfactual,1.0,False,10.90515822508347,461692.74264973064,0.7027860774993093,3.9657273765476644,0.15997785152976465,15.72699362509962,1.0,-7.911248944836302e+22,-2.5265937697582782e+23,-8.295107267741741e+21,9.15579288895826e-16,validation_target,0.0,1.0,False,"[1.0,1.0000000000000002,1.0,1.0,0.9999999999999999,1.0000000000000002,1.0000000000000002,1.0]",1.0,1.0,101,1.0,False,1.0,False
0.0,rho,diagnostic_counterfactual,NONLINEAR_ONLY_ROUNDTRIP,10.905158225083468,461692.7426497306,0.7027860774993093,3.9657273765476644,0.15997785152976465,15.72699362509962,0.9999999999999999,False,True,1.0,False,0.9999999999999999,False,0,diagnostic_counterfactual,1.0,False,10.90515822508347,461692.74264973064,0.7027860774993093,3.9657273765476644,0.15997785152976465,15.72699362509962,0.9999999997942419,-7.911248944836302e+22,-2.5265937708685014e+23,-8.295107267741741e+21,1.7803467394763434e-16,validation_target,0.0,1.0,False,"[1.0000000000000002,1.0,1.0,1.0,1.0,1.0,1.0,1.0]",1.0,1.0,101,1.0,False,1.0,False
0.0,rho,diagnostic_counterfactual,FLOAT64_REFERENCE,10.90515822508346,461692.74264972983,0.7027860774993091,3.965727376547661,0.15997785152976454,15.726993625099592,0.999999999999999,False,True,0.9999999999999982,False,0.9999999999999982,False,0,diagnostic_counterfactual; full canonical calculation in CPU float64,0.9999999999999997,False,10.90515822508347,461692.74264973064,0.7027860774993093,3.9657273765476644,0.15997785152976465,15.72699362509962,0.9999999981481773,-7.911249122471986e+22,-2.526593787521847e+23,-8.295107933875555e+21,1.768923216979143e-15,validation_target,0.0,0.9999999999999993,False,"[0.9999999999999981,0.9999999999999986,0.9999999999999987,0.9999999999999993,0.9999999999999994,0.9999999999999993,0.9999999999999992,1.0]",0.9999999999999993,1.0,101,0.9999999999999991,False,0.9999999999999993,False
0.0,press,diagnostic_counterfactual,CANONICAL_FULL,0.40393343788077213,16477.36723554374,0.019099013839201068,0.5492623320416198,0.018765759503678484,0.30168910939979854,0.9999994208255335,False,True,0.9999999471310116,False,0.9999997756759416,False,0,frozen canonical tensor encode/decode,0.9999999837955393,False,0.403933671828841,16477.37093181446,0.01909901414869029,0.5492623465610923,0.01876576023656862,0.3016891253497974,0.0,0.0,0.0,0.0,9.78814687332403e-07,validation_target,0.0,0.9999999587524124,False,"[0.9999999456681875,0.9999998627875172,1.0000001359491533,0.9999999961971641,0.9999999450282095,0.9999999718366374,1.0000000586672004,0.9999999282952049]",0.9999999587524124,1.0,101,0.9999999735655054,False,0.9999999609453533,False
0.0,press,diagnostic_counterfactual,NO_FINAL_INVERSE_CLAMP,0.4039332883985597,16477.33388443829,0.019098980194947004,0.5492618087325492,0.018765742573973825,0.3016885345321514,0.9999990507593003,False,True,0.999998041634264,False,0.9999977516209154,False,0,diagnostic_counterfactual; actual float32 encoded state; inverse clamp bypassed,0.9999982222253452,False,0.403933671828841,16477.37093181446,0.01909901414869029,0.5492623465610923,0.01876576023656862,0.3016891253497974,-0.6389546753518438,-36.04186130546797,-9.022906594221991,-42.10008802093769,1.3057267776277563e-06,validation_target,0.0,0.9999982222253452,False,"[0.9999980293418517,0.9999983282469372,0.999998644333644,0.9999987253690574,0.9999988731291868,0.9999990388600963,0.999999093298096,0.9999989611951707]",0.9999987992491222,1.0,101,0.9999990208166525,False,0.9999990587860778,False
0.0,press,diagnostic_counterfactual,NO_SOFTCLIP_COUNTERFACTUAL,0.40393367182884093,16477.37093181446,0.01909901414869029,0.5492623465610922,0.01876576023656862,0.30168912534979736,0.9999999999999999,False,True,0.9999999999999998,False,1.0,False,0,diagnostic_counterfactual,1.0,False,0.403933671828841,16477.37093181446,0.01909901414869029,0.5492623465610923,0.01876576023656862,0.3016891253497974,0.9999999998083094,0.9999999958000974,1.0,1.0,1.126606078218224e-15,validation_target,0.0,1.0,False,"[0.9999999999999997,0.9999999999999997,1.0,1.0,1.0,1.0,1.0,1.0]",1.0,1.0,101,0.9999999999999998,False,1.0,False
0.0,press,diagnostic_counterfactual,NORMALIZER_ONLY_ROUNDTRIP,0.40393367182884093,16477.37093181446,0.01909901414869029,0.5492623465610922,0.01876576023656862,0.30168912534979736,0.9999999999999999,False,True,0.9999999999999998,False,1.0,False,0,diagnostic_counterfactual,1.0,False,0.403933671828841,16477.37093181446,0.01909901414869029,0.5492623465610923,0.01876576023656862,0.3016891253497974,0.9999999998083094,0.9999999958000974,1.0,1.0,1.126606078218224e-15,validation_target,0.0,1.0,False,"[0.9999999999999997,0.9999999999999997,1.0,1.0,1.0,1.0,1.0,1.0]",1.0,1.0,101,0.9999999999999998,False,1.0,False
0.0,press,diagnostic_counterfactual,NONLINEAR_ONLY_ROUNDTRIP,0.403933671828841,16477.37093181446,0.01909901414869029,0.5492623465610922,0.01876576023656862,0.30168912534979736,1.0,False,True,0.9999999999999998,False,1.0,False,0,diagnostic_counterfactual,1.0,False,0.403933671828841,16477.37093181446,0.01909901414869029,0.5492623465610923,0.01876576023656862,0.3016891253497974,1.0,0.9999999958000974,1.0,1.0,1.3289110371073437e-16,validation_target,0.0,1.0,False,"[0.9999999999999998,1.0,1.0,1.0,0.9999999999999999,1.0,1.0,1.0]",1.0,1.0,101,0.9999999999999998,False,1.0,False
0.0,press,diagnostic_counterfactual,FLOAT64_REFERENCE,0.40393367182884055,16477.370931814417,0.019099014148690283,0.5492623465610916,0.0187657602365686,0.3016891253497967,0.9999999999999989,False,True,0.9999999999999976,False,0.9999999999999973,False,0,diagnostic_counterfactual; full canonical calculation in CPU float64,0.9999999999999997,False,0.403933671828841,16477.37093181446,0.01909901414869029,0.5492623465610923,0.01876576023656862,0.3016891253497974,0.9999999980830939,0.9999999538010708,0.9999999881219371,0.9999999919251785,2.0398695704803767e-15,validation_target,0.0,0.9999999999999997,False,"[0.9999999999999977,0.9999999999999983,0.9999999999999993,1.0000000000000002,1.0,0.9999999999999998,1.0,1.0000000000000002]",0.9999999999999999,1.0,101,0.9999999999999988,False,0.9999999999999989,False
0.0,vel1,diagnostic_counterfactual,CANONICAL_FULL,1.715463101863861,936.6159806325278,0.028487913588731494,0.4103923309010151,0.03137085551264968,0.1684218652623683,0.9999999911534668,False,True,0.9999999983428539,False,0.9999999968429345,False,0,frozen canonical tensor encode/decode,0.9999999971243368,False,1.7154631170397625,936.6159835894858,0.028487913670653137,0.4103923312410552,0.03137085551517314,0.16842186554146793,0.0,0.0,0.0,0.0,7.350492064111226e-08,validation_target,0.0052032470703125,0.9999999971243368,False,"[0.9999999994404459,1.000000000147598,0.9999999987453236,1.0000000005283933,1.0000000015121684,0.9999999999060198,0.9999999951105838,0.9999999908385102]",0.9999999996732329,1.0,101,0.9999999991714269,False,0.9999999999195603,False
0.0,vel1,diagnostic_counterfactual,NO_FINAL_INVERSE_CLAMP,1.7154631663814923,936.6159905963443,0.028487914024395294,0.41039233413685466,0.03137085568070241,0.16842186791829578,1.000000028762921,False,True,1.0000000141123473,False,1.0000000074810367,False,0,diagnostic_counterfactual; actual float32 encoded state; inverse clamp bypassed,1.0000000124172714,False,1.7154631170397625,936.6159835894858,0.028487913670653137,0.4103923312410552,0.03137085551517314,0.16842186554146793,4.251321209389461,9.516055042644684,3.3696171916490734,5.318054923946798,5.8111048088963605e-08,validation_target,0.0052032470703125,1.0000000124172714,False,"[1.0000000130330813,1.000000015191864,1.000000014721926,1.0000000150886497,1.000000012412634,1.0000000173956969,1.0000000118678591,1.000000007307525]",1.0000000138775036,1.0,101,1.0000000070561734,False,1.00000000527653,False
0.0,vel1,diagnostic_counterfactual,NO_SOFTCLIP_COUNTERFACTUAL,1.7154631170397625,936.615983589486,0.028487913670653137,0.4103923312410552,0.03137085551517314,0.16842186554146793,1.0,False,True,1.0,False,1.0000000000000002,False,0,diagnostic_counterfactual,1.0,False,1.7154631170397625,936.6159835894858,0.028487913670653137,0.4103923312410552,0.03137085551517314,0.16842186554146793,1.0,1.0,1.0000000703325937,1.0,2.704458926062803e-17,validation_target,0.0052032470703125,1.0,False,"[1.0,1.0,1.0,1.0,1.0,1.0,1.0,1.0]",1.0,1.0,101,1.0,False,1.0,False
0.0,vel1,diagnostic_counterfactual,NORMALIZER_ONLY_ROUNDTRIP,1.7154631170397625,936.615983589486,0.028487913670653137,0.4103923312410552,0.03137085551517314,0.16842186554146793,1.0,False,True,1.0,False,1.0000000000000002,False,0,diagnostic_counterfactual,1.0,False,1.7154631170397625,936.6159835894858,0.028487913670653137,0.4103923312410552,0.03137085551517314,0.16842186554146793,1.0,1.0,1.0000000703325937,1.0,2.704458926062803e-17,validation_target,0.0052032470703125,1.0,False,"[1.0,1.0,1.0,1.0,1.0,1.0,1.0,1.0]",1.0,1.0,101,1.0,False,1.0,False
0.0,vel1,diagnostic_counterfactual,NONLINEAR_ONLY_ROUNDTRIP,1.7154631170397625,936.6159835894858,0.028487913670653137,0.4103923312410552,0.03137085551517314,0.16842186554146793,1.0,False,True,1.0,False,1.0,False,0,diagnostic_counterfactual,1.0,False,1.7154631170397625,936.6159835894858,0.028487913670653137,0.4103923312410552,0.03137085551517314,0.16842186554146793,1.0,1.0,1.0,1.0,0.0,validation_target,0.0052032470703125,1.0,False,"[1.0,1.0,1.0,1.0,1.0,1.0,1.0,1.0]",1.0,1.0,101,1.0,False,1.0,False
0.0,vel1,diagnostic_counterfactual,FLOAT64_REFERENCE,1.7154631170397625,936.6159835894858,0.028487913670653137,0.41039233124105506,0.03137085551517314,0.16842186554146787,1.0,False,True,0.9999999999999997,False,1.0,False,0,diagnostic_counterfactual; full canonical calculation in CPU float64,1.0,False,1.7154631170397625,936.6159835894858,0.028487913670653137,0.4103923312410552,0.03137085551517314,0.16842186554146793,1.0,0.9999997990117407,1.0,1.0,1.4084144727092044e-16,validation_target,0.0052032470703125,1.0,False,"[1.0,0.9999999999999999,0.9999999999999999,1.0,1.0,1.0,0.9999999999999999,0.9999999999999999]",1.0,1.0,101,0.9999999999999998,False,1.0,False
0.031047821044921875,vel2,diagnostic_counterfactual,CANONICAL_FULL,0.07146307080984116,1.1364039083057418,2.4616626788070737e-08,0.009858466326041948,0.0006677898026772339,9.718935830170304e-05,0.7599988287049283,False,True,0.5969244085749953,False,0.31453946640716973,False,0,frozen canonical tensor encode/decode,0.4730549231171505,False,0.09403050124645244,3.612913575794882,5.203756601001383e-08,0.01275997103199645,0.0008638074251771064,0.00016281686073738857,0.0,0.0,0.0,0.0,0.3508192217284504,validation_target,0.0556793212890625,0.4730549231171505,False,"[0.5018983395766579,0.9999999970982234,0.999999999517454,0.9999999997512444,0.9999999964997557,0.9999999999997591,1.0000000024454732,0.9999999981996897]",0.9999999988585718,1.0,101,0.7726088328352163,False,0.7730771734687474,False
0.031047821044921875,vel2,diagnostic_counterfactual,NO_FINAL_INVERSE_CLAMP,0.09403044849989285,3.612959456961124,5.204197490136765e-08,0.012759994195561085,0.0008638103250720304,0.00016281745187075256,0.9999994390484056,False,True,1.0000036306643016,False,1.000012699214991,False,0,diagnostic_counterfactual; actual float32 encoded state; inverse clamp bypassed,1.0000847251647584,False,0.09403050124645244,3.612913575794882,5.203756601001383e-08,0.01275997103199645,0.0008638074251771064,0.00016281686073738857,0.9999976627130969,1.0000090074030255,1.0000185265443722,1.0000000107719371,0.0002494074730484356,validation_target,0.0556793212890625,1.0000000056762193,False,"[1.0000044687105385,1.000000003709192,1.0000000054692422,1.0000000071767177,1.000000005264206,1.0000000058831964,1.0000000110658285,1.0000000038850045]",1.0000000056762193,1.0,101,1.0000018153305033,False,1.0000033571081233,False
0.031047821044921875,vel2,diagnostic_counterfactual,NO_SOFTCLIP_COUNTERFACTUAL,0.09403050124645246,3.612913575794882,5.203756601001383e-08,0.01275997103199645,0.0008638074251771064,0.00016281686073738857,1.0000000000000002,False,True,1.0,False,1.0,False,0,diagnostic_counterfactual,1.0,False,0.09403050124645244,3.612913575794882,5.203756601001383e-08,0.01275997103199645,0.0008638074251771064,0.00016281686073738857,1.0000000000000009,1.0,1.0,1.0,4.763265465307314e-17,validation_target,0.0556793212890625,1.0,False,"[1.0,1.0,1.0,1.0,1.0,1.0000000000000002,1.0,1.0]",1.0,1.0,101,1.0,False,1.0,False
0.031047821044921875,vel2,diagnostic_counterfactual,NORMALIZER_ONLY_ROUNDTRIP,0.09403050124645246,3.612913575794882,5.203756601001383e-08,0.01275997103199645,0.0008638074251771064,0.00016281686073738857,1.0000000000000002,False,True,1.0,False,1.0,False,0,diagnostic_counterfactual,1.0,False,0.09403050124645244,3.612913575794882,5.203756601001383e-08,0.01275997103199645,0.0008638074251771064,0.00016281686073738857,1.0000000000000009,1.0,1.0,1.0,4.763265465307314e-17,validation_target,0.0556793212890625,1.0,False,"[1.0,1.0,1.0,1.0,1.0,1.0000000000000002,1.0,1.0]",1.0,1.0,101,1.0,False,1.0,False
0.031047821044921875,vel2,diagnostic_counterfactual,NONLINEAR_ONLY_ROUNDTRIP,0.09403050124645244,3.612913575794882,5.203756601001383e-08,0.01275997103199645,0.0008638074251771064,0.00016281686073738857,1.0,False,True,1.0,False,1.0,False,0,diagnostic_counterfactual,1.0,False,0.09403050124645244,3.612913575794882,5.203756601001383e-08,0.01275997103199645,0.0008638074251771064,0.00016281686073738857,1.0,1.0,1.0,1.0,0.0,validation_target,0.0556793212890625,1.0,False,"[1.0,1.0,1.0,1.0,1.0,1.0,1.0,1.0]",1.0,1.0,101,1.0,False,1.0,False
0.031047821044921875,vel2,diagnostic_counterfactual,FLOAT64_REFERENCE,0.07146305821902146,1.1364036226713803,2.461657994356809e-08,0.00985846560469275,0.0006677897607916678,9.718934407890997e-05,0.7599986948034865,False,True,0.5969243212204486,False,0.31453938734788545,False,0,diagnostic_counterfactual; full canonical calculation in CPU float64,0.4730540229116598,False,0.09403050124645244,3.612913575794882,5.203756601001383e-08,0.01275997103199645,0.0008638074251771064,0.00016281686073738857,-5.579199513935752e-07,-2.1672001124763586e-07,-1.1533747081174331e-07,-1.7083478529320079e-06,0.3508192925143276,validation_target,0.0556793212890625,0.4730540229116598,False,"[0.5018982316568684,1.0,1.0,0.9999999999999999,1.0,1.0000000000000002,1.0,1.0]",1.0,1.0,101,0.772608776303019,False,0.7730771249792753,False
0.42935943603515625,vel3,diagnostic_counterfactual,CANONICAL_FULL,0.10325992060825229,6.640218757293153,0.001606497944839909,0.04518394168662675,0.001138435078797092,0.002041588586340486,0.08314299695140871,False,True,0.023831012845310234,False,0.0054457242723745854,False,0,frozen canonical tensor encode/decode,0.019574968185725686,False,1.241955719597172,1219.345384594309,0.0820689939108758,0.2926933559342452,0.01135295843795746,0.08566940060805077,0.0,0.0,0.0,0.0,0.850877807637239,validation_target,0.5108489990234375,0.019574968185725686,False,"[0.0,0.0,0.022437982533637154,0.22962927501098138,0.5114477614454528,0.9478663277629026,0.9999999954278512,1.0000000025787688]",0.3705385182282171,1.0,101,0.15437296669206768,False,0.10027651250715852,False
0.42935943603515625,vel3,diagnostic_counterfactual,NO_FINAL_INVERSE_CLAMP,,,,,,,,,False,,,,,52169,diagnostic_counterfactual; actual float32 encoded state; inverse clamp bypassed,,,,,,,,,,,,,,validation_target,0.5108489990234375,,,,,,101,,,,
0.42935943603515625,vel3,diagnostic_counterfactual,NO_SOFTCLIP_COUNTERFACTUAL,1.241955719597172,1219.345384594309,0.0820689939108758,0.2926933559342452,0.01135295843795746,0.08566940060805077,1.0,False,True,1.0,False,1.0,False,0,diagnostic_counterfactual,1.0,False,1.241955719597172,1219.345384594309,0.0820689939108758,0.2926933559342452,0.01135295843795746,0.08566940060805077,1.0,1.0,1.0,1.0,3.934756220983471e-17,validation_target,0.5108489990234375,1.0,False,"[1.0,1.0,1.0,0.9999999999999998,1.0,1.0,1.0,1.0]",1.0,1.0,101,1.0,False,1.0,False
0.42935943603515625,vel3,diagnostic_counterfactual,NORMALIZER_ONLY_ROUNDTRIP,1.241955719597172,1219.345384594309,0.0820689939108758,0.2926933559342452,0.01135295843795746,0.08566940060805077,1.0,False,True,1.0,False,1.0,False,0,diagnostic_counterfactual,1.0,False,1.241955719597172,1219.345384594309,0.0820689939108758,0.2926933559342452,0.01135295843795746,0.08566940060805077,1.0,1.0,1.0,1.0,3.934756220983471e-17,validation_target,0.5108489990234375,1.0,False,"[1.0,1.0,1.0,0.9999999999999998,1.0,1.0,1.0,1.0]",1.0,1.0,101,1.0,False,1.0,False
0.42935943603515625,vel3,diagnostic_counterfactual,NONLINEAR_ONLY_ROUNDTRIP,1.241955719597172,1219.345384594309,0.0820689939108758,0.2926933559342452,0.01135295843795746,0.08566940060805077,1.0,False,True,1.0,False,1.0,False,0,diagnostic_counterfactual,1.0,False,1.241955719597172,1219.345384594309,0.0820689939108758,0.2926933559342452,0.01135295843795746,0.08566940060805077,1.0,1.0,1.0,1.0,0.0,validation_target,0.5108489990234375,1.0,False,"[1.0,1.0,1.0,1.0,1.0,1.0,1.0,1.0]",1.0,1.0,101,1.0,False,1.0,False
0.42935943603515625,vel3,diagnostic_counterfactual,FLOAT64_REFERENCE,0.10325990144883013,6.640216282446843,0.001606497307602831,0.04518393325782438,0.001138434882853595,0.0020415878246475283,0.08314298152459287,False,True,0.023831003954236495,False,0.005445722242722987,False,0,diagnostic_counterfactual; full canonical calculation in CPU float64,0.019574960421074903,False,1.241955719597172,1219.345384594309,0.0820689939108758,0.2926933559342452,0.01135295843795746,0.08566940060805077,-1.6825759946605188e-08,-9.108129694096385e-09,-2.0407650424249697e-09,-7.919678232898519e-09,0.8508778331870375,validation_target,0.5108489990234375,0.019574960421074903,False,"[1.169404503816481e-32,6.614248195675041e-32,0.022437959679025555,0.22962915519147864,0.5114476016423642,0.9478662531453912,1.0000000000000002,1.0]",0.37053837841692144,1.0,101,0.15437293789468573,False,0.10027649524791299,False
0.0,Bcc1,diagnostic_counterfactual,CANONICAL_FULL,12.738195238113407,53657.64416825628,0.00012634691865546702,1.7978136301166827,0.04925922345213226,3.232133848633324,0.999999695664508,False,True,1.0000000085159104,False,1.0000001028962973,False,0,frozen canonical tensor encode/decode,0.9999993847677726,False,12.738199114799503,53657.63864708394,0.00012634699638821103,1.7978136224616728,0.04925922248678858,3.232133821108762,0.0,0.0,0.0,0.0,6.347216101890296e-07,validation_target,0.0,0.9999993847677726,False,"[1.0000000090542571,1.0000000049613416,0.9999999955982859,0.9999999983054358,0.9999999927246704,0.9999999924218327,0.9999999791992871,0.9999999964429153]",0.9999999960206005,1.0,102,1.0000000042579553,False,1.0000000195972172,False
0.0,Bcc1,diagnostic_counterfactual,NO_FINAL_INVERSE_CLAMP,12.738190975451671,53657.620833500194,0.0001263469435215924,1.7978132579255393,0.049259213630107344,3.2321325103728418,0.9999993610283715,False,True,0.9999995944673108,False,0.9999996680140201,False,0,diagnostic_counterfactual; actual float32 encoded state; inverse clamp bypassed,0.9999995815759761,False,12.738199114799503,53657.63864708394,0.00012634699638821103,1.7978136224616728,0.04925922248678858,3.232133821108762,-1.0995632952171144,-4.140485996284582e+23,-4.3488227718935235e+23,0.3198925458575416,5.567578854478966e-07,validation_target,0.0,0.9999995815759761,False,"[0.9999995908372543,0.99999962107704,0.9999996635674421,0.9999996875552073,0.9999997045821886,0.9999997553149282,0.9999997883216528,0.9999998269620872]",0.9999996960686979,1.0,102,0.9999997972336349,False,0.9999998202025775,False
0.0,Bcc1,diagnostic_counterfactual,NO_SOFTCLIP_COUNTERFACTUAL,12.738199114799507,53657.63864708395,0.00012634699638821074,1.7978136224616728,0.04925922248678858,3.232133821108762,1.0000000000000002,False,True,1.0,False,1.0000000000000002,False,0,diagnostic_counterfactual,0.9999999999999977,False,12.738199114799503,53657.63864708394,0.00012634699638821103,1.7978136224616728,0.04925922248678858,3.232133821108762,1.0000000007296046,-8.515910421280636e+21,-1.0289629703841284e+23,0.9999999962104256,6.540577677053579e-16,validation_target,0.0,0.9999999999999977,False,"[0.9999999999999999,1.0000000000000002,1.0000000000000002,1.0,1.0,1.0000000000000002,1.0,1.0]",1.0,1.0,102,1.0,False,1.0,False
0.0,Bcc1,diagnostic_counterfactual,NORMALIZER_ONLY_ROUNDTRIP,12.738199114799507,53657.63864708395,0.00012634699638821074,1.7978136224616728,0.04925922248678858,3.232133821108762,1.0000000000000002,False,True,1.0,False,1.0000000000000002,False,0,diagnostic_counterfactual,0.9999999999999977,False,12.738199114799503,53657.63864708394,0.00012634699638821103,1.7978136224616728,0.04925922248678858,3.232133821108762,1.0000000007296046,-8.515910421280636e+21,-1.0289629703841284e+23,0.9999999962104256,6.540577677053579e-16,validation_target,0.0,0.9999999999999977,False,"[0.9999999999999999,1.0000000000000002,1.0000000000000002,1.0,1.0,1.0000000000000002,1.0,1.0]",1.0,1.0,102,1.0,False,1.0,False
0.0,Bcc1,diagnostic_counterfactual,NONLINEAR_ONLY_ROUNDTRIP,12.738199114799503,53657.63864708394,0.0001263469963882108,1.7978136224616728,0.04925922248678858,3.232133821108762,1.0,False,True,1.0,False,1.0,False,0,diagnostic_counterfactual,0.9999999999999981,False,12.738199114799503,53657.63864708394,0.00012634699638821103,1.7978136224616728,0.04925922248678858,3.232133821108762,1.0,-8.515910421280636e+21,-1.0289629726045745e+23,0.9999999969322493,3.297050707571642e-16,validation_target,0.0,0.9999999999999981,False,"[1.0,1.0,1.0000000000000002,1.0,1.0,1.0,1.0,1.0]",1.0,1.0,102,1.0,False,1.0,False
0.0,Bcc1,diagnostic_counterfactual,FLOAT64_REFERENCE,12.738199114799507,53657.638647083906,0.00012634699638821074,1.7978136224616723,0.04925922248678855,3.2321338211087602,1.0000000000000002,False,True,0.9999999999999994,False,0.9999999999999993,False,0,diagnostic_counterfactual; full canonical calculation in CPU float64,0.9999999999999977,False,12.738199114799503,53657.63864708394,0.00012634699638821103,1.7978136224616728,0.04925922248678858,3.232133821108762,1.0000000007296046,-8.515910976392148e+21,-1.0289629792659126e+23,0.9999999962104256,1.2275119603159496e-15,validation_target,0.0,0.9999999999999977,False,"[0.9999999999999996,1.0000000000000004,1.0000000000000002,0.9999999999999996,0.9999999999999996,0.9999999999999998,1.0,1.0]",0.9999999999999999,1.0,102,0.9999999999999998,False,0.9999999999999994,False
0.10201263427734375,Bcc2,diagnostic_counterfactual,CANONICAL_FULL,0.13481904193758965,2.8111846605641353,0.00014826532708378122,0.022900072327439517,0.0008985280051108569,0.0005244133126019611,0.11510711967869892,False,True,0.017004709338512457,False,0.002767111424220769,False,0,frozen canonical tensor encode/decode,0.008396940171599292,False,1.1712485058605675,1015.9275249842091,0.01765706603284544,0.17561121495480406,0.00723989559042808,0.030839298817902396,0.0,0.0,0.0,0.0,0.9242003229148533,validation_target,0.2482452392578125,0.008396940171599292,False,"[0.014337198148166004,0.9627435410416038,1.0000000099790676,0.9999999959347045,0.9999999759128331,0.9999999845212507,0.9999998846136617,0.9999997601933829]",0.9999999302632474,1.0,102,0.1304021063423151,False,0.12410786783980801,False
0.10201263427734375,Bcc2,diagnostic_counterfactual,NO_FINAL_INVERSE_CLAMP,1.1712747981671947,1015.9318085724874,0.017657013073822524,0.1756109437328967,0.007239856321510194,0.030839203558758615,1.0000224481025979,False,True,0.9999969111118789,False,1.0000042164309688,False,0,diagnostic_counterfactual; actual float32 encoded state; inverse clamp bypassed,0.9999970006895359,False,1.1712485058605675,1015.9275249842091,0.01765706603284544,0.17561121495480406,0.00723989559042808,0.030839298817902396,1.0000253681582225,0.9999968576775998,1.0000042281306776,0.9999969752912374,0.00010055371423240276,validation_target,0.2482452392578125,0.9999970006895359,False,"[0.9999968650463009,0.9999997765600517,0.9999998472382928,0.999999923051198,0.9999998266381044,0.999999839600132,0.9999997356115918,0.9999995734117662]",0.9999998015990781,0.9999923706054688,102,0.9999984555547468,False,0.9999945760380939,False
0.10201263427734375,Bcc2,diagnostic_counterfactual,NO_SOFTCLIP_COUNTERFACTUAL,1.1712485058605675,1015.927524984209,0.01765706603284544,0.17561121495480406,0.00723989559042808,0.0308392988179024,1.0,False,True,1.0000000000000002,False,0.9999999999999999,False,0,diagnostic_counterfactual,1.0,False,1.1712485058605675,1015.9275249842091,0.01765706603284544,0.17561121495480406,0.00723989559042808,0.030839298817902396,1.0,1.0000000000000002,0.9999999999999999,1.0,2.9203139590245937e-16,validation_target,0.2482452392578125,1.0,False,"[1.0,0.9999999999999998,1.0,1.0000000000000004,1.0,1.0,1.0,1.0]",1.0,1.0,102,1.0,False,1.0,False
0.10201263427734375,Bcc2,diagnostic_counterfactual,NORMALIZER_ONLY_ROUNDTRIP,1.1712485058605675,1015.927524984209,0.01765706603284544,0.17561121495480406,0.00723989559042808,0.0308392988179024,1.0,False,True,1.0000000000000002,False,0.9999999999999999,False,0,diagnostic_counterfactual,1.0,False,1.1712485058605675,1015.9275249842091,0.01765706603284544,0.17561121495480406,0.00723989559042808,0.030839298817902396,1.0,1.0000000000000002,0.9999999999999999,1.0,2.9203139590245937e-16,validation_target,0.2482452392578125,1.0,False,"[1.0,0.9999999999999998,1.0,1.0000000000000004,1.0,1.0,1.0,1.0]",1.0,1.0,102,1.0,False,1.0,False
0.10201263427734375,Bcc2,diagnostic_counterfactual,NONLINEAR_ONLY_ROUNDTRIP,1.1712485058605675,1015.9275249842091,0.01765706603284544,0.17561121495480406,0.00723989559042808,0.0308392988179024,1.0,False,True,1.0000000000000002,False,1.0,False,0,diagnostic_counterfactual,1.0,False,1.1712485058605675,1015.9275249842091,0.01765706603284544,0.17561121495480406,0.00723989559042808,0.030839298817902396,1.0,1.0000000000000002,1.0,1.0,2.9112274511620373e-16,validation_target,0.2482452392578125,1.0,False,"[1.0,0.9999999999999998,1.0,1.0,1.0,1.0,1.0,1.0]",1.0,1.0,102,1.0,False,1.0,False
0.10201263427734375,Bcc2,diagnostic_counterfactual,FLOAT64_REFERENCE,0.13481894023784463,2.811180574334454,0.0001482651217937997,0.02290005821184482,0.0008985275034410493,0.0005244126661058813,0.11510703284849637,False,True,0.01700468837512793,False,0.0027671074020542454,False,0,diagnostic_counterfactual; full canonical calculation in CPU float64,0.008396928545093442,False,1.1712485058605675,1015.9275249842091,0.01765706603284544,0.17561121495480406,0.00723989559042808,0.030839298817902396,-9.81251002090959e-08,-2.132602742600746e-08,-4.033327189196955e-09,-1.1724959634651318e-08,0.9242003831084856,validation_target,0.2482452392578125,0.008396928545093442,False,"[0.014337178283649481,0.9627433270613185,1.0000000000000009,1.0,0.9999999999999998,1.0,1.0,1.0]",1.0,1.0,102,0.13040202596251305,False,0.12410779854739883,False
0.6078987121582031,Bcc3,diagnostic_counterfactual,CANONICAL_FULL,0.010797557421028614,0.1106294303972981,2.3833421429081763e-10,0.004332552262105223,7.915876838333911e-05,1.8771009103873085e-05,0.0005048742525613901,False,True,2.2945183684084197e-06,False,5.035367113386715e-07,False,0,frozen canonical tensor encode/decode,3.509413590703983e-06,False,21.386627197265693,219704.79590889323,6.79128316258125e-05,2.860210790895564,0.09597318658971725,8.180805768355428,0.0,0.0,0.0,0.0,0.9993755904315728,validation_target,0.6633834838867188,3.509413590703983e-06,False,"[4.529412525282645e-07,2.769860241950851e-05,0.0007167343974363706,0.010186122735439698,0.051033194282070614,0.3303199941573322,1.0000000296865383,1.0000000484959133]",0.030609658508755154,1.0,102,0.0015147667703010982,False,0.0008248008761211679,False
0.6078987121582031,Bcc3,diagnostic_counterfactual,NO_FINAL_INVERSE_CLAMP,,,,,,,,,False,,,,,122432,diagnostic_counterfactual; actual float32 encoded state; inverse clamp bypassed,,,,,,,,,,,,,,validation_target,0.6633834838867188,,,,,,102,,,,
0.6078987121582031,Bcc3,diagnostic_counterfactual,NO_SOFTCLIP_COUNTERFACTUAL,21.386627197265696,219704.7959088932,6.791283162581283e-05,2.8602107908955645,0.09597318658971725,8.18080576835543,1.0000000000000002,False,True,1.0000000000000002,False,0.9999999999999999,False,0,diagnostic_counterfactual,1.0000000000000049,False,21.386627197265693,219704.79590889323,6.79128316258125e-05,2.860210790895564,0.09597318658971725,8.180805768355428,1.0000000000000002,1.0000000000000002,0.9999999999999999,1.0,5.646158478912508e-16,validation_target,0.6633834838867188,1.0,False,"[1.0,1.0000000000000002,1.0,1.0,1.0,1.0,1.0,1.0]",1.0,1.0,102,1.0000000000000002,False,1.0,False
0.6078987121582031,Bcc3,diagnostic_counterfactual,NORMALIZER_ONLY_ROUNDTRIP,21.386627197265696,219704.7959088932,6.791283162581283e-05,2.8602107908955645,0.09597318658971725,8.18080576835543,1.0000000000000002,False,True,1.0000000000000002,False,0.9999999999999999,False,0,diagnostic_counterfactual,1.0000000000000049,False,21.386627197265693,219704.79590889323,6.79128316258125e-05,2.860210790895564,0.09597318658971725,8.180805768355428,1.0000000000000002,1.0000000000000002,0.9999999999999999,1.0,5.646158478912508e-16,validation_target,0.6633834838867188,1.0,False,"[1.0,1.0000000000000002,1.0,1.0,1.0,1.0,1.0,1.0]",1.0,1.0,102,1.0000000000000002,False,1.0,False
0.6078987121582031,Bcc3,diagnostic_counterfactual,NONLINEAR_ONLY_ROUNDTRIP,21.38662719726569,219704.7959088932,6.791283162581248e-05,2.860210790895564,0.09597318658971725,8.180805768355428,0.9999999999999999,False,True,1.0,False,0.9999999999999999,False,0,diagnostic_counterfactual,0.9999999999999998,False,21.386627197265693,219704.79590889323,6.79128316258125e-05,2.860210790895564,0.09597318658971725,8.180805768355428,0.9999999999999999,1.0,0.9999999999999999,0.9999999999999998,2.9527294520579323e-16,validation_target,0.6633834838867188,0.9999999999999998,False,"[1.0,1.0,1.0,1.0,1.0,1.0,1.0,1.0]",1.0,1.0,102,1.0,False,1.0,False
0.6078987121582031,Bcc3,diagnostic_counterfactual,FLOAT64_REFERENCE,0.01079755544610649,0.1106293919248016,2.3833411262837524e-10,0.004332551515029481,7.915875486365881e-05,1.8771002630384253e-05,0.0005048741602176041,False,True,2.2945175771063136e-06,False,5.035365362287185e-07,False,0,diagnostic_counterfactual; full canonical calculation in CPU float64,3.509412093749137e-06,False,21.386627197265693,219704.79590889323,6.79128316258125e-05,2.860210790895564,0.09597318658971725,8.180805768355428,-9.23904314882743e-11,-7.913039218310945e-13,-1.7511004120311667e-13,-1.496960099215013e-12,0.9993755905456059,validation_target,0.6633834838867188,3.509412093749137e-06,False,"[4.529410868382695e-07,2.7698592287109943e-05,0.0007167341352484641,0.010186119047138516,0.051033178901728087,0.33031991879765593,1.0000000000000002,1.0]",0.0306096489744333,1.0,102,0.0015147665091050548,False,0.0008248007352518191,False
0.0,rho,diagnostic_counterfactual,CANONICAL_FULL,10.635696937936078,451236.90201182524,0.6797599058409487,3.90673979708567,0.15929874781009185,15.26261584213298,1.0000004510267881,False,True,0.9999999864635283,False,0.9999999331497185,False,0,frozen canonical tensor encode/decode,1.0000000062633094,False,10.635692140954013,451236.9321771412,0.6797599015834022,3.9067398235274067,0.15929875100053456,15.262616048734952,0.0,0.0,0.0,0.0,8.522299897020367e-07,validation_target,0.0,0.9999999734411518,False,"[0.9999999905911195,0.9999999562911839,0.9999999086564832,1.0000000309230914,1.0000000210378182,0.9999997187364337,1.0000000165015914,0.9999998783112952]",0.9999999734411518,1.0,102,0.999999993231764,False,0.999999979971954,False
0.0,rho,diagnostic_counterfactual,NO_FINAL_INVERSE_CLAMP,10.635698747452803,451237.4468174871,0.6797605542204763,3.9067417783281657,0.1592988285211542,15.26263132253472,1.0000006211630332,False,True,1.0000010007327524,False,1.0000011405102491,False,0,diagnostic_counterfactual; actual float32 encoded state; inverse clamp bypassed,1.0000009600994006,False,10.635692140954013,451236.9321771412,0.6797599015834022,3.9067398235274067,0.15929875100053456,15.262616048734952,1.701362450923227e+23,74.92862579306292,18.06066486159058,30.64677627289308,9.104471948280457e-07,validation_target,0.0,1.0000007873842316,False,"[1.000001004018129,1.0000010298473527,1.0000008072747355,1.0000007674937277,1.0000007180758776,1.000000394858944,1.0000008792043886,1.0000004466933574]",1.0000007873842316,1.0,102,1.0000005003662509,False,1.0000004866367072,False
0.0,rho,diagnostic_counterfactual,NO_SOFTCLIP_COUNTERFACTUAL,10.63569214095402,451236.9321771412,0.6797599015834022,3.9067398235274067,0.15929875100053456,15.262616048734952,1.0000000000000007,False,True,1.0,False,1.0,False,0,diagnostic_counterfactual,1.0,False,10.635692140954013,451236.9321771412,0.6797599015834022,3.9067398235274067,0.15929875100053456,15.262616048734952,-4.510267874735518e+23,1.0,1.0,1.0,9.058877261781894e-16,validation_target,0.0,1.0,False,"[1.0000000000000002,1.0,1.0,0.9999999999999998,1.0,1.0,0.9999999999999998,1.0]",1.0,1.0,102,1.0,False,1.0,False
0.0,rho,diagnostic_counterfactual,NORMALIZER_ONLY_ROUNDTRIP,10.63569214095402,451236.9321771412,0.6797599015834022,3.9067398235274067,0.15929875100053456,15.262616048734952,1.0000000000000007,False,True,1.0,False,1.0,False,0,diagnostic_counterfactual,1.0,False,10.635692140954013,451236.9321771412,0.6797599015834022,3.9067398235274067,0.15929875100053456,15.262616048734952,-4.510267874735518e+23,1.0,1.0,1.0,9.058877261781894e-16,validation_target,0.0,1.0,False,"[1.0000000000000002,1.0,1.0,0.9999999999999998,1.0,1.0,0.9999999999999998,1.0]",1.0,1.0,102,1.0,False,1.0,False
0.0,rho,diagnostic_counterfactual,NONLINEAR_ONLY_ROUNDTRIP,10.635692140954013,451236.9321771412,0.6797599015834022,3.9067398235274067,0.15929875100053456,15.262616048734952,1.0,False,True,1.0,False,1.0,False,0,diagnostic_counterfactual,1.0,False,10.635692140954013,451236.9321771412,0.6797599015834022,3.9067398235274067,0.15929875100053456,15.262616048734952,-4.5102678813968564e+23,1.0,1.0,1.0,1.490342847744827e-16,validation_target,0.0,1.0,False,"[1.0,1.0,1.0,0.9999999999999998,1.0,1.0,1.0,1.0]",1.0,1.0,102,1.0,False,1.0,False
0.0,rho,diagnostic_counterfactual,FLOAT64_REFERENCE,10.63569214095402,451236.9321771403,0.6797599015834019,3.9067398235274027,0.1592987510005344,15.262616048734921,1.0000000000000007,False,True,0.999999999999998,False,0.9999999999999981,False,0,diagnostic_counterfactual; full canonical calculation in CPU float64,0.9999999999999997,False,10.635692140954013,451236.9321771412,0.6797599015834022,3.9067398235274067,0.15929875100053456,15.262616048734952,-4.510267874735518e+23,0.9999998523691044,0.9999999717670727,0.9999999707383351,1.7725306845004762e-15,validation_target,0.0,0.9999999999999992,False,"[0.9999999999999979,0.9999999999999986,0.9999999999999986,0.9999999999999991,0.9999999999999996,0.9999999999999993,0.9999999999999993,0.9999999999999994]",0.9999999999999992,1.0,102,0.999999999999999,False,0.999999999999999,False
0.0,press,diagnostic_counterfactual,CANONICAL_FULL,0.37569054200777136,18519.66812006762,0.02137635991878311,0.5817382047458896,0.019570440138367937,0.3384193388609705,1.0000000793267687,False,True,0.9999999405964339,False,0.9999999263206772,False,0,frozen canonical tensor encode/decode,0.9999999879476907,False,0.37569051220545696,18519.669484584327,0.021376360176417614,0.5817382220245522,0.019570440725323657,0.3384193589642872,0.0,0.0,0.0,0.0,9.352325691020215e-07,validation_target,0.0,0.9999999879476907,False,"[0.9999999366671795,1.0000000656052441,1.000000021664092,1.0000000028433147,0.999999943979656,1.0000000632636163,1.0000000885970197,0.9999998754730783]",1.0000000122537034,1.0,102,0.9999999702982167,False,0.999999970008048,False
0.0,press,diagnostic_counterfactual,NO_FINAL_INVERSE_CLAMP,0.3756901678784709,18519.631886906183,0.02137632333386952,0.5817376737708817,0.019570422838973252,0.3384187210843568,0.9999990834823482,False,True,0.9999981151198549,False,0.9999979698515584,False,0,diagnostic_counterfactual; actual float32 encoded state; inverse clamp bypassed,0.9999982764816934,False,0.37569051220545696,18519.669484584327,0.021376360176417614,0.5817382220245522,0.019570440725323657,0.3384193589642872,-9.958444204816174e+23,-30.730084065601076,-26.553842322298955,-142.00315974335126,1.2595505221999835e-06,validation_target,0.0,0.9999982764816934,False,"[0.9999981042171597,0.9999984426282014,0.9999985944417071,0.9999987303798956,0.9999987949148446,0.9999991381008076,0.9999991121016586,0.9999989787278946]",0.9999987626473701,1.0,102,0.9999990575594835,False,0.999999086052754,False
0.0,press,diagnostic_counterfactual,NO_SOFTCLIP_COUNTERFACTUAL,0.37569051220545685,18519.66948458433,0.021376360176417614,0.5817382220245522,0.01957044072532366,0.3384193589642872,0.9999999999999997,False,True,1.0,False,1.0000000000000002,False,0,diagnostic_counterfactual,1.0,False,0.37569051220545696,18519.669484584327,0.021376360176417614,0.5817382220245522,0.019570440725323657,0.3384193589642872,-7.932676904243151e+22,1.0,1.0000000030136624,1.0,1.1183813085603482e-15,validation_target,0.0,1.0,False,"[1.0,0.9999999999999999,1.0,1.0,1.0,0.9999999999999997,1.0,0.9999999999999998]",1.0,1.0,102,1.0,False,1.0000000000000002,False
0.0,press,diagnostic_counterfactual,NORMALIZER_ONLY_ROUNDTRIP,0.37569051220545685,18519.66948458433,0.021376360176417614,0.5817382220245522,0.01957044072532366,0.3384193589642872,0.9999999999999997,False,True,1.0,False,1.0000000000000002,False,0,diagnostic_counterfactual,1.0,False,0.37569051220545696,18519.669484584327,0.021376360176417614,0.5817382220245522,0.019570440725323657,0.3384193589642872,-7.932676904243151e+22,1.0,1.0000000030136624,1.0,1.1183813085603482e-15,validation_target,0.0,1.0,False,"[1.0,0.9999999999999999,1.0,1.0,1.0,0.9999999999999997,1.0,0.9999999999999998]",1.0,1.0,102,1.0,False,1.0000000000000002,False
0.0,press,diagnostic_counterfactual,NONLINEAR_ONLY_ROUNDTRIP,0.37569051220545696,18519.669484584327,0.021376360176417614,0.5817382220245522,0.019570440725323657,0.3384193589642872,1.0,False,True,1.0,False,1.0,False,0,diagnostic_counterfactual,1.0,False,0.37569051220545696,18519.669484584327,0.021376360176417614,0.5817382220245522,0.019570440725323657,0.3384193589642872,-7.932676870936461e+22,1.0,1.0,1.0,1.3896893086948058e-16,validation_target,0.0,1.0,False,"[1.0,1.0,1.0,1.0,1.0,0.9999999999999997,1.0,0.9999999999999998]",1.0,1.0,102,1.0,False,1.0,False
0.0,press,diagnostic_counterfactual,FLOAT64_REFERENCE,0.37569051220545685,18519.669484584283,0.021376360176417607,0.5817382220245516,0.01957044072532364,0.3384193589642865,0.9999999999999997,False,True,0.9999999999999979,False,0.9999999999999977,False,0,diagnostic_counterfactual; full canonical calculation in CPU float64,0.9999999999999997,False,0.37569051220545696,18519.669484584327,0.021376360176417614,0.5817382220245522,0.019570440725323657,0.3384193589642872,-7.932676904243151e+22,0.9999999644899475,0.9999999683565448,0.9999999723648887,2.0959142741357695e-15,validation_target,0.0,0.9999999999999997,False,"[0.9999999999999979,0.9999999999999986,0.9999999999999993,1.0,0.9999999999999998,0.9999999999999999,1.0,0.9999999999999998]",0.9999999999999998,1.0,102,0.999999999999999,False,0.9999999999999991,False
0.0,vel1,diagnostic_counterfactual,CANONICAL_FULL,1.837286427617073,939.9002126407547,0.027856013451686784,0.427427012287451,0.032939200337726605,0.1826938508329768,0.999999835064536,False,True,1.0000000003642413,False,1.0000000046889093,False,0,frozen canonical tensor encode/decode,1.0000000026369953,False,1.8372867306508125,939.9002082336478,0.02785601337823061,0.4274270122096077,0.03293920037633804,0.18269385076643213,0.0,0.0,0.0,0.0,8.098831922331934e-08,validation_target,0.010616302490234375,1.0000000003332445,False,"[1.0000000014512402,0.9999999998207235,1.0000000026080267,1.0000000008457655,0.999999997525162,0.9999999981189951,1.0000000017408566,0.9999999996921284]",1.0000000003332445,1.0,102,1.0000000001821208,False,0.9999999988277969,False
0.0,vel1,diagnostic_counterfactual,NO_FINAL_INVERSE_CLAMP,1.8372865280794484,939.900220440227,0.027856013794936525,0.4274270152217881,0.032939200600471626,0.1826938533414067,0.9999998897442839,False,True,1.0000000140944785,False,1.0000000129871012,False,0,diagnostic_counterfactual; actual float32 encoded state; inverse clamp bypassed,1.0000000149592805,False,1.8372867306508125,939.9002082336478,0.02785601337823061,0.4274270122096077,0.03293920037633804,0.18269385076643213,0.33152207857602745,1.3730237169440328e+22,8.298191911393359e+21,1.4596856168225257e+22,6.391252304773448e-08,validation_target,0.010616302490234375,1.0000000149301007,False,"[1.0000000147332357,1.0000000149514983,1.0000000164913643,1.0000000162938965,1.0000000134383251,1.0000000111453442,1.000000015668735,1.0000000149087032]",1.0000000149301007,1.0,102,1.0000000070472392,False,1.0000000068044634,False
0.0,vel1,diagnostic_counterfactual,NO_SOFTCLIP_COUNTERFACTUAL,1.8372867306508125,939.9002082336478,0.02785601337823061,0.4274270122096077,0.03293920037633804,0.18269385076643213,1.0,False,True,1.0,False,1.0,False,0,diagnostic_counterfactual,1.0,False,1.8372867306508125,939.9002082336478,0.02785601337823061,0.4274270122096077,0.03293920037633804,0.18269385076643213,1.0,-3.642413037852066e+20,-4.688909260863738e+21,-3.3324454307148694e+20,2.5937758802550215e-17,validation_target,0.010616302490234375,1.0,False,"[1.0,1.0,1.0,1.0,1.0,1.0,0.9999999999999998,1.0]",1.0,1.0,102,1.0,False,1.0,False
0.0,vel1,diagnostic_counterfactual,NORMALIZER_ONLY_ROUNDTRIP,1.8372867306508125,939.9002082336478,0.02785601337823061,0.4274270122096077,0.03293920037633804,0.18269385076643213,1.0,False,True,1.0,False,1.0,False,0,diagnostic_counterfactual,1.0,False,1.8372867306508125,939.9002082336478,0.02785601337823061,0.4274270122096077,0.03293920037633804,0.18269385076643213,1.0,-3.642413037852066e+20,-4.688909260863738e+21,-3.3324454307148694e+20,2.5937758802550215e-17,validation_target,0.010616302490234375,1.0,False,"[1.0,1.0,1.0,1.0,1.0,1.0,0.9999999999999998,1.0]",1.0,1.0,102,1.0,False,1.0,False
0.0,vel1,diagnostic_counterfactual,NONLINEAR_ONLY_ROUNDTRIP,1.8372867306508125,939.9002082336478,0.02785601337823061,0.4274270122096077,0.03293920037633804,0.18269385076643213,1.0,False,True,1.0,False,1.0,False,0,diagnostic_counterfactual,1.0,False,1.8372867306508125,939.9002082336478,0.02785601337823061,0.4274270122096077,0.03293920037633804,0.18269385076643213,1.0,-3.642413037852066e+20,-4.688909260863738e+21,-3.3324454307148694e+20,0.0,validation_target,0.010616302490234375,1.0,False,"[1.0,1.0,1.0,1.0,1.0,1.0,1.0,1.0]",1.0,1.0,102,1.0,False,1.0,False
0.0,vel1,diagnostic_counterfactual,FLOAT64_REFERENCE,1.8372867306508123,939.9002082336476,0.02785601337823061,0.4274270122096077,0.03293920037633804,0.18269385076643213,0.9999999999999999,False,True,1.0,False,0.9999999999999998,False,0,diagnostic_counterfactual; full canonical calculation in CPU float64,1.0,False,1.8372867306508125,939.9002082336478,0.02785601337823061,0.4274270122096077,0.03293920037633804,0.18269385076643213,0.9999999993268743,-3.642413037852066e+20,-4.688909482908343e+21,-3.3324454307148694e+20,1.5630791600838342e-16,validation_target,0.010616302490234375,1.0,False,"[1.0,0.9999999999999998,0.9999999999999998,0.9999999999999999,1.0,1.0,0.9999999999999998,1.0]",1.0,1.0,102,1.0,False,1.0,False
0.030971527099609375,vel2,diagnostic_counterfactual,CANONICAL_FULL,0.07146307080984116,1.1364355016243763,2.1605654388000823e-08,0.010016735174390924,0.0006788634422694122,0.00010033498355388037,0.7525691075413496,False,True,0.6015311161286863,False,0.3175066248879288,False,0,frozen canonical tensor encode/decode,0.4820747426316035,False,0.09495881520211702,3.5792497306961932,4.481805927034771e-08,0.012915081263042994,0.0008699366492157797,0.0001667993240310042,0.0,0.0,0.0,0.0,0.34916482868820237,validation_target,0.0558929443359375,0.4820747426316035,False,"[0.49860569341865063,1.0000000054220775,1.0000000017069222,1.0000000001825162,0.9999999971943737,0.9999999990775972,1.0000000038046362,0.9999999993378627]",0.9999999997601894,1.0,102,0.7755843707351808,False,0.7803596306482616,False
0.030971527099609375,vel2,diagnostic_counterfactual,NO_FINAL_INVERSE_CLAMP,0.09495898633599106,3.5793405149401107,4.480793392755007e-08,0.012915120581643421,0.0008699427054171642,0.0001668003396383895,1.0000018021904937,False,True,1.0000060887979685,False,1.0000253640429555,False,0,diagnostic_counterfactual; actual float32 encoded state; inverse clamp bypassed,0.999774078954723,False,0.09495881520211702,3.5792497306961932,4.481805927034771e-08,0.012915081263042994,0.0008699366492157797,0.0001667993240310042,1.0000072836115,1.0000152804854154,1.0000371637936432,0.9995637960457364,0.00015134538327847357,validation_target,0.0558929443359375,0.999774078954723,False,"[1.0000077034697838,1.0000000118925907,1.00000000445592,1.0000000098678294,1.0000000055227996,1.0000000051952567,1.0000000067576174,1.0000000096629071]",1.0000000082102622,1.0,102,1.00000304439435,False,1.0000069616579437,False
0.030971527099609375,vel2,diagnostic_counterfactual,NO_SOFTCLIP_COUNTERFACTUAL,0.09495881520211702,3.5792497306961932,4.481805927034771e-08,0.012915081263042994,0.0008699366492157797,0.0001667993240310042,1.0,False,True,1.0,False,1.0,False,0,diagnostic_counterfactual,1.0,False,0.09495881520211702,3.5792497306961932,4.481805927034771e-08,0.012915081263042994,0.0008699366492157797,0.0001667993240310042,1.0,1.0,1.0,1.0,4.898961605046534e-17,validation_target,0.0558929443359375,1.0,False,"[1.0,1.0,1.0,1.0,1.0,1.0,1.0,1.0]",1.0,1.0,102,1.0,False,1.0,False
0.030971527099609375,vel2,diagnostic_counterfactual,NORMALIZER_ONLY_ROUNDTRIP,0.09495881520211702,3.5792497306961932,4.481805927034771e-08,0.012915081263042994,0.0008699366492157797,0.0001667993240310042,1.0,False,True,1.0,False,1.0,False,0,diagnostic_counterfactual,1.0,False,0.09495881520211702,3.5792497306961932,4.481805927034771e-08,0.012915081263042994,0.0008699366492157797,0.0001667993240310042,1.0,1.0,1.0,1.0,4.898961605046534e-17,validation_target,0.0558929443359375,1.0,False,"[1.0,1.0,1.0,1.0,1.0,1.0,1.0,1.0]",1.0,1.0,102,1.0,False,1.0,False
0.030971527099609375,vel2,diagnostic_counterfactual,NONLINEAR_ONLY_ROUNDTRIP,0.09495881520211702,3.5792497306961932,4.481805927034771e-08,0.012915081263042994,0.0008699366492157797,0.0001667993240310042,1.0,False,True,1.0,False,1.0,False,0,diagnostic_counterfactual,1.0,False,0.09495881520211702,3.5792497306961932,4.481805927034771e-08,0.012915081263042994,0.0008699366492157797,0.0001667993240310042,1.0,1.0,1.0,1.0,0.0,validation_target,0.0558929443359375,1.0,False,"[1.0,1.0,1.0,1.0,1.0,1.0,1.0,1.0]",1.0,1.0,102,1.0,False,1.0,False
0.030971527099609375,vel2,diagnostic_counterfactual,FLOAT64_REFERENCE,0.07146305821902146,1.136435201237225,2.160560828763121e-08,0.01001673447800709,0.0006788634014680894,0.00010033496960289596,0.7525689749489235,False,True,0.6015310324893521,False,0.317506540963315,False,0,diagnostic_counterfactual; full canonical calculation in CPU float64,0.48207371402013827,False,0.09495881520211702,3.5792497306961932,4.481805927034771e-08,0.012915081263042994,0.0008699366492157797,0.0001667993240310042,-5.358766030877566e-07,-2.099017953739725e-07,-1.229676607486944e-07,-1.98602298418934e-06,0.34916489888575036,validation_target,0.0558929443359375,0.48207371402013827,False,"[0.4986055885422642,1.0,0.9999999999999998,1.0,0.9999999999999999,1.0,1.0,1.0]",1.0,1.0,102,0.7755843168149754,False,0.7803595837467742,False
0.4221038818359375,vel3,diagnostic_counterfactual,CANONICAL_FULL,0.10325994854792953,6.670763387436935,0.0015993788583800747,0.045154960990534516,0.0011586972583800571,0.002038970502056694,0.08362135733655766,False,True,0.024093323719452615,False,0.005529311379452969,False,0,frozen canonical tensor encode/decode,0.019765077526387346,False,1.234851380519104,1206.4365577647923,0.08091943258228183,0.29090897055654474,0.011206707587758704,0.08462802915026861,0.0,0.0,0.0,0.0,0.8499318682023935,validation_target,0.5117378234863281,0.019765077526387346,False,"[0.0,0.0,0.021724436486986475,0.21895856604571598,0.41588363403708595,0.9311035385833762,0.9999999956650925,0.9999999947700727]",0.31742110004140095,1.0,102,0.1552202426214204,False,0.10339319102478624,False
0.4221038818359375,vel3,diagnostic_counterfactual,NO_FINAL_INVERSE_CLAMP,,,,,,,,,False,,,,,52065,diagnostic_counterfactual; actual float32 encoded state; inverse clamp bypassed,,,,,,,,,,,,,,validation_target,0.5117378234863281,,,,,,102,,,,
0.4221038818359375,vel3,diagnostic_counterfactual,NO_SOFTCLIP_COUNTERFACTUAL,1.234851380519104,1206.4365577647923,0.08091943258228183,0.29090897055654474,0.011206707587758704,0.08462802915026861,1.0,False,True,1.0,False,1.0,False,0,diagnostic_counterfactual,1.0,False,1.234851380519104,1206.4365577647923,0.08091943258228183,0.29090897055654474,0.011206707587758704,0.08462802915026861,1.0,1.0,1.0,1.0,3.900323032379311e-17,validation_target,0.5117378234863281,1.0,False,"[1.0,1.0,1.0,1.0,1.0,1.0,1.0,1.0]",1.0,1.0,102,1.0,False,1.0,False
0.4221038818359375,vel3,diagnostic_counterfactual,NORMALIZER_ONLY_ROUNDTRIP,1.234851380519104,1206.4365577647923,0.08091943258228183,0.29090897055654474,0.011206707587758704,0.08462802915026861,1.0,False,True,1.0,False,1.0,False,0,diagnostic_counterfactual,1.0,False,1.234851380519104,1206.4365577647923,0.08091943258228183,0.29090897055654474,0.011206707587758704,0.08462802915026861,1.0,1.0,1.0,1.0,3.900323032379311e-17,validation_target,0.5117378234863281,1.0,False,"[1.0,1.0,1.0,1.0,1.0,1.0,1.0,1.0]",1.0,1.0,102,1.0,False,1.0,False
0.4221038818359375,vel3,diagnostic_counterfactual,NONLINEAR_ONLY_ROUNDTRIP,1.234851380519104,1206.4365577647923,0.08091943258228183,0.29090897055654474,0.011206707587758704,0.08462802915026861,1.0,False,True,1.0,False,1.0,False,0,diagnostic_counterfactual,1.0,False,1.234851380519104,1206.4365577647923,0.08091943258228183,0.29090897055654474,0.011206707587758704,0.08462802915026861,1.0,1.0,1.0,1.0,0.0,validation_target,0.5117378234863281,1.0,False,"[1.0,1.0,1.0,1.0,1.0,1.0,1.0,1.0]",1.0,1.0,102,1.0,False,1.0,False
0.4221038818359375,vel3,diagnostic_counterfactual,FLOAT64_REFERENCE,0.10325992938850737,6.670760896565708,0.0015993782324753352,0.04515495266709329,0.0011586970667872745,0.0020389697503674356,0.08362134182098836,False,True,0.024093314837179615,False,0.005529309314801322,False,0,diagnostic_counterfactual; full canonical calculation in CPU float64,0.019765069791474736,False,1.234851380519104,1206.4365577647923,0.08091943258228183,0.29090897055654474,0.011206707587758704,0.08462802915026861,-1.693139558171722e-08,-9.101559827724758e-09,-2.0761312235650033e-09,-7.890876393385665e-09,0.8499318939122257,validation_target,0.5117378234863281,0.019765069791474736,False,"[1.1773923184990821e-32,6.575539681958757e-32,0.021724414790777496,0.2189584674754444,0.4158834958793034,0.9311034318306349,1.0,1.0]",0.31742098167737387,1.0,102,0.15522021400957933,False,0.1033931739285266,False
0.0,Bcc1,diagnostic_counterfactual,CANONICAL_FULL,12.982805323600779,56235.62355590778,0.00012923566228212802,1.8419997967421438,0.05045163295512561,3.3929632511980987,0.9999998725526041,False,True,0.9999999880172679,False,0.9999999872903738,False,0,frozen canonical tensor encode/decode,0.9999994365166185,False,12.98280697822572,56235.62427064155,0.00012923573510431705,1.841999807778239,0.05045163303449598,3.392963291855069,0.0,0.0,0.0,0.0,6.46615203835375e-07,validation_target,0.0,0.9999994365166185,False,"[0.9999999857336984,1.0000000089994006,1.0000000003612441,0.9999999985361727,1.0000000042379142,1.000000011818157,1.000000011603727,0.9999999928070515]",1.0000000022995792,1.0,103,0.9999999940086339,False,0.9999999984268028,False
0.0,Bcc1,diagnostic_counterfactual,NO_FINAL_INVERSE_CLAMP,12.982803728345477,56235.59872264527,0.00012923565527250632,1.841999418284323,0.050451622230644096,3.392961856959784,0.9999997496781514,False,True,0.9999995770967259,False,0.999999545697294,False,0,diagnostic_counterfactual; actual float32 encoded state; inverse clamp bypassed,0.9999993822775823,False,12.98280697822572,56235.62427064155,0.00012923573510431705,1.841999807778239,0.05045163303449598,3.392963291855069,-0.9641189754843539,-34.29272532592533,-34.74477308924737,-0.09625667398730242,5.636346307128962e-07,validation_target,0.0,0.9999993822775823,False,"[0.9999995682302687,0.999999652309318,0.999999668633027,0.9999997056402342,0.9999997221462301,0.9999997550206627,0.9999997729689467,0.9999998245275471]",0.9999997138932322,1.0,103,0.9999997885483406,False,0.9999997858572413,False
0.0,Bcc1,diagnostic_counterfactual,NO_SOFTCLIP_COUNTERFACTUAL,12.982806978225716,56235.62427064156,0.00012923573510431694,1.841999807778239,0.05045163303449598,3.392963291855069,0.9999999999999998,False,True,1.0,False,1.0000000000000002,False,0,diagnostic_counterfactual,0.9999999999999991,False,12.98280697822572,56235.62427064155,0.00012923573510431705,1.841999807778239,0.05045163303449598,3.392963291855069,0.9999999982577549,1.0,1.000000017470585,0.9999999984237717,6.563390032506921e-16,validation_target,0.0,0.9999999999999991,False,"[1.0,1.0,1.0,0.9999999999999996,0.9999999999999998,1.0,1.0,1.0]",1.0,1.0,103,1.0,False,1.0,False
0.0,Bcc1,diagnostic_counterfactual,NORMALIZER_ONLY_ROUNDTRIP,12.982806978225716,56235.62427064156,0.00012923573510431694,1.841999807778239,0.05045163303449598,3.392963291855069,0.9999999999999998,False,True,1.0,False,1.0000000000000002,False,0,diagnostic_counterfactual,0.9999999999999991,False,12.98280697822572,56235.62427064155,0.00012923573510431705,1.841999807778239,0.05045163303449598,3.392963291855069,0.9999999982577549,1.0,1.000000017470585,0.9999999984237717,6.563390032506921e-16,validation_target,0.0,0.9999999999999991,False,"[1.0,1.0,1.0,0.9999999999999996,0.9999999999999998,1.0,1.0,1.0]",1.0,1.0,103,1.0,False,1.0,False
0.0,Bcc1,diagnostic_counterfactual,NONLINEAR_ONLY_ROUNDTRIP,12.982806978225716,56235.62427064155,0.00012923573510431713,1.841999807778239,0.05045163303449598,3.392963291855069,0.9999999999999998,False,True,1.0,False,1.0,False,0,diagnostic_counterfactual,1.0000000000000007,False,12.98280697822572,56235.62427064155,0.00012923573510431705,1.841999807778239,0.05045163303449598,3.392963291855069,0.9999999982577549,1.0,1.0,1.0,3.3298718411976625e-16,validation_target,0.0,1.0,False,"[1.0,1.0,1.0,0.9999999999999996,0.9999999999999998,1.0,1.0,1.0]",1.0,1.0,103,1.0,False,1.0,False
0.0,Bcc1,diagnostic_counterfactual,FLOAT64_REFERENCE,12.982806978225709,56235.624270641514,0.00012923573510431667,1.8419998077782385,0.05045163303449596,3.392963291855067,0.9999999999999992,False,True,0.9999999999999994,False,0.9999999999999993,False,0,diagnostic_counterfactual; full canonical calculation in CPU float64,0.9999999999999971,False,12.98280697822572,56235.62427064155,0.00012923573510431705,1.841999807778239,0.05045163303449598,3.392963291855069,0.999999993902142,0.9999999536740448,0.9999999475882452,0.9999999948772582,1.2515503150198307e-15,validation_target,0.0,0.9999999999999971,False,"[0.9999999999999994,1.0,1.0000000000000002,0.9999999999999996,0.9999999999999993,0.9999999999999998,1.0000000000000002,1.0]",0.9999999999999999,1.0,103,0.9999999999999998,False,0.9999999999999996,False
0.10319900512695312,Bcc2,diagnostic_counterfactual,CANONICAL_FULL,0.13481904193758965,2.8300018638361064,0.0001498665335216802,0.02300722571599039,0.0008944019140868226,0.0005293324351465296,0.11194198639679825,False,True,0.01610187652294841,False,0.0026142902188469068,False,0,frozen canonical tensor encode/decode,0.007868618480912607,False,1.2043652813136583,1082.5125089150754,0.019046104965594744,0.18131177403627233,0.0074799375438265635,0.03287395940418028,0.0,0.0,0.0,0.0,0.9263431577924529,validation_target,0.24638748168945312,0.007868618480912607,False,"[0.01344723745973115,0.9578834418434139,1.0000000256764705,0.9999999935883661,0.9999999778345192,1.0000000010058054,0.9999999752146552,0.9999998884613229]",0.9999999765245873,1.0,103,0.1268931697253576,False,0.11957344681641115,False
0.10319900512695312,Bcc2,diagnostic_counterfactual,NO_FINAL_INVERSE_CLAMP,1.2044742077316297,1082.5036413953042,0.019046092033288928,0.18131165743118102,0.0074799686153010385,0.03287391712044194,1.0000904430073347,False,True,0.9999987137619225,False,0.9999918083904822,False,0,diagnostic_counterfactual; actual float32 encoded state; inverse clamp bypassed,0.9999993209999714,False,1.2043652813136583,1082.5125089150754,0.019046104965594744,0.18131177403627233,0.0074799375438265635,0.03287395940418028,1.0001018435799793,0.9999986927121347,0.9999917869191052,0.9999993156148054,0.00010667877676774989,validation_target,0.24638748168945312,0.9999993209999714,False,"[0.9999981017758839,0.9999996773519432,0.9999998463479275,0.999999928321038,0.9999998414778525,0.9999998435582049,0.9999998178820568,0.999999774731883]",0.9999998296799546,1.0,103,0.9999993568807546,False,1.0000041539751225,False
0.10319900512695312,Bcc2,diagnostic_counterfactual,NO_SOFTCLIP_COUNTERFACTUAL,1.204365281313658,1082.5125089150754,0.019046104965594744,0.18131177403627233,0.0074799375438265635,0.03287395940418028,0.9999999999999998,False,True,1.0,False,1.0,False,0,diagnostic_counterfactual,1.0,False,1.2043652813136583,1082.5125089150754,0.019046104965594744,0.18131177403627233,0.0074799375438265635,0.03287395940418028,0.9999999999999998,1.0,1.0,1.0,2.934134546283575e-16,validation_target,0.24638748168945312,1.0,False,"[1.0,0.9999999999999998,0.9999999999999999,1.0000000000000004,1.0000000000000002,1.0,1.0,1.0]",1.0,1.0,103,1.0,False,1.0,False
0.10319900512695312,Bcc2,diagnostic_counterfactual,NORMALIZER_ONLY_ROUNDTRIP,1.204365281313658,1082.5125089150754,0.019046104965594744,0.18131177403627233,0.0074799375438265635,0.03287395940418028,0.9999999999999998,False,True,1.0,False,1.0,False,0,diagnostic_counterfactual,1.0,False,1.2043652813136583,1082.5125089150754,0.019046104965594744,0.18131177403627233,0.0074799375438265635,0.03287395940418028,0.9999999999999998,1.0,1.0,1.0,2.934134546283575e-16,validation_target,0.24638748168945312,1.0,False,"[1.0,0.9999999999999998,0.9999999999999999,1.0000000000000004,1.0000000000000002,1.0,1.0,1.0]",1.0,1.0,103,1.0,False,1.0,False
0.10319900512695312,Bcc2,diagnostic_counterfactual,NONLINEAR_ONLY_ROUNDTRIP,1.204365281313658,1082.5125089150754,0.019046104965594744,0.18131177403627233,0.0074799375438265635,0.03287395940418028,0.9999999999999998,False,True,1.0,False,1.0,False,0,diagnostic_counterfactual,1.0,False,1.2043652813136583,1082.5125089150754,0.019046104965594744,0.18131177403627233,0.0074799375438265635,0.03287395940418028,0.9999999999999998,1.0,1.0,1.0,2.925324067991153e-16,validation_target,0.24638748168945312,1.0,False,"[1.0,0.9999999999999998,1.0000000000000002,1.0,1.0,1.0,1.0,1.0]",1.0,1.0,103,1.0,False,1.0,False
0.10319900512695312,Bcc2,diagnostic_counterfactual,FLOAT64_REFERENCE,0.13481894023784463,2.829997833247673,0.00014986632223461125,0.023007211628454555,0.0008944014199020357,0.0005293317869164945,0.11194190195419053,False,True,0.016101856804300374,False,0.0026142864954826037,False,0,diagnostic_counterfactual; full canonical calculation in CPU float64,0.007868607387459677,False,1.2043652813136583,1082.5125089150754,0.019046104965594744,0.18131177403627233,0.0074799375438265635,0.03287395940418028,-9.508681463618408e-08,-2.0041351402963692e-08,-3.733123772037416e-09,-1.1181435379643124e-08,0.926343216449477,validation_target,0.24638748168945312,0.007868607387459677,False,"[0.01344721889734361,0.9578832757841473,1.0000000000000009,0.9999999999999999,0.9999999999999999,1.0,1.0,1.0]",1.0,1.0,103,0.12689309202750312,False,0.11957338074837462,False
0.6130523681640625,Bcc3,diagnostic_counterfactual,CANONICAL_FULL,0.010797557421028614,0.11225449397827174,2.474448840624116e-10,0.004352883510845807,7.94137436493886e-05,1.894759485899332e-05,0.0004981108458197326,False,True,2.2287239608565456e-06,False,4.786060312481912e-07,False,0,frozen canonical tensor encode/decode,1.8795931260574841e-06,False,21.677017297744754,234544.67066684295,0.000131648110770354,2.915740732439645,0.09806605514396706,8.501544018807676,0.0,0.0,0.0,0.0,0.99938728532721,validation_target,0.6700363159179688,1.8795931260574841e-06,False,"[4.357657320707906e-07,2.696695280909681e-05,0.0007002583284182731,0.010328315054646188,0.045201651034451826,0.22512586428661996,0.9918860896963628,1.0000000139081038]",0.027764983044549007,1.0,103,0.001492891141663231,False,0.0008097984927894193,False
0.6130523681640625,Bcc3,diagnostic_counterfactual,NO_FINAL_INVERSE_CLAMP,,,,,,,,,False,,,,,123840,diagnostic_counterfactual; actual float32 encoded state; inverse clamp bypassed,,,,,,,,,,,,,,validation_target,0.6700363159179688,,,,,,103,,,,
0.6130523681640625,Bcc3,diagnostic_counterfactual,NO_SOFTCLIP_COUNTERFACTUAL,21.67701729774474,234544.67066684293,0.00013164811077035434,2.915740732439645,0.09806605514396706,8.501544018807676,0.9999999999999993,False,True,1.0,False,0.9999999999999999,False,0,diagnostic_counterfactual,1.0000000000000027,False,21.677017297744754,234544.67066684295,0.000131648110770354,2.915740732439645,0.09806605514396706,8.501544018807676,0.9999999999999993,1.0,0.9999999999999999,1.0,5.627573544057881e-16,validation_target,0.6700363159179688,1.0,False,"[1.0,1.0,0.9999999999999998,1.0,1.0,1.0,1.0,1.0]",1.0,1.0,103,1.0,False,1.0,False
0.6130523681640625,Bcc3,diagnostic_counterfactual,NORMALIZER_ONLY_ROUNDTRIP,21.67701729774474,234544.67066684293,0.00013164811077035434,2.915740732439645,0.09806605514396706,8.501544018807676,0.9999999999999993,False,True,1.0,False,0.9999999999999999,False,0,diagnostic_counterfactual,1.0000000000000027,False,21.677017297744754,234544.67066684295,0.000131648110770354,2.915740732439645,0.09806605514396706,8.501544018807676,0.9999999999999993,1.0,0.9999999999999999,1.0,5.627573544057881e-16,validation_target,0.6700363159179688,1.0,False,"[1.0,1.0,0.9999999999999998,1.0,1.0,1.0,1.0,1.0]",1.0,1.0,103,1.0,False,1.0,False
0.6130523681640625,Bcc3,diagnostic_counterfactual,NONLINEAR_ONLY_ROUNDTRIP,21.677017297744754,234544.67066684295,0.00013164811077035404,2.915740732439645,0.09806605514396706,8.501544018807676,1.0,False,True,1.0,False,1.0,False,0,diagnostic_counterfactual,1.0000000000000004,False,21.677017297744754,234544.67066684295,0.000131648110770354,2.915740732439645,0.09806605514396706,8.501544018807676,1.0,1.0,1.0,1.0,2.95852837450379e-16,validation_target,0.6700363159179688,1.0,False,"[1.0,1.0,0.9999999999999998,1.0,1.0,1.0,1.0,1.0]",1.0,1.0,103,1.0,False,1.0,False
0.6130523681640625,Bcc3,diagnostic_counterfactual,FLOAT64_REFERENCE,0.01079755544610649,0.11225445549343402,2.47444834896061e-10,0.004352882758495209,7.941373000271758e-05,1.8947588309204863e-05,0.0004981107547130044,False,True,2.2287231904331447e-06,False,4.786058671650013e-07,False,0,diagnostic_counterfactual; full canonical calculation in CPU float64,1.87959275258953e-06,False,21.677017297744754,234544.67066684295,0.000131648110770354,2.915740732439645,0.09806605514396706,8.501544018807676,-9.115213203856878e-11,-7.704251179588633e-13,-1.6408326834948304e-13,-3.7346865609712613e-13,0.9993872854391086,validation_target,0.6700363159179688,1.87959275258953e-06,False,"[4.3576557266375584e-07,2.6966942944342273e-05,0.0007002580722574612,0.010328311320115054,0.045201636820192764,0.22512581160048734,0.9918860573868018,1.0]",0.02776497407015391,1.0,103,0.0014928908836325393,False,0.0008097983536314711,False
0.0,rho,diagnostic_counterfactual,CANONICAL_FULL,10.664363060794303,436493.2055616339,0.661907900229257,3.844874911042007,0.15863175263321946,14.783063081560282,1.0000002816927147,False,True,0.9999999339508161,False,0.9999999621116177,False,0,frozen canonical tensor encode/decode,0.9999999580536438,False,10.664360056721767,436493.222099656,0.6619079279938828,3.8448750380174386,0.15863175715788416,14.783064057969598,0.0,0.0,0.0,0.0,8.728296661372692e-07,validation_target,0.0,0.9999999185169433,False,"[0.9999999366341847,0.9999999003997018,0.9999999781146975,0.999999993594569,0.9999998884706012,0.999999964787507,0.9999998832152143,0.9999998220741144]",0.9999999185169433,1.0,103,0.9999999669754075,False,0.9999999714769301,False
0.0,rho,diagnostic_counterfactual,NO_FINAL_INVERSE_CLAMP,10.664365859044242,436493.744544255,0.6619085722858321,3.844877010010054,0.15863183651034996,14.783079222103854,1.0000005440853876,False,True,1.000001025777484,False,1.0000011969134286,False,0,diagnostic_counterfactual; actual float32 encoded state; inverse clamp bypassed,1.0000009733860589,False,10.664360056721767,436493.222099656,0.6619079279938828,3.8448750380174386,0.15863175715788416,14.783064057969598,2.6239267292282872e+23,16.530509591436914,32.590512850846885,9.706797447086423,9.246840710751671e-07,validation_target,0.0,1.0000007094564705,False,"[1.0000010468785316,1.0000009268506227,1.0000008743261748,1.000000738553104,1.0000006591285495,1.0000005458474845,1.000000680359837,1.000000539031679]",1.0000007094564705,1.0,103,1.0000005128886105,False,1.0000005002306425,False
0.0,rho,diagnostic_counterfactual,NO_SOFTCLIP_COUNTERFACTUAL,10.664360056721764,436493.22209965595,0.6619079279938828,3.844875038017438,0.15863175715788416,14.783064057969597,0.9999999999999997,False,True,0.9999999999999999,False,0.9999999999999999,False,0,diagnostic_counterfactual,1.0,False,10.664360056721767,436493.222099656,0.6619079279938828,3.8448750380174386,0.15863175715788416,14.783064057969598,-2.816927150428583e+23,0.9999999983190966,0.9999999970697534,1.0,9.143892466360462e-16,validation_target,0.0,1.0,False,"[0.9999999999999999,0.9999999999999999,0.9999999999999998,1.0,1.0,1.0000000000000002,1.0000000000000002,1.0000000000000002]",1.0,1.0,103,0.9999999999999999,False,1.0,False
0.0,rho,diagnostic_counterfactual,NORMALIZER_ONLY_ROUNDTRIP,10.664360056721764,436493.22209965595,0.6619079279938828,3.844875038017438,0.15863175715788416,14.783064057969597,0.9999999999999997,False,True,0.9999999999999999,False,0.9999999999999999,False,0,diagnostic_counterfactual,1.0,False,10.664360056721767,436493.222099656,0.6619079279938828,3.8448750380174386,0.15863175715788416,14.783064057969598,-2.816927150428583e+23,0.9999999983190966,0.9999999970697534,1.0,9.143892466360462e-16,validation_target,0.0,1.0,False,"[0.9999999999999999,0.9999999999999999,0.9999999999999998,1.0,1.0,1.0000000000000002,1.0000000000000002,1.0000000000000002]",1.0,1.0,103,0.9999999999999999,False,1.0,False
0.0,rho,diagnostic_counterfactual,NONLINEAR_ONLY_ROUNDTRIP,10.664360056721765,436493.222099656,0.6619079279938828,3.844875038017438,0.15863175715788416,14.783064057969597,0.9999999999999998,False,True,0.9999999999999999,False,1.0,False,0,diagnostic_counterfactual,1.0,False,10.664360056721767,436493.222099656,0.6619079279938828,3.8448750380174386,0.15863175715788416,14.783064057969598,-2.8169271493183598e+23,0.9999999983190966,1.0,1.0,1.5105058491174794e-16,validation_target,0.0,1.0,False,"[1.0,0.9999999999999999,0.9999999999999999,1.0,1.0,1.0,1.0,1.0]",1.0,1.0,103,0.9999999999999999,False,1.0,False
0.0,rho,diagnostic_counterfactual,FLOAT64_REFERENCE,10.664360056721774,436493.222099655,0.6619079279938824,3.8448750380174346,0.15863175715788402,14.783064057969568,1.0000000000000007,False,True,0.999999999999998,False,0.9999999999999978,False,0,diagnostic_counterfactual; full canonical calculation in CPU float64,0.9999999999999994,False,10.664360056721767,436493.222099656,0.6619079279938828,3.8448750380174386,0.15863175715788416,14.783064057969598,-2.8169271404365758e+23,0.9999999697437375,0.9999999413950685,0.9999999918248794,1.8334059025781807e-15,validation_target,0.0,0.9999999999999993,False,"[0.999999999999998,0.9999999999999984,0.9999999999999984,0.9999999999999992,0.9999999999999994,0.9999999999999999,0.9999999999999998,0.9999999999999997]",0.9999999999999993,1.0,103,0.999999999999999,False,0.9999999999999991,False
0.0,press,diagnostic_counterfactual,CANONICAL_FULL,0.5225457512438316,20590.926647788834,0.026580923151890347,0.6134572548793872,0.021217646916848062,0.37632980356415346,0.9999992003991807,False,True,1.0000000497317199,False,1.0000000478822035,False,0,frozen canonical tensor encode/decode,1.0000000218965193,False,0.5225461690721765,20590.925661849942,0.026580922569860665,0.6134572396252456,0.021217646293323445,0.376329784848626,0.0,0.0,0.0,0.0,9.560594903749182e-07,validation_target,0.0,0.9999999759117457,False,"[1.0000000519695753,0.9999998866128192,0.999999980680993,1.0000000066545995,0.9999999711424985,0.9999999621786033,0.9999999433800708,0.9999999934248216]",0.9999999759117457,1.0,103,1.0000000248658596,False,1.0000000293870777,False
0.0,press,diagnostic_counterfactual,NO_FINAL_INVERSE_CLAMP,0.5225456709449344,20590.88505664193,0.02658087667344053,0.6134566655989107,0.021217627479161238,0.37632908056773373,0.9999990467306592,False,True,0.9999981285539422,False,0.9999980280047299,False,0,diagnostic_counterfactual; actual float32 encoded state; inverse clamp bypassed,0.9999982733323113,False,0.5225461690721765,20590.925661849942,0.026580922569860665,0.6134572396252456,0.021217646293323445,0.376329784848626,-0.19218154577560695,-1.9211777776417802e+24,-2.0198774736135404e+24,-70.68089761247694,1.2532497475131487e-06,validation_target,0.0,0.9999982733323113,False,"[0.9999981186792704,0.9999983669250699,0.9999985587421654,0.9999987536874331,0.9999988117179935,0.9999989889875386,0.9999989176086816,0.9999990103204996]",0.9999987827027133,1.0,103,0.9999990642765333,False,0.9999991132776017,False
0.0,press,diagnostic_counterfactual,NO_SOFTCLIP_COUNTERFACTUAL,0.5225461690721767,20590.92566184995,0.026580922569860665,0.6134572396252456,0.021217646293323445,0.376329784848626,1.0000000000000002,False,True,1.0,False,1.0000000000000004,False,0,diagnostic_counterfactual,1.0,False,0.5225461690721765,20590.925661849942,0.026580922569860665,0.6134572396252456,0.021217646293323445,0.376329784848626,1.0000000002776943,-4.97317198533409e+22,-4.788220309137614e+22,1.0,1.1061106768148353e-15,validation_target,0.0,1.0,False,"[1.0,0.9999999999999999,1.0,1.0000000000000002,1.0,1.0000000000000002,0.9999999999999999,1.0000000000000002]",1.0,1.0,103,1.0,False,1.0,False
0.0,press,diagnostic_counterfactual,NORMALIZER_ONLY_ROUNDTRIP,0.5225461690721767,20590.92566184995,0.026580922569860665,0.6134572396252456,0.021217646293323445,0.376329784848626,1.0000000000000002,False,True,1.0,False,1.0000000000000004,False,0,diagnostic_counterfactual,1.0,False,0.5225461690721765,20590.925661849942,0.026580922569860665,0.6134572396252456,0.021217646293323445,0.376329784848626,1.0000000002776943,-4.97317198533409e+22,-4.788220309137614e+22,1.0,1.1061106768148353e-15,validation_target,0.0,1.0,False,"[1.0,0.9999999999999999,1.0,1.0000000000000002,1.0,1.0000000000000002,0.9999999999999999,1.0000000000000002]",1.0,1.0,103,1.0,False,1.0,False
0.0,press,diagnostic_counterfactual,NONLINEAR_ONLY_ROUNDTRIP,0.5225461690721765,20590.925661849942,0.026580922569860665,0.6134572396252456,0.021217646293323445,0.376329784848626,1.0,False,True,1.0,False,1.0,False,0,diagnostic_counterfactual,1.0,False,0.5225461690721765,20590.925661849942,0.026580922569860665,0.6134572396252456,0.021217646293323445,0.376329784848626,1.0,-4.97317198533409e+22,-4.7882203535465345e+22,1.0,1.4036507422924922e-16,validation_target,0.0,1.0,False,"[1.0,0.9999999999999999,0.9999999999999999,1.0,1.0,1.0000000000000002,0.9999999999999999,1.0000000000000002]",1.0,1.0,103,1.0,False,1.0,False
0.0,press,diagnostic_counterfactual,FLOAT64_REFERENCE,0.5225461690721758,20590.92566184992,0.026580922569860655,0.6134572396252451,0.021217646293323428,0.3763297848486254,0.9999999999999986,False,True,0.9999999999999983,False,0.9999999999999989,False,0,diagnostic_counterfactual; full canonical calculation in CPU float64,0.9999999999999996,False,0.5225461690721765,20590.925661849942,0.026580922569860665,0.6134572396252456,0.021217646293323445,0.376329784848626,0.999999998194987,-4.973172151867544e+22,-4.788220464568837e+22,0.9999999815640767,1.89316176845166e-15,validation_target,0.0,0.9999999999999996,False,"[0.9999999999999981,0.9999999999999983,0.9999999999999996,1.0000000000000002,1.0,1.0000000000000004,0.9999999999999999,1.0]",1.0,1.0,103,0.9999999999999992,False,0.9999999999999992,False
0.0,vel1,diagnostic_counterfactual,CANONICAL_FULL,1.9828891098499302,952.2495358349747,0.02810272576143494,0.44491379301213796,0.03479788436267145,0.19794828321244756,0.9999999814875787,False,True,1.0000000014358843,False,1.0000000007945273,False,0,frozen canonical tensor encode/decode,1.0000000039107257,False,1.9828891465580094,952.2495350783865,0.02810272565153289,0.44491379269271564,0.0347978844016868,0.19794828292821673,0.0,0.0,0.0,0.0,8.926980472250659e-08,validation_target,0.014575958251953125,1.0000000008715677,False,"[1.0000000031776297,1.0000000008082242,0.9999999991364457,1.000000000934911,1.0000000017716493,0.9999999993964902,1.0000000007527947,1.0000000054438167]",1.0000000008715677,1.0,103,1.0000000007179422,False,0.999999998878801,False
0.0,vel1,diagnostic_counterfactual,NO_FINAL_INVERSE_CLAMP,1.9828891222821956,952.2495517683046,0.0281027262118326,0.44491379626027594,0.03479788462397901,0.19794828610273035,0.999999987757352,False,True,1.0000000160370859,False,1.0000000175268324,False,0,diagnostic_counterfactual; actual float32 encoded state; inverse clamp bypassed,1.0000000199375576,False,1.9828891465580094,952.2495350783865,0.02810272565153289,0.44491379269271564,0.0347978844016868,0.19794828292821673,0.33867926659563485,1.460120158114364e+22,1.6732305097022503e+22,1.522469972314866e+22,7.194118039534425e-08,validation_target,0.014575958251953125,1.0000000160962674,False,"[1.0000000190775236,1.0000000144285286,1.0000000153668054,1.0000000144328611,1.0000000168257295,1.0000000114513388,1.0000000171529049,1.0000000194929983]",1.0000000160962674,1.0,103,1.000000008018543,False,1.0000000063880954,False
0.0,vel1,diagnostic_counterfactual,NO_SOFTCLIP_COUNTERFACTUAL,1.9828891465580096,952.2495350783867,0.02810272565153289,0.44491379269271564,0.0347978844016868,0.19794828292821673,1.0000000000000002,False,True,1.0,False,1.0000000000000002,False,0,diagnostic_counterfactual,1.0,False,1.9828891465580094,952.2495350783865,0.02810272565153289,0.44491379269271564,0.0347978844016868,0.19794828292821673,1.0000000119943577,-1.4358843003492437e+21,-7.945271107701046e+20,-8.715677068948934e+20,2.7555406255592746e-17,validation_target,0.014575958251953125,1.0,False,"[1.0,1.0,1.0,1.0,1.0,1.0,1.0000000000000002,1.0]",1.0,1.0,103,1.0,False,1.0,False
0.0,vel1,diagnostic_counterfactual,NORMALIZER_ONLY_ROUNDTRIP,1.9828891465580096,952.2495350783867,0.02810272565153289,0.44491379269271564,0.0347978844016868,0.19794828292821673,1.0000000000000002,False,True,1.0,False,1.0000000000000002,False,0,diagnostic_counterfactual,1.0,False,1.9828891465580094,952.2495350783865,0.02810272565153289,0.44491379269271564,0.0347978844016868,0.19794828292821673,1.0000000119943577,-1.4358843003492437e+21,-7.945271107701046e+20,-8.715677068948934e+20,2.7555406255592746e-17,validation_target,0.014575958251953125,1.0,False,"[1.0,1.0,1.0,1.0,1.0,1.0,1.0000000000000002,1.0]",1.0,1.0,103,1.0,False,1.0,False
0.0,vel1,diagnostic_counterfactual,NONLINEAR_ONLY_ROUNDTRIP,1.9828891465580094,952.2495350783865,0.02810272565153289,0.44491379269271564,0.0347978844016868,0.19794828292821673,1.0,False,True,1.0,False,1.0,False,0,diagnostic_counterfactual,1.0,False,1.9828891465580094,952.2495350783865,0.02810272565153289,0.44491379269271564,0.0347978844016868,0.19794828292821673,1.0,-1.4358843003492437e+21,-7.945273328147095e+20,-8.715677068948934e+20,0.0,validation_target,0.014575958251953125,1.0,False,"[1.0,1.0,1.0,1.0,1.0,1.0,1.0,1.0]",1.0,1.0,103,1.0,False,1.0,False
0.0,vel1,diagnostic_counterfactual,FLOAT64_REFERENCE,1.9828891465580096,952.2495350783864,0.02810272565153289,0.44491379269271564,0.0347978844016868,0.19794828292821673,1.0000000000000002,False,True,1.0,False,0.9999999999999999,False,0,diagnostic_counterfactual; full canonical calculation in CPU float64,1.0,False,1.9828891465580094,952.2495350783865,0.02810272565153289,0.44491379269271564,0.0347978844016868,0.19794828292821673,1.0000000119943577,-1.4358843003492437e+21,-7.945274438370119e+20,-8.715677068948934e+20,1.7147250665078132e-16,validation_target,0.014575958251953125,1.0,False,"[0.9999999999999998,1.0,1.0,0.9999999999999999,1.0,1.0000000000000002,1.0000000000000002,0.9999999999999997]",1.0,1.0,103,1.0,False,1.0,False
0.030132293701171875,vel2,diagnostic_counterfactual,CANONICAL_FULL,0.07146307080984116,1.1552385810300945,1.2842125669971159e-08,0.01015619169629547,0.0006986963642121955,0.00010314822977190103,0.7611411598026903,False,True,0.6124900550948688,False,0.31941785077147256,False,0,frozen canonical tensor encode/decode,0.7056661120153931,False,0.09388937897980244,3.6167001256814846,1.8198586344601207e-08,0.012977211082009667,0.0008932079089605894,0.0001684080074670345,0.0,0.0,0.0,0.0,0.3451048983985091,validation_target,0.05547332763671875,0.7056661120153931,False,"[0.5007763950621831,0.9999999976450854,0.9999999973783108,0.9999999958760442,0.9999999944638264,0.999999995162216,1.000000002458804,1.0000000008601186]",0.9999999966271775,0.9999923706054688,103,0.7826174385323067,False,0.7822326215463725,False
0.030132293701171875,vel2,diagnostic_counterfactual,NO_FINAL_INVERSE_CLAMP,0.09388946775568678,3.616738935706833,1.8190267308632093e-08,0.012977225151598258,0.0008932098273146234,0.00016840837263527446,1.0000009455370278,False,True,1.000002168354376,False,1.0000107307833108,False,0,diagnostic_counterfactual; actual float32 encoded state; inverse clamp bypassed,0.9995428746051156,False,0.09388937897980244,3.6167001256814846,1.8198586344601207e-08,0.012977211082009667,0.0008932079089605894,0.0001684080074670345,1.0000039585599052,1.0000055956096212,1.0000157670654792,0.9984469155148444,0.00015576421852250128,validation_target,0.05547332763671875,0.9995428746051156,False,"[1.000002828857379,1.000000004971425,1.0000000034282004,1.000000007498193,1.0000000052109828,1.0000000059440879,1.000000009761896,1.0000000071754684]",1.000000006559778,0.9999923706054688,103,1.0000010841766003,False,1.0000021477127718,False
0.030132293701171875,vel2,diagnostic_counterfactual,NO_SOFTCLIP_COUNTERFACTUAL,0.09388937897980244,3.6167001256814846,1.8198586344601207e-08,0.012977211082009667,0.0008932079089605894,0.0001684080074670345,1.0,False,True,1.0,False,1.0,False,0,diagnostic_counterfactual,1.0,False,0.09388937897980244,3.6167001256814846,1.8198586344601207e-08,0.012977211082009667,0.0008932079089605894,0.0001684080074670345,1.0,1.0,1.0,1.0,5.089434122191793e-17,validation_target,0.05547332763671875,1.0,False,"[1.0,1.0,1.0,1.0,1.0,1.0,1.0,1.0]",1.0,1.0,103,1.0,False,1.0,False
0.030132293701171875,vel2,diagnostic_counterfactual,NORMALIZER_ONLY_ROUNDTRIP,0.09388937897980244,3.6167001256814846,1.8198586344601207e-08,0.012977211082009667,0.0008932079089605894,0.0001684080074670345,1.0,False,True,1.0,False,1.0,False,0,diagnostic_counterfactual,1.0,False,0.09388937897980244,3.6167001256814846,1.8198586344601207e-08,0.012977211082009667,0.0008932079089605894,0.0001684080074670345,1.0,1.0,1.0,1.0,5.089434122191793e-17,validation_target,0.05547332763671875,1.0,False,"[1.0,1.0,1.0,1.0,1.0,1.0,1.0,1.0]",1.0,1.0,103,1.0,False,1.0,False
0.030132293701171875,vel2,diagnostic_counterfactual,NONLINEAR_ONLY_ROUNDTRIP,0.09388937897980244,3.6167001256814846,1.8198586344601207e-08,0.012977211082009667,0.0008932079089605894,0.0001684080074670345,1.0,False,True,1.0,False,1.0,False,0,diagnostic_counterfactual,1.0,False,0.09388937897980244,3.6167001256814846,1.8198586344601207e-08,0.012977211082009667,0.0008932079089605894,0.0001684080074670345,1.0,1.0,1.0,1.0,0.0,validation_target,0.05547332763671875,1.0,False,"[1.0,1.0,1.0,1.0,1.0,1.0,1.0,1.0]",1.0,1.0,103,1.0,False,1.0,False
0.030132293701171875,vel2,diagnostic_counterfactual,FLOAT64_REFERENCE,0.07146305821902146,1.1552383290961978,1.284209938730594e-08,0.010156191057195533,0.0006986963262230909,0.00010314821679025854,0.7611410256999852,False,True,0.6124899780103958,False,0.3194177811129751,False,0,diagnostic_counterfactual; full canonical calculation in CPU float64,0.7056646678007316,False,0.09388937897980244,3.6167001256814846,1.8198586344601207e-08,0.012977211082009667,0.0008932079089605894,0.0001684080074670345,-5.614307803758791e-07,-1.989225668382516e-07,-1.0235134369769379e-07,-4.906722332983339e-06,0.34510496708370453,validation_target,0.05547332763671875,0.7056646678007316,False,"[0.5007762948366454,0.9999999999999998,1.0,1.0,1.0,0.9999999999999999,1.0,1.0]",1.0,0.9999923706054688,103,0.7826173892844419,False,0.7822325790152841,False
0.4214439392089844,vel3,diagnostic_counterfactual,CANONICAL_FULL,0.10325997695326805,6.730238269914493,0.0015916198493333667,0.04506338831611859,0.001184663764490478,0.0020307089665292937,0.08488187880485071,False,True,0.024858971069188922,False,0.005742668490544985,False,0,frozen canonical tensor encode/decode,0.020376125014363932,False,1.2165138002031017,1171.970536170683,0.07811199863621622,0.285813191036915,0.011155829383681074,0.08168918017070406,0.0,0.0,0.0,0.0,0.8467321484088104,validation_target,0.5116653442382812,0.020376125014363932,False,"[1.0886413913848089e-05,0.0,0.020804869918218033,0.19727763037366403,0.3265067519202862,0.8053630724146065,1.0000000109285814,0.9999999810747341]",0.26189219114697515,1.0,103,0.15766727964035188,False,0.10619235233405623,False
0.4214439392089844,vel3,diagnostic_counterfactual,NO_FINAL_INVERSE_CLAMP,,,,,,,,,False,,,,,52133,diagnostic_counterfactual; actual float32 encoded state; inverse clamp bypassed,,,,,,,,,,,,,,validation_target,0.5116653442382812,,,,,,103,,,,
0.4214439392089844,vel3,diagnostic_counterfactual,NO_SOFTCLIP_COUNTERFACTUAL,1.2165138002031017,1171.970536170683,0.07811199863621622,0.285813191036915,0.011155829383681074,0.08168918017070406,1.0,False,True,1.0,False,1.0,False,0,diagnostic_counterfactual,1.0,False,1.2165138002031017,1171.970536170683,0.07811199863621622,0.285813191036915,0.011155829383681074,0.08168918017070406,1.0,1.0,1.0,1.0,3.975569600299126e-17,validation_target,0.5116653442382812,1.0,False,"[1.0,1.0,1.0,1.0,1.0,1.0,1.0,1.0]",1.0,1.0,103,1.0,False,1.0,False
0.4214439392089844,vel3,diagnostic_counterfactual,NORMALIZER_ONLY_ROUNDTRIP,1.2165138002031017,1171.970536170683,0.07811199863621622,0.285813191036915,0.011155829383681074,0.08168918017070406,1.0,False,True,1.0,False,1.0,False,0,diagnostic_counterfactual,1.0,False,1.2165138002031017,1171.970536170683,0.07811199863621622,0.285813191036915,0.011155829383681074,0.08168918017070406,1.0,1.0,1.0,1.0,3.975569600299126e-17,validation_target,0.5116653442382812,1.0,False,"[1.0,1.0,1.0,1.0,1.0,1.0,1.0,1.0]",1.0,1.0,103,1.0,False,1.0,False
0.4214439392089844,vel3,diagnostic_counterfactual,NONLINEAR_ONLY_ROUNDTRIP,1.2165138002031017,1171.970536170683,0.07811199863621622,0.285813191036915,0.011155829383681074,0.08168918017070406,1.0,False,True,1.0,False,1.0,False,0,diagnostic_counterfactual,1.0,False,1.2165138002031017,1171.970536170683,0.07811199863621622,0.285813191036915,0.011155829383681074,0.08168918017070406,1.0,1.0,1.0,1.0,0.0,validation_target,0.5116653442382812,1.0,False,"[1.0,1.0,1.0,1.0,1.0,1.0,1.0,1.0]",1.0,1.0,103,1.0,False,1.0,False
0.4214439392089844,vel3,diagnostic_counterfactual,FLOAT64_REFERENCE,0.10325995764832674,6.7302357122633625,0.0015916192276860025,0.045063379993046354,0.001184663526826246,0.0020307082163976906,0.08488186293578182,False,True,0.024858961886435448,False,0.005742666308193934,False,0,diagnostic_counterfactual; full canonical calculation in CPU float64,0.02037611705595325,False,1.2165138002031017,1171.970536170683,0.07811199863621622,0.285813191036915,0.011155829383681074,0.08168918017070406,-1.7341006067672842e-08,-9.416846591254421e-09,-2.1949559551421674e-09,-8.123945203541415e-09,0.8467321746972222,validation_target,0.5116653442382812,0.02037611705595325,False,"[1.0886409851098601e-05,6.777362556357324e-32,0.02080484903359292,0.19727754078517148,0.3265066395537592,0.8053629576146489,1.0000000000000002,1.0]",0.26189209016946535,0.9999923706054688,103,0.15766725051967972,False,0.10619233103001653,False
0.0,Bcc1,diagnostic_counterfactual,CANONICAL_FULL,13.325137662887606,58787.74167293351,0.00014047448965209055,1.8836681461440532,0.05143877426109331,3.5482056847977743,1.00000045625619,False,True,0.9999999947376335,False,1.0000000515296381,False,0,frozen canonical tensor encode/decode,0.9999987697309008,False,13.325131583213839,58787.738643622615,0.000140474662473727,1.8836681511003295,0.051438773671284806,3.5482057034697334,0.0,0.0,0.0,0.0,6.313697921848005e-07,validation_target,0.0,0.9999987697309008,False,"[0.9999999966486567,0.9999999759850322,0.9999999990609636,0.9999999956154363,1.0000000013482384,0.9999999836872971,0.9999999716568974,0.9999999979321496]",0.9999999961320465,1.0,104,0.9999999973688166,False,1.0000000114662242,False
0.0,Bcc1,diagnostic_counterfactual,NO_FINAL_INVERSE_CLAMP,13.32513468496503,58787.71427548572,0.0001404743374344064,1.8836677614613102,0.05143876355614322,3.5482042355686634,1.0000002327745263,False,True,0.999999586297641,False,0.9999995854894668,False,0,diagnostic_counterfactual; actual float32 encoded state; inverse clamp bypassed,0.9999976861356,False,13.325131583213839,58787.738643622615,0.000140474662473727,1.8836681511003295,0.051438773671284806,3.5482057034697334,-2.23481663619296e+23,-77.61526856664874,-4.660401713429962e+23,-0.88077909261447,5.488938718024558e-07,validation_target,0.0,0.9999976861356,False,"[0.9999995839482398,0.9999996002641615,0.999999665200158,0.999999698067298,0.9999997089212039,0.9999997231810185,0.9999997970047267,0.9999998282544732]",0.9999997034942509,1.0,104,0.999999793148799,False,0.999999803355701,False
0.0,Bcc1,diagnostic_counterfactual,NO_SOFTCLIP_COUNTERFACTUAL,13.325131583213832,58787.738643622615,0.00014047466247372702,1.8836681511003295,0.051438773671284806,3.5482057034697334,0.9999999999999994,False,True,1.0,False,1.0,False,0,diagnostic_counterfactual,1.0000000000000002,False,13.325131583213839,58787.738643622615,0.000140474662473727,1.8836681511003295,0.051438773671284806,3.5482057034697334,-4.562561904952744e+23,1.0,-5.152963811205779e+22,1.0,6.540179570984913e-16,validation_target,0.0,1.0,False,"[1.0,0.9999999999999998,1.0,1.0,1.0,1.0,1.0,1.0]",1.0,1.0,104,1.0,False,1.0,False
0.0,Bcc1,diagnostic_counterfactual,NORMALIZER_ONLY_ROUNDTRIP,13.325131583213832,58787.738643622615,0.00014047466247372702,1.8836681511003295,0.051438773671284806,3.5482057034697334,0.9999999999999994,False,True,1.0,False,1.0,False,0,diagnostic_counterfactual,1.0000000000000002,False,13.325131583213839,58787.738643622615,0.000140474662473727,1.8836681511003295,0.051438773671284806,3.5482057034697334,-4.562561904952744e+23,1.0,-5.152963811205779e+22,1.0,6.540179570984913e-16,validation_target,0.0,1.0,False,"[1.0,0.9999999999999998,1.0,1.0,1.0,1.0,1.0,1.0]",1.0,1.0,104,1.0,False,1.0,False
0.0,Bcc1,diagnostic_counterfactual,NONLINEAR_ONLY_ROUNDTRIP,13.325131583213835,58787.73864362261,0.0001404746624737271,1.8836681511003295,0.051438773671284806,3.5482057034697334,0.9999999999999998,False,True,1.0,False,0.9999999999999999,False,0,diagnostic_counterfactual,1.0000000000000007,False,13.325131583213839,58787.738643622615,0.000140474662473727,1.8836681511003295,0.051438773671284806,3.5482057034697334,-4.562561901622075e+23,1.0,-5.1529638223080094e+22,1.0,3.416487308887933e-16,validation_target,0.0,1.0,False,"[1.0,0.9999999999999998,1.0,1.0,1.0,1.0,1.0,1.0]",1.0,1.0,104,1.0,False,1.0,False
0.0,Bcc1,diagnostic_counterfactual,FLOAT64_REFERENCE,13.325131583213818,58787.73864362257,0.00014047466247372694,1.883668151100329,0.05143877367128479,3.5482057034697316,0.9999999999999984,False,True,0.9999999999999994,False,0.9999999999999992,False,0,diagnostic_counterfactual; full canonical calculation in CPU float64,0.9999999999999997,False,13.325131583213839,58787.738643622615,0.000140474662473727,1.8836681511003295,0.051438773671284806,3.5482057034697334,-4.5625619149447514e+23,0.9999998945129519,-5.152963888921391e+22,0.9999999997292731,1.2366386159755555e-15,validation_target,0.0,0.9999999999999997,False,"[0.9999999999999994,1.0,1.0000000000000004,1.0,0.9999999999999996,0.9999999999999996,0.9999999999999999,1.0]",1.0,1.0,104,0.9999999999999998,False,0.9999999999999998,False
0.10535812377929688,Bcc2,diagnostic_counterfactual,CANONICAL_FULL,0.13481904193758965,2.8688691809092273,0.00014886078893016534,0.023104152480876765,0.0008892421531072176,0.000533801861859604,0.1082763099935149,False,True,0.015218181555402844,False,0.002497578650958762,False,0,frozen canonical tensor encode/decode,0.007307394599339057,False,1.2451388669013979,1148.6601952686997,0.020371253653611313,0.18728744354717336,0.007684423352354921,0.035076586510435645,0.0,0.0,0.0,0.0,0.9285064503660527,validation_target,0.24190521240234375,0.007307394599339057,False,"[0.012622194160367176,0.9508128826147078,1.0000000178246555,1.0000000076958822,0.9999999830872492,0.9999999809214883,1.0000000905022677,1.0000003522651773]",0.9999999953915657,0.9999961853027344,104,0.12336199396654889,False,0.11572008885152142,False
0.10535812377929688,Bcc2,diagnostic_counterfactual,NO_FINAL_INVERSE_CLAMP,1.245301235262671,1148.6507488688778,0.020371153755781822,0.1872868995825907,0.007684381634296393,0.035076382755259414,1.0001304018094601,False,True,0.9999941911344147,False,0.9999917761581182,False,0,diagnostic_counterfactual; actual float32 encoded state; inverse clamp bypassed,0.9999950961373714,False,1.2451388669013979,1148.6601952686997,0.020371253653611313,0.18728744354717336,0.007684423352354921,0.035076586510435645,1.0001462356679782,0.9999941013679614,0.9999917555669984,0.999995060039128,0.00011019653844054481,validation_target,0.24190521240234375,0.9999950961373714,False,"[0.9999934249306364,0.9999997926882913,0.9999998518259549,0.9999999496851354,0.9999998420759414,0.9999998370659229,0.9999999524008415,1.0000000958116]",0.9999998469509481,1.0,104,0.9999970955629894,False,0.9999945710879509,False
0.10535812377929688,Bcc2,diagnostic_counterfactual,NO_SOFTCLIP_COUNTERFACTUAL,1.2451388669013979,1148.6601952686997,0.020371253653611313,0.18728744354717336,0.007684423352354919,0.035076586510435645,1.0,False,True,1.0,False,1.0,False,0,diagnostic_counterfactual,1.0,False,1.2451388669013979,1148.6601952686997,0.020371253653611313,0.18728744354717336,0.007684423352354921,0.035076586510435645,1.0,1.0,1.0,1.0,2.948575998168966e-16,validation_target,0.24190521240234375,1.0,False,"[1.0,1.0,1.0,1.0000000000000002,1.0,1.0,1.0,1.0]",1.0,1.0,104,1.0,False,0.9999999999999997,False
0.10535812377929688,Bcc2,diagnostic_counterfactual,NORMALIZER_ONLY_ROUNDTRIP,1.2451388669013979,1148.6601952686997,0.020371253653611313,0.18728744354717336,0.007684423352354919,0.035076586510435645,1.0,False,True,1.0,False,1.0,False,0,diagnostic_counterfactual,1.0,False,1.2451388669013979,1148.6601952686997,0.020371253653611313,0.18728744354717336,0.007684423352354921,0.035076586510435645,1.0,1.0,1.0,1.0,2.948575998168966e-16,validation_target,0.24190521240234375,1.0,False,"[1.0,1.0,1.0,1.0000000000000002,1.0,1.0,1.0,1.0]",1.0,1.0,104,1.0,False,0.9999999999999997,False
0.10535812377929688,Bcc2,diagnostic_counterfactual,NONLINEAR_ONLY_ROUNDTRIP,1.2451388669013979,1148.6601952686997,0.020371253653611313,0.18728744354717336,0.007684423352354919,0.035076586510435645,1.0,False,True,1.0,False,1.0,False,0,diagnostic_counterfactual,1.0,False,1.2451388669013979,1148.6601952686997,0.020371253653611313,0.18728744354717336,0.007684423352354921,0.035076586510435645,1.0,1.0,1.0,1.0,2.9396263390909117e-16,validation_target,0.24190521240234375,1.0,False,"[1.0,1.0,1.0,1.0,1.0,1.0,1.0,1.0]",1.0,1.0,104,1.0,False,0.9999999999999997,False
0.10535812377929688,Bcc2,diagnostic_counterfactual,FLOAT64_REFERENCE,0.13481894023784463,2.868865131458475,0.00014886057515698265,0.023104138179156714,0.0008892416507687585,0.0005338012010015669,0.108276228316083,False,True,0.015218162714971013,False,0.0024975751255900164,False,0,diagnostic_counterfactual; full canonical calculation in CPU float64,0.007307384105474206,False,1.2451388669013979,1148.6601952686997,0.020371253653611313,0.18728744354717336,0.007684423352354921,0.035076586510435645,-9.159500057763994e-08,-1.913157968403932e-08,-3.5341956772969903e-09,-1.0571112138615569e-08,0.92850650742493,validation_target,0.24190521240234375,0.007307384105474206,False,"[0.012622176577128441,0.9508126590694267,1.0000000000000009,0.9999999999999997,0.9999999999999998,0.9999999999999998,1.0,1.0]",0.9999999999999998,1.0,104,0.12336191760414156,False,0.1157200234805188,False
0.61602783203125,Bcc3,diagnostic_counterfactual,CANONICAL_FULL,0.010797557421028614,0.11410300007279754,2.45422261316788e-10,0.0043688009590787755,7.9463450034338e-05,1.9086421820047628e-05,0.0004848637018631148,False,True,2.194281665934539e-06,False,4.808530292194225e-07,False,0,frozen canonical tensor encode/decode,6.118307062820595e-06,False,22.269263257980377,237292.87981823267,4.0112772830274736e-05,2.9492804475938694,0.09863127944721195,8.698255158559496,0.0,0.0,0.0,0.0,0.9993923226379923,validation_target,0.6718559265136719,6.118307062820595e-06,False,"[4.2600213823910486e-07,2.599890779967145e-05,0.0006938236421178762,0.010607794477256852,0.043374617616149316,0.1463884889408202,0.9849624034260541,0.999999987962697]",0.026991206046703083,1.0,104,0.001481310793160753,False,0.0008056617584167841,False
0.61602783203125,Bcc3,diagnostic_counterfactual,NO_FINAL_INVERSE_CLAMP,,,,,,,,,False,,,,,124912,diagnostic_counterfactual; actual float32 encoded state; inverse clamp bypassed,,,,,,,,,,,,,,validation_target,0.6718559265136719,,,,,,104,,,,
0.61602783203125,Bcc3,diagnostic_counterfactual,NO_SOFTCLIP_COUNTERFACTUAL,22.26926325798038,237292.87981823267,4.0112772830274695e-05,2.94928044759387,0.09863127944721195,8.698255158559498,1.0000000000000002,False,True,1.0000000000000002,False,1.0,False,0,diagnostic_counterfactual,0.999999999999999,False,22.269263257980377,237292.87981823267,4.0112772830274736e-05,2.9492804475938694,0.09863127944721195,8.698255158559496,1.0000000000000002,1.0000000000000002,1.0,0.999999999999999,5.612393161906951e-16,validation_target,0.6718559265136719,0.999999999999999,False,"[0.9999999999999998,1.0,1.0,1.0,1.0,1.0,1.0,1.0]",1.0,1.0,104,1.0000000000000002,False,1.0,False
0.61602783203125,Bcc3,diagnostic_counterfactual,NORMALIZER_ONLY_ROUNDTRIP,22.26926325798038,237292.87981823267,4.0112772830274695e-05,2.94928044759387,0.09863127944721195,8.698255158559498,1.0000000000000002,False,True,1.0000000000000002,False,1.0,False,0,diagnostic_counterfactual,0.999999999999999,False,22.269263257980377,237292.87981823267,4.0112772830274736e-05,2.9492804475938694,0.09863127944721195,8.698255158559496,1.0000000000000002,1.0000000000000002,1.0,0.999999999999999,5.612393161906951e-16,validation_target,0.6718559265136719,0.999999999999999,False,"[0.9999999999999998,1.0,1.0,1.0,1.0,1.0,1.0,1.0]",1.0,1.0,104,1.0000000000000002,False,1.0,False
0.61602783203125,Bcc3,diagnostic_counterfactual,NONLINEAR_ONLY_ROUNDTRIP,22.26926325798038,237292.87981823264,4.011277283027476e-05,2.9492804475938694,0.09863127944721195,8.698255158559496,1.0000000000000002,False,True,1.0,False,0.9999999999999999,False,0,diagnostic_counterfactual,1.0000000000000007,False,22.269263257980377,237292.87981823267,4.0112772830274736e-05,2.9492804475938694,0.09863127944721195,8.698255158559496,1.0000000000000002,1.0,0.9999999999999999,1.0,2.948309235711543e-16,validation_target,0.6718559265136719,1.0,False,"[1.0,1.0,1.0,1.0,1.0,1.0,1.0,1.0]",1.0,1.0,104,1.0,False,1.0,False
0.61602783203125,Bcc3,diagnostic_counterfactual,FLOAT64_REFERENCE,0.01079755544610649,0.11410296099473029,2.4542215402121347e-10,0.004368800209563716,7.946343863254017e-05,1.9086415271083972e-05,0.0004848636131793492,False,True,2.1942809130290956e-06,False,4.808528645365745e-07,False,0,diagnostic_counterfactual; full canonical calculation in CPU float64,6.118304387972487e-06,False,22.269263257980377,237292.87981823267,4.0112772830274736e-05,2.9492804475938694,0.09863127944721195,8.698255158559496,-8.872678602416123e-11,-7.529070953457594e-13,-1.6468292714620455e-13,-2.674864473645063e-12,0.999392322748972,validation_target,0.6718559265136719,6.118304387972487e-06,False,"[4.2600198240368083e-07,2.5998898289036506e-05,0.0006938233883109307,0.010607790631133327,0.04337460432325628,0.1463884549383756,0.9849623756793194,1.0]",0.026991197477194803,1.0,104,0.001481310539025864,False,0.0008056616428165619,False
0.0,rho,diagnostic_counterfactual,CANONICAL_FULL,10.699566882756981,436825.898914634,0.6644574399571287,3.8440003271801246,0.15967225560892365,14.776338515360907,1.0000008663644704,False,True,0.999999956987072,False,1.0000000062943357,False,0,frozen canonical tensor encode/decode,0.9999999406529192,False,10.699557613040415,436825.8961651052,0.6644574793907404,3.844000409850982,0.15967225862108572,14.776339150934518,0.0,0.0,0.0,0.0,8.970950012181132e-07,validation_target,0.0,0.9999999406529192,False,"[0.9999999525969102,0.999999976993155,1.000000028749066,1.000000007059312,0.9999999891910359,0.9999998215132855,1.000000067060849,1.0000003261886634]",0.9999999981251739,1.0,104,0.9999999784935358,False,0.9999999811353449,False
0.0,rho,diagnostic_counterfactual,NO_FINAL_INVERSE_CLAMP,10.69957237920547,436826.34888895944,0.6644580442509547,3.8440021830693953,0.1596723315814948,14.776352783442277,1.0000013800724843,False,True,1.00000092259034,False,1.0000010363942664,False,0,diagnostic_counterfactual; actual float32 encoded state; inverse clamp bypassed,1.0000008501073911,False,10.699557613040415,436825.8961651052,0.6644574793907404,3.844000409850982,0.15967225862108572,14.776339150934518,5.1370801390504535e+23,22.449140592425838,1.030099930687811e+24,15.058235560401608,9.16068839222471e-07,validation_target,0.0,1.0000008343152418,False,"[1.0000009237042329,1.0000009481413157,1.000000830074248,1.0000007957642676,1.0000006696093322,1.0000005163211034,1.000000851435827,1.0000008385562356]",1.0000008343152418,1.0,104,1.0000004612950635,False,1.0000004569385421,False
0.0,rho,diagnostic_counterfactual,NO_SOFTCLIP_COUNTERFACTUAL,10.699557613040415,436825.8961651052,0.6644574793907404,3.844000409850982,0.15967225862108572,14.776339150934518,1.0,False,True,1.0,False,1.0,False,0,diagnostic_counterfactual,1.0,False,10.699557613040415,436825.8961651052,0.6644574793907404,3.844000409850982,0.15967225862108572,14.776339150934518,-8.663644703865714e+23,1.0,-6.294335719303489e+21,1.0,9.249654600719961e-16,validation_target,0.0,1.0,False,"[1.0000000000000002,1.0,0.9999999999999999,1.0,1.0,1.0,1.0,1.0]",1.0,1.0,104,1.0,False,1.0,False
0.0,rho,diagnostic_counterfactual,NORMALIZER_ONLY_ROUNDTRIP,10.699557613040415,436825.8961651052,0.6644574793907404,3.844000409850982,0.15967225862108572,14.776339150934518,1.0,False,True,1.0,False,1.0,False,0,diagnostic_counterfactual,1.0,False,10.699557613040415,436825.8961651052,0.6644574793907404,3.844000409850982,0.15967225862108572,14.776339150934518,-8.663644703865714e+23,1.0,-6.294335719303489e+21,1.0,9.249654600719961e-16,validation_target,0.0,1.0,False,"[1.0000000000000002,1.0,0.9999999999999999,1.0,1.0,1.0,1.0,1.0]",1.0,1.0,104,1.0,False,1.0,False
0.0,rho,diagnostic_counterfactual,NONLINEAR_ONLY_ROUNDTRIP,10.699557613040414,436825.8961651053,0.6644574793907404,3.844000409850982,0.15967225862108572,14.776339150934518,0.9999999999999999,False,True,1.0,False,1.0000000000000002,False,0,diagnostic_counterfactual,1.0,False,10.699557613040415,436825.8961651052,0.6644574793907404,3.844000409850982,0.15967225862108572,14.776339150934518,-8.663644704975936e+23,1.0,-6.294335497258884e+21,1.0,1.4965693175207132e-16,validation_target,0.0,1.0,False,"[1.0,1.0,0.9999999999999999,1.0,1.0,1.0,1.0,1.0]",1.0,1.0,104,1.0,False,1.0,False
0.0,rho,diagnostic_counterfactual,FLOAT64_REFERENCE,10.699557613040394,436825.89616510423,0.6644574793907401,3.8440004098509784,0.1596722586210856,14.776339150934488,0.999999999999998,False,True,0.999999999999998,False,0.9999999999999978,False,0,diagnostic_counterfactual; full canonical calculation in CPU float64,0.9999999999999994,False,10.699557613040415,436825.8961651052,0.6644574793907404,3.844000409850982,0.15967225862108572,14.776339150934518,-8.663644723849728e+23,0.9999999535395162,-6.294337939749538e+21,0.9999999850341683,1.7814558750491365e-15,validation_target,0.0,0.9999999999999991,False,"[0.999999999999998,0.9999999999999983,0.9999999999999986,0.9999999999999992,0.9999999999999992,1.0000000000000004,0.999999999999999,0.9999999999999991]",0.9999999999999991,1.0,104,0.9999999999999991,False,0.9999999999999993,False
0.0,press,diagnostic_counterfactual,CANONICAL_FULL,0.4181366425711209,22542.3764188566,0.026968865883944808,0.64092197749985,0.02150536476790264,0.4107809812423183,0.9999999893087756,False,True,0.9999999253262213,False,0.9999997842833327,False,0,frozen canonical tensor encode/decode,0.9999999851733667,False,0.4181366470415136,22542.381281623962,0.0269688662838023,0.6409220014298844,0.021505365567520456,0.4107810119168887,0.0,0.0,0.0,0.0,9.199204564338855e-07,validation_target,0.0,0.9999999851733667,False,"[0.9999999225724013,0.9999999284236928,1.000000038312628,1.0000000310978576,0.9999999350469867,1.0000000440016659,0.9999999938814361,1.0000001622626167]",1.0000000124896469,1.0,104,0.9999999626631098,False,0.9999999628177529,False
0.0,press,diagnostic_counterfactual,NO_FINAL_INVERSE_CLAMP,0.4181363371267079,22542.33289870889,0.02696881904145958,0.6409213847698608,0.021505345824448265,0.410780221455316,0.9999992588193168,False,True,0.9999980757105373,False,0.9999978536910334,False,0,diagnostic_counterfactual; actual float32 encoded state; inverse clamp bypassed,0.9999982482636748,False,0.4181366470415136,22542.381281623962,0.0269688662838023,0.6409220014298844,0.021505365567520456,0.4107810119168887,-68.32608080035898,-24.76927933404096,-8.94966681690747,-117.14795005392881,1.2767183379398634e-06,validation_target,0.0,0.9999982482636748,False,"[0.999998064910858,0.9999982581297466,0.9999985692495328,0.9999987418371982,0.999998779321,0.9999990078118558,0.9999990150487246,0.9999991349744835]",0.9999987605790991,1.0,104,0.9999990378548057,False,0.9999990819466831,False
0.0,press,diagnostic_counterfactual,NO_SOFTCLIP_COUNTERFACTUAL,0.41813664704151376,22542.381281623955,0.0269688662838023,0.6409220014298843,0.02150536556752045,0.4107810119168886,1.0000000000000004,False,True,0.9999999999999998,False,0.9999999999999997,False,0,diagnostic_counterfactual,1.0,False,0.4181366470415136,22542.381281623962,0.0269688662838023,0.6409220014298844,0.021505365567520456,0.4107810119168887,1.000000041537732,0.9999999970264716,0.9999999984559983,1.0,1.0010051892540763e-15,validation_target,0.0,1.0,False,"[0.9999999999999999,1.0,1.0000000000000002,0.9999999999999999,1.0,1.0000000000000002,1.0,0.9999999999999998]",1.0,1.0,104,0.9999999999999998,False,0.9999999999999997,False
0.0,press,diagnostic_counterfactual,NORMALIZER_ONLY_ROUNDTRIP,0.41813664704151376,22542.381281623955,0.0269688662838023,0.6409220014298843,0.02150536556752045,0.4107810119168886,1.0000000000000004,False,True,0.9999999999999998,False,0.9999999999999997,False,0,diagnostic_counterfactual,1.0,False,0.4181366470415136,22542.381281623962,0.0269688662838023,0.6409220014298844,0.021505365567520456,0.4107810119168887,1.000000041537732,0.9999999970264716,0.9999999984559983,1.0,1.0010051892540763e-15,validation_target,0.0,1.0,False,"[0.9999999999999999,1.0,1.0000000000000002,0.9999999999999999,1.0,1.0000000000000002,1.0,0.9999999999999998]",1.0,1.0,104,0.9999999999999998,False,0.9999999999999997,False
0.0,press,diagnostic_counterfactual,NONLINEAR_ONLY_ROUNDTRIP,0.4181366470415136,22542.381281623962,0.0269688662838023,0.6409220014298843,0.021505365567520456,0.41078101191688865,1.0,False,True,0.9999999999999999,False,1.0,False,0,diagnostic_counterfactual,1.0,False,0.4181366470415136,22542.381281623962,0.0269688662838023,0.6409220014298844,0.021505365567520456,0.4107810119168887,1.0,0.9999999985132357,1.0,1.0,1.356479355784185e-16,validation_target,0.0,1.0,False,"[0.9999999999999999,1.0,1.0,1.0,1.0,1.0,1.0,0.9999999999999998]",1.0,1.0,104,0.9999999999999998,False,1.0,False
0.0,press,diagnostic_counterfactual,FLOAT64_REFERENCE,0.41813664704151376,22542.381281623926,0.026968866283802295,0.6409220014298838,0.021505365567520432,0.410781011916888,1.0000000000000004,False,True,0.9999999999999982,False,0.9999999999999983,False,0,diagnostic_counterfactual; full canonical calculation in CPU float64,0.9999999999999999,False,0.4181366470415136,22542.381281623962,0.0269688662838023,0.6409220014298844,0.021505365567520456,0.4107810119168887,1.000000041537732,0.9999999762117725,0.9999999922799914,0.9999999925119681,1.9193640415187377e-15,validation_target,0.0,0.9999999999999999,False,"[0.9999999999999981,0.9999999999999984,0.9999999999999996,1.0,1.0,1.0,1.0,1.0]",1.0,1.0,104,0.999999999999999,False,0.9999999999999989,False
0.0,vel1,diagnostic_counterfactual,CANONICAL_FULL,2.0964457428455354,976.1521288127711,0.028705555866492566,0.4632810970558661,0.036654892472835765,0.21462937488928682,1.0000001103378282,False,True,1.0000000007951615,False,0.9999999973415995,False,0,frozen canonical tensor encode/decode,0.9999999992363741,False,2.096445511528291,976.1521314077745,0.02870555588841287,0.46328109687167446,0.036654892403633586,0.2146293747186218,0.0,0.0,0.0,0.0,9.942065956758187e-08,validation_target,0.0195465087890625,0.9999999992363741,False,"[0.9999999987729903,1.0000000017525679,0.9999999980122078,1.0000000002249414,1.000000000847145,1.000000002713128,1.0000000010663836,0.9999999973968942]",1.0000000005360432,1.0,104,1.0000000003975809,False,1.0000000018879385,False
0.0,vel1,diagnostic_counterfactual,NO_FINAL_INVERSE_CLAMP,2.096445727219903,976.1521538352652,0.02870555632602046,0.463281100397886,0.03665489277902361,0.2146293779858761,1.000000102884435,False,True,1.0000000152227733,False,1.0000000229754051,False,0,diagnostic_counterfactual; actual float32 encoded state; inverse clamp bypassed,1.0000000152447,False,2.096445511528291,976.1521314077745,0.02870555588841287,0.46328109687167446,0.036654892403633586,0.2146293747186218,-7.453393235934413e+21,1.4427611771949954e+22,9.642567264138103,20.258072287369927,8.115408942539181e-08,validation_target,0.0195465087890625,1.0000000147059636,False,"[1.0000000143336552,1.0000000148501842,1.0000000120400236,1.000000015164835,1.0000000159725229,1.0000000167801268,1.0000000145617427,1.0000000140310876]",1.0000000147059636,1.0,104,1.0000000076113866,False,1.0000000102411983,False
0.0,vel1,diagnostic_counterfactual,NO_SOFTCLIP_COUNTERFACTUAL,2.096445511528291,976.1521314077745,0.02870555588841287,0.46328109687167446,0.036654892403633586,0.2146293747186218,1.0,False,True,1.0,False,1.0,False,0,diagnostic_counterfactual,1.0,False,2.096445511528291,976.1521314077745,0.02870555588841287,0.46328109687167446,0.036654892403633586,0.2146293747186218,-1.1033782820746295e+23,-7.951614922063754e+20,1.0,1.0,2.81341405595455e-17,validation_target,0.0195465087890625,1.0,False,"[1.0,1.0,1.0,1.0,1.0,1.0,1.0,1.0]",1.0,1.0,104,1.0,False,1.0,False
0.0,vel1,diagnostic_counterfactual,NORMALIZER_ONLY_ROUNDTRIP,2.096445511528291,976.1521314077745,0.02870555588841287,0.46328109687167446,0.036654892403633586,0.2146293747186218,1.0,False,True,1.0,False,1.0,False,0,diagnostic_counterfactual,1.0,False,2.096445511528291,976.1521314077745,0.02870555588841287,0.46328109687167446,0.036654892403633586,0.2146293747186218,-1.1033782820746295e+23,-7.951614922063754e+20,1.0,1.0,2.81341405595455e-17,validation_target,0.0195465087890625,1.0,False,"[1.0,1.0,1.0,1.0,1.0,1.0,1.0,1.0]",1.0,1.0,104,1.0,False,1.0,False
0.0,vel1,diagnostic_counterfactual,NONLINEAR_ONLY_ROUNDTRIP,2.096445511528291,976.1521314077745,0.02870555588841287,0.46328109687167446,0.036654892403633586,0.2146293747186218,1.0,False,True,1.0,False,1.0,False,0,diagnostic_counterfactual,1.0,False,2.096445511528291,976.1521314077745,0.02870555588841287,0.46328109687167446,0.036654892403633586,0.2146293747186218,-1.1033782820746295e+23,-7.951614922063754e+20,1.0,1.0,0.0,validation_target,0.0195465087890625,1.0,False,"[1.0,1.0,1.0,1.0,1.0,1.0,1.0,1.0]",1.0,1.0,104,1.0,False,1.0,False
0.0,vel1,diagnostic_counterfactual,FLOAT64_REFERENCE,2.096445511528291,976.1521314077745,0.02870555588841287,0.46328109687167446,0.036654892403633586,0.2146293747186218,1.0,False,True,1.0,False,1.0,False,0,diagnostic_counterfactual; full canonical calculation in CPU float64,1.0,False,2.096445511528291,976.1521314077745,0.02870555588841287,0.46328109687167446,0.036654892403633586,0.2146293747186218,-1.1033782820746295e+23,-7.951614922063754e+20,1.0,0.9999998546116671,1.9284105732378864e-16,validation_target,0.0195465087890625,0.9999999999999999,False,"[0.9999999999999998,0.9999999999999998,0.9999999999999999,0.9999999999999998,0.9999999999999999,1.0,1.0000000000000002,1.0]",0.9999999999999999,1.0,104,1.0,False,1.0,False
0.030742645263671875,vel2,diagnostic_counterfactual,CANONICAL_FULL,0.07146307080984116,1.157383932097839,2.2535383548559867e-08,0.010372615345844775,0.0007127097012833999,0.0001075911491128545,0.7529509786770487,False,True,0.6157141302781505,False,0.3197811565170146,False,0,frozen canonical tensor encode/decode,0.4384102508171187,False,0.0949106553196907,3.6192999759704665,5.140250143913816e-08,0.013219003352487737,0.0009045056234042249,0.00017474204963308204,0.0,0.0,0.0,0.0,0.34429883884405293,validation_target,0.06367874145507812,0.4384102508171187,False,"[0.4972108307772504,0.9999999997729662,1.0000000004249623,1.0000000011985763,1.0000000003565765,1.0000000003444538,0.9999999982239229,1.0000000001670883]",1.000000000255771,1.0,104,0.7846745378041462,False,0.7879549699216064,False
0.030742645263671875,vel2,diagnostic_counterfactual,NO_FINAL_INVERSE_CLAMP,0.09491061802791956,3.6192587878944398,5.1410055040674856e-08,0.01321898334415695,0.000904501152006371,0.00017474152065309885,0.9999996070855162,False,True,0.9999969727951326,False,0.999988619877794,False,0,diagnostic_counterfactual; actual float32 encoded state; inverse clamp bypassed,1.0001469500768487,False,0.0949106553196907,3.6192999759704665,5.140250143913816e-08,0.013219003352487737,0.0009045056234042249,0.00017474204963308204,0.9999984095687499,0.9999921225184011,0.9999832699103897,1.0000000131217204,0.00018184828827336582,validation_target,0.06367874145507812,1.0000000073690236,False,"[0.9999960097690797,1.0000000114188343,1.000000006052817,1.0000000097086006,1.0000000086852303,1.0000000055751814,1.0000000039291947,1.0000000094536965]",1.0000000073690236,1.0,104,0.9999984863964209,False,0.9999950565284081,False
0.030742645263671875,vel2,diagnostic_counterfactual,NO_SOFTCLIP_COUNTERFACTUAL,0.0949106553196907,3.6192999759704665,5.140250143913816e-08,0.013219003352487737,0.0009045056234042249,0.00017474204963308204,1.0,False,True,1.0,False,1.0,False,0,diagnostic_counterfactual,1.0,False,0.0949106553196907,3.6192999759704665,5.140250143913816e-08,0.013219003352487737,0.0009045056234042249,0.00017474204963308204,1.0,1.0,1.0,1.0,4.951587272398351e-17,validation_target,0.06367874145507812,1.0,False,"[1.0000000000000002,1.0,1.0,1.0,1.0,1.0,1.0,1.0]",1.0,1.0,104,1.0,False,1.0,False
0.030742645263671875,vel2,diagnostic_counterfactual,NORMALIZER_ONLY_ROUNDTRIP,0.0949106553196907,3.6192999759704665,5.140250143913816e-08,0.013219003352487737,0.0009045056234042249,0.00017474204963308204,1.0,False,True,1.0,False,1.0,False,0,diagnostic_counterfactual,1.0,False,0.0949106553196907,3.6192999759704665,5.140250143913816e-08,0.013219003352487737,0.0009045056234042249,0.00017474204963308204,1.0,1.0,1.0,1.0,4.951587272398351e-17,validation_target,0.06367874145507812,1.0,False,"[1.0000000000000002,1.0,1.0,1.0,1.0,1.0,1.0,1.0]",1.0,1.0,104,1.0,False,1.0,False
0.030742645263671875,vel2,diagnostic_counterfactual,NONLINEAR_ONLY_ROUNDTRIP,0.0949106553196907,3.6192999759704665,5.140250143913816e-08,0.013219003352487737,0.0009045056234042249,0.00017474204963308204,1.0,False,True,1.0,False,1.0,False,0,diagnostic_counterfactual,1.0,False,0.0949106553196907,3.6192999759704665,5.140250143913816e-08,0.013219003352487737,0.0009045056234042249,0.00017474204963308204,1.0,1.0,1.0,1.0,0.0,validation_target,0.06367874145507812,1.0,False,"[1.0,1.0,1.0,1.0,1.0,1.0,1.0,1.0]",1.0,1.0,104,1.0,False,1.0,False
0.030742645263671875,vel2,diagnostic_counterfactual,FLOAT64_REFERENCE,0.07146305821902146,1.157383663457833,2.253534412120751e-08,0.010372614683255468,0.00071270965971168,0.00010759113536728693,0.7529508460173421,False,True,0.6157140516161019,False,0.31978108229271496,False,0,diagnostic_counterfactual; full canonical calculation in CPU float64,0.4384094837853352,False,0.0949106553196907,3.6192999759704665,5.140250143913816e-08,0.013219003352487737,0.0009045056234042249,0.00017474204963308204,-5.369772604392918e-07,-2.0469669779558447e-07,-1.091182644557816e-07,-1.3658222655397784e-06,0.3442989073060927,validation_target,0.06367874145507812,0.4384094837853352,False,"[0.4972107282897258,1.0,1.0,1.0,1.0,1.0,1.0,1.0]",1.0,1.0,104,0.7846744876801476,False,0.7879549239608972,False
0.42177581787109375,vel3,diagnostic_counterfactual,CANONICAL_FULL,0.10326000535860658,6.771522442651383,0.0015887617449016158,0.04503933318624317,0.001196617475728838,0.002028541533861425,0.08425960265118482,False,True,0.02466295492776185,False,0.005729588057646808,False,0,frozen canonical tensor encode/decode,0.02026326507117441,False,1.2254983658785932,1181.851535314828,0.07840600906720188,0.28679356167266806,0.011111896705455685,0.08225054701689447,0.0,0.0,0.0,0.0,0.8472773771483506,validation_target,0.5080108642578125,0.02026326507117441,False,"[0.0,0.0,0.02026994304920927,0.18800473458068095,0.2500540503240774,0.5912036828701763,0.9999596383331358,0.999999998466462]",0.21902939245237918,1.0,104,0.15704443615665553,False,0.1076879589009612,False
0.42177581787109375,vel3,diagnostic_counterfactual,NO_FINAL_INVERSE_CLAMP,,,,,,,,,False,,,,,51690,diagnostic_counterfactual; actual float32 encoded state; inverse clamp bypassed,,,,,,,,,,,,,,validation_target,0.5080108642578125,,,,,,104,,,,
0.42177581787109375,vel3,diagnostic_counterfactual,NO_SOFTCLIP_COUNTERFACTUAL,1.2254983658785932,1181.8515353148282,0.07840600906720188,0.28679356167266806,0.011111896705455685,0.08225054701689447,1.0,False,True,1.0,False,1.0000000000000002,False,0,diagnostic_counterfactual,1.0,False,1.2254983658785932,1181.851535314828,0.07840600906720188,0.28679356167266806,0.011111896705455685,0.08225054701689447,1.0,1.0,1.0000000000000002,1.0,3.918118918893112e-17,validation_target,0.5080108642578125,1.0,False,"[1.0,1.0,1.0,1.0,1.0,1.0,1.0,1.0]",1.0,1.0,104,1.0,False,1.0,False
0.42177581787109375,vel3,diagnostic_counterfactual,NORMALIZER_ONLY_ROUNDTRIP,1.2254983658785932,1181.8515353148282,0.07840600906720188,0.28679356167266806,0.011111896705455685,0.08225054701689447,1.0,False,True,1.0,False,1.0000000000000002,False,0,diagnostic_counterfactual,1.0,False,1.2254983658785932,1181.851535314828,0.07840600906720188,0.28679356167266806,0.011111896705455685,0.08225054701689447,1.0,1.0,1.0000000000000002,1.0,3.918118918893112e-17,validation_target,0.5080108642578125,1.0,False,"[1.0,1.0,1.0,1.0,1.0,1.0,1.0,1.0]",1.0,1.0,104,1.0,False,1.0,False
0.42177581787109375,vel3,diagnostic_counterfactual,NONLINEAR_ONLY_ROUNDTRIP,1.2254983658785932,1181.851535314828,0.07840600906720188,0.28679356167266806,0.011111896705455685,0.08225054701689447,1.0,False,True,1.0,False,1.0,False,0,diagnostic_counterfactual,1.0,False,1.2254983658785932,1181.851535314828,0.07840600906720188,0.28679356167266806,0.011111896705455685,0.08225054701689447,1.0,1.0,1.0,1.0,0.0,validation_target,0.5080108642578125,1.0,False,"[1.0,1.0,1.0,1.0,1.0,1.0,1.0,1.0]",1.0,1.0,104,1.0,False,1.0,False
0.42177581787109375,vel3,diagnostic_counterfactual,FLOAT64_REFERENCE,0.10325998619918442,6.771519887044514,0.001588761126513134,0.04503932483184247,0.001196617242384937,0.0020285407813082214,0.08425958701720057,False,True,0.024662945778239676,False,0.0057295858952712535,False,0,diagnostic_counterfactual; full canonical calculation in CPU float64,0.02026325718417073,False,1.2254983658785932,1181.851535314828,0.07840600906720188,0.28679356167266806,0.011111896705455685,0.08225054701689447,-1.7072506893166218e-08,-9.380882455813304e-09,-2.1748364717325882e-09,-8.050125505601156e-09,0.8472774033645626,validation_target,0.5080108642578125,0.02026325718417073,False,"[1.2284241875551735e-32,6.733761756754255e-32,0.020269922881575458,0.18800464616303916,0.25005395944457914,0.5912035786327873,0.9999596491593726,0.9999999999999997]",0.21902930280380917,1.0,104,0.15704440702629202,False,0.10768793790149486,False
0.0,Bcc1,diagnostic_counterfactual,CANONICAL_FULL,13.611465430259708,61357.38440609998,0.00015789303591059686,1.9250976142176377,0.052516279852397964,3.7060008242664404,0.9999998241392798,False,True,1.0000000021683693,False,1.0000000454874496,False,0,frozen canonical tensor encode/decode,0.9999975626893804,False,13.611467823982242,61357.381615109174,0.000157893420745908,1.9250976121304764,0.05251627923420262,3.7060008162304623,0.0,0.0,0.0,0.0,6.376668902155972e-07,validation_target,0.0,0.9999975626893804,False,"[1.000000003473173,0.9999999907235889,0.9999999959715146,0.9999999927925075,1.0000000001208307,1.0000000018859212,1.0000000005357634,1.0000000040923083]",1.000000000328297,1.0,105,1.0000000010841847,False,1.0000000117714993,False
0.0,Bcc1,diagnostic_counterfactual,NO_FINAL_INVERSE_CLAMP,13.611463328630032,61357.35901076693,0.00015789289297475737,1.9250972093681007,0.052516268721927085,3.705999265516849,0.9999996697378808,False,True,0.9999995815668452,False,0.99999963159539,False,0,diagnostic_counterfactual; actual float32 encoded state; inverse clamp bypassed,0.9999966574215181,False,13.611467823982242,61357.381615109174,0.000157893420745908,1.9250976121304764,0.05251627923420262,3.7060008162304623,-0.8779754729569226,-4.206015240537652e+23,-4.138920596252759e+23,-0.37142080089297397,5.584659534223179e-07,validation_target,0.0,0.9999966574215181,False,"[0.9999995778592501,0.9999996098233105,0.9999996554588166,0.9999997007577407,0.9999997266952695,0.9999997296316372,0.9999997669935946,0.9999998189296831]",0.9999997137265051,1.0,105,0.9999997907834007,False,0.9999997998282496,False
0.0,Bcc1,diagnostic_counterfactual,NO_SOFTCLIP_COUNTERFACTUAL,13.611467823982252,61357.381615109174,0.00015789342074590805,1.9250976121304764,0.05251627923420262,3.7060008162304623,1.0000000000000009,False,True,1.0,False,1.0,False,0,diagnostic_counterfactual,1.0000000000000004,False,13.611467823982242,61357.381615109174,0.000157893420745908,1.9250976121304764,0.05251627923420262,3.7060008162304623,1.000000005050465,-2.1683692619234306e+21,-4.548744958476902e+22,1.0,6.532559902939204e-16,validation_target,0.0,1.0,False,"[1.0,1.0,1.0000000000000002,0.9999999999999998,1.0,1.0,0.9999999999999999,1.0]",1.0,1.0,105,1.0,False,1.0,False
0.0,Bcc1,diagnostic_counterfactual,NORMALIZER_ONLY_ROUNDTRIP,13.611467823982252,61357.381615109174,0.00015789342074590805,1.9250976121304764,0.05251627923420262,3.7060008162304623,1.0000000000000009,False,True,1.0,False,1.0,False,0,diagnostic_counterfactual,1.0000000000000004,False,13.611467823982242,61357.381615109174,0.000157893420745908,1.9250976121304764,0.05251627923420262,3.7060008162304623,1.000000005050465,-2.1683692619234306e+21,-4.548744958476902e+22,1.0,6.532559902939204e-16,validation_target,0.0,1.0,False,"[1.0,1.0,1.0000000000000002,0.9999999999999998,1.0,1.0,0.9999999999999999,1.0]",1.0,1.0,105,1.0,False,1.0,False
0.0,Bcc1,diagnostic_counterfactual,NONLINEAR_ONLY_ROUNDTRIP,13.611467823982242,61357.381615109174,0.00015789342074590802,1.9250976121304764,0.05251627923420262,3.7060008162304623,1.0,False,True,1.0,False,1.0,False,0,diagnostic_counterfactual,1.0000000000000002,False,13.611467823982242,61357.381615109174,0.000157893420745908,1.9250976121304764,0.05251627923420262,3.7060008162304623,1.0,-2.1683692619234306e+21,-4.548744958476902e+22,1.0,3.419843424288913e-16,validation_target,0.0,1.0,False,"[1.0,1.0,1.0000000000000002,0.9999999999999998,1.0,1.0,0.9999999999999999,1.0000000000000002]",1.0,1.0,105,1.0,False,1.0,False
0.0,Bcc1,diagnostic_counterfactual,FLOAT64_REFERENCE,13.611467823982238,61357.38161510914,0.00015789342074590837,1.925097612130476,0.0525162792342026,3.7060008162304605,0.9999999999999998,False,True,0.9999999999999996,False,0.9999999999999994,False,0,diagnostic_counterfactual; full canonical calculation in CPU float64,1.0000000000000024,False,13.611467823982242,61357.381615109174,0.000157893420745908,1.9250976121304764,0.05251627923420262,3.7060008162304623,0.9999999987373838,-2.1683697060126403e+21,-4.548745013988053e+22,0.9999999999088977,1.24110286160303e-15,validation_target,0.0,0.9999999999999998,False,"[0.9999999999999992,1.0000000000000002,1.0000000000000002,0.9999999999999998,0.9999999999999992,0.9999999999999996,0.9999999999999999,1.0000000000000002]",0.9999999999999998,1.0,105,0.9999999999999998,False,0.9999999999999996,False
0.10651016235351562,Bcc2,diagnostic_counterfactual,CANONICAL_FULL,0.13481904193758965,2.9045783909769347,0.00014693862485267822,0.02316725873063121,0.0008789153298683081,0.0005367218770920082,0.10515734789469733,False,True,0.01448066518731666,False,0.002395725509859864,False,0,frozen canonical tensor encode/decode,0.006853777069192404,False,1.28206962838769,1212.40032675815,0.02143907269951404,0.19252201246512698,0.007883617700139733,0.037064725283622514,0.0,0.0,0.0,0.0,0.9302705076425833,validation_target,0.23855209350585938,0.006853777069192404,False,"[0.011944962489834962,0.9464362763539443,1.0000000181745583,1.000000009606998,0.9999999820338001,0.9999999934199594,0.9999999948798316,1.0000000249900516]",0.9999999941498955,1.0,105,0.12033563556701174,False,0.11148629516278165,False
0.10651016235351562,Bcc2,diagnostic_counterfactual,NO_FINAL_INVERSE_CLAMP,1.2821946068359882,1212.3920653075097,0.021439027602552948,0.19252179206341857,0.00788360902817759,0.03706464041931018,1.0000974817946942,False,True,0.9999977103752508,False,0.9999931858723081,False,0,diagnostic_counterfactual; actual float32 encoded state; inverse clamp bypassed,0.9999978965059858,False,1.28206962838769,1212.40032675815,0.02143907269951404,0.19252201246512698,0.007883617700139733,0.037064725283622514,1.000108937358389,0.9999976767327963,0.999993169508325,0.9999978819896148,0.00011596080438257161,validation_target,0.23855209350585938,0.9999978965059858,False,"[0.9999971510389957,0.9999997358798723,0.9999998405008109,0.999999946501813,0.9999998346165382,0.9999998383435439,0.9999998012999,0.9999999037396299]",0.9999998364800411,1.0,105,0.9999988551869701,False,0.9999989000021978,False
0.10651016235351562,Bcc2,diagnostic_counterfactual,NO_SOFTCLIP_COUNTERFACTUAL,1.2820696283876898,1212.40032675815,0.02143907269951404,0.19252201246512698,0.007883617700139733,0.037064725283622514,0.9999999999999998,False,True,1.0,False,1.0,False,0,diagnostic_counterfactual,1.0,False,1.28206962838769,1212.40032675815,0.02143907269951404,0.19252201246512698,0.007883617700139733,0.037064725283622514,0.9999999999999998,1.0,1.0,1.0,2.9153114647593106e-16,validation_target,0.23855209350585938,1.0,False,"[0.9999999999999999,1.0,0.9999999999999998,1.0000000000000004,1.0,1.0,1.0,1.0]",1.0,1.0,105,1.0,False,1.0,False
0.10651016235351562,Bcc2,diagnostic_counterfactual,NORMALIZER_ONLY_ROUNDTRIP,1.2820696283876898,1212.40032675815,0.02143907269951404,0.19252201246512698,0.007883617700139733,0.037064725283622514,0.9999999999999998,False,True,1.0,False,1.0,False,0,diagnostic_counterfactual,1.0,False,1.28206962838769,1212.40032675815,0.02143907269951404,0.19252201246512698,0.007883617700139733,0.037064725283622514,0.9999999999999998,1.0,1.0,1.0,2.9153114647593106e-16,validation_target,0.23855209350585938,1.0,False,"[0.9999999999999999,1.0,0.9999999999999998,1.0000000000000004,1.0,1.0,1.0,1.0]",1.0,1.0,105,1.0,False,1.0,False
0.10651016235351562,Bcc2,diagnostic_counterfactual,NONLINEAR_ONLY_ROUNDTRIP,1.2820696283876898,1212.40032675815,0.02143907269951404,0.19252201246512698,0.007883617700139733,0.037064725283622514,0.9999999999999998,False,True,1.0,False,1.0,False,0,diagnostic_counterfactual,1.0,False,1.28206962838769,1212.40032675815,0.02143907269951404,0.19252201246512698,0.007883617700139733,0.037064725283622514,0.9999999999999998,1.0,1.0,1.0,2.9061769939343686e-16,validation_target,0.23855209350585938,1.0,False,"[0.9999999999999999,1.0,0.9999999999999998,1.0,1.0,1.0,1.0,1.0]",1.0,1.0,105,1.0,False,1.0,False
0.10651016235351562,Bcc2,diagnostic_counterfactual,FLOAT64_REFERENCE,0.13481894023784463,2.9045741576974162,0.00014693840811622026,0.023167244412598865,0.0008789148491001704,0.0005367212136730933,0.10515726857003137,False,True,0.014480647288386888,False,0.0023957220182082824,False,0,diagnostic_counterfactual; full canonical calculation in CPU float64,0.006853766959778578,False,1.28206962838769,1212.40032675815,0.02143907269951404,0.19252201246512698,0.007883617700139733,0.037064725283622514,-8.864649642504865e-08,-1.8161926549884138e-08,-3.500036708810399e-09,-1.0179179654126845e-08,0.9302705633863155,validation_target,0.23855209350585938,0.006853766959778578,False,"[0.011944945760508372,0.9464361276571952,1.0000000000000004,1.0,0.9999999999999998,1.0,1.0,1.0]",1.0,1.0,105,0.12033556119612726,False,0.11148623417959398,False
0.6200637817382812,Bcc3,diagnostic_counterfactual,CANONICAL_FULL,0.010797557421028614,0.11565255215718341,2.6502334106632574e-10,0.004380536914500264,8.082304720999884e-05,1.918910365929949e-05,0.0004750733804214132,False,True,2.0909701245680783e-06,False,4.5684232731816297e-07,False,0,frozen canonical tensor encode/decode,6.229007579944133e-08,False,22.728188667297367,253156.38512768198,0.004254663967975179,3.0293777449772805,0.10557572033966918,9.177129521763632,0.0,0.0,0.0,0.0,0.9994139428404312,validation_target,0.674774169921875,6.229007579944133e-08,False,"[4.036462299514373e-07,2.5409093894503805e-05,0.0006859955603289494,0.010902038301299558,0.04334063497139829,0.10633274392702911,0.9749273342192424,0.9999999461528278]",0.027121336636348924,1.0,105,0.0014460187151513905,False,0.0007655457803173545,False
0.6200637817382812,Bcc3,diagnostic_counterfactual,NO_FINAL_INVERSE_CLAMP,,,,,,,,,False,,,,,125677,diagnostic_counterfactual; actual float32 encoded state; inverse clamp bypassed,,,,,,,,,,,,,,validation_target,0.674774169921875,,,,,,105,,,,
0.6200637817382812,Bcc3,diagnostic_counterfactual,NO_SOFTCLIP_COUNTERFACTUAL,22.728188667297367,253156.38512768198,0.004254663967975178,3.0293777449772805,0.10557572033966918,9.177129521763632,1.0,False,True,1.0,False,1.0,False,0,diagnostic_counterfactual,0.9999999999999998,False,22.728188667297367,253156.38512768198,0.004254663967975179,3.0293777449772805,0.10557572033966918,9.177129521763632,1.0,1.0,1.0,0.9999999999999998,5.739903455742149e-16,validation_target,0.674774169921875,0.9999999999999998,False,"[1.0,1.0,1.0,1.0,1.0,1.0,1.0,1.0]",1.0,1.0,105,1.0,False,1.0,False
0.6200637817382812,Bcc3,diagnostic_counterfactual,NORMALIZER_ONLY_ROUNDTRIP,22.728188667297367,253156.38512768198,0.004254663967975178,3.0293777449772805,0.10557572033966918,9.177129521763632,1.0,False,True,1.0,False,1.0,False,0,diagnostic_counterfactual,0.9999999999999998,False,22.728188667297367,253156.38512768198,0.004254663967975179,3.0293777449772805,0.10557572033966918,9.177129521763632,1.0,1.0,1.0,0.9999999999999998,5.739903455742149e-16,validation_target,0.674774169921875,0.9999999999999998,False,"[1.0,1.0,1.0,1.0,1.0,1.0,1.0,1.0]",1.0,1.0,105,1.0,False,1.0,False
0.6200637817382812,Bcc3,diagnostic_counterfactual,NONLINEAR_ONLY_ROUNDTRIP,22.728188667297367,253156.38512768198,0.004254663967975179,3.0293777449772805,0.10557572033966918,9.177129521763632,1.0,False,True,1.0,False,1.0,False,0,diagnostic_counterfactual,1.0,False,22.728188667297367,253156.38512768198,0.004254663967975179,3.0293777449772805,0.10557572033966918,9.177129521763632,1.0,1.0,1.0,1.0,2.932870641618409e-16,validation_target,0.674774169921875,1.0,False,"[1.0,1.0,1.0,1.0,1.0,1.0,1.0,1.0]",1.0,1.0,105,1.0,False,1.0,False
0.6200637817382812,Bcc3,diagnostic_counterfactual,FLOAT64_REFERENCE,0.01079755544610649,0.11565251212786037,2.6502325078496057e-10,0.0043805361601550125,8.08230348701533e-05,1.918909705042562e-05,0.00047507329352834167,False,True,2.090969404421996e-06,False,4.5684216919723304e-07,False,0,diagnostic_counterfactual; full canonical calculation in CPU float64,6.229005458005342e-08,False,22.728188667297367,253156.38512768198,0.004254663967975179,3.0293777449772805,0.10557572033966918,9.177129521763632,-8.693437171999421e-11,-7.201475881444875e-13,-1.581210021681429e-13,-2.121938923108114e-14,0.9994139429474634,validation_target,0.674774169921875,6.229005458005342e-08,False,"[4.0364608229400584e-07,2.5409084599628108e-05,0.0006859953093855867,0.010902034354114902,0.043340621499834336,0.10633271704292552,0.9749272866899776,1.0]",0.02712132792697462,1.0,105,0.0014460184661414237,False,0.000765545663435883,False
0.0,rho,diagnostic_counterfactual,CANONICAL_FULL,10.87364983472089,442434.6771085642,0.6797912706748438,3.8720211428492584,0.16153182817987677,14.992547730671678,1.0000013541682273,False,True,1.0000000230638981,False,1.0000000625542207,False,0,frozen canonical tensor encode/decode,1.0000000165913134,False,10.873635109989708,442434.64943240944,0.6797912593962139,3.8720210981973087,0.16153182450762757,14.992547384885093,0.0,0.0,0.0,0.0,8.933364172230556e-07,validation_target,0.0,1.0000000165913134,False,"[1.000000022833343,1.0000000216487868,1.000000052010046,1.0000000165479803,0.9999999707922768,0.999999954589446,1.0000003224398362,1.0000001107633392]",1.000000022241065,1.0,105,1.000000011531949,False,1.0000000227339052,False
0.0,rho,diagnostic_counterfactual,NO_FINAL_INVERSE_CLAMP,10.87364714114389,442435.07768881344,0.6797918870381717,3.872022990484298,0.1615319011684768,14.992562038838967,1.0000011064518957,False,True,1.0000009774158787,False,1.0000009679540347,False,0,diagnostic_counterfactual; actual float32 encoded state; inverse clamp bypassed,1.0000009232863019,False,10.873635109989708,442434.64943240944,0.6797912593962139,3.8720210981973087,0.16153182450762757,14.992547384885093,-2.4771633166942305e+23,9.543519805532696e+23,9.05399814010721e+23,8.50282715569861e+23,9.175038365546556e-07,validation_target,0.0,1.000000866874029,False,"[1.0000009902204456,1.0000009227365998,1.000000882423808,1.000000764596375,1.0000006978438747,1.0000007506366408,1.0000010342063321,1.0000008513242498]",1.000000866874029,1.0,105,1.0000004887078198,False,1.0000004745866609,False
0.0,rho,diagnostic_counterfactual,NO_SOFTCLIP_COUNTERFACTUAL,10.87363510998971,442434.6494324093,0.6797912593962139,3.8720210981973087,0.1615318245076275,14.992547384885093,1.0000000000000002,False,True,1.0,False,0.9999999999999998,False,0,diagnostic_counterfactual,1.0,False,10.873635109989708,442434.64943240944,0.6797912593962139,3.8720210981973087,0.16153182450762757,14.992547384885093,-1.354168227107877e+24,-2.3063898124675573e+22,-6.255422091427931e+22,-1.6591313434233255e+22,9.204172149004767e-16,validation_target,0.0,1.0,False,"[1.0,1.0,1.0,1.0,1.0,1.0,1.0000000000000002,0.9999999999999999]",1.0,1.0,105,1.0,False,0.9999999999999997,False
0.0,rho,diagnostic_counterfactual,NORMALIZER_ONLY_ROUNDTRIP,10.87363510998971,442434.6494324093,0.6797912593962139,3.8720210981973087,0.1615318245076275,14.992547384885093,1.0000000000000002,False,True,1.0,False,0.9999999999999998,False,0,diagnostic_counterfactual,1.0,False,10.873635109989708,442434.64943240944,0.6797912593962139,3.8720210981973087,0.16153182450762757,14.992547384885093,-1.354168227107877e+24,-2.3063898124675573e+22,-6.255422091427931e+22,-1.6591313434233255e+22,9.204172149004767e-16,validation_target,0.0,1.0,False,"[1.0,1.0,1.0,1.0,1.0,1.0,1.0000000000000002,0.9999999999999999]",1.0,1.0,105,1.0,False,0.9999999999999997,False
0.0,rho,diagnostic_counterfactual,NONLINEAR_ONLY_ROUNDTRIP,10.873635109989706,442434.64943240944,0.6797912593962139,3.8720210981973087,0.16153182450762757,14.992547384885093,0.9999999999999999,False,True,1.0,False,1.0,False,0,diagnostic_counterfactual,1.0,False,10.873635109989708,442434.64943240944,0.6797912593962139,3.8720210981973087,0.16153182450762757,14.992547384885093,-1.354168227440944e+24,-2.3063898124675573e+22,-6.255422069223471e+22,-1.6591313434233255e+22,1.5258091291915798e-16,validation_target,0.0,1.0,False,"[1.0,1.0,1.0,1.0,1.0,1.0,1.0,1.0]",1.0,1.0,105,1.0,False,1.0,False
0.0,rho,diagnostic_counterfactual,FLOAT64_REFERENCE,10.87363510998971,442434.6494324085,0.6797912593962137,3.872021098197305,0.1615318245076274,14.992547384885064,1.0000000000000002,False,True,0.9999999999999981,False,0.9999999999999979,False,0,diagnostic_counterfactual; full canonical calculation in CPU float64,0.9999999999999997,False,10.873635109989708,442434.64943240944,0.6797912593962139,3.8720210981973087,0.16153182450762757,14.992547384885093,-1.354168227107877e+24,-2.3063900012054713e+22,-6.255422280165845e+22,-1.6591314322411676e+22,1.8140700904149e-15,validation_target,0.0,0.9999999999999991,False,"[0.999999999999998,0.9999999999999984,0.9999999999999986,0.999999999999999,0.9999999999999992,0.9999999999999998,0.9999999999999999,0.9999999999999991]",0.9999999999999991,1.0,105,0.9999999999999991,False,0.999999999999999,False
0.0,press,diagnostic_counterfactual,CANONICAL_FULL,0.46676360172138603,24575.20882454161,0.030197116285737183,0.6693249224975375,0.022630883556489845,0.44799585187633456,1.0000004941907006,False,True,1.0000003815191454,False,1.0000005452324487,False,0,frozen canonical tensor encode/decode,1.00000025025157,False,0.4667633710512687,24575.19542534763,0.030197108728863317,0.6693247948174378,0.022630880006465348,0.4479956809574052,0.0,0.0,0.0,0.0,9.332602129265814e-07,validation_target,0.0,1.0000000254878647,False,"[1.000000394136936,0.9999999454334733,1.0000000194136824,0.9999999431392241,1.0000000110369516,1.000000124321052,1.0000000315620468,1.0000001199155968]",1.0000000254878647,1.0,105,1.0000001907595546,False,1.000000156866392,False
0.0,press,diagnostic_counterfactual,NO_FINAL_INVERSE_CLAMP,0.4667631251208596,24575.155305512635,0.03019705977063003,0.669324236187473,0.022630861834044096,0.44799493314794425,0.9999994731154492,False,True,0.9999983307663606,False,0.9999983674662887,False,0,diagnostic_counterfactual; actual float32 encoded state; inverse clamp bypassed,0.9999983787112294,False,0.4667633710512687,24575.19542534763,0.030197108728863317,0.6693247948174378,0.022630880006465348,0.4479956809574052,-1.0210752513506448e+24,-2.0507527848101502e+24,-2.1777661600719253e+24,-1.6467766352779022e+24,1.149313702569062e-06,validation_target,0.0,0.9999983787112294,False,"[0.9999983281464389,0.9999983719451694,0.9999985894392306,0.9999987687129462,0.9999988382378547,0.9999990931367999,0.9999990199987389,0.9999990544018449]",0.9999988034754005,1.0,105,0.999999165382832,False,0.9999991970077502,False
0.0,press,diagnostic_counterfactual,NO_SOFTCLIP_COUNTERFACTUAL,0.46676337105126886,24575.195425347636,0.030197108728863314,0.6693247948174378,0.022630880006465348,0.4479956809574052,1.0000000000000004,False,True,1.0,False,1.0000000000000002,False,0,diagnostic_counterfactual,0.9999999999999999,False,0.4667633710512687,24575.19542534763,0.030197108728863317,0.6693247948174378,0.022630880006465348,0.4479956809574052,-4.9419070013989595e+23,-3.815191453870881e+23,-5.452324485233361e+23,-2.548786481870735e+22,1.0077039509283497e-15,validation_target,0.0,0.9999999999999999,False,"[1.0,1.0000000000000002,0.9999999999999999,0.9999999999999999,1.0,0.9999999999999999,1.0000000000000002,0.9999999999999998]",1.0,1.0,105,1.0,False,1.0,False
0.0,press,diagnostic_counterfactual,NORMALIZER_ONLY_ROUNDTRIP,0.46676337105126886,24575.195425347636,0.030197108728863314,0.6693247948174378,0.022630880006465348,0.4479956809574052,1.0000000000000004,False,True,1.0,False,1.0000000000000002,False,0,diagnostic_counterfactual,0.9999999999999999,False,0.4667633710512687,24575.19542534763,0.030197108728863317,0.6693247948174378,0.022630880006465348,0.4479956809574052,-4.9419070013989595e+23,-3.815191453870881e+23,-5.452324485233361e+23,-2.548786481870735e+22,1.0077039509283497e-15,validation_target,0.0,0.9999999999999999,False,"[1.0,1.0000000000000002,0.9999999999999999,0.9999999999999999,1.0,0.9999999999999999,1.0000000000000002,0.9999999999999998]",1.0,1.0,105,1.0,False,1.0,False
0.0,press,diagnostic_counterfactual,NONLINEAR_ONLY_ROUNDTRIP,0.4667633710512687,24575.19542534763,0.030197108728863317,0.6693247948174378,0.022630880006465348,0.4479956809574052,1.0,False,True,1.0,False,1.0,False,0,diagnostic_counterfactual,1.0,False,0.4667633710512687,24575.19542534763,0.030197108728863317,0.6693247948174378,0.022630880006465348,0.4479956809574052,-4.9419070058398516e+23,-3.815191453870881e+23,-5.4523244874538076e+23,-2.5487864707685045e+22,1.4518952214067656e-16,validation_target,0.0,1.0,False,"[1.0,1.0,0.9999999999999999,0.9999999999999999,1.0,0.9999999999999999,1.0000000000000002,0.9999999999999998]",1.0,1.0,105,1.0,False,1.0,False
0.0,press,diagnostic_counterfactual,FLOAT64_REFERENCE,0.46676337105126886,24575.195425347596,0.030197108728863307,0.6693247948174372,0.02263088000646533,0.4479956809574044,1.0000000000000004,False,True,0.9999999999999981,False,0.9999999999999987,False,0,diagnostic_counterfactual; full canonical calculation in CPU float64,0.9999999999999997,False,0.4667633710512687,24575.19542534763,0.030197108728863317,0.6693247948174378,0.022630880006465348,0.4479956809574052,-4.9419070013989595e+23,-3.815191472744672e+23,-5.452324500776484e+23,-2.5487865040751953e+22,1.955663239325586e-15,validation_target,0.0,0.9999999999999997,False,"[0.9999999999999982,0.9999999999999987,0.9999999999999991,1.0000000000000002,0.9999999999999998,0.9999999999999999,1.0000000000000002,0.9999999999999996]",0.9999999999999997,1.0,105,0.9999999999999992,False,0.9999999999999992,False
0.0,vel1,diagnostic_counterfactual,CANONICAL_FULL,2.1748581355810184,994.5137264606723,0.02962733621458612,0.4803715863045076,0.03871284139864973,0.230756860928709,0.99999969965145,False,True,0.999999996833888,False,1.0000000080490838,False,0,frozen canonical tensor encode/decode,0.9999999979339169,False,2.174858788796702,994.513718455748,0.02962733627579866,0.48037158706496275,0.03871284161066095,0.23075686165931109,0.0,0.0,0.0,0.0,1.1154015296737122e-07,validation_target,0.021968841552734375,0.9999999979339169,False,"[0.9999999989716905,0.9999999991048034,1.0000000004244953,0.9999999993589911,0.9999999990422237,0.999999992070208,0.9999999956792406,0.9999999978109967]",0.999999999006957,1.0,105,0.999999998416944,False,0.9999999945234911,False
0.0,vel1,diagnostic_counterfactual,NO_FINAL_INVERSE_CLAMP,2.174858455335548,994.5137411950855,0.029627336693465536,0.48037158988849704,0.038712841734301735,0.2307568643720024,0.9999998466745722,False,True,1.0000000117556258,False,1.00000002286478,False,0,diagnostic_counterfactual; actual float32 encoded state; inverse clamp bypassed,1.0000000140973482,False,2.174858788796702,994.513718455748,0.02962733627579866,0.48037158706496275,0.03871284161066095,0.23075686165931109,0.4895083469428075,4.712953193236983,1.481569622541201e+22,7.823224243888458,9.162013617264826e-08,validation_target,0.021968841552734375,1.0000000140973482,False,"[1.0000000148336015,1.000000014476469,1.0000000133348124,1.0000000154174318,1.0000000150980775,1.0000000095770238,1.000000008328476,1.0000000152379218]",1.0000000146550352,1.0,105,1.000000005877813,False,1.0000000031937926,False
0.0,vel1,diagnostic_counterfactual,NO_SOFTCLIP_COUNTERFACTUAL,2.174858788796702,994.513718455748,0.02962733627579866,0.48037158706496275,0.03871284161066095,0.23075686165931106,1.0,False,True,0.9999999999999999,False,1.0,False,0,diagnostic_counterfactual,1.0,False,2.174858788796702,994.513718455748,0.02962733627579866,0.48037158706496275,0.03871284161066095,0.23075686165931109,1.0,0.999999964934184,-8.04908384388625e+21,1.0,2.6525570353540038e-17,validation_target,0.021968841552734375,1.0,False,"[1.0,1.0,1.0,1.0,1.0,1.0,1.0,0.9999999999999999]",1.0,1.0,105,1.0,False,1.0,False
0.0,vel1,diagnostic_counterfactual,NORMALIZER_ONLY_ROUNDTRIP,2.174858788796702,994.513718455748,0.02962733627579866,0.48037158706496275,0.03871284161066095,0.23075686165931106,1.0,False,True,0.9999999999999999,False,1.0,False,0,diagnostic_counterfactual,1.0,False,2.174858788796702,994.513718455748,0.02962733627579866,0.48037158706496275,0.03871284161066095,0.23075686165931109,1.0,0.999999964934184,-8.04908384388625e+21,1.0,2.6525570353540038e-17,validation_target,0.021968841552734375,1.0,False,"[1.0,1.0,1.0,1.0,1.0,1.0,1.0,0.9999999999999999]",1.0,1.0,105,1.0,False,1.0,False
0.0,vel1,diagnostic_counterfactual,NONLINEAR_ONLY_ROUNDTRIP,2.174858788796702,994.513718455748,0.02962733627579866,0.48037158706496275,0.03871284161066095,0.23075686165931109,1.0,False,True,1.0,False,1.0,False,0,diagnostic_counterfactual,1.0,False,2.174858788796702,994.513718455748,0.02962733627579866,0.48037158706496275,0.03871284161066095,0.23075686165931109,1.0,1.0,-8.04908384388625e+21,1.0,0.0,validation_target,0.021968841552734375,1.0,False,"[1.0,1.0,1.0,1.0,1.0,1.0,1.0,1.0]",1.0,1.0,105,1.0,False,1.0,False
0.0,vel1,diagnostic_counterfactual,FLOAT64_REFERENCE,2.1748587887967026,994.5137184557477,0.02962733627579866,0.48037158706496275,0.03871284161066095,0.23075686165931109,1.0000000000000002,False,True,1.0,False,0.9999999999999998,False,0,diagnostic_counterfactual; full canonical calculation in CPU float64,1.0,False,2.174858788796702,994.513718455748,0.02962733627579866,0.48037158706496275,0.03871284161066095,0.23075686165931109,1.0000000007392897,1.0,-8.049084065930856e+21,1.0,2.1666358561258044e-16,validation_target,0.021968841552734375,1.0,False,"[1.0,0.9999999999999998,1.0,0.9999999999999998,0.9999999999999999,1.0000000000000002,1.0,0.9999999999999998]",1.0,1.0,105,1.0,False,1.0,False
0.030834197998046875,vel2,diagnostic_counterfactual,CANONICAL_FULL,0.07146307080984116,1.15657482468957,3.493889686681469e-08,0.010537787536331734,0.0007279818978626592,0.00011104496616086845,0.7512492854358913,False,True,0.6223940712695724,False,0.31790642870466934,False,0,frozen canonical tensor encode/decode,0.45637864162695113,False,0.09512564230710278,3.638098258667213,7.65568185712208e-08,0.01335723954390235,0.0009224687535193763,0.00017841584823318868,0.0,0.0,0.0,0.0,0.3411652054539016,validation_target,0.07585906982421875,0.45637864162695113,False,"[0.496621716275821,1.0000000039968018,0.9999999979210764,1.0000000001437919,0.9999999970498701,1.0000000034536003,1.0000000015130412,1.0000000029387563]",1.0000000008284164,0.9999618530273438,105,0.788919559441628,False,0.7891669989745274,False
0.030834197998046875,vel2,diagnostic_counterfactual,NO_FINAL_INVERSE_CLAMP,0.0951256288967578,3.6380813545123445,7.655494664772689e-08,0.01335723240425191,0.000922468217232309,0.00017841565750119725,0.9999998590249205,False,True,0.9999989309694552,False,0.9999953535738547,False,0,diagnostic_counterfactual; actual float32 encoded state; inverse clamp bypassed,0.9999755485725655,False,0.09512564230710278,3.638098258667213,7.65568185712208e-08,0.01335723954390235,0.0009224687535193763,0.00017841584823318868,0.9999994332676401,0.9999971689254236,0.9999931879930543,0.9999550212164074,0.00017396638867723269,validation_target,0.07585906982421875,0.9999755485725655,False,"[0.9999985785687612,1.0000000086918417,1.0000000067782269,1.0000000078775633,1.0000000065951846,1.0000000092792605,1.0000000047131195,1.0000000066787522]",1.0000000067284895,0.9999618530273438,105,0.9999994654845848,False,0.9999994186393141,False
0.030834197998046875,vel2,diagnostic_counterfactual,NO_SOFTCLIP_COUNTERFACTUAL,0.09512564230710278,3.638098258667213,7.65568185712208e-08,0.01335723954390235,0.0009224687535193763,0.00017841584823318868,1.0,False,True,1.0,False,1.0,False,0,diagnostic_counterfactual,1.0,False,0.09512564230710278,3.638098258667213,7.65568185712208e-08,0.01335723954390235,0.0009224687535193763,0.00017841584823318868,1.0,1.0,1.0,1.0,4.954993493321954e-17,validation_target,0.07585906982421875,1.0,False,"[1.0,1.0,1.0000000000000002,1.0,1.0,1.0,1.0,1.0]",1.0,1.0,105,1.0,False,1.0,False
0.030834197998046875,vel2,diagnostic_counterfactual,NORMALIZER_ONLY_ROUNDTRIP,0.09512564230710278,3.638098258667213,7.65568185712208e-08,0.01335723954390235,0.0009224687535193763,0.00017841584823318868,1.0,False,True,1.0,False,1.0,False,0,diagnostic_counterfactual,1.0,False,0.09512564230710278,3.638098258667213,7.65568185712208e-08,0.01335723954390235,0.0009224687535193763,0.00017841584823318868,1.0,1.0,1.0,1.0,4.954993493321954e-17,validation_target,0.07585906982421875,1.0,False,"[1.0,1.0,1.0000000000000002,1.0,1.0,1.0,1.0,1.0]",1.0,1.0,105,1.0,False,1.0,False
0.030834197998046875,vel2,diagnostic_counterfactual,NONLINEAR_ONLY_ROUNDTRIP,0.09512564230710278,3.638098258667213,7.65568185712208e-08,0.01335723954390235,0.0009224687535193763,0.00017841584823318868,1.0,False,True,1.0,False,1.0,False,0,diagnostic_counterfactual,1.0,False,0.09512564230710278,3.638098258667213,7.65568185712208e-08,0.01335723954390235,0.0009224687535193763,0.00017841584823318868,1.0,1.0,1.0,1.0,0.0,validation_target,0.07585906982421875,1.0,False,"[1.0,1.0,1.0,1.0,1.0,1.0,1.0,1.0]",1.0,1.0,105,1.0,False,1.0,False
0.030834197998046875,vel2,diagnostic_counterfactual,FLOAT64_REFERENCE,0.07146305821902146,1.1565745509708079,3.493883320436758e-08,0.010537786873775639,0.0007279818567712346,0.00011104495219711817,0.7512491530759998,False,True,0.6223939930043823,False,0.3179063534678993,False,0,diagnostic_counterfactual; full canonical calculation in CPU float64,0.45637781005572986,False,0.09512564230710278,3.638098258667213,7.65568185712208e-08,0.01335723954390235,0.0009224687535193763,0.00017841584823318868,-5.320985377809072e-07,-2.0726684660302784e-07,-1.1030271095124464e-07,-1.5296882811230026e-06,0.3411652734437926,validation_target,0.07585906982421875,0.45637781005572986,False,"[0.4966216119644359,1.0,1.0,1.0,1.0,1.0,1.0,1.0]",1.0,0.9999618530273438,105,0.788919509838857,False,0.7891669544294689,False
0.4228973388671875,vel3,diagnostic_counterfactual,CANONICAL_FULL,0.10326003422960639,6.9459455895819335,0.0015873079268223114,0.04505078502766956,0.0012082028857388115,0.0020295732316092958,0.0839995937462513,False,True,0.024805458819675417,False,0.005584173047094188,False,0,frozen canonical tensor encode/decode,0.020546726504496234,False,1.2292920670728202,1243.862883725705,0.07725356768996566,0.2860412919276924,0.011649674778761289,0.08181962068766334,0.0,0.0,0.0,0.0,0.8468874987433929,validation_target,0.5057601928710938,0.020546726504496234,False,"[9.824346162052761e-05,0.0,0.01960546231433812,0.19291319336247265,0.20525061704955203,0.45036943190833517,0.9918301067626438,0.9999999982613005]",0.19908190520601232,1.0,105,0.1574974882964024,False,0.10371129741248278,False
0.4228973388671875,vel3,diagnostic_counterfactual,NO_FINAL_INVERSE_CLAMP,,,,,,,,,False,,,,,51714,diagnostic_counterfactual; actual float32 encoded state; inverse clamp bypassed,,,,,,,,,,,,,,validation_target,0.5057601928710938,,,,,,105,,,,
0.4228973388671875,vel3,diagnostic_counterfactual,NO_SOFTCLIP_COUNTERFACTUAL,1.2292920670728202,1243.862883725705,0.07725356768996566,0.2860412919276924,0.011649674778761289,0.08181962068766334,1.0,False,True,1.0,False,1.0,False,0,diagnostic_counterfactual,1.0,False,1.2292920670728202,1243.862883725705,0.07725356768996566,0.2860412919276924,0.011649674778761289,0.08181962068766334,1.0,1.0,1.0,1.0,3.905663867539986e-17,validation_target,0.5057601928710938,1.0,False,"[1.0,1.0,1.0,1.0,1.0,1.0000000000000002,1.0,1.0]",1.0,1.0,105,1.0,False,1.0,False
0.4228973388671875,vel3,diagnostic_counterfactual,NORMALIZER_ONLY_ROUNDTRIP,1.2292920670728202,1243.862883725705,0.07725356768996566,0.2860412919276924,0.011649674778761289,0.08181962068766334,1.0,False,True,1.0,False,1.0,False,0,diagnostic_counterfactual,1.0,False,1.2292920670728202,1243.862883725705,0.07725356768996566,0.2860412919276924,0.011649674778761289,0.08181962068766334,1.0,1.0,1.0,1.0,3.905663867539986e-17,validation_target,0.5057601928710938,1.0,False,"[1.0,1.0,1.0,1.0,1.0,1.0000000000000002,1.0,1.0]",1.0,1.0,105,1.0,False,1.0,False
0.4228973388671875,vel3,diagnostic_counterfactual,NONLINEAR_ONLY_ROUNDTRIP,1.2292920670728202,1243.862883725705,0.07725356768996566,0.2860412919276924,0.011649674778761289,0.08181962068766334,1.0,False,True,1.0,False,1.0,False,0,diagnostic_counterfactual,1.0,False,1.2292920670728202,1243.862883725705,0.07725356768996566,0.2860412919276924,0.011649674778761289,0.08181962068766334,1.0,1.0,1.0,1.0,0.0,validation_target,0.5057601928710938,1.0,False,"[1.0,1.0,1.0,1.0,1.0,1.0,1.0,1.0]",1.0,1.0,105,1.0,False,1.0,False
0.4228973388671875,vel3,diagnostic_counterfactual,FLOAT64_REFERENCE,0.10326001507018423,6.945942923755389,0.0015873073086388654,0.04505077661346228,0.0012082026438622075,0.00202957247347608,0.08399957816051486,False,True,0.02480544955376573,False,0.005584170903910579,False,0,diagnostic_counterfactual; full canonical calculation in CPU float64,0.02054671850249109,False,1.2292920670728202,1243.862883725705,0.07725356768996566,0.2860412919276924,0.011649674778761289,0.08181962068766334,-1.701498856458443e-08,-9.501601264244304e-09,-2.155218724058e-09,-8.169869213617502e-09,0.8468875250289789,validation_target,0.5057601928710938,0.02054671850249109,False,"[9.824342244585391e-05,6.784269020985459e-32,0.01960544240193558,0.1929131005672149,0.2052505400113509,0.4503693421699598,0.9918300804534956,0.9999999999999998]",0.1990818202892829,0.9999618530273438,105,0.15749745888034425,False,0.10371127664996291,False
0.0,Bcc1,diagnostic_counterfactual,CANONICAL_FULL,13.885075397491466,63907.136288522386,0.00015443426162936683,1.9651551126800761,0.05355998718691518,3.8618346168926427,1.0000003822233188,False,True,1.000000014344544,False,0.999999997036903,False,0,frozen canonical tensor encode/decode,0.9999996605324726,False,13.885070090293896,63907.13647788543,0.00015443431405480157,1.9651550985854493,0.05355998748115987,3.861834561496387,0.0,0.0,0.0,0.0,6.317036958388772e-07,validation_target,0.0,0.9999996605324726,False,"[1.000000017709204,0.9999999831521579,0.9999999959989858,1.0000000039427062,0.9999999938556385,0.999999976211395,1.0000000059168008,1.0000000480581102]",0.999999999970846,1.0,106,1.0000000071722719,False,0.9999999945062592,False
0.0,Bcc1,diagnostic_counterfactual,NO_FINAL_INVERSE_CLAMP,13.885074621080227,63907.108742557444,0.00015443428799520202,1.9651547037503019,0.053559976353872836,3.861833009671937,1.0000003263063348,False,True,0.999999598163923,False,0.9999995660057778,False,0,diagnostic_counterfactual; actual float32 encoded state; inverse clamp bypassed,0.9999998312577117,False,13.885070090293896,63907.13647788543,0.00015443431405480157,1.9651550985854493,0.05355998748115987,3.861834561496387,-5.591698393203614e+22,-4.161806209657115e+23,-145.466424721156,0.1487746308551053,5.56921549007672e-07,validation_target,0.0,0.9999997110366287,False,"[0.999999595832979,0.9999996129112992,0.999999664601473,0.9999997062144502,0.9999997180452171,0.9999997158588071,0.9999997997284333,0.9999998909952909]",0.9999997110366287,1.0,106,0.9999997990819413,False,0.9999997922462727,False
0.0,Bcc1,diagnostic_counterfactual,NO_SOFTCLIP_COUNTERFACTUAL,13.885070090293887,63907.13647788542,0.00015443431405480165,1.9651550985854493,0.05355998748115987,3.861834561496387,0.9999999999999993,False,True,1.0,False,0.9999999999999998,False,0,diagnostic_counterfactual,1.0000000000000004,False,13.885070090293896,63907.13647788543,0.00015443431405480157,1.9651550985854493,0.05355998748115987,3.861834561496387,-3.822233194394897e+23,-1.434454399706908e+22,0.9999999250633356,1.0,6.483078928401977e-16,validation_target,0.0,1.0,False,"[0.9999999999999999,1.0,1.0,1.0,1.0,1.0,1.0,1.0]",1.0,1.0,106,1.0,False,1.0,False
0.0,Bcc1,diagnostic_counterfactual,NORMALIZER_ONLY_ROUNDTRIP,13.885070090293887,63907.13647788542,0.00015443431405480165,1.9651550985854493,0.05355998748115987,3.861834561496387,0.9999999999999993,False,True,1.0,False,0.9999999999999998,False,0,diagnostic_counterfactual,1.0000000000000004,False,13.885070090293896,63907.13647788543,0.00015443431405480157,1.9651550985854493,0.05355998748115987,3.861834561496387,-3.822233194394897e+23,-1.434454399706908e+22,0.9999999250633356,1.0,6.483078928401977e-16,validation_target,0.0,1.0,False,"[0.9999999999999999,1.0,1.0,1.0,1.0,1.0,1.0,1.0]",1.0,1.0,106,1.0,False,1.0,False
0.0,Bcc1,diagnostic_counterfactual,NONLINEAR_ONLY_ROUNDTRIP,13.885070090293894,63907.13647788543,0.00015443431405480138,1.9651550985854496,0.05355998748115987,3.8618345614963876,0.9999999999999999,False,True,1.0000000000000002,False,1.0,False,0,diagnostic_counterfactual,0.9999999999999988,False,13.885070090293896,63907.13647788543,0.00015443431405480157,1.9651550985854493,0.05355998748115987,3.861834561496387,-3.822233188843782e+23,-1.4344543775024476e+22,1.0,0.999999996402468,3.538011889660395e-16,validation_target,0.0,0.9999999999999988,False,"[0.9999999999999999,1.0,1.0,1.0,1.0,1.0,1.0,1.0]",1.0,1.0,106,1.0000000000000002,False,1.0,False
0.0,Bcc1,diagnostic_counterfactual,FLOAT64_REFERENCE,13.885070090293883,63907.136477885375,0.00015443431405480143,1.9651550985854487,0.053559987481159844,3.861834561496385,0.9999999999999991,False,True,0.9999999999999994,False,0.9999999999999991,False,0,diagnostic_counterfactual; full canonical calculation in CPU float64,0.9999999999999991,False,13.885070090293896,63907.13647788543,0.00015443431405480157,1.9651550985854493,0.05355998748115987,3.861834561496387,-3.822233196615343e+23,-1.4344544552180592e+22,0.9999997002533422,0.999999997383613,1.2358621100187506e-15,validation_target,0.0,0.9999999999999991,False,"[0.9999999999999992,1.0000000000000002,1.0,0.9999999999999998,0.9999999999999996,0.9999999999999997,1.0,1.0]",0.9999999999999999,1.0,106,0.9999999999999997,False,0.9999999999999994,False
0.10889053344726562,Bcc2,diagnostic_counterfactual,CANONICAL_FULL,0.13481904193758965,2.92060657863972,0.00014566341829791037,0.02321656782204152,0.0008715506837693076,0.0005390090214354537,0.10268167911101053,False,True,0.013771585636533511,False,0.0022725804002241066,False,0,frozen canonical tensor encode/decode,0.006407800844687041,False,1.3129804956913003,1285.1499460048628,0.02273220123853968,0.19783632842470072,0.008096777389256715,0.03913921284456605,0.0,0.0,0.0,0.0,0.931968007179627,validation_target,0.23617172241210938,0.006407800844687041,False,"[0.01131553541698242,0.9416832930856782,1.0000000068749064,1.0000000000388845,0.9999999698995207,1.0000000040003583,1.000000090596394,0.9999996915112875]",0.9999999849692025,1.0,106,0.11735239936419498,False,0.10764167543073776,False
0.10889053344726562,Bcc2,diagnostic_counterfactual,NO_FINAL_INVERSE_CLAMP,1.3130684883228503,1285.1638207824094,0.022732280225927062,0.19783670971285228,0.00809674852687202,0.03913936371000738,1.0000670174704338,False,True,1.000003854585475,False,1.0000107962324472,False,0,diagnostic_counterfactual; actual float32 encoded state; inverse clamp bypassed,1.0000034746915423,False,1.3129804956913003,1285.1499460048628,0.02273220123853968,0.19783632842470072,0.008096777389256715,0.03913921284456605,1.0000746863948653,1.0000039084104848,1.000010820823639,0.9999998327803058,0.00011525448889281388,validation_target,0.23617172241210938,0.9999998338518163,False,"[1.0000047145024926,0.9999997172558962,0.9999998308537896,0.9999999443649967,0.9999998068943352,0.999999836849843,0.9999999332289419,0.9999996008423375]",0.9999998338518163,1.0,106,1.0000019272908802,False,0.9999964353244128,False
0.10889053344726562,Bcc2,diagnostic_counterfactual,NO_SOFTCLIP_COUNTERFACTUAL,1.312980495691301,1285.1499460048628,0.02273220123853968,0.19783632842470072,0.008096777389256715,0.03913921284456605,1.0000000000000004,False,True,1.0,False,1.0,False,0,diagnostic_counterfactual,1.0,False,1.3129804956913003,1285.1499460048628,0.02273220123853968,0.19783632842470072,0.008096777389256715,0.03913921284456605,1.0000000000000004,1.0,1.0,1.0,2.9433857382852866e-16,validation_target,0.23617172241210938,1.0,False,"[1.0,1.0,1.0,1.0000000000000007,1.0,1.0,1.0,1.0]",1.0,1.0,106,1.0,False,1.0,False
0.10889053344726562,Bcc2,diagnostic_counterfactual,NORMALIZER_ONLY_ROUNDTRIP,1.312980495691301,1285.1499460048628,0.02273220123853968,0.19783632842470072,0.008096777389256715,0.03913921284456605,1.0000000000000004,False,True,1.0,False,1.0,False,0,diagnostic_counterfactual,1.0,False,1.3129804956913003,1285.1499460048628,0.02273220123853968,0.19783632842470072,0.008096777389256715,0.03913921284456605,1.0000000000000004,1.0,1.0,1.0,2.9433857382852866e-16,validation_target,0.23617172241210938,1.0,False,"[1.0,1.0,1.0,1.0000000000000007,1.0,1.0,1.0,1.0]",1.0,1.0,106,1.0,False,1.0,False
0.10889053344726562,Bcc2,diagnostic_counterfactual,NONLINEAR_ONLY_ROUNDTRIP,1.312980495691301,1285.1499460048628,0.02273220123853968,0.19783632842470072,0.008096777389256715,0.03913921284456605,1.0000000000000004,False,True,1.0,False,1.0,False,0,diagnostic_counterfactual,1.0,False,1.3129804956913003,1285.1499460048628,0.02273220123853968,0.19783632842470072,0.008096777389256715,0.03913921284456605,1.0000000000000004,1.0,1.0,1.0,2.9350191442862754e-16,validation_target,0.23617172241210938,1.0,False,"[1.0,1.0,1.0,1.0,1.0,1.0,1.0,1.0]",1.0,1.0,106,1.0,False,1.0,False
0.10889053344726562,Bcc2,diagnostic_counterfactual,FLOAT64_REFERENCE,0.13481894023784463,2.9206023487700534,0.00014566319721097843,0.023216553083839613,0.0008715501699794494,0.0005390083370947426,0.10268160165384697,False,True,0.013771568151748782,False,0.0022725771088808046,False,0,diagnostic_counterfactual; full canonical calculation in CPU float64,0.006407791118971101,False,1.3129804956913003,1285.1499460048628,0.02273220123853968,0.19783632842470072,0.008096777389256715,0.03913921284456605,-8.632072003319433e-08,-1.772894034971738e-08,-3.2988401816100146e-09,-9.788438303294287e-09,0.9319680616786279,validation_target,0.23617172241210938,0.006407791118971101,False,"[0.011315519552665063,0.9416829652899762,1.0000000000000007,0.9999999999999998,0.9999999999999997,1.0,1.0,1.0]",0.9999999999999999,1.0,106,0.11735232486725085,False,0.10764161197464486,False
0.6240234375,Bcc3,diagnostic_counterfactual,CANONICAL_FULL,0.010797557421028614,0.11586191623489074,2.957400237550855e-10,0.0043915639430918635,8.133984973560446e-05,1.9285833866264554e-05,0.00047247375856754266,False,True,2.0538619427798e-06,False,4.44748335082468e-07,False,0,frozen canonical tensor encode/decode,1.0810328124872331e-07,False,22.853242588043216,260511.18597983487,0.002735717365272649,3.0643162681069143,0.10698579873609793,9.390034190984686,0.0,0.0,0.0,0.0,0.999419593663601,validation_target,0.678466796875,1.0810328124872331e-07,False,"[3.9457232542408916e-07,2.4269867372667682e-05,0.0006682721280830934,0.011069562574740231,0.04599625521456378,0.08487800163127351,0.9213711282063584,1.0000000343043882]",0.028532908894652008,1.0,106,0.001433130120672858,False,0.0007602864183520807,False
0.6240234375,Bcc3,diagnostic_counterfactual,NO_FINAL_INVERSE_CLAMP,,,,,,,,,False,,,,,126120,diagnostic_counterfactual; actual float32 encoded state; inverse clamp bypassed,,,,,,,,,,,,,,validation_target,0.678466796875,,,,,,106,,,,
0.6240234375,Bcc3,diagnostic_counterfactual,NO_SOFTCLIP_COUNTERFACTUAL,22.85324258804321,260511.18597983487,0.0027357173652726484,3.0643162681069143,0.10698579873609793,9.390034190984686,0.9999999999999997,False,True,1.0,False,1.0,False,0,diagnostic_counterfactual,0.9999999999999999,False,22.853242588043216,260511.18597983487,0.002735717365272649,3.0643162681069143,0.10698579873609793,9.390034190984686,0.9999999999999997,1.0,1.0,0.9999999999999999,5.772654837130388e-16,validation_target,0.678466796875,0.9999999999999999,False,"[1.0,1.0,1.0,1.0,1.0,1.0,1.0,1.0]",1.0,1.0,106,1.0,False,1.0,False
0.6240234375,Bcc3,diagnostic_counterfactual,NORMALIZER_ONLY_ROUNDTRIP,22.85324258804321,260511.18597983487,0.0027357173652726484,3.0643162681069143,0.10698579873609793,9.390034190984686,0.9999999999999997,False,True,1.0,False,1.0,False,0,diagnostic_counterfactual,0.9999999999999999,False,22.853242588043216,260511.18597983487,0.002735717365272649,3.0643162681069143,0.10698579873609793,9.390034190984686,0.9999999999999997,1.0,1.0,0.9999999999999999,5.772654837130388e-16,validation_target,0.678466796875,0.9999999999999999,False,"[1.0,1.0,1.0,1.0,1.0,1.0,1.0,1.0]",1.0,1.0,106,1.0,False,1.0,False
0.6240234375,Bcc3,diagnostic_counterfactual,NONLINEAR_ONLY_ROUNDTRIP,22.853242588043216,260511.18597983487,0.0027357173652726484,3.0643162681069143,0.10698579873609793,9.390034190984686,1.0,False,True,1.0,False,1.0,False,0,diagnostic_counterfactual,0.9999999999999999,False,22.853242588043216,260511.18597983487,0.002735717365272649,3.0643162681069143,0.10698579873609793,9.390034190984686,1.0,1.0,1.0,0.9999999999999999,2.9626302014812885e-16,validation_target,0.678466796875,0.9999999999999999,False,"[1.0,1.0,1.0,1.0,1.0,1.0,1.0,1.0]",1.0,1.0,106,1.0,False,1.0,False
0.6240234375,Bcc3,diagnostic_counterfactual,FLOAT64_REFERENCE,0.01079755544610649,0.11586187608736612,2.957398499066739e-10,0.004391563185038266,8.133983662327923e-05,1.9285827208183437e-05,0.00047247367214995375,False,True,2.05386123372156e-06,False,4.447481809719085e-07,False,0,diagnostic_counterfactual; full canonical calculation in CPU float64,1.081032177010726e-07,False,22.853242588043216,260511.18597983487,0.002735717365272649,3.0643162681069143,0.10698579873609793,9.390034190984686,-8.645843824841045e-11,-7.090596961035109e-13,-1.5411062802158008e-13,-6.354765757377865e-14,0.9994195937696029,validation_target,0.678466796875,1.081032177010726e-07,False,"[3.94572181085974e-07,2.426985849453132e-05,0.0006682718836231223,0.01106955855744774,0.04599624093908562,0.0848779784007007,0.921371076365299,1.0]",0.02853289974826668,1.0,106,0.0014331298732918661,False,0.0007602862957907185,False
0.0,rho,diagnostic_counterfactual,CANONICAL_FULL,11.05254406168688,448568.15201800904,0.6965411949401594,3.901383753611188,0.16329617681420325,15.220795192941324,0.9999997816980271,False,True,1.0000001108710692,False,1.0000002663115022,False,0,frozen canonical tensor encode/decode,1.0000000925704917,False,11.052546474479582,448568.03255918244,0.6965411304610044,3.901383537335912,0.16329616624170526,15.220793505395672,0.0,0.0,0.0,0.0,8.7140698655967e-07,validation_target,0.0,1.000000056560817,False,"[1.0000001344672023,0.999999975569823,1.0000000792448704,1.0000000517645433,1.0000000722099038,0.9999999285135515,0.9999999119960767,1.0000000613570903]",1.000000056560817,1.0,106,1.000000055435533,False,1.0000000647443124,False
0.0,rho,diagnostic_counterfactual,NO_FINAL_INVERSE_CLAMP,11.05254813269987,448568.52837182174,0.6965417933485806,3.9013854908667356,0.16329624620936156,15.22080874834548,1.00000015003061,False,True,1.0000010014556602,False,1.000001105323169,False,0,diagnostic_counterfactual; actual float32 encoded state; inverse clamp bypassed,1.0000009516847566,False,11.052546474479582,448568.03255918244,0.6965411304610044,3.901383537335912,0.16329616624170526,15.220793505395672,1.6872618140505553,8.905845909623621e+23,8.390116668088864e+23,7.016263776637998e+23,9.159938499168391e-07,validation_target,0.0,1.0000007581871946,False,"[1.0000010270593391,1.000000870578956,1.0000008964555127,1.000000774088307,1.000000738396012,1.0000005148052682,1.0000006172783678,1.0000007422860822]",1.0000007581871946,1.0,106,1.0000005007277046,False,1.0000004897093309,False
0.0,rho,diagnostic_counterfactual,NO_SOFTCLIP_COUNTERFACTUAL,11.052546474479584,448568.03255918244,0.6965411304610043,3.901383537335912,0.16329616624170526,15.22079350539567,1.0000000000000002,False,True,0.9999999999999999,False,1.0,False,0,diagnostic_counterfactual,0.9999999999999999,False,11.052546474479582,448568.03255918244,0.6965411304610044,3.901383537335912,0.16329616624170526,15.220793505395672,1.0000000010171444,-1.1087106932539114e+23,-2.663115021839246e+23,-5.65608170299825e+22,9.123958993765987e-16,validation_target,0.0,0.9999999999999999,False,"[0.9999999999999999,1.0,0.9999999999999999,1.0,1.0,1.0,1.0,0.9999999999999997]",1.0,1.0,106,1.0,False,1.0,False
0.0,rho,diagnostic_counterfactual,NORMALIZER_ONLY_ROUNDTRIP,11.052546474479584,448568.03255918244,0.6965411304610043,3.901383537335912,0.16329616624170526,15.22079350539567,1.0000000000000002,False,True,0.9999999999999999,False,1.0,False,0,diagnostic_counterfactual,0.9999999999999999,False,11.052546474479582,448568.03255918244,0.6965411304610044,3.901383537335912,0.16329616624170526,15.220793505395672,1.0000000010171444,-1.1087106932539114e+23,-2.663115021839246e+23,-5.65608170299825e+22,9.123958993765987e-16,validation_target,0.0,0.9999999999999999,False,"[0.9999999999999999,1.0,0.9999999999999999,1.0,1.0,1.0,1.0,0.9999999999999997]",1.0,1.0,106,1.0,False,1.0,False
0.0,rho,diagnostic_counterfactual,NONLINEAR_ONLY_ROUNDTRIP,11.052546474479582,448568.0325591824,0.6965411304610044,3.901383537335912,0.16329616624170526,15.220793505395672,1.0,False,True,1.0,False,0.9999999999999999,False,0,diagnostic_counterfactual,1.0,False,11.052546474479582,448568.03255918244,0.6965411304610044,3.901383537335912,0.16329616624170526,15.220793505395672,1.0,-1.1087106921436884e+23,-2.663115022949469e+23,-5.6560816918960196e+22,1.4898476822812605e-16,validation_target,0.0,1.0,False,"[1.0,0.9999999999999999,0.9999999999999999,1.0,1.0,1.0,1.0,1.0]",1.0,1.0,106,1.0,False,1.0,False
0.0,rho,diagnostic_counterfactual,FLOAT64_REFERENCE,11.052546474479561,448568.0325591814,0.696541130461004,3.9013835373359083,0.16329616624170515,15.220793505395644,0.9999999999999981,False,True,0.9999999999999981,False,0.9999999999999977,False,0,diagnostic_counterfactual; full canonical calculation in CPU float64,0.9999999999999993,False,11.052546474479582,448568.03255918244,0.6965411304610044,3.901383537335912,0.16329616624170526,15.220793505395672,0.9999999913542735,-1.1087107110174798e+23,-2.6631150451539296e+23,-5.656081780713861e+22,1.8046328754756462e-15,validation_target,0.0,0.9999999999999991,False,"[0.9999999999999979,0.9999999999999986,0.9999999999999983,0.9999999999999989,0.9999999999999992,0.9999999999999996,0.9999999999999996,1.0]",0.9999999999999991,1.0,106,0.9999999999999991,False,0.9999999999999993,False
0.0,press,diagnostic_counterfactual,CANONICAL_FULL,0.4934081493557161,26710.68237823723,0.03303777689481423,0.6979678017523897,0.02360636103266256,0.4871590522830631,0.9999999142308104,False,True,1.0000000222054313,False,0.9999999982531711,False,0,frozen canonical tensor encode/decode,1.0000000171456676,False,0.4934081916749368,26710.682424896222,0.0330377763283595,0.6979677940030518,0.023606360647011465,0.4871590414654865,0.0,0.0,0.0,0.0,1.052715064769943e-06,validation_target,0.0,0.9999999868999179,False,"[1.0000000232151298,0.9999999316230558,0.9999999854204858,1.000000041248536,0.9999999883793498,0.9999998626153185,0.9999999508421852,1.0000000256719288]",0.9999999868999179,1.0,106,1.0000000111027156,False,1.000000016336745,False
0.0,press,diagnostic_counterfactual,NO_FINAL_INVERSE_CLAMP,0.49340790737201906,26710.628520052636,0.0330377189423349,0.6979671414324682,0.023606339787806078,0.48715813051941104,0.9999994237977347,False,True,0.9999981300848431,False,0.999997981899424,False,0,diagnostic_counterfactual; actual float32 encoded state; inverse clamp bypassed,0.9999982630179456,False,0.4934081916749368,26710.682424896222,0.0330377763283595,0.6979677940030518,0.023606360647011465,0.4871590414654865,-5.718056539508331,-1.8921205882094225e+24,-1154.2937850148558,-131.59321866468127,1.2634506051029733e-06,validation_target,0.0,0.9999982630179456,False,"[0.9999981212192415,0.999998294322006,0.999998536107171,0.9999987638164387,0.999998846356439,0.999998996102159,0.9999990862793782,0.9999990691064344]",0.9999988050864388,1.0,106,0.9999990650419844,False,0.999999116373519,False
0.0,press,diagnostic_counterfactual,NO_SOFTCLIP_COUNTERFACTUAL,0.4934081916749367,26710.68242489623,0.0330377763283595,0.6979677940030518,0.023606360647011465,0.4871590414654865,0.9999999999999998,False,True,1.0,False,1.0000000000000002,False,0,diagnostic_counterfactual,1.0,False,0.4934081916749368,26710.682424896222,0.0330377763283595,0.6979677940030518,0.023606360647011465,0.4871590414654865,0.9999999974111379,-2.220543127151586e+22,1.000000127112967,1.0,1.0830474781734967e-15,validation_target,0.0,1.0,False,"[1.0,0.9999999999999998,1.0,1.0,0.9999999999999999,1.0000000000000002,1.0,0.9999999999999998]",1.0,1.0,106,1.0,False,1.0,False
0.0,press,diagnostic_counterfactual,NORMALIZER_ONLY_ROUNDTRIP,0.4934081916749367,26710.68242489623,0.0330377763283595,0.6979677940030518,0.023606360647011465,0.4871590414654865,0.9999999999999998,False,True,1.0,False,1.0000000000000002,False,0,diagnostic_counterfactual,1.0,False,0.4934081916749368,26710.682424896222,0.0330377763283595,0.6979677940030518,0.023606360647011465,0.4871590414654865,0.9999999974111379,-2.220543127151586e+22,1.000000127112967,1.0,1.0830474781734967e-15,validation_target,0.0,1.0,False,"[1.0,0.9999999999999998,1.0,1.0,0.9999999999999999,1.0000000000000002,1.0,0.9999999999999998]",1.0,1.0,106,1.0,False,1.0,False
0.0,press,diagnostic_counterfactual,NONLINEAR_ONLY_ROUNDTRIP,0.4934081916749368,26710.682424896226,0.0330377763283595,0.6979677940030518,0.023606360647011465,0.4871590414654865,1.0,False,True,1.0,False,1.0000000000000002,False,0,diagnostic_counterfactual,1.0,False,0.4934081916749368,26710.682424896222,0.0330377763283595,0.6979677940030518,0.023606360647011465,0.4871590414654865,1.0,-2.220543127151586e+22,1.000000127112967,1.0,1.427934130137936e-16,validation_target,0.0,1.0,False,"[1.0000000000000002,1.0,1.0,1.0,1.0,1.0000000000000002,1.0,0.9999999999999998]",1.0,1.0,106,1.0,False,1.0,False
0.0,press,diagnostic_counterfactual,FLOAT64_REFERENCE,0.4934081916749367,26710.6824248962,0.03303777632835949,0.6979677940030512,0.023606360647011448,0.4871590414654857,0.9999999999999998,False,True,0.9999999999999984,False,0.9999999999999992,False,0,diagnostic_counterfactual; full canonical calculation in CPU float64,0.9999999999999998,False,0.4934081916749368,26710.682424896222,0.0330377763283595,0.6979677940030518,0.023606360647011465,0.4871590414654865,0.9999999974111379,-2.2205432825828094e+22,0.9999995551046152,0.9999999830501364,1.86398806391759e-15,validation_target,0.0,0.9999999999999998,False,"[0.9999999999999984,0.9999999999999983,0.9999999999999994,1.0000000000000002,0.9999999999999999,1.0,1.0000000000000004,1.0000000000000002]",1.0,1.0,106,0.9999999999999992,False,0.9999999999999992,False
0.0,vel1,diagnostic_counterfactual,CANONICAL_FULL,2.3398343011736875,1015.6154303520884,0.03012243505286276,0.4956905630890042,0.04052139886208693,0.2457091343354941,0.9999999378119082,False,True,1.0000000013381443,False,1.000000002541864,False,0,frozen canonical tensor encode/decode,1.0000000055410045,False,2.339834446683527,1015.6154277705322,0.030122434885954213,0.4956905627573515,0.04052139881327708,0.24570913400669983,0.0,0.0,0.0,0.0,1.2300302976394675e-07,validation_target,0.0230865478515625,0.9999999992518798,False,"[1.0000000045245294,0.9999999980310053,0.9999999979671402,0.9999999998748083,1.0000000005041896,0.9999999962004139,1.0000000027460958,0.9999999986289512]",0.9999999992518798,1.0,106,1.0000000006690721,False,1.0000000012045451,False
0.0,vel1,diagnostic_counterfactual,NO_FINAL_INVERSE_CLAMP,2.33983444908273,1015.6154572188118,0.03012243545994297,0.49569056738510975,0.04052139929027751,0.24570913859457205,1.000000001025373,False,True,1.0000000186719644,False,1.0000000289955024,False,0,diagnostic_counterfactual; actual float32 encoded state; inverse clamp bypassed,1.0000000190551912,False,2.339834446683527,1015.6154277705322,0.030122434885954213,0.4956905627573515,0.04052139881327708,0.24570913400669983,1.0164882515001137,1.7333820157006128e+22,2.6453638390933063e+22,21.101266341251453,1.0253792386609284e-07,validation_target,0.0230865478515625,1.000000015038164,False,"[1.0000000185654927,1.0000000138506628,1.0000000152725341,1.000000014803794,1.0000000147935724,1.000000016459228,1.000000023225428,1.0000000118758072]",1.000000015038164,1.0,106,1.0000000093359822,False,1.0000000117715688,False
0.0,vel1,diagnostic_counterfactual,NO_SOFTCLIP_COUNTERFACTUAL,2.339834446683527,1015.6154277705322,0.030122434885954213,0.4956905627573515,0.04052139881327708,0.24570913400669983,1.0,False,True,1.0,False,1.0,False,0,diagnostic_counterfactual,1.0,False,2.339834446683527,1015.6154277705322,0.030122434885954213,0.4956905627573515,0.04052139881327708,0.24570913400669983,1.0,-1.3381442620641336e+21,-2.541864052574283e+21,1.0,2.4686174064900044e-17,validation_target,0.0230865478515625,1.0,False,"[1.0,1.0,1.0,1.0,1.0,1.0000000000000002,1.0,1.0]",1.0,1.0,106,1.0,False,1.0,False
0.0,vel1,diagnostic_counterfactual,NORMALIZER_ONLY_ROUNDTRIP,2.339834446683527,1015.6154277705322,0.030122434885954213,0.4956905627573515,0.04052139881327708,0.24570913400669983,1.0,False,True,1.0,False,1.0,False,0,diagnostic_counterfactual,1.0,False,2.339834446683527,1015.6154277705322,0.030122434885954213,0.4956905627573515,0.04052139881327708,0.24570913400669983,1.0,-1.3381442620641336e+21,-2.541864052574283e+21,1.0,2.4686174064900044e-17,validation_target,0.0230865478515625,1.0,False,"[1.0,1.0,1.0,1.0,1.0,1.0000000000000002,1.0,1.0]",1.0,1.0,106,1.0,False,1.0,False
0.0,vel1,diagnostic_counterfactual,NONLINEAR_ONLY_ROUNDTRIP,2.339834446683527,1015.6154277705322,0.030122434885954213,0.4956905627573515,0.04052139881327708,0.24570913400669983,1.0,False,True,1.0,False,1.0,False,0,diagnostic_counterfactual,1.0,False,2.339834446683527,1015.6154277705322,0.030122434885954213,0.4956905627573515,0.04052139881327708,0.24570913400669983,1.0,-1.3381442620641336e+21,-2.541864052574283e+21,1.0,0.0,validation_target,0.0230865478515625,1.0,False,"[1.0,1.0,1.0,1.0,1.0,1.0,1.0,1.0]",1.0,1.0,106,1.0,False,1.0,False
0.0,vel1,diagnostic_counterfactual,FLOAT64_REFERENCE,2.3398344466835277,1015.6154277705322,0.030122434885954213,0.4956905627573515,0.04052139881327708,0.24570913400669986,1.0000000000000004,False,True,1.0000000000000002,False,1.0,False,0,diagnostic_counterfactual; full canonical calculation in CPU float64,1.0,False,2.339834446683527,1015.6154277705322,0.030122434885954213,0.4956905627573515,0.04052139881327708,0.24570913400669983,1.000000007141065,-1.3381440400195288e+21,-2.541864052574283e+21,1.0,2.4369790037276856e-16,validation_target,0.0230865478515625,1.0,False,"[1.0,1.0,1.0,1.0,0.9999999999999998,1.0000000000000002,1.0000000000000002,1.0]",1.0,1.0,106,1.0,False,1.0,False
0.031131744384765625,vel2,diagnostic_counterfactual,CANONICAL_FULL,0.07146307080984116,1.166738791624,3.0556100911959635e-08,0.010693549433992854,0.0007406649855522706,0.00011435199949724889,0.7498276011585389,False,True,0.6255676434639484,False,0.31586309443836563,False,0,frozen canonical tensor encode/decode,0.49657912689091604,False,0.09530600193887961,3.6938116930012717,6.153319633725144e-08,0.01352025064112468,0.0009380170969115412,0.00018279717739883234,0.0,0.0,0.0,0.0,0.3405429829247744,validation_target,0.08364486694335938,0.49657912689091604,False,"[0.49355822396641513,1.000000000176678,0.9999999982476419,0.9999999995643257,0.9999999995247836,0.9999999998259115,1.000000003786353,1.000000001183824]",0.9999999996951185,0.9999771118164062,106,0.7909283428123868,False,0.7896071276215963,False
0.031131744384765625,vel2,diagnostic_counterfactual,NO_FINAL_INVERSE_CLAMP,0.0953060607614174,3.693682973207897,6.15289257127965e-08,0.013520193599500996,0.000938014667828968,0.0001827956349679877,1.000000617196573,False,True,0.9999915620642146,False,0.999965152583815,False,0,diagnostic_counterfactual; actual float32 encoded state; inverse clamp bypassed,0.9999305964144698,False,0.09530600193887961,3.6938116930012717,6.153319633725144e-08,0.01352025064112468,0.0009380170969115412,0.00018279717739883234,1.0000024670850014,0.9999774647259028,0.9999490636802345,0.9998621360590363,0.00020125161484059966,validation_target,0.08364486694335938,0.9999305964144698,False,"[0.9999886016856199,1.0000000068277461,1.000000004575844,1.0000000061945604,1.0000000071839281,1.000000006823151,1.0000000093104653,1.000000011844812]",1.0000000068254487,0.9999771118164062,106,0.9999957810232074,False,0.9999974104069307,False
0.031131744384765625,vel2,diagnostic_counterfactual,NO_SOFTCLIP_COUNTERFACTUAL,0.09530600193887961,3.6938116930012717,6.153319633725144e-08,0.01352025064112468,0.0009380170969115412,0.00018279717739883234,1.0,False,True,1.0,False,1.0,False,0,diagnostic_counterfactual,1.0,False,0.09530600193887961,3.6938116930012717,6.153319633725144e-08,0.01352025064112468,0.0009380170969115412,0.00018279717739883234,1.0,1.0,1.0,1.0,5.041386996275969e-17,validation_target,0.08364486694335938,1.0,False,"[1.0,1.0,1.0,1.0,1.0,1.0,0.9999999999999998,1.0000000000000002]",1.0,1.0,106,1.0,False,1.0,False
0.031131744384765625,vel2,diagnostic_counterfactual,NORMALIZER_ONLY_ROUNDTRIP,0.09530600193887961,3.6938116930012717,6.153319633725144e-08,0.01352025064112468,0.0009380170969115412,0.00018279717739883234,1.0,False,True,1.0,False,1.0,False,0,diagnostic_counterfactual,1.0,False,0.09530600193887961,3.6938116930012717,6.153319633725144e-08,0.01352025064112468,0.0009380170969115412,0.00018279717739883234,1.0,1.0,1.0,1.0,5.041386996275969e-17,validation_target,0.08364486694335938,1.0,False,"[1.0,1.0,1.0,1.0,1.0,1.0,0.9999999999999998,1.0000000000000002]",1.0,1.0,106,1.0,False,1.0,False
0.031131744384765625,vel2,diagnostic_counterfactual,NONLINEAR_ONLY_ROUNDTRIP,0.09530600193887961,3.6938116930012717,6.153319633725144e-08,0.01352025064112468,0.0009380170969115412,0.00018279717739883234,1.0,False,True,1.0,False,1.0,False,0,diagnostic_counterfactual,1.0,False,0.09530600193887961,3.6938116930012717,6.153319633725144e-08,0.01352025064112468,0.0009380170969115412,0.00018279717739883234,1.0,1.0,1.0,1.0,0.0,validation_target,0.08364486694335938,1.0,False,"[1.0,1.0,1.0,1.0,1.0,1.0,1.0,1.0]",1.0,1.0,106,1.0,False,1.0,False
0.031131744384765625,vel2,diagnostic_counterfactual,FLOAT64_REFERENCE,0.07146305821902146,1.16673850319502,3.055605393025959e-08,0.01069354879002866,0.0007406649443178859,0.00011435198572472342,0.7498274690491288,False,True,0.6255675681207421,False,0.31586301635398994,False,0,diagnostic_counterfactual; full canonical calculation in CPU float64,0.4965783633729641,False,0.09530600193887961,3.6938116930012717,6.153319633725144e-08,0.01352025064112468,0.0009380170969115412,0.00018279717739883234,-5.280734832856188e-07,-2.0121980652933086e-07,-1.1413559925329265e-07,-1.5166593057671451e-06,0.340543050259647,validation_target,0.08364486694335938,0.4965783633729641,False,"[0.4935581220424475,1.0,0.9999999999999997,1.0000000000000002,0.9999999999999999,1.0,0.9999999999999998,1.0000000000000002]",1.0,0.9999771118164062,106,0.7909282951827821,False,0.7896070836624992,False
0.42352294921875,vel3,diagnostic_counterfactual,CANONICAL_FULL,0.10326006356626749,7.025547520545642,0.0015860570341032936,0.04508850700227795,0.0012159538410307948,0.002032973463694468,0.0842289461193595,False,True,0.025021600117904833,False,0.005669253908180855,False,0,frozen canonical tensor encode/decode,0.020670191801221503,False,1.2259450975432995,1239.2367028062768,0.07673160700954723,0.2850416447712134,0.01164980945457946,0.0812487392538786,0.0,0.0,0.0,0.0,0.8461955730575756,validation_target,0.5048713684082031,0.020670191801221503,False,"[0.00014355940754215787,0.0,0.02125592222806536,0.1958985066788752,0.17349863489907213,0.38575213459832397,0.9865541545892693,1.0000000062466168]",0.18469857078897367,1.0,106,0.15818217383101305,False,0.10437542740691022,False
0.42352294921875,vel3,diagnostic_counterfactual,NO_FINAL_INVERSE_CLAMP,,,,,,,,,False,,,,,51510,diagnostic_counterfactual; actual float32 encoded state; inverse clamp bypassed,,,,,,,,,,,,,,validation_target,0.5048713684082031,,,,,,106,,,,
0.42352294921875,vel3,diagnostic_counterfactual,NO_SOFTCLIP_COUNTERFACTUAL,1.2259450975432995,1239.2367028062768,0.07673160700954723,0.2850416447712134,0.01164980945457946,0.0812487392538786,1.0,False,True,1.0,False,1.0,False,0,diagnostic_counterfactual,1.0,False,1.2259450975432995,1239.2367028062768,0.07673160700954723,0.2850416447712134,0.01164980945457946,0.0812487392538786,1.0,1.0,1.0,1.0,3.867975833235942e-17,validation_target,0.5048713684082031,1.0,False,"[1.0,1.0,1.0,1.0,1.0,1.0,1.0,1.0]",1.0,1.0,106,1.0,False,1.0,False
0.42352294921875,vel3,diagnostic_counterfactual,NORMALIZER_ONLY_ROUNDTRIP,1.2259450975432995,1239.2367028062768,0.07673160700954723,0.2850416447712134,0.01164980945457946,0.0812487392538786,1.0,False,True,1.0,False,1.0,False,0,diagnostic_counterfactual,1.0,False,1.2259450975432995,1239.2367028062768,0.07673160700954723,0.2850416447712134,0.01164980945457946,0.0812487392538786,1.0,1.0,1.0,1.0,3.867975833235942e-17,validation_target,0.5048713684082031,1.0,False,"[1.0,1.0,1.0,1.0,1.0,1.0,1.0,1.0]",1.0,1.0,106,1.0,False,1.0,False
0.42352294921875,vel3,diagnostic_counterfactual,NONLINEAR_ONLY_ROUNDTRIP,1.2259450975432995,1239.2367028062768,0.07673160700954723,0.2850416447712134,0.01164980945457946,0.0812487392538786,1.0,False,True,1.0,False,1.0,False,0,diagnostic_counterfactual,1.0,False,1.2259450975432995,1239.2367028062768,0.07673160700954723,0.2850416447712134,0.01164980945457946,0.0812487392538786,1.0,1.0,1.0,1.0,0.0,validation_target,0.5048713684082031,1.0,False,"[1.0,1.0,1.0,1.0,1.0,1.0,1.0,1.0]",1.0,1.0,106,1.0,False,1.0,False
0.42352294921875,vel3,diagnostic_counterfactual,FLOAT64_REFERENCE,0.10326004423222235,7.025544863621797,0.0015860564176514778,0.04508849857385955,0.001215953606193074,0.0020329727036449345,0.08422893034863274,False,True,0.025021590763303885,False,0.00566925176418057,False,0,diagnostic_counterfactual; full canonical calculation in CPU float64,0.02067018376735072,False,1.2259450975432995,1239.2367028062768,0.07673160700954723,0.2850416447712134,0.01164980945457946,0.0812487392538786,-1.7221254903685827e-08,-9.59467507091623e-09,-2.156224469469081e-09,-8.203437408572332e-09,0.8461955994652873,validation_target,0.5048713684082031,0.02067018376735072,False,"[0.0001435593652736463,6.638907708712726e-32,0.02125590062876831,0.19589841168462818,0.173498569681393,0.38575204802871105,0.9865541189408708,0.9999999999999999]",0.18469849068301059,0.9999771118164062,106,0.15818214426193583,False,0.10437540724883625,False
0.0,Bcc1,diagnostic_counterfactual,CANONICAL_FULL,14.157466278076196,66341.07468934133,0.0001550336597195417,2.00450502082363,0.05457201921840819,4.018040378507141,0.999999768948618,False,True,1.0000000159716185,False,1.0000000693687778,False,0,frozen canonical tensor encode/decode,0.9999992793137983,False,14.157469549179101,66341.07008734238,0.00015503377145024158,2.0045050048160356,0.054572017723321466,4.018040314332534,0.0,0.0,0.0,0.0,6.46644554670641e-07,validation_target,0.0,0.9999992793137983,False,"[1.0000000180401318,0.9999999962212806,1.0000000154480875,0.9999999965683031,1.0000000016033301,0.9999999982917523,0.9999999921189329,0.9999999239780081]",0.9999999974300278,1.0,107,1.0000000079858091,False,1.0000000273965812,False
0.0,Bcc1,diagnostic_counterfactual,NO_FINAL_INVERSE_CLAMP,14.157468422898317,66341.04614080013,0.00015503368613152833,2.0045045963157984,0.05457200661897096,4.018038676651162,0.99999992044618,False,True,0.9999995924178844,False,0.9999996390389511,False,0,diagnostic_counterfactual; actual float32 encoded state; inverse clamp bypassed,0.9999994496765934,False,14.157469549179101,66341.07008734238,0.00015503377145024158,2.0045050048160356,0.054572017723321466,4.018040314332534,0.6556877553462847,-4.235537340857576e+23,-4.3032982677271286e+23,0.23638970010473234,5.660647105854718e-07,validation_target,0.0,0.9999994496765934,False,"[0.9999995898866848,0.9999996087139688,0.9999996685979236,0.9999997044416845,0.9999997228824885,0.9999997128720054,0.999999778683213,0.9999997647516433]",0.999999708656845,1.0,107,0.9999997962089213,False,0.999999796519334,False
0.0,Bcc1,diagnostic_counterfactual,NO_SOFTCLIP_COUNTERFACTUAL,14.157469549179101,66341.07008734238,0.00015503377145024188,2.004505004816035,0.054572017723321466,4.018040314332533,1.0,False,True,0.9999999999999998,False,1.0,False,0,diagnostic_counterfactual,1.000000000000002,False,14.157469549179101,66341.07008734238,0.00015503377145024158,2.0045050048160356,0.054572017723321466,4.018040314332534,1.0,-1.5971618694265997e+22,-6.936877783303429e+22,1.0,6.49382704065908e-16,validation_target,0.0,1.0,False,"[1.0,1.0,1.0,1.0,1.0,1.0,1.0000000000000002,1.0]",1.0,1.0,107,0.9999999999999998,False,1.0,False
0.0,Bcc1,diagnostic_counterfactual,NORMALIZER_ONLY_ROUNDTRIP,14.157469549179101,66341.07008734238,0.00015503377145024188,2.004505004816035,0.054572017723321466,4.018040314332533,1.0,False,True,0.9999999999999998,False,1.0,False,0,diagnostic_counterfactual,1.000000000000002,False,14.157469549179101,66341.07008734238,0.00015503377145024158,2.0045050048160356,0.054572017723321466,4.018040314332534,1.0,-1.5971618694265997e+22,-6.936877783303429e+22,1.0,6.49382704065908e-16,validation_target,0.0,1.0,False,"[1.0,1.0,1.0,1.0,1.0,1.0,1.0000000000000002,1.0]",1.0,1.0,107,0.9999999999999998,False,1.0,False
0.0,Bcc1,diagnostic_counterfactual,NONLINEAR_ONLY_ROUNDTRIP,14.157469549179105,66341.07008734238,0.00015503377145024175,2.0045050048160356,0.054572017723321466,4.018040314332534,1.0000000000000002,False,True,1.0,False,1.0,False,0,diagnostic_counterfactual,1.000000000000001,False,14.157469549179101,66341.07008734238,0.00015503377145024158,2.0045050048160356,0.054572017723321466,4.018040314332534,1.0000000009610184,-1.5971618472221393e+22,-6.936877783303429e+22,1.0,3.6151065852247557e-16,validation_target,0.0,1.0,False,"[1.0,1.0,1.0,1.0,1.0,1.0,1.0000000000000002,1.0]",1.0,1.0,107,1.0,False,1.0,False
0.0,Bcc1,diagnostic_counterfactual,FLOAT64_REFERENCE,14.157469549179094,66341.07008734233,0.0001550337714502412,2.0045050048160347,0.05457201772332145,4.018040314332531,0.9999999999999994,False,True,0.9999999999999991,False,0.9999999999999993,False,0,diagnostic_counterfactual; full canonical calculation in CPU float64,0.9999999999999976,False,14.157469549179101,66341.07008734238,0.00015503377145024158,2.0045050048160356,0.054572017723321466,4.018040314332534,0.9999999975974543,-1.5971619360399811e+22,-6.936877849916811e+22,0.9999999966108819,1.24280364825949e-15,validation_target,0.0,0.9999999999999976,False,"[0.9999999999999996,1.0000000000000002,1.0000000000000004,0.9999999999999998,0.9999999999999996,0.9999999999999997,1.0000000000000002,1.0]",0.9999999999999999,1.0,107,0.9999999999999996,False,0.9999999999999998,False
0.11107254028320312,Bcc2,diagnostic_counterfactual,CANONICAL_FULL,0.13481904193758965,2.950334739931891,0.0001450645199059561,0.023258241793655644,0.0008660479417979421,0.0005409458113321502,0.1007940223931656,False,True,0.01325531255471028,False,0.0022168000801697676,False,0,frozen canonical tensor encode/decode,0.006120419807931152,False,1.337569815516472,1330.8979760168304,0.023701727080546683,0.20201419852486607,0.00825335347763337,0.040809736405644004,0.0,0.0,0.0,0.0,0.9331997487822944,validation_target,0.23466110229492188,0.006120419807931152,False,"[0.010853187115728686,0.9286511357645647,1.0000000292715974,0.9999999933321162,0.9999999688727778,0.9999999974619578,0.9999999092796682,1.0000005202295892]",0.9999999811024469,0.9999885559082031,107,0.1151317182826274,False,0.10493285476563392,False
0.11107254028320312,Bcc2,diagnostic_counterfactual,NO_FINAL_INVERSE_CLAMP,1.3376881409991512,1330.8989639622323,0.023701751900650124,0.20201434473100707,0.008253342534207344,0.04080979547709816,1.0000884630329623,False,True,1.0000014474843348,False,1.0000007423149029,False,0,diagnostic_counterfactual; actual float32 encoded state; inverse clamp bypassed,1.0000010471854375,False,1.337569815516472,1330.8979760168304,0.023701727080546683,0.20201419852486607,0.00825335347763337,0.040809736405644004,1.0000983790534819,1.0000014669289363,1.0000007439641225,0.9999998348065888,0.00012450984717456858,validation_target,0.23466110229492188,0.9999998358176418,False,"[1.0000016236569345,0.9999997287051522,0.9999998524224315,0.999999945138434,0.9999997669882761,0.9999998192128523,0.9999997545558311,1.0000003894540268]",0.9999998358176418,1.0,107,1.0000007237419055,False,0.9999986740630876,False
0.11107254028320312,Bcc2,diagnostic_counterfactual,NO_SOFTCLIP_COUNTERFACTUAL,1.337569815516472,1330.8979760168304,0.023701727080546683,0.20201419852486607,0.00825335347763337,0.040809736405644004,1.0,False,True,1.0,False,1.0,False,0,diagnostic_counterfactual,1.0,False,1.337569815516472,1330.8979760168304,0.023701727080546683,0.20201419852486607,0.00825335347763337,0.040809736405644004,1.0,1.0,1.0,1.0,2.9249379683700777e-16,validation_target,0.23466110229492188,1.0,False,"[1.0,1.0,0.9999999999999998,1.0000000000000002,1.0,1.0,1.0,1.0]",1.0,1.0,107,1.0,False,1.0,False
0.11107254028320312,Bcc2,diagnostic_counterfactual,NORMALIZER_ONLY_ROUNDTRIP,1.337569815516472,1330.8979760168304,0.023701727080546683,0.20201419852486607,0.00825335347763337,0.040809736405644004,1.0,False,True,1.0,False,1.0,False,0,diagnostic_counterfactual,1.0,False,1.337569815516472,1330.8979760168304,0.023701727080546683,0.20201419852486607,0.00825335347763337,0.040809736405644004,1.0,1.0,1.0,1.0,2.9249379683700777e-16,validation_target,0.23466110229492188,1.0,False,"[1.0,1.0,0.9999999999999998,1.0000000000000002,1.0,1.0,1.0,1.0]",1.0,1.0,107,1.0,False,1.0,False
0.11107254028320312,Bcc2,diagnostic_counterfactual,NONLINEAR_ONLY_ROUNDTRIP,1.337569815516472,1330.8979760168304,0.023701727080546683,0.20201419852486607,0.00825335347763337,0.040809736405644004,1.0,False,True,1.0,False,1.0,False,0,diagnostic_counterfactual,1.0,False,1.337569815516472,1330.8979760168304,0.023701727080546683,0.20201419852486607,0.00825335347763337,0.040809736405644004,1.0,1.0,1.0,1.0,2.917514506411433e-16,validation_target,0.23466110229492188,1.0,False,"[1.0,1.0,1.0,1.0,1.0,1.0,1.0,1.0]",1.0,1.0,107,1.0,False,1.0,False
0.11107254028320312,Bcc2,diagnostic_counterfactual,FLOAT64_REFERENCE,0.13481894023784463,2.95033051816674,0.00014506429624483572,0.023258226984612173,0.0008660474400684383,0.0005409451224677418,0.10079394635994188,False,True,0.013255295674806879,False,0.002216796908051974,False,0,diagnostic_counterfactual; full canonical calculation in CPU float64,0.006120410371440738,False,1.337569815516472,1330.8979760168304,0.023701727080546683,0.20201419852486607,0.00825335347763337,0.040809736405644004,-8.455595893549572e-08,-1.7106657492219325e-08,-3.179165367739688e-09,-9.494601359956964e-09,0.93319980238299,validation_target,0.23466110229492188,0.006120410371440738,False,"[0.010853171978211638,0.9286507328294352,1.0000000000000007,0.9999999999999998,0.9999999999999997,1.0,1.0,1.0]",0.9999999999999999,1.0,107,0.11513164497568373,False,0.10493279397464694,False
0.6280250549316406,Bcc3,diagnostic_counterfactual,CANONICAL_FULL,0.010797557421028614,0.1160238439681656,2.705040189440873e-10,0.0044032197598459655,8.049350326464166e-05,1.938834425349796e-05,0.0004622588685124199,False,True,2.0010471956518767e-06,False,4.473913481776762e-07,False,0,frozen canonical tensor encode/decode,2.1159771255381206e-07,False,23.3582482814789,259334.12534854855,0.0012783882003227923,3.112731748096998,0.10659284460640304,9.689098935610993,0.0,0.0,0.0,0.0,0.9994255797820211,validation_target,0.6820526123046875,2.1159771255381206e-07,False,"[3.823962976126042e-07,2.3567317575863064e-05,0.0006569871775773189,0.011303729513343927,0.04981526832103875,0.07437113466197323,0.7675942128636724,1.0000000212263058]",0.030559498917191338,1.0,107,0.0014145837534949555,False,0.0007551492181474853,False
0.6280250549316406,Bcc3,diagnostic_counterfactual,NO_FINAL_INVERSE_CLAMP,,,,,,,,,False,,,,,126208,diagnostic_counterfactual; actual float32 encoded state; inverse clamp bypassed,,,,,,,,,,,,,,validation_target,0.6820526123046875,,,,,,107,,,,
0.6280250549316406,Bcc3,diagnostic_counterfactual,NO_SOFTCLIP_COUNTERFACTUAL,23.358248281478907,259334.12534854858,0.0012783882003227927,3.112731748096998,0.10659284460640304,9.689098935610993,1.0000000000000002,False,True,1.0,False,1.0000000000000002,False,0,diagnostic_counterfactual,1.0000000000000004,False,23.3582482814789,259334.12534854855,0.0012783882003227923,3.112731748096998,0.10659284460640304,9.689098935610993,1.0000000000000002,1.0,1.0000000000000002,1.0,5.895457377126993e-16,validation_target,0.6820526123046875,1.0,False,"[1.0,1.0,1.0,1.0,1.0,0.9999999999999998,1.0,1.0]",1.0,1.0,107,1.0,False,1.0,False
0.6280250549316406,Bcc3,diagnostic_counterfactual,NORMALIZER_ONLY_ROUNDTRIP,23.358248281478907,259334.12534854858,0.0012783882003227927,3.112731748096998,0.10659284460640304,9.689098935610993,1.0000000000000002,False,True,1.0,False,1.0000000000000002,False,0,diagnostic_counterfactual,1.0000000000000004,False,23.3582482814789,259334.12534854855,0.0012783882003227923,3.112731748096998,0.10659284460640304,9.689098935610993,1.0000000000000002,1.0,1.0000000000000002,1.0,5.895457377126993e-16,validation_target,0.6820526123046875,1.0,False,"[1.0,1.0,1.0,1.0,1.0,0.9999999999999998,1.0,1.0]",1.0,1.0,107,1.0,False,1.0,False
0.6280250549316406,Bcc3,diagnostic_counterfactual,NONLINEAR_ONLY_ROUNDTRIP,23.3582482814789,259334.12534854858,0.0012783882003227923,3.112731748096998,0.10659284460640306,9.689098935610993,1.0,False,True,1.0,False,1.0000000000000002,False,0,diagnostic_counterfactual,1.0,False,23.3582482814789,259334.12534854855,0.0012783882003227923,3.112731748096998,0.10659284460640304,9.689098935610993,1.0,1.0,1.0000000000000002,1.0,2.973319195066864e-16,validation_target,0.6820526123046875,1.0,False,"[1.0000000000000002,1.0,1.0,1.0,1.0,0.9999999999999998,1.0,1.0]",1.0,1.0,107,1.0,False,1.0000000000000002,False
0.6280250549316406,Bcc3,diagnostic_counterfactual,FLOAT64_REFERENCE,0.01079755544610649,0.11602380425650835,2.7050396958057647e-10,0.004403218999898496,8.049348860132172e-05,1.938833756106711e-05,0.0004622587839631807,False,True,2.001046504934309e-06,False,4.473911950483601e-07,False,0,diagnostic_counterfactual; full canonical calculation in CPU float64,2.1159767393994592e-07,False,23.3582482814789,259334.12534854855,0.0012783882003227923,3.112731748096998,0.10659284460640304,9.689098935610993,-8.458834095689926e-11,-6.907189501077629e-13,-1.5312938457797403e-13,-3.861387431409067e-14,0.999425579886932,validation_target,0.6820526123046875,2.1159767393994592e-07,False,"[3.823961577285899e-07,2.3567308954725755e-05,0.0006569869372454843,0.011303725406905147,0.049815252755122386,0.07437111482949427,0.7675941223862539,1.0]",0.030559489081013767,1.0,107,0.001414583509353304,False,0.0007551490805836555,False
0.0,rho,diagnostic_counterfactual,CANONICAL_FULL,11.285430369007292,461539.19439240213,0.7186484722412652,3.949773996037703,0.16583408983164424,15.600714619775644,1.0000007951918854,False,True,0.9999999569128596,False,0.9999999865968419,False,0,frozen canonical tensor encode/decode,0.9999999567571335,False,11.285421394931774,461539.20057848503,0.7186485033176865,3.9497740811299393,0.16583409089922815,15.600715291965855,0.0,0.0,0.0,0.0,9.00874046318484e-07,validation_target,0.0,0.9999999567571335,False,"[0.9999999349827312,1.0000001042221105,0.9999999482047444,0.9999999482843114,0.9999999942578777,0.9999999776115162,0.9999998025024794,0.9999999843574564]",0.9999999629479137,1.0,107,0.9999999784564295,False,0.9999999935623375,False
0.0,rho,diagnostic_counterfactual,NO_FINAL_INVERSE_CLAMP,11.285435896133562,461539.6625066663,0.7186491542897708,3.949776003341349,0.16583417207173767,15.600730476571158,1.0000012849499615,False,True,1.0000009733275057,False,1.0000010008427902,False,0,diagnostic_counterfactual; actual float32 encoded state; inverse clamp bypassed,1.0000009058282058,False,11.285421394931774,461539.20057848503,0.7186485033176865,3.9497740811299393,0.16583409089922815,15.600715291965855,4.897580760943043e+23,23.589744792001785,75.67216157764814,17.499690479093793,9.153883449147416e-07,validation_target,0.0,1.0000007134939128,False,"[1.0000009686696751,1.0000010535705304,1.0000007840370366,1.0000007358793621,1.0000006733692948,1.0000005943125683,1.000000582067758,1.0000006911084636]",1.0000007134939128,1.0,107,1.0000004866636345,False,1.0000004894802335,False
0.0,rho,diagnostic_counterfactual,NO_SOFTCLIP_COUNTERFACTUAL,11.285421394931785,461539.2005784851,0.7186485033176865,3.9497740811299393,0.16583409089922815,15.600715291965855,1.0000000000000009,False,True,1.0,False,1.0000000000000002,False,0,diagnostic_counterfactual,1.0,False,11.285421394931774,461539.20057848503,0.7186485033176865,3.9497740811299393,0.16583409089922815,15.600715291965855,-7.951918845616746e+23,1.0,1.0000000165665885,1.0,8.68179510416998e-16,validation_target,0.0,1.0,False,"[1.0,1.0,1.0,1.0,1.0,0.9999999999999997,0.9999999999999998,1.0]",1.0,1.0,107,1.0,False,1.0,False
0.0,rho,diagnostic_counterfactual,NORMALIZER_ONLY_ROUNDTRIP,11.285421394931785,461539.2005784851,0.7186485033176865,3.9497740811299393,0.16583409089922815,15.600715291965855,1.0000000000000009,False,True,1.0,False,1.0000000000000002,False,0,diagnostic_counterfactual,1.0,False,11.285421394931774,461539.20057848503,0.7186485033176865,3.9497740811299393,0.16583409089922815,15.600715291965855,-7.951918845616746e+23,1.0,1.0000000165665885,1.0,8.68179510416998e-16,validation_target,0.0,1.0,False,"[1.0,1.0,1.0,1.0,1.0,0.9999999999999997,0.9999999999999998,1.0]",1.0,1.0,107,1.0,False,1.0,False
0.0,rho,diagnostic_counterfactual,NONLINEAR_ONLY_ROUNDTRIP,11.285421394931772,461539.20057848503,0.7186485033176865,3.9497740811299393,0.16583409089922815,15.600715291965855,0.9999999999999999,False,True,1.0,False,1.0,False,0,diagnostic_counterfactual,1.0,False,11.285421394931774,461539.20057848503,0.7186485033176865,3.9497740811299393,0.16583409089922815,15.600715291965855,-7.951918855608752e+23,1.0,1.0,1.0,1.4658446014939144e-16,validation_target,0.0,1.0,False,"[1.0,1.0,1.0,1.0,1.0,1.0,1.0,1.0]",1.0,1.0,107,1.0,False,1.0,False
0.0,rho,diagnostic_counterfactual,FLOAT64_REFERENCE,11.285421394931785,461539.2005784841,0.7186485033176863,3.9497740811299358,0.16583409089922801,15.600715291965827,1.0000000000000009,False,True,0.9999999999999982,False,0.999999999999998,False,0,diagnostic_counterfactual; full canonical calculation in CPU float64,0.9999999999999997,False,11.285421394931774,461539.20057848503,0.7186485033176865,3.9497740811299393,0.16583409089922815,15.600715291965855,-7.951918845616746e+23,0.9999999587729234,0.9999998509007039,0.9999999794606951,1.780091122638966e-15,validation_target,0.0,0.9999999999999991,False,"[0.999999999999998,0.9999999999999983,0.9999999999999987,0.9999999999999991,0.9999999999999994,0.9999999999999991,0.9999999999999991,1.0]",0.9999999999999991,1.0,107,0.9999999999999991,False,0.9999999999999991,False
0.0,press,diagnostic_counterfactual,CANONICAL_FULL,0.5191688346933933,29015.006973343883,0.03624515884032214,0.7262771133713062,0.024493457201851154,0.5274784454069572,0.9999999839270377,False,True,0.9999998249326172,False,0.9999996987590388,False,0,frozen canonical tensor encode/decode,0.9999998773143414,False,0.5191688430379745,29015.015713855104,0.03624516328708387,0.7262771769450314,0.024493458515809124,0.5274785377512443,0.0,0.0,0.0,0.0,9.75872253919002e-07,validation_target,0.0,0.9999998773143414,False,"[0.9999998191151774,0.9999999440883706,0.999999938943814,0.9999999741429834,1.0000000116437406,1.0000000715966504,1.00000000066908,0.9999999705376974]",0.9999999723403403,1.0,107,0.9999999124663046,False,0.9999999463547392,False
0.0,press,diagnostic_counterfactual,NO_FINAL_INVERSE_CLAMP,0.5191685781111505,29014.952571174832,0.036245097078228095,0.726276452302841,0.024493435524490733,0.5274774851696009,0.9999994897097012,False,True,0.9999980045033721,False,0.9999978237930011,False,0,diagnostic_counterfactual; actual float32 encoded state; inverse clamp bypassed,0.9999981733050767,False,0.5191688430379745,29015.015713855104,0.03624516328708387,0.7262771769450314,0.024493458515809124,0.5274785377512443,-30.74836657026844,-10.39844896220784,-6.2241404038957615,-13.889229464047279,1.294839135008811e-06,validation_target,0.0,0.9999981733050767,False,"[0.9999979917570608,0.9999982679511945,0.9999985066511278,0.999998702016094,0.999998848818497,0.9999991236630036,0.9999990336773749,0.9999990371869933]",0.9999987754172954,1.0,107,0.9999990022511882,False,0.9999990613282165,False
0.0,press,diagnostic_counterfactual,NO_SOFTCLIP_COUNTERFACTUAL,0.519168843037975,29015.015713855115,0.03624516328708387,0.7262771769450312,0.024493458515809124,0.5274785377512442,1.0000000000000009,False,True,0.9999999999999998,False,1.0000000000000004,False,0,diagnostic_counterfactual,1.0,False,0.5191688430379745,29015.015713855104,0.03624516328708387,0.7262771769450314,0.024493458515809124,0.5274785377512443,1.0000000552591615,0.999999998731662,1.0000000014741992,1.0,1.0271138065513154e-15,validation_target,0.0,1.0,False,"[1.0,1.0000000000000002,1.0,1.0,1.0000000000000002,1.0,1.0,1.0000000000000002]",1.0,1.0,107,0.9999999999999999,False,1.0,False
0.0,press,diagnostic_counterfactual,NORMALIZER_ONLY_ROUNDTRIP,0.519168843037975,29015.015713855115,0.03624516328708387,0.7262771769450312,0.024493458515809124,0.5274785377512442,1.0000000000000009,False,True,0.9999999999999998,False,1.0000000000000004,False,0,diagnostic_counterfactual,1.0,False,0.5191688430379745,29015.015713855104,0.03624516328708387,0.7262771769450314,0.024493458515809124,0.5274785377512443,1.0000000552591615,0.999999998731662,1.0000000014741992,1.0,1.0271138065513154e-15,validation_target,0.0,1.0,False,"[1.0,1.0000000000000002,1.0,1.0,1.0000000000000002,1.0,1.0,1.0000000000000002]",1.0,1.0,107,0.9999999999999999,False,1.0,False
0.0,press,diagnostic_counterfactual,NONLINEAR_ONLY_ROUNDTRIP,0.5191688430379745,29015.015713855104,0.03624516328708387,0.7262771769450314,0.024493458515809124,0.5274785377512443,1.0,False,True,1.0,False,1.0,False,0,diagnostic_counterfactual,1.0,False,0.5191688430379745,29015.015713855104,0.03624516328708387,0.7262771769450314,0.024493458515809124,0.5274785377512443,1.0,1.0,1.0,1.0,1.4479066214734785e-16,validation_target,0.0,1.0,False,"[1.0,1.0,1.0,1.0,1.0000000000000002,1.0,1.0,1.0000000000000002]",1.0,1.0,107,1.0,False,1.0,False
0.0,press,diagnostic_counterfactual,FLOAT64_REFERENCE,0.5191688430379755,29015.01571385506,0.036245163287083854,0.7262771769450306,0.0244934585158091,0.5274785377512433,1.000000000000002,False,True,0.9999999999999981,False,0.9999999999999984,False,0,diagnostic_counterfactual; full canonical calculation in CPU float64,0.9999999999999997,False,0.5191688430379745,29015.015713855104,0.03624516328708387,0.7262771769450314,0.024493458515809124,0.5274785377512443,1.0000001243331134,0.9999999892191275,0.9999999948403026,0.999999997285201,1.885066541989813e-15,validation_target,0.0,0.9999999999999997,False,"[0.9999999999999982,0.9999999999999987,0.9999999999999993,1.0000000000000002,1.0,0.9999999999999999,1.0,1.0]",1.0,1.0,107,0.9999999999999989,False,0.999999999999999,False
0.0,vel1,diagnostic_counterfactual,CANONICAL_FULL,2.475993508994581,1048.8912691256382,0.029979803143419338,0.5105770835174738,0.042255112110897296,0.26068895821320937,0.9999997321877087,False,True,1.0000000012185362,False,1.0000000076569866,False,0,frozen canonical tensor encode/decode,0.9999999993854767,False,2.4759941720962537,1048.8912610942918,0.029979803161842625,0.5105770832063955,0.04225511206701297,0.26068895789555047,0.0,0.0,0.0,0.0,1.3878988219806059e-07,validation_target,0.023487091064453125,0.9999999993854767,False,"[0.9999999982202669,0.9999999994396203,1.0000000007090186,0.9999999981071716,1.0000000003609866,1.0000000054320883,1.0000000032912095,0.999999996799519]",0.9999999999003034,1.0,107,1.000000000609268,False,1.0000000010385566,False
0.0,vel1,diagnostic_counterfactual,NO_FINAL_INVERSE_CLAMP,2.475993712211685,1048.891283667885,0.029979803582824077,0.5105770874002435,0.042255112381245345,0.260688962178116,0.9999998142626612,False,True,1.0000000164278746,False,1.0000000215213856,False,0,diagnostic_counterfactual; actual float32 encoded state; inverse clamp bypassed,1.0000000140421685,False,2.4759941720962537,1048.8912610942918,0.029979803161842625,0.5105770832063955,0.04225511206701297,0.26068895789555047,0.306464472146753,1.5209338455335341e+22,1.3864398962226685e+22,23.850505516216952,1.1728181570364926e-07,validation_target,0.023487091064453125,1.0000000140421685,False,"[1.0000000149249464,1.0000000154196451,1.000000014631957,1.0000000134664315,1.0000000139089964,1.0000000182335649,1.0000000197193495,1.0000000106420093]",1.0000000147784518,1.0,107,1.000000008213937,False,1.000000007436553,False
0.0,vel1,diagnostic_counterfactual,NO_SOFTCLIP_COUNTERFACTUAL,2.4759941720962537,1048.8912610942918,0.029979803161842625,0.5105770832063955,0.04225511206701297,0.26068895789555047,1.0,False,True,1.0,False,1.0,False,0,diagnostic_counterfactual,1.0,False,2.4759941720962537,1048.8912610942918,0.029979803161842625,0.5105770832063955,0.04225511206701297,0.26068895789555047,1.0,-1.2185361608629818e+21,-7.656986600323989e+21,1.0,2.4631064282886156e-17,validation_target,0.023487091064453125,1.0,False,"[1.0,1.0,1.0,1.0000000000000002,1.0,1.0,1.0,1.0]",1.0,1.0,107,1.0,False,1.0,False
0.0,vel1,diagnostic_counterfactual,NORMALIZER_ONLY_ROUNDTRIP,2.4759941720962537,1048.8912610942918,0.029979803161842625,0.5105770832063955,0.04225511206701297,0.26068895789555047,1.0,False,True,1.0,False,1.0,False,0,diagnostic_counterfactual,1.0,False,2.4759941720962537,1048.8912610942918,0.029979803161842625,0.5105770832063955,0.04225511206701297,0.26068895789555047,1.0,-1.2185361608629818e+21,-7.656986600323989e+21,1.0,2.4631064282886156e-17,validation_target,0.023487091064453125,1.0,False,"[1.0,1.0,1.0,1.0000000000000002,1.0,1.0,1.0,1.0]",1.0,1.0,107,1.0,False,1.0,False
0.0,vel1,diagnostic_counterfactual,NONLINEAR_ONLY_ROUNDTRIP,2.4759941720962537,1048.8912610942918,0.029979803161842625,0.5105770832063955,0.04225511206701297,0.26068895789555047,1.0,False,True,1.0,False,1.0,False,0,diagnostic_counterfactual,1.0,False,2.4759941720962537,1048.8912610942918,0.029979803161842625,0.5105770832063955,0.04225511206701297,0.26068895789555047,1.0,-1.2185361608629818e+21,-7.656986600323989e+21,1.0,0.0,validation_target,0.023487091064453125,1.0,False,"[1.0,1.0,1.0,1.0,1.0,1.0,1.0,1.0]",1.0,1.0,107,1.0,False,1.0,False
0.0,vel1,diagnostic_counterfactual,FLOAT64_REFERENCE,2.4759941720962537,1048.8912610942918,0.029979803161842625,0.5105770832063955,0.04225511206701297,0.26068895789555047,1.0,False,True,1.0,False,1.0,False,0,diagnostic_counterfactual; full canonical calculation in CPU float64,1.0,False,2.4759941720962537,1048.8912610942918,0.029979803161842625,0.5105770832063955,0.04225511206701297,0.26068895789555047,1.0,-1.2185361608629818e+21,-7.656986600323989e+21,1.0,2.6885355920763337e-16,validation_target,0.023487091064453125,1.0,False,"[0.9999999999999997,1.0,0.9999999999999998,1.0,0.9999999999999999,1.0,1.0000000000000002,0.9999999999999999]",1.0,1.0,107,1.0,False,1.0,False
0.030792236328125,vel2,diagnostic_counterfactual,CANONICAL_FULL,0.07146307080984116,1.1429087632122057,1.7290042288839454e-08,0.010800074661197052,0.0007477203322558296,0.0001166416126874306,0.756519952895099,False,True,0.6353204331756925,False,0.31813447595027095,False,0,frozen canonical tensor encode/decode,0.7188509339966793,False,0.09446290284395237,3.592533502690413,2.405233334359043e-08,0.013549720790908056,0.0009384896926376924,0.00018359493351156604,0.0,0.0,0.0,0.0,0.3358671129952586,validation_target,0.08876419067382812,0.7188509339966793,False,"[0.4983256704735025,1.0000000007559697,0.9999999961544312,0.9999999980599493,0.9999999994056775,1.0000000027541254,1.0000000024096212,0.9999999997494984]",0.9999999995775879,1.0,107,0.7970699048237191,False,0.7967272716169191,False
0.030792236328125,vel2,diagnostic_counterfactual,NO_FINAL_INVERSE_CLAMP,0.09446306340350802,3.5928670613528033,2.404963803983671e-08,0.013549836518172795,0.0009385069287786754,0.00018359806966920908,1.0000016997101595,False,True,1.0000170819400245,False,1.0000928477527462,False,0,diagnostic_counterfactual; actual float32 encoded state; inverse clamp bypassed,0.9998879400299665,False,0.09446290284395237,3.592533502690413,2.405233334359043e-08,0.013549720790908056,0.0009384896926376924,0.00018359493351156604,1.0000069809012266,1.0000468409573182,1.0001361672492177,0.9996014215105656,0.00035233778763178427,validation_target,0.08876419067382812,0.9998879400299665,False,"[1.0000235101555826,1.0000000059328507,1.0000000047672566,1.0000000073378656,1.0000000070669792,1.0000000085407725,1.0000000104972313,1.0000000053699027]",1.0000000072024224,1.0,107,1.0000085409335384,False,1.0000183658287547,False
0.030792236328125,vel2,diagnostic_counterfactual,NO_SOFTCLIP_COUNTERFACTUAL,0.09446290284395237,3.592533502690413,2.405233334359043e-08,0.013549720790908056,0.0009384896926376924,0.00018359493351156604,1.0,False,True,1.0,False,1.0,False,0,diagnostic_counterfactual,1.0,False,0.09446290284395237,3.592533502690413,2.405233334359043e-08,0.013549720790908056,0.0009384896926376924,0.00018359493351156604,1.0,1.0,1.0,1.0,5.047677652075393e-17,validation_target,0.08876419067382812,1.0,False,"[1.0,1.0,1.0,1.0,1.0,1.0,1.0,1.0]",1.0,1.0,107,1.0,False,1.0,False
0.030792236328125,vel2,diagnostic_counterfactual,NORMALIZER_ONLY_ROUNDTRIP,0.09446290284395237,3.592533502690413,2.405233334359043e-08,0.013549720790908056,0.0009384896926376924,0.00018359493351156604,1.0,False,True,1.0,False,1.0,False,0,diagnostic_counterfactual,1.0,False,0.09446290284395237,3.592533502690413,2.405233334359043e-08,0.013549720790908056,0.0009384896926376924,0.00018359493351156604,1.0,1.0,1.0,1.0,5.047677652075393e-17,validation_target,0.08876419067382812,1.0,False,"[1.0,1.0,1.0,1.0,1.0,1.0,1.0,1.0]",1.0,1.0,107,1.0,False,1.0,False
0.030792236328125,vel2,diagnostic_counterfactual,NONLINEAR_ONLY_ROUNDTRIP,0.09446290284395237,3.592533502690413,2.405233334359043e-08,0.013549720790908056,0.0009384896926376924,0.00018359493351156604,1.0,False,True,1.0,False,1.0,False,0,diagnostic_counterfactual,1.0,False,0.09446290284395237,3.592533502690413,2.405233334359043e-08,0.013549720790908056,0.0009384896926376924,0.00018359493351156604,1.0,1.0,1.0,1.0,0.0,validation_target,0.08876419067382812,1.0,False,"[1.0,1.0,1.0,1.0,1.0,1.0,1.0,1.0]",1.0,1.0,107,1.0,False,1.0,False
0.030792236328125,vel2,diagnostic_counterfactual,FLOAT64_REFERENCE,0.07146305821902146,1.142908466422821,1.729000613845527e-08,0.010800074018798018,0.0007477202877979795,0.00011664159881151598,0.7565198196065877,False,True,0.6353203575967299,False,0.31813439333743393,False,0,diagnostic_counterfactual; full canonical calculation in CPU float64,0.7188494310080226,False,0.09446290284395237,3.592533502690413,2.405233334359043e-08,0.013549720790908056,0.0009384896926376924,0.00018359493351156604,-5.474309411554218e-07,-2.072475935573488e-07,-1.2115708171468043e-07,-5.345878178149032e-06,0.3358671792090891,validation_target,0.08876419067382812,0.7188494310080226,False,"[0.49832556606439166,1.0,1.0,1.0,1.0,1.0,1.0,1.0]",1.0,1.0,107,0.7970698574132195,False,0.7967272242452212,False
0.4246864318847656,vel3,diagnostic_counterfactual,CANONICAL_FULL,0.10326009336858988,6.861220232051673,0.0015835819974878134,0.04510326825302002,0.0012141879229959336,0.002034304807103883,0.08467487922702506,False,True,0.02507378021937606,False,0.0057769091545955276,False,0,frozen canonical tensor encode/decode,0.020647458053492374,False,1.2194891130784526,1187.697443120354,0.0766962205897283,0.2848381164675125,0.011429500237898021,0.08113275259276023,0.0,0.0,0.0,0.0,0.8456108890871888,validation_target,0.5064506530761719,0.020647458053492374,False,"[0.0,0.0,0.020517303873973127,0.1653668168094585,0.15273651789729892,0.37493580954849487,0.9823448467261412,0.9999999954094837]",0.15905166735337872,1.0,107,0.1583470246622148,False,0.10623280963501101,False
0.4246864318847656,vel3,diagnostic_counterfactual,NO_FINAL_INVERSE_CLAMP,,,,,,,,,False,,,,,52479,diagnostic_counterfactual; actual float32 encoded state; inverse clamp bypassed,,,,,,,,,,,,,,validation_target,0.5064506530761719,,,,,,107,,,,
0.4246864318847656,vel3,diagnostic_counterfactual,NO_SOFTCLIP_COUNTERFACTUAL,1.2194891130784526,1187.697443120354,0.0766962205897283,0.2848381164675125,0.011429500237898021,0.08113275259276023,1.0,False,True,1.0,False,1.0,False,0,diagnostic_counterfactual,1.0,False,1.2194891130784526,1187.697443120354,0.0766962205897283,0.2848381164675125,0.011429500237898021,0.08113275259276023,1.0,1.0,1.0,1.0,3.914243732120629e-17,validation_target,0.5064506530761719,1.0,False,"[1.0,1.0,1.0,1.0,1.0,1.0,1.0,1.0]",1.0,1.0,107,1.0,False,1.0,False
0.4246864318847656,vel3,diagnostic_counterfactual,NORMALIZER_ONLY_ROUNDTRIP,1.2194891130784526,1187.697443120354,0.0766962205897283,0.2848381164675125,0.011429500237898021,0.08113275259276023,1.0,False,True,1.0,False,1.0,False,0,diagnostic_counterfactual,1.0,False,1.2194891130784526,1187.697443120354,0.0766962205897283,0.2848381164675125,0.011429500237898021,0.08113275259276023,1.0,1.0,1.0,1.0,3.914243732120629e-17,validation_target,0.5064506530761719,1.0,False,"[1.0,1.0,1.0,1.0,1.0,1.0,1.0,1.0]",1.0,1.0,107,1.0,False,1.0,False
0.4246864318847656,vel3,diagnostic_counterfactual,NONLINEAR_ONLY_ROUNDTRIP,1.2194891130784526,1187.697443120354,0.0766962205897283,0.2848381164675125,0.011429500237898021,0.08113275259276023,1.0,False,True,1.0,False,1.0,False,0,diagnostic_counterfactual,1.0,False,1.2194891130784526,1187.697443120354,0.0766962205897283,0.2848381164675125,0.011429500237898021,0.08113275259276023,1.0,1.0,1.0,1.0,0.0,validation_target,0.5064506530761719,1.0,False,"[1.0,1.0,1.0,1.0,1.0,1.0,1.0,1.0]",1.0,1.0,107,1.0,False,1.0,False
0.4246864318847656,vel3,diagnostic_counterfactual,FLOAT64_REFERENCE,0.10326007368529877,6.861217654542134,0.0015835813837885141,0.04510325982343079,0.0012141877055221147,0.002034304046699906,0.08467486308642085,False,True,0.025073770847033165,False,0.005776906984422009,False,0,diagnostic_counterfactual; full canonical calculation in CPU float64,0.020647450051803445,False,1.2194891130784526,1187.697443120354,0.0766962205897283,0.2848381164675125,0.011429500237898021,0.08113275259276023,-1.7633738928367986e-08,-9.613386843714264e-09,-2.1827832589113983e-09,-8.170386645038504e-09,0.8456109156265262,validation_target,0.5064506530761719,0.020647450051803445,False,"[1.2588258543739216e-32,6.725614147890336e-32,0.020517282436481193,0.16536673810807848,0.15273645981473818,0.3749357149950822,0.9823448138785169,1.0]",0.15905159896140833,1.0,107,0.15834699506789882,False,0.10623279060759824,False
0.0,Bcc1,diagnostic_counterfactual,CANONICAL_FULL,14.441776342391982,69249.36811609875,0.0001861104362229898,2.044730813659703,0.055681261867675295,4.180924100329472,1.000000057120974,False,True,0.9999999903913063,False,0.9999999681376922,False,0,frozen canonical tensor encode/decode,0.9999989384780085,False,14.441775517463698,69249.3703225435,0.00018611063378352042,2.0447308234832993,0.055681262840632344,4.180924140502691,0.0,0.0,0.0,0.0,6.367142547574562e-07,validation_target,0.0,0.9999989384780085,False,"[0.9999999885051506,1.0000000097098367,0.9999999889549559,0.9999999897806386,1.0000000046687165,1.0000000042709285,0.9999999903753004,0.9999999762537706]",0.9999999900779695,1.0,108,0.9999999951956531,False,0.9999999825263114,False
0.0,Bcc1,diagnostic_counterfactual,NO_FINAL_INVERSE_CLAMP,14.441771760870395,69249.33572896528,0.00018611051028042161,2.0447303969512216,0.05568124954365788,4.1809223962163,0.999999739880093,False,True,0.9999995827988423,False,0.9999995004492017,False,0,diagnostic_counterfactual; actual float32 encoded state; inverse clamp bypassed,0.9999993363995582,False,14.441775517463698,69249.3703225435,0.00018611063378352042,2.0447308234832993,0.055681262840632344,4.180924140502691,-3.1724088089823966e+23,-42.41913370056709,-14.678424850497048,0.3748594498143346,5.615953715596714e-07,validation_target,0.0,0.9999993363995582,False,"[0.9999995776819117,0.9999996255752974,0.9999996527059212,0.9999996987455868,0.9999997225815312,0.9999997301168505,0.9999997554285927,0.9999998117568023]",0.999999710663559,1.0,108,0.9999997913993995,False,0.9999997611948116,False
0.0,Bcc1,diagnostic_counterfactual,NO_SOFTCLIP_COUNTERFACTUAL,14.441775517463707,69249.3703225435,0.00018611063378352058,2.0447308234832993,0.055681262840632344,4.180924140502691,1.0000000000000007,False,True,1.0,False,1.0,False,0,diagnostic_counterfactual,1.0000000000000009,False,14.441775517463698,69249.3703225435,0.00018611063378352042,2.0447308234832993,0.055681262840632344,4.180924140502691,-5.712097328469667e+22,1.0,1.0,1.0,6.573951345198121e-16,validation_target,0.0,1.0,False,"[1.0,1.0,0.9999999999999997,1.0,1.0,1.0000000000000002,1.0,1.0]",1.0,1.0,108,1.0,False,1.0,False
0.0,Bcc1,diagnostic_counterfactual,NORMALIZER_ONLY_ROUNDTRIP,14.441775517463707,69249.3703225435,0.00018611063378352058,2.0447308234832993,0.055681262840632344,4.180924140502691,1.0000000000000007,False,True,1.0,False,1.0,False,0,diagnostic_counterfactual,1.0000000000000009,False,14.441775517463698,69249.3703225435,0.00018611063378352042,2.0447308234832993,0.055681262840632344,4.180924140502691,-5.712097328469667e+22,1.0,1.0,1.0,6.573951345198121e-16,validation_target,0.0,1.0,False,"[1.0,1.0,0.9999999999999997,1.0,1.0,1.0000000000000002,1.0,1.0]",1.0,1.0,108,1.0,False,1.0,False
0.0,Bcc1,diagnostic_counterfactual,NONLINEAR_ONLY_ROUNDTRIP,14.441775517463702,69249.3703225435,0.00018611063378352053,2.0447308234832993,0.055681262840632344,4.180924140502691,1.0000000000000002,False,True,1.0,False,1.0,False,0,diagnostic_counterfactual,1.0000000000000007,False,14.441775517463698,69249.3703225435,0.00018611063378352042,2.0447308234832993,0.055681262840632344,4.180924140502691,-5.712097372878588e+22,1.0,1.0,1.0,3.6495317845629334e-16,validation_target,0.0,1.0,False,"[1.0,1.0,0.9999999999999997,1.0,1.0,1.0000000000000002,1.0,1.0]",1.0,1.0,108,1.0,False,1.0,False
0.0,Bcc1,diagnostic_counterfactual,FLOAT64_REFERENCE,14.441775517463698,69249.37032254344,0.0001861106337835207,2.044730823483299,0.05568126284063232,4.18092414050269,1.0,False,True,0.9999999999999996,False,0.9999999999999991,False,0,diagnostic_counterfactual; full canonical calculation in CPU float64,1.0000000000000016,False,14.441775517463698,69249.3703225435,0.00018611063378352042,2.0447308234832993,0.055681262840632344,4.180924140502691,-5.712097395083048e+22,0.9999999537825617,0.9999999721244793,0.9999999997908243,1.2710037248058158e-15,validation_target,0.0,0.9999999999999998,False,"[0.9999999999999993,1.0000000000000002,1.0,0.9999999999999996,0.9999999999999996,0.9999999999999997,1.0,1.0]",0.9999999999999998,1.0,108,0.9999999999999998,False,0.9999999999999997,False
0.11238479614257812,Bcc2,diagnostic_counterfactual,CANONICAL_FULL,0.13481904193758965,2.9628797986789586,0.0001451732968755279,0.02328641488919695,0.0008607958684896436,0.0005422571183918135,0.09874250993712648,False,True,0.012716492119667784,False,0.002134694517229919,False,0,frozen canonical tensor encode/decode,0.005812223012283341,False,1.3653596816957014,1387.9643081314193,0.02497724133584068,0.20649948253095526,0.008445321022333814,0.0426420362855523,0.0,0.0,0.0,0.0,0.934380083727273,validation_target,0.23264312744140625,0.005812223012283341,False,"[0.010398051546406582,0.9146321725068669,1.0000000271955172,0.9999999940337354,0.9999999947704769,1.0000000002817775,1.0000000237313602,0.9999999513557278]",0.9999999944021061,1.0,108,0.11276742490483581,False,0.10192577241448281,False
0.11238479614257812,Bcc2,diagnostic_counterfactual,NO_FINAL_INVERSE_CLAMP,1.3653717535597092,1387.96197363747,0.024977315776748377,0.206499643176681,0.008445306876904073,0.04264210263209658,1.0000088415266466,False,True,1.0000015558953104,False,0.999998318044682,False,0,diagnostic_counterfactual; actual float32 encoded state; inverse clamp bypassed,1.0000029803494588,False,1.3653596816957014,1387.9643081314193,0.02497724133584068,0.20649948253095526,0.008445321022333814,0.0426420362855523,1.0000098102115589,1.0000015759356842,0.9999983144465402,0.9999998443428706,0.00012012974401081318,validation_target,0.23264312744140625,0.9999998452475846,False,"[1.0000011462819232,0.9999995800805438,0.9999998390386043,0.9999999459989071,0.9999997699409352,0.9999998246528936,0.9999998621610008,0.9999998514565648]",0.9999998452475846,1.0,108,1.0000007779473525,False,0.9999983250571881,False
0.11238479614257812,Bcc2,diagnostic_counterfactual,NO_SOFTCLIP_COUNTERFACTUAL,1.365359681695701,1387.9643081314193,0.02497724133584068,0.2064994825309553,0.008445321022333814,0.042642036285552305,0.9999999999999997,False,True,1.0000000000000002,False,1.0,False,0,diagnostic_counterfactual,1.0,False,1.3653596816957014,1387.9643081314193,0.02497724133584068,0.20649948253095526,0.008445321022333814,0.0426420362855523,0.9999999999999997,1.0000000000000002,1.0,1.0,2.931921310022774e-16,validation_target,0.23264312744140625,1.0,False,"[1.0,1.0,1.0,1.0000000000000004,1.0,1.0,1.0,1.0]",1.0,1.0,108,1.0000000000000002,False,1.0,False
0.11238479614257812,Bcc2,diagnostic_counterfactual,NORMALIZER_ONLY_ROUNDTRIP,1.365359681695701,1387.9643081314193,0.02497724133584068,0.2064994825309553,0.008445321022333814,0.042642036285552305,0.9999999999999997,False,True,1.0000000000000002,False,1.0,False,0,diagnostic_counterfactual,1.0,False,1.3653596816957014,1387.9643081314193,0.02497724133584068,0.20649948253095526,0.008445321022333814,0.0426420362855523,0.9999999999999997,1.0000000000000002,1.0,1.0,2.931921310022774e-16,validation_target,0.23264312744140625,1.0,False,"[1.0,1.0,1.0,1.0000000000000004,1.0,1.0,1.0,1.0]",1.0,1.0,108,1.0000000000000002,False,1.0,False
0.11238479614257812,Bcc2,diagnostic_counterfactual,NONLINEAR_ONLY_ROUNDTRIP,1.365359681695701,1387.9643081314193,0.02497724133584068,0.2064994825309553,0.008445321022333814,0.042642036285552305,0.9999999999999997,False,True,1.0000000000000002,False,1.0,False,0,diagnostic_counterfactual,1.0,False,1.3653596816957014,1387.9643081314193,0.02497724133584068,0.20649948253095526,0.008445321022333814,0.0426420362855523,0.9999999999999997,1.0000000000000002,1.0,1.0,2.924750520686174e-16,validation_target,0.23264312744140625,1.0,False,"[1.0,1.0,1.0,1.0,1.0,1.0,1.0,1.0]",1.0,1.0,108,1.0000000000000002,False,1.0,False
0.11238479614257812,Bcc2,diagnostic_counterfactual,FLOAT64_REFERENCE,0.13481894023784463,2.962875523433458,0.0001451730725125429,0.023286399926170286,0.0008607954032195177,0.0005422564215215434,0.09874243545144598,False,True,0.012716475777336818,False,0.002134691437002657,False,0,diagnostic_counterfactual; full canonical calculation in CPU float64,0.005812214029586574,False,1.3653596816957014,1387.9643081314193,0.02497724133584068,0.20649948253095526,0.008445321022333814,0.0426420362855523,-8.264639275653358e-08,-1.655282483245007e-08,-3.0868166726823206e-09,-9.035211430766917e-09,0.9343801364958431,validation_target,0.23264312744140625,0.005812214029586574,False,"[0.010398037019266539,0.9146317122311283,1.0000000000000007,0.9999999999999999,0.9999999999999998,0.9999999999999998,0.9999999999999999,1.0]",0.9999999999999998,1.0,108,0.11276735244447667,False,0.10192571732242359,False
0.632080078125,Bcc3,diagnostic_counterfactual,CANONICAL_FULL,0.010797557421028614,0.1171809722931711,2.735375294740941e-10,0.004414633089948318,8.093699321592897e-05,1.9488985318866635e-05,0.0004541189131918462,False,True,1.972351642900671e-06,False,4.3962964656959473e-07,False,0,frozen canonical tensor encode/decode,4.5359718729094846e-07,False,23.77693839073181,266544.74557739135,0.000603040620925721,3.1434202106043085,0.10648654557524645,9.881090620435636,0.0,0.0,0.0,0.0,0.999429031779603,validation_target,0.6841621398925781,4.5359718729094846e-07,False,"[3.749178031363248e-07,2.321657671849137e-05,0.0006488559825712657,0.011356617386803563,0.055145590134280685,0.0706790197877712,0.5559276040739691,0.9999999736739131]",0.033251103760542126,1.0,108,0.0014044043729996966,False,0.0007600677886459991,False
0.632080078125,Bcc3,diagnostic_counterfactual,NO_FINAL_INVERSE_CLAMP,,,,,,,,,False,,,,,125842,diagnostic_counterfactual; actual float32 encoded state; inverse clamp bypassed,,,,,,,,,,,,,,validation_target,0.6841621398925781,,,,,,108,,,,
0.632080078125,Bcc3,diagnostic_counterfactual,NO_SOFTCLIP_COUNTERFACTUAL,23.776938390731814,266544.74557739135,0.0006030406209257194,3.143420210604309,0.10648654557524645,9.881090620435637,1.0000000000000002,False,True,1.0000000000000002,False,1.0,False,0,diagnostic_counterfactual,0.9999999999999973,False,23.77693839073181,266544.74557739135,0.000603040620925721,3.1434202106043085,0.10648654557524645,9.881090620435636,1.0000000000000002,1.0000000000000002,1.0,0.9999999999999973,5.912085533959511e-16,validation_target,0.6841621398925781,0.9999999999999973,False,"[1.0,1.0,1.0,1.0,0.9999999999999999,1.0,1.0,1.0]",1.0,1.0,108,1.0000000000000002,False,1.0,False
0.632080078125,Bcc3,diagnostic_counterfactual,NORMALIZER_ONLY_ROUNDTRIP,23.776938390731814,266544.74557739135,0.0006030406209257194,3.143420210604309,0.10648654557524645,9.881090620435637,1.0000000000000002,False,True,1.0000000000000002,False,1.0,False,0,diagnostic_counterfactual,0.9999999999999973,False,23.77693839073181,266544.74557739135,0.000603040620925721,3.1434202106043085,0.10648654557524645,9.881090620435636,1.0000000000000002,1.0000000000000002,1.0,0.9999999999999973,5.912085533959511e-16,validation_target,0.6841621398925781,0.9999999999999973,False,"[1.0,1.0,1.0,1.0,0.9999999999999999,1.0,1.0,1.0]",1.0,1.0,108,1.0000000000000002,False,1.0,False
0.632080078125,Bcc3,diagnostic_counterfactual,NONLINEAR_ONLY_ROUNDTRIP,23.776938390731814,266544.74557739135,0.0006030406209257211,3.143420210604309,0.10648654557524645,9.881090620435637,1.0000000000000002,False,True,1.0000000000000002,False,1.0,False,0,diagnostic_counterfactual,1.0000000000000002,False,23.77693839073181,266544.74557739135,0.000603040620925721,3.1434202106043085,0.10648654557524645,9.881090620435636,1.0000000000000002,1.0000000000000002,1.0,1.0,2.945509730860785e-16,validation_target,0.6841621398925781,1.0,False,"[1.0,1.0,0.9999999999999999,1.0,0.9999999999999999,1.0,1.0,1.0]",1.0,1.0,108,1.0000000000000002,False,1.0,False
0.632080078125,Bcc3,diagnostic_counterfactual,FLOAT64_REFERENCE,0.01079755544610649,0.11718093202677386,2.7353745573655435e-10,0.004414632326709065,8.09369804763642e-05,1.9488978580024695e-05,0.00045411883013144155,False,True,1.9723509609069317e-06,False,4.3962949550153614e-07,False,0,diagnostic_counterfactual; full canonical calculation in CPU float64,4.5359706501470834e-07,False,23.77693839073181,266544.74557739135,0.000603040620925721,3.1434202106043085,0.10648654557524645,9.881090620435636,-8.309814107464875e-11,-6.819950844347058e-13,-1.5106812500029867e-13,-1.2227629558545248e-13,0.999429031883885,validation_target,0.6841621398925781,4.5359706501470834e-07,False,"[3.7491766598801123e-07,2.3216568225658227e-05,0.0006488557452138956,0.01135661325564001,0.0551455730435167,0.0706790003924013,0.5559275034786313,1.0]",0.03325109314957836,1.0,108,0.001404404130194344,False,0.0007600676690105588,False
0.0,rho,diagnostic_counterfactual,CANONICAL_FULL,11.501028095516808,479387.398973548,0.7459052989331187,4.011049464384805,0.16882322651624193,16.08851780574163,0.9999989950007616,False,True,1.0000000638935453,False,1.0000000354527196,False,0,frozen canonical tensor encode/decode,1.000000058085616,False,11.501039654052901,479387.3819779616,0.7459052556067525,4.011049336244726,0.1688232232443876,16.088516777789255,0.0,0.0,0.0,0.0,8.847151258824914e-07,validation_target,0.0,0.9999999961210617,False,"[1.000000079369692,0.9999999779360649,1.0000000234394584,1.000000046293569,0.9999999817508541,1.0000000104912692,0.9999999807268574,0.9999998989515002]",0.9999999961210617,1.0,108,1.0000000319467721,False,1.000000019380357,False
0.0,rho,diagnostic_counterfactual,NO_FINAL_INVERSE_CLAMP,11.50103488864905,479387.9509408888,0.7459059884697088,4.011051501411803,0.16882331201407186,16.088534146977878,0.9999995856545152,False,True,1.0000010796016103,False,1.000001186854199,False,0,diagnostic_counterfactual; actual float32 encoded state; inverse clamp bypassed,1.0000009825148044,False,11.501039654052901,479387.3819779616,0.7459052556067525,4.011049336244726,0.1688232232443876,16.088516777789255,0.5877156230712695,1.0157080649886296e+24,1.1514014792712856e+24,191.61221230412295,9.614759501509845e-07,validation_target,0.0,1.0000007393730073,False,"[1.0000011078952837,1.0000009680388553,1.0000008695277272,1.00000079608475,1.0000006770213288,1.0000006446749545,1.000000457804886,1.0000006826612649]",1.0000007393730073,1.0,108,1.0000005398006595,False,1.0000005258144145,False
0.0,rho,diagnostic_counterfactual,NO_SOFTCLIP_COUNTERFACTUAL,11.501039654052901,479387.3819779616,0.7459052556067524,4.011049336244726,0.1688232232443876,16.088516777789255,1.0,False,True,1.0,False,1.0,False,0,diagnostic_counterfactual,0.9999999999999999,False,11.501039654052901,479387.3819779616,0.7459052556067525,4.011049336244726,0.1688232232443876,16.088516777789255,1.0,-6.389354534341862e+22,-3.5452719648887406e+22,0.9999999713781724,9.308894242588594e-16,validation_target,0.0,0.9999999999999999,False,"[1.0000000000000002,1.0,1.0,1.0,1.0,0.9999999999999999,1.0,0.9999999999999999]",1.0,1.0,108,1.0,False,1.0,False
0.0,rho,diagnostic_counterfactual,NORMALIZER_ONLY_ROUNDTRIP,11.501039654052901,479387.3819779616,0.7459052556067524,4.011049336244726,0.1688232232443876,16.088516777789255,1.0,False,True,1.0,False,1.0,False,0,diagnostic_counterfactual,0.9999999999999999,False,11.501039654052901,479387.3819779616,0.7459052556067525,4.011049336244726,0.1688232232443876,16.088516777789255,1.0,-6.389354534341862e+22,-3.5452719648887406e+22,0.9999999713781724,9.308894242588594e-16,validation_target,0.0,0.9999999999999999,False,"[1.0000000000000002,1.0,1.0,1.0,1.0,0.9999999999999999,1.0,0.9999999999999999]",1.0,1.0,108,1.0,False,1.0,False
0.0,rho,diagnostic_counterfactual,NONLINEAR_ONLY_ROUNDTRIP,11.501039654052905,479387.3819779616,0.7459052556067525,4.011049336244726,0.1688232232443876,16.08851677778926,1.0000000000000002,False,True,1.0000000000000002,False,1.0,False,0,diagnostic_counterfactual,1.0,False,11.501039654052901,479387.3819779616,0.7459052556067525,4.011049336244726,0.1688232232443876,16.088516777789255,1.0000000002209402,-6.389354512137401e+22,-3.5452719648887406e+22,1.0,1.688009776865084e-16,validation_target,0.0,1.0,False,"[1.0000000000000002,1.0,1.0,1.0,1.0,1.0,1.0,1.0]",1.0,1.0,108,1.0,False,1.0,False
0.0,rho,diagnostic_counterfactual,FLOAT64_REFERENCE,11.501039654052901,479387.3819779606,0.7459052556067522,4.011049336244723,0.16882322324438745,16.088516777789227,1.0,False,True,0.9999999999999982,False,0.9999999999999979,False,0,diagnostic_counterfactual; full canonical calculation in CPU float64,0.9999999999999997,False,11.501039654052901,479387.3819779616,0.7459052556067525,4.011049336244726,0.1688232232443876,16.088516777789255,1.0,-6.389354711977546e+22,-3.5452721758311155e+22,0.9999997424035523,1.8095287014500315e-15,validation_target,0.0,0.999999999999999,False,"[0.9999999999999981,0.9999999999999984,0.9999999999999987,0.9999999999999989,0.9999999999999992,0.9999999999999991,0.9999999999999998,0.9999999999999992]",0.999999999999999,1.0,108,0.9999999999999991,False,0.9999999999999992,False
0.0,press,diagnostic_counterfactual,CANONICAL_FULL,0.5966913195514608,31499.375211101436,0.04015765938463561,0.7543955531420976,0.025551810515765026,0.5691126506005715,1.0000002577214993,False,True,0.9999999398036337,False,0.9999998116823132,False,0,frozen canonical tensor encode/decode,0.9999999594483953,False,0.596691165771319,31499.381142992028,0.04015766101309321,0.7543955758480342,0.025551811443122966,0.5691126848590872,0.0,0.0,0.0,0.0,9.796445932442502e-07,validation_target,0.0,0.9999999594483953,False,"[0.9999999369720357,0.9999999272883769,1.0000000915236715,1.000000061178083,0.9999999761625603,0.9999999519262512,1.0000000466122867,1.0000001123578768]",1.0000000113874234,1.0,108,0.9999999699018164,False,0.9999999637067634,False
0.0,press,diagnostic_counterfactual,NO_FINAL_INVERSE_CLAMP,0.5966907125626061,31499.31551268603,0.04015759076861078,0.7543948703076049,0.02555178818514443,0.569111620346428,0.9999992404635113,False,True,0.9999981295221712,False,0.9999979164572884,False,0,diagnostic_counterfactual; actual float32 encoded state; inverse clamp bypassed,0.9999982507825241,False,0.596691165771319,31499.381142992028,0.04015766101309321,0.7543955758480342,0.025551811443122966,0.5691126848590872,-1.0172579879563769e+24,-30.07293583811275,-10.063977830408529,-42.13559197092637,1.2398413075551738e-06,validation_target,0.0,0.9999982507825241,False,"[0.9999981193417911,0.999998317756967,0.9999986466472216,0.9999988020579028,0.9999988413693017,0.9999989668049126,0.9999990270362712,0.9999991615778424]",0.9999988217136022,1.0,108,0.9999990647606483,False,0.9999990897718313,False
0.0,press,diagnostic_counterfactual,NO_SOFTCLIP_COUNTERFACTUAL,0.5966911657713191,31499.38114299202,0.04015766101309322,0.7543955758480342,0.025551811443122966,0.5691126848590871,1.0000000000000002,False,True,0.9999999999999998,False,0.9999999999999998,False,0,diagnostic_counterfactual,1.0000000000000002,False,0.596691165771319,31499.381142992028,0.04015766101309321,0.7543955758480342,0.025551811443122966,0.5691126848590872,-2.5772149903069418e+23,0.9999999963113287,0.9999999988209042,1.0,1.022941627019344e-15,validation_target,0.0,1.0,False,"[1.0,1.0,1.0,0.9999999999999999,1.0,1.0,1.0,1.0]",1.0,1.0,108,1.0,False,1.0,False
0.0,press,diagnostic_counterfactual,NORMALIZER_ONLY_ROUNDTRIP,0.5966911657713191,31499.38114299202,0.04015766101309322,0.7543955758480342,0.025551811443122966,0.5691126848590871,1.0000000000000002,False,True,0.9999999999999998,False,0.9999999999999998,False,0,diagnostic_counterfactual,1.0000000000000002,False,0.596691165771319,31499.381142992028,0.04015766101309321,0.7543955758480342,0.025551811443122966,0.5691126848590872,-2.5772149903069418e+23,0.9999999963113287,0.9999999988209042,1.0,1.022941627019344e-15,validation_target,0.0,1.0,False,"[1.0,1.0,1.0,0.9999999999999999,1.0,1.0,1.0,1.0]",1.0,1.0,108,1.0,False,1.0,False
0.0,press,diagnostic_counterfactual,NONLINEAR_ONLY_ROUNDTRIP,0.596691165771319,31499.381142992028,0.04015766101309321,0.7543955758480342,0.025551811443122966,0.5691126848590872,1.0,False,True,1.0,False,1.0,False,0,diagnostic_counterfactual,1.0,False,0.596691165771319,31499.381142992028,0.04015766101309321,0.7543955758480342,0.025551811443122966,0.5691126848590872,-2.5772149925273876e+23,1.0,1.0,1.0,1.4306114680497103e-16,validation_target,0.0,1.0,False,"[1.0,1.0,1.0,1.0,1.0,1.0,1.0,1.0]",1.0,1.0,108,1.0,False,1.0,False
0.0,press,diagnostic_counterfactual,FLOAT64_REFERENCE,0.5966911657713191,31499.381142991984,0.040157661013093204,0.7543955758480335,0.025551811443122945,0.5691126848590862,1.0000000000000002,False,True,0.9999999999999982,False,0.9999999999999987,False,0,diagnostic_counterfactual; full canonical calculation in CPU float64,0.9999999999999998,False,0.596691165771319,31499.381142992028,0.04015766101309321,0.7543955758480342,0.025551811443122966,0.5691126848590872,-2.5772149903069418e+23,0.9999999704906302,0.9999999929254249,0.9999999890487883,1.8634101860116534e-15,validation_target,0.0,0.9999999999999996,False,"[0.9999999999999983,0.9999999999999986,0.9999999999999996,1.0,0.9999999999999997,0.9999999999999996,0.9999999999999998,1.0000000000000004]",0.9999999999999996,1.0,108,0.9999999999999991,False,0.9999999999999992,False
1.1444091796875e-05,vel1,diagnostic_counterfactual,CANONICAL_FULL,2.5495507895946505,1084.421930794055,0.02914355300432043,0.524553736654832,0.04394694140785966,0.27515662263854684,0.9999998202194529,False,True,0.9999973785667536,False,0.9999936442554247,False,0,frozen canonical tensor encode/decode,0.9999980986421692,False,2.5495512479543687,1084.428823146665,0.029143608416748512,0.5245544241974861,0.04394718550513623,0.27515734394515623,0.0,0.0,0.0,0.0,6.0936317152074325e-05,validation_target,0.024288177490234375,0.9999980986421692,False,"[1.000000002566382,0.9999999987114075,1.0000000028558793,0.9999999999176001,0.9999999991384999,0.9999999978812664,0.9999932357513426,1.0000000004266238]",0.99999999952805,1.0,108,0.9999986892825178,False,0.9999944456675948,False
1.1444091796875e-05,vel1,diagnostic_counterfactual,NO_FINAL_INVERSE_CLAMP,2.549550867768439,1084.4288396463307,0.029143608841593515,0.5245544272362871,0.04394718569323416,0.2751573471331892,0.9999998508812364,False,True,1.000000011586218,False,1.0000000152150748,False,0,diagnostic_counterfactual; actual float32 encoded state; inverse clamp bypassed,1.000000014577639,False,2.5495512479543687,1084.428823146665,0.029143608416748512,0.5245544241974861,0.04394718550513623,0.27515734394515623,0.17055117502126094,1.0044198027934141,1.0023939090967846,1.0076669624514363,1.3227701858165046e-07,validation_target,0.024288177490234375,1.000000014577639,False,"[1.000000017069829,1.0000000146053032,1.0000000166742726,1.000000016017706,1.0000000134571443,1.0000000135802518,1.0000000049280071,1.000000017144472]",1.0000000153115045,1.0,108,1.000000005793109,False,1.0000000042800903,False
1.1444091796875e-05,vel1,diagnostic_counterfactual,NO_SOFTCLIP_COUNTERFACTUAL,2.5495512479543687,1084.428823146665,0.029143608416748512,0.5245544241974861,0.04394718550513623,0.27515734394515623,1.0,False,True,1.0,False,1.0,False,0,diagnostic_counterfactual,1.0,False,2.5495512479543687,1084.428823146665,0.029143608416748512,0.5245544241974861,0.04394718550513623,0.27515734394515623,1.0,1.0,1.0,1.0,2.3564709443467343e-17,validation_target,0.024288177490234375,1.0,False,"[1.0,1.0,1.0,1.0,1.0,1.0,1.0,1.0]",1.0,1.0,108,1.0,False,1.0,False
1.1444091796875e-05,vel1,diagnostic_counterfactual,NORMALIZER_ONLY_ROUNDTRIP,2.5495512479543687,1084.428823146665,0.029143608416748512,0.5245544241974861,0.04394718550513623,0.27515734394515623,1.0,False,True,1.0,False,1.0,False,0,diagnostic_counterfactual,1.0,False,2.5495512479543687,1084.428823146665,0.029143608416748512,0.5245544241974861,0.04394718550513623,0.27515734394515623,1.0,1.0,1.0,1.0,2.3564709443467343e-17,validation_target,0.024288177490234375,1.0,False,"[1.0,1.0,1.0,1.0,1.0,1.0,1.0,1.0]",1.0,1.0,108,1.0,False,1.0,False
1.1444091796875e-05,vel1,diagnostic_counterfactual,NONLINEAR_ONLY_ROUNDTRIP,2.5495512479543687,1084.428823146665,0.029143608416748512,0.5245544241974861,0.04394718550513623,0.27515734394515623,1.0,False,True,1.0,False,1.0,False,0,diagnostic_counterfactual,1.0,False,2.5495512479543687,1084.428823146665,0.029143608416748512,0.5245544241974861,0.04394718550513623,0.27515734394515623,1.0,1.0,1.0,1.0,0.0,validation_target,0.024288177490234375,1.0,False,"[1.0,1.0,1.0,1.0,1.0,1.0,1.0,1.0]",1.0,1.0,108,1.0,False,1.0,False
1.1444091796875e-05,vel1,diagnostic_counterfactual,FLOAT64_REFERENCE,2.549551247954369,1084.4219246868163,0.029143552975087327,0.5245537371798299,0.04394694139278497,0.2751566231893261,1.0000000000000002,False,True,0.999997380568442,False,0.9999936386236684,False,0,diagnostic_counterfactual; full canonical calculation in CPU float64,0.9999980976390983,False,2.5495512479543687,1084.428823146665,0.029143608416748512,0.5245544241974861,0.04394718550513623,0.27515734394515623,1.000000001235087,0.0007635854826319324,-0.0008860891460970311,-0.0005275550095467322,6.093768170160753e-05,validation_target,0.024288177490234375,0.9999980976390983,False,"[1.0,1.0,1.0,1.0,1.0,1.0,0.9999932419270313,1.0]",1.0,1.0,108,0.9999986902833633,False,0.9999944453245764,False
0.030635833740234375,vel2,diagnostic_counterfactual,CANONICAL_FULL,0.07146307080984116,1.1327946969020295,9.676938404031911e-09,0.010880812335002403,0.0007520315869075179,0.00011839207706954045,0.7611837661198427,False,True,0.6450567538919774,False,0.3232382633247638,False,0,frozen canonical tensor encode/decode,0.36065110509211135,False,0.09388412363827242,3.5045191904273056,2.683185568379277e-08,0.013547599724729307,0.0009368456825220691,0.00018353745830148558,0.0,0.0,0.0,0.0,0.32972062725263684,validation_target,0.09342193603515625,0.36065110509211135,False,"[0.5051988880975887,1.0000000042033157,1.0000000037580863,1.0000000007371308,1.0000000012751888,0.9999999974216173,1.0000000010394763,1.0000000011982684]",1.0000000011188723,1.0,108,0.8031542528630333,False,0.8027272804235851,False
0.030635833740234375,vel2,diagnostic_counterfactual,NO_FINAL_INVERSE_CLAMP,0.09388419156038819,3.5046476984415946,2.6816435796201904e-08,0.013547649735525212,0.0009368552738835721,0.00018353881335647637,1.0000007234675379,False,True,1.0000073829887552,False,1.0000366692283038,False,0,diagnostic_counterfactual; actual float32 encoded state; inverse clamp bypassed,0.9994253141574483,False,0.09388412363827242,3.5045191904273056,2.683185568379277e-08,0.013547599724729307,0.0009368456825220691,0.00018353745830148558,1.0000030293901137,1.0000208004767979,1.0000541833651588,0.9991011389131524,0.0002104414922070498,validation_target,0.09342193603515625,0.9994253141574483,False,"[1.000010334976889,1.0000000092945203,1.0000000083475717,1.0000000094716164,1.0000000105370193,1.0000000073709987,1.0000000079659759,1.0000000099494921]",1.0000000093830683,1.0,108,1.000003691487564,False,1.000010237931051,False
0.030635833740234375,vel2,diagnostic_counterfactual,NO_SOFTCLIP_COUNTERFACTUAL,0.09388412363827242,3.5045191904273056,2.683185568379277e-08,0.013547599724729307,0.0009368456825220691,0.00018353745830148558,1.0,False,True,1.0,False,1.0,False,0,diagnostic_counterfactual,1.0,False,0.09388412363827242,3.5045191904273056,2.683185568379277e-08,0.013547599724729307,0.0009368456825220691,0.00018353745830148558,1.0,1.0,1.0,1.0,4.951176992124342e-17,validation_target,0.09342193603515625,1.0,False,"[1.0,1.0,1.0,1.0,1.0,1.0,1.0,1.0]",1.0,1.0,108,1.0,False,1.0,False
0.030635833740234375,vel2,diagnostic_counterfactual,NORMALIZER_ONLY_ROUNDTRIP,0.09388412363827242,3.5045191904273056,2.683185568379277e-08,0.013547599724729307,0.0009368456825220691,0.00018353745830148558,1.0,False,True,1.0,False,1.0,False,0,diagnostic_counterfactual,1.0,False,0.09388412363827242,3.5045191904273056,2.683185568379277e-08,0.013547599724729307,0.0009368456825220691,0.00018353745830148558,1.0,1.0,1.0,1.0,4.951176992124342e-17,validation_target,0.09342193603515625,1.0,False,"[1.0,1.0,1.0,1.0,1.0,1.0,1.0,1.0]",1.0,1.0,108,1.0,False,1.0,False
0.030635833740234375,vel2,diagnostic_counterfactual,NONLINEAR_ONLY_ROUNDTRIP,0.09388412363827242,3.5045191904273056,2.683185568379277e-08,0.013547599724729307,0.0009368456825220691,0.00018353745830148558,1.0,False,True,1.0,False,1.0,False,0,diagnostic_counterfactual,1.0,False,0.09388412363827242,3.5045191904273056,2.683185568379277e-08,0.013547599724729307,0.0009368456825220691,0.00018353745830148558,1.0,1.0,1.0,1.0,0.0,validation_target,0.09342193603515625,1.0,False,"[1.0,1.0,1.0,1.0,1.0,1.0,1.0,1.0]",1.0,1.0,108,1.0,False,1.0,False
0.030635833740234375,vel2,diagnostic_counterfactual,FLOAT64_REFERENCE,0.07146305821902146,1.1327944107915868,9.676918836399454e-09,0.010880811677222688,0.000752031541425845,0.0001183920627551856,0.7611836320096311,False,True,0.6450566759005146,False,0.32323818168433693,False,0,diagnostic_counterfactual; full canonical calculation in CPU float64,0.3606503758234134,False,0.09388412363827242,3.5045191904273056,2.683185568379277e-08,0.013547599724729307,0.0009368456825220691,0.00018353745830148558,-5.615623754869553e-07,-2.1972938938166805e-07,-1.2063392836657066e-07,-1.140642775389409e-06,0.32972069341648713,validation_target,0.09342193603515625,0.3606503758234134,False,"[0.5051987801090929,1.0,0.9999999999999999,1.0,1.0,1.0,0.9999999999999998,1.0]",1.0,1.0,108,0.8031542043098042,False,0.8027272318759174,False
0.4267005920410156,vel3,diagnostic_counterfactual,CANONICAL_FULL,0.10326012317091227,6.8924545293926345,0.0015803391384501255,0.045130629098301844,0.0012134358533110515,0.002036773682808489,0.08479317486386488,False,True,0.025274556225777452,False,0.00601052041094401,False,0,frozen canonical tensor encode/decode,0.020765892850434675,False,1.217788145528175,1146.731740040811,0.07610263376742049,0.28387661498062927,0.011279259932493985,0.08058593253286042,0.0,0.0,0.0,0.0,0.8445454745200666,validation_target,0.5070037841796875,0.020765892850434675,False,"[0.0,0.0,0.019338651908664968,0.1400344986710839,0.1361757192853698,0.36717580359603263,0.9698803870202695,0.999999997068309]",0.13810510897822686,1.0,108,0.1589797352676669,False,0.10758115874387388,False
0.4267005920410156,vel3,diagnostic_counterfactual,NO_FINAL_INVERSE_CLAMP,,,,,,,,,False,,,,,53649,diagnostic_counterfactual; actual float32 encoded state; inverse clamp bypassed,,,,,,,,,,,,,,validation_target,0.5070037841796875,,,,,,108,,,,
0.4267005920410156,vel3,diagnostic_counterfactual,NO_SOFTCLIP_COUNTERFACTUAL,1.217788145528175,1146.731740040811,0.07610263376742049,0.28387661498062927,0.011279259932493985,0.08058593253286042,1.0,False,True,1.0,False,1.0,False,0,diagnostic_counterfactual,1.0,False,1.217788145528175,1146.731740040811,0.07610263376742049,0.28387661498062927,0.011279259932493985,0.08058593253286042,1.0,1.0,1.0,1.0,3.989549001086231e-17,validation_target,0.5070037841796875,1.0,False,"[1.0,1.0,1.0,1.0,1.0,1.0,1.0,1.0]",1.0,1.0,108,1.0,False,1.0,False
0.4267005920410156,vel3,diagnostic_counterfactual,NORMALIZER_ONLY_ROUNDTRIP,1.217788145528175,1146.731740040811,0.07610263376742049,0.28387661498062927,0.011279259932493985,0.08058593253286042,1.0,False,True,1.0,False,1.0,False,0,diagnostic_counterfactual,1.0,False,1.217788145528175,1146.731740040811,0.07610263376742049,0.28387661498062927,0.011279259932493985,0.08058593253286042,1.0,1.0,1.0,1.0,3.989549001086231e-17,validation_target,0.5070037841796875,1.0,False,"[1.0,1.0,1.0,1.0,1.0,1.0,1.0,1.0]",1.0,1.0,108,1.0,False,1.0,False
0.4267005920410156,vel3,diagnostic_counterfactual,NONLINEAR_ONLY_ROUNDTRIP,1.217788145528175,1146.731740040811,0.07610263376742049,0.28387661498062927,0.011279259932493985,0.08058593253286042,1.0,False,True,1.0,False,1.0,False,0,diagnostic_counterfactual,1.0,False,1.217788145528175,1146.731740040811,0.07610263376742049,0.28387661498062927,0.011279259932493985,0.08058593253286042,1.0,1.0,1.0,1.0,0.0,validation_target,0.5070037841796875,1.0,False,"[1.0,1.0,1.0,1.0,1.0,1.0,1.0,1.0]",1.0,1.0,108,1.0,False,1.0,False
0.4267005920410156,vel3,diagnostic_counterfactual,FLOAT64_REFERENCE,0.10326010348762116,6.8924518854090735,0.001580338526656648,0.045130620638966404,0.0012134356208645663,0.0020367729192583,0.08479315870071599,False,True,0.025274546750796337,False,0.006010518105275239,False,0,diagnostic_counterfactual; full canonical calculation in CPU float64,0.020765884811376794,False,1.217788145528175,1146.731740040811,0.07610263376742049,0.28387661498062927,0.011279259932493985,0.08058593253286042,-1.7660651608825044e-08,-9.720666651505767e-09,-2.3196108387833857e-09,-8.209536230910146e-09,0.8445455012694663,validation_target,0.5070037841796875,0.020765884811376794,False,"[1.3067103880388878e-32,6.960433456042882e-32,0.01933863114426984,0.14003443199901655,0.1361756680658402,0.3671757036486903,0.9698803284381103,1.0]",0.13810505003242837,1.0,108,0.15897970546832804,False,0.10758113813556387,False
0.0,Bcc1,diagnostic_counterfactual,CANONICAL_FULL,14.706195068359417,71576.90059636599,0.00016873316941375967,2.0831134553265116,0.056678217957283734,4.3393616677623585,0.9999993605944499,False,True,0.9999999963348672,False,0.9999998627604795,False,0,frozen canonical tensor encode/decode,1.0000000022824993,False,14.706204471588176,71576.91041954685,0.00016873316902862634,2.0831134591439553,0.056678220847235644,4.339361683666695,0.0,0.0,0.0,0.0,6.46218020810398e-07,validation_target,0.0,1.0000000022824993,False,"[0.999999995551361,1.0000000035503844,1.0000000013872348,0.9999999955865195,1.00000000932716,1.0000000119993577,1.0000000039103276,1.0000000207303785]",1.000000003730356,1.0,109,0.9999999981674336,False,0.9999999490112451,False
0.0,Bcc1,diagnostic_counterfactual,NO_FINAL_INVERSE_CLAMP,14.706195410112803,71576.87365906857,0.00016873305450388173,2.0831130218970317,0.05667820796210893,4.339359861996983,0.9999993838331712,False,True,0.9999995801986917,False,0.9999994864198795,False,0,diagnostic_counterfactual; actual float32 encoded state; inverse clamp bypassed,0.9999993212671505,False,14.706204471588176,71576.91041954685,0.00016873316902862634,2.0831134591439553,0.056678220847235644,4.339361683666695,0.036344259567901195,-113.5391822287388,-2.742217391719489,-6.810153487801783e+23,5.658191371349992e-07,validation_target,0.0,0.9999993212671505,False,"[0.9999995754180417,0.999999618092709,0.999999665575161,0.999999710890684,0.9999997357999402,0.9999997271328417,0.9999997684688897,0.9999998092511975]",0.9999997190117629,1.0,109,0.9999997900993238,False,0.9999997726617645,False
0.0,Bcc1,diagnostic_counterfactual,NO_SOFTCLIP_COUNTERFACTUAL,14.70620447158818,71576.91041954684,0.00016873316902862715,2.0831134591439553,0.056678220847235644,4.339361683666695,1.0000000000000002,False,True,1.0,False,0.9999999999999998,False,0,diagnostic_counterfactual,1.0000000000000049,False,14.706204471588176,71576.91041954685,0.00016873316902862634,2.0831134591439553,0.056678220847235644,4.339361683666695,1.0000000003472673,1.0,0.9999999983820651,-2.2824993006764769e+21,6.488603520160974e-16,validation_target,0.0,1.0,False,"[1.0,1.0,0.9999999999999998,1.0,1.0,1.0,1.0,0.9999999999999999]",1.0,1.0,109,1.0,False,1.0,False
0.0,Bcc1,diagnostic_counterfactual,NORMALIZER_ONLY_ROUNDTRIP,14.70620447158818,71576.91041954684,0.00016873316902862715,2.0831134591439553,0.056678220847235644,4.339361683666695,1.0000000000000002,False,True,1.0,False,0.9999999999999998,False,0,diagnostic_counterfactual,1.0000000000000049,False,14.706204471588176,71576.91041954685,0.00016873316902862634,2.0831134591439553,0.056678220847235644,4.339361683666695,1.0000000003472673,1.0,0.9999999983820651,-2.2824993006764769e+21,6.488603520160974e-16,validation_target,0.0,1.0,False,"[1.0,1.0,0.9999999999999998,1.0,1.0,1.0,1.0,0.9999999999999999]",1.0,1.0,109,1.0,False,1.0,False
0.0,Bcc1,diagnostic_counterfactual,NONLINEAR_ONLY_ROUNDTRIP,14.706204471588176,71576.91041954685,0.00016873316902862664,2.0831134591439553,0.056678220847235644,4.339361683666695,1.0,False,True,1.0,False,1.0,False,0,diagnostic_counterfactual,1.0000000000000018,False,14.706204471588176,71576.91041954685,0.00016873316902862634,2.0831134591439553,0.056678220847235644,4.339361683666695,1.0,1.0,1.0,-2.2824993006764769e+21,3.661472200672199e-16,validation_target,0.0,1.0,False,"[1.0,1.0,0.9999999999999998,1.0,1.0,1.0,1.0,0.9999999999999999]",1.0,1.0,109,1.0,False,1.0,False
0.0,Bcc1,diagnostic_counterfactual,FLOAT64_REFERENCE,14.706204471588183,71576.91041954681,0.0001687331690286266,2.083113459143955,0.05667822084723564,4.339361683666692,1.0000000000000004,False,True,0.9999999999999993,False,0.9999999999999994,False,0,diagnostic_counterfactual; full canonical calculation in CPU float64,1.0000000000000016,False,14.706204471588176,71576.91041954685,0.00016873316902862634,2.0831134591439553,0.056678220847235644,4.339361683666695,1.0000000006945344,0.9999998182511086,0.9999999959551629,-2.2824995227210817e+21,1.2610036221538797e-15,validation_target,0.0,0.9999999999999998,False,"[0.9999999999999994,1.0000000000000002,1.0,0.9999999999999998,0.9999999999999996,0.9999999999999996,0.9999999999999998,0.9999999999999999]",0.9999999999999998,1.0,109,0.9999999999999998,False,0.9999999999999999,False
0.11327743530273438,Bcc2,diagnostic_counterfactual,CANONICAL_FULL,0.13481904193758965,2.968352880990822,0.00014618683088490008,0.02331204519808109,0.000859194338145314,0.0005434514513173755,0.09622261809120974,False,True,0.012016447880632854,False,0.0020262925967743026,False,0,frozen canonical tensor encode/decode,0.00550043369930738,False,1.4011159186065196,1464.9181888717378,0.026577328057478096,0.21266318940181222,0.00865386170352633,0.045225632126551056,0.0,0.0,0.0,0.0,0.9363344995380145,validation_target,0.23096847534179688,0.00550043369930738,False,"[0.009762019629554742,0.8991664567028378,0.999999989150655,1.0000000005080825,1.000000002862946,0.9999999988971957,0.9999999232730156,1.00000052503344]",0.9999999940239254,1.0,109,0.10961955975387264,False,0.09928450067502283,False
0.11327743530273438,Bcc2,diagnostic_counterfactual,NO_FINAL_INVERSE_CLAMP,1.4010159828895121,1464.917640785981,0.026577292207241206,0.21266309948611747,0.008653833905641482,0.0452255938830423,0.9999286741977017,False,True,0.9999991543842074,False,0.9999996258591359,False,0,diagnostic_counterfactual; actual float32 encoded state; inverse clamp bypassed,0.9999986510970248,False,1.4011159186065196,1464.9181888717378,0.026577328057478096,0.21266318940181222,0.00865386170352633,0.045225632126551056,0.9999210803415466,0.9999991440993214,0.9999996250994778,0.999998643636437,0.00012384704878821116,validation_target,0.23096847534179688,0.9999986510970248,False,"[0.9999991417215324,0.9999996730750907,0.9999998313148597,0.9999999465588895,0.9999997724813153,0.999999823351088,0.9999997643680167,1.000000351109124]",0.9999997979162016,0.9999961853027344,109,0.9999995771920143,False,0.999996787805745,False
0.11327743530273438,Bcc2,diagnostic_counterfactual,NO_SOFTCLIP_COUNTERFACTUAL,1.40111591860652,1464.9181888717378,0.026577328057478096,0.21266318940181222,0.00865386170352633,0.045225632126551056,1.0000000000000002,False,True,1.0,False,1.0,False,0,diagnostic_counterfactual,1.0,False,1.4011159186065196,1464.9181888717378,0.026577328057478096,0.21266318940181222,0.00865386170352633,0.045225632126551056,1.0000000000000002,1.0,1.0,1.0,2.937488150827937e-16,validation_target,0.23096847534179688,1.0,False,"[1.0,0.9999999999999999,0.9999999999999998,1.0000000000000004,1.0,1.0,1.0,1.0]",1.0,1.0,109,1.0,False,1.0,False
0.11327743530273438,Bcc2,diagnostic_counterfactual,NORMALIZER_ONLY_ROUNDTRIP,1.40111591860652,1464.9181888717378,0.026577328057478096,0.21266318940181222,0.00865386170352633,0.045225632126551056,1.0000000000000002,False,True,1.0,False,1.0,False,0,diagnostic_counterfactual,1.0,False,1.4011159186065196,1464.9181888717378,0.026577328057478096,0.21266318940181222,0.00865386170352633,0.045225632126551056,1.0000000000000002,1.0,1.0,1.0,2.937488150827937e-16,validation_target,0.23096847534179688,1.0,False,"[1.0,0.9999999999999999,0.9999999999999998,1.0000000000000004,1.0,1.0,1.0,1.0]",1.0,1.0,109,1.0,False,1.0,False
0.11327743530273438,Bcc2,diagnostic_counterfactual,NONLINEAR_ONLY_ROUNDTRIP,1.40111591860652,1464.9181888717378,0.026577328057478096,0.21266318940181222,0.00865386170352633,0.045225632126551056,1.0000000000000002,False,True,1.0,False,1.0,False,0,diagnostic_counterfactual,1.0,False,1.4011159186065196,1464.9181888717378,0.026577328057478096,0.21266318940181222,0.00865386170352633,0.045225632126551056,1.0000000000000002,1.0,1.0,1.0,2.9308684261136657e-16,validation_target,0.23096847534179688,1.0,False,"[1.0,0.9999999999999999,1.0,1.0000000000000002,1.0,1.0,1.0,1.0]",1.0,1.0,109,1.0,False,1.0,False
0.11327743530273438,Bcc2,diagnostic_counterfactual,FLOAT64_REFERENCE,0.13481894023784463,2.96834855461259,0.00014618660086625017,0.023312030028025055,0.000859193814063281,0.0005434507440275418,0.09622254550639098,False,True,0.012016432241496363,False,0.002026289643450175,False,0,diagnostic_counterfactual; full canonical calculation in CPU float64,0.005500425044613071,False,1.4011159186065196,1464.9181888717378,0.026577328057478096,0.21266318940181222,0.00865386170352633,0.045225632126551056,-8.031271883934138e-08,-1.582934903874699e-08,-2.9593205767295216e-09,-8.702562175569083e-09,0.9363345508482769,validation_target,0.23096847534179688,0.005500425044613071,False,"[0.009762005853170169,0.8991659571054801,1.0000000000000007,1.0,0.9999999999999999,0.9999999999999998,1.0,1.0]",1.0,1.0,109,0.1096194884201544,False,0.09928444011454116,False
0.6361846923828125,Bcc3,diagnostic_counterfactual,CANONICAL_FULL,0.010797557421028614,0.11813495292690097,2.9127588953636226e-10,0.004425907722211619,8.131118854926254e-05,1.9588659165532443e-05,0.00044258390725730826,False,True,1.8776731954078833e-06,False,4.262855169951489e-07,False,0,frozen canonical tensor encode/decode,3.8580437365536496e-07,False,24.3966335964203,277126.35831408115,0.0007549833786916993,3.2299243575377217,0.11291829195758481,10.432411355415464,0.0,0.0,0.0,0.0,0.9994494547375098,validation_target,0.6862869262695312,3.8580437365536496e-07,False,"[3.5497921928688635e-07,2.2397500605081998e-05,0.0006447905599805019,0.01141624621214963,0.06018335051579658,0.06858309047256295,0.4070392045316641,1.0000000278789718]",0.03579979836397311,1.0,109,0.0013702821590489615,False,0.0007200887220274749,False
0.6361846923828125,Bcc3,diagnostic_counterfactual,NO_FINAL_INVERSE_CLAMP,,,,,,,,,False,,,,,125688,diagnostic_counterfactual; actual float32 encoded state; inverse clamp bypassed,,,,,,,,,,,,,,validation_target,0.6862869262695312,,,,,,109,,,,
0.6361846923828125,Bcc3,diagnostic_counterfactual,NO_SOFTCLIP_COUNTERFACTUAL,24.396633596420312,277126.3583140812,0.0007549833786917006,3.2299243575377217,0.1129182919575848,10.432411355415464,1.0000000000000004,False,True,1.0,False,1.0000000000000002,False,0,diagnostic_counterfactual,1.0000000000000018,False,24.3966335964203,277126.35831408115,0.0007549833786916993,3.2299243575377217,0.11291829195758481,10.432411355415464,1.0000000000000004,1.0,1.0000000000000002,1.0,5.972809400753641e-16,validation_target,0.6862869262695312,1.0,False,"[1.0000000000000002,1.0,1.0,1.0,1.0,1.0,1.0,1.0]",1.0,1.0,109,1.0,False,0.9999999999999999,False
0.6361846923828125,Bcc3,diagnostic_counterfactual,NORMALIZER_ONLY_ROUNDTRIP,24.396633596420312,277126.3583140812,0.0007549833786917006,3.2299243575377217,0.1129182919575848,10.432411355415464,1.0000000000000004,False,True,1.0,False,1.0000000000000002,False,0,diagnostic_counterfactual,1.0000000000000018,False,24.3966335964203,277126.35831408115,0.0007549833786916993,3.2299243575377217,0.11291829195758481,10.432411355415464,1.0000000000000004,1.0,1.0000000000000002,1.0,5.972809400753641e-16,validation_target,0.6862869262695312,1.0,False,"[1.0000000000000002,1.0,1.0,1.0,1.0,1.0,1.0,1.0]",1.0,1.0,109,1.0,False,0.9999999999999999,False
0.6361846923828125,Bcc3,diagnostic_counterfactual,NONLINEAR_ONLY_ROUNDTRIP,24.3966335964203,277126.35831408115,0.000754983378691699,3.2299243575377217,0.1129182919575848,10.432411355415464,1.0,False,True,1.0,False,1.0,False,0,diagnostic_counterfactual,0.9999999999999996,False,24.3966335964203,277126.35831408115,0.0007549833786916993,3.2299243575377217,0.11291829195758481,10.432411355415464,1.0,1.0,1.0,0.9999999999999996,2.9945123724125973e-16,validation_target,0.6862869262695312,0.9999999999999996,False,"[1.0,1.0,1.0,1.0,1.0,1.0,1.0,1.0]",1.0,1.0,109,1.0,False,0.9999999999999999,False
0.6361846923828125,Bcc3,diagnostic_counterfactual,FLOAT64_REFERENCE,0.01079755544610649,0.1181349129127761,2.91275772868452e-10,0.004425906955518512,8.131117654786185e-05,1.9588652378907144e-05,0.00044258382630670847,False,True,1.8776725448751286e-06,False,4.262853726056902e-07,False,0,diagnostic_counterfactual; full canonical calculation in CPU float64,3.858042191249295e-07,False,24.3966335964203,277126.35831408115,0.0007549833786916993,3.2299243575377217,0.11291829195758481,10.432411355415464,-8.098644308970176e-11,-6.505339762316847e-13,-1.4438952025231095e-13,-1.545304950786351e-13,0.9994494548380628,validation_target,0.6862869262695312,3.858042191249295e-07,False,"[3.549790894322866e-07,2.2397492411874285e-05,0.0006447903241103,0.011416242057880364,0.060183331726277295,0.06858307150464975,0.40703911630044953,1.0]",0.03579978689207883,1.0,109,0.0013702819216771154,False,0.0007200886157435373,False
0.0,rho,diagnostic_counterfactual,CANONICAL_FULL,11.662446874341061,496448.39019772,0.775156426368808,4.072266911521662,0.17172221428514442,16.583357798674175,0.9999996622771028,False,True,1.000000109518718,False,1.0000003422544397,False,0,frozen canonical tensor encode/decode,1.0000000792324957,False,11.662450813017738,496448.22028611245,0.7751563649512346,4.0722666885269545,0.17172220569052585,16.583355982486285,0.0,0.0,0.0,0.0,8.771394109977482e-07,validation_target,0.0,1.000000017644739,False,"[1.0000001244153112,1.0000000342690405,1.0000000784679837,1.0000000010204373,0.999999977092232,1.0000001685538302,0.9999999537483951,0.9999999235515309]",1.000000017644739,1.0,109,1.0000000547593575,False,1.0000000500495467,False
0.0,rho,diagnostic_counterfactual,NO_FINAL_INVERSE_CLAMP,11.662446950513482,496448.82151705725,0.7751571219050913,4.072268841153012,0.17172229271447362,16.5833735146257,0.9999996688085276,False,True,1.0000010572129931,False,1.00000121106476,False,0,diagnostic_counterfactual; actual float32 encoded state; inverse clamp bypassed,1.0000009765176303,False,11.662450813017738,496448.22028611245,0.7751563649512346,4.0722666885269545,0.17172220569052585,16.583355982486285,0.019339597342960205,9.476942750552552e+23,8.688103203535746e+23,7.28922646908714e+23,9.274458037232015e-07,validation_target,0.0,1.000000746567386,False,"[1.0000010740922833,1.0000010087236595,1.0000008758205645,1.0000007815247198,1.0000007022353126,1.000000711610052,1.0000004270282297,1.0000006159397927]",1.000000746567386,1.0,109,1.0000005286063567,False,1.000000506771663,False
0.0,rho,diagnostic_counterfactual,NO_SOFTCLIP_COUNTERFACTUAL,11.662450813017738,496448.22028611245,0.7751563649512347,4.0722666885269545,0.17172220569052585,16.583355982486285,1.0,False,True,1.0,False,1.0,False,0,diagnostic_counterfactual,1.0000000000000002,False,11.662450813017738,496448.22028611245,0.7751563649512346,4.0722666885269545,0.17172220569052585,16.583355982486285,1.0,-1.0951871809439239e+23,-3.42254439678058e+23,-1.7644739003230823e+22,9.094958825110165e-16,validation_target,0.0,1.0,False,"[0.9999999999999999,1.0,1.0,1.0,1.0,1.0,1.0000000000000002,1.0000000000000002]",1.0,1.0,109,1.0,False,1.0,False
0.0,rho,diagnostic_counterfactual,NORMALIZER_ONLY_ROUNDTRIP,11.662450813017738,496448.22028611245,0.7751563649512347,4.0722666885269545,0.17172220569052585,16.583355982486285,1.0,False,True,1.0,False,1.0,False,0,diagnostic_counterfactual,1.0000000000000002,False,11.662450813017738,496448.22028611245,0.7751563649512346,4.0722666885269545,0.17172220569052585,16.583355982486285,1.0,-1.0951871809439239e+23,-3.42254439678058e+23,-1.7644739003230823e+22,9.094958825110165e-16,validation_target,0.0,1.0,False,"[0.9999999999999999,1.0,1.0,1.0,1.0,1.0,1.0000000000000002,1.0000000000000002]",1.0,1.0,109,1.0,False,1.0,False
0.0,rho,diagnostic_counterfactual,NONLINEAR_ONLY_ROUNDTRIP,11.662450813017738,496448.22028611245,0.7751563649512346,4.0722666885269545,0.17172220569052585,16.583355982486285,1.0,False,True,1.0,False,1.0,False,0,diagnostic_counterfactual,1.0,False,11.662450813017738,496448.22028611245,0.7751563649512346,4.0722666885269545,0.17172220569052585,16.583355982486285,1.0,-1.0951871809439239e+23,-3.42254439678058e+23,-1.7644739003230823e+22,1.7029098926087768e-16,validation_target,0.0,1.0,False,"[1.0,1.0000000000000002,1.0,1.0,1.0,1.0,1.0,1.0]",1.0,1.0,109,1.0,False,1.0,False
0.0,rho,diagnostic_counterfactual,FLOAT64_REFERENCE,11.662450813017728,496448.2202861114,0.7751563649512344,4.07226668852695,0.17172220569052568,16.583355982486253,0.9999999999999991,False,True,0.9999999999999981,False,0.9999999999999979,False,0,diagnostic_counterfactual; full canonical calculation in CPU float64,0.9999999999999997,False,11.662450813017738,496448.22028611245,0.7751563649512346,4.0722666885269545,0.17172220569052585,16.583355982486285,0.9999999973700971,-1.0951871998177153e+23,-3.422544417874818e+23,-1.7644739891409243e+22,1.753015280762992e-15,validation_target,0.0,0.9999999999999991,False,"[0.999999999999998,0.9999999999999986,0.9999999999999983,0.999999999999999,0.9999999999999992,0.9999999999999992,0.9999999999999994,0.9999999999999994]",0.9999999999999991,1.0,109,0.9999999999999989,False,0.999999999999999,False
0.0,press,diagnostic_counterfactual,CANONICAL_FULL,0.5666984977738933,34217.33975106917,0.04243429738433569,0.7840418661001257,0.026594521134109147,0.6147216477977675,0.9999998201443544,False,True,0.9999999640418994,False,0.9999999610004388,False,0,frozen canonical tensor encode/decode,0.9999999785371998,False,0.5666985996978358,34217.34108553046,0.042434298295094555,0.7840418801964543,0.02659452135942191,0.6147216699019912,0.0,0.0,0.0,0.0,9.70493172013675e-07,validation_target,0.0,0.9999999785371998,False,"[0.9999999649199662,0.9999998459920604,0.9999999953286257,0.9999999445555119,0.9999999813899072,1.0000000204601014,1.0000000503784214,1.00000023314003]",0.9999999883592665,1.0,109,0.9999999820209495,False,0.9999999915278505,False
0.0,press,diagnostic_counterfactual,NO_FINAL_INVERSE_CLAMP,0.5666982654541182,34217.27646515051,0.04243422375662025,0.784041143158616,0.026594497497246405,0.6147205141654694,0.9999994101913826,False,True,0.9999981199027488,False,0.9999981114727826,False,0,diagnostic_counterfactual; actual float32 encoded state; inverse clamp bypassed,0.9999982434380372,False,0.5666985996978358,34217.34108553046,0.042434298295094555,0.7840418801964543,0.02659452135942191,0.6147216699019912,-2.2793444733209487,-51.285777597175525,-47.42431958198756,-80.84216160505676,1.2780277282343555e-06,validation_target,0.0,0.9999982434380372,False,"[0.9999981123989213,0.9999982562500723,0.9999985183029829,0.9999987497334893,0.9999988482029281,0.9999990152227314,0.9999990708239841,0.999999212153741]",0.9999987989682086,1.0,109,0.9999990599509325,False,0.99999910274093,False
0.0,press,diagnostic_counterfactual,NO_SOFTCLIP_COUNTERFACTUAL,0.5666985996978358,34217.34108553046,0.042434298295094555,0.7840418801964544,0.02659452135942191,0.6147216699019913,1.0,False,True,1.0000000000000002,False,1.0,False,0,diagnostic_counterfactual,1.0,False,0.5666985996978358,34217.34108553046,0.042434298295094555,0.7840418801964543,0.02659452135942191,0.6147216699019912,1.0,1.0000000061750927,1.0,1.0,9.945368780531745e-16,validation_target,0.0,1.0,False,"[1.0000000000000002,1.0000000000000002,0.9999999999999999,1.0,0.9999999999999998,1.0000000000000002,1.0000000000000002,1.0]",1.0,1.0,109,1.0000000000000002,False,1.0,False
0.0,press,diagnostic_counterfactual,NORMALIZER_ONLY_ROUNDTRIP,0.5666985996978358,34217.34108553046,0.042434298295094555,0.7840418801964544,0.02659452135942191,0.6147216699019913,1.0,False,True,1.0000000000000002,False,1.0,False,0,diagnostic_counterfactual,1.0,False,0.5666985996978358,34217.34108553046,0.042434298295094555,0.7840418801964543,0.02659452135942191,0.6147216699019912,1.0,1.0000000061750927,1.0,1.0,9.945368780531745e-16,validation_target,0.0,1.0,False,"[1.0000000000000002,1.0000000000000002,0.9999999999999999,1.0,0.9999999999999998,1.0000000000000002,1.0000000000000002,1.0]",1.0,1.0,109,1.0000000000000002,False,1.0,False
0.0,press,diagnostic_counterfactual,NONLINEAR_ONLY_ROUNDTRIP,0.5666985996978358,34217.34108553046,0.042434298295094555,0.7840418801964543,0.02659452135942191,0.6147216699019912,1.0,False,True,1.0,False,1.0,False,0,diagnostic_counterfactual,1.0,False,0.5666985996978358,34217.34108553046,0.042434298295094555,0.7840418801964543,0.02659452135942191,0.6147216699019912,1.0,1.0,1.0,1.0,1.3956984801964826e-16,validation_target,0.0,1.0,False,"[1.0,1.0,1.0,1.0,0.9999999999999998,1.0,1.0000000000000002,1.0]",1.0,1.0,109,1.0,False,1.0,False
0.0,press,diagnostic_counterfactual,FLOAT64_REFERENCE,0.5666985996978354,34217.34108553044,0.04243429829509454,0.7840418801964538,0.02659452135942189,0.6147216699019905,0.9999999999999994,False,True,0.9999999999999989,False,0.9999999999999993,False,0,diagnostic_counterfactual; full canonical calculation in CPU float64,0.9999999999999997,False,0.5666985996978358,34217.34108553046,0.042434298295094555,0.7840418801964543,0.02659452135942191,0.6147216699019912,0.9999999969135719,0.9999999691245365,0.9999999829194536,0.9999999793088876,1.7631895153457256e-15,validation_target,0.0,0.9999999999999996,False,"[0.9999999999999987,0.9999999999999987,0.9999999999999992,1.0000000000000002,0.9999999999999994,0.9999999999999999,1.0000000000000002,0.9999999999999998]",0.9999999999999996,1.0,109,0.9999999999999994,False,0.9999999999999993,False
0.00048828125,vel1,diagnostic_counterfactual,CANONICAL_FULL,2.5989185369014756,1116.2947723359068,0.028117988312749708,0.5356263585568398,0.04542528635509024,0.28689559598086034,0.9999999238577882,False,True,0.9992090435859544,False,0.9984407125521261,False,0,frozen canonical tensor encode/decode,0.999334125239058,False,2.5989187347888962,1118.0381151350816,0.02813672384701503,0.5358383128520038,0.045485679538621177,0.2871226975200819,0.0,0.0,0.0,0.0,0.0026580634531254655,validation_target,0.023708343505859375,0.999334125239058,False,"[0.999999997537118,1.0000000003910134,1.0000000005796648,1.000000000997009,1.0000000008709535,0.9999999968608633,0.9977605512677693,1.0000000041751587]",1.000000000485339,1.0,109,0.9996044435605289,False,0.998672259398045,False
0.00048828125,vel1,diagnostic_counterfactual,NO_FINAL_INVERSE_CLAMP,2.5989187151201865,1118.0381315878944,0.028136724417094916,0.5358383179487506,0.04548568019647208,0.2871227029821463,0.9999999924319642,False,True,1.0000000190234504,False,1.0000000147157888,False,0,diagnostic_counterfactual; actual float32 encoded state; inverse clamp bypassed,1.0000000202610613,False,2.5989187347888962,1118.0381151350816,0.02813672384701503,0.5358383128520038,0.045485679538621177,0.2871226975200819,0.9006065679087476,1.0000240511993237,1.000009437508671,1.0000233781859131,1.4670555715541516e-07,validation_target,0.023708343505859375,1.000000015566944,False,"[1.0000000130331244,1.0000000158768598,1.0000000152388018,1.0000000156439186,1.0000000154899693,1.0000000120796952,1.000000025429682,1.0000000192960394]",1.000000015566944,1.0,109,1.0000000095117252,False,1.0000000144628136,False
0.00048828125,vel1,diagnostic_counterfactual,NO_SOFTCLIP_COUNTERFACTUAL,2.5989187347888962,1118.0381151350816,0.02813672384701503,0.5358383128520038,0.045485679538621177,0.2871226975200819,1.0,False,True,1.0,False,1.0,False,0,diagnostic_counterfactual,1.0,False,2.5989187347888962,1118.0381151350816,0.02813672384701503,0.5358383128520038,0.045485679538621177,0.2871226975200819,1.0,1.0,1.0,1.0,2.408230812278369e-17,validation_target,0.023708343505859375,1.0,False,"[1.0,1.0,1.0,1.0,1.0,1.0,1.0,1.0]",1.0,1.0,109,1.0,False,1.0,False
0.00048828125,vel1,diagnostic_counterfactual,NORMALIZER_ONLY_ROUNDTRIP,2.5989187347888962,1118.0381151350816,0.02813672384701503,0.5358383128520038,0.045485679538621177,0.2871226975200819,1.0,False,True,1.0,False,1.0,False,0,diagnostic_counterfactual,1.0,False,2.5989187347888962,1118.0381151350816,0.02813672384701503,0.5358383128520038,0.045485679538621177,0.2871226975200819,1.0,1.0,1.0,1.0,2.408230812278369e-17,validation_target,0.023708343505859375,1.0,False,"[1.0,1.0,1.0,1.0,1.0,1.0,1.0,1.0]",1.0,1.0,109,1.0,False,1.0,False
0.00048828125,vel1,diagnostic_counterfactual,NONLINEAR_ONLY_ROUNDTRIP,2.5989187347888962,1118.0381151350816,0.02813672384701503,0.5358383128520038,0.045485679538621177,0.2871226975200819,1.0,False,True,1.0,False,1.0,False,0,diagnostic_counterfactual,1.0,False,2.5989187347888962,1118.0381151350816,0.02813672384701503,0.5358383128520038,0.045485679538621177,0.2871226975200819,1.0,1.0,1.0,1.0,0.0,validation_target,0.023708343505859375,1.0,False,"[1.0,1.0,1.0,1.0,1.0,1.0,1.0,1.0]",1.0,1.0,109,1.0,False,1.0,False
0.00048828125,vel1,diagnostic_counterfactual,FLOAT64_REFERENCE,2.5989187347888976,1116.2947763538562,0.028117988071434962,0.535626356138406,0.04542528584250926,0.2868955933901066,1.0000000000000004,False,True,0.9992090345627955,False,0.9984407161458759,False,0,diagnostic_counterfactual; full canonical calculation in CPU float64,0.9993341166625532,False,2.5989187347888962,1118.0381151350816,0.02813672384701503,0.5358383128520038,0.045485679538621177,0.2871226975200819,1.0000000058323655,-1.1407909116739227e-05,2.3047385253816066e-06,-1.2880056778990364e-05,0.0026580741672177213,validation_target,0.023708343505859375,0.9993341166625532,False,"[1.0,0.9999999999999998,0.9999999999999999,1.0,1.0,0.9999999999999998,0.997760526766806,1.0000000000000002]",1.0,1.0,109,0.999604439047164,False,0.9986722481289823,False
0.03125,vel2,diagnostic_counterfactual,CANONICAL_FULL,0.07146307080984116,1.135561237575675,2.1227888045676696e-08,0.01097519634213413,0.000757901360814349,0.00012045493474839438,0.7471900279713806,False,True,0.635661821957108,False,0.3118507707030056,False,0,frozen canonical tensor encode/decode,0.4540384869373618,False,0.09564243115484725,3.641361010639088,4.675349922176366e-08,0.013765729590779032,0.0009547319729407048,0.00018949531116644946,0.0,0.0,0.0,0.0,0.3369619833374413,validation_target,0.09709548950195312,0.4540384869373618,False,"[0.49353709266393314,1.0000000025115483,0.999999999776537,0.9999999994456845,1.000000000851302,0.9999999997343976,1.000000002027469,1.0000000000633564]",0.9999999999199467,0.9999427795410156,109,0.7972840284096427,False,0.7938367859200415,False
0.03125,vel2,diagnostic_counterfactual,NO_FINAL_INVERSE_CLAMP,0.09564248626675398,3.6415472751544327,4.677716449271624e-08,0.013765794326889482,0.0009547428164974932,0.00018949709345022266,1.0000005762286264,False,True,1.0000094054241355,False,1.000051152444045,False,0,diagnostic_counterfactual; actual float32 encoded state; inverse clamp bypassed,1.0005061711175955,False,0.09564243115484725,3.641361010639088,4.675349922176366e-08,0.013765729590779032,0.0009547319729407048,0.00018949531116644946,1.0000022792954792,1.0000258150935102,1.0000743333594913,1.000000015324733,0.00026664703387130307,validation_target,0.09709548950195312,1.0000000083667144,False,"[1.0000129898936412,1.000000008287526,1.0000000082665816,1.000000008445903,1.0000000088984013,1.0000000069842419,1.0000000095931312,1.000000007432493]",1.0000000083667144,0.9999427795410156,109,1.00000470270101,False,1.0000113576973388,False
0.03125,vel2,diagnostic_counterfactual,NO_SOFTCLIP_COUNTERFACTUAL,0.09564243115484725,3.6413610106390886,4.675349922176366e-08,0.013765729590779032,0.0009547319729407048,0.00018949531116644946,1.0,False,True,1.0,False,1.0000000000000002,False,0,diagnostic_counterfactual,1.0,False,0.09564243115484725,3.641361010639088,4.675349922176366e-08,0.013765729590779032,0.0009547319729407048,0.00018949531116644946,1.0,1.0,1.0000000000000002,1.0,5.068288557671016e-17,validation_target,0.09709548950195312,1.0,False,"[1.0,0.9999999999999998,1.0,1.0,1.0,1.0,1.0,1.0]",1.0,1.0,109,1.0,False,1.0,False
0.03125,vel2,diagnostic_counterfactual,NORMALIZER_ONLY_ROUNDTRIP,0.09564243115484725,3.6413610106390886,4.675349922176366e-08,0.013765729590779032,0.0009547319729407048,0.00018949531116644946,1.0,False,True,1.0,False,1.0000000000000002,False,0,diagnostic_counterfactual,1.0,False,0.09564243115484725,3.641361010639088,4.675349922176366e-08,0.013765729590779032,0.0009547319729407048,0.00018949531116644946,1.0,1.0,1.0000000000000002,1.0,5.068288557671016e-17,validation_target,0.09709548950195312,1.0,False,"[1.0,0.9999999999999998,1.0,1.0,1.0,1.0,1.0,1.0]",1.0,1.0,109,1.0,False,1.0,False
0.03125,vel2,diagnostic_counterfactual,NONLINEAR_ONLY_ROUNDTRIP,0.09564243115484725,3.641361010639088,4.675349922176366e-08,0.013765729590779032,0.0009547319729407048,0.00018949531116644946,1.0,False,True,1.0,False,1.0,False,0,diagnostic_counterfactual,1.0,False,0.09564243115484725,3.641361010639088,4.675349922176366e-08,0.013765729590779032,0.0009547319729407048,0.00018949531116644946,1.0,1.0,1.0,1.0,0.0,validation_target,0.09709548950195312,1.0,False,"[1.0,1.0,1.0,1.0,1.0,1.0,1.0,1.0]",1.0,1.0,109,1.0,False,1.0,False
0.03125,vel2,diagnostic_counterfactual,FLOAT64_REFERENCE,0.07146305821902146,1.1355609559105848,2.1227839715686197e-08,0.010975195692861235,0.0007579013206535197,0.00012045492049659981,0.747189896326675,False,True,0.6356617467478879,False,0.3118506933514084,False,0,diagnostic_counterfactual; full canonical calculation in CPU float64,0.45403745321814715,False,0.09564243115484725,3.641361010639088,4.675349922176366e-08,0.013765729590779032,0.0009547319729407048,0.00018949531116644946,-5.20725921231151e-07,-2.0642695332665766e-07,-1.124052660235485e-07,-1.8933920980485618e-06,0.3369620493056964,validation_target,0.09709548950195312,0.45403745321814715,False,"[0.49353698840719473,0.9999999999999998,0.9999999999999999,1.0,1.0,0.9999999999999998,0.9999999999999999,1.0]",0.9999999999999999,0.9999427795410156,109,0.7972839812437522,False,0.7938367438550112,False
0.4275932312011719,vel3,diagnostic_counterfactual,CANONICAL_FULL,0.10326015297323465,7.094660741558893,0.001579161690327369,0.04515812572083775,0.0012307839264850066,0.002039256318618988,0.08442990578421397,False,True,0.02522220019227279,False,0.005901197855322219,False,0,frozen canonical tensor encode/decode,0.02089043094519719,False,1.2230281677341563,1202.2407849213705,0.07559258564220409,0.2843442327926132,0.011956431841122295,0.08085164272241982,0.0,0.0,0.0,0.0,0.8447776725382953,validation_target,0.5085945129394531,0.02089043094519719,False,"[6.919009337488196e-05,0.0,0.018855415679308755,0.12269055947068631,0.13032130408783651,0.362625638922585,0.9414874377374766,0.999999989159323]",0.12650593177926142,1.0,109,0.15881498730369495,False,0.10293906600562185,False
0.4275932312011719,vel3,diagnostic_counterfactual,NO_FINAL_INVERSE_CLAMP,,,,,,,,,False,,,,,53586,diagnostic_counterfactual; actual float32 encoded state; inverse clamp bypassed,,,,,,,,,,,,,,validation_target,0.5085945129394531,,,,,,109,,,,
0.4275932312011719,vel3,diagnostic_counterfactual,NO_SOFTCLIP_COUNTERFACTUAL,1.2230281677341563,1202.2407849213705,0.07559258564220409,0.2843442327926132,0.011956431841122295,0.08085164272241982,1.0,False,True,1.0,False,1.0,False,0,diagnostic_counterfactual,1.0,False,1.2230281677341563,1202.2407849213705,0.07559258564220409,0.2843442327926132,0.011956431841122295,0.08085164272241982,1.0,1.0,1.0,1.0,3.908627787338115e-17,validation_target,0.5085945129394531,1.0,False,"[1.0,1.0,1.0,1.0,1.0,1.0,1.0,1.0]",1.0,1.0,109,1.0,False,1.0,False
0.4275932312011719,vel3,diagnostic_counterfactual,NORMALIZER_ONLY_ROUNDTRIP,1.2230281677341563,1202.2407849213705,0.07559258564220409,0.2843442327926132,0.011956431841122295,0.08085164272241982,1.0,False,True,1.0,False,1.0,False,0,diagnostic_counterfactual,1.0,False,1.2230281677341563,1202.2407849213705,0.07559258564220409,0.2843442327926132,0.011956431841122295,0.08085164272241982,1.0,1.0,1.0,1.0,3.908627787338115e-17,validation_target,0.5085945129394531,1.0,False,"[1.0,1.0,1.0,1.0,1.0,1.0,1.0,1.0]",1.0,1.0,109,1.0,False,1.0,False
0.4275932312011719,vel3,diagnostic_counterfactual,NONLINEAR_ONLY_ROUNDTRIP,1.2230281677341563,1202.2407849213705,0.07559258564220409,0.2843442327926132,0.011956431841122295,0.08085164272241982,1.0,False,True,1.0,False,1.0,False,0,diagnostic_counterfactual,1.0,False,1.2230281677341563,1202.2407849213705,0.07559258564220409,0.2843442327926132,0.011956431841122295,0.08085164272241982,1.0,1.0,1.0,1.0,0.0,validation_target,0.5085945129394531,1.0,False,"[1.0,1.0,1.0,1.0,1.0,1.0,1.0,1.0]",1.0,1.0,109,1.0,False,1.0,False
0.4275932312011719,vel3,diagnostic_counterfactual,FLOAT64_REFERENCE,0.10326013355187802,7.094657999141904,0.0015791610792868119,0.04515811727153386,0.0012307836913557453,0.002039255555509605,0.08442988990448433,False,True,0.025222190753882212,False,0.005901195574234251,False,0,diagnostic_counterfactual; full canonical calculation in CPU float64,0.020890422861857376,False,1.2230281677341563,1202.2407849213705,0.07559258564220409,0.2843442327926132,0.011956431841122295,0.08085164272241982,-1.7344089483333816e-08,-9.682607237644702e-09,-2.294629027717465e-09,-8.255807183335306e-09,0.8447776992431686,validation_target,0.5085945129394531,0.020890422861857376,False,"[6.91900632123891e-05,6.829506462308894e-32,0.01885539568863849,0.12269050113829859,0.13032125635800842,0.36262553933415664,0.9414873572394153,1.0]",0.1265058787481535,0.9999427795410156,109,0.15881495758864217,False,0.10293904634011758,False
0.0,Bcc1,diagnostic_counterfactual,CANONICAL_FULL,14.969260768890408,74459.69629870068,0.00018133109013048493,2.1218563136044133,0.05773750466397956,4.50227421558291,1.0000004701714982,False,True,1.0000000004424525,False,1.0000000030190705,False,0,frozen canonical tensor encode/decode,0.99999790840526,False,14.969253730773953,74459.6960739016,0.00018133146940243252,2.121856313135003,0.05773750592189556,4.5022742135908675,0.0,0.0,0.0,0.0,6.49313556572776e-07,validation_target,0.0,0.99999790840526,False,"[0.9999999996007897,1.000000009801994,0.9999999989033326,0.9999999898407944,0.9999999800015914,0.9999999907535112,0.9999999984614498,1.000000007529901]",0.9999999986823912,1.0,110,1.0000000002212261,False,0.9999999782131912,False
0.0,Bcc1,diagnostic_counterfactual,NO_FINAL_INVERSE_CLAMP,14.969257538743413,74459.66506223305,0.00018133110694747867,2.121855869980453,0.05773749303524619,4.502272332970506,1.0000002543860589,False,True,0.9999995822954639,False,0.999999583510675,False,0,diagnostic_counterfactual; actual float32 encoded state; inverse clamp bypassed,0.9999980011469877,False,14.969253730773953,74459.6960739016,0.00018133146940243252,2.121856313135003,0.05773750592189556,4.5022742135908675,-2.1578543929479108e+23,-4.181469885899957e+23,-4.1950839557713944e+23,0.044340199302932724,5.696673624006355e-07,validation_target,0.0,0.9999980011469877,False,"[0.9999995767843242,0.9999996277783673,0.9999996754092472,0.9999996920135359,0.9999997157422699,0.9999997112334426,0.999999753114679,0.9999997944051967]",0.9999997016234892,1.0,110,0.9999997911477101,False,0.9999997768062688,False
0.0,Bcc1,diagnostic_counterfactual,NO_SOFTCLIP_COUNTERFACTUAL,14.969253730773953,74459.6960739016,0.0001813314694024323,2.121856313135003,0.05773750592189556,4.5022742135908675,1.0,False,True,1.0,False,1.0,False,0,diagnostic_counterfactual,0.9999999999999988,False,14.969253730773953,74459.6960739016,0.00018133146940243252,2.121856313135003,0.05773750592189556,4.5022742135908675,-4.7017149817918376e+23,-4.4245251906716015e+20,-3.019070549115099e+21,0.9999999994161176,6.49482711534583e-16,validation_target,0.0,0.9999999999999988,False,"[1.0,1.0000000000000002,1.0,1.0,1.0,1.0,1.0,1.0]",1.0,1.0,110,1.0,False,1.0,False
0.0,Bcc1,diagnostic_counterfactual,NORMALIZER_ONLY_ROUNDTRIP,14.969253730773953,74459.6960739016,0.0001813314694024323,2.121856313135003,0.05773750592189556,4.5022742135908675,1.0,False,True,1.0,False,1.0,False,0,diagnostic_counterfactual,0.9999999999999988,False,14.969253730773953,74459.6960739016,0.00018133146940243252,2.121856313135003,0.05773750592189556,4.5022742135908675,-4.7017149817918376e+23,-4.4245251906716015e+20,-3.019070549115099e+21,0.9999999994161176,6.49482711534583e-16,validation_target,0.0,0.9999999999999988,False,"[1.0,1.0000000000000002,1.0,1.0,1.0,1.0,1.0,1.0]",1.0,1.0,110,1.0,False,1.0,False
0.0,Bcc1,diagnostic_counterfactual,NONLINEAR_ONLY_ROUNDTRIP,14.969253730773955,74459.69607390159,0.00018133146940243247,2.121856313135003,0.05773750592189556,4.5022742135908675,1.0000000000000002,False,True,1.0,False,0.9999999999999998,False,0,diagnostic_counterfactual,0.9999999999999997,False,14.969253730773953,74459.6960739016,0.00018133146940243252,2.121856313135003,0.05773750592189556,4.5022742135908675,-4.701714979571392e+23,-4.4245251906716015e+20,-3.019070771159704e+21,0.9999999998407594,3.7371000772069095e-16,validation_target,0.0,0.9999999999999997,False,"[1.0,1.0,1.0,1.0,1.0,1.0,1.0,1.0]",1.0,1.0,110,1.0,False,1.0,False
0.0,Bcc1,diagnostic_counterfactual,FLOAT64_REFERENCE,14.969253730773943,74459.69607390156,0.00018133146940243258,2.121856313135002,0.05773750592189555,4.502274213590864,0.9999999999999993,False,True,0.9999999999999992,False,0.9999999999999994,False,0,diagnostic_counterfactual; full canonical calculation in CPU float64,1.0000000000000002,False,14.969253730773953,74459.6960739016,0.00018133146940243252,2.121856313135003,0.05773750592189556,4.5022742135908675,-4.7017149884531755e+23,-4.424532962232774e+20,-3.0190711042266114e+21,0.9999999999469198,1.2541974176848073e-15,validation_target,0.0,0.9999999999999999,False,"[0.9999999999999991,1.0000000000000002,1.0,0.9999999999999998,0.9999999999999994,0.9999999999999994,1.0,1.0]",0.9999999999999999,1.0,110,0.9999999999999996,False,0.9999999999999998,False
0.1142578125,Bcc2,diagnostic_counterfactual,CANONICAL_FULL,0.13481904193758965,2.889165824248747,0.000147647018239406,0.023343240062639287,0.0008533311909539601,0.0005449068566220079,0.09426090456378577,False,True,0.011522424996398018,False,0.0018826496174203884,False,0,frozen canonical tensor encode/decode,0.005261930828064737,False,1.4302752828598035,1534.6274726401239,0.028059475326419,0.2174649109921303,0.008848154856356273,0.04729098751281516,0.0,0.0,0.0,0.0,0.9376087285439891,validation_target,0.23050308227539062,0.005261930828064737,False,"[0.009315859228985693,0.8833228456231225,1.0000000397657989,0.9999999926649807,0.9999999964275443,0.9999999959890793,0.9999999307685921,1.0000003186910142]",0.99999999432703,1.0,110,0.10734255911053181,False,0.0964417107077359,False
0.1142578125,Bcc2,diagnostic_counterfactual,NO_FINAL_INVERSE_CLAMP,1.4303287930827042,1534.5872298505292,0.02805917633315723,0.21746359166289278,0.008848137054386924,0.047290413698925365,1.0000374125341758,False,True,0.9999878663161847,False,0.9999737768348917,False,0,diagnostic_counterfactual; actual float32 encoded state; inverse clamp bypassed,0.9999893443031884,False,1.4302752828598035,1534.6274726401239,0.028059475326419,0.2174649109921303,0.008848154856356273,0.04729098751281516,1.0000413060829154,0.9999877248770007,0.99997372737274,0.9999892879370542,0.00012921261475834224,validation_target,0.23050308227539062,0.9999893443031884,False,"[0.9999859349879148,0.9999997054760964,0.9999998665901353,0.9999999460371621,0.9999997691197567,0.9999998168583214,0.9999997422546525,1.0000002033062365]",0.9999997929890391,1.0,110,0.999993933139689,False,0.9999979880585684,False
0.1142578125,Bcc2,diagnostic_counterfactual,NO_SOFTCLIP_COUNTERFACTUAL,1.4302752828598035,1534.6274726401239,0.028059475326419,0.2174649109921303,0.00884815485635627,0.04729098751281516,1.0,False,True,1.0,False,1.0,False,0,diagnostic_counterfactual,1.0,False,1.4302752828598035,1534.6274726401239,0.028059475326419,0.2174649109921303,0.008848154856356273,0.04729098751281516,1.0,1.0,1.0,1.0,2.8904885599116876e-16,validation_target,0.23050308227539062,1.0,False,"[1.0,1.0,1.0,1.0000000000000002,1.0,1.0,1.0,1.0]",1.0,1.0,110,1.0,False,0.9999999999999996,False
0.1142578125,Bcc2,diagnostic_counterfactual,NORMALIZER_ONLY_ROUNDTRIP,1.4302752828598035,1534.6274726401239,0.028059475326419,0.2174649109921303,0.00884815485635627,0.04729098751281516,1.0,False,True,1.0,False,1.0,False,0,diagnostic_counterfactual,1.0,False,1.4302752828598035,1534.6274726401239,0.028059475326419,0.2174649109921303,0.008848154856356273,0.04729098751281516,1.0,1.0,1.0,1.0,2.8904885599116876e-16,validation_target,0.23050308227539062,1.0,False,"[1.0,1.0,1.0,1.0000000000000002,1.0,1.0,1.0,1.0]",1.0,1.0,110,1.0,False,0.9999999999999996,False
0.1142578125,Bcc2,diagnostic_counterfactual,NONLINEAR_ONLY_ROUNDTRIP,1.4302752828598035,1534.6274726401239,0.028059475326419,0.2174649109921303,0.008848154856356273,0.04729098751281516,1.0,False,True,1.0,False,1.0,False,0,diagnostic_counterfactual,1.0,False,1.4302752828598035,1534.6274726401239,0.028059475326419,0.2174649109921303,0.008848154856356273,0.04729098751281516,1.0,1.0,1.0,1.0,2.883751551192593e-16,validation_target,0.23050308227539062,1.0,False,"[1.0,1.0,1.0,1.0,1.0,1.0,1.0,1.0]",1.0,1.0,110,1.0,False,1.0,False
0.1142578125,Bcc2,diagnostic_counterfactual,FLOAT64_REFERENCE,0.13481894023784463,2.8891617271960057,0.00014764678376484318,0.023343225079856,0.0008533306950998738,0.0005449061571288182,0.09426083345877108,False,True,0.01152241020514018,False,0.0018826469476827393,False,0,diagnostic_counterfactual; full canonical calculation in CPU float64,0.005261922471723071,False,1.4302752828598035,1534.6274726401239,0.028059475326419,0.2174649109921303,0.008848154856356273,0.04729098751281516,-7.850496357497339e-08,-1.4963675668899447e-08,-2.6747733100002568e-09,-8.400544751771721e-09,0.9376087789246682,validation_target,0.23050308227539062,0.005261922471723071,False,"[0.009315846221399304,0.8833224277304071,1.0000000000000007,0.9999999999999998,0.9999999999999999,1.0,1.0,1.0]",1.0,1.0,110,0.10734249021305672,False,0.09644165466734167,False
0.639404296875,Bcc3,diagnostic_counterfactual,CANONICAL_FULL,0.010797557421028614,0.11902740709409734,2.968483521660542e-10,0.004436556550803104,8.172610944803317e-05,1.9683034028473938e-05,0.000430761921762641,False,True,1.753627863923812e-06,False,3.838602089497285e-07,False,0,frozen canonical tensor encode/decode,1.490545547556597e-06,False,25.066183605194098,310080.0872790791,0.00019915416382455947,3.350250671420523,0.11824359309883548,11.224179561353665,0.0,0.0,0.0,0.0,0.9994759203754168,validation_target,0.689453125,1.490545547556597e-06,False,"[3.297172661522902e-07,2.169714103716254e-05,0.0006244491831755389,0.01145973063690996,0.06373397418535577,0.06933587162975982,0.3188692241113725,1.0000000303356158]",0.037596852411132864,1.0,110,0.0013242461492954441,False,0.0006911673377492962,False
0.639404296875,Bcc3,diagnostic_counterfactual,NO_FINAL_INVERSE_CLAMP,,,,,,,,,False,,,,,124722,diagnostic_counterfactual; actual float32 encoded state; inverse clamp bypassed,,,,,,,,,,,,,,validation_target,0.689453125,,,,,,110,,,,
0.639404296875,Bcc3,diagnostic_counterfactual,NO_SOFTCLIP_COUNTERFACTUAL,25.066183605194098,310080.087279079,0.00019915416382455917,3.3502506714205227,0.11824359309883548,11.224179561353663,1.0,False,True,0.9999999999999999,False,0.9999999999999998,False,0,diagnostic_counterfactual,0.9999999999999986,False,25.066183605194098,310080.0872790791,0.00019915416382455947,3.350250671420523,0.11824359309883548,11.224179561353665,1.0,0.9999999999999999,0.9999999999999998,0.9999999999999986,5.836893634956168e-16,validation_target,0.689453125,0.9999999999999986,False,"[1.0,1.0,1.0,1.0,1.0,0.9999999999999999,1.0,1.0]",1.0,1.0,110,0.9999999999999999,False,1.0,False
0.639404296875,Bcc3,diagnostic_counterfactual,NORMALIZER_ONLY_ROUNDTRIP,25.066183605194098,310080.087279079,0.00019915416382455917,3.3502506714205227,0.11824359309883548,11.224179561353663,1.0,False,True,0.9999999999999999,False,0.9999999999999998,False,0,diagnostic_counterfactual,0.9999999999999986,False,25.066183605194098,310080.0872790791,0.00019915416382455947,3.350250671420523,0.11824359309883548,11.224179561353665,1.0,0.9999999999999999,0.9999999999999998,0.9999999999999986,5.836893634956168e-16,validation_target,0.689453125,0.9999999999999986,False,"[1.0,1.0,1.0,1.0,1.0,0.9999999999999999,1.0,1.0]",1.0,1.0,110,0.9999999999999999,False,1.0,False
0.639404296875,Bcc3,diagnostic_counterfactual,NONLINEAR_ONLY_ROUNDTRIP,25.066183605194105,310080.08727907913,0.00019915416382455955,3.3502506714205227,0.11824359309883546,11.224179561353663,1.0000000000000002,False,True,0.9999999999999999,False,1.0000000000000002,False,0,diagnostic_counterfactual,1.0000000000000004,False,25.066183605194098,310080.0872790791,0.00019915416382455947,3.350250671420523,0.11824359309883548,11.224179561353665,1.0000000000000002,0.9999999999999999,1.0000000000000002,1.0,2.9860771729122505e-16,validation_target,0.689453125,1.0,False,"[1.0,1.0,1.0,0.9999999999999998,1.0,1.0,1.0,1.0]",1.0,1.0,110,0.9999999999999999,False,0.9999999999999999,False
0.639404296875,Bcc3,diagnostic_counterfactual,FLOAT64_REFERENCE,0.01079755544610649,0.11902736520177354,2.968482787101415e-10,0.004436555782527307,8.172609475587445e-05,1.968302721147648e-05,0.0004307618429743358,False,True,1.7536272565745249e-06,False,3.8386007384810307e-07,False,0,diagnostic_counterfactual; full canonical calculation in CPU float64,1.4905451787171446e-06,False,25.066183605194098,310080.0872790791,0.00019915416382455947,3.350250671420523,0.11824359309883548,11.224179561353665,-7.882225882629543e-11,-6.07350352209739e-13,-1.351016772982385e-13,-3.688400020513257e-13,0.9994759204711379,validation_target,0.689453125,1.4905451787171446e-06,False,"[3.2971714553874073e-07,2.169713310015267e-05,0.0006244489547463961,0.011459726475156798,0.06373395415474531,0.06933585272937018,0.3188691475751984,1.0]",0.03759684031495105,1.0,110,0.0013242459199765445,False,0.0006911672134959786,False
0.0,rho,diagnostic_counterfactual,CANONICAL_FULL,11.915819198383648,509491.86297833634,0.8029636421539281,4.12537171765918,0.17431997565486657,17.018691808862258,0.9999997374874805,False,True,1.0000000569799523,False,1.0000001895189008,False,0,frozen canonical tensor encode/decode,1.0000000380537992,False,11.915822326436189,509491.7664200168,0.802963611598112,4.125371600127444,0.1743199710898701,17.018690839138067,0.0,0.0,0.0,0.0,8.946895706409308e-07,validation_target,0.0,1.000000009244646,False,"[1.0000000559679525,1.0000000787712255,1.0000000317450382,0.9999999729225767,0.9999999867442538,0.9999997311265746,0.9999998939510851,1.0000001082532646]",1.000000009244646,1.0,110,1.0000000284899757,False,1.0000000261874553,False
0.0,rho,diagnostic_counterfactual,NO_FINAL_INVERSE_CLAMP,11.915831203988967,509492.3258174856,0.8029643570084848,4.125373652700138,0.17432005498345715,17.018707774392478,1.0000007450222514,False,True,1.0000009950973652,False,1.000001097951931,False,0,diagnostic_counterfactual; actual float32 encoded state; inverse clamp bypassed,1.0000009283239764,False,11.915822326436189,509491.7664200168,0.802963611598112,4.125371600127444,0.1743199710898701,17.018690839138067,3.8380446497040603,9.38117412863093e+23,9.084330301334375e+23,7.165496285210793e+23,9.217654340506874e-07,validation_target,0.0,1.0000007257942745,False,"[1.0000010041308647,1.0000009756116395,1.000000931351349,1.0000007576687033,1.0000006538237831,1.000000481781902,1.000000587842547,1.0000006939198454]",1.0000007257942745,1.0,110,1.0000004975485588,False,1.0000004812620524,False
0.0,rho,diagnostic_counterfactual,NO_SOFTCLIP_COUNTERFACTUAL,11.915822326436189,509491.766420017,0.802963611598112,4.125371600127444,0.1743199710898701,17.018690839138067,1.0,False,True,1.0,False,1.0000000000000004,False,0,diagnostic_counterfactual,1.0,False,11.915822326436189,509491.7664200168,0.802963611598112,4.125371600127444,0.1743199710898701,17.018690839138067,1.0,-5.6979952312019575e+22,-1.8951890035090456e+23,-9.244645937656059e+21,9.304311117044525e-16,validation_target,0.0,1.0,False,"[1.0000000000000002,1.0,0.9999999999999998,0.9999999999999998,1.0,1.0000000000000002,1.0,1.0000000000000002]",1.0,1.0,110,1.0,False,1.0,False
0.0,rho,diagnostic_counterfactual,NORMALIZER_ONLY_ROUNDTRIP,11.915822326436189,509491.766420017,0.802963611598112,4.125371600127444,0.1743199710898701,17.018690839138067,1.0,False,True,1.0,False,1.0000000000000004,False,0,diagnostic_counterfactual,1.0,False,11.915822326436189,509491.7664200168,0.802963611598112,4.125371600127444,0.1743199710898701,17.018690839138067,1.0,-5.6979952312019575e+22,-1.8951890035090456e+23,-9.244645937656059e+21,9.304311117044525e-16,validation_target,0.0,1.0,False,"[1.0000000000000002,1.0,0.9999999999999998,0.9999999999999998,1.0,1.0000000000000002,1.0,1.0000000000000002]",1.0,1.0,110,1.0,False,1.0,False
0.0,rho,diagnostic_counterfactual,NONLINEAR_ONLY_ROUNDTRIP,11.915822326436187,509491.76642001676,0.802963611598112,4.125371600127444,0.1743199710898701,17.018690839138067,0.9999999999999999,False,True,1.0,False,0.9999999999999999,False,0,diagnostic_counterfactual,1.0,False,11.915822326436189,509491.7664200168,0.802963611598112,4.125371600127444,0.1743199710898701,17.018690839138067,0.9999999995770781,-5.6979952312019575e+22,-1.8951890090601606e+23,-9.244645937656059e+21,1.6366986137683955e-16,validation_target,0.0,1.0,False,"[1.0,1.0,1.0,1.0,1.0,1.0,1.0,1.0]",1.0,1.0,110,1.0,False,1.0,False
0.0,rho,diagnostic_counterfactual,FLOAT64_REFERENCE,11.915822326436189,509491.7664200157,0.8029636115981118,4.12537160012744,0.17431997108986996,17.01869083913803,1.0,False,True,0.9999999999999979,False,0.9999999999999978,False,0,diagnostic_counterfactual; full canonical calculation in CPU float64,0.9999999999999998,False,11.915822326436189,509491.7664200168,0.802963611598112,4.125371600127444,0.1743199710898701,17.018690839138067,1.0,-5.697995442144332e+22,-1.8951890301543983e+23,-9.244646825834478e+21,1.7829015980813214e-15,validation_target,0.0,0.9999999999999991,False,"[0.9999999999999982,0.9999999999999983,0.9999999999999983,0.999999999999999,0.9999999999999992,0.9999999999999994,0.9999999999999992,0.9999999999999994]",0.9999999999999991,1.0,110,0.9999999999999989,False,0.9999999999999992,False
0.0,press,diagnostic_counterfactual,CANONICAL_FULL,0.6200086611673307,36692.46569037488,0.0467473947686793,0.8118799171501273,0.02771395684999144,0.6591489998716976,0.9999999586628889,False,True,0.99999994398778,False,0.9999998195909663,False,0,frozen canonical tensor encode/decode,0.9999999669714855,False,0.6200086867966986,36692.47231002835,0.046747396312676354,0.8118799398877266,0.027713957465405517,0.6591490367920985,0.0,0.0,0.0,0.0,9.886817190193264e-07,validation_target,0.0,0.9999999669714855,False,"[0.9999999414547305,1.0000000131943751,1.0000000044126018,1.0000000094288646,0.9999999812034297,1.0000000374009663,1.0000001082029308,0.9999999603180909]",1.0000000069207333,1.0,110,0.9999999719938896,False,0.9999999777940745,False
0.0,press,diagnostic_counterfactual,NO_FINAL_INVERSE_CLAMP,0.6200082944741685,36692.39720548564,0.046747314582956105,0.8118791714196506,0.02771393225279518,0.6591477889850583,0.9999993672305914,False,True,0.9999981069424811,False,0.9999979531348535,False,0,diagnostic_counterfactual; actual float32 encoded state; inverse clamp bypassed,0.9999982516733188,False,0.6200086867966986,36692.47231002835,0.046747396312676354,0.8118799398877266,0.027713957465405517,0.6591490367920985,-14.307538246096096,-32.79722353007253,-10.345690979945124,-51.93385757085702,1.271106425021136e-06,validation_target,0.0,0.9999982516733188,False,"[0.9999980975666041,0.9999983085613621,0.9999985573226559,0.9999987412187878,0.9999988520510168,0.9999989501900617,0.9999989717978099,0.9999991055400645]",0.9999987966349023,1.0,110,0.9999990534707927,False,0.9999990902558623,False
0.0,press,diagnostic_counterfactual,NO_SOFTCLIP_COUNTERFACTUAL,0.6200086867966987,36692.472310028366,0.046747396312676354,0.8118799398877267,0.02771395746540552,0.6591490367920986,1.0000000000000002,False,True,1.0000000000000002,False,1.0000000000000004,False,0,diagnostic_counterfactual,1.0,False,0.6200086867966986,36692.47231002835,0.046747396312676354,0.8118799398877266,0.027713957465405517,0.6591490367920985,1.0000000053715559,1.0000000039642172,1.0000000024615685,1.0,9.864490792278938e-16,validation_target,0.0,1.0,False,"[1.0000000000000004,1.0,1.0,0.9999999999999999,1.0,1.0000000000000002,1.0,1.0]",1.0,1.0,110,1.0000000000000002,False,1.0000000000000002,False
0.0,press,diagnostic_counterfactual,NORMALIZER_ONLY_ROUNDTRIP,0.6200086867966987,36692.472310028366,0.046747396312676354,0.8118799398877267,0.02771395746540552,0.6591490367920986,1.0000000000000002,False,True,1.0000000000000002,False,1.0000000000000004,False,0,diagnostic_counterfactual,1.0,False,0.6200086867966986,36692.47231002835,0.046747396312676354,0.8118799398877266,0.027713957465405517,0.6591490367920985,1.0000000053715559,1.0000000039642172,1.0000000024615685,1.0,9.864490792278938e-16,validation_target,0.0,1.0,False,"[1.0000000000000004,1.0,1.0,0.9999999999999999,1.0,1.0000000000000002,1.0,1.0]",1.0,1.0,110,1.0000000000000002,False,1.0000000000000002,False
0.0,press,diagnostic_counterfactual,NONLINEAR_ONLY_ROUNDTRIP,0.6200086867966986,36692.47231002836,0.046747396312676354,0.8118799398877266,0.027713957465405517,0.6591490367920985,1.0,False,True,1.0,False,1.0000000000000002,False,0,diagnostic_counterfactual,1.0,False,0.6200086867966986,36692.47231002835,0.046747396312676354,0.8118799398877266,0.027713957465405517,0.6591490367920985,1.0,1.0,1.0000000012307844,1.0,1.4924659163498543e-16,validation_target,0.0,1.0,False,"[1.0,1.0,1.0,1.0,1.0,1.0,1.0,1.0]",1.0,1.0,110,1.0,False,1.0,False
0.0,press,diagnostic_counterfactual,FLOAT64_REFERENCE,0.6200086867966977,36692.47231002832,0.04674739631267635,0.811879939887726,0.0277139574654055,0.6591490367920976,0.9999999999999986,False,True,0.9999999999999987,False,0.9999999999999992,False,0,diagnostic_counterfactual; full canonical calculation in CPU float64,0.9999999999999999,False,0.6200086867966986,36692.47231002835,0.046747396312676354,0.8118799398877266,0.027713957465405517,0.6591490367920985,0.9999999650848863,0.9999999762146969,0.999999995692255,0.9999999932771846,1.744741374123257e-15,validation_target,0.0,0.9999999999999998,False,"[0.9999999999999988,0.9999999999999989,0.9999999999999991,1.0,1.0,0.9999999999999998,1.0000000000000004,0.9999999999999998]",0.9999999999999998,1.0,110,0.9999999999999993,False,0.9999999999999993,False
0.001636505126953125,vel1,diagnostic_counterfactual,CANONICAL_FULL,2.7156681001186374,1162.6112483104262,0.026744530978775327,0.5462431808295705,0.04646267112218117,0.29838161260280677,0.9999996997456001,False,True,0.9966817895195372,False,0.9955860542575184,False,0,frozen canonical tensor encode/decode,0.997197259905616,False,2.715668915510178,1167.76570276235,0.026819699626237117,0.5471517174162992,0.046687701192033894,0.2993750018716057,0.0,0.0,0.0,0.0,0.007235558302809506,validation_target,0.02381134033203125,0.997197259905616,False,"[1.0000000024384756,1.0000000017828918,1.0000000012034567,1.000000002147593,1.0000000012016599,1.000000003444409,0.9891835030584707,0.9999999997477008]",1.0000000014931743,1.0,110,0.9983395161564713,False,0.99518009959567,False
0.001636505126953125,vel1,diagnostic_counterfactual,NO_FINAL_INVERSE_CLAMP,2.7156684305678866,1167.7657087476748,0.02681970004937699,0.5471517208472414,0.046687701599554605,0.29937500562609753,0.999999821428051,False,True,1.0000000125411,False,1.00000000512545,False,0,diagnostic_counterfactual; actual float32 encoded state; inverse clamp bypassed,1.000000015777204,False,2.715668915510178,1167.76570276235,0.026819699626237117,0.5471517174162992,0.046687701192033894,0.2993750018716057,0.4052645054801316,1.000003779476923,1.0000011611946233,1.000005629206939,1.6311105270137418e-07,validation_target,0.02381134033203125,1.000000015777204,False,"[1.00000001643225,1.0000000166139251,1.00000001461622,1.0000000173980208,1.000000015351886,1.0000000176906283,1.0000000062535004,1.0000000128855153]",1.000000015892068,1.0,110,1.00000000627055,False,1.0000000087286522,False
0.001636505126953125,vel1,diagnostic_counterfactual,NO_SOFTCLIP_COUNTERFACTUAL,2.715668915510178,1167.76570276235,0.026819699626237117,0.5471517174162992,0.046687701192033894,0.2993750018716057,1.0,False,True,1.0,False,1.0,False,0,diagnostic_counterfactual,1.0,False,2.715668915510178,1167.76570276235,0.026819699626237117,0.5471517174162992,0.046687701192033894,0.2993750018716057,1.0,1.0,1.0,1.0,2.62565557111417e-17,validation_target,0.02381134033203125,1.0,False,"[1.0,1.0,1.0,1.0,1.0,1.0,1.0,1.0]",1.0,1.0,110,1.0,False,1.0,False
0.001636505126953125,vel1,diagnostic_counterfactual,NORMALIZER_ONLY_ROUNDTRIP,2.715668915510178,1167.76570276235,0.026819699626237117,0.5471517174162992,0.046687701192033894,0.2993750018716057,1.0,False,True,1.0,False,1.0,False,0,diagnostic_counterfactual,1.0,False,2.715668915510178,1167.76570276235,0.026819699626237117,0.5471517174162992,0.046687701192033894,0.2993750018716057,1.0,1.0,1.0,1.0,2.62565557111417e-17,validation_target,0.02381134033203125,1.0,False,"[1.0,1.0,1.0,1.0,1.0,1.0,1.0,1.0]",1.0,1.0,110,1.0,False,1.0,False
0.001636505126953125,vel1,diagnostic_counterfactual,NONLINEAR_ONLY_ROUNDTRIP,2.715668915510178,1167.76570276235,0.026819699626237117,0.5471517174162992,0.046687701192033894,0.2993750018716057,1.0,False,True,1.0,False,1.0,False,0,diagnostic_counterfactual,1.0,False,2.715668915510178,1167.76570276235,0.026819699626237117,0.5471517174162992,0.046687701192033894,0.2993750018716057,1.0,1.0,1.0,1.0,0.0,validation_target,0.02381134033203125,1.0,False,"[1.0,1.0,1.0,1.0,1.0,1.0,1.0,1.0]",1.0,1.0,110,1.0,False,1.0,False
0.001636505126953125,vel1,diagnostic_counterfactual,FLOAT64_REFERENCE,2.715668915510177,1162.6112345237564,0.026744530626591503,0.5462431777103126,0.04646267044209242,0.2983816091950602,0.9999999999999997,False,True,0.9966817781366677,False,0.9955860424514946,False,0,diagnostic_counterfactual; full canonical calculation in CPU float64,0.9971972467740811,False,2.715668915510178,1167.76570276235,0.026819699626237117,0.5471517174162992,0.046687701192033894,0.2993750018716057,0.9999999988907177,-3.4304242008930534e-06,-2.6747097753370293e-06,-4.68524890938849e-06,0.0072355746512440845,validation_target,0.02381134033203125,0.9971972467740811,False,"[1.0,0.9999999999999998,0.9999999999999999,1.0,1.0,0.9999999999999998,0.9891834691428365,1.0000000000000002]",1.0,1.0,110,0.9983395104555701,False,0.9951800850289055,False
0.031177520751953125,vel2,diagnostic_counterfactual,CANONICAL_FULL,0.07146307080984116,1.1258735959539112,2.4105871492022083e-08,0.011034589267250084,0.000761105703944186,0.00012176216029691073,0.7457505690871492,False,True,0.6378355204559055,False,0.31075579518861063,False,0,frozen canonical tensor encode/decode,0.5851014662003527,False,0.09582704160362485,3.623017216044424,4.119947203100608e-08,0.013816620271669175,0.0009591880056894767,0.0001908989957314996,0.0,0.0,0.0,0.0,0.3357344783712357,validation_target,0.09806442260742188,0.5851014662003527,False,"[0.4935451077738311,1.0000000026624554,0.9999999988263166,0.9999999994498265,1.0000000038787955,1.0000000014036532,1.000000001982847,0.9999999997174178]",1.0000000005605356,0.9999580383300781,110,0.7986460545547731,False,0.7934895968565552,False
0.031177520751953125,vel2,diagnostic_counterfactual,NO_FINAL_INVERSE_CLAMP,0.09582690873224345,3.62300779562473,4.118138210952902e-08,0.013816615799156225,0.000959184115909519,0.00019089887214149338,0.9999986134249876,False,True,0.9999993525895423,False,0.9999973998413112,False,0,diagnostic_counterfactual; actual float32 encoded state; inverse clamp bypassed,0.9995609186092617,False,0.09582704160362485,3.623017216044424,4.119947203100608e-08,0.013816620271669175,0.0009591880056894767,0.0001908989957314996,0.9999945463987574,0.9999982123855479,0.9999962275218701,0.9989417138047773,0.00020304052212622564,validation_target,0.09806442260742188,0.9995609186092617,False,"[0.999999176332125,1.0000000062664762,1.0000000061592622,1.000000008300185,1.0000000142577163,1.000000012332628,1.0000000084408958,1.0000000076606048]",1.000000007980395,0.9999580383300781,110,0.9999996762947188,False,0.9999959447158069,False
0.031177520751953125,vel2,diagnostic_counterfactual,NO_SOFTCLIP_COUNTERFACTUAL,0.09582704160362485,3.623017216044424,4.119947203100608e-08,0.013816620271669175,0.0009591880056894767,0.0001908989957314996,1.0,False,True,1.0,False,1.0,False,0,diagnostic_counterfactual,1.0,False,0.09582704160362485,3.623017216044424,4.119947203100608e-08,0.013816620271669175,0.0009591880056894767,0.0001908989957314996,1.0,1.0,1.0,1.0,5.0445634725549266e-17,validation_target,0.09806442260742188,1.0,False,"[1.0,1.0,1.0,1.0,1.0,1.0,0.9999999999999999,1.0]",1.0,1.0,110,1.0,False,1.0,False
0.031177520751953125,vel2,diagnostic_counterfactual,NORMALIZER_ONLY_ROUNDTRIP,0.09582704160362485,3.623017216044424,4.119947203100608e-08,0.013816620271669175,0.0009591880056894767,0.0001908989957314996,1.0,False,True,1.0,False,1.0,False,0,diagnostic_counterfactual,1.0,False,0.09582704160362485,3.623017216044424,4.119947203100608e-08,0.013816620271669175,0.0009591880056894767,0.0001908989957314996,1.0,1.0,1.0,1.0,5.0445634725549266e-17,validation_target,0.09806442260742188,1.0,False,"[1.0,1.0,1.0,1.0,1.0,1.0,0.9999999999999999,1.0]",1.0,1.0,110,1.0,False,1.0,False
0.031177520751953125,vel2,diagnostic_counterfactual,NONLINEAR_ONLY_ROUNDTRIP,0.09582704160362485,3.623017216044424,4.119947203100608e-08,0.013816620271669175,0.0009591880056894767,0.0001908989957314996,1.0,False,True,1.0,False,1.0,False,0,diagnostic_counterfactual,1.0,False,0.09582704160362485,3.623017216044424,4.119947203100608e-08,0.013816620271669175,0.0009591880056894767,0.0001908989957314996,1.0,1.0,1.0,1.0,0.0,validation_target,0.09806442260742188,1.0,False,"[1.0,1.0,1.0,1.0,1.0,1.0,1.0,1.0]",1.0,1.0,110,1.0,False,1.0,False
0.031177520751953125,vel2,diagnostic_counterfactual,FLOAT64_REFERENCE,0.07146305821902146,1.125873310097634,2.4105833999141622e-08,0.011034588634437518,0.0007611056625061724,0.00012176214633125763,0.7457504376960566,False,True,0.6378354472986161,False,0.31075571628855014,False,0,diagnostic_counterfactual; full canonical calculation in CPU float64,0.5851005561673205,False,0.09582704160362485,3.623017216044424,4.119947203100608e-08,0.013816620271669175,0.0009591880056894767,0.0001908989957314996,-5.167802818272078e-07,-2.0200017831859045e-07,-1.1447330269051033e-07,-2.1933869563966085e-06,0.3357345441192756,validation_target,0.09806442260742188,0.5851005561673205,False,"[0.49354500605129437,1.0,1.0,1.0000000000000002,1.0,0.9999999999999999,0.9999999999999999,1.0]",1.0,0.9999580383300781,110,0.7986460087539511,False,0.793489553655417,False
0.4286308288574219,vel3,diagnostic_counterfactual,CANONICAL_FULL,0.10326018324121833,7.12339612052426,0.0015779466491397916,0.04516188963007108,0.001234545762514622,0.002039596274958722,0.08401061902861928,False,True,0.02513101237919938,False,0.0058122928726178505,False,0,frozen canonical tensor encode/decode,0.02085980849480749,False,1.2291325124748984,1225.5741884726965,0.07564530851434137,0.28488337975620415,0.012220625188841943,0.08115854006131762,0.0,0.0,0.0,0.0,0.8450651275780434,validation_target,0.5102424621582031,0.02085980849480749,False,"[5.4188330165766665e-05,0.0,0.017739289477302876,0.11946762915745562,0.1247856868714552,0.31708411189711955,0.901782434865372,0.9999999942318749]",0.12212665801445541,1.0,110,0.15852763916490833,False,0.10102148977139284,False
0.4286308288574219,vel3,diagnostic_counterfactual,NO_FINAL_INVERSE_CLAMP,,,,,,,,,False,,,,,54424,diagnostic_counterfactual; actual float32 encoded state; inverse clamp bypassed,,,,,,,,,,,,,,validation_target,0.5102424621582031,,,,,,110,,,,
0.4286308288574219,vel3,diagnostic_counterfactual,NO_SOFTCLIP_COUNTERFACTUAL,1.2291325124748984,1225.5741884726965,0.07564530851434137,0.28488337975620415,0.012220625188841943,0.08115854006131762,1.0,False,True,1.0,False,1.0,False,0,diagnostic_counterfactual,1.0,False,1.2291325124748984,1225.5741884726965,0.07564530851434137,0.28488337975620415,0.012220625188841943,0.08115854006131762,1.0,1.0,1.0,1.0,3.8791762368774185e-17,validation_target,0.5102424621582031,1.0,False,"[1.0,1.0,1.0000000000000002,1.0,1.0,1.0,1.0,1.0]",1.0,1.0,110,1.0,False,1.0,False
0.4286308288574219,vel3,diagnostic_counterfactual,NORMALIZER_ONLY_ROUNDTRIP,1.2291325124748984,1225.5741884726965,0.07564530851434137,0.28488337975620415,0.012220625188841943,0.08115854006131762,1.0,False,True,1.0,False,1.0,False,0,diagnostic_counterfactual,1.0,False,1.2291325124748984,1225.5741884726965,0.07564530851434137,0.28488337975620415,0.012220625188841943,0.08115854006131762,1.0,1.0,1.0,1.0,3.8791762368774185e-17,validation_target,0.5102424621582031,1.0,False,"[1.0,1.0,1.0000000000000002,1.0,1.0,1.0,1.0,1.0]",1.0,1.0,110,1.0,False,1.0,False
0.4286308288574219,vel3,diagnostic_counterfactual,NONLINEAR_ONLY_ROUNDTRIP,1.2291325124748984,1225.5741884726965,0.07564530851434137,0.28488337975620415,0.012220625188841943,0.08115854006131762,1.0,False,True,1.0,False,1.0,False,0,diagnostic_counterfactual,1.0,False,1.2291325124748984,1225.5741884726965,0.07564530851434137,0.28488337975620415,0.012220625188841943,0.08115854006131762,1.0,1.0,1.0,1.0,0.0,validation_target,0.5102424621582031,1.0,False,"[1.0,1.0,1.0,1.0,1.0,1.0,1.0,1.0]",1.0,1.0,110,1.0,False,1.0,False
0.4286308288574219,vel3,diagnostic_counterfactual,FLOAT64_REFERENCE,0.10326016396538085,7.123393402167511,0.001577946035786361,0.04516188116626534,0.0012345455338251363,0.0020395955104758725,0.08401060334614625,False,True,0.025131002959576394,False,0.005812290654590762,False,0,diagnostic_counterfactual; full canonical calculation in CPU float64,0.020859800386526323,False,1.2291325124748984,1225.5741884726965,0.07564530851434137,0.28488337975620415,0.012220625188841943,0.08115854006131762,-1.7120802221409255e-08,-9.662450141998203e-09,-2.2309942805410055e-09,-8.281021694705105e-09,0.845065154226286,validation_target,0.5102424621582031,0.020859800386526323,False,"[5.4188304094127365e-05,6.916758285799575e-32,0.017739270476925022,0.11946757055779837,0.12478564327588546,0.3170840217834393,0.9017823833141131,1.0]",0.1221266069168419,0.9999580383300781,110,0.1585276094551873,False,0.10102147105798971,False
