channel,field_loss_inner,field_loss_middle,field_loss_outer,global_cosine,global_relative_l2,high_frequency_fraction_absolute_difference,index_grid_high_frequency_energy_fraction,index_grid_low_frequency_energy_fraction,maximum,minimum,q001,q999,radial_profile_relative_l2,reference_high_frequency_energy_fraction,reference_low_frequency_energy_fraction,reference_maximum,reference_minimum,reference_q001,reference_q999,reference_resolution,reference_semantics,resolution,shell_mean_relative_l2,shell_variance_relative_l2,snapshot,reproduction_scope
Bcc1,0.0,0.0,0.30140855481841866,0.9582594058682972,0.3014085548184186,0.05056189190049895,0.17084677245596402,0.829153227544036,0.1506815403699875,-0.1506815403699875,-0.04784100502729416,0.04784100502729416,0.0,0.12028488055546507,0.879715119444535,0.10250136256217957,-0.10250136256217957,-0.053042151033878326,0.053042151033878326,128,HIGHER_RES_SAMPLING_REFERENCE,64,0.0,0.21662808935962524,0,ADAPTED_SPHERICAL_KS_WORKFLOW_REPRODUCTION
Bcc1,0.0,0.0,0.4734027177689588,0.8819265249868666,0.4734027177689588,0.048670532344483694,0.07818050350355328,0.9218194964964467,0.10250136256217957,-0.10250136256217957,-0.053042151033878326,0.045628614723682404,1.7155959462401527,0.12685103584803697,0.873148964151963,0.1506815403699875,-0.1506815403699875,-0.04784100502729416,0.053042151033878326,128,HIGHER_RES_SAMPLING_REFERENCE,96,1.7954672059643626,0.1977730577693298,0,ADAPTED_SPHERICAL_KS_WORKFLOW_REPRODUCTION
Bcc1,0.0,0.0,0.0,1.0,0.0,0.0,0.0808401081567989,0.9191598918432011,0.1506815403699875,-0.1506815403699875,-0.04995345324277878,0.04995345324277878,0.0,0.0808401081567989,0.9191598918432011,0.1506815403699875,-0.1506815403699875,-0.04995345324277878,0.04995345324277878,128,HIGHER_RES_SAMPLING_REFERENCE,128,0.0,0.0,0,ADAPTED_SPHERICAL_KS_WORKFLOW_REPRODUCTION
Bcc2,0.0,0.0,1.0221560833939625,0.09564952309284082,1.0221560833939627,0.2230428288387166,0.17851286338963604,0.821487136610364,0.000595604011323303,-0.000975965871475637,-0.0005928664468228817,0.0,0.8605597381668005,0.40155569222835263,0.5984443077716474,0.0,-0.0061173164285719395,-0.0012766581494361162,0.0,128,HIGHER_RES_SAMPLING_REFERENCE,64,0.5324453595725789,0.9171816223813866,0,ADAPTED_SPHERICAL_KS_WORKFLOW_REPRODUCTION
Bcc2,0.0,0.0,0.42255673922035414,0.9121972978278082,0.42255673922035414,0.15208391232595414,0.36635574609682026,0.6336442539031797,0.0,-0.0061173164285719395,-0.001114260288886726,0.0,0.2899880614217394,0.5184396584227744,0.4815603415772256,0.000595604011323303,-0.0061173164285719395,-0.0007338288123719394,0.0,128,HIGHER_RES_SAMPLING_REFERENCE,96,0.13201007546547416,0.02958450582414645,0,ADAPTED_SPHERICAL_KS_WORKFLOW_REPRODUCTION
Bcc2,0.0,0.0,0.0,1.0,0.0,0.0,0.4760934156586344,0.5239065843413656,0.000595604011323303,-0.0061173164285719395,-0.000975965871475637,0.0,0.0,0.4760934156586344,0.5239065843413656,0.000595604011323303,-0.0061173164285719395,-0.000975965871475637,0.0,128,HIGHER_RES_SAMPLING_REFERENCE,128,0.0,0.0,0,ADAPTED_SPHERICAL_KS_WORKFLOW_REPRODUCTION
Bcc3,0.0,0.0,0.0,1.0,0.0,0.0,0.0,1.0,0.0,0.0,0.0,0.0,0.0,0.0,1.0,0.0,0.0,0.0,0.0,128,HIGHER_RES_SAMPLING_REFERENCE,64,0.0,0.0,0,ADAPTED_SPHERICAL_KS_WORKFLOW_REPRODUCTION
Bcc3,0.0,0.0,0.0,1.0,0.0,0.0,0.0,1.0,0.0,0.0,0.0,0.0,0.0,0.0,1.0,0.0,0.0,0.0,0.0,128,HIGHER_RES_SAMPLING_REFERENCE,96,0.0,0.0,0,ADAPTED_SPHERICAL_KS_WORKFLOW_REPRODUCTION
Bcc3,0.0,0.0,0.0,1.0,0.0,0.0,0.0,1.0,0.0,0.0,0.0,0.0,0.0,0.0,1.0,0.0,0.0,0.0,0.0,128,HIGHER_RES_SAMPLING_REFERENCE,128,0.0,0.0,0,ADAPTED_SPHERICAL_KS_WORKFLOW_REPRODUCTION
rho,0.041645045399668984,0.03193984378294686,0.06985981434577018,0.997996753223433,0.06985533581000224,6.220179938808785e-05,0.0010798124741018395,0.9989201875258982,0.9970715045928955,3.7619026898028096e-06,3.7619026898028096e-06,0.9791038632392883,0.062189262999340814,0.0011420142734899273,0.9988579857265101,0.9957894682884216,3.845881110464688e-06,3.845881110464688e-06,0.9791684746742249,128,HIGHER_RES_SAMPLING_REFERENCE,64,0.04956870081818852,0.05309431771016787,0,ADAPTED_SPHERICAL_KS_WORKFLOW_REPRODUCTION
rho,0.028108570489828642,0.022019711507218792,0.07519622525958757,0.9972472734211826,0.07519004634535899,0.00022480386018170276,0.0017683704319257244,0.9982316295680743,0.9970715045928955,3.62331093128887e-06,3.678532721096417e-06,0.9791684746742249,0.03684020512454992,0.001993174292107427,0.9980068257078926,0.9970715045928955,3.62331093128887e-06,3.6514254588837503e-06,0.9791038632392883,128,HIGHER_RES_SAMPLING_REFERENCE,96,0.015579345119893421,0.015558513017509172,0,ADAPTED_SPHERICAL_KS_WORKFLOW_REPRODUCTION
rho,0.0,0.0,0.0,1.0,0.0,0.0,0.001298898332497768,0.9987011016675023,0.9970715045928955,3.62331093128887e-06,3.6514254588837503e-06,0.9791684746742249,0.0,0.001298898332497768,0.9987011016675023,0.9970715045928955,3.62331093128887e-06,3.6514254588837503e-06,0.9791684746742249,128,HIGHER_RES_SAMPLING_REFERENCE,128,0.0,0.0,0,ADAPTED_SPHERICAL_KS_WORKFLOW_REPRODUCTION
press,0.06972717465362463,0.051088179981450564,0.07724793759783465,0.9996032243842388,0.0698284520354779,0.00047900249966684183,0.05512546241579955,0.9448745375842005,0.006958676967769861,1.9604057044375622e-08,1.9604057044375622e-08,0.006958676967769861,0.06575801474665212,0.05560446491546639,0.9443955350845337,0.007494259625673294,2.0338850603707215e-08,2.0338850603707215e-08,0.007494259625673294,128,HIGHER_RES_SAMPLING_REFERENCE,64,0.06545180222576406,0.1276149744422394,0,ADAPTED_SPHERICAL_KS_WORKFLOW_REPRODUCTION
press,0.04545939837017474,0.03354418150501112,0.08335742069971055,0.9990528729425274,0.04620329697819574,0.0011564143898465315,0.03811383617852441,0.9618861638214756,0.007494259625673294,1.84151804916155e-08,1.888531997451537e-08,0.007494259625673294,0.041956244558872945,0.03695742178867788,0.9630425782113221,0.007494259625673294,1.84151804916155e-08,1.8653947719826647e-08,0.007494259625673294,128,HIGHER_RES_SAMPLING_REFERENCE,96,0.017057965645402937,0.028201009510235707,0,ADAPTED_SPHERICAL_KS_WORKFLOW_REPRODUCTION
press,0.0,0.0,0.0,1.0000000000000002,0.0,0.0,0.026982934710999308,0.9730170652890007,0.007494259625673294,1.84151804916155e-08,1.8653947719826647e-08,0.007494259625673294,0.0,0.026982934710999308,0.9730170652890007,0.007494259625673294,1.84151804916155e-08,1.8653947719826647e-08,0.007494259625673294,128,HIGHER_RES_SAMPLING_REFERENCE,128,0.0,0.0,0,ADAPTED_SPHERICAL_KS_WORKFLOW_REPRODUCTION
vel1,1.2798645011527907,1.3463612425332128,0.3022484489848157,0.9551651696206477,0.30224844898481573,0.0003687282057702468,0.03447835421871193,0.9655216457812881,0.04813704639673233,-7.287624779830112e-16,-3.349639964916006e-16,0.04812585934996605,0.11172061967585757,0.03484708242448218,0.9651529175755178,0.046200819313526154,-4.842197780063992e-16,-4.0200392787947947e-16,0.04617510735988617,128,HIGHER_RES_SAMPLING_REFERENCE,64,0.06175311255358997,0.13002819648241332,0,ADAPTED_SPHERICAL_KS_WORKFLOW_REPRODUCTION
vel1,1.1521470768869027,1.125224674643111,0.22515089625605295,0.974782046183598,0.22515089625605295,0.000516986013784939,0.02421856151958208,0.9757814384804179,0.046200819313526154,-4.680993645916106e-16,-3.7878289020741725e-16,0.04616730287671089,0.054954660632349724,0.024735547533367017,0.975264452466633,0.04813704639673233,-5.379485601583972e-16,-4.0200392787947947e-16,0.044341545552015305,128,HIGHER_RES_SAMPLING_REFERENCE,96,0.017511956258984857,0.03843909154868055,0,ADAPTED_SPHERICAL_KS_WORKFLOW_REPRODUCTION
vel1,0.0,0.0,0.0,1.0000000000000002,0.0,0.0,0.018747318216135296,0.9812526817838647,0.04813704639673233,-5.379485601583972e-16,-3.8384941778141885e-16,0.0461864173412323,0.0,0.018747318216135296,0.9812526817838647,0.04813704639673233,-5.379485601583972e-16,-3.8384941778141885e-16,0.0461864173412323,128,HIGHER_RES_SAMPLING_REFERENCE,128,0.0,0.0,0,ADAPTED_SPHERICAL_KS_WORKFLOW_REPRODUCTION
vel2,0.0,0.0,0.3349009138057143,0.9458546709030945,0.33490091380571424,0.0029560939081780258,0.07549063578731002,0.92450936421269,1.26087843455025e-06,-1.26087843455025e-06,-1.196502807943034e-06,1.196502807943034e-06,0.0,0.07844672969548805,0.921553270304512,1.292842057409871e-06,-1.292842057409871e-06,-1.1530978554219473e-06,1.1530978554219473e-06,128,HIGHER_RES_SAMPLING_REFERENCE,64,0.0,0.07789465408660332,0,ADAPTED_SPHERICAL_KS_WORKFLOW_REPRODUCTION
vel2,0.0,0.0,0.4032801601979798,0.9194316285095089,0.4032801601979798,0.0017460550359648594,0.05698436417131286,0.9430156358286872,1.292842057409871e-06,-1.292842057409871e-06,-1.2022935607092222e-06,1.2022935607092222e-06,1.886085235130988,0.05873041920727772,0.9412695807927223,1.26087843455025e-06,-1.26087843455025e-06,-1.1878616987814894e-06,1.1681241858241265e-06,128,HIGHER_RES_SAMPLING_REFERENCE,96,1.7420938094945642,0.0423177215187618,0,ADAPTED_SPHERICAL_KS_WORKFLOW_REPRODUCTION
vel2,0.0,0.0,0.0,1.0000000000000002,0.0,0.0,0.0470884687324066,0.9529115312675934,1.292842057409871e-06,-1.292842057409871e-06,-1.1878616987814894e-06,1.1878616987814894e-06,0.0,0.0470884687324066,0.9529115312675934,1.292842057409871e-06,-1.292842057409871e-06,-1.1878616987814894e-06,1.1878616987814894e-06,128,HIGHER_RES_SAMPLING_REFERENCE,128,0.0,0.0,0,ADAPTED_SPHERICAL_KS_WORKFLOW_REPRODUCTION
vel3,1.2851143437605088,0.18595109425947492,0.40380909040574486,0.9198203073340129,0.4038090904057449,2.9162256253399688e-05,0.06173038806371154,0.9382696119362884,0.005166538525372744,-6.473360890327121e-16,-3.326257091011459e-16,0.005094100255519152,0.16126984560638954,0.06170122580745814,0.9382987741925418,0.004944709595292807,-4.801428496125867e-16,-3.619721449406164e-16,0.0047829607501626015,128,HIGHER_RES_SAMPLING_REFERENCE,64,0.08977078818936389,0.16349550165257595,0,ADAPTED_SPHERICAL_KS_WORKFLOW_REPRODUCTION
vel3,1.1385692999711434,0.2551204603482967,0.2953255825646456,0.9565860962908971,0.2953255825646456,0.0014715963376011956,0.042307252351526395,0.9576927476484736,0.004944709595292807,-4.192273105404912e-16,-3.526330773015457e-16,0.004738042131066322,0.0761147375101331,0.04377884868912759,0.9562211513108724,0.005166538525372744,-5.506968295310481e-16,-3.561522874391505e-16,0.004688499961048365,128,HIGHER_RES_SAMPLING_REFERENCE,96,0.023762768599336563,0.042192689559217164,0,ADAPTED_SPHERICAL_KS_WORKFLOW_REPRODUCTION
vel3,0.0,0.0,0.0,1.0,0.0,0.0,0.0330007933105479,0.966999206689452,0.005166538525372744,-5.506968295310481e-16,-3.4741437496461393e-16,0.004851406905800104,0.0,0.0330007933105479,0.966999206689452,0.005166538525372744,-5.506968295310481e-16,-3.4741437496461393e-16,0.004851406905800104,128,HIGHER_RES_SAMPLING_REFERENCE,128,0.0,0.0,0,ADAPTED_SPHERICAL_KS_WORKFLOW_REPRODUCTION
Bcc1,0.08194727530078315,0.06685556974531809,0.06739749824458069,0.9982884339893654,0.0817993242952681,0.002562968747199912,0.06276004476821455,0.9372399552317855,0.3024534583091736,-0.302453875541687,-0.26305320858955383,0.26305583119392395,1.906114138340611,0.06532301351541446,0.9346769864845855,0.3373359441757202,-0.3373304009437561,-0.2874215841293335,0.2874237298965454,128,HIGHER_RES_SAMPLING_REFERENCE,64,1.9065821148363655,0.11903807416850319,25,ADAPTED_SPHERICAL_KS_WORKFLOW_REPRODUCTION
Bcc1,0.04789806567355827,0.039349680954526206,0.13513496341865147,0.9989652801581985,0.048861689842648756,0.0009478773495417842,0.04398929137419029,0.9560107086258097,0.3373359441757202,-0.3373304009437561,-0.27614304423332214,0.27218151092529297,1.9563228631875966,0.043041414024648506,0.9569585859753515,0.3373359441757202,-0.3373304009437561,-0.28950583934783936,0.28950750827789307,128,HIGHER_RES_SAMPLING_REFERENCE,96,1.9567367974159504,0.03666694816934791,25,ADAPTED_SPHERICAL_KS_WORKFLOW_REPRODUCTION
Bcc1,0.0,0.0,0.0,0.9999999999999998,0.0,0.0,0.03155433382766237,0.9684456661723376,0.3373359441757202,-0.3373304009437561,-0.27733010053634644,0.27733203768730164,0.0,0.03155433382766237,0.9684456661723376,0.3373359441757202,-0.3373304009437561,-0.27733010053634644,0.27733203768730164,128,HIGHER_RES_SAMPLING_REFERENCE,128,0.0,0.0,25,ADAPTED_SPHERICAL_KS_WORKFLOW_REPRODUCTION
Bcc2,0.24882720119532745,0.06916248051180286,0.12575067511777197,0.9858098263732723,0.24863608095297063,0.025577398556999337,0.1271573295289352,0.8728426704710648,0.04047457128763199,-0.00752871623262763,-0.005327823106199503,0.03837617486715317,0.20605703452075488,0.15273472808593452,0.8472652719140654,0.05443653091788292,-0.00793618056923151,-0.005565490573644638,0.053581539541482925,128,HIGHER_RES_SAMPLING_REFERENCE,64,0.1855360577468629,0.3684342567073418,25,ADAPTED_SPHERICAL_KS_WORKFLOW_REPRODUCTION
Bcc2,0.10737066924524809,0.04416361230178935,0.1181366994717544,0.9946058559006072,0.10729012561047413,0.013749344270874334,0.11994389859197375,0.8800561014080263,0.05443653091788292,-0.007936752401292324,-0.005565510131418705,0.05245572328567505,0.07913832626550786,0.10619455432109942,0.8938054456789006,0.05443653091788292,-0.007936752401292324,-0.005565188359469175,0.05245641618967056,128,HIGHER_RES_SAMPLING_REFERENCE,96,0.03755121606563077,0.05956885903671673,25,ADAPTED_SPHERICAL_KS_WORKFLOW_REPRODUCTION
Bcc2,0.0,0.0,0.0,0.9999999999999999,0.0,0.0,0.08267550008577607,0.9173244999142239,0.05443653091788292,-0.007936752401292324,-0.005424415692687035,0.05183554068207741,0.0,0.08267550008577607,0.9173244999142239,0.05443653091788292,-0.007936752401292324,-0.005424415692687035,0.05183554068207741,128,HIGHER_RES_SAMPLING_REFERENCE,128,0.0,0.0,25,ADAPTED_SPHERICAL_KS_WORKFLOW_REPRODUCTION
Bcc3,0.1783052328057676,0.10851085861058768,0.187668655548085,0.9959600454613519,0.1783039251867522,0.014087019489709598,0.11460052699075383,0.8853994730092462,0.6392294764518738,-0.6392399072647095,-0.5732805728912354,0.5732651948928833,1.8221732847563885,0.12868754648046343,0.8713124535195366,0.8558008074760437,-0.8558139801025391,-0.7600930333137512,0.7601010203361511,128,HIGHER_RES_SAMPLING_REFERENCE,64,1.8351340039879782,0.29265285710021166,25,ADAPTED_SPHERICAL_KS_WORKFLOW_REPRODUCTION
Bcc3,0.08877982561353298,0.0668062020900948,0.17573529304862967,0.9965827528669206,0.08877945609456328,0.010047123402596558,0.09781829272468352,0.9021817072753164,0.8558008074760437,-0.8558139801025391,-0.6745464205741882,0.6746436357498169,1.938983813134153,0.08777116932208696,0.912228830677913,0.8558008074760437,-0.8558139801025391,-0.6745941638946533,0.674586296081543,128,HIGHER_RES_SAMPLING_REFERENCE,96,1.9435495955633149,0.07008684488056452,25,ADAPTED_SPHERICAL_KS_WORKFLOW_REPRODUCTION
Bcc3,0.0,0.0,0.0,1.0,0.0,0.0,0.06656906768328195,0.933430932316718,0.8558008074760437,-0.8558139801025391,-0.6392327547073364,0.6392221450805664,0.0,0.06656906768328195,0.933430932316718,0.8558008074760437,-0.8558139801025391,-0.6392327547073364,0.6392221450805664,128,HIGHER_RES_SAMPLING_REFERENCE,128,0.0,0.0,25,ADAPTED_SPHERICAL_KS_WORKFLOW_REPRODUCTION
rho,0.10006150829769497,0.045117881722717426,0.0899240385403026,0.9964411023050783,0.08992641824327155,7.061473969906772e-05,0.002122860271612934,0.9978771397283871,1.3014475107192993,3.7739985145890387e-06,3.8036087062209845e-06,1.1109411716461182,0.06941286738007542,0.0021934750113120015,0.997806524988688,1.267763614654541,3.885701062245062e-06,3.9183087210403755e-06,1.1051239967346191,128,HIGHER_RES_SAMPLING_REFERENCE,64,0.05321821425427279,0.055872952508001644,25,ADAPTED_SPHERICAL_KS_WORKFLOW_REPRODUCTION
rho,0.052312640815976315,0.029976646673041757,0.08125630357943844,0.9967403193310848,0.08125108880006086,0.00045077006658103005,0.001906745101916492,0.9980932548980835,1.267763614654541,3.6556702980306e-06,3.6915887449140428e-06,1.1051239967346191,0.037365932201803835,0.002357515168497522,0.9976424848315025,1.3014475107192993,3.6556702980306e-06,3.6637368339142995e-06,1.1064091920852661,128,HIGHER_RES_SAMPLING_REFERENCE,96,0.015487564810528712,0.006100207679172201,25,ADAPTED_SPHERICAL_KS_WORKFLOW_REPRODUCTION
rho,0.0,0.0,0.0,0.9999999999999999,0.0,0.0,0.001460948342987632,0.9985390516570124,1.3014475107192993,3.6556702980306e-06,3.6908734273310984e-06,1.1064091920852661,0.0,0.001460948342987632,0.9985390516570124,1.3014475107192993,3.6556702980306e-06,3.6908734273310984e-06,1.1064091920852661,128,HIGHER_RES_SAMPLING_REFERENCE,128,0.0,0.0,25,ADAPTED_SPHERICAL_KS_WORKFLOW_REPRODUCTION
press,0.2226517854460699,0.0612399882024348,0.10737439290066024,0.9769029273831414,0.22176214643934317,0.006099446818621318,0.08329162361792716,0.9167083763820728,0.02981320209801197,1.9660204131355385e-08,1.99197316419486e-08,0.014006217010319233,0.08721072821992393,0.08939107043654848,0.9106089295634515,0.0320647694170475,2.0600529282432944e-08,2.0674873368875524e-08,0.015069806016981602,128,HIGHER_RES_SAMPLING_REFERENCE,64,0.07852905177458146,0.18587182679998396,25,ADAPTED_SPHERICAL_KS_WORKFLOW_REPRODUCTION
press,0.12784313661680533,0.03898888937945531,0.09330620422801691,0.9918685538741723,0.12751360666631256,0.0017816294315858572,0.05600549613374432,0.9439945038662557,0.032065361738204956,1.853973330412373e-08,1.89479578693863e-08,0.016230599954724312,0.044284104469261176,0.054223866702158466,0.9457761332978415,0.032065361738204956,1.853973330412373e-08,1.8714077398840345e-08,0.017344629392027855,128,HIGHER_RES_SAMPLING_REFERENCE,96,0.017430608413769994,0.02472344581563552,25,ADAPTED_SPHERICAL_KS_WORKFLOW_REPRODUCTION
press,0.0,0.0,0.0,1.0,0.0,0.0,0.03599571095679183,0.9640042890432081,0.032065361738204956,1.853973330412373e-08,1.871566546185477e-08,0.014949052594602108,0.0,0.03599571095679183,0.9640042890432081,0.032065361738204956,1.853973330412373e-08,1.871566546185477e-08,0.014949052594602108,128,HIGHER_RES_SAMPLING_REFERENCE,128,0.0,0.0,25,ADAPTED_SPHERICAL_KS_WORKFLOW_REPRODUCTION
vel1,0.041088062701141514,0.056738524748419075,0.10903982946657986,0.9976110364951101,0.07049599545266451,0.0004475796519440578,0.015443342708500327,0.9845566572914997,1.308350920677185,-0.01568247750401497,-0.013829796575009823,1.1900564432144165,0.03294115326349308,0.015890922360444384,0.9841090776395556,1.2340672016143799,-0.015310586430132389,-0.014371511526405811,1.224052906036377,128,HIGHER_RES_SAMPLING_REFERENCE,64,0.025552357714560495,0.033277204397719584,25,ADAPTED_SPHERICAL_KS_WORKFLOW_REPRODUCTION
vel1,0.02941499460942097,0.039769768189650584,0.10371641909504195,0.9980176047520712,0.06294866823457491,0.000901440080827683,0.009545916493221474,0.9904540835067785,1.2930117845535278,-0.01579277403652668,-0.01392748486250639,1.2254128456115723,0.020672410477221983,0.010447356574049157,0.9895526434259508,1.2887177467346191,-0.01579277403652668,-0.01392748486250639,1.2240498065948486,128,HIGHER_RES_SAMPLING_REFERENCE,96,0.005842465440906272,0.00898259041834641,25,ADAPTED_SPHERICAL_KS_WORKFLOW_REPRODUCTION
vel1,0.0,0.0,0.0,0.9999999999999999,0.0,0.0,0.00701437162799999,0.992985628372,1.2904136180877686,-0.01579277403652668,-0.013929840177297592,1.2149431705474854,0.0,0.00701437162799999,0.992985628372,1.2904136180877686,-0.01579277403652668,-0.013929840177297592,1.2149431705474854,128,HIGHER_RES_SAMPLING_REFERENCE,128,0.0,0.0,25,ADAPTED_SPHERICAL_KS_WORKFLOW_REPRODUCTION
vel2,0.15405231044682996,0.1606048166001884,0.13875630442180284,0.9920626365143654,0.15424892678246158,0.004114657706746669,0.096528574681063,0.903471425318937,0.0952560305595398,-0.09524741023778915,-0.0900515615940094,0.09111463278532028,1.9543949410923216,0.10064323238780967,0.8993567676121903,0.09922856837511063,-0.09920205175876617,-0.09814941883087158,0.09816494584083557,128,HIGHER_RES_SAMPLING_REFERENCE,64,1.944313314587071,0.19806523799798056,25,ADAPTED_SPHERICAL_KS_WORKFLOW_REPRODUCTION
vel2,0.08169249745697389,0.09861856546668361,0.14246295096793127,0.9967196305011679,0.08244978944574596,0.0028661059941507694,0.07648092080649993,0.9235190791935001,0.09922856837511063,-0.09920205175876617,-0.09705089777708054,0.09594692289829254,1.9710675172913485,0.07361481481234916,0.9263851851876508,0.09920800477266312,-0.09922263026237488,-0.09593135118484497,0.09704962372779846,128,HIGHER_RES_SAMPLING_REFERENCE,96,1.9335710080387007,0.039860686815677095,25,ADAPTED_SPHERICAL_KS_WORKFLOW_REPRODUCTION
vel2,0.0,0.0,0.0,0.9999999999999999,0.0,0.0,0.05454606992613617,0.9454539300738638,0.09922856837511063,-0.09922263026237488,-0.09459790587425232,0.09459639340639114,0.0,0.05454606992613617,0.9454539300738638,0.09922856837511063,-0.09922263026237488,-0.09459790587425232,0.09459639340639114,128,HIGHER_RES_SAMPLING_REFERENCE,128,0.0,0.0,25,ADAPTED_SPHERICAL_KS_WORKFLOW_REPRODUCTION
vel3,0.06503209309748707,0.09665834110783597,0.09216487416653711,0.9994424092157677,0.06513345656809628,0.0014621169720691746,0.0447535446037687,0.9552464553962313,1.131996512413025,-0.0009589274413883686,-0.0008270004182122648,1.1263439655303955,0.05518481158757911,0.046215661575837876,0.9537843384241621,1.2615998983383179,-0.0011492081684991717,-0.0009766301373019814,1.2493585348129272,128,HIGHER_RES_SAMPLING_REFERENCE,64,0.053636641508840996,0.15347228768136528,25,ADAPTED_SPHERICAL_KS_WORKFLOW_REPRODUCTION
vel3,0.05149305016681341,0.061275813006289204,0.06290395959464379,0.9987728746418384,0.051518840323615825,0.0009669121126931399,0.03142963666874121,0.9685703633312588,1.2615998983383179,-0.0011492084013298154,-0.0008067525923252106,1.236350417137146,0.03470539932414426,0.030462724556048072,0.969537275443952,1.2615998983383179,-0.0011492084013298154,-0.0008067525341175497,1.23634672164917,128,HIGHER_RES_SAMPLING_REFERENCE,96,0.014289325661746639,0.040050565536677366,25,ADAPTED_SPHERICAL_KS_WORKFLOW_REPRODUCTION
vel3,0.0,0.0,0.0,1.0,0.0,0.0,0.0222769164438905,0.9777230835561095,1.2615998983383179,-0.0011492084013298154,-0.0007635768270120025,1.220947265625,0.0,0.0222769164438905,0.9777230835561095,1.2615998983383179,-0.0011492084013298154,-0.0007635768270120025,1.220947265625,128,HIGHER_RES_SAMPLING_REFERENCE,128,0.0,0.0,25,ADAPTED_SPHERICAL_KS_WORKFLOW_REPRODUCTION
Bcc1,0.08791558072565635,0.026993655629895377,0.04655805899047205,0.9973739063388333,0.0864401266422043,0.001798980471942338,0.04869495832601314,0.9513050416739869,0.17816272377967834,-0.17816270887851715,-0.1711346060037613,0.1711345911026001,1.9293478532207644,0.050493938797955475,0.9495060612020445,0.19672565162181854,-0.19672566652297974,-0.18789122998714447,0.18789124488830566,128,HIGHER_RES_SAMPLING_REFERENCE,64,1.929744064661743,0.10631916451233261,50,ADAPTED_SPHERICAL_KS_WORKFLOW_REPRODUCTION
Bcc1,0.04249569958187378,0.017147480892325824,0.11814775843298013,0.9991528741797051,0.04361225931613655,0.000535996144836702,0.033527105031927046,0.966472894968073,0.19672565162181854,-0.19672566652297974,-0.17620660364627838,0.17620661854743958,1.935756322799215,0.032991108887090344,0.9670088911129097,0.19672565162181854,-0.19672566652297974,-0.17816269397735596,0.17816272377967834,128,HIGHER_RES_SAMPLING_REFERENCE,96,1.9331069267596375,0.03127350126531497,50,ADAPTED_SPHERICAL_KS_WORKFLOW_REPRODUCTION
Bcc1,0.0,0.0,0.0,0.9999999999999998,0.0,0.0,0.02407451097244549,0.9759254890275545,0.19672565162181854,-0.19672566652297974,-0.17620660364627838,0.17620661854743958,0.0,0.02407451097244549,0.9759254890275545,0.19672565162181854,-0.19672566652297974,-0.17620660364627838,0.17620661854743958,128,HIGHER_RES_SAMPLING_REFERENCE,128,0.0,0.0,50,ADAPTED_SPHERICAL_KS_WORKFLOW_REPRODUCTION
Bcc2,0.18047280704165697,0.02789941822075265,0.09448692068409287,0.9940403417312782,0.1792504759676144,0.010166050042656777,0.11649985806838778,0.8835001419316122,0.03236587345600128,-0.009817544370889664,-0.007408028934150934,0.030867675319314003,0.16553135384502607,0.12666590811104456,0.8733340918889554,0.03932183235883713,-0.010390758514404297,-0.007768496870994568,0.03862250968813896,128,HIGHER_RES_SAMPLING_REFERENCE,64,0.188399500037951,0.26440041969652195,50,ADAPTED_SPHERICAL_KS_WORKFLOW_REPRODUCTION
Bcc2,0.10339065121499162,0.022317354548886552,0.10566913121083948,0.9950421704208705,0.10268063710248664,0.008140160471264757,0.094641430355221,0.905358569644779,0.03932183235883713,-0.010390784591436386,-0.007538765203207731,0.03725840523838997,0.0812572138680514,0.08650126988395625,0.9134987301160438,0.03932183235883713,-0.010390784591436386,-0.00722973607480526,0.037258412688970566,128,HIGHER_RES_SAMPLING_REFERENCE,96,0.04414193232512459,0.05476739656078216,50,ADAPTED_SPHERICAL_KS_WORKFLOW_REPRODUCTION
Bcc2,0.0,0.0,0.0,0.9999999999999999,0.0,0.0,0.06502517507172512,0.9349748249282749,0.03932183235883713,-0.010390784591436386,-0.007229745388031006,0.037041500210762024,0.0,0.06502517507172512,0.9349748249282749,0.03932183235883713,-0.010390784591436386,-0.007229745388031006,0.037041500210762024,128,HIGHER_RES_SAMPLING_REFERENCE,128,0.0,0.0,50,ADAPTED_SPHERICAL_KS_WORKFLOW_REPRODUCTION
Bcc3,0.18550358266971997,0.10508790902021607,0.11071200549862188,0.9923011166156147,0.18550106956430637,0.01584890639293078,0.10400497074141003,0.89599502925859,0.22479893267154694,-0.22479911148548126,-0.2190537452697754,0.21905361115932465,1.8767788744883216,0.11985387713434081,0.8801461228656592,0.31650111079216003,-0.3165013790130615,-0.3064424395561218,0.3064422905445099,128,HIGHER_RES_SAMPLING_REFERENCE,64,1.8992988434850988,0.2714639923818623,50,ADAPTED_SPHERICAL_KS_WORKFLOW_REPRODUCTION
Bcc3,0.0968105703949184,0.07086514705902132,0.13576965224016505,0.995591137324972,0.09680983942637832,0.008616914893560743,0.08989601119829325,0.9101039888017067,0.31650111079216003,-0.3165013790130615,-0.288019061088562,0.2880187928676605,1.8771868491943648,0.08127909630473251,0.9187209036952675,0.31650111079216003,-0.3165013790130615,-0.28801897168159485,0.28801918029785156,128,HIGHER_RES_SAMPLING_REFERENCE,96,1.8479584792301629,0.05558115623222869,50,ADAPTED_SPHERICAL_KS_WORKFLOW_REPRODUCTION
Bcc3,0.0,0.0,0.0,1.0000000000000002,0.0,0.0,0.061504127511544146,0.9384958724884559,0.31650111079216003,-0.3165013790130615,-0.275373250246048,0.2753733992576599,0.0,0.061504127511544146,0.9384958724884559,0.31650111079216003,-0.3165013790130615,-0.275373250246048,0.2753733992576599,128,HIGHER_RES_SAMPLING_REFERENCE,128,0.0,0.0,50,ADAPTED_SPHERICAL_KS_WORKFLOW_REPRODUCTION
rho,0.10738333545713546,0.19166222729962037,0.0759476158170186,0.9976336219656476,0.07595764480667383,9.207969354472567e-06,0.0015246525114869895,0.998475347488513,1.245627760887146,3.7865574995521456e-06,4.221132712700637e-06,1.1627198457717896,0.06834829460621338,0.001515444542132517,0.9984845554578675,1.287955403327942,4.119660843571182e-06,4.268879365554312e-06,1.137006163597107,128,HIGHER_RES_SAMPLING_REFERENCE,64,0.05172520071190563,0.06586952021331081,50,ADAPTED_SPHERICAL_KS_WORKFLOW_REPRODUCTION
rho,0.0591806248400981,0.4738326694639784,0.0805141033875563,0.9968972357116127,0.08051737294882409,0.00010596365516596633,0.001889783941675465,0.9981102160583245,1.287955403327942,3.7062543469801312e-06,4.311485554353567e-06,1.1932780742645264,0.04291441088059408,0.0019957475968414313,0.9980042524031586,1.245627760887146,3.665793656182359e-06,4.3664999793691095e-06,1.138916254043579,128,HIGHER_RES_SAMPLING_REFERENCE,96,0.01888022370544668,0.029632765481675774,50,ADAPTED_SPHERICAL_KS_WORKFLOW_REPRODUCTION
rho,0.0,0.0,0.0,1.0,0.0,0.0,0.0013288450255790397,0.9986711549744209,1.287955403327942,3.6514277326205047e-06,4.231740604154766e-06,1.1627198457717896,0.0,0.0013288450255790397,0.9986711549744209,1.287955403327942,3.6514277326205047e-06,4.231740604154766e-06,1.1627198457717896,128,HIGHER_RES_SAMPLING_REFERENCE,128,0.0,0.0,50,ADAPTED_SPHERICAL_KS_WORKFLOW_REPRODUCTION
press,0.18889207986834006,0.056480016980024944,0.09432551834956242,0.9848360613800362,0.18820083193638393,0.0070679532287753755,0.07505577445369942,0.9249442255463006,0.024083135649561882,2.1543843331528478e-07,2.4747862426011125e-07,0.011781951412558556,0.09061893684011148,0.08212372768247479,0.9178762723175252,0.02583114057779312,2.315190812396395e-07,2.4909641638259927e-07,0.012622478418052197,128,HIGHER_RES_SAMPLING_REFERENCE,64,0.08145824108960256,0.21605148496927237,50,ADAPTED_SPHERICAL_KS_WORKFLOW_REPRODUCTION
press,0.10308522721117229,0.03669892830313051,0.09773986159881605,0.9947572848582014,0.10302503886293819,0.0023272613252603713,0.05411283250355236,0.9458871674964476,0.0258311964571476,2.1208460054822353e-07,2.4747330940044776e-07,0.013535295613110065,0.04553876499048997,0.05178557117829199,0.948214428821708,0.0258311964571476,2.1621178802888608e-07,2.462566897065699e-07,0.014323954470455647,128,HIGHER_RES_SAMPLING_REFERENCE,96,0.018533622039184294,0.031230448684562997,50,ADAPTED_SPHERICAL_KS_WORKFLOW_REPRODUCTION
press,0.0,0.0,0.0,0.9999999999999999,0.0,0.0,0.0358298345651506,0.9641701654348493,0.0258311964571476,2.1621178802888608e-07,2.447408178340993e-07,0.012422562576830387,0.0,0.0358298345651506,0.9641701654348493,0.0258311964571476,2.1621178802888608e-07,2.447408178340993e-07,0.012422562576830387,128,HIGHER_RES_SAMPLING_REFERENCE,128,0.0,0.0,50,ADAPTED_SPHERICAL_KS_WORKFLOW_REPRODUCTION
vel1,0.043649737538071096,0.025145312013376473,0.05442169148034658,0.9991283039001952,0.043916011482701016,0.0005177769620129235,0.011815417474874973,0.988184582525125,1.067273497581482,-0.009909654967486858,-0.00885969027876854,1.0598348379135132,0.028207234228291037,0.012333194436887896,0.9876668055631121,1.104876160621643,-0.009511495940387249,-0.008870137855410576,1.0963228940963745,128,HIGHER_RES_SAMPLING_REFERENCE,64,0.02486435546042938,0.03507741782828159,50,ADAPTED_SPHERICAL_KS_WORKFLOW_REPRODUCTION
vel1,0.030698796257739844,0.022840224163895424,0.061899042702668786,0.9992236931684035,0.039435993294263,0.0001049581238558462,0.007887972737252332,0.9921120272627477,1.104876160621643,-0.009511495940387249,-0.00885969027876854,1.0797810554504395,0.017204143798568487,0.007992930861108178,0.9920070691388918,1.104874849319458,-0.009909654967486858,-0.008736812509596348,1.0797632932662964,128,HIGHER_RES_SAMPLING_REFERENCE,96,0.004972464378299563,0.006652497998393753,50,ADAPTED_SPHERICAL_KS_WORKFLOW_REPRODUCTION
vel1,0.0,0.0,0.0,1.0,0.0,0.0,0.00568720148989323,0.9943127985101068,1.104876160621643,-0.009909654967486858,-0.008870137855410576,1.0694011449813843,0.0,0.00568720148989323,0.9943127985101068,1.104876160621643,-0.009909654967486858,-0.008870137855410576,1.0694011449813843,128,HIGHER_RES_SAMPLING_REFERENCE,128,0.0,0.0,50,ADAPTED_SPHERICAL_KS_WORKFLOW_REPRODUCTION
vel2,0.11877604527788244,0.11443618598857898,0.12291092707479105,0.9946867837739218,0.11873161427605222,0.0011629039232469995,0.07157508658978366,0.9284249134102164,0.11262018233537674,-0.11253470182418823,-0.10418804734945297,0.10418808460235596,1.9287753686896538,0.07273799051303066,0.9272620094869694,0.11641069501638412,-0.11641066521406174,-0.11256131529808044,0.11280426383018494,128,HIGHER_RES_SAMPLING_REFERENCE,64,1.9079839138599133,0.16127957347436403,50,ADAPTED_SPHERICAL_KS_WORKFLOW_REPRODUCTION
vel2,0.08320480041782344,0.07187866699591669,0.15919796579383924,0.9965909869673153,0.08311145935243044,0.00010744236869130591,0.05194472556745637,0.9480552744325437,0.11641069501638412,-0.11641066521406174,-0.11009921878576279,0.10936280339956284,2.0108725439056125,0.051837283198765065,0.948162716801235,0.11641069501638412,-0.11641066521406174,-0.1093626320362091,0.11009691655635834,128,HIGHER_RES_SAMPLING_REFERENCE,96,1.9821218156088518,0.038083369546576026,50,ADAPTED_SPHERICAL_KS_WORKFLOW_REPRODUCTION
vel2,0.0,0.0,0.0,1.0,0.0,0.0,0.03751156917170361,0.9624884308282964,0.11641069501638412,-0.11641066521406174,-0.10707845538854599,0.10707849264144897,0.0,0.03751156917170361,0.9624884308282964,0.11641069501638412,-0.11641066521406174,-0.10707845538854599,0.10707849264144897,128,HIGHER_RES_SAMPLING_REFERENCE,128,0.0,0.0,50,ADAPTED_SPHERICAL_KS_WORKFLOW_REPRODUCTION
vel3,0.08010241228139174,0.07168720119931514,0.11910234017167828,0.9986565471001358,0.08009024389924224,0.002416844052509977,0.0524069158402569,0.9475930841597431,0.8601088523864746,-0.0009042961755767465,-0.0008374183089472353,0.8576509952545166,0.06585845964514987,0.054823759892766874,0.9451762401072331,0.8968418836593628,-0.0008911829208955169,-0.0008474413771182299,0.8934876322746277,128,HIGHER_RES_SAMPLING_REFERENCE,64,0.062408056397932114,0.1276302630889514,50,ADAPTED_SPHERICAL_KS_WORKFLOW_REPRODUCTION
vel3,0.057666313068969174,0.06354721456462158,0.10057865764834481,0.9984104205022016,0.05768456537765433,0.0009908851087427825,0.037306044375798014,0.962693955624202,0.8968451619148254,-0.0008936921367421746,-0.0008385240216739476,0.8913189768791199,0.03753717437979432,0.03631515926705523,0.9636848407329448,0.8968451619148254,-0.0008948902832344174,-0.0008529489277862012,0.8913407325744629,128,HIGHER_RES_SAMPLING_REFERENCE,96,0.014822947307753982,0.015129893882326608,50,ADAPTED_SPHERICAL_KS_WORKFLOW_REPRODUCTION
vel3,0.0,0.0,0.0,0.9999999999999999,0.0,0.0,0.026572572936152193,0.9734274270638478,0.8968451619148254,-0.0008948902832344174,-0.0008385815308429301,0.8864982724189758,0.0,0.026572572936152193,0.9734274270638478,0.8968451619148254,-0.0008948902832344174,-0.0008385815308429301,0.8864982724189758,128,HIGHER_RES_SAMPLING_REFERENCE,128,0.0,0.0,50,ADAPTED_SPHERICAL_KS_WORKFLOW_REPRODUCTION
Bcc1,0.0854649293086954,0.04169954386196884,0.047360422062595046,0.9977751674177311,0.08380232948855101,0.0026193021121274085,0.054896782034701226,0.9451032179652987,0.3512459397315979,-0.351245254278183,-0.312200129032135,0.31220054626464844,1.909519901763854,0.057516084146828635,0.9424839158531714,0.3927452266216278,-0.3927442729473114,-0.34113654494285583,0.3411368727684021,128,HIGHER_RES_SAMPLING_REFERENCE,64,1.9104341326782266,0.11461510117953153,75,ADAPTED_SPHERICAL_KS_WORKFLOW_REPRODUCTION
Bcc1,0.04487505175261539,0.026781341022224285,0.10747896356988783,0.9991262841344287,0.044761069895503665,0.0006632632360783278,0.03823042522037377,0.9617695747796262,0.3927452266216278,-0.3927442729473114,-0.320743203163147,0.32074347138404846,1.9488170699293457,0.037567161984295445,0.9624328380157046,0.3927452266216278,-0.3927442729473114,-0.34113645553588867,0.3411368727684021,128,HIGHER_RES_SAMPLING_REFERENCE,96,1.9480229739427457,0.03509175946814397,75,ADAPTED_SPHERICAL_KS_WORKFLOW_REPRODUCTION
Bcc1,0.0,0.0,0.0,1.0000000000000002,0.0,0.0,0.02750471820722406,0.9724952817927759,0.3927452266216278,-0.3927442729473114,-0.32680124044418335,0.3268018066883087,0.0,0.02750471820722406,0.9724952817927759,0.3927452266216278,-0.3927442729473114,-0.32680124044418335,0.3268018066883087,128,HIGHER_RES_SAMPLING_REFERENCE,128,0.0,0.0,75,ADAPTED_SPHERICAL_KS_WORKFLOW_REPRODUCTION
Bcc2,0.26038843384510657,0.03348661598264839,0.08928254234371692,0.9813047665701959,0.25629584279731593,0.0351016425600149,0.10820554708358542,0.8917944529164146,0.047221340239048004,-0.017442477867007256,-0.013517076149582863,0.04480583220720291,0.22259615042465794,0.1433071896436003,0.8566928103563997,0.06520554423332214,-0.01823245920240879,-0.014118249528110027,0.06387455761432648,128,HIGHER_RES_SAMPLING_REFERENCE,64,0.21084222943657155,0.36624716250895323,75,ADAPTED_SPHERICAL_KS_WORKFLOW_REPRODUCTION
Bcc2,0.10706314224709271,0.02668420998195564,0.1016742944811469,0.9947220906503403,0.10539139009802358,0.011797513623068454,0.11044781103811441,0.8895521889618856,0.06520554423332214,-0.01823245920240879,-0.013732489198446274,0.06346074491739273,0.08063152365670226,0.09865029741504595,0.9013497025849541,0.06520554423332214,-0.01823245920240879,-0.013436895795166492,0.06346079707145691,128,HIGHER_RES_SAMPLING_REFERENCE,96,0.04182314703728751,0.057109612888226476,75,ADAPTED_SPHERICAL_KS_WORKFLOW_REPRODUCTION
Bcc2,0.0,0.0,0.0,1.0000000000000002,0.0,0.0,0.07599548661438016,0.9240045133856198,0.06520554423332214,-0.01823245920240879,-0.013436863198876381,0.06149443984031677,0.0,0.07599548661438016,0.9240045133856198,0.06520554423332214,-0.01823245920240879,-0.013436863198876381,0.06149443984031677,128,HIGHER_RES_SAMPLING_REFERENCE,128,0.0,0.0,75,ADAPTED_SPHERICAL_KS_WORKFLOW_REPRODUCTION
Bcc3,0.1719118021859671,0.10034976207642679,0.09943922194728184,0.9962385133532025,0.17190353398650424,0.008548152693189523,0.11976896026732321,0.8802310397326768,0.7897380590438843,-0.7897392511367798,-0.7349681854248047,0.7349663376808167,1.824385529344756,0.12831711296051274,0.8716828870394873,1.0344263315200806,-1.034428358078003,-0.9199765920639038,0.919975996017456,128,HIGHER_RES_SAMPLING_REFERENCE,64,1.8387034482884042,0.282762065748247,75,ADAPTED_SPHERICAL_KS_WORKFLOW_REPRODUCTION
Bcc3,0.09103592514466731,0.07576072085036573,0.11135804893125582,0.9964434722874018,0.09103395473552998,0.009314644076766257,0.09712729759543257,0.9028727024045674,1.0344263315200806,-1.034428358078003,-0.8213946223258972,0.8213979601860046,1.8678677422359982,0.08781265351866631,0.9121873464813337,1.0344263315200806,-1.034428358078003,-0.82139652967453,0.8213945627212524,128,HIGHER_RES_SAMPLING_REFERENCE,96,1.9036857825758984,0.0741049890601581,75,ADAPTED_SPHERICAL_KS_WORKFLOW_REPRODUCTION
Bcc3,0.0,0.0,0.0,1.0,0.0,0.0,0.06623689630977735,0.9337631036902226,1.0344263315200806,-1.034428358078003,-0.7897374629974365,0.7897366285324097,0.0,0.06623689630977735,0.9337631036902226,1.0344263315200806,-1.034428358078003,-0.7897374629974365,0.7897366285324097,128,HIGHER_RES_SAMPLING_REFERENCE,128,0.0,0.0,75,ADAPTED_SPHERICAL_KS_WORKFLOW_REPRODUCTION
rho,0.12626051114638984,0.28846118820966243,0.06003307515636345,0.9976625189497312,0.07773706906830828,0.00036477820238888696,0.002271162644543043,0.9977288373554569,1.114330768585205,4.658918896893738e-06,5.639615210384363e-06,1.0576107501983643,0.06063299325670062,0.0026359408469319298,0.997364059153068,1.0700857639312744,5.102287559566321e-06,5.744526788475923e-06,1.0192447900772095,128,HIGHER_RES_SAMPLING_REFERENCE,64,0.05271971667016779,0.09193314731292702,75,ADAPTED_SPHERICAL_KS_WORKFLOW_REPRODUCTION
rho,0.06906508160025557,0.1306293457281333,0.07648846429945098,0.997106245271891,0.07890107346310261,0.00017769528981026374,0.0018593911009676923,0.9981406088990323,1.114330768585205,4.464096946321661e-06,5.644638349622255e-06,1.0576107501983643,0.04491453355945849,0.002037086390777956,0.9979629136092221,1.114330768585205,4.287880074116401e-06,5.6430390031891875e-06,1.0192447900772095,128,HIGHER_RES_SAMPLING_REFERENCE,96,0.023488881234226506,0.04827368590635857,75,ADAPTED_SPHERICAL_KS_WORKFLOW_REPRODUCTION
rho,0.0,0.0,0.0,1.0,0.0,0.0,0.0012872577540161967,0.9987127422459838,1.114330768585205,4.287880074116401e-06,5.643039457936538e-06,1.0192447900772095,0.0,0.0012872577540161967,0.9987127422459838,1.114330768585205,4.287880074116401e-06,5.643039457936538e-06,1.0192447900772095,128,HIGHER_RES_SAMPLING_REFERENCE,128,0.0,0.0,75,ADAPTED_SPHERICAL_KS_WORKFLOW_REPRODUCTION
press,0.2628827419673643,0.13969956237902856,0.07403341553433539,0.9662923235818663,0.26173560986937683,0.005838951951711788,0.09119189432377821,0.9088081056762218,0.03571446239948273,1.6577119765770476e-07,1.673046767791675e-07,0.016253026202321053,0.08703806567198506,0.09703084627549,0.90296915372451,0.03835202381014824,1.6659174661981524e-07,1.7263040774651017e-07,0.017426306381821632,128,HIGHER_RES_SAMPLING_REFERENCE,64,0.07830401170792871,0.17341898030978545,75,ADAPTED_SPHERICAL_KS_WORKFLOW_REPRODUCTION
press,0.14437926471686088,0.08942990879933721,0.09239441498788542,0.9896006295269375,0.14392769052521243,0.0015336541822553312,0.05860722771245294,0.941392772287547,0.03835202381014824,1.5760021199184848e-07,1.6541912373213563e-07,0.018702199682593346,0.04437775921441413,0.05707357353019761,0.9429264264698024,0.03835202381014824,1.5128649977214081e-07,1.6535622648916615e-07,0.020081235095858574,128,HIGHER_RES_SAMPLING_REFERENCE,96,0.017376228200847194,0.023058589782484474,75,ADAPTED_SPHERICAL_KS_WORKFLOW_REPRODUCTION
press,0.0,0.0,0.0,1.0000000000000002,0.0,0.0,0.03672355809814274,0.9632764419018572,0.03835202381014824,1.5128649977214081e-07,1.6664823476730817e-07,0.01742624305188656,0.0,0.03672355809814274,0.9632764419018572,0.03835202381014824,1.5128649977214081e-07,1.6664823476730817e-07,0.01742624305188656,128,HIGHER_RES_SAMPLING_REFERENCE,128,0.0,0.0,75,ADAPTED_SPHERICAL_KS_WORKFLOW_REPRODUCTION
vel1,0.04305182705739104,0.036059969028159194,0.04149358284840084,0.9992740150833429,0.04177591592425972,0.0006340224539082128,0.013243669171226036,0.986756330828774,1.2423059940338135,-0.041671350598335266,-0.03994383290410042,1.2322007417678833,0.02735870242479193,0.01387769162513425,0.9861223083748657,1.2858378887176514,-0.04154662415385246,-0.039547279477119446,1.274177074432373,128,HIGHER_RES_SAMPLING_REFERENCE,64,0.024403129451966998,0.03966418930606228,75,ADAPTED_SPHERICAL_KS_WORKFLOW_REPRODUCTION
vel1,0.033524215395676404,0.029332886396959686,0.061870927167715244,0.9992727426436717,0.038244230829025574,6.0923833026957364e-05,0.008924600249396288,0.9910753997506037,1.2858378887176514,-0.04154662415385246,-0.040167927742004395,1.2646207809448242,0.016757377379071976,0.008985524082423245,0.9910144759175767,1.2858374118804932,-0.04154662415385246,-0.04081378132104874,1.2646206617355347,128,HIGHER_RES_SAMPLING_REFERENCE,96,0.00514854726111069,0.004060517486438088,75,ADAPTED_SPHERICAL_KS_WORKFLOW_REPRODUCTION
vel1,0.0,0.0,0.0,1.0000000000000002,0.0,0.0,0.006444220778379873,0.9935557792216201,1.2858378887176514,-0.04154662415385246,-0.04021041467785835,1.2432092428207397,0.0,0.006444220778379873,0.9935557792216201,1.2858378887176514,-0.04154662415385246,-0.04021041467785835,1.2432092428207397,128,HIGHER_RES_SAMPLING_REFERENCE,128,0.0,0.0,75,ADAPTED_SPHERICAL_KS_WORKFLOW_REPRODUCTION
vel2,0.16497122501201392,0.09205458103234093,0.12301588886466579,0.989352719924759,0.16396728730987994,0.0071183559455388346,0.08788738320564486,0.9121126167943552,0.09410080313682556,-0.09404253214597702,-0.08804106712341309,0.08922412246465683,1.9438375596700417,0.0950057391511837,0.9049942608488163,0.09908078610897064,-0.09908051043748856,-0.0975259467959404,0.09758254885673523,128,HIGHER_RES_SAMPLING_REFERENCE,64,1.924649895562557,0.2057169980990754,75,ADAPTED_SPHERICAL_KS_WORKFLOW_REPRODUCTION
vel2,0.09014121474859346,0.06160192707273122,0.14221356765957746,0.9960347382849947,0.08969983946909706,0.0017280082769841748,0.07077158259399742,0.9292284174060026,0.09908078610897064,-0.09908051043748856,-0.09641867876052856,0.09641845524311066,1.95312588684884,0.06904357431701325,0.9309564256829868,0.09908078610897064,-0.09908051043748856,-0.09641864150762558,0.09641845524311066,128,HIGHER_RES_SAMPLING_REFERENCE,96,1.9387688240735033,0.03935624935489148,75,ADAPTED_SPHERICAL_KS_WORKFLOW_REPRODUCTION
vel2,0.0,0.0,0.0,1.0000000000000002,0.0,0.0,0.051094902292679364,0.9489050977073207,0.09908078610897064,-0.09908051043748856,-0.094423808157444,0.09442350268363953,0.0,0.051094902292679364,0.9489050977073207,0.09908078610897064,-0.09908051043748856,-0.094423808157444,0.09442350268363953,128,HIGHER_RES_SAMPLING_REFERENCE,128,0.0,0.0,75,ADAPTED_SPHERICAL_KS_WORKFLOW_REPRODUCTION
vel3,0.06705986108766093,0.0813056683007209,0.1129567920736573,0.9989856149271068,0.06716342840560653,0.0007091934727628674,0.040775918571424576,0.9592240814285754,1.299372911453247,-0.0038884212262928486,-0.0037368994671851397,1.2828030586242676,0.050239920335509,0.04148511204418744,0.9585148879558125,1.3999927043914795,-0.003867878345772624,-0.0037568730767816305,1.3867568969726562,128,HIGHER_RES_SAMPLING_REFERENCE,64,0.04934003419647456,0.13196828154569967,75,ADAPTED_SPHERICAL_KS_WORKFLOW_REPRODUCTION
vel3,0.04802891914342823,0.07082637883095166,0.08824368879628303,0.9989370238153459,0.04819862011802068,0.0008679551039320818,0.02814512632211906,0.9718548736778809,1.3999927043914795,-0.003867878345772624,-0.00377250905148685,1.3781684637069702,0.03322941703683551,0.027277171218186978,0.972722828781813,1.3999927043914795,-0.0038794714491814375,-0.0037818201817572117,1.3781685829162598,128,HIGHER_RES_SAMPLING_REFERENCE,96,0.013849168054783943,0.043784101979323205,75,ADAPTED_SPHERICAL_KS_WORKFLOW_REPRODUCTION
vel3,0.0,0.0,0.0,1.0,0.0,0.0,0.019886200856213537,0.9801137991437865,1.3999927043914795,-0.0038794714491814375,-0.0037574393209069967,1.3449525833129883,0.0,0.019886200856213537,0.9801137991437865,1.3999927043914795,-0.0038794714491814375,-0.0037574393209069967,1.3449525833129883,128,HIGHER_RES_SAMPLING_REFERENCE,128,0.0,0.0,75,ADAPTED_SPHERICAL_KS_WORKFLOW_REPRODUCTION
Bcc1,0.07990090814926525,0.07150853835463822,0.06848813702614087,0.9984545177697985,0.07987735935135867,0.0024309437643170173,0.06231352471486688,0.9376864752851332,10.696850776672363,-10.72994613647461,-9.78962230682373,9.79529857635498,1.902329781411665,0.0647444684791839,0.9352555315208161,11.96574592590332,-12.011944770812988,-10.777549743652344,10.786625862121582,128,HIGHER_RES_SAMPLING_REFERENCE,64,1.8999303472104636,0.11830178275119904,100,ADAPTED_SPHERICAL_KS_WORKFLOW_REPRODUCTION
Bcc1,0.04494701029617864,0.04702330186666006,0.10712098778145154,0.9991530138321948,0.044953745447952796,0.0010625848384622424,0.04370694854680734,0.9562930514531927,11.96574592590332,-12.011944770812988,-9.763947486877441,9.77328872680664,1.9723549190882768,0.042644363708345095,0.9573556362916549,11.96574592590332,-12.011944770812988,-10.59130859375,10.687082290649414,128,HIGHER_RES_SAMPLING_REFERENCE,96,1.96133184718779,0.036493039537237815,100,ADAPTED_SPHERICAL_KS_WORKFLOW_REPRODUCTION
Bcc1,0.0,0.0,0.0,1.0,0.0,0.0,0.03128217964069486,0.9687178203593051,11.96574592590332,-12.011944770812988,-10.282362937927246,10.292326927185059,0.0,0.03128217964069486,0.9687178203593051,11.96574592590332,-12.011944770812988,-10.282362937927246,10.292326927185059,128,HIGHER_RES_SAMPLING_REFERENCE,128,0.0,0.0,100,ADAPTED_SPHERICAL_KS_WORKFLOW_REPRODUCTION
Bcc2,0.3302200435469707,0.0839122843266708,0.09594401614649103,0.9706974884511992,0.33020920990273106,0.050959629435720494,0.12916371168845614,0.8708362883115439,1.572652816772461,-0.5530930757522583,-0.4180212914943695,1.4917432069778442,0.2733258639463875,0.18012334112417663,0.8198766588758234,2.5724036693573,-0.5847906470298767,-0.4408794939517975,2.4634885787963867,128,HIGHER_RES_SAMPLING_REFERENCE,64,0.2357051822885743,0.4576906880190502,100,ADAPTED_SPHERICAL_KS_WORKFLOW_REPRODUCTION
Bcc2,0.10971230895901395,0.06086638238124032,0.10826055228224686,0.9942771091509082,0.109709604798913,0.01711347886075132,0.1472567219607586,0.8527432780392414,2.5724036693573,-0.5849428772926331,-0.41717860102653503,2.396214246749878,0.08231923445859125,0.13014324310000727,0.8698567568999928,2.5724036693573,-0.5849428772926331,-0.41873103380203247,2.401749849319458,128,HIGHER_RES_SAMPLING_REFERENCE,96,0.0431750451551926,0.0521495740351491,100,ADAPTED_SPHERICAL_KS_WORKFLOW_REPRODUCTION
Bcc2,0.0,0.0,0.0,1.0,0.0,0.0,0.10470756604012092,0.8952924339598791,2.5724036693573,-0.5849428772926331,-0.41989827156066895,2.274949073791504,0.0,0.10470756604012092,0.8952924339598791,2.5724036693573,-0.5849428772926331,-0.41989827156066895,2.274949073791504,128,HIGHER_RES_SAMPLING_REFERENCE,128,0.0,0.0,100,ADAPTED_SPHERICAL_KS_WORKFLOW_REPRODUCTION
Bcc3,0.1314351057954497,0.0814107434116865,0.07894590776546229,0.9956743924999278,0.1314306086655534,0.008616035690212367,0.10381044813195185,0.8961895518680482,23.7993106842041,-23.37593650817871,-21.226736068725586,21.55293846130371,3.104893041089772,0.09519441244173948,0.9048055875582606,24.60753631591797,-24.35420799255371,-22.52399253845215,23.3762149810791,128,HIGHER_RES_SAMPLING_REFERENCE,64,2.925350279393492,0.18598531759839548,100,ADAPTED_SPHERICAL_KS_WORKFLOW_REPRODUCTION
Bcc3,0.10968784717773568,0.039357012940438245,0.09136150268550514,0.9945790787823191,0.10968305280249566,0.008625133238702842,0.07032321933354128,0.9296767806664588,24.60753631591797,-24.35420799255371,-21.268054962158203,21.4736385345459,0.6387952205895899,0.06169808609483844,0.9383019139051616,24.60753631591797,-24.35420799255371,-22.451618194580078,22.960844039916992,128,HIGHER_RES_SAMPLING_REFERENCE,96,0.5169547756538083,0.07871653826442236,100,ADAPTED_SPHERICAL_KS_WORKFLOW_REPRODUCTION
Bcc3,0.0,0.0,0.0,1.0,0.0,0.0,0.045785265110303085,0.9542147348896969,24.60753631591797,-24.35420799255371,-21.983728408813477,22.44447898864746,0.0,0.045785265110303085,0.9542147348896969,24.60753631591797,-24.35420799255371,-21.983728408813477,22.44447898864746,128,HIGHER_RES_SAMPLING_REFERENCE,128,0.0,0.0,100,ADAPTED_SPHERICAL_KS_WORKFLOW_REPRODUCTION
rho,0.46643984406978145,0.27663799137282513,0.04490784118226865,0.8885933661259319,0.465364331372642,0.00025688079025461275,0.12381989045829149,0.8761801095417086,102.79927825927734,4.290169272280764e-06,4.7272592382796574e-06,64.35567474365234,0.04466855251533742,0.1240767712485461,0.8759232287514539,106.56471252441406,4.462842753127916e-06,4.888336206931854e-06,66.54857635498047,128,HIGHER_RES_SAMPLING_REFERENCE,64,0.04161798110573777,0.0641299660295431,100,ADAPTED_SPHERICAL_KS_WORKFLOW_REPRODUCTION
rho,0.2877395544645078,0.16544669451052998,0.07746970124053938,0.9585432414646968,0.2871627476653376,0.00029684557097501424,0.050498078094320116,0.9495019219056798,106.56471252441406,4.22823404733208e-06,4.728363819594961e-06,72.18287658691406,0.02954182489037556,0.05079492366529513,0.9492050763347049,106.56471252441406,4.164993697486352e-06,4.7451908358198125e-06,74.6254653930664,128,HIGHER_RES_SAMPLING_REFERENCE,96,0.008741956193936489,0.009427995526833323,100,ADAPTED_SPHERICAL_KS_WORKFLOW_REPRODUCTION
rho,0.0,0.0,0.0,1.0,0.0,0.0,0.02144593661538755,0.9785540633846125,106.56471252441406,4.164993697486352e-06,4.65327730125864e-06,65.58377075195312,0.0,0.02144593661538755,0.9785540633846125,106.56471252441406,4.164993697486352e-06,4.65327730125864e-06,65.58377075195312,128,HIGHER_RES_SAMPLING_REFERENCE,128,0.0,0.0,100,ADAPTED_SPHERICAL_KS_WORKFLOW_REPRODUCTION
press,0.573852302649407,0.42908907038064154,0.05938421703248097,0.8251869744841274,0.5738499783606852,0.0007274876155891896,0.24775009185496397,0.752249908145036,19.52886962890625,1.126036579535139e-07,1.279388897046374e-07,7.640239238739014,0.0892754679590364,0.24702260423937478,0.7529773957606252,21.09566307067871,1.1916401376765862e-07,1.3157867329027795e-07,8.2364501953125,128,HIGHER_RES_SAMPLING_REFERENCE,64,0.0869634127247216,0.14084797896223702,100,ADAPTED_SPHERICAL_KS_WORKFLOW_REPRODUCTION
press,0.31311493426327214,0.2622369738947948,0.09654930588652835,0.9504842942889608,0.3131142758747347,0.0004955532670236767,0.11181975221606122,0.8881802477839388,21.09566307067871,1.1005618461013e-07,1.2485408262818964e-07,8.909971237182617,0.0630908507391861,0.1123153054830849,0.8876846945169151,21.09566307067871,1.0745890932639668e-07,1.2582509612002468e-07,9.640515327453613,128,HIGHER_RES_SAMPLING_REFERENCE,96,0.016275451767733033,0.02142380535060353,100,ADAPTED_SPHERICAL_KS_WORKFLOW_REPRODUCTION
press,0.0,0.0,0.0,0.9999999999999998,0.0,0.0,0.058067360652536135,0.9419326393474639,21.09566307067871,1.0745890932639668e-07,1.2499835122525838e-07,8.23549747467041,0.0,0.058067360652536135,0.9419326393474639,21.09566307067871,1.0745890932639668e-07,1.2499835122525838e-07,8.23549747467041,128,HIGHER_RES_SAMPLING_REFERENCE,128,0.0,0.0,100,ADAPTED_SPHERICAL_KS_WORKFLOW_REPRODUCTION
vel1,0.04868780008907307,0.06747293778957045,0.06049288708612321,0.9983415512671779,0.05817658991152202,0.0002904070683715544,0.007203754942044888,0.9927962450579552,1.7702620029449463,-0.00044543787953443825,-0.0001808449742384255,1.7352430820465088,0.017843833695984145,0.007494162010416442,0.9925058379895836,1.8041362762451172,-0.00029329286189749837,-0.00024015213421080261,1.7704733610153198,128,HIGHER_RES_SAMPLING_REFERENCE,64,0.015771135495731774,0.02563851199240901,100,ADAPTED_SPHERICAL_KS_WORKFLOW_REPRODUCTION
vel1,0.04462129215497525,0.07666845133251438,0.10583913644236716,0.9973083480432261,0.0733216936784033,7.070491449860661e-05,0.005312164300131425,0.9946878356998686,1.8041362762451172,-0.00044543787953443825,-0.00024107903300318867,1.7592185735702515,0.012564826298260234,0.005382869214630032,0.99461713078537,1.8041362762451172,-0.00044543787953443825,-0.00024107903300318867,1.7592848539352417,128,HIGHER_RES_SAMPLING_REFERENCE,96,0.003942719869483556,0.006828919465139088,100,ADAPTED_SPHERICAL_KS_WORKFLOW_REPRODUCTION
vel1,0.0,0.0,0.0,1.0,0.0,0.0,0.0038461935478608547,0.9961538064521391,1.8041362762451172,-0.00044543787953443825,-0.00024015213421080261,1.7594780921936035,0.0,0.0038461935478608547,0.9961538064521391,1.8041362762451172,-0.00044543787953443825,-0.00024015213421080261,1.7594780921936035,128,HIGHER_RES_SAMPLING_REFERENCE,128,0.0,0.0,100,ADAPTED_SPHERICAL_KS_WORKFLOW_REPRODUCTION
vel2,0.22207008280127402,0.07568700624912168,0.1541727007833717,0.9835096717157569,0.21152788739366415,0.019515810265366154,0.07805012562880201,0.921949874371198,0.09300775080919266,-0.09884466975927353,-0.08223520964384079,0.08232241123914719,2.042857310069226,0.09756593589416816,0.9024340641058318,0.13329309225082397,-0.13399145007133484,-0.10701034218072891,0.10915055871009827,128,HIGHER_RES_SAMPLING_REFERENCE,64,2.011867466213141,0.2719669004373063,100,ADAPTED_SPHERICAL_KS_WORKFLOW_REPRODUCTION
vel2,0.1011865212561958,0.055468126146676656,0.20893479931526326,0.995309498802023,0.09752254117764689,0.0029636888755687346,0.07353111345742432,0.9264688865425756,0.13329309225082397,-0.13399145007133484,-0.09985630214214325,0.09975083917379379,0.8554796743655662,0.07056742458185558,0.9294325754181444,0.13329309225082397,-0.13399145007133484,-0.09939734637737274,0.10090921074151993,128,HIGHER_RES_SAMPLING_REFERENCE,96,1.1338103441883294,0.03856561818902777,100,ADAPTED_SPHERICAL_KS_WORKFLOW_REPRODUCTION
vel2,0.0,0.0,0.0,1.0000000000000002,0.0,0.0,0.05237731484881524,0.9476226851511848,0.13329309225082397,-0.13399145007133484,-0.09006185084581375,0.08978412300348282,0.0,0.05237731484881524,0.9476226851511848,0.13329309225082397,-0.13399145007133484,-0.09006185084581375,0.08978412300348282,128,HIGHER_RES_SAMPLING_REFERENCE,128,0.0,0.0,100,ADAPTED_SPHERICAL_KS_WORKFLOW_REPRODUCTION
vel3,0.07306875186203826,0.05194041956747718,0.09124288085003726,0.99772463879241,0.07263503133218005,0.003101150169178741,0.03216388764376153,0.9678361123562385,1.816403865814209,0.0002573534438852221,0.0002607909555081278,1.5526260137557983,0.0354963136007673,0.02906273747458279,0.9709372625254172,1.7076654434204102,0.0002573534438852221,0.0002607909555081278,1.5417503118515015,128,HIGHER_RES_SAMPLING_REFERENCE,64,0.030978764020706043,0.03260247376075557,100,ADAPTED_SPHERICAL_KS_WORKFLOW_REPRODUCTION
vel3,0.06297946890921544,0.034147323899215036,0.10593180975904828,0.99809360203815,0.06249770139943776,0.00030448291581395767,0.019133591215539557,0.9808664087844604,1.7076654434204102,0.00023754769063089043,0.00024452368961647153,1.5099520683288574,0.026785034723986516,0.0188291082997256,0.9811708917002744,1.816403865814209,0.00023754769063089043,0.00024452368961647153,1.5502324104309082,128,HIGHER_RES_SAMPLING_REFERENCE,96,0.01061987789854944,0.04925485863518902,100,ADAPTED_SPHERICAL_KS_WORKFLOW_REPRODUCTION
vel3,0.0,0.0,0.0,1.0000000000000002,0.0,0.0,0.013555384248374252,0.9864446157516258,1.816403865814209,0.00023754769063089043,0.0002497220120858401,1.5450013875961304,0.0,0.013555384248374252,0.9864446157516258,1.816403865814209,0.00023754769063089043,0.0002497220120858401,1.5450013875961304,128,HIGHER_RES_SAMPLING_REFERENCE,128,0.0,0.0,100,ADAPTED_SPHERICAL_KS_WORKFLOW_REPRODUCTION
Bcc1,0.08265374209879855,0.0655968549388734,0.08148248429253707,0.9982460182181633,0.08262427397318249,0.002327369639259523,0.06177624473696374,0.9382237552630363,15.980685234069824,-16.18270492553711,-14.828422546386719,14.723845481872559,2.01369049207251,0.06410361437622326,0.9358963856237767,17.806636810302734,-17.944738388061523,-16.381107330322266,16.29559898376465,128,HIGHER_RES_SAMPLING_REFERENCE,64,1.9996013083433921,0.1186478744393174,125,ADAPTED_SPHERICAL_KS_WORKFLOW_REPRODUCTION
Bcc1,0.045599126083500786,0.03240957477633994,0.09036843174358614,0.9991247143032941,0.04558086200234633,0.001071464717175244,0.043321490193378304,0.9566785098066217,17.806636810302734,-17.944738388061523,-14.924863815307617,14.889777183532715,2.1791463225048786,0.04225002547620306,0.957749974523797,17.806636810302734,-17.944738388061523,-15.766267776489258,15.906750679016113,128,HIGHER_RES_SAMPLING_REFERENCE,96,2.1496940943423963,0.036397209142078675,125,ADAPTED_SPHERICAL_KS_WORKFLOW_REPRODUCTION
Bcc1,0.0,0.0,0.0,0.9999999999999999,0.0,0.0,0.030967299536068412,0.9690327004639316,17.806636810302734,-17.944738388061523,-15.565640449523926,15.422648429870605,0.0,0.030967299536068412,0.9690327004639316,17.806636810302734,-17.944738388061523,-15.565640449523926,15.422648429870605,128,HIGHER_RES_SAMPLING_REFERENCE,128,0.0,0.0,125,ADAPTED_SPHERICAL_KS_WORKFLOW_REPRODUCTION
Bcc2,0.30829408986322454,0.06340585761876806,0.13709236502283506,0.9744879623760374,0.3082919814168526,0.0449202353828512,0.12653540456308826,0.8734645954369118,2.5973241329193115,-0.8194807767868042,-0.5770026445388794,2.4526288509368896,0.250967042110405,0.17145563994593946,0.8285443600540605,4.113317966461182,-0.8860539793968201,-0.6069837808609009,3.8803975582122803,128,HIGHER_RES_SAMPLING_REFERENCE,64,0.21300533946366407,0.43422001857253517,125,ADAPTED_SPHERICAL_KS_WORKFLOW_REPRODUCTION
Bcc2,0.10893586677616163,0.04203317822204678,0.14992365757387696,0.9943848814209169,0.10893520775264702,0.016700513694360652,0.13830152849152222,0.8616984715084778,4.113317966461182,-0.8860539793968201,-0.583927571773529,3.7951231002807617,0.08184882874270365,0.12160101479716157,0.8783989852028384,4.113317966461182,-0.8860539793968201,-0.58154296875,3.7988173961639404,128,HIGHER_RES_SAMPLING_REFERENCE,96,0.040182908318494914,0.0546243618595654,125,ADAPTED_SPHERICAL_KS_WORKFLOW_REPRODUCTION
Bcc2,0.0,0.0,0.0,1.0000000000000002,0.0,0.0,0.09716903372842703,0.902830966271573,4.113317966461182,-0.8860539793968201,-0.582497775554657,3.689523696899414,0.0,0.09716903372842703,0.902830966271573,4.113317966461182,-0.8860539793968201,-0.582497775554657,3.689523696899414,128,HIGHER_RES_SAMPLING_REFERENCE,128,0.0,0.0,125,ADAPTED_SPHERICAL_KS_WORKFLOW_REPRODUCTION
Bcc3,0.15732888197146952,0.08734996968500919,0.06720062765474007,0.9913229942174171,0.15732482730299582,0.012596937576970071,0.10733064894535577,0.8926693510546442,33.574195861816406,-32.10539245605469,-29.22360610961914,30.400970458984375,2.745446292832648,0.0947337113683857,0.9052662886316143,35.51580810546875,-33.27147674560547,-31.826005935668945,33.479312896728516,128,HIGHER_RES_SAMPLING_REFERENCE,64,4.424848067377551,0.1821892931404485,125,ADAPTED_SPHERICAL_KS_WORKFLOW_REPRODUCTION
Bcc3,0.13514196582732824,0.05174994622046579,0.07552882316472063,0.9915320435336055,0.13513820054142084,0.007223698305057688,0.07128924614078481,0.9287107538592152,35.51580810546875,-33.27147674560547,-30.003215789794922,31.74627113342285,1.117639046352351,0.06406554783572713,0.9359344521642728,35.51580810546875,-33.27147674560547,-31.060760498046875,32.58919143676758,128,HIGHER_RES_SAMPLING_REFERENCE,96,0.7043946586130923,0.08946892323998644,125,ADAPTED_SPHERICAL_KS_WORKFLOW_REPRODUCTION
Bcc3,0.0,0.0,0.0,1.0,0.0,0.0,0.047568876453499755,0.9524311235465003,35.51580810546875,-33.27147674560547,-30.582656860351562,31.812898635864258,0.0,0.047568876453499755,0.9524311235465003,35.51580810546875,-33.27147674560547,-30.582656860351562,31.812898635864258,128,HIGHER_RES_SAMPLING_REFERENCE,128,0.0,0.0,125,ADAPTED_SPHERICAL_KS_WORKFLOW_REPRODUCTION
rho,0.48534011858118636,0.3848014587176261,0.056267968684868254,0.8799369652951579,0.4844601137830085,0.00022138322209977468,0.1320097247169007,0.8679902752830992,117.58287048339844,3.761903371923836e-06,4.401135356602026e-06,74.35372161865234,0.05276534217781813,0.13178834149480093,0.8682116585051991,125.08900451660156,3.875722995871911e-06,4.7863936742942315e-06,75.4903564453125,128,HIGHER_RES_SAMPLING_REFERENCE,64,0.04609483668152662,0.04749189244526226,125,ADAPTED_SPHERICAL_KS_WORKFLOW_REPRODUCTION
rho,0.297657973629939,0.2438941103950506,0.11456201112812188,0.955638782904572,0.2972387804643317,0.0004899383238961968,0.049159634487121275,0.9508403655128788,125.08900451660156,3.706255711222184e-06,4.313162662583636e-06,79.53224182128906,0.031204042968588884,0.04964957281101747,0.9503504271889825,125.08900451660156,3.6514261410047766e-06,4.429788532434031e-06,80.23973846435547,128,HIGHER_RES_SAMPLING_REFERENCE,96,0.00983784594433932,0.0064905473979406875,125,ADAPTED_SPHERICAL_KS_WORKFLOW_REPRODUCTION
rho,0.0,0.0,0.0,1.0000000000000002,0.0,0.0,0.018877397907751423,0.9811226020922486,125.08900451660156,3.6514256862574257e-06,4.3052145883848425e-06,73.64128875732422,0.0,0.018877397907751423,0.9811226020922486,125.08900451660156,3.6514256862574257e-06,4.3052145883848425e-06,73.64128875732422,128,HIGHER_RES_SAMPLING_REFERENCE,128,0.0,0.0,125,ADAPTED_SPHERICAL_KS_WORKFLOW_REPRODUCTION
press,0.5784555785230171,0.48089923881370866,0.09625808814301867,0.8220334907151466,0.5784549471862711,0.0003567752195109408,0.26427603331916516,0.7357239666808348,51.91068649291992,3.32793064217185e-07,5.383918733059545e-07,19.65138816833496,0.0897508506608959,0.2646328085386761,0.7353671914613239,57.92213821411133,3.7069338532091933e-07,5.87457066103525e-07,21.403566360473633,128,HIGHER_RES_SAMPLING_REFERENCE,64,0.08796815847770936,0.14575685325320797,125,ADAPTED_SPHERICAL_KS_WORKFLOW_REPRODUCTION
press,0.31450494578456334,0.2832784426730603,0.18240529068542918,0.9500179816071558,0.3145047782014704,0.0004179814143599331,0.12126112876142511,0.8787388712385749,57.92213821411133,3.2065946697912295e-07,5.414390784608258e-07,22.149791717529297,0.06369699084721303,0.12167911017578505,0.878320889824215,57.92213821411133,3.090689801865665e-07,5.539727112591208e-07,23.056581497192383,128,HIGHER_RES_SAMPLING_REFERENCE,96,0.01681233635188811,0.022672140092555883,125,ADAPTED_SPHERICAL_KS_WORKFLOW_REPRODUCTION
press,0.0,0.0,0.0,1.0,0.0,0.0,0.06389101639066844,0.9361089836093316,57.92213821411133,3.090689801865665e-07,5.54284667941829e-07,19.66292953491211,0.0,0.06389101639066844,0.9361089836093316,57.92213821411133,3.090689801865665e-07,5.54284667941829e-07,19.66292953491211,128,HIGHER_RES_SAMPLING_REFERENCE,128,0.0,0.0,125,ADAPTED_SPHERICAL_KS_WORKFLOW_REPRODUCTION
vel1,0.04850734570524565,0.05767687271959637,0.08683161043502437,0.9974776050069868,0.07101378592663504,0.0002588321585881466,0.0064709815285222405,0.9935290184714778,4.512205600738525,-0.45504796504974365,-0.20448218286037445,4.28539514541626,0.014491209064640272,0.006729813687110387,0.9932701863128897,4.535323619842529,-0.5415955781936646,-0.20532497763633728,4.2023797035217285,128,HIGHER_RES_SAMPLING_REFERENCE,64,0.012157721706616432,0.02046769518475184,125,ADAPTED_SPHERICAL_KS_WORKFLOW_REPRODUCTION
vel1,0.0415094571930807,0.038086361840596474,0.08383519952584734,0.9980225493685891,0.06289850932484216,0.00021364816319467423,0.003996973910248986,0.996003026089751,4.543098449707031,-0.7930305004119873,-0.2081204056739807,4.2521843910217285,0.010243751461423357,0.00421062207344366,0.9957893779265563,4.543098449707031,-0.6860581636428833,-0.23769189417362213,4.211293697357178,128,HIGHER_RES_SAMPLING_REFERENCE,96,0.005456266987996413,0.015910863974393417,125,ADAPTED_SPHERICAL_KS_WORKFLOW_REPRODUCTION
vel1,0.0,0.0,0.0,1.0,0.0,0.0,0.0027333974028038626,0.9972666025971961,4.543098449707031,-0.6860581636428833,-0.20390784740447998,4.239340305328369,0.0,0.0027333974028038626,0.9972666025971961,4.543098449707031,-0.6860581636428833,-0.20390784740447998,4.239340305328369,128,HIGHER_RES_SAMPLING_REFERENCE,128,0.0,0.0,125,ADAPTED_SPHERICAL_KS_WORKFLOW_REPRODUCTION
vel2,0.21454064916962812,0.07048723555363946,0.09446752690976924,0.9854372899912128,0.19310847020157834,0.016885889890588868,0.06090088173203122,0.9390991182679688,0.10954131186008453,-0.1039319708943367,-0.08423153311014175,0.0845838412642479,2.274984975192005,0.07778677162262009,0.92221322837738,0.14164015650749207,-0.13091884553432465,-0.1041102409362793,0.11113934218883514,128,HIGHER_RES_SAMPLING_REFERENCE,64,2.444690136892331,0.2580545109948369,125,ADAPTED_SPHERICAL_KS_WORKFLOW_REPRODUCTION
vel2,0.10831274718440476,0.05003465703153423,0.1049649203574514,0.9951166991093198,0.09938414726267582,0.0024207506395913098,0.05537620464478948,0.9446237953552106,0.14164015650749207,-0.13091884553432465,-0.09916883707046509,0.10091382265090942,0.6958876692429439,0.05295545400519817,0.9470445459948018,0.14164015650749207,-0.13091884553432465,-0.09896797686815262,0.10195833444595337,128,HIGHER_RES_SAMPLING_REFERENCE,96,0.600985780348077,0.04112599022923496,125,ADAPTED_SPHERICAL_KS_WORKFLOW_REPRODUCTION
vel2,0.0,0.0,0.0,1.0,0.0,0.0,0.038929979181761734,0.9610700208182382,0.14164015650749207,-0.13091884553432465,-0.09260813891887665,0.09135190397500992,0.0,0.038929979181761734,0.9610700208182382,0.14164015650749207,-0.13091884553432465,-0.09260813891887665,0.09135190397500992,128,HIGHER_RES_SAMPLING_REFERENCE,128,0.0,0.0,125,ADAPTED_SPHERICAL_KS_WORKFLOW_REPRODUCTION
vel3,0.08198528148989857,0.041759776816477245,0.11389206709646431,0.997037308204104,0.08139240759952994,0.0029755417038510312,0.03403657813168409,0.965963421868316,1.6693838834762573,-0.014372613281011581,0.00025790484505705535,1.4347270727157593,0.036672866591769666,0.03106103642783306,0.9689389635721669,1.5526374578475952,-0.03829775005578995,0.00025790484505705535,1.3862190246582031,128,HIGHER_RES_SAMPLING_REFERENCE,64,0.03113050373733389,0.041215156591102295,125,ADAPTED_SPHERICAL_KS_WORKFLOW_REPRODUCTION
vel3,0.08420644982301018,0.038247715816171,0.13027999202187135,0.9965440709216049,0.08364130771021813,0.00029285906259994207,0.020645710715415537,0.9793542892845845,1.5526374578475952,-0.03829775005578995,0.00024037879484239966,1.3771305084228516,0.03170954447876244,0.020352851652815595,0.9796471483471844,1.6693838834762573,-0.014372613281011581,0.00024037878029048443,1.4194713830947876,128,HIGHER_RES_SAMPLING_REFERENCE,96,0.011688110618053877,0.06139349799400326,125,ADAPTED_SPHERICAL_KS_WORKFLOW_REPRODUCTION
vel3,0.0,0.0,0.0,0.9999999999999999,0.0,0.0,0.01493978723306367,0.9850602127669363,1.6693838834762573,-0.03829775005578995,0.00024037879484239966,1.4034175872802734,0.0,0.01493978723306367,0.9850602127669363,1.6693838834762573,-0.03829775005578995,0.00024037879484239966,1.4034175872802734,128,HIGHER_RES_SAMPLING_REFERENCE,128,0.0,0.0,125,ADAPTED_SPHERICAL_KS_WORKFLOW_REPRODUCTION
Bcc1,0.08513129516167237,0.06461657954519429,0.0623467260622223,0.9980275256972707,0.08509517518566663,0.002294532990265351,0.06211916181907636,0.9378808381809236,18.653860092163086,-18.870691299438477,-17.150497436523438,17.66092872619629,2.1179886845561127,0.06441369480934171,0.9355863051906583,20.70262908935547,-21.150590896606445,-18.9580078125,19.52140235900879,128,HIGHER_RES_SAMPLING_REFERENCE,64,2.09289131489833,0.11884014293753956,150,ADAPTED_SPHERICAL_KS_WORKFLOW_REPRODUCTION
Bcc1,0.04642769291678639,0.03992920927720103,0.09366632177156164,0.9990816137340132,0.046417667922142566,0.001088385755871564,0.04352692192947966,0.9564730780705203,20.70262908935547,-21.150590896606445,-17.27131462097168,16.862548828125,2.4694421953071695,0.0424385361736081,0.9575614638263918,20.70262908935547,-21.150590896606445,-18.605188369750977,18.530811309814453,128,HIGHER_RES_SAMPLING_REFERENCE,96,2.3906183416890068,0.03600376892068305,150,ADAPTED_SPHERICAL_KS_WORKFLOW_REPRODUCTION
Bcc1,0.0,0.0,0.0,0.9999999999999998,0.0,0.0,0.03108935450195463,0.9689106454980454,20.70262908935547,-21.150590896606445,-18.116939544677734,18.096786499023438,0.0,0.03108935450195463,0.9689106454980454,20.70262908935547,-21.150590896606445,-18.116939544677734,18.096786499023438,128,HIGHER_RES_SAMPLING_REFERENCE,128,0.0,0.0,150,ADAPTED_SPHERICAL_KS_WORKFLOW_REPRODUCTION
Bcc2,0.31438207776011756,0.2929705012701468,0.12138846000105326,0.972949812705264,0.31438155005293866,0.04610921064778928,0.12779270672837958,0.8722072932716204,3.0454723834991455,-1.1709157228469849,-0.6537155508995056,2.840548515319824,0.25199008262022204,0.17390191737616886,0.8260980826238311,4.896751880645752,-1.2425429821014404,-0.6790629029273987,4.5052947998046875,128,HIGHER_RES_SAMPLING_REFERENCE,64,0.2166629052691549,0.4393149261745111,150,ADAPTED_SPHERICAL_KS_WORKFLOW_REPRODUCTION
Bcc2,0.10896100559456723,0.16364251953122558,0.14490021303925849,0.9943585507366317,0.10896243534374037,0.016157093702562672,0.14033745644084838,0.8596625435591516,4.896751880645752,-1.2425429821014404,-0.6597371101379395,4.362268447875977,0.08072639862073311,0.12418036273828571,0.8758196372617143,4.896751880645752,-1.2425429821014404,-0.6571202278137207,4.352877140045166,128,HIGHER_RES_SAMPLING_REFERENCE,96,0.03957616205318962,0.052769306742996694,150,ADAPTED_SPHERICAL_KS_WORKFLOW_REPRODUCTION
Bcc2,0.0,0.0,0.0,1.0000000000000002,0.0,0.0,0.09928115864120071,0.9007188413587993,4.896751880645752,-1.2425429821014404,-0.6547751426696777,4.2330851554870605,0.0,0.09928115864120071,0.9007188413587993,4.896751880645752,-1.2425429821014404,-0.6547751426696777,4.2330851554870605,128,HIGHER_RES_SAMPLING_REFERENCE,128,0.0,0.0,150,ADAPTED_SPHERICAL_KS_WORKFLOW_REPRODUCTION
Bcc3,0.18111910286858152,0.08906236801369624,0.06311550174707231,0.9866122830286016,0.18111423529708423,0.01216039340664471,0.10715926845638898,0.892840731543611,42.502010345458984,-39.21670150756836,-35.68849182128906,38.00535202026367,0.5012936697717879,0.09499887504974427,0.9050011249502558,44.26654815673828,-42.814579010009766,-35.7276496887207,41.28485107421875,128,HIGHER_RES_SAMPLING_REFERENCE,64,0.2687669750789483,0.1768237288328395,150,ADAPTED_SPHERICAL_KS_WORKFLOW_REPRODUCTION
Bcc3,0.12619571484927297,0.049513147878742454,0.0779646370282079,0.9927775463046726,0.12619240604044435,0.006530899864691436,0.07094846286905307,0.9290515371309469,44.26654815673828,-42.814579010009766,-33.5191535949707,37.97315216064453,0.2538803305187652,0.06441756300436163,0.9355824369956384,44.26654815673828,-42.814579010009766,-37.30912399291992,40.9898796081543,128,HIGHER_RES_SAMPLING_REFERENCE,96,0.08253975166316786,0.09049776273880847,150,ADAPTED_SPHERICAL_KS_WORKFLOW_REPRODUCTION
Bcc3,0.0,0.0,0.0,1.0,0.0,0.0,0.04716714853238505,0.952832851467615,44.26654815673828,-42.814579010009766,-35.7276496887207,39.64958953857422,0.0,0.04716714853238505,0.952832851467615,44.26654815673828,-42.814579010009766,-35.7276496887207,39.64958953857422,128,HIGHER_RES_SAMPLING_REFERENCE,128,0.0,0.0,150,ADAPTED_SPHERICAL_KS_WORKFLOW_REPRODUCTION
rho,0.47461122746793694,0.3654152511184407,0.06639828627899834,0.8861613845068053,0.4722473148129275,0.00038115617758663345,0.13002312132461782,0.8699768786753822,112.8270492553711,8.87412898009643e-06,9.822528227232397e-06,60.99308776855469,0.06325240303175632,0.1296419651470312,0.8703580348529688,112.43922424316406,9.245526598533615e-06,1.0062284673040267e-05,61.83314895629883,128,HIGHER_RES_SAMPLING_REFERENCE,64,0.05352491277596234,0.040718939575666586,150,ADAPTED_SPHERICAL_KS_WORKFLOW_REPRODUCTION
rho,0.29364244029382364,0.2219395476997915,0.1092540455546825,0.9570280294186336,0.2924123665777394,0.0005472343510049132,0.04914509870988611,0.9508549012901139,115.49342346191406,8.747255378693808e-06,9.826241694099735e-06,64.94338989257812,0.0355324535777906,0.04969233306089103,0.950307666939109,115.49342346191406,8.687558874953538e-06,9.91043634712696e-06,65.55013275146484,128,HIGHER_RES_SAMPLING_REFERENCE,96,0.012245283810543772,0.00851512712278115,150,ADAPTED_SPHERICAL_KS_WORKFLOW_REPRODUCTION
rho,0.0,0.0,0.0,1.0,0.0,0.0,0.01915886203709603,0.980841137962904,115.49342346191406,8.687558874953538e-06,9.87203839031281e-06,60.8479118347168,0.0,0.01915886203709603,0.980841137962904,115.49342346191406,8.687558874953538e-06,9.87203839031281e-06,60.8479118347168,128,HIGHER_RES_SAMPLING_REFERENCE,128,0.0,0.0,150,ADAPTED_SPHERICAL_KS_WORKFLOW_REPRODUCTION
press,0.5650802935107446,0.4187426232047333,0.11565385457845055,0.8309739648905704,0.5650787382092081,0.005316134480431056,0.27716684962593663,0.7228331503740634,73.11177825927734,6.171699737933523e-07,7.159689516811341e-07,25.67435646057129,0.10057603981014361,0.2718507151455056,0.7281492848544944,79.38077545166016,6.068249831514549e-07,7.166556201809726e-07,28.731887817382812,128,HIGHER_RES_SAMPLING_REFERENCE,64,0.09742797144408248,0.13190195556164463,150,ADAPTED_SPHERICAL_KS_WORKFLOW_REPRODUCTION
press,0.31865051225803404,0.2526677152235754,0.16080998691723997,0.9486888906541071,0.3186500323751069,0.0015948762042029552,0.12820798470417374,0.8717920152958263,79.38077545166016,6.00465625666402e-07,6.984208766880329e-07,30.46513557434082,0.06777851526526499,0.1298028609083767,0.8701971390916233,79.38077545166016,6.013181064190576e-07,7.288477377187519e-07,29.419485092163086,128,HIGHER_RES_SAMPLING_REFERENCE,96,0.020343092980222702,0.022223689725350243,150,ADAPTED_SPHERICAL_KS_WORKFLOW_REPRODUCTION
press,0.0,0.0,0.0,1.0,0.0,0.0,0.06908715342699327,0.9309128465730068,79.38077545166016,5.951723665020836e-07,7.239981982820609e-07,25.929222106933594,0.0,0.06908715342699327,0.9309128465730068,79.38077545166016,5.951723665020836e-07,7.239981982820609e-07,25.929222106933594,128,HIGHER_RES_SAMPLING_REFERENCE,128,0.0,0.0,150,ADAPTED_SPHERICAL_KS_WORKFLOW_REPRODUCTION
vel1,0.05260000712446303,0.05486284585472219,0.08908978854334741,0.9970923107036181,0.07632842435439115,4.4790047266186905e-05,0.005153849965136854,0.9948461500348631,5.386078834533691,-0.04337894916534424,0.0033993772231042385,5.096728801727295,0.011223687095363387,0.0051090599178706675,0.9948909400821293,5.333650588989258,-0.0013610037276521325,0.0036613591946661472,5.077014446258545,128,HIGHER_RES_SAMPLING_REFERENCE,64,0.009735803836851525,0.013427990264115402,150,ADAPTED_SPHERICAL_KS_WORKFLOW_REPRODUCTION
vel1,0.04438108793601739,0.035448932062789186,0.08892212820852385,0.9974378035692149,0.07156563328934694,0.00021434310058884853,0.0037268133505097643,0.9962731866494903,5.389357566833496,-0.04337894916534424,0.0034195813350379467,5.085432052612305,0.008373028851662391,0.003941156451098613,0.9960588435489014,5.37337589263916,-0.04337894916534424,0.003419581800699234,5.087590217590332,128,HIGHER_RES_SAMPLING_REFERENCE,96,0.003766736361745642,0.002751288124682567,150,ADAPTED_SPHERICAL_KS_WORKFLOW_REPRODUCTION
vel1,0.0,0.0,0.0,1.0,0.0,0.0,0.0026561358616541413,0.9973438641383459,5.37337589263916,-0.04337894916534424,0.0034195808693766594,5.089694023132324,0.0,0.0026561358616541413,0.9973438641383459,5.37337589263916,-0.04337894916534424,0.0034195808693766594,5.089694023132324,128,HIGHER_RES_SAMPLING_REFERENCE,128,0.0,0.0,150,ADAPTED_SPHERICAL_KS_WORKFLOW_REPRODUCTION
vel2,0.2511835943203104,0.08980375745053022,0.07918636373921709,0.977946640263273,0.22847127426456348,0.019715278319359417,0.06403461626028718,0.9359653837397128,0.10875140130519867,-0.10396940261125565,-0.08238805830478668,0.08341128379106522,3.208388504960914,0.0837498945796466,0.9162501054203533,0.14025002717971802,-0.15708047151565552,-0.10930837690830231,0.11020616441965103,128,HIGHER_RES_SAMPLING_REFERENCE,64,3.375323630656073,0.27642023089429607,150,ADAPTED_SPHERICAL_KS_WORKFLOW_REPRODUCTION
vel2,0.11988325010463678,0.059108822122397736,0.10067680222583363,0.9938254924883425,0.1113440684417304,0.002653308142632635,0.05877460919475976,0.9412253908052403,0.14025002717971802,-0.15708047151565552,-0.09161067008972168,0.10224609076976776,0.48363845077241197,0.05612130105212713,0.9438786989478729,0.14025002717971802,-0.15708047151565552,-0.09543516486883163,0.10274459421634674,128,HIGHER_RES_SAMPLING_REFERENCE,96,0.5343232851754935,0.038616674890641745,150,ADAPTED_SPHERICAL_KS_WORKFLOW_REPRODUCTION
vel2,0.0,0.0,0.0,1.0,0.0,0.0,0.04127931192245179,0.9587206880775482,0.14025002717971802,-0.15708047151565552,-0.08867327123880386,0.09256136417388916,0.0,0.04127931192245179,0.9587206880775482,0.14025002717971802,-0.15708047151565552,-0.08867327123880386,0.09256136417388916,128,HIGHER_RES_SAMPLING_REFERENCE,128,0.0,0.0,150,ADAPTED_SPHERICAL_KS_WORKFLOW_REPRODUCTION
vel3,0.09259321461991549,0.0762543389187187,0.07826245927774819,0.9960809511031268,0.09217815469639909,0.002672784663954375,0.034181797666807893,0.9658182023331922,1.776070475578308,-0.013572631403803825,0.0001000781703623943,1.4382621049880981,0.03759184598296084,0.03150901300285352,0.9684909869971465,1.6160402297973633,-0.1516893208026886,9.990976832341403e-05,1.394911527633667,128,HIGHER_RES_SAMPLING_REFERENCE,64,0.03160338941620338,0.039230303541396234,150,ADAPTED_SPHERICAL_KS_WORKFLOW_REPRODUCTION
vel3,0.07503669218666478,0.03243373145066859,0.0668845151099951,0.9972838661491537,0.07426835532530462,0.00042853869695358426,0.020842368536714184,0.9791576314632858,1.6160402297973633,-0.1516893208026886,0.00010196224320679903,1.3747600317001343,0.0293594158627604,0.0204138298397606,0.9795861701602394,1.776070475578308,-0.1516893208026886,0.00010161699174204841,1.4301565885543823,128,HIGHER_RES_SAMPLING_REFERENCE,96,0.009937462020260095,0.07251561582791179,150,ADAPTED_SPHERICAL_KS_WORKFLOW_REPRODUCTION
vel3,0.0,0.0,0.0,1.0,0.0,0.0,0.014843272386264759,0.9851567276137353,1.776070475578308,-0.1516893208026886,0.00010180100071011111,1.4159924983978271,0.0,0.014843272386264759,0.9851567276137353,1.776070475578308,-0.1516893208026886,0.00010180100071011111,1.4159924983978271,128,HIGHER_RES_SAMPLING_REFERENCE,128,0.0,0.0,150,ADAPTED_SPHERICAL_KS_WORKFLOW_REPRODUCTION
Bcc1,0.08894997600688717,0.06211889577835635,0.05415456477459544,0.9975807712391694,0.08890238038241866,0.002258844431530585,0.06253265637278282,0.9374673436272172,19.810110092163086,-20.31141471862793,-18.559289932250977,18.64544677734375,2.1447152090157227,0.06479150080431341,0.9352084991956866,22.331584930419922,-22.486600875854492,-20.433095932006836,20.50965118408203,128,HIGHER_RES_SAMPLING_REFERENCE,64,2.116619616032524,0.11587341119104394,175,ADAPTED_SPHERICAL_KS_WORKFLOW_REPRODUCTION
Bcc1,0.0645375452144833,0.039807452741163256,0.08637485613868873,0.998053102067887,0.06450044752203227,0.0009174054121331085,0.04342952527357384,0.9565704747264262,22.331584930419922,-22.486600875854492,-18.58408546447754,18.72562026977539,2.3762955212276204,0.04251211986144073,0.9574878801385592,22.331584930419922,-22.486600875854492,-20.022960662841797,19.723665237426758,128,HIGHER_RES_SAMPLING_REFERENCE,96,2.3216550667224864,0.03526326864709159,175,ADAPTED_SPHERICAL_KS_WORKFLOW_REPRODUCTION
Bcc1,0.0,0.0,0.0,1.0,0.0,0.0,0.030871197309225915,0.9691288026907741,22.331584930419922,-22.486600875854492,-19.483840942382812,19.28542709350586,0.0,0.030871197309225915,0.9691288026907741,22.331584930419922,-22.486600875854492,-19.483840942382812,19.28542709350586,128,HIGHER_RES_SAMPLING_REFERENCE,128,0.0,0.0,175,ADAPTED_SPHERICAL_KS_WORKFLOW_REPRODUCTION
Bcc2,0.329482074687097,0.12579183583538467,0.11490393123576503,0.9645909193231671,0.32947946799727357,0.04406646772727141,0.1385696621152735,0.8614303378847266,3.1153106689453125,-4.445490837097168,-1.7197704315185547,2.8842878341674805,0.27240859431983055,0.1826361298425449,0.817363870157455,4.9507880210876465,-4.6379194259643555,-1.8234096765518188,4.638534069061279,128,HIGHER_RES_SAMPLING_REFERENCE,64,0.23752593879203468,0.4114902390686023,175,ADAPTED_SPHERICAL_KS_WORKFLOW_REPRODUCTION
Bcc2,0.14980293004055997,0.08052695927705349,0.1367759199669189,0.9889140149068129,0.1498019461997471,0.01694058412413088,0.14305824438220036,0.8569417556177996,4.9507880210876465,-4.6379194259643555,-1.7679400444030762,4.5290303230285645,0.09340407918502587,0.12611766025806947,0.8738823397419305,4.9507880210876465,-4.716954708099365,-1.768838882446289,4.541482925415039,128,HIGHER_RES_SAMPLING_REFERENCE,96,0.04971548675355633,0.0509743918678941,175,ADAPTED_SPHERICAL_KS_WORKFLOW_REPRODUCTION
Bcc2,0.0,0.0,0.0,1.0000000000000002,0.0,0.0,0.0988716021296128,0.9011283978703872,4.9507880210876465,-4.716954708099365,-1.7321256399154663,4.365630149841309,0.0,0.0988716021296128,0.9011283978703872,4.9507880210876465,-4.716954708099365,-1.7321256399154663,4.365630149841309,128,HIGHER_RES_SAMPLING_REFERENCE,128,0.0,0.0,175,ADAPTED_SPHERICAL_KS_WORKFLOW_REPRODUCTION
Bcc3,0.15048095551910207,0.08632366912420009,0.07061899356549206,0.9920519005410476,0.15047717669638952,0.004400619371589809,0.10277321180169535,0.8972267881983047,46.08718490600586,-41.007694244384766,-34.705482482910156,40.56792068481445,0.6984460193362265,0.09837259243010554,0.9016274075698945,47.654075622558594,-42.123985290527344,-39.01971435546875,43.1127815246582,128,HIGHER_RES_SAMPLING_REFERENCE,64,0.4799179544089391,0.17344629291490174,175,ADAPTED_SPHERICAL_KS_WORKFLOW_REPRODUCTION
Bcc3,0.1574293066662033,0.051585621289753796,0.0810785953974519,0.9882560954225381,0.15742474654080071,0.011251568706152557,0.07384106105336627,0.9261589389466337,47.654075622558594,-42.123985290527344,-37.9925651550293,40.8482666015625,0.8441688123210747,0.06258949234721371,0.9374105076527863,47.654075622558594,-42.123985290527344,-38.318267822265625,43.146156311035156,128,HIGHER_RES_SAMPLING_REFERENCE,96,0.19707660098898985,0.09673578328763804,175,ADAPTED_SPHERICAL_KS_WORKFLOW_REPRODUCTION
Bcc3,0.0,0.0,0.0,1.0000000000000002,0.0,0.0,0.04872531261281337,0.9512746873871867,47.654075622558594,-42.123985290527344,-37.15321731567383,42.29200744628906,0.0,0.04872531261281337,0.9512746873871867,47.654075622558594,-42.123985290527344,-37.15321731567383,42.29200744628906,128,HIGHER_RES_SAMPLING_REFERENCE,128,0.0,0.0,175,ADAPTED_SPHERICAL_KS_WORKFLOW_REPRODUCTION
rho,0.4213932123476961,0.3577703236472273,0.052886605184297934,0.9100493009950035,0.42010045239805116,0.002796154587080546,0.1376351089178006,0.8623648910821994,150.60606384277344,6.475233931269031e-06,7.79004221840296e-06,68.16488647460938,0.058625684489918325,0.14043126350488114,0.8595687364951189,160.48150634765625,6.595521881536115e-06,8.089167749858461e-06,69.26554870605469,128,HIGHER_RES_SAMPLING_REFERENCE,64,0.04832807376910357,0.03665054990545378,175,ADAPTED_SPHERICAL_KS_WORKFLOW_REPRODUCTION
rho,0.3251627795598076,0.21177084254639966,0.10962022610304559,0.9474042858068806,0.3234282265253393,0.0018825222447638804,0.059830560803745214,0.9401694391962547,160.48150634765625,6.367009518726263e-06,8.049626558204181e-06,68.18180847167969,0.03337467608298632,0.061713083048509094,0.9382869169514909,160.48150634765625,6.398877758329036e-06,8.11726840765914e-06,68.92723846435547,128,HIGHER_RES_SAMPLING_REFERENCE,96,0.012303701695574432,0.011196126283878815,175,ADAPTED_SPHERICAL_KS_WORKFLOW_REPRODUCTION
rho,0.0,0.0,0.0,1.0000000000000002,0.0,0.0,0.027354156308204387,0.9726458436917956,160.48150634765625,6.367009518726263e-06,7.886383173172362e-06,67.91860961914062,0.0,0.027354156308204387,0.9726458436917956,160.48150634765625,6.367009518726263e-06,7.886383173172362e-06,67.91860961914062,128,HIGHER_RES_SAMPLING_REFERENCE,128,0.0,0.0,175,ADAPTED_SPHERICAL_KS_WORKFLOW_REPRODUCTION
press,0.4750611008076996,0.4274786658365882,0.08208474964275841,0.8808644798951528,0.4750607697614033,0.0019186253667185516,0.3127642259643462,0.6872357740356538,84.65412902832031,1.19989906011142e-07,2.0034974568261532e-07,33.79336929321289,0.09730814944904002,0.3146828513310648,0.6853171486689352,92.66616821289062,1.5129887742659776e-07,2.2187589365785243e-07,38.07087326049805,128,HIGHER_RES_SAMPLING_REFERENCE,64,0.09332169888583011,0.1505267431617166,175,ADAPTED_SPHERICAL_KS_WORKFLOW_REPRODUCTION
press,0.40107183379573236,0.2536761152588626,0.15851682553524352,0.9181040324642763,0.40107110464240264,0.0005832174540290891,0.1753314066170561,0.8246685933829438,92.66616821289062,1.166870120528074e-07,2.107874479406746e-07,34.995216369628906,0.06829411073375803,0.174748189163027,0.825251810836973,92.53495788574219,9.54696375288222e-08,2.0891999952254992e-07,36.51164627075195,128,HIGHER_RES_SAMPLING_REFERENCE,96,0.020732872265243764,0.04018525866328349,175,ADAPTED_SPHERICAL_KS_WORKFLOW_REPRODUCTION
press,0.0,0.0,0.0,1.0,0.0,0.0,0.10171242989390368,0.8982875701060963,92.66616821289062,9.54696375288222e-08,2.1055743104625435e-07,34.56144714355469,0.0,0.10171242989390368,0.8982875701060963,92.66616821289062,9.54696375288222e-08,2.1055743104625435e-07,34.56144714355469,128,HIGHER_RES_SAMPLING_REFERENCE,128,0.0,0.0,175,ADAPTED_SPHERICAL_KS_WORKFLOW_REPRODUCTION
vel1,0.050752307811044554,0.05488110775294214,0.08418143888926993,0.9972582613493901,0.07423888953143462,7.879480821523527e-05,0.006060786258253902,0.9939392137417461,6.03473424911499,0.0,0.0020737037993967533,5.697570323944092,0.010563067247616333,0.005981991450038667,0.9940180085499614,6.061692237854004,0.0,0.0011648365762084723,5.596760272979736,128,HIGHER_RES_SAMPLING_REFERENCE,64,0.008897873259669146,0.01699904031653557,175,ADAPTED_SPHERICAL_KS_WORKFLOW_REPRODUCTION
vel1,0.04518824767830678,0.036003955438975305,0.09152174043907264,0.9971220059187372,0.07587105287444704,0.0002656029890816345,0.004419628946302793,0.9955803710536972,6.0817036628723145,0.0,0.002053001197054982,5.58508825302124,0.007489845315174538,0.004685231935384428,0.9953147680646156,6.102746486663818,0.0,0.0020720886532217264,5.572487831115723,128,HIGHER_RES_SAMPLING_REFERENCE,96,0.0029681097956304834,0.00325917955537451,175,ADAPTED_SPHERICAL_KS_WORKFLOW_REPRODUCTION
vel1,0.0,0.0,0.0,1.0,0.0,0.0,0.0031724939522299093,0.99682750604777,6.102746486663818,0.0,0.0020487350411713123,5.657834529876709,0.0,0.0031724939522299093,0.99682750604777,6.102746486663818,0.0,0.0020487350411713123,5.657834529876709,128,HIGHER_RES_SAMPLING_REFERENCE,128,0.0,0.0,175,ADAPTED_SPHERICAL_KS_WORKFLOW_REPRODUCTION
vel2,0.29558097956988993,0.07113062091922186,0.0779361915546259,0.9639554853683294,0.2724774408663511,0.013922792777649101,0.08544136617225619,0.9145586338277438,0.25602203607559204,-0.23538285493850708,-0.08846724778413773,0.08701477199792862,1.3787908110081644,0.09936415894990529,0.9006358410500948,0.24126370251178741,-0.24187354743480682,-0.11079846322536469,0.1132684201002121,128,HIGHER_RES_SAMPLING_REFERENCE,64,2.5066054051768045,0.2196879951464344,175,ADAPTED_SPHERICAL_KS_WORKFLOW_REPRODUCTION
vel2,0.23318148701259103,0.05238787515807766,0.09910924353230356,0.976864951101668,0.21401472121008222,0.0012817957497195664,0.06452364658393106,0.9354763534160689,0.25832921266555786,-0.2619597017765045,-0.10564373433589935,0.11027124524116516,0.5420986239339309,0.0632418508342115,0.9367581491657885,0.25832921266555786,-0.2619597017765045,-0.1063370332121849,0.1100810319185257,128,HIGHER_RES_SAMPLING_REFERENCE,96,0.3519992710121608,0.03469581372288551,175,ADAPTED_SPHERICAL_KS_WORKFLOW_REPRODUCTION
vel2,0.0,0.0,0.0,1.0,0.0,0.0,0.04362542417600085,0.9563745758239992,0.25832921266555786,-0.2619597017765045,-0.1026318296790123,0.10697514563798904,0.0,0.04362542417600085,0.9563745758239992,0.25832921266555786,-0.2619597017765045,-0.1026318296790123,0.10697514563798904,128,HIGHER_RES_SAMPLING_REFERENCE,128,0.0,0.0,175,ADAPTED_SPHERICAL_KS_WORKFLOW_REPRODUCTION
vel3,0.08567701201291689,0.07344098240458535,0.08000424091136145,0.9966427361969905,0.08536479967515534,0.0018652994406700846,0.033558256873397786,0.9664417431266022,1.6999738216400146,0.0,0.00025697617093101144,1.4492210149765015,0.031186042691593294,0.0316929574327277,0.9683070425672723,1.6006405353546143,-0.08093083649873734,0.00025697617093101144,1.4103502035140991,128,HIGHER_RES_SAMPLING_REFERENCE,64,0.028177170514775727,0.0529759304506991,175,ADAPTED_SPHERICAL_KS_WORKFLOW_REPRODUCTION
vel3,0.08253856610545088,0.03308983686796143,0.07776525862613298,0.9967259658049422,0.0816528752520551,0.0010155684712727271,0.02096371059245791,0.9790362894075421,1.6006405353546143,-0.08093083649873734,0.00023984852305147797,1.393554449081421,0.03636178436158964,0.019948142121185182,0.9800518578788148,1.6999738216400146,0.0,0.00023984852305147797,1.440276861190796,128,HIGHER_RES_SAMPLING_REFERENCE,96,0.013807064781492356,0.05212161778781252,175,ADAPTED_SPHERICAL_KS_WORKFLOW_REPRODUCTION
vel3,0.0,0.0,0.0,1.0,0.0,0.0,0.014968214043387405,0.9850317859566126,1.6999738216400146,-0.08093083649873734,0.00024067446065600961,1.4258619546890259,0.0,0.014968214043387405,0.9850317859566126,1.6999738216400146,-0.08093083649873734,0.00024067446065600961,1.4258619546890259,128,HIGHER_RES_SAMPLING_REFERENCE,128,0.0,0.0,175,ADAPTED_SPHERICAL_KS_WORKFLOW_REPRODUCTION
Bcc1,0.0861945612576434,0.061462309189751124,0.05613974411493222,0.9977141659550023,0.08613713325638622,0.002017791061708969,0.0611223122183561,0.9388776877816439,18.871122360229492,-18.75625991821289,-17.767765045166016,17.48534393310547,1.8480018899140327,0.06314010328006507,0.936859896719935,20.825223922729492,-20.98439598083496,-19.51041603088379,19.202211380004883,128,HIGHER_RES_SAMPLING_REFERENCE,64,1.840184232527667,0.11201596320523753,200,ADAPTED_SPHERICAL_KS_WORKFLOW_REPRODUCTION
Bcc1,0.07422609451421168,0.039145223240165006,0.08440519952745028,0.9973643441343721,0.07416106266600253,0.0008538190272921048,0.042437555758652656,0.9575624442413473,20.825223922729492,-20.98439598083496,-17.69058609008789,17.665729522705078,1.8988701332008922,0.04158373673136055,0.9584162632686395,20.825223922729492,-20.98439598083496,-18.603466033935547,18.816617965698242,128,HIGHER_RES_SAMPLING_REFERENCE,96,1.866669846166969,0.03456131692052,200,ADAPTED_SPHERICAL_KS_WORKFLOW_REPRODUCTION
Bcc1,0.0,0.0,0.0,1.0000000000000002,0.0,0.0,0.030173431655901157,0.9698265683440989,20.825223922729492,-20.98439598083496,-18.400426864624023,18.275896072387695,0.0,0.030173431655901157,0.9698265683440989,20.825223922729492,-20.98439598083496,-18.400426864624023,18.275896072387695,128,HIGHER_RES_SAMPLING_REFERENCE,128,0.0,0.0,200,ADAPTED_SPHERICAL_KS_WORKFLOW_REPRODUCTION
Bcc2,0.3073320278757798,0.15096049424589844,0.11306130793995514,0.9661575390165721,0.30731479197289036,0.030343370075836318,0.14086974029120516,0.8591302597087949,3.44419264793396,-4.277523517608643,-1.9465465545654297,2.7320175170898438,0.26737446086705624,0.17121311036704148,0.8287868896329585,4.505773544311523,-4.58439826965332,-2.029467821121216,4.069217681884766,128,HIGHER_RES_SAMPLING_REFERENCE,64,0.2612103454187335,0.34921936825927186,200,ADAPTED_SPHERICAL_KS_WORKFLOW_REPRODUCTION
Bcc2,0.1782919336557397,0.13621032411057363,0.13003717950016114,0.984094633574199,0.17828766520259925,0.012778842591454356,0.12960623419710868,0.8703937658028913,4.505773544311523,-4.58439826965332,-1.9635244607925415,3.882915735244751,0.09442240856176758,0.11682739160565432,0.8831726083943456,4.505773544311523,-4.560910701751709,-1.9889415502548218,3.861175060272217,128,HIGHER_RES_SAMPLING_REFERENCE,96,0.05439465569805607,0.053535841832025165,200,ADAPTED_SPHERICAL_KS_WORKFLOW_REPRODUCTION
Bcc2,0.0,0.0,0.0,1.0,0.0,0.0,0.0890409721310987,0.9109590278689013,4.505773544311523,-4.58439826965332,-1.9427413940429688,3.686598062515259,0.0,0.0890409721310987,0.9109590278689013,4.505773544311523,-4.58439826965332,-1.9427413940429688,3.686598062515259,128,HIGHER_RES_SAMPLING_REFERENCE,128,0.0,0.0,200,ADAPTED_SPHERICAL_KS_WORKFLOW_REPRODUCTION
Bcc3,0.14895789552790387,0.09198629780500307,0.09260952508938057,0.9927138829797374,0.148953104614118,0.0044058427003629,0.09574777788399984,0.9042522221160002,34.6968879699707,-37.50410079956055,-33.569766998291016,27.078445434570312,0.5142478917082213,0.09134193518363694,0.908658064816363,38.60175323486328,-40.01740264892578,-36.35360336303711,31.217180252075195,128,HIGHER_RES_SAMPLING_REFERENCE,64,0.5275013261757182,0.18080488191343996,200,ADAPTED_SPHERICAL_KS_WORKFLOW_REPRODUCTION
Bcc3,0.12673250939352623,0.058317785622924403,0.08468735561914283,0.9924062652851643,0.12672788672428797,0.005756597135236928,0.06664030259057918,0.9333596974094208,38.60175323486328,-40.01740264892578,-34.5157470703125,29.489961624145508,0.16898704004242568,0.06088370545534225,0.9391162945446577,38.60175323486328,-40.01740264892578,-35.61358642578125,30.657861709594727,128,HIGHER_RES_SAMPLING_REFERENCE,96,0.004803726994732441,0.074413288537253,200,ADAPTED_SPHERICAL_KS_WORKFLOW_REPRODUCTION
Bcc3,0.0,0.0,0.0,1.0,0.0,0.0,0.0447582204011807,0.9552417795988193,38.60175323486328,-40.01740264892578,-34.84754943847656,29.65000343322754,0.0,0.0447582204011807,0.9552417795988193,38.60175323486328,-40.01740264892578,-34.84754943847656,29.65000343322754,128,HIGHER_RES_SAMPLING_REFERENCE,128,0.0,0.0,200,ADAPTED_SPHERICAL_KS_WORKFLOW_REPRODUCTION
rho,0.2797244266785742,0.3151401387289137,0.07395992801013444,0.9594864097398973,0.282208517309029,0.0008004578969195986,0.08463305734978104,0.915366942650219,196.9420928955078,6.143421614979161e-06,8.025485840335023e-06,48.35533142089844,0.058562500333222176,0.08543351524670063,0.9145664847532994,184.37185668945312,6.137584932730533e-06,9.032620255311485e-06,48.50537872314453,128,HIGHER_RES_SAMPLING_REFERENCE,64,0.050079140075436616,0.049869295243315924,200,ADAPTED_SPHERICAL_KS_WORKFLOW_REPRODUCTION
rho,0.2990832837259172,0.1985538822957873,0.11397717685007133,0.9567366830267218,0.2929503101498445,0.001647561831059359,0.04422026119806731,0.9557797388019327,184.37185668945312,6.128726909082616e-06,8.062954293563962e-06,48.0550651550293,0.03608181742077929,0.04586782302912667,0.9541321769708734,202.1923828125,4.313812496548053e-06,7.4221416070940904e-06,48.54564666748047,128,HIGHER_RES_SAMPLING_REFERENCE,96,0.015491707866911576,0.01915180077289964,200,ADAPTED_SPHERICAL_KS_WORKFLOW_REPRODUCTION
rho,0.0,0.0,0.0,1.0,0.0,0.0,0.027291876248583483,0.9727081237514165,202.1923828125,4.313515546527924e-06,8.096443707472645e-06,48.15619659423828,0.0,0.027291876248583483,0.9727081237514165,202.1923828125,4.313515546527924e-06,8.096443707472645e-06,48.15619659423828,128,HIGHER_RES_SAMPLING_REFERENCE,128,0.0,0.0,200,ADAPTED_SPHERICAL_KS_WORKFLOW_REPRODUCTION
press,0.3693367807522192,0.347652211527636,0.1268430999862565,0.9293934462432546,0.3693364176388701,0.004506808218966762,0.25943375598926705,0.740566244010733,85.77491760253906,2.398955878391007e-08,1.4531080694268894e-07,40.60599899291992,0.10350769257591835,0.2639405642082338,0.7360594357917662,93.03839874267578,3.2509365865962536e-08,1.3688766387076612e-07,44.018863677978516,128,HIGHER_RES_SAMPLING_REFERENCE,64,0.09540828055786095,0.15972147100822254,200,ADAPTED_SPHERICAL_KS_WORKFLOW_REPRODUCTION
press,0.3652802189329064,0.24124725060387775,0.1663001557649645,0.9325863661681395,0.3652785508565092,0.0013023073744452829,0.1521999219886908,0.8478000780113092,93.03839874267578,2.4517843755234026e-08,1.2988977005079505e-07,41.37705993652344,0.06564043958343035,0.15089761461424553,0.8491023853857544,93.03839874267578,1.8723918415730623e-08,1.230963420084663e-07,41.1070556640625,128,HIGHER_RES_SAMPLING_REFERENCE,96,0.018614608984794393,0.020897565131586884,200,ADAPTED_SPHERICAL_KS_WORKFLOW_REPRODUCTION
press,0.0,0.0,0.0,1.0,0.0,0.0,0.09278997375090389,0.9072100262490961,93.03839874267578,1.8723918415730623e-08,1.3348068250707001e-07,40.76787567138672,0.0,0.09278997375090389,0.9072100262490961,93.03839874267578,1.8723918415730623e-08,1.3348068250707001e-07,40.76787567138672,128,HIGHER_RES_SAMPLING_REFERENCE,128,0.0,0.0,200,ADAPTED_SPHERICAL_KS_WORKFLOW_REPRODUCTION
vel1,0.05681612652965747,0.06177488883912004,0.08361134961822428,0.9971037955476967,0.07626702725867798,3.083083139321201e-05,0.006264704071665838,0.9937352959283342,5.9371018409729,-0.022417642176151276,-0.0023213853128254414,5.612798690795898,0.010061054670048203,0.00629553490305905,0.993704465096941,6.032104969024658,-0.0028632651083171368,-0.0014997191028669477,5.540014743804932,128,HIGHER_RES_SAMPLING_REFERENCE,64,0.008216873338724867,0.015090381316694148,200,ADAPTED_SPHERICAL_KS_WORKFLOW_REPRODUCTION
vel1,0.053503732787833935,0.04160818025047195,0.08992097750207341,0.9970376457180614,0.07697916431684046,0.0002062886151626992,0.004477055117849808,0.9955229448821502,6.054574012756348,-0.0028632651083171368,-0.0014981422573328018,5.562073230743408,0.007237673121620867,0.004683343733012507,0.9953166562669875,6.032867431640625,-0.022417642176151276,-0.00232142535969615,5.5435638427734375,128,HIGHER_RES_SAMPLING_REFERENCE,96,0.0026423157002314233,0.0034976083679141294,200,ADAPTED_SPHERICAL_KS_WORKFLOW_REPRODUCTION
vel1,0.0,0.0,0.0,0.9999999999999999,0.0,0.0,0.003170149462570727,0.9968298505374292,6.0489115715026855,-0.022417642176151276,-0.0022930121049284935,5.591645240783691,0.0,0.003170149462570727,0.9968298505374292,6.0489115715026855,-0.022417642176151276,-0.0022930121049284935,5.591645240783691,128,HIGHER_RES_SAMPLING_REFERENCE,128,0.0,0.0,200,ADAPTED_SPHERICAL_KS_WORKFLOW_REPRODUCTION
vel2,0.25041347348260273,0.0991006985492832,0.0778498638750307,0.9718426770838933,0.23713588874143635,0.007380948105083718,0.07258721099035852,0.9274127890096415,0.2532081604003906,-0.2438272088766098,-0.10757999122142792,0.12088387459516525,1.0614586334853344,0.07996815909544223,0.9200318409045578,0.2696826159954071,-0.25645163655281067,-0.11415120214223862,0.12357126176357269,128,HIGHER_RES_SAMPLING_REFERENCE,64,1.6706717349976312,0.13716932947683208,200,ADAPTED_SPHERICAL_KS_WORKFLOW_REPRODUCTION
vel2,0.268531144915907,0.07844069188251893,0.1013309678172991,0.9676832468462263,0.2531394401763927,0.000655848226634767,0.050273123033413164,0.9497268769665869,0.2696826159954071,-0.25645163655281067,-0.11197713762521744,0.12136286497116089,0.4040149023913989,0.05092897126004793,0.9490710287399521,0.2811971604824066,-0.25645163655281067,-0.1121453121304512,0.12213622033596039,128,HIGHER_RES_SAMPLING_REFERENCE,96,0.3934061486394566,0.02391685732834815,200,ADAPTED_SPHERICAL_KS_WORKFLOW_REPRODUCTION
vel2,0.0,0.0,0.0,1.0000000000000002,0.0,0.0,0.03367504661966538,0.9663249533803346,0.2811971604824066,-0.25645163655281067,-0.11094700545072556,0.12112793326377869,0.0,0.03367504661966538,0.9663249533803346,0.2811971604824066,-0.25645163655281067,-0.11094700545072556,0.12112793326377869,128,HIGHER_RES_SAMPLING_REFERENCE,128,0.0,0.0,200,ADAPTED_SPHERICAL_KS_WORKFLOW_REPRODUCTION
vel3,0.0847370936272163,0.1655082581274656,0.22004130347806278,0.9963878206080893,0.08895945296090765,0.0013088610877017536,0.03221109883232193,0.9677889011676781,1.574708342552185,-0.2447112649679184,-0.10961771756410599,1.3377984762191772,0.034296162607705134,0.030902237744620174,0.9690977622553798,1.759108066558838,-0.2689321041107178,-0.11409582197666168,1.3183109760284424,128,HIGHER_RES_SAMPLING_REFERENCE,64,0.032009719706261014,0.04790765139246776,200,ADAPTED_SPHERICAL_KS_WORKFLOW_REPRODUCTION
vel3,0.08111305428869388,0.08141487457119606,0.21888616921419365,0.996643416088831,0.08219782488453521,5.75316208103957e-05,0.02011936645604646,0.9798806335439535,1.759108066558838,-0.318955659866333,-0.12455935031175613,1.3011943101882935,0.02709388590018734,0.020061834835236065,0.979938165164764,1.8317909240722656,-0.318955659866333,-0.12724730372428894,1.3379027843475342,128,HIGHER_RES_SAMPLING_REFERENCE,96,0.009927846423040796,0.032301224160322724,200,ADAPTED_SPHERICAL_KS_WORKFLOW_REPRODUCTION
vel3,0.0,0.0,0.0,1.0,0.0,0.0,0.01452819584282336,0.9854718041571766,1.8317909240722656,-0.318955659866333,-0.11289933323860168,1.3209911584854126,0.0,0.01452819584282336,0.9854718041571766,1.8317909240722656,-0.318955659866333,-0.11289933323860168,1.3209911584854126,128,HIGHER_RES_SAMPLING_REFERENCE,128,0.0,0.0,200,ADAPTED_SPHERICAL_KS_WORKFLOW_REPRODUCTION
Bcc1,0.08703790165689818,0.060920069460395146,0.05847090600374383,0.9976957796677601,0.08697918241141962,0.0019161186258606008,0.061322928350322485,0.9386770716496775,17.505496978759766,-17.621826171875,-16.266780853271484,16.396259307861328,1.9572576237350954,0.06323904697618309,0.9367609530238169,19.443784713745117,-19.492294311523438,-17.844371795654297,18.09071922302246,128,HIGHER_RES_SAMPLING_REFERENCE,64,1.9920054207713596,0.11378303496431,211,ADAPTED_SPHERICAL_KS_WORKFLOW_REPRODUCTION
Bcc1,0.06348893007814412,0.042161411330501455,0.08555468710371109,0.9981215864925822,0.06344680279850323,0.0009411722802614986,0.042614785668325404,0.9573852143316746,19.443784713745117,-19.492294311523438,-16.63113021850586,16.690731048583984,2.050305129955579,0.041673613388063906,0.9583263866119361,19.443784713745117,-19.492294311523438,-17.30824089050293,17.484771728515625,128,HIGHER_RES_SAMPLING_REFERENCE,96,2.1772805894618963,0.035288916272369186,211,ADAPTED_SPHERICAL_KS_WORKFLOW_REPRODUCTION
Bcc1,0.0,0.0,0.0,0.9999999999999998,0.0,0.0,0.030358026416802703,0.9696419735831973,19.443784713745117,-19.492294311523438,-16.981056213378906,17.107812881469727,0.0,0.030358026416802703,0.9696419735831973,19.443784713745117,-19.492294311523438,-16.981056213378906,17.107812881469727,128,HIGHER_RES_SAMPLING_REFERENCE,128,0.0,0.0,211,ADAPTED_SPHERICAL_KS_WORKFLOW_REPRODUCTION
Bcc2,0.2827763270601867,0.172299139111768,0.11952234165658818,0.9750183210575554,0.28276275722961053,0.026510735632815613,0.14409207097870855,0.8559079290212914,3.0108766555786133,-4.662540912628174,-1.4741358757019043,2.673288345336914,0.2292242961813626,0.17060280661152416,0.8293971933884758,4.546178817749023,-4.78904390335083,-1.5459529161453247,4.016152858734131,128,HIGHER_RES_SAMPLING_REFERENCE,64,0.2156636783577499,0.3550247809389453,211,ADAPTED_SPHERICAL_KS_WORKFLOW_REPRODUCTION
Bcc2,0.1648980888754862,0.1666131639797969,0.1268415686937429,0.9865733817750608,0.16489834772200826,0.017020372504420345,0.13121420706287643,0.8687857929371235,4.546178817749023,-5.163398742675781,-1.495072364807129,3.783125638961792,0.10428043558416115,0.11419383455845608,0.8858061654415439,4.546178817749023,-5.163398742675781,-1.5061248540878296,3.7614798545837402,128,HIGHER_RES_SAMPLING_REFERENCE,96,0.05429807236367771,0.061711857702401625,211,ADAPTED_SPHERICAL_KS_WORKFLOW_REPRODUCTION
Bcc2,0.0,0.0,0.0,1.0,0.0,0.0,0.0879059642928163,0.9120940357071837,4.546178817749023,-5.163398742675781,-1.4799124002456665,3.5507307052612305,0.0,0.0879059642928163,0.9120940357071837,4.546178817749023,-5.163398742675781,-1.4799124002456665,3.5507307052612305,128,HIGHER_RES_SAMPLING_REFERENCE,128,0.0,0.0,211,ADAPTED_SPHERICAL_KS_WORKFLOW_REPRODUCTION
Bcc3,0.13230730110034455,0.11288176576250722,0.15356909295126112,0.9950554850891837,0.13230494366147652,0.0034143857220825524,0.0943939712070628,0.9056060287929372,31.149274826049805,-31.19553565979004,-28.554258346557617,26.538034439086914,1.114305809739642,0.09097958548498025,0.9090204145150198,36.48779296875,-35.174739837646484,-30.920917510986328,30.134977340698242,128,HIGHER_RES_SAMPLING_REFERENCE,64,2.495798562683575,0.17703661409908705,211,ADAPTED_SPHERICAL_KS_WORKFLOW_REPRODUCTION
Bcc3,0.1304568515384124,0.07996250965669682,0.10593741231408592,0.9919381011732555,0.1304520198218377,0.007003258666267401,0.06686043691652375,0.9331395630834762,36.48779296875,-35.174739837646484,-29.396814346313477,28.597963333129883,0.40046091859636634,0.059857178250256354,0.9401428217497436,36.48779296875,-35.174739837646484,-30.475601196289062,29.1552791595459,128,HIGHER_RES_SAMPLING_REFERENCE,96,0.66287283485847,0.07621708826061843,211,ADAPTED_SPHERICAL_KS_WORKFLOW_REPRODUCTION
Bcc3,0.0,0.0,0.0,1.0,0.0,0.0,0.04511458418563775,0.9548854158143623,36.48779296875,-35.174739837646484,-29.835269927978516,28.41576385498047,0.0,0.04511458418563775,0.9548854158143623,36.48779296875,-35.174739837646484,-29.835269927978516,28.41576385498047,128,HIGHER_RES_SAMPLING_REFERENCE,128,0.0,0.0,211,ADAPTED_SPHERICAL_KS_WORKFLOW_REPRODUCTION
rho,0.4029087859175091,0.3059185140541423,0.05539340266874905,0.9202913670061879,0.39981683387889166,0.01534225444575632,0.14657120345177782,0.8534287965482221,244.5127410888672,3.7619051909132395e-06,7.354326498898445e-06,62.88025665283203,0.05260055561374042,0.1312289490060215,0.8687710509939786,192.25572204589844,4.384549356473144e-06,7.627303148183273e-06,67.82393646240234,128,HIGHER_RES_SAMPLING_REFERENCE,64,0.044518575083480845,0.029914203697856037,211,ADAPTED_SPHERICAL_KS_WORKFLOW_REPRODUCTION
rho,0.3499932010169538,0.2177020970097816,0.11482063052180018,0.9429261003028154,0.3464953250585742,0.0067982917726589695,0.05847285645624716,0.9415271435437529,250.5733184814453,3.7062529827380786e-06,7.670817467442248e-06,67.87847137451172,0.030891159211492415,0.06527114822890613,0.9347288517710939,250.5733184814453,3.6514295516099082e-06,7.603543508594157e-06,63.66729736328125,128,HIGHER_RES_SAMPLING_REFERENCE,96,0.007111361041244196,0.11305930274370701,211,ADAPTED_SPHERICAL_KS_WORKFLOW_REPRODUCTION
rho,0.0,0.0,0.0,1.0,0.0,0.0,0.028453468216181575,0.9715465317838184,250.5733184814453,3.651425913631101e-06,7.425336661981419e-06,63.980308532714844,0.0,0.028453468216181575,0.9715465317838184,250.5733184814453,3.651425913631101e-06,7.425336661981419e-06,63.980308532714844,128,HIGHER_RES_SAMPLING_REFERENCE,128,0.0,0.0,211,ADAPTED_SPHERICAL_KS_WORKFLOW_REPRODUCTION
press,0.4115645954461388,0.3386375299720964,0.08774204327598084,0.9113830166326444,0.4115632903150509,0.005683529114789143,0.24879674352172038,0.7512032564782796,74.43161010742188,1.961318396581646e-08,1.1701493463078805e-07,32.34975814819336,0.11560289240215699,0.2544802726365095,0.7455197273634905,79.87394714355469,2.0691512503390186e-08,1.1052785708898227e-07,34.9078254699707,128,HIGHER_RES_SAMPLING_REFERENCE,64,0.10514454988375534,0.16386942152486317,211,ADAPTED_SPHERICAL_KS_WORKFLOW_REPRODUCTION
press,0.36595687179114084,0.24002804210311224,0.16652730001216923,0.9319450651914263,0.3659550729554017,0.0003354723566656448,0.13911197968452574,0.8608880203154743,79.87394714355469,1.9148968632975993e-08,1.2070479726844496e-07,33.41126251220703,0.06784735441683087,0.1387765073278601,0.8612234926721399,79.87394714355469,1.870657051483704e-08,1.3167662871182984e-07,34.124755859375,128,HIGHER_RES_SAMPLING_REFERENCE,96,0.01743213461497386,0.03667806632307616,211,ADAPTED_SPHERICAL_KS_WORKFLOW_REPRODUCTION
press,0.0,0.0,0.0,0.9999999999999999,0.0,0.0,0.08371662933386613,0.9162833706661339,79.87394714355469,1.86689543824059e-08,1.286522319787764e-07,32.267539978027344,0.0,0.08371662933386613,0.9162833706661339,79.87394714355469,1.86689543824059e-08,1.286522319787764e-07,32.267539978027344,128,HIGHER_RES_SAMPLING_REFERENCE,128,0.0,0.0,211,ADAPTED_SPHERICAL_KS_WORKFLOW_REPRODUCTION
vel1,0.053984034120168736,0.08705577995593766,0.09146481810734437,0.9962769324423983,0.0865305750813781,4.425589031470563e-05,0.007516228442862505,0.9924837715571375,8.016602516174316,-0.6279585957527161,-0.42287513613700867,5.69522762298584,0.011588289279928613,0.007560484333177211,0.9924395156668228,7.010997295379639,-0.7007066607475281,-0.3985397219657898,5.548595428466797,128,HIGHER_RES_SAMPLING_REFERENCE,64,0.009260360077287248,0.01866710702529175,211,ADAPTED_SPHERICAL_KS_WORKFLOW_REPRODUCTION
vel1,0.05068491744561681,0.06328361534036496,0.09570843976512784,0.9964389739287888,0.08439110768016823,0.00034491435171813203,0.005271894511973232,0.9947281054880268,7.478904724121094,-0.8224465847015381,-0.39376819133758545,5.599930286407471,0.007612855283564096,0.005616808863691364,0.9943831911363087,7.478904724121094,-0.7641354203224182,-0.42995983362197876,5.578632354736328,128,HIGHER_RES_SAMPLING_REFERENCE,96,0.0024400838232229534,0.002287118268244036,211,ADAPTED_SPHERICAL_KS_WORKFLOW_REPRODUCTION
vel1,0.0,0.0,0.0,0.9999999999999999,0.0,0.0,0.003718398637989123,0.9962816013620108,7.792115688323975,-0.7641354203224182,-0.4126109778881073,5.686521053314209,0.0,0.003718398637989123,0.9962816013620108,7.792115688323975,-0.7641354203224182,-0.4126109778881073,5.686521053314209,128,HIGHER_RES_SAMPLING_REFERENCE,128,0.0,0.0,211,ADAPTED_SPHERICAL_KS_WORKFLOW_REPRODUCTION
vel2,0.24648219198308424,0.12955117485332507,0.09051304874769116,0.9734452006375883,0.23073845147114153,0.004884528867832777,0.07881225732593569,0.9211877426740643,0.3120822608470917,-0.40575408935546875,-0.11197838932275772,0.12955093383789062,1.1530983003699269,0.08369678619376847,0.9163032138062315,0.31678953766822815,-0.4143480658531189,-0.11427616328001022,0.1305098533630371,128,HIGHER_RES_SAMPLING_REFERENCE,64,1.1974124656391303,0.1405993259700124,211,ADAPTED_SPHERICAL_KS_WORKFLOW_REPRODUCTION
vel2,0.251331667177623,0.10526839467053563,0.10893002051475624,0.9726184985124154,0.23293544096163504,0.00047697870656744634,0.05125499867866076,0.9487450013213392,0.31678953766822815,-0.4143480658531189,-0.11184520274400711,0.1267770677804947,0.41658618498534805,0.05173197738522821,0.9482680226147718,0.31067079305648804,-0.4143480658531189,-0.11187463253736496,0.12925057113170624,128,HIGHER_RES_SAMPLING_REFERENCE,96,0.35756378071311234,0.02844247339435176,211,ADAPTED_SPHERICAL_KS_WORKFLOW_REPRODUCTION
vel2,0.0,0.0,0.0,1.0000000000000002,0.0,0.0,0.03398078891210815,0.9660192110878918,0.31678953766822815,-0.4143480658531189,-0.1116006076335907,0.12770716845989227,0.0,0.03398078891210815,0.9660192110878918,0.31678953766822815,-0.4143480658531189,-0.1116006076335907,0.12770716845989227,128,HIGHER_RES_SAMPLING_REFERENCE,128,0.0,0.0,211,ADAPTED_SPHERICAL_KS_WORKFLOW_REPRODUCTION
vel3,0.07097311205045863,0.3860949953955755,0.37218338094273024,0.9929669035177232,0.11967250059453266,0.0009037354757541888,0.03258441299139022,0.9674155870086097,1.7205129861831665,-0.41694608330726624,-0.2537810206413269,1.3006155490875244,0.030462518880408046,0.03168067751563603,0.9683193224843639,2.6538491249084473,-0.5930469036102295,-0.23413848876953125,1.3282103538513184,128,HIGHER_RES_SAMPLING_REFERENCE,64,0.029328573483470916,0.06518489440100411,211,ADAPTED_SPHERICAL_KS_WORKFLOW_REPRODUCTION
vel3,0.07453314902022663,0.23859392781833208,0.2963712609477903,0.9953717175817479,0.0964221185706636,0.0006840847214512648,0.020430877206446617,0.9795691227935533,2.647082567214966,-0.7921478748321533,-0.29745036363601685,1.3158073425292969,0.028736144872783663,0.02111496192789788,0.9788850380721021,2.6332743167877197,-0.8064145445823669,-0.30101823806762695,1.334396481513977,128,HIGHER_RES_SAMPLING_REFERENCE,96,0.010262889387938802,0.04878857003742348,211,ADAPTED_SPHERICAL_KS_WORKFLOW_REPRODUCTION
vel3,0.0,0.0,0.0,1.0000000000000002,0.0,0.0,0.014971613627270902,0.985028386372729,2.6538491249084473,-0.8064145445823669,-0.2618580162525177,1.3135402202606201,0.0,0.014971613627270902,0.985028386372729,2.6538491249084473,-0.8064145445823669,-0.2618580162525177,1.3135402202606201,128,HIGHER_RES_SAMPLING_REFERENCE,128,0.0,0.0,211,ADAPTED_SPHERICAL_KS_WORKFLOW_REPRODUCTION
