absolute_difference,channel,increment_mean,r_edge_left,r_edge_right,radial_cells,reference_increment_mean,reference_semantics,resolution,shell,shell_vector_cosine,shell_vector_relative_l2,source_snapshot,target_snapshot,reproduction_scope
0.0,Bcc1,0.0,1.1456345721309733,2.1731385678184307,8,0.0,HIGHER_RES_SAMPLING_REFERENCE,64,0,-0.999999999998081,1.8327433980772059,0,1,ADAPTED_SPHERICAL_KS_WORKFLOW_REPRODUCTION
0.0,Bcc1,0.0,2.1731385678184307,4.122196859122056,8,0.0,HIGHER_RES_SAMPLING_REFERENCE,64,1,-0.999999999998081,1.8327433980772059,0,1,ADAPTED_SPHERICAL_KS_WORKFLOW_REPRODUCTION
0.0,Bcc1,0.0,4.122196859122056,7.819338903185626,8,0.0,HIGHER_RES_SAMPLING_REFERENCE,64,2,-0.999999999998081,1.8327433980772059,0,1,ADAPTED_SPHERICAL_KS_WORKFLOW_REPRODUCTION
0.0,Bcc1,0.0,7.819338903185626,14.832397134933096,8,0.0,HIGHER_RES_SAMPLING_REFERENCE,64,3,-0.999999999998081,1.8327433980772059,0,1,ADAPTED_SPHERICAL_KS_WORKFLOW_REPRODUCTION
7.504307623071539e-11,Bcc1,-3.382654163743338e-11,14.832397134933096,28.135371479901284,8,4.121653459328201e-11,HIGHER_RES_SAMPLING_REFERENCE,64,4,-0.999999999998081,1.8327433980772059,0,1,ADAPTED_SPHERICAL_KS_WORKFLOW_REPRODUCTION
5.574946259582569e-07,Bcc1,2.5330876640141824e-07,28.135371479901284,53.36960176502269,8,-3.0418585955683865e-07,HIGHER_RES_SAMPLING_REFERENCE,64,5,-0.999999999998081,1.8327433980772059,0,1,ADAPTED_SPHERICAL_KS_WORKFLOW_REPRODUCTION
1.4558378780933287e-22,Bcc1,1.5881867761018131e-22,53.36960176502269,101.23606843406442,8,1.3234889800848443e-23,HIGHER_RES_SAMPLING_REFERENCE,64,6,-0.999999999998081,1.8327433980772059,0,1,ADAPTED_SPHERICAL_KS_WORKFLOW_REPRODUCTION
0.0,Bcc1,-5.459392042849983e-23,101.23606843406442,192.03331509030292,8,-5.459392042849983e-23,HIGHER_RES_SAMPLING_REFERENCE,64,7,-0.999999999998081,1.8327433980772059,0,1,ADAPTED_SPHERICAL_KS_WORKFLOW_REPRODUCTION
0.0,Bcc1,0.0,1.1302164885137453,2.1511666951179094,12,0.0,HIGHER_RES_SAMPLING_REFERENCE,96,0,-0.9999484796530979,1.9326545022709256,0,1,ADAPTED_SPHERICAL_KS_WORKFLOW_REPRODUCTION
0.0,Bcc1,0.0,2.1511666951179094,4.094364395859927,12,0.0,HIGHER_RES_SAMPLING_REFERENCE,96,1,-0.9999484796530979,1.9326545022709256,0,1,ADAPTED_SPHERICAL_KS_WORKFLOW_REPRODUCTION
0.0,Bcc1,0.0,4.094364395859927,7.792896684450838,12,0.0,HIGHER_RES_SAMPLING_REFERENCE,96,2,-0.9999484796530979,1.9326545022709256,0,1,ADAPTED_SPHERICAL_KS_WORKFLOW_REPRODUCTION
0.0,Bcc1,0.0,7.792896684450838,14.832397134933096,12,0.0,HIGHER_RES_SAMPLING_REFERENCE,96,3,-0.9999484796530979,1.9326545022709256,0,1,ADAPTED_SPHERICAL_KS_WORKFLOW_REPRODUCTION
5.03337637844234e-08,Bcc1,-2.5166874183187815e-08,14.832397134933096,28.23083811791544,12,2.5166889601235584e-08,HIGHER_RES_SAMPLING_REFERENCE,96,4,-0.9999484796530979,1.9326545022709256,0,1,ADAPTED_SPHERICAL_KS_WORKFLOW_REPRODUCTION
0.00042391690451793753,Bcc1,0.0002045773037633798,28.23083811791544,53.73239494531252,12,-0.0002193396007545577,HIGHER_RES_SAMPLING_REFERENCE,96,5,-0.9999484796530979,1.9326545022709256,0,1,ADAPTED_SPHERICAL_KS_WORKFLOW_REPRODUCTION
8.725029996421259e-07,Bcc1,-6.512714906179686e-07,53.73239494531252,102.27008686386948,12,-1.5237744902600945e-06,HIGHER_RES_SAMPLING_REFERENCE,96,6,-0.9999484796530979,1.9326545022709256,0,1,ADAPTED_SPHERICAL_KS_WORKFLOW_REPRODUCTION
3.6682591672242764e-07,Bcc1,2.4521655761969187e-07,102.27008686386948,194.6529775527125,12,-1.2160935910273575e-07,HIGHER_RES_SAMPLING_REFERENCE,96,7,-0.9999484796530979,1.9326545022709256,0,1,ADAPTED_SPHERICAL_KS_WORKFLOW_REPRODUCTION
0.0,Bcc1,0.0,1.1225854340129873,2.1402642060118655,16,0.0,HIGHER_RES_SAMPLING_REFERENCE,128,0,1.0000000000000002,0.0,0,1,ADAPTED_SPHERICAL_KS_WORKFLOW_REPRODUCTION
0.0,Bcc1,0.0,2.1402642060118655,4.080518713983782,16,0.0,HIGHER_RES_SAMPLING_REFERENCE,128,1,1.0000000000000002,0.0,0,1,ADAPTED_SPHERICAL_KS_WORKFLOW_REPRODUCTION
0.0,Bcc1,0.0,4.080518713983782,7.779709125817875,16,0.0,HIGHER_RES_SAMPLING_REFERENCE,128,2,1.0000000000000002,0.0,0,1,ADAPTED_SPHERICAL_KS_WORKFLOW_REPRODUCTION
0.0,Bcc1,0.0,7.779709125817875,14.832397134933096,16,0.0,HIGHER_RES_SAMPLING_REFERENCE,128,3,1.0000000000000002,0.0,0,1,ADAPTED_SPHERICAL_KS_WORKFLOW_REPRODUCTION
0.0,Bcc1,8.077935549077846e-28,14.832397134933096,28.278692841905322,16,8.077935549077846e-28,HIGHER_RES_SAMPLING_REFERENCE,128,4,1.0000000000000002,0.0,0,1,ADAPTED_SPHERICAL_KS_WORKFLOW_REPRODUCTION
0.0,Bcc1,7.199780051661553e-21,28.278692841905322,53.91471530676722,16,7.199780051661553e-21,HIGHER_RES_SAMPLING_REFERENCE,128,5,1.0000000000000002,0.0,0,1,ADAPTED_SPHERICAL_KS_WORKFLOW_REPRODUCTION
0.0,Bcc1,-2.117582368135751e-22,53.91471530676722,102.79104988552615,16,-2.117582368135751e-22,HIGHER_RES_SAMPLING_REFERENCE,128,6,1.0000000000000002,0.0,0,1,ADAPTED_SPHERICAL_KS_WORKFLOW_REPRODUCTION
0.0,Bcc1,-4.342698215903395e-22,102.79104988552615,195.97617972105846,16,-4.342698215903395e-22,HIGHER_RES_SAMPLING_REFERENCE,128,7,1.0000000000000002,0.0,0,1,ADAPTED_SPHERICAL_KS_WORKFLOW_REPRODUCTION
0.0,Bcc2,0.0,1.1456345721309733,2.1731385678184307,8,0.0,HIGHER_RES_SAMPLING_REFERENCE,64,0,-0.9999455178028783,3.1034590778478885,0,1,ADAPTED_SPHERICAL_KS_WORKFLOW_REPRODUCTION
0.0,Bcc2,0.0,2.1731385678184307,4.122196859122056,8,0.0,HIGHER_RES_SAMPLING_REFERENCE,64,1,-0.9999455178028783,3.1034590778478885,0,1,ADAPTED_SPHERICAL_KS_WORKFLOW_REPRODUCTION
0.0,Bcc2,0.0,4.122196859122056,7.819338903185626,8,0.0,HIGHER_RES_SAMPLING_REFERENCE,64,2,-0.9999455178028783,3.1034590778478885,0,1,ADAPTED_SPHERICAL_KS_WORKFLOW_REPRODUCTION
0.0,Bcc2,0.0,7.819338903185626,14.832397134933096,8,0.0,HIGHER_RES_SAMPLING_REFERENCE,64,3,-0.9999455178028783,3.1034590778478885,0,1,ADAPTED_SPHERICAL_KS_WORKFLOW_REPRODUCTION
1.0392648381823316e-09,Bcc2,-1.0359645481881965e-09,14.832397134933096,28.135371479901284,8,3.3002899941350615e-12,HIGHER_RES_SAMPLING_REFERENCE,64,4,-0.9999455178028783,3.1034590778478885,0,1,ADAPTED_SPHERICAL_KS_WORKFLOW_REPRODUCTION
4.399363993585258e-05,Bcc2,-2.9818764874690607e-05,28.135371479901284,53.36960176502269,8,1.4174875061161976e-05,HIGHER_RES_SAMPLING_REFERENCE,64,5,-0.9999455178028783,3.1034590778478885,0,1,ADAPTED_SPHERICAL_KS_WORKFLOW_REPRODUCTION
1.9729909926717914e-07,Bcc2,-3.355767380710791e-08,53.36960176502269,101.23606843406442,8,1.6374142546007123e-07,HIGHER_RES_SAMPLING_REFERENCE,64,6,-0.9999455178028783,3.1034590778478885,0,1,ADAPTED_SPHERICAL_KS_WORKFLOW_REPRODUCTION
0.0,Bcc2,4.997697564003273e-09,101.23606843406442,192.03331509030292,8,4.997697564003273e-09,HIGHER_RES_SAMPLING_REFERENCE,64,7,-0.9999455178028783,3.1034590778478885,0,1,ADAPTED_SPHERICAL_KS_WORKFLOW_REPRODUCTION
0.0,Bcc2,0.0,1.1302164885137453,2.1511666951179094,12,0.0,HIGHER_RES_SAMPLING_REFERENCE,96,0,0.9855709385325151,0.9023963449538568,0,1,ADAPTED_SPHERICAL_KS_WORKFLOW_REPRODUCTION
0.0,Bcc2,0.0,2.1511666951179094,4.094364395859927,12,0.0,HIGHER_RES_SAMPLING_REFERENCE,96,1,0.9855709385325151,0.9023963449538568,0,1,ADAPTED_SPHERICAL_KS_WORKFLOW_REPRODUCTION
0.0,Bcc2,0.0,4.094364395859927,7.792896684450838,12,0.0,HIGHER_RES_SAMPLING_REFERENCE,96,2,0.9855709385325151,0.9023963449538568,0,1,ADAPTED_SPHERICAL_KS_WORKFLOW_REPRODUCTION
0.0,Bcc2,0.0,7.792896684450838,14.832397134933096,12,0.0,HIGHER_RES_SAMPLING_REFERENCE,96,3,0.9855709385325151,0.9023963449538568,0,1,ADAPTED_SPHERICAL_KS_WORKFLOW_REPRODUCTION
2.932160510832641e-14,Bcc2,-4.8989737456151796e-08,14.832397134933096,28.23083811791544,12,-4.8989766777756904e-08,HIGHER_RES_SAMPLING_REFERENCE,96,4,0.9855709385325151,0.9023963449538568,0,1,ADAPTED_SPHERICAL_KS_WORKFLOW_REPRODUCTION
6.665675129929167e-06,Bcc2,-7.212712364738879e-07,28.23083811791544,53.73239494531252,12,-7.386946366403055e-06,HIGHER_RES_SAMPLING_REFERENCE,96,5,0.9855709385325151,0.9023963449538568,0,1,ADAPTED_SPHERICAL_KS_WORKFLOW_REPRODUCTION
8.242511009832745e-08,Bcc2,1.1942385501908678e-07,53.73239494531252,102.27008686386948,12,3.699874492075932e-08,HIGHER_RES_SAMPLING_REFERENCE,96,6,0.9855709385325151,0.9023963449538568,0,1,ADAPTED_SPHERICAL_KS_WORKFLOW_REPRODUCTION
2.3076129489932945e-10,Bcc2,4.529642087179029e-09,102.27008686386948,194.6529775527125,12,4.298880792279699e-09,HIGHER_RES_SAMPLING_REFERENCE,96,7,0.9855709385325151,0.9023963449538568,0,1,ADAPTED_SPHERICAL_KS_WORKFLOW_REPRODUCTION
0.0,Bcc2,0.0,1.1225854340129873,2.1402642060118655,16,0.0,HIGHER_RES_SAMPLING_REFERENCE,128,0,1.0,0.0,0,1,ADAPTED_SPHERICAL_KS_WORKFLOW_REPRODUCTION
0.0,Bcc2,0.0,2.1402642060118655,4.080518713983782,16,0.0,HIGHER_RES_SAMPLING_REFERENCE,128,1,1.0,0.0,0,1,ADAPTED_SPHERICAL_KS_WORKFLOW_REPRODUCTION
0.0,Bcc2,0.0,4.080518713983782,7.779709125817875,16,0.0,HIGHER_RES_SAMPLING_REFERENCE,128,2,1.0,0.0,0,1,ADAPTED_SPHERICAL_KS_WORKFLOW_REPRODUCTION
0.0,Bcc2,0.0,7.779709125817875,14.832397134933096,16,0.0,HIGHER_RES_SAMPLING_REFERENCE,128,3,1.0,0.0,0,1,ADAPTED_SPHERICAL_KS_WORKFLOW_REPRODUCTION
0.0,Bcc2,-3.7471295700850264e-08,14.832397134933096,28.278692841905322,16,-3.7471295700850264e-08,HIGHER_RES_SAMPLING_REFERENCE,128,4,1.0,0.0,0,1,ADAPTED_SPHERICAL_KS_WORKFLOW_REPRODUCTION
0.0,Bcc2,-8.89681672083623e-06,28.278692841905322,53.91471530676722,16,-8.89681672083623e-06,HIGHER_RES_SAMPLING_REFERENCE,128,5,1.0,0.0,0,1,ADAPTED_SPHERICAL_KS_WORKFLOW_REPRODUCTION
0.0,Bcc2,6.270348491639425e-08,53.91471530676722,102.79104988552615,16,6.270348491639425e-08,HIGHER_RES_SAMPLING_REFERENCE,128,6,1.0,0.0,0,1,ADAPTED_SPHERICAL_KS_WORKFLOW_REPRODUCTION
0.0,Bcc2,2.4773578722487563e-09,102.79104988552615,195.97617972105846,16,2.4773578722487563e-09,HIGHER_RES_SAMPLING_REFERENCE,128,7,1.0,0.0,0,1,ADAPTED_SPHERICAL_KS_WORKFLOW_REPRODUCTION
0.0,Bcc3,0.0,1.1456345721309733,2.1731385678184307,8,0.0,HIGHER_RES_SAMPLING_REFERENCE,64,0,-0.9999999320350373,1.5996674530471062,0,1,ADAPTED_SPHERICAL_KS_WORKFLOW_REPRODUCTION
0.0,Bcc3,0.0,2.1731385678184307,4.122196859122056,8,0.0,HIGHER_RES_SAMPLING_REFERENCE,64,1,-0.9999999320350373,1.5996674530471062,0,1,ADAPTED_SPHERICAL_KS_WORKFLOW_REPRODUCTION
0.0,Bcc3,0.0,4.122196859122056,7.819338903185626,8,0.0,HIGHER_RES_SAMPLING_REFERENCE,64,2,-0.9999999320350373,1.5996674530471062,0,1,ADAPTED_SPHERICAL_KS_WORKFLOW_REPRODUCTION
0.0,Bcc3,0.0,7.819338903185626,14.832397134933096,8,0.0,HIGHER_RES_SAMPLING_REFERENCE,64,3,-0.9999999320350373,1.5996674530471062,0,1,ADAPTED_SPHERICAL_KS_WORKFLOW_REPRODUCTION
2.5787038339745555e-12,Bcc3,-2.564524391118779e-12,14.832397134933096,28.135371479901284,8,1.4179442855776691e-14,HIGHER_RES_SAMPLING_REFERENCE,64,4,-0.9999999320350373,1.5996674530471062,0,1,ADAPTED_SPHERICAL_KS_WORKFLOW_REPRODUCTION
1.8493800514784296e-08,Bcc3,-6.932772215230576e-09,28.135371479901284,53.36960176502269,8,1.156102829955372e-08,HIGHER_RES_SAMPLING_REFERENCE,64,5,-0.9999999320350373,1.5996674530471062,0,1,ADAPTED_SPHERICAL_KS_WORKFLOW_REPRODUCTION
2.0679515313825692e-25,Bcc3,4.549493369041652e-24,53.36960176502269,101.23606843406442,8,4.756288522179909e-24,HIGHER_RES_SAMPLING_REFERENCE,64,6,-0.9999999320350373,1.5996674530471062,0,1,ADAPTED_SPHERICAL_KS_WORKFLOW_REPRODUCTION
0.0,Bcc3,5.492996255234949e-26,101.23606843406442,192.03331509030292,8,5.492996255234949e-26,HIGHER_RES_SAMPLING_REFERENCE,64,7,-0.9999999320350373,1.5996674530471062,0,1,ADAPTED_SPHERICAL_KS_WORKFLOW_REPRODUCTION
0.0,Bcc3,0.0,1.1302164885137453,2.1511666951179094,12,0.0,HIGHER_RES_SAMPLING_REFERENCE,96,0,-0.9850165561206512,8.057888273865558,0,1,ADAPTED_SPHERICAL_KS_WORKFLOW_REPRODUCTION
0.0,Bcc3,0.0,2.1511666951179094,4.094364395859927,12,0.0,HIGHER_RES_SAMPLING_REFERENCE,96,1,-0.9850165561206512,8.057888273865558,0,1,ADAPTED_SPHERICAL_KS_WORKFLOW_REPRODUCTION
0.0,Bcc3,0.0,4.094364395859927,7.792896684450838,12,0.0,HIGHER_RES_SAMPLING_REFERENCE,96,2,-0.9850165561206512,8.057888273865558,0,1,ADAPTED_SPHERICAL_KS_WORKFLOW_REPRODUCTION
0.0,Bcc3,0.0,7.792896684450838,14.832397134933096,12,0.0,HIGHER_RES_SAMPLING_REFERENCE,96,3,-0.9850165561206512,8.057888273865558,0,1,ADAPTED_SPHERICAL_KS_WORKFLOW_REPRODUCTION
6.860501386706207e-11,Bcc3,-3.430250171806085e-11,14.832397134933096,28.23083811791544,12,3.430251214900122e-11,HIGHER_RES_SAMPLING_REFERENCE,96,4,-0.9850165561206512,8.057888273865558,0,1,ADAPTED_SPHERICAL_KS_WORKFLOW_REPRODUCTION
5.3897210121996696e-08,Bcc3,-4.717370195357892e-08,28.23083811791544,53.73239494531252,12,6.7235081684177735e-09,HIGHER_RES_SAMPLING_REFERENCE,96,5,-0.9850165561206512,8.057888273865558,0,1,ADAPTED_SPHERICAL_KS_WORKFLOW_REPRODUCTION
5.976753685183678e-09,Bcc3,-6.228668970487822e-09,53.73239494531252,102.27008686386948,12,-2.519152853041447e-10,HIGHER_RES_SAMPLING_REFERENCE,96,6,-0.9850165561206512,8.057888273865558,0,1,ADAPTED_SPHERICAL_KS_WORKFLOW_REPRODUCTION
6.02062609741252e-10,Bcc3,-7.601990777533518e-10,102.27008686386948,194.6529775527125,12,-1.5813646801209967e-10,HIGHER_RES_SAMPLING_REFERENCE,96,7,-0.9850165561206512,8.057888273865558,0,1,ADAPTED_SPHERICAL_KS_WORKFLOW_REPRODUCTION
0.0,Bcc3,0.0,1.1225854340129873,2.1402642060118655,16,0.0,HIGHER_RES_SAMPLING_REFERENCE,128,0,1.0,0.0,0,1,ADAPTED_SPHERICAL_KS_WORKFLOW_REPRODUCTION
0.0,Bcc3,0.0,2.1402642060118655,4.080518713983782,16,0.0,HIGHER_RES_SAMPLING_REFERENCE,128,1,1.0,0.0,0,1,ADAPTED_SPHERICAL_KS_WORKFLOW_REPRODUCTION
0.0,Bcc3,0.0,4.080518713983782,7.779709125817875,16,0.0,HIGHER_RES_SAMPLING_REFERENCE,128,2,1.0,0.0,0,1,ADAPTED_SPHERICAL_KS_WORKFLOW_REPRODUCTION
0.0,Bcc3,0.0,7.779709125817875,14.832397134933096,16,0.0,HIGHER_RES_SAMPLING_REFERENCE,128,3,1.0,0.0,0,1,ADAPTED_SPHERICAL_KS_WORKFLOW_REPRODUCTION
0.0,Bcc3,2.419244689503192e-27,14.832397134933096,28.278692841905322,16,2.419244689503192e-27,HIGHER_RES_SAMPLING_REFERENCE,128,4,1.0,0.0,0,1,ADAPTED_SPHERICAL_KS_WORKFLOW_REPRODUCTION
0.0,Bcc3,-4.6632307032676935e-23,28.278692841905322,53.91471530676722,16,-4.6632307032676935e-23,HIGHER_RES_SAMPLING_REFERENCE,128,5,1.0,0.0,0,1,ADAPTED_SPHERICAL_KS_WORKFLOW_REPRODUCTION
0.0,Bcc3,-1.4475660719677984e-24,53.91471530676722,102.79104988552615,16,-1.4475660719677984e-24,HIGHER_RES_SAMPLING_REFERENCE,128,6,1.0,0.0,0,1,ADAPTED_SPHERICAL_KS_WORKFLOW_REPRODUCTION
0.0,Bcc3,-1.3010419179346927e-18,102.79104988552615,195.97617972105846,16,-1.3010419179346927e-18,HIGHER_RES_SAMPLING_REFERENCE,128,7,1.0,0.0,0,1,ADAPTED_SPHERICAL_KS_WORKFLOW_REPRODUCTION
2.289632448082557e-06,rho,1.4403024579223711e-05,1.1456345721309733,2.1731385678184307,8,1.6692657027306268e-05,HIGHER_RES_SAMPLING_REFERENCE,64,0,-0.647915319989013,2.6047621867714157,0,1,ADAPTED_SPHERICAL_KS_WORKFLOW_REPRODUCTION
8.687948138685897e-10,rho,9.622681318433024e-09,2.1731385678184307,4.122196859122056,8,1.0491476132301614e-08,HIGHER_RES_SAMPLING_REFERENCE,64,1,-0.647915319989013,2.6047621867714157,0,1,ADAPTED_SPHERICAL_KS_WORKFLOW_REPRODUCTION
4.581579560181126e-11,rho,6.939444574527442e-10,4.122196859122056,7.819338903185626,8,7.397602530545555e-10,HIGHER_RES_SAMPLING_REFERENCE,64,2,-0.647915319989013,2.6047621867714157,0,1,ADAPTED_SPHERICAL_KS_WORKFLOW_REPRODUCTION
4.547473508864641e-12,rho,1.5006662579253316e-11,7.819338903185626,14.832397134933096,8,1.9554136088117957e-11,HIGHER_RES_SAMPLING_REFERENCE,64,3,-0.647915319989013,2.6047621867714157,0,1,ADAPTED_SPHERICAL_KS_WORKFLOW_REPRODUCTION
2.522302651186692e-07,rho,2.6347187542796746e-07,14.832397134933096,28.135371479901284,8,1.1241610309298267e-08,HIGHER_RES_SAMPLING_REFERENCE,64,4,-0.647915319989013,2.6047621867714157,0,1,ADAPTED_SPHERICAL_KS_WORKFLOW_REPRODUCTION
7.935184162732867e-05,rho,-5.43203833913708e-05,28.135371479901284,53.36960176502269,8,2.503145823595787e-05,HIGHER_RES_SAMPLING_REFERENCE,64,5,-0.647915319989013,2.6047621867714157,0,1,ADAPTED_SPHERICAL_KS_WORKFLOW_REPRODUCTION
3.589433941186826e-06,rho,1.3237757912065717e-06,53.36960176502269,101.23606843406442,8,4.913209732393398e-06,HIGHER_RES_SAMPLING_REFERENCE,64,6,-0.647915319989013,2.6047621867714157,0,1,ADAPTED_SPHERICAL_KS_WORKFLOW_REPRODUCTION
0.0,rho,1.1774158252819689e-06,101.23606843406442,192.03331509030292,8,1.1774158252819689e-06,HIGHER_RES_SAMPLING_REFERENCE,64,7,-0.647915319989013,2.6047621867714157,0,1,ADAPTED_SPHERICAL_KS_WORKFLOW_REPRODUCTION
3.342712362710791e-07,rho,1.4919317537634117e-05,1.1302164885137453,2.1511666951179094,12,1.5253588773905196e-05,HIGHER_RES_SAMPLING_REFERENCE,96,0,0.1150319737026627,1.910777092215806,0,1,ADAPTED_SPHERICAL_KS_WORKFLOW_REPRODUCTION
5.319533455702992e-10,rho,9.574048615629888e-09,2.1511666951179094,4.094364395859927,12,1.0106001961200187e-08,HIGHER_RES_SAMPLING_REFERENCE,96,1,0.1150319737026627,1.910777092215806,0,1,ADAPTED_SPHERICAL_KS_WORKFLOW_REPRODUCTION
6.9222652301605975e-12,rho,6.881337968580838e-10,4.094364395859927,7.792896684450838,12,6.950560620882444e-10,HIGHER_RES_SAMPLING_REFERENCE,96,2,0.1150319737026627,1.910777092215806,0,1,ADAPTED_SPHERICAL_KS_WORKFLOW_REPRODUCTION
2.5769016550232956e-12,rho,1.8038311585163076e-11,7.792896684450838,14.832397134933096,12,1.546140993013978e-11,HIGHER_RES_SAMPLING_REFERENCE,96,3,0.1150319737026627,1.910777092215806,0,1,ADAPTED_SPHERICAL_KS_WORKFLOW_REPRODUCTION
5.0925387363807945e-11,rho,5.630081432173029e-07,14.832397134933096,28.23083811791544,12,5.62957217829939e-07,HIGHER_RES_SAMPLING_REFERENCE,96,4,0.1150319737026627,1.910777092215806,0,1,ADAPTED_SPHERICAL_KS_WORKFLOW_REPRODUCTION
3.218249771445395e-05,rho,-2.5654289537947585e-05,28.23083811791544,53.73239494531252,12,6.5282081765063695e-06,HIGHER_RES_SAMPLING_REFERENCE,96,5,0.1150319737026627,1.910777092215806,0,1,ADAPTED_SPHERICAL_KS_WORKFLOW_REPRODUCTION
4.554492865022692e-06,rho,-1.0587038319600752e-06,53.73239494531252,102.27008686386948,12,3.4957890330626165e-06,HIGHER_RES_SAMPLING_REFERENCE,96,6,0.1150319737026627,1.910777092215806,0,1,ADAPTED_SPHERICAL_KS_WORKFLOW_REPRODUCTION
8.641196913572458e-08,rho,1.162993444362807e-06,102.27008686386948,194.6529775527125,12,1.2494054134985315e-06,HIGHER_RES_SAMPLING_REFERENCE,96,7,0.1150319737026627,1.910777092215806,0,1,ADAPTED_SPHERICAL_KS_WORKFLOW_REPRODUCTION
0.0,rho,1.4195838502928382e-05,1.1225854340129873,2.1402642060118655,16,1.4195838502928382e-05,HIGHER_RES_SAMPLING_REFERENCE,128,0,1.0,0.0,0,1,ADAPTED_SPHERICAL_KS_WORKFLOW_REPRODUCTION
0.0,rho,9.784685062186327e-09,2.1402642060118655,4.080518713983782,16,9.784685062186327e-09,HIGHER_RES_SAMPLING_REFERENCE,128,1,1.0,0.0,0,1,ADAPTED_SPHERICAL_KS_WORKFLOW_REPRODUCTION
0.0,rho,6.701554866594961e-10,4.080518713983782,7.779709125817875,16,6.701554866594961e-10,HIGHER_RES_SAMPLING_REFERENCE,128,2,1.0,0.0,0,1,ADAPTED_SPHERICAL_KS_WORKFLOW_REPRODUCTION
0.0,rho,1.5688783605583012e-11,7.779709125817875,14.832397134933096,16,1.5688783605583012e-11,HIGHER_RES_SAMPLING_REFERENCE,128,3,1.0,0.0,0,1,ADAPTED_SPHERICAL_KS_WORKFLOW_REPRODUCTION
0.0,rho,4.2377671860549526e-07,14.832397134933096,28.278692841905322,16,4.2377671860549526e-07,HIGHER_RES_SAMPLING_REFERENCE,128,4,1.0,0.0,0,1,ADAPTED_SPHERICAL_KS_WORKFLOW_REPRODUCTION
0.0,rho,-1.4669834278890903e-05,28.278692841905322,53.91471530676722,16,-1.4669834278890903e-05,HIGHER_RES_SAMPLING_REFERENCE,128,5,1.0,0.0,0,1,ADAPTED_SPHERICAL_KS_WORKFLOW_REPRODUCTION
0.0,rho,3.3357586239901593e-06,53.91471530676722,102.79104988552615,16,3.3357586239901593e-06,HIGHER_RES_SAMPLING_REFERENCE,128,6,1.0,0.0,0,1,ADAPTED_SPHERICAL_KS_WORKFLOW_REPRODUCTION
0.0,rho,1.1619860860179188e-06,102.79104988552615,195.97617972105846,16,1.1619860860179188e-06,HIGHER_RES_SAMPLING_REFERENCE,128,7,1.0,0.0,0,1,ADAPTED_SPHERICAL_KS_WORKFLOW_REPRODUCTION
8.330971468240023e-10,press,1.016381702356739e-06,1.1456345721309733,2.1731385678184307,8,1.015548605209915e-06,HIGHER_RES_SAMPLING_REFERENCE,64,0,0.9999886636870189,0.08806936335811666,0,1,ADAPTED_SPHERICAL_KS_WORKFLOW_REPRODUCTION
8.648157745483331e-09,press,8.982311783256591e-08,2.1731385678184307,4.122196859122056,8,9.847127557804924e-08,HIGHER_RES_SAMPLING_REFERENCE,64,1,0.9999886636870189,0.08806936335811666,0,1,ADAPTED_SPHERICAL_KS_WORKFLOW_REPRODUCTION
3.4566483009257354e-10,press,5.892601961932087e-09,4.122196859122056,7.819338903185626,8,6.23826679202466e-09,HIGHER_RES_SAMPLING_REFERENCE,64,2,0.9999886636870189,0.08806936335811666,0,1,ADAPTED_SPHERICAL_KS_WORKFLOW_REPRODUCTION
2.949640531824116e-11,press,2.6144419962292886e-10,7.819338903185626,14.832397134933096,8,2.9094060494117e-10,HIGHER_RES_SAMPLING_REFERENCE,64,3,0.9999886636870189,0.08806936335811666,0,1,ADAPTED_SPHERICAL_KS_WORKFLOW_REPRODUCTION
3.890143318585615e-08,press,3.951290583614764e-08,14.832397134933096,28.135371479901284,8,6.114726502914891e-10,HIGHER_RES_SAMPLING_REFERENCE,64,4,0.9999886636870189,0.08806936335811666,0,1,ADAPTED_SPHERICAL_KS_WORKFLOW_REPRODUCTION
2.0818615024120746e-06,press,2.1543838291893103e-05,28.135371479901284,53.36960176502269,8,2.3625699794305177e-05,HIGHER_RES_SAMPLING_REFERENCE,64,5,0.9999886636870189,0.08806936335811666,0,1,ADAPTED_SPHERICAL_KS_WORKFLOW_REPRODUCTION
4.264795325226167e-08,press,1.0374426298587203e-07,53.36960176502269,101.23606843406442,8,1.463922162381337e-07,HIGHER_RES_SAMPLING_REFERENCE,64,6,0.9999886636870189,0.08806936335811666,0,1,ADAPTED_SPHERICAL_KS_WORKFLOW_REPRODUCTION
2.463307335887066e-16,press,4.627897790682178e-09,101.23606843406442,192.03331509030292,8,4.627897544351445e-09,HIGHER_RES_SAMPLING_REFERENCE,64,7,0.9999886636870189,0.08806936335811666,0,1,ADAPTED_SPHERICAL_KS_WORKFLOW_REPRODUCTION
3.1206582207232714e-08,press,9.708446668810211e-07,1.1302164885137453,2.1511666951179094,12,1.0020512490882538e-06,HIGHER_RES_SAMPLING_REFERENCE,96,0,0.9999920452643309,0.061783102097545284,0,1,ADAPTED_SPHERICAL_KS_WORKFLOW_REPRODUCTION
5.277924073096884e-09,press,8.925528365782358e-08,2.1511666951179094,4.094364395859927,12,9.453320773092047e-08,HIGHER_RES_SAMPLING_REFERENCE,96,1,0.9999920452643309,0.061783102097545284,0,1,ADAPTED_SPHERICAL_KS_WORKFLOW_REPRODUCTION
1.2350811731367804e-10,press,5.796228682205158e-09,4.094364395859927,7.792896684450838,12,5.919736799518836e-09,HIGHER_RES_SAMPLING_REFERENCE,96,2,0.9999920452643309,0.061783102097545284,0,1,ADAPTED_SPHERICAL_KS_WORKFLOW_REPRODUCTION
1.030208017659279e-11,press,2.652906042991769e-10,7.792896684450838,14.832397134933096,12,2.755926844757697e-10,HIGHER_RES_SAMPLING_REFERENCE,96,3,0.9999920452643309,0.061783102097545284,0,1,ADAPTED_SPHERICAL_KS_WORKFLOW_REPRODUCTION
1.056932319443149e-12,press,2.0788646853336306e-07,14.832397134933096,28.23083811791544,12,2.0788541160104361e-07,HIGHER_RES_SAMPLING_REFERENCE,96,4,0.9999920452643309,0.061783102097545284,0,1,ADAPTED_SPHERICAL_KS_WORKFLOW_REPRODUCTION
1.4322107722995898e-06,press,2.4597867426232353e-05,28.23083811791544,53.73239494531252,12,2.3165656653932763e-05,HIGHER_RES_SAMPLING_REFERENCE,96,5,0.9999920452643309,0.061783102097545284,0,1,ADAPTED_SPHERICAL_KS_WORKFLOW_REPRODUCTION
1.8253839717541354e-08,press,1.1230951584777986e-07,53.73239494531252,102.27008686386948,12,1.3056335556532122e-07,HIGHER_RES_SAMPLING_REFERENCE,96,6,0.9999920452643309,0.061783102097545284,0,1,ADAPTED_SPHERICAL_KS_WORKFLOW_REPRODUCTION
2.3132516272876112e-10,press,4.41954209340345e-09,102.27008686386948,194.6529775527125,12,4.650867256132211e-09,HIGHER_RES_SAMPLING_REFERENCE,96,7,0.9999920452643309,0.061783102097545284,0,1,ADAPTED_SPHERICAL_KS_WORKFLOW_REPRODUCTION
0.0,press,9.918209116221988e-07,1.1225854340129873,2.1402642060118655,16,9.918209116221988e-07,HIGHER_RES_SAMPLING_REFERENCE,128,0,0.9999999999999998,0.0,0,1,ADAPTED_SPHERICAL_KS_WORKFLOW_REPRODUCTION
0.0,press,9.131852607424662e-08,2.1402642060118655,4.080518713983782,16,9.131852607424662e-08,HIGHER_RES_SAMPLING_REFERENCE,128,1,0.9999999999999998,0.0,0,1,ADAPTED_SPHERICAL_KS_WORKFLOW_REPRODUCTION
0.0,press,5.723535423385329e-09,4.080518713983782,7.779709125817875,16,5.723535423385329e-09,HIGHER_RES_SAMPLING_REFERENCE,128,2,0.9999999999999998,0.0,0,1,ADAPTED_SPHERICAL_KS_WORKFLOW_REPRODUCTION
0.0,press,2.6574298317427747e-10,7.779709125817875,14.832397134933096,16,2.6574298317427747e-10,HIGHER_RES_SAMPLING_REFERENCE,128,3,0.9999999999999998,0.0,0,1,ADAPTED_SPHERICAL_KS_WORKFLOW_REPRODUCTION
0.0,press,1.5879144243946541e-07,14.832397134933096,28.278692841905322,16,1.5879144243946541e-07,HIGHER_RES_SAMPLING_REFERENCE,128,4,0.9999999999999998,0.0,0,1,ADAPTED_SPHERICAL_KS_WORKFLOW_REPRODUCTION
0.0,press,2.3217768558597696e-05,28.278692841905322,53.91471530676722,16,2.3217768558597696e-05,HIGHER_RES_SAMPLING_REFERENCE,128,5,0.9999999999999998,0.0,0,1,ADAPTED_SPHERICAL_KS_WORKFLOW_REPRODUCTION
0.0,press,1.2550837651115199e-07,53.91471530676722,102.79104988552615,16,1.2550837651115199e-07,HIGHER_RES_SAMPLING_REFERENCE,128,6,0.9999999999999998,0.0,0,1,ADAPTED_SPHERICAL_KS_WORKFLOW_REPRODUCTION
0.0,press,4.1816071126576926e-09,102.79104988552615,195.97617972105846,16,4.1816071126576926e-09,HIGHER_RES_SAMPLING_REFERENCE,128,7,0.9999999999999998,0.0,0,1,ADAPTED_SPHERICAL_KS_WORKFLOW_REPRODUCTION
0.002424920065095648,vel1,0.14869706780882552,1.1456345721309733,2.1731385678184307,8,0.15112198787392117,HIGHER_RES_SAMPLING_REFERENCE,64,0,0.9999400627278698,0.015391707715212508,0,1,ADAPTED_SPHERICAL_KS_WORKFLOW_REPRODUCTION
0.0004195459478069097,vel1,0.1198063811607426,2.1731385678184307,4.122196859122056,8,0.12022592710854951,HIGHER_RES_SAMPLING_REFERENCE,64,1,0.9999400627278698,0.015391707715212508,0,1,ADAPTED_SPHERICAL_KS_WORKFLOW_REPRODUCTION
0.000783421637606807,vel1,0.09742905671009794,4.122196859122056,7.819338903185626,8,0.09821247834770475,HIGHER_RES_SAMPLING_REFERENCE,64,2,0.9999400627278698,0.015391707715212508,0,1,ADAPTED_SPHERICAL_KS_WORKFLOW_REPRODUCTION
0.0014212284149834886,vel1,0.05678930445719743,7.819338903185626,14.832397134933096,8,0.05821053287218092,HIGHER_RES_SAMPLING_REFERENCE,64,3,0.9999400627278698,0.015391707715212508,0,1,ADAPTED_SPHERICAL_KS_WORKFLOW_REPRODUCTION
0.0019927458079109783,vel1,0.022453977251643664,14.832397134933096,28.135371479901284,8,0.024446723059554643,HIGHER_RES_SAMPLING_REFERENCE,64,4,0.9999400627278698,0.015391707715212508,0,1,ADAPTED_SPHERICAL_KS_WORKFLOW_REPRODUCTION
0.000494397201805441,vel1,-0.06006009919656208,28.135371479901284,53.36960176502269,8,-0.05956570199475664,HIGHER_RES_SAMPLING_REFERENCE,64,5,0.9999400627278698,0.015391707715212508,0,1,ADAPTED_SPHERICAL_KS_WORKFLOW_REPRODUCTION
1.0071568340208614e-05,vel1,0.0018472462736554007,53.36960176502269,101.23606843406442,8,0.0018371747053151921,HIGHER_RES_SAMPLING_REFERENCE,64,6,0.9999400627278698,0.015391707715212508,0,1,ADAPTED_SPHERICAL_KS_WORKFLOW_REPRODUCTION
7.2510383688495494e-06,vel1,0.0004209848765412971,101.23606843406442,192.03331509030292,8,0.0004282359149101467,HIGHER_RES_SAMPLING_REFERENCE,64,7,0.9999400627278698,0.015391707715212508,0,1,ADAPTED_SPHERICAL_KS_WORKFLOW_REPRODUCTION
0.0004961107754044847,vel1,0.1494315181237956,1.1302164885137453,2.1511666951179094,12,0.14992762889920008,HIGHER_RES_SAMPLING_REFERENCE,96,0,0.9999917567296015,0.004614379011565425,0,1,ADAPTED_SPHERICAL_KS_WORKFLOW_REPRODUCTION
0.00016923311502775595,vel1,0.11976096224195014,2.1511666951179094,4.094364395859927,12,0.1199301953569779,HIGHER_RES_SAMPLING_REFERENCE,96,1,0.9999917567296015,0.004614379011565425,0,1,ADAPTED_SPHERICAL_KS_WORKFLOW_REPRODUCTION
0.00022096282595561456,vel1,0.09731265149053393,4.094364395859927,7.792896684450838,12,0.09753361431648955,HIGHER_RES_SAMPLING_REFERENCE,96,2,0.9999917567296015,0.004614379011565425,0,1,ADAPTED_SPHERICAL_KS_WORKFLOW_REPRODUCTION
0.0005826112012275453,vel1,0.05679625999699864,7.792896684450838,14.832397134933096,12,0.05737887119822618,HIGHER_RES_SAMPLING_REFERENCE,96,3,0.9999917567296015,0.004614379011565425,0,1,ADAPTED_SPHERICAL_KS_WORKFLOW_REPRODUCTION
0.00024255803145933896,vel1,0.02031206638599138,14.832397134933096,28.23083811791544,12,0.02055462441745072,HIGHER_RES_SAMPLING_REFERENCE,96,4,0.9999917567296015,0.004614379011565425,0,1,ADAPTED_SPHERICAL_KS_WORKFLOW_REPRODUCTION
0.0006323933195188924,vel1,-0.05877512892599649,28.23083811791544,53.73239494531252,12,-0.0581427356064776,HIGHER_RES_SAMPLING_REFERENCE,96,5,0.9999917567296015,0.004614379011565425,0,1,ADAPTED_SPHERICAL_KS_WORKFLOW_REPRODUCTION
0.00012732757699672622,vel1,0.0017848602595525638,53.73239494531252,102.27008686386948,12,0.00191218783654929,HIGHER_RES_SAMPLING_REFERENCE,96,6,0.9999917567296015,0.004614379011565425,0,1,ADAPTED_SPHERICAL_KS_WORKFLOW_REPRODUCTION
2.4313077271168992e-05,vel1,0.0003975457328932761,102.27008686386948,194.6529775527125,12,0.0003732326556221071,HIGHER_RES_SAMPLING_REFERENCE,96,7,0.9999917567296015,0.004614379011565425,0,1,ADAPTED_SPHERICAL_KS_WORKFLOW_REPRODUCTION
0.0,vel1,0.14923919703869615,1.1225854340129873,2.1402642060118655,16,0.14923919703869615,HIGHER_RES_SAMPLING_REFERENCE,128,0,1.0,0.0,0,1,ADAPTED_SPHERICAL_KS_WORKFLOW_REPRODUCTION
0.0,vel1,0.11975103926670272,2.1402642060118655,4.080518713983782,16,0.11975103926670272,HIGHER_RES_SAMPLING_REFERENCE,128,1,1.0,0.0,0,1,ADAPTED_SPHERICAL_KS_WORKFLOW_REPRODUCTION
0.0,vel1,0.09719606478029164,4.080518713983782,7.779709125817875,16,0.09719606478029164,HIGHER_RES_SAMPLING_REFERENCE,128,2,1.0,0.0,0,1,ADAPTED_SPHERICAL_KS_WORKFLOW_REPRODUCTION
0.0,vel1,0.05695333331095753,7.779709125817875,14.832397134933096,16,0.05695333331095753,HIGHER_RES_SAMPLING_REFERENCE,128,3,1.0,0.0,0,1,ADAPTED_SPHERICAL_KS_WORKFLOW_REPRODUCTION
0.0,vel1,0.021114386112458305,14.832397134933096,28.278692841905322,16,0.021114386112458305,HIGHER_RES_SAMPLING_REFERENCE,128,4,1.0,0.0,0,1,ADAPTED_SPHERICAL_KS_WORKFLOW_REPRODUCTION
0.0,vel1,-0.057838697550238294,28.278692841905322,53.91471530676722,16,-0.057838697550238294,HIGHER_RES_SAMPLING_REFERENCE,128,5,1.0,0.0,0,1,ADAPTED_SPHERICAL_KS_WORKFLOW_REPRODUCTION
0.0,vel1,0.001842862889816388,53.91471530676722,102.79104988552615,16,0.001842862889816388,HIGHER_RES_SAMPLING_REFERENCE,128,6,1.0,0.0,0,1,ADAPTED_SPHERICAL_KS_WORKFLOW_REPRODUCTION
0.0,vel1,0.0004026863871331443,102.79104988552615,195.97617972105846,16,0.0004026863871331443,HIGHER_RES_SAMPLING_REFERENCE,128,7,1.0,0.0,0,1,ADAPTED_SPHERICAL_KS_WORKFLOW_REPRODUCTION
0.0006701659654027026,vel2,-0.00034399270907670143,1.1456345721309733,2.1731385678184307,8,0.00032617325632600114,HIGHER_RES_SAMPLING_REFERENCE,64,0,-0.9998287750262113,2.0520307741806056,0,1,ADAPTED_SPHERICAL_KS_WORKFLOW_REPRODUCTION
0.00012729086338936213,vel2,-6.326727243788355e-05,2.1731385678184307,4.122196859122056,8,6.402359095147858e-05,HIGHER_RES_SAMPLING_REFERENCE,64,1,-0.9998287750262113,2.0520307741806056,0,1,ADAPTED_SPHERICAL_KS_WORKFLOW_REPRODUCTION
1.4450845571722937e-05,vel2,-7.057428502044161e-06,4.122196859122056,7.819338903185626,8,7.393417069678776e-06,HIGHER_RES_SAMPLING_REFERENCE,64,2,-0.9998287750262113,2.0520307741806056,0,1,ADAPTED_SPHERICAL_KS_WORKFLOW_REPRODUCTION
8.447971651670549e-07,vel2,-4.2414623013797836e-07,7.819338903185626,14.832397134933096,8,4.206509350290766e-07,HIGHER_RES_SAMPLING_REFERENCE,64,3,-0.9998287750262113,2.0520307741806056,0,1,ADAPTED_SPHERICAL_KS_WORKFLOW_REPRODUCTION
1.335156503568663e-07,vel2,-6.066604597149139e-10,14.832397134933096,28.135371479901284,8,1.3290898989715139e-07,HIGHER_RES_SAMPLING_REFERENCE,64,4,-0.9998287750262113,2.0520307741806056,0,1,ADAPTED_SPHERICAL_KS_WORKFLOW_REPRODUCTION
3.4471663786500974e-06,vel2,-6.171641934424229e-07,28.135371479901284,53.36960176502269,8,-4.06433057209252e-06,HIGHER_RES_SAMPLING_REFERENCE,64,5,-0.9998287750262113,2.0520307741806056,0,1,ADAPTED_SPHERICAL_KS_WORKFLOW_REPRODUCTION
7.822273557798261e-09,vel2,-2.451572562618405e-09,53.36960176502269,101.23606843406442,8,5.370700995179856e-09,HIGHER_RES_SAMPLING_REFERENCE,64,6,-0.9998287750262113,2.0520307741806056,0,1,ADAPTED_SPHERICAL_KS_WORKFLOW_REPRODUCTION
1.4541426538956643e-09,vel2,-1.1595096035997653e-09,101.23606843406442,192.03331509030292,8,2.9463305029589903e-10,HIGHER_RES_SAMPLING_REFERENCE,64,7,-0.9998287750262113,2.0520307741806056,0,1,ADAPTED_SPHERICAL_KS_WORKFLOW_REPRODUCTION
0.00020815903053517104,vel2,9.94798652856035e-05,1.1302164885137453,2.1511666951179094,12,-0.00010867916524956754,HIGHER_RES_SAMPLING_REFERENCE,96,0,-0.9856076849893928,1.9193085910128047,0,1,ADAPTED_SPHERICAL_KS_WORKFLOW_REPRODUCTION
3.9452258660175074e-05,vel2,1.945860777949646e-05,2.1511666951179094,4.094364395859927,12,-1.9993650880678615e-05,HIGHER_RES_SAMPLING_REFERENCE,96,1,-0.9856076849893928,1.9193085910128047,0,1,ADAPTED_SPHERICAL_KS_WORKFLOW_REPRODUCTION
3.623529206859328e-06,vel2,1.9043774273086456e-06,4.094364395859927,7.792896684450838,12,-1.7191517795506823e-06,HIGHER_RES_SAMPLING_REFERENCE,96,2,-0.9856076849893928,1.9193085910128047,0,1,ADAPTED_SPHERICAL_KS_WORKFLOW_REPRODUCTION
3.6781589596301956e-07,vel2,-1.8060724841599077e-07,7.792896684450838,14.832397134933096,12,1.872086475470288e-07,HIGHER_RES_SAMPLING_REFERENCE,96,3,-0.9856076849893928,1.9193085910128047,0,1,ADAPTED_SPHERICAL_KS_WORKFLOW_REPRODUCTION
2.5849451454737648e-06,vel2,1.29275372697624e-06,14.832397134933096,28.23083811791544,12,-1.2921914184975248e-06,HIGHER_RES_SAMPLING_REFERENCE,96,4,-0.9856076849893928,1.9193085910128047,0,1,ADAPTED_SPHERICAL_KS_WORKFLOW_REPRODUCTION
1.1316146680400178e-05,vel2,-1.4425941675402064e-05,28.23083811791544,53.73239494531252,12,-3.109794995001886e-06,HIGHER_RES_SAMPLING_REFERENCE,96,5,-0.9856076849893928,1.9193085910128047,0,1,ADAPTED_SPHERICAL_KS_WORKFLOW_REPRODUCTION
3.0191954378412745e-08,vel2,4.019687986382104e-08,53.73239494531252,102.27008686386948,12,1.0004925485408294e-08,HIGHER_RES_SAMPLING_REFERENCE,96,6,-0.9856076849893928,1.9193085910128047,0,1,ADAPTED_SPHERICAL_KS_WORKFLOW_REPRODUCTION
9.963961161847695e-10,vel2,-1.6286510513870143e-09,102.27008686386948,194.6529775527125,12,-6.322549352022448e-10,HIGHER_RES_SAMPLING_REFERENCE,96,7,-0.9856076849893928,1.9193085910128047,0,1,ADAPTED_SPHERICAL_KS_WORKFLOW_REPRODUCTION
0.0,vel2,0.0,1.1225854340129873,2.1402642060118655,16,0.0,HIGHER_RES_SAMPLING_REFERENCE,128,0,1.0,0.0,0,1,ADAPTED_SPHERICAL_KS_WORKFLOW_REPRODUCTION
0.0,vel2,0.0,2.1402642060118655,4.080518713983782,16,0.0,HIGHER_RES_SAMPLING_REFERENCE,128,1,1.0,0.0,0,1,ADAPTED_SPHERICAL_KS_WORKFLOW_REPRODUCTION
0.0,vel2,0.0,4.080518713983782,7.779709125817875,16,0.0,HIGHER_RES_SAMPLING_REFERENCE,128,2,1.0,0.0,0,1,ADAPTED_SPHERICAL_KS_WORKFLOW_REPRODUCTION
0.0,vel2,5.551115123125783e-17,7.779709125817875,14.832397134933096,16,5.551115123125783e-17,HIGHER_RES_SAMPLING_REFERENCE,128,3,1.0,0.0,0,1,ADAPTED_SPHERICAL_KS_WORKFLOW_REPRODUCTION
0.0,vel2,1.691355389077387e-17,14.832397134933096,28.278692841905322,16,1.691355389077387e-17,HIGHER_RES_SAMPLING_REFERENCE,128,4,1.0,0.0,0,1,ADAPTED_SPHERICAL_KS_WORKFLOW_REPRODUCTION
0.0,vel2,-9.84112077375229e-10,28.278692841905322,53.91471530676722,16,-9.84112077375229e-10,HIGHER_RES_SAMPLING_REFERENCE,128,5,1.0,0.0,0,1,ADAPTED_SPHERICAL_KS_WORKFLOW_REPRODUCTION
0.0,vel2,-5.966886265272905e-10,53.91471530676722,102.79104988552615,16,-5.966886265272905e-10,HIGHER_RES_SAMPLING_REFERENCE,128,6,1.0,0.0,0,1,ADAPTED_SPHERICAL_KS_WORKFLOW_REPRODUCTION
0.0,vel2,-9.110593868144331e-11,102.79104988552615,195.97617972105846,16,-9.110593868144331e-11,HIGHER_RES_SAMPLING_REFERENCE,128,7,1.0,0.0,0,1,ADAPTED_SPHERICAL_KS_WORKFLOW_REPRODUCTION
0.004902162479993422,vel3,0.08232178584148642,1.1456345721309733,2.1731385678184307,8,0.08722394832147984,HIGHER_RES_SAMPLING_REFERENCE,64,0,0.9999941550574255,0.055479446767784275,0,1,ADAPTED_SPHERICAL_KS_WORKFLOW_REPRODUCTION
0.000980242535661091,vel3,0.021374442547312356,2.1731385678184307,4.122196859122056,8,0.022354685082973447,HIGHER_RES_SAMPLING_REFERENCE,64,1,0.9999941550574255,0.055479446767784275,0,1,ADAPTED_SPHERICAL_KS_WORKFLOW_REPRODUCTION
0.0001637625712191948,vel3,0.004546025573063162,4.122196859122056,7.819338903185626,8,0.004709788144282356,HIGHER_RES_SAMPLING_REFERENCE,64,2,0.9999941550574255,0.055479446767784275,0,1,ADAPTED_SPHERICAL_KS_WORKFLOW_REPRODUCTION
4.9132252428307766e-05,vel3,0.0006622398232423166,7.819338903185626,14.832397134933096,8,0.0007113720756706243,HIGHER_RES_SAMPLING_REFERENCE,64,3,0.9999941550574255,0.055479446767784275,0,1,ADAPTED_SPHERICAL_KS_WORKFLOW_REPRODUCTION
7.333779148410713e-06,vel3,6.999470079449566e-05,14.832397134933096,28.135371479901284,8,7.732847994290637e-05,HIGHER_RES_SAMPLING_REFERENCE,64,4,0.9999941550574255,0.055479446767784275,0,1,ADAPTED_SPHERICAL_KS_WORKFLOW_REPRODUCTION
6.168915510294803e-05,vel3,-2.5296912980019015e-05,28.135371479901284,53.36960176502269,8,3.639224212292902e-05,HIGHER_RES_SAMPLING_REFERENCE,64,5,0.9999941550574255,0.055479446767784275,0,1,ADAPTED_SPHERICAL_KS_WORKFLOW_REPRODUCTION
9.847824213871093e-06,vel3,4.5725132116841705e-05,53.36960176502269,101.23606843406442,8,3.587730790297061e-05,HIGHER_RES_SAMPLING_REFERENCE,64,6,0.9999941550574255,0.055479446767784275,0,1,ADAPTED_SPHERICAL_KS_WORKFLOW_REPRODUCTION
8.615001125672483e-10,vel3,1.2534279119083558e-05,101.23606843406442,192.03331509030292,8,1.2535140619196125e-05,HIGHER_RES_SAMPLING_REFERENCE,64,7,0.9999941550574255,0.055479446767784275,0,1,ADAPTED_SPHERICAL_KS_WORKFLOW_REPRODUCTION
0.001122171773911565,vel3,0.08384741853094763,1.1302164885137453,2.1511666951179094,12,0.08496959030485919,HIGHER_RES_SAMPLING_REFERENCE,96,0,0.99999733820861,0.0139738638337265,0,1,ADAPTED_SPHERICAL_KS_WORKFLOW_REPRODUCTION
0.0004937178641234337,vel3,0.021322590675683588,2.1511666951179094,4.094364395859927,12,0.02181630853980702,HIGHER_RES_SAMPLING_REFERENCE,96,1,0.99999733820861,0.0139738638337265,0,1,ADAPTED_SPHERICAL_KS_WORKFLOW_REPRODUCTION
5.7639764640448135e-05,vel3,0.004504395217231326,4.094364395859927,7.792896684450838,12,0.004562034981871774,HIGHER_RES_SAMPLING_REFERENCE,96,2,0.99999733820861,0.0139738638337265,0,1,ADAPTED_SPHERICAL_KS_WORKFLOW_REPRODUCTION
1.8199370187075106e-05,vel3,0.0006663922510546803,7.792896684450838,14.832397134933096,12,0.0006845916212417554,HIGHER_RES_SAMPLING_REFERENCE,96,3,0.99999733820861,0.0139738638337265,0,1,ADAPTED_SPHERICAL_KS_WORKFLOW_REPRODUCTION
2.4418821927459506e-06,vel3,6.266907153534223e-05,14.832397134933096,28.23083811791544,12,6.511095372808818e-05,HIGHER_RES_SAMPLING_REFERENCE,96,4,0.99999733820861,0.0139738638337265,0,1,ADAPTED_SPHERICAL_KS_WORKFLOW_REPRODUCTION
1.2615461739744974e-05,vel3,2.8179397284220528e-05,28.23083811791544,53.73239494531252,12,4.07948590239655e-05,HIGHER_RES_SAMPLING_REFERENCE,96,5,0.99999733820861,0.0139738638337265,0,1,ADAPTED_SPHERICAL_KS_WORKFLOW_REPRODUCTION
7.1790128166851185e-06,vel3,3.886218066591803e-05,53.73239494531252,102.27008686386948,12,4.604119348260315e-05,HIGHER_RES_SAMPLING_REFERENCE,96,6,0.99999733820861,0.0139738638337265,0,1,ADAPTED_SPHERICAL_KS_WORKFLOW_REPRODUCTION
2.6089631728258416e-06,vel3,1.045268657378655e-05,102.27008686386948,194.6529775527125,12,7.843723400960708e-06,HIGHER_RES_SAMPLING_REFERENCE,96,7,0.99999733820861,0.0139738638337265,0,1,ADAPTED_SPHERICAL_KS_WORKFLOW_REPRODUCTION
0.0,vel3,0.08373143208518741,1.1225854340129873,2.1402642060118655,16,0.08373143208518741,HIGHER_RES_SAMPLING_REFERENCE,128,0,1.0000000000000002,0.0,0,1,ADAPTED_SPHERICAL_KS_WORKFLOW_REPRODUCTION
0.0,vel3,0.02141885875062144,2.1402642060118655,4.080518713983782,16,0.02141885875062144,HIGHER_RES_SAMPLING_REFERENCE,128,1,1.0000000000000002,0.0,0,1,ADAPTED_SPHERICAL_KS_WORKFLOW_REPRODUCTION
0.0,vel3,0.00447628929646271,4.080518713983782,7.779709125817875,16,0.00447628929646271,HIGHER_RES_SAMPLING_REFERENCE,128,2,1.0000000000000002,0.0,0,1,ADAPTED_SPHERICAL_KS_WORKFLOW_REPRODUCTION
0.0,vel3,0.0006688412914002129,7.779709125817875,14.832397134933096,16,0.0006688412914002129,HIGHER_RES_SAMPLING_REFERENCE,128,3,1.0000000000000002,0.0,0,1,ADAPTED_SPHERICAL_KS_WORKFLOW_REPRODUCTION
0.0,vel3,6.493477454672103e-05,14.832397134933096,28.278692841905322,16,6.493477454672103e-05,HIGHER_RES_SAMPLING_REFERENCE,128,4,1.0000000000000002,0.0,0,1,ADAPTED_SPHERICAL_KS_WORKFLOW_REPRODUCTION
0.0,vel3,3.585389625967994e-05,28.278692841905322,53.91471530676722,16,3.585389625967994e-05,HIGHER_RES_SAMPLING_REFERENCE,128,5,1.0000000000000002,0.0,0,1,ADAPTED_SPHERICAL_KS_WORKFLOW_REPRODUCTION
0.0,vel3,4.2046583330422604e-05,53.91471530676722,102.79104988552615,16,4.2046583330422604e-05,HIGHER_RES_SAMPLING_REFERENCE,128,6,1.0000000000000002,0.0,0,1,ADAPTED_SPHERICAL_KS_WORKFLOW_REPRODUCTION
0.0,vel3,1.1304583386062723e-05,102.79104988552615,195.97617972105846,16,1.1304583386062723e-05,HIGHER_RES_SAMPLING_REFERENCE,128,7,1.0000000000000002,0.0,0,1,ADAPTED_SPHERICAL_KS_WORKFLOW_REPRODUCTION
5.499335398440053e-05,Bcc1,2.5705554406840747e-05,1.1456345721309733,2.1731385678184307,8,-2.928779957755978e-05,HIGHER_RES_SAMPLING_REFERENCE,64,0,-0.9811826192658373,1.8431727618784641,25,26,ADAPTED_SPHERICAL_KS_WORKFLOW_REPRODUCTION
2.0011996973323676e-05,Bcc1,9.344867983429594e-06,2.1731385678184307,4.122196859122056,8,-1.0667128989894081e-05,HIGHER_RES_SAMPLING_REFERENCE,64,1,-0.9811826192658373,1.8431727618784641,25,26,ADAPTED_SPHERICAL_KS_WORKFLOW_REPRODUCTION
9.272105421231913e-07,Bcc1,-3.9594126199915536e-07,4.122196859122056,7.819338903185626,8,-1.3231518041223467e-06,HIGHER_RES_SAMPLING_REFERENCE,64,2,-0.9811826192658373,1.8431727618784641,25,26,ADAPTED_SPHERICAL_KS_WORKFLOW_REPRODUCTION
1.0570462999792696e-05,Bcc1,-2.762786689536334e-06,7.819338903185626,14.832397134933096,8,7.807676310256362e-06,HIGHER_RES_SAMPLING_REFERENCE,64,3,-0.9811826192658373,1.8431727618784641,25,26,ADAPTED_SPHERICAL_KS_WORKFLOW_REPRODUCTION
2.8523769903809892e-06,Bcc1,-4.442597465459386e-07,14.832397134933096,28.135371479901284,8,-3.296636736926928e-06,HIGHER_RES_SAMPLING_REFERENCE,64,4,-0.9811826192658373,1.8431727618784641,25,26,ADAPTED_SPHERICAL_KS_WORKFLOW_REPRODUCTION
6.1118175667118635e-06,Bcc1,-3.0228830896206205e-06,28.135371479901284,53.36960176502269,8,3.088934477091243e-06,HIGHER_RES_SAMPLING_REFERENCE,64,5,-0.9811826192658373,1.8431727618784641,25,26,ADAPTED_SPHERICAL_KS_WORKFLOW_REPRODUCTION
1.109877802107917e-06,Bcc1,-5.388289157082227e-07,53.36960176502269,101.23606843406442,8,5.710488863996943e-07,HIGHER_RES_SAMPLING_REFERENCE,64,6,-0.9811826192658373,1.8431727618784641,25,26,ADAPTED_SPHERICAL_KS_WORKFLOW_REPRODUCTION
7.797249036802002e-07,Bcc1,3.9337744850243633e-07,101.23606843406442,192.03331509030292,8,-3.863474551777639e-07,HIGHER_RES_SAMPLING_REFERENCE,64,7,-0.9811826192658373,1.8431727618784641,25,26,ADAPTED_SPHERICAL_KS_WORKFLOW_REPRODUCTION
3.269106196899816e-05,Bcc1,1.58920520418717e-05,1.1302164885137453,2.1511666951179094,12,-1.6799009927126463e-05,HIGHER_RES_SAMPLING_REFERENCE,96,0,-0.9891797665058453,1.9494026983257582,25,26,ADAPTED_SPHERICAL_KS_WORKFLOW_REPRODUCTION
1.3002314993307798e-05,Bcc1,6.312991967273841e-06,2.1511666951179094,4.094364395859927,12,-6.689323026033957e-06,HIGHER_RES_SAMPLING_REFERENCE,96,1,-0.9891797665058453,1.9494026983257582,25,26,ADAPTED_SPHERICAL_KS_WORKFLOW_REPRODUCTION
5.396048658107483e-07,Bcc1,1.222564989162762e-07,4.094364395859927,7.792896684450838,12,-4.173483668944721e-07,HIGHER_RES_SAMPLING_REFERENCE,96,2,-0.9891797665058453,1.9494026983257582,25,26,ADAPTED_SPHERICAL_KS_WORKFLOW_REPRODUCTION
7.458607656105785e-06,Bcc1,-4.1907456137729935e-06,7.792896684450838,14.832397134933096,12,3.2678620423327914e-06,HIGHER_RES_SAMPLING_REFERENCE,96,3,-0.9891797665058453,1.9494026983257582,25,26,ADAPTED_SPHERICAL_KS_WORKFLOW_REPRODUCTION
3.894815833273537e-06,Bcc1,-1.955517773521575e-06,14.832397134933096,28.23083811791544,12,1.9392980597519616e-06,HIGHER_RES_SAMPLING_REFERENCE,96,4,-0.9891797665058453,1.9494026983257582,25,26,ADAPTED_SPHERICAL_KS_WORKFLOW_REPRODUCTION
1.9550735041759835e-06,Bcc1,5.52982207053716e-07,28.23083811791544,53.73239494531252,12,-1.4020912971222675e-06,HIGHER_RES_SAMPLING_REFERENCE,96,5,-0.9891797665058453,1.9494026983257582,25,26,ADAPTED_SPHERICAL_KS_WORKFLOW_REPRODUCTION
5.150993546513642e-07,Bcc1,8.847970971530643e-07,53.73239494531252,102.27008686386948,12,1.3998964518044285e-06,HIGHER_RES_SAMPLING_REFERENCE,96,6,-0.9891797665058453,1.9494026983257582,25,26,ADAPTED_SPHERICAL_KS_WORKFLOW_REPRODUCTION
8.197163050223284e-08,Bcc1,-1.3145216828507649e-08,102.27008686386948,194.6529775527125,12,6.882641367372519e-08,HIGHER_RES_SAMPLING_REFERENCE,96,7,-0.9891797665058453,1.9494026983257582,25,26,ADAPTED_SPHERICAL_KS_WORKFLOW_REPRODUCTION
0.0,Bcc1,-5.785459222806821e-09,1.1225854340129873,2.1402642060118655,16,-5.785459222806821e-09,HIGHER_RES_SAMPLING_REFERENCE,128,0,0.9999999999999999,0.0,25,26,ADAPTED_SPHERICAL_KS_WORKFLOW_REPRODUCTION
0.0,Bcc1,1.5751950854792085e-09,2.1402642060118655,4.080518713983782,16,1.5751950854792085e-09,HIGHER_RES_SAMPLING_REFERENCE,128,1,0.9999999999999999,0.0,25,26,ADAPTED_SPHERICAL_KS_WORKFLOW_REPRODUCTION
0.0,Bcc1,-5.5008442245707556e-11,4.080518713983782,7.779709125817875,16,-5.5008442245707556e-11,HIGHER_RES_SAMPLING_REFERENCE,128,2,0.9999999999999999,0.0,25,26,ADAPTED_SPHERICAL_KS_WORKFLOW_REPRODUCTION
0.0,Bcc1,6.101952276793554e-12,7.779709125817875,14.832397134933096,16,6.101952276793554e-12,HIGHER_RES_SAMPLING_REFERENCE,128,3,0.9999999999999999,0.0,25,26,ADAPTED_SPHERICAL_KS_WORKFLOW_REPRODUCTION
0.0,Bcc1,2.5474067300024217e-13,14.832397134933096,28.278692841905322,16,2.5474067300024217e-13,HIGHER_RES_SAMPLING_REFERENCE,128,4,0.9999999999999999,0.0,25,26,ADAPTED_SPHERICAL_KS_WORKFLOW_REPRODUCTION
0.0,Bcc1,4.550914199652478e-07,28.278692841905322,53.91471530676722,16,4.550914199652478e-07,HIGHER_RES_SAMPLING_REFERENCE,128,5,0.9999999999999999,0.0,25,26,ADAPTED_SPHERICAL_KS_WORKFLOW_REPRODUCTION
0.0,Bcc1,4.916920574270234e-07,53.91471530676722,102.79104988552615,16,4.916920574270234e-07,HIGHER_RES_SAMPLING_REFERENCE,128,6,0.9999999999999999,0.0,25,26,ADAPTED_SPHERICAL_KS_WORKFLOW_REPRODUCTION
0.0,Bcc1,-1.499922174358102e-08,102.79104988552615,195.97617972105846,16,-1.499922174358102e-08,HIGHER_RES_SAMPLING_REFERENCE,128,7,0.9999999999999999,0.0,25,26,ADAPTED_SPHERICAL_KS_WORKFLOW_REPRODUCTION
9.28253400218626e-05,Bcc2,-0.00020930621063230959,1.1456345721309733,2.1731385678184307,8,-0.0003021315506541722,HIGHER_RES_SAMPLING_REFERENCE,64,0,0.9909070458729897,0.28838034967175863,25,26,ADAPTED_SPHERICAL_KS_WORKFLOW_REPRODUCTION
3.966722777887233e-06,Bcc2,4.57812117428541e-05,2.1731385678184307,4.122196859122056,8,4.974793452074133e-05,HIGHER_RES_SAMPLING_REFERENCE,64,1,0.9909070458729897,0.28838034967175863,25,26,ADAPTED_SPHERICAL_KS_WORKFLOW_REPRODUCTION
3.45835197575195e-06,Bcc2,-7.146298398176543e-05,4.122196859122056,7.819338903185626,8,-6.800463200601348e-05,HIGHER_RES_SAMPLING_REFERENCE,64,2,0.9909070458729897,0.28838034967175863,25,26,ADAPTED_SPHERICAL_KS_WORKFLOW_REPRODUCTION
1.9985912610952228e-06,Bcc2,-7.189977212014587e-05,7.819338903185626,14.832397134933096,8,-7.389836338124109e-05,HIGHER_RES_SAMPLING_REFERENCE,64,3,0.9909070458729897,0.28838034967175863,25,26,ADAPTED_SPHERICAL_KS_WORKFLOW_REPRODUCTION
1.2506107842148208e-06,Bcc2,-1.1620709782715188e-05,14.832397134933096,28.135371479901284,8,-1.2871320566930008e-05,HIGHER_RES_SAMPLING_REFERENCE,64,4,0.9909070458729897,0.28838034967175863,25,26,ADAPTED_SPHERICAL_KS_WORKFLOW_REPRODUCTION
4.90199266987585e-08,Bcc2,2.7264420588194414e-07,28.135371479901284,53.36960176502269,8,3.2166413258070264e-07,HIGHER_RES_SAMPLING_REFERENCE,64,5,0.9909070458729897,0.28838034967175863,25,26,ADAPTED_SPHERICAL_KS_WORKFLOW_REPRODUCTION
8.972245568492863e-08,Bcc2,6.409622541804713e-07,53.36960176502269,101.23606843406442,8,5.512397984955427e-07,HIGHER_RES_SAMPLING_REFERENCE,64,6,0.9909070458729897,0.28838034967175863,25,26,ADAPTED_SPHERICAL_KS_WORKFLOW_REPRODUCTION
7.765120709648556e-09,Bcc2,-1.956698145426412e-09,101.23606843406442,192.03331509030292,8,5.808422564222144e-09,HIGHER_RES_SAMPLING_REFERENCE,64,7,0.9909070458729897,0.28838034967175863,25,26,ADAPTED_SPHERICAL_KS_WORKFLOW_REPRODUCTION
1.5967389617588658e-05,Bcc2,-0.0002500423567822557,1.1302164885137453,2.1511666951179094,12,-0.0002660097463998444,HIGHER_RES_SAMPLING_REFERENCE,96,0,0.9996012493818797,0.05722750486857602,25,26,ADAPTED_SPHERICAL_KS_WORKFLOW_REPRODUCTION
1.9356122475255465e-06,Bcc2,4.618540188820433e-05,2.1511666951179094,4.094364395859927,12,4.8121014135729875e-05,HIGHER_RES_SAMPLING_REFERENCE,96,1,0.9996012493818797,0.05722750486857602,25,26,ADAPTED_SPHERICAL_KS_WORKFLOW_REPRODUCTION
3.4673579579161965e-06,Bcc2,-7.302719585538664e-05,4.094364395859927,7.792896684450838,12,-6.955983789747044e-05,HIGHER_RES_SAMPLING_REFERENCE,96,2,0.9996012493818797,0.05722750486857602,25,26,ADAPTED_SPHERICAL_KS_WORKFLOW_REPRODUCTION
1.5763523426774544e-06,Bcc2,-7.20086811448889e-05,7.792896684450838,14.832397134933096,12,-7.358503348756635e-05,HIGHER_RES_SAMPLING_REFERENCE,96,3,0.9996012493818797,0.05722750486857602,25,26,ADAPTED_SPHERICAL_KS_WORKFLOW_REPRODUCTION
3.8917016508914143e-07,Bcc2,-1.1755956422788314e-05,14.832397134933096,28.23083811791544,12,-1.2145126587877455e-05,HIGHER_RES_SAMPLING_REFERENCE,96,4,0.9996012493818797,0.05722750486857602,25,26,ADAPTED_SPHERICAL_KS_WORKFLOW_REPRODUCTION
1.1669493523435306e-07,Bcc2,8.701742809216504e-08,28.23083811791544,53.73239494531252,12,-2.9677507142188014e-08,HIGHER_RES_SAMPLING_REFERENCE,96,5,0.9996012493818797,0.05722750486857602,25,26,ADAPTED_SPHERICAL_KS_WORKFLOW_REPRODUCTION
1.1234002775745128e-07,Bcc2,6.75799340846679e-07,53.73239494531252,102.27008686386948,12,5.634593130892277e-07,HIGHER_RES_SAMPLING_REFERENCE,96,6,0.9996012493818797,0.05722750486857602,25,26,ADAPTED_SPHERICAL_KS_WORKFLOW_REPRODUCTION
3.2497758397180447e-09,Bcc2,-4.444287756243917e-09,102.27008686386948,194.6529775527125,12,-7.694063595961962e-09,HIGHER_RES_SAMPLING_REFERENCE,96,7,0.9996012493818797,0.05722750486857602,25,26,ADAPTED_SPHERICAL_KS_WORKFLOW_REPRODUCTION
0.0,Bcc2,-0.0002457746525170723,1.1225854340129873,2.1402642060118655,16,-0.0002457746525170723,HIGHER_RES_SAMPLING_REFERENCE,128,0,1.0,0.0,25,26,ADAPTED_SPHERICAL_KS_WORKFLOW_REPRODUCTION
0.0,Bcc2,4.6758546700616244e-05,2.1402642060118655,4.080518713983782,16,4.6758546700616244e-05,HIGHER_RES_SAMPLING_REFERENCE,128,1,1.0,0.0,25,26,ADAPTED_SPHERICAL_KS_WORKFLOW_REPRODUCTION
0.0,Bcc2,-7.098455472892388e-05,4.080518713983782,7.779709125817875,16,-7.098455472892388e-05,HIGHER_RES_SAMPLING_REFERENCE,128,2,1.0,0.0,25,26,ADAPTED_SPHERICAL_KS_WORKFLOW_REPRODUCTION
0.0,Bcc2,-7.246782601099587e-05,7.779709125817875,14.832397134933096,16,-7.246782601099587e-05,HIGHER_RES_SAMPLING_REFERENCE,128,3,1.0,0.0,25,26,ADAPTED_SPHERICAL_KS_WORKFLOW_REPRODUCTION
0.0,Bcc2,-1.1616027550826954e-05,14.832397134933096,28.278692841905322,16,-1.1616027550826954e-05,HIGHER_RES_SAMPLING_REFERENCE,128,4,1.0,0.0,25,26,ADAPTED_SPHERICAL_KS_WORKFLOW_REPRODUCTION
0.0,Bcc2,1.862968406871434e-07,28.278692841905322,53.91471530676722,16,1.862968406871434e-07,HIGHER_RES_SAMPLING_REFERENCE,128,5,1.0,0.0,25,26,ADAPTED_SPHERICAL_KS_WORKFLOW_REPRODUCTION
0.0,Bcc2,5.916222137291458e-07,53.91471530676722,102.79104988552615,16,5.916222137291458e-07,HIGHER_RES_SAMPLING_REFERENCE,128,6,1.0,0.0,25,26,ADAPTED_SPHERICAL_KS_WORKFLOW_REPRODUCTION
0.0,Bcc2,9.263828762111698e-10,102.79104988552615,195.97617972105846,16,9.263828762111698e-10,HIGHER_RES_SAMPLING_REFERENCE,128,7,1.0,0.0,25,26,ADAPTED_SPHERICAL_KS_WORKFLOW_REPRODUCTION
0.000112109785135317,Bcc3,-5.1511319014707624e-05,1.1456345721309733,2.1731385678184307,8,6.059846612060937e-05,HIGHER_RES_SAMPLING_REFERENCE,64,0,-0.9999451643522346,1.849774707951699,25,26,ADAPTED_SPHERICAL_KS_WORKFLOW_REPRODUCTION
1.736345499736558e-05,Bcc3,-7.940419987306768e-06,2.1731385678184307,4.122196859122056,8,9.423035010058811e-06,HIGHER_RES_SAMPLING_REFERENCE,64,1,-0.9999451643522346,1.849774707951699,25,26,ADAPTED_SPHERICAL_KS_WORKFLOW_REPRODUCTION
6.610964156106292e-07,Bcc3,-2.165352874783366e-08,4.122196859122056,7.819338903185626,8,6.394428868627955e-07,HIGHER_RES_SAMPLING_REFERENCE,64,2,-0.9999451643522346,1.849774707951699,25,26,ADAPTED_SPHERICAL_KS_WORKFLOW_REPRODUCTION
1.5471058796507134e-06,Bcc3,6.44802939282936e-07,7.819338903185626,14.832397134933096,8,-9.023029403677774e-07,HIGHER_RES_SAMPLING_REFERENCE,64,3,-0.9999451643522346,1.849774707951699,25,26,ADAPTED_SPHERICAL_KS_WORKFLOW_REPRODUCTION
2.6293490090452745e-07,Bcc3,1.6301355901422732e-07,14.832397134933096,28.135371479901284,8,-9.992134189030014e-08,HIGHER_RES_SAMPLING_REFERENCE,64,4,-0.9999451643522346,1.849774707951699,25,26,ADAPTED_SPHERICAL_KS_WORKFLOW_REPRODUCTION
2.590121850822198e-07,Bcc3,1.2186689555410135e-07,28.135371479901284,53.36960176502269,8,-1.3714528952811847e-07,HIGHER_RES_SAMPLING_REFERENCE,64,5,-0.9999451643522346,1.849774707951699,25,26,ADAPTED_SPHERICAL_KS_WORKFLOW_REPRODUCTION
3.349751095030177e-08,Bcc3,-1.5931657909991305e-08,53.36960176502269,101.23606843406442,8,1.7565853040310466e-08,HIGHER_RES_SAMPLING_REFERENCE,64,6,-0.9999451643522346,1.849774707951699,25,26,ADAPTED_SPHERICAL_KS_WORKFLOW_REPRODUCTION
3.239125320478323e-09,Bcc3,1.9667152001475952e-09,101.23606843406442,192.03331509030292,8,-1.2724101203307276e-09,HIGHER_RES_SAMPLING_REFERENCE,64,7,-0.9999451643522346,1.849774707951699,25,26,ADAPTED_SPHERICAL_KS_WORKFLOW_REPRODUCTION
3.584077511799546e-05,Bcc3,-1.5574176039215808e-05,1.1302164885137453,2.1511666951179094,12,2.026659907877965e-05,HIGHER_RES_SAMPLING_REFERENCE,96,0,-0.9813605418441804,1.8406606109156685,25,26,ADAPTED_SPHERICAL_KS_WORKFLOW_REPRODUCTION
1.8039533877619625e-05,Bcc3,-1.0006263547918732e-05,2.1511666951179094,4.094364395859927,12,8.033270329700894e-06,HIGHER_RES_SAMPLING_REFERENCE,96,1,-0.9813605418441804,1.8406606109156685,25,26,ADAPTED_SPHERICAL_KS_WORKFLOW_REPRODUCTION
1.5657646513665845e-06,Bcc3,7.501257024587092e-07,4.094364395859927,7.792896684450838,12,-8.156389489078753e-07,HIGHER_RES_SAMPLING_REFERENCE,96,2,-0.9813605418441804,1.8406606109156685,25,26,ADAPTED_SPHERICAL_KS_WORKFLOW_REPRODUCTION
1.8738394498002818e-06,Bcc3,8.61701945570748e-07,7.792896684450838,14.832397134933096,12,-1.012137504229534e-06,HIGHER_RES_SAMPLING_REFERENCE,96,3,-0.9813605418441804,1.8406606109156685,25,26,ADAPTED_SPHERICAL_KS_WORKFLOW_REPRODUCTION
3.0690382833092275e-08,Bcc3,-3.4186510933077574e-10,14.832397134933096,28.23083811791544,12,-3.103224794242305e-08,HIGHER_RES_SAMPLING_REFERENCE,96,4,-0.9813605418441804,1.8406606109156685,25,26,ADAPTED_SPHERICAL_KS_WORKFLOW_REPRODUCTION
1.7126469980066463e-07,Bcc3,-8.471053179337085e-08,28.23083811791544,53.73239494531252,12,8.655416800729378e-08,HIGHER_RES_SAMPLING_REFERENCE,96,5,-0.9813605418441804,1.8406606109156685,25,26,ADAPTED_SPHERICAL_KS_WORKFLOW_REPRODUCTION
3.7100963526987643e-10,Bcc3,-1.920479951288205e-08,53.73239494531252,102.27008686386948,12,-1.8833789877612174e-08,HIGHER_RES_SAMPLING_REFERENCE,96,6,-0.9813605418441804,1.8406606109156685,25,26,ADAPTED_SPHERICAL_KS_WORKFLOW_REPRODUCTION
7.115367197209102e-10,Bcc3,-1.6494080837835092e-09,102.27008686386948,194.6529775527125,12,-9.37871364062599e-10,HIGHER_RES_SAMPLING_REFERENCE,96,7,-0.9813605418441804,1.8406606109156685,25,26,ADAPTED_SPHERICAL_KS_WORKFLOW_REPRODUCTION
0.0,Bcc3,8.878528490186e-08,1.1225854340129873,2.1402642060118655,16,8.878528490186e-08,HIGHER_RES_SAMPLING_REFERENCE,128,0,1.0,0.0,25,26,ADAPTED_SPHERICAL_KS_WORKFLOW_REPRODUCTION
0.0,Bcc3,-6.382900430423888e-09,2.1402642060118655,4.080518713983782,16,-6.382900430423888e-09,HIGHER_RES_SAMPLING_REFERENCE,128,1,1.0,0.0,25,26,ADAPTED_SPHERICAL_KS_WORKFLOW_REPRODUCTION
0.0,Bcc3,-5.688016724292311e-11,4.080518713983782,7.779709125817875,16,-5.688016724292311e-11,HIGHER_RES_SAMPLING_REFERENCE,128,2,1.0,0.0,25,26,ADAPTED_SPHERICAL_KS_WORKFLOW_REPRODUCTION
0.0,Bcc3,4.333926880567551e-12,7.779709125817875,14.832397134933096,16,4.333926880567551e-12,HIGHER_RES_SAMPLING_REFERENCE,128,3,1.0,0.0,25,26,ADAPTED_SPHERICAL_KS_WORKFLOW_REPRODUCTION
0.0,Bcc3,-8.605128328648126e-14,14.832397134933096,28.278692841905322,16,-8.605128328648126e-14,HIGHER_RES_SAMPLING_REFERENCE,128,4,1.0,0.0,25,26,ADAPTED_SPHERICAL_KS_WORKFLOW_REPRODUCTION
0.0,Bcc3,-4.797535235796942e-08,28.278692841905322,53.91471530676722,16,-4.797535235796942e-08,HIGHER_RES_SAMPLING_REFERENCE,128,5,1.0,0.0,25,26,ADAPTED_SPHERICAL_KS_WORKFLOW_REPRODUCTION
0.0,Bcc3,-6.551954616141993e-09,53.91471530676722,102.79104988552615,16,-6.551954616141993e-09,HIGHER_RES_SAMPLING_REFERENCE,128,6,1.0,0.0,25,26,ADAPTED_SPHERICAL_KS_WORKFLOW_REPRODUCTION
0.0,Bcc3,-6.697350088534894e-10,102.79104988552615,195.97617972105846,16,-6.697350088534894e-10,HIGHER_RES_SAMPLING_REFERENCE,128,7,1.0,0.0,25,26,ADAPTED_SPHERICAL_KS_WORKFLOW_REPRODUCTION
1.455993164256597e-06,rho,6.714801067175813e-06,1.1456345721309733,2.1731385678184307,8,8.17079423143241e-06,HIGHER_RES_SAMPLING_REFERENCE,64,0,0.9753087651992329,0.4801334447063262,25,26,ADAPTED_SPHERICAL_KS_WORKFLOW_REPRODUCTION
3.353079236489975e-08,rho,-1.3450450921936863e-06,2.1731385678184307,4.122196859122056,8,-1.378575884558586e-06,HIGHER_RES_SAMPLING_REFERENCE,64,1,0.9753087651992329,0.4801334447063262,25,26,ADAPTED_SPHERICAL_KS_WORKFLOW_REPRODUCTION
6.544991855150784e-07,rho,1.8828676804361066e-06,4.122196859122056,7.819338903185626,8,1.2283684949210283e-06,HIGHER_RES_SAMPLING_REFERENCE,64,2,0.9753087651992329,0.4801334447063262,25,26,ADAPTED_SPHERICAL_KS_WORKFLOW_REPRODUCTION
1.131697935363718e-07,rho,1.2739428250529983e-05,7.819338903185626,14.832397134933096,8,1.2852598044066355e-05,HIGHER_RES_SAMPLING_REFERENCE,64,3,0.9753087651992329,0.4801334447063262,25,26,ADAPTED_SPHERICAL_KS_WORKFLOW_REPRODUCTION
5.30842172663526e-07,rho,2.314743601017355e-06,14.832397134933096,28.135371479901284,8,2.845585773680881e-06,HIGHER_RES_SAMPLING_REFERENCE,64,4,0.9753087651992329,0.4801334447063262,25,26,ADAPTED_SPHERICAL_KS_WORKFLOW_REPRODUCTION
5.932327205249166e-06,rho,0.0002132440862243623,28.135371479901284,53.36960176502269,8,0.00020731175901911314,HIGHER_RES_SAMPLING_REFERENCE,64,5,0.9753087651992329,0.4801334447063262,25,26,ADAPTED_SPHERICAL_KS_WORKFLOW_REPRODUCTION
0.0001480065744051684,rho,-0.0003758432672054113,53.36960176502269,101.23606843406442,8,-0.00022783669280024288,HIGHER_RES_SAMPLING_REFERENCE,64,6,0.9753087651992329,0.4801334447063262,25,26,ADAPTED_SPHERICAL_KS_WORKFLOW_REPRODUCTION
4.979394407911286e-08,rho,7.722729666981287e-06,101.23606843406442,192.03331509030292,8,7.672935722902174e-06,HIGHER_RES_SAMPLING_REFERENCE,64,7,0.9753087651992329,0.4801334447063262,25,26,ADAPTED_SPHERICAL_KS_WORKFLOW_REPRODUCTION
5.116520406368682e-07,rho,6.900338653984498e-06,1.1302164885137453,2.1511666951179094,12,7.411990694621366e-06,HIGHER_RES_SAMPLING_REFERENCE,96,0,0.9928762698617989,0.21712825253457677,25,26,ADAPTED_SPHERICAL_KS_WORKFLOW_REPRODUCTION
2.3507692714230485e-08,rho,-1.3915873130035497e-06,2.1511666951179094,4.094364395859927,12,-1.4150950057177802e-06,HIGHER_RES_SAMPLING_REFERENCE,96,1,0.9928762698617989,0.21712825253457677,25,26,ADAPTED_SPHERICAL_KS_WORKFLOW_REPRODUCTION
6.391214826509077e-08,rho,1.5703672397017322e-06,4.094364395859927,7.792896684450838,12,1.5064550914366414e-06,HIGHER_RES_SAMPLING_REFERENCE,96,2,0.9928762698617989,0.21712825253457677,25,26,ADAPTED_SPHERICAL_KS_WORKFLOW_REPRODUCTION
4.6581812251099734e-08,rho,1.2957151561860453e-05,7.792896684450838,14.832397134933096,12,1.3003733374111553e-05,HIGHER_RES_SAMPLING_REFERENCE,96,3,0.9928762698617989,0.21712825253457677,25,26,ADAPTED_SPHERICAL_KS_WORKFLOW_REPRODUCTION
1.8138715102761852e-07,rho,2.3289391751738456e-06,14.832397134933096,28.23083811791544,12,2.510326326201464e-06,HIGHER_RES_SAMPLING_REFERENCE,96,4,0.9928762698617989,0.21712825253457677,25,26,ADAPTED_SPHERICAL_KS_WORKFLOW_REPRODUCTION
3.852853326717572e-06,rho,0.0002054008762414391,28.23083811791544,53.73239494531252,12,0.00020925372956815668,HIGHER_RES_SAMPLING_REFERENCE,96,5,0.9928762698617989,0.21712825253457677,25,26,ADAPTED_SPHERICAL_KS_WORKFLOW_REPRODUCTION
9.457966103174786e-05,rho,-0.00028751273347199307,53.73239494531252,102.27008686386948,12,-0.00038209239450374093,HIGHER_RES_SAMPLING_REFERENCE,96,6,0.9928762698617989,0.21712825253457677,25,26,ADAPTED_SPHERICAL_KS_WORKFLOW_REPRODUCTION
5.462588798007576e-07,rho,6.732836570431276e-06,102.27008686386948,194.6529775527125,12,7.279095450232033e-06,HIGHER_RES_SAMPLING_REFERENCE,96,7,0.9928762698617989,0.21712825253457677,25,26,ADAPTED_SPHERICAL_KS_WORKFLOW_REPRODUCTION
0.0,rho,7.365274223403162e-06,1.1225854340129873,2.1402642060118655,16,7.365274223403162e-06,HIGHER_RES_SAMPLING_REFERENCE,128,0,1.0,0.0,25,26,ADAPTED_SPHERICAL_KS_WORKFLOW_REPRODUCTION
0.0,rho,-1.3555097995165966e-06,2.1402642060118655,4.080518713983782,16,-1.3555097995165966e-06,HIGHER_RES_SAMPLING_REFERENCE,128,1,1.0,0.0,25,26,ADAPTED_SPHERICAL_KS_WORKFLOW_REPRODUCTION
0.0,rho,1.823265550759956e-06,4.080518713983782,7.779709125817875,16,1.823265550759956e-06,HIGHER_RES_SAMPLING_REFERENCE,128,2,1.0,0.0,25,26,ADAPTED_SPHERICAL_KS_WORKFLOW_REPRODUCTION
0.0,rho,1.2763644909097316e-05,7.779709125817875,14.832397134933096,16,1.2763644909097316e-05,HIGHER_RES_SAMPLING_REFERENCE,128,3,1.0,0.0,25,26,ADAPTED_SPHERICAL_KS_WORKFLOW_REPRODUCTION
0.0,rho,2.1423278024901293e-06,14.832397134933096,28.278692841905322,16,2.1423278024901293e-06,HIGHER_RES_SAMPLING_REFERENCE,128,4,1.0,0.0,25,26,ADAPTED_SPHERICAL_KS_WORKFLOW_REPRODUCTION
0.0,rho,0.00021092033433434132,28.278692841905322,53.91471530676722,16,0.00021092033433434132,HIGHER_RES_SAMPLING_REFERENCE,128,5,1.0,0.0,25,26,ADAPTED_SPHERICAL_KS_WORKFLOW_REPRODUCTION
0.0,rho,-0.00030212591807007166,53.91471530676722,102.79104988552615,16,-0.00030212591807007166,HIGHER_RES_SAMPLING_REFERENCE,128,6,1.0,0.0,25,26,ADAPTED_SPHERICAL_KS_WORKFLOW_REPRODUCTION
0.0,rho,6.947674615592758e-06,102.79104988552615,195.97617972105846,16,6.947674615592758e-06,HIGHER_RES_SAMPLING_REFERENCE,128,7,1.0,0.0,25,26,ADAPTED_SPHERICAL_KS_WORKFLOW_REPRODUCTION
1.8305659388317963e-06,press,-1.3701260510146085e-05,1.1456345721309733,2.1731385678184307,8,-1.553182644897788e-05,HIGHER_RES_SAMPLING_REFERENCE,64,0,0.9996014451003739,0.11741156297492371,25,26,ADAPTED_SPHERICAL_KS_WORKFLOW_REPRODUCTION
1.1587805559543085e-07,press,-1.0162349397546677e-06,2.1731385678184307,4.122196859122056,8,-1.1321129953500986e-06,HIGHER_RES_SAMPLING_REFERENCE,64,1,0.9996014451003739,0.11741156297492371,25,26,ADAPTED_SPHERICAL_KS_WORKFLOW_REPRODUCTION
1.5241843631663698e-07,press,2.1870486199837558e-07,4.122196859122056,7.819338903185626,8,6.628642568173859e-08,HIGHER_RES_SAMPLING_REFERENCE,64,2,0.9996014451003739,0.11741156297492371,25,26,ADAPTED_SPHERICAL_KS_WORKFLOW_REPRODUCTION
7.365021192917709e-08,press,2.5379471584874302e-06,7.819338903185626,14.832397134933096,8,2.6115973704166073e-06,HIGHER_RES_SAMPLING_REFERENCE,64,3,0.9996014451003739,0.11741156297492371,25,26,ADAPTED_SPHERICAL_KS_WORKFLOW_REPRODUCTION
5.662676381967824e-08,press,5.703252612399012e-07,14.832397134933096,28.135371479901284,8,6.269520250595795e-07,HIGHER_RES_SAMPLING_REFERENCE,64,4,0.9996014451003739,0.11741156297492371,25,26,ADAPTED_SPHERICAL_KS_WORKFLOW_REPRODUCTION
2.1325082838474785e-08,press,-2.1469522409889308e-08,28.135371479901284,53.36960176502269,8,-4.279460524836409e-08,HIGHER_RES_SAMPLING_REFERENCE,64,5,0.9996014451003739,0.11741156297492371,25,26,ADAPTED_SPHERICAL_KS_WORKFLOW_REPRODUCTION
2.2153445011774409e-07,press,-7.001125097438887e-07,53.36960176502269,101.23606843406442,8,-4.785780596261446e-07,HIGHER_RES_SAMPLING_REFERENCE,64,6,0.9996014451003739,0.11741156297492371,25,26,ADAPTED_SPHERICAL_KS_WORKFLOW_REPRODUCTION
1.1784835709236548e-08,press,-5.349934182783626e-09,101.23606843406442,192.03331509030292,8,-1.7134769892020174e-08,HIGHER_RES_SAMPLING_REFERENCE,64,7,0.9996014451003739,0.11741156297492371,25,26,ADAPTED_SPHERICAL_KS_WORKFLOW_REPRODUCTION
2.8959438277861884e-07,press,-1.527521470839693e-05,1.1302164885137453,2.1511666951179094,12,-1.556480909117555e-05,HIGHER_RES_SAMPLING_REFERENCE,96,0,0.9999083446254419,0.023414318617129892,25,26,ADAPTED_SPHERICAL_KS_WORKFLOW_REPRODUCTION
5.141711188503844e-08,press,-1.069348540843967e-06,2.1511666951179094,4.094364395859927,12,-1.1207656527290055e-06,HIGHER_RES_SAMPLING_REFERENCE,96,1,0.9999083446254419,0.023414318617129892,25,26,ADAPTED_SPHERICAL_KS_WORKFLOW_REPRODUCTION
7.522279293286573e-09,press,1.5228334813731114e-07,4.094364395859927,7.792896684450838,12,1.5980562743059771e-07,HIGHER_RES_SAMPLING_REFERENCE,96,2,0.9999083446254419,0.023414318617129892,25,26,ADAPTED_SPHERICAL_KS_WORKFLOW_REPRODUCTION
3.71260670765877e-08,press,2.5570610263935543e-06,7.792896684450838,14.832397134933096,12,2.594187093470142e-06,HIGHER_RES_SAMPLING_REFERENCE,96,3,0.9999083446254419,0.023414318617129892,25,26,ADAPTED_SPHERICAL_KS_WORKFLOW_REPRODUCTION
1.677438240984994e-08,press,5.716485606235524e-07,14.832397134933096,28.23083811791544,12,5.884229430334024e-07,HIGHER_RES_SAMPLING_REFERENCE,96,4,0.9999083446254419,0.023414318617129892,25,26,ADAPTED_SPHERICAL_KS_WORKFLOW_REPRODUCTION
3.661820260183304e-08,press,-4.347035075112792e-08,28.23083811791544,53.73239494531252,12,-6.852148149294879e-09,HIGHER_RES_SAMPLING_REFERENCE,96,5,0.9999083446254419,0.023414318617129892,25,26,ADAPTED_SPHERICAL_KS_WORKFLOW_REPRODUCTION
2.192600904243685e-07,press,-5.688106660169986e-07,53.73239494531252,102.27008686386948,12,-7.880707564413671e-07,HIGHER_RES_SAMPLING_REFERENCE,96,6,0.9999083446254419,0.023414318617129892,25,26,ADAPTED_SPHERICAL_KS_WORKFLOW_REPRODUCTION
9.8868246151746e-09,press,-1.7509953217303358e-09,102.27008686386948,194.6529775527125,12,8.135829293444264e-09,HIGHER_RES_SAMPLING_REFERENCE,96,7,0.9999083446254419,0.023414318617129892,25,26,ADAPTED_SPHERICAL_KS_WORKFLOW_REPRODUCTION
0.0,press,-1.4136125653152476e-05,1.1225854340129873,2.1402642060118655,16,-1.4136125653152476e-05,HIGHER_RES_SAMPLING_REFERENCE,128,0,1.0,0.0,25,26,ADAPTED_SPHERICAL_KS_WORKFLOW_REPRODUCTION
0.0,press,-1.044992272936085e-06,2.1402642060118655,4.080518713983782,16,-1.044992272936085e-06,HIGHER_RES_SAMPLING_REFERENCE,128,1,1.0,0.0,25,26,ADAPTED_SPHERICAL_KS_WORKFLOW_REPRODUCTION
0.0,press,2.1145145395751186e-07,4.080518713983782,7.779709125817875,16,2.1145145395751186e-07,HIGHER_RES_SAMPLING_REFERENCE,128,2,1.0,0.0,25,26,ADAPTED_SPHERICAL_KS_WORKFLOW_REPRODUCTION
0.0,press,2.537033399925559e-06,7.779709125817875,14.832397134933096,16,2.537033399925559e-06,HIGHER_RES_SAMPLING_REFERENCE,128,3,1.0,0.0,25,26,ADAPTED_SPHERICAL_KS_WORKFLOW_REPRODUCTION
0.0,press,5.572997507988231e-07,14.832397134933096,28.278692841905322,16,5.572997507988231e-07,HIGHER_RES_SAMPLING_REFERENCE,128,4,1.0,0.0,25,26,ADAPTED_SPHERICAL_KS_WORKFLOW_REPRODUCTION
0.0,press,-5.232552739362073e-08,28.278692841905322,53.91471530676722,16,-5.232552739362073e-08,HIGHER_RES_SAMPLING_REFERENCE,128,5,1.0,0.0,25,26,ADAPTED_SPHERICAL_KS_WORKFLOW_REPRODUCTION
0.0,press,-5.916603229749913e-07,53.91471530676722,102.79104988552615,16,-5.916603229749913e-07,HIGHER_RES_SAMPLING_REFERENCE,128,6,1.0,0.0,25,26,ADAPTED_SPHERICAL_KS_WORKFLOW_REPRODUCTION
0.0,press,-4.3842368147375965e-09,102.79104988552615,195.97617972105846,16,-4.3842368147375965e-09,HIGHER_RES_SAMPLING_REFERENCE,128,7,1.0,0.0,25,26,ADAPTED_SPHERICAL_KS_WORKFLOW_REPRODUCTION
0.00013058767217444256,vel1,-0.009515621880382241,1.1456345721309733,2.1731385678184307,8,-0.009646209552556684,HIGHER_RES_SAMPLING_REFERENCE,64,0,0.9947951046531328,0.10923846247550933,25,26,ADAPTED_SPHERICAL_KS_WORKFLOW_REPRODUCTION
2.2171278942550998e-05,vel1,-0.007602516741826548,2.1731385678184307,4.122196859122056,8,-0.007580345462883997,HIGHER_RES_SAMPLING_REFERENCE,64,1,0.9947951046531328,0.10923846247550933,25,26,ADAPTED_SPHERICAL_KS_WORKFLOW_REPRODUCTION
0.0002952474826543039,vel1,-0.007276881071220487,4.122196859122056,7.819338903185626,8,-0.006981633588566183,HIGHER_RES_SAMPLING_REFERENCE,64,2,0.9947951046531328,0.10923846247550933,25,26,ADAPTED_SPHERICAL_KS_WORKFLOW_REPRODUCTION
0.0004339969268585264,vel1,-0.006291100295584329,7.819338903185626,14.832397134933096,8,-0.006725097222442855,HIGHER_RES_SAMPLING_REFERENCE,64,3,0.9947951046531328,0.10923846247550933,25,26,ADAPTED_SPHERICAL_KS_WORKFLOW_REPRODUCTION
8.855994863665728e-05,vel1,0.001874730716544093,14.832397134933096,28.135371479901284,8,0.0019632906651807502,HIGHER_RES_SAMPLING_REFERENCE,64,4,0.9947951046531328,0.10923846247550933,25,26,ADAPTED_SPHERICAL_KS_WORKFLOW_REPRODUCTION
9.142447116516905e-05,vel1,-0.00782204530496955,28.135371479901284,53.36960176502269,8,-0.00773062083380438,HIGHER_RES_SAMPLING_REFERENCE,64,5,0.9947951046531328,0.10923846247550933,25,26,ADAPTED_SPHERICAL_KS_WORKFLOW_REPRODUCTION
0.00021222441137069836,vel1,-0.0027452724971226417,53.36960176502269,101.23606843406442,8,-0.00295749690849334,HIGHER_RES_SAMPLING_REFERENCE,64,6,0.9947951046531328,0.10923846247550933,25,26,ADAPTED_SPHERICAL_KS_WORKFLOW_REPRODUCTION
0.0019721447801543945,vel1,0.008199352368762902,101.23606843406442,192.03331509030292,8,0.006227207588608508,HIGHER_RES_SAMPLING_REFERENCE,64,7,0.9947951046531328,0.10923846247550933,25,26,ADAPTED_SPHERICAL_KS_WORKFLOW_REPRODUCTION
8.246537712424187e-05,vel1,-0.009491935689126237,1.1302164885137453,2.1511666951179094,12,-0.009574401066250479,HIGHER_RES_SAMPLING_REFERENCE,96,0,0.9993002226632474,0.038622441368001366,25,26,ADAPTED_SPHERICAL_KS_WORKFLOW_REPRODUCTION
1.6514663541414114e-05,vel1,-0.007585002553646013,2.1511666951179094,4.094364395859927,12,-0.007568487890104599,HIGHER_RES_SAMPLING_REFERENCE,96,1,0.9993002226632474,0.038622441368001366,25,26,ADAPTED_SPHERICAL_KS_WORKFLOW_REPRODUCTION
3.116256165311762e-05,vel1,-0.007079277734091092,4.094364395859927,7.792896684450838,12,-0.007048115172437974,HIGHER_RES_SAMPLING_REFERENCE,96,2,0.9993002226632474,0.038622441368001366,25,26,ADAPTED_SPHERICAL_KS_WORKFLOW_REPRODUCTION
0.00016562881154203336,vel1,-0.006096490120634607,7.792896684450838,14.832397134933096,12,-0.00626211893217664,HIGHER_RES_SAMPLING_REFERENCE,96,3,0.9993002226632474,0.038622441368001366,25,26,ADAPTED_SPHERICAL_KS_WORKFLOW_REPRODUCTION
2.0017279755930005e-05,vel1,0.0016117853829703255,14.832397134933096,28.23083811791544,12,0.0015917681032143955,HIGHER_RES_SAMPLING_REFERENCE,96,4,0.9993002226632474,0.038622441368001366,25,26,ADAPTED_SPHERICAL_KS_WORKFLOW_REPRODUCTION
0.0002958172987611628,vel1,-0.00782812042321005,28.23083811791544,53.73239494531252,12,-0.007532303124448887,HIGHER_RES_SAMPLING_REFERENCE,96,5,0.9993002226632474,0.038622441368001366,25,26,ADAPTED_SPHERICAL_KS_WORKFLOW_REPRODUCTION
0.0006330346807738316,vel1,-0.0027819440874736756,53.73239494531252,102.27008686386948,12,-0.003414978768247507,HIGHER_RES_SAMPLING_REFERENCE,96,6,0.9993002226632474,0.038622441368001366,25,26,ADAPTED_SPHERICAL_KS_WORKFLOW_REPRODUCTION
0.0003091537860705606,vel1,0.010018378204887523,102.27008686386948,194.6529775527125,12,0.010327531990958084,HIGHER_RES_SAMPLING_REFERENCE,96,7,0.9993002226632474,0.038622441368001366,25,26,ADAPTED_SPHERICAL_KS_WORKFLOW_REPRODUCTION
0.0,vel1,-0.0095144994616021,1.1225854340129873,2.1402642060118655,16,-0.0095144994616021,HIGHER_RES_SAMPLING_REFERENCE,128,0,0.9999999999999999,0.0,25,26,ADAPTED_SPHERICAL_KS_WORKFLOW_REPRODUCTION
0.0,vel1,-0.007560690326727126,2.1402642060118655,4.080518713983782,16,-0.007560690326727126,HIGHER_RES_SAMPLING_REFERENCE,128,1,0.9999999999999999,0.0,25,26,ADAPTED_SPHERICAL_KS_WORKFLOW_REPRODUCTION
0.0,vel1,-0.00713080045437664,4.080518713983782,7.779709125817875,16,-0.00713080045437664,HIGHER_RES_SAMPLING_REFERENCE,128,2,0.9999999999999999,0.0,25,26,ADAPTED_SPHERICAL_KS_WORKFLOW_REPRODUCTION
0.0,vel1,-0.0061129695445458765,7.779709125817875,14.832397134933096,16,-0.0061129695445458765,HIGHER_RES_SAMPLING_REFERENCE,128,3,0.9999999999999999,0.0,25,26,ADAPTED_SPHERICAL_KS_WORKFLOW_REPRODUCTION
0.0,vel1,0.0016045328856675312,14.832397134933096,28.278692841905322,16,0.0016045328856675312,HIGHER_RES_SAMPLING_REFERENCE,128,4,0.9999999999999999,0.0,25,26,ADAPTED_SPHERICAL_KS_WORKFLOW_REPRODUCTION
0.0,vel1,-0.007699070213050163,28.278692841905322,53.91471530676722,16,-0.007699070213050163,HIGHER_RES_SAMPLING_REFERENCE,128,5,0.9999999999999999,0.0,25,26,ADAPTED_SPHERICAL_KS_WORKFLOW_REPRODUCTION
0.0,vel1,-0.003031109106018448,53.91471530676722,102.79104988552615,16,-0.003031109106018448,HIGHER_RES_SAMPLING_REFERENCE,128,6,0.9999999999999999,0.0,25,26,ADAPTED_SPHERICAL_KS_WORKFLOW_REPRODUCTION
0.0,vel1,0.009223426032569648,102.79104988552615,195.97617972105846,16,0.009223426032569648,HIGHER_RES_SAMPLING_REFERENCE,128,7,0.9999999999999999,0.0,25,26,ADAPTED_SPHERICAL_KS_WORKFLOW_REPRODUCTION
3.3761574869117794e-08,vel2,1.335754259201849e-06,1.1456345721309733,2.1731385678184307,8,1.3695158340709668e-06,HIGHER_RES_SAMPLING_REFERENCE,64,0,-0.6057822433732171,2.2934880356518033,25,26,ADAPTED_SPHERICAL_KS_WORKFLOW_REPRODUCTION
3.9615796243452905e-06,vel2,1.6846042445450848e-06,2.1731385678184307,4.122196859122056,8,-2.2769753798002057e-06,HIGHER_RES_SAMPLING_REFERENCE,64,1,-0.6057822433732171,2.2934880356518033,25,26,ADAPTED_SPHERICAL_KS_WORKFLOW_REPRODUCTION
3.2676007610144e-05,vel2,2.1109317274059514e-05,4.122196859122056,7.819338903185626,8,-1.1566690336084484e-05,HIGHER_RES_SAMPLING_REFERENCE,64,2,-0.6057822433732171,2.2934880356518033,25,26,ADAPTED_SPHERICAL_KS_WORKFLOW_REPRODUCTION
1.3301120226572039e-05,vel2,-4.994144365166875e-06,7.819338903185626,14.832397134933096,8,8.306975861405164e-06,HIGHER_RES_SAMPLING_REFERENCE,64,3,-0.6057822433732171,2.2934880356518033,25,26,ADAPTED_SPHERICAL_KS_WORKFLOW_REPRODUCTION
5.913958515346707e-06,vel2,-1.1583813059212744e-05,14.832397134933096,28.135371479901284,8,-5.6698545438660375e-06,HIGHER_RES_SAMPLING_REFERENCE,64,4,-0.6057822433732171,2.2934880356518033,25,26,ADAPTED_SPHERICAL_KS_WORKFLOW_REPRODUCTION
1.0623199430792596e-05,vel2,5.5742236177991344e-06,28.135371479901284,53.36960176502269,8,-5.0489758129934614e-06,HIGHER_RES_SAMPLING_REFERENCE,64,5,-0.6057822433732171,2.2934880356518033,25,26,ADAPTED_SPHERICAL_KS_WORKFLOW_REPRODUCTION
1.9091732905707204e-06,vel2,-1.0378583112924389e-06,53.36960176502269,101.23606843406442,8,8.713149792782815e-07,HIGHER_RES_SAMPLING_REFERENCE,64,6,-0.6057822433732171,2.2934880356518033,25,26,ADAPTED_SPHERICAL_KS_WORKFLOW_REPRODUCTION
1.7591597876347105e-06,vel2,9.01482857103392e-07,101.23606843406442,192.03331509030292,8,-8.576769305313186e-07,HIGHER_RES_SAMPLING_REFERENCE,64,7,-0.6057822433732171,2.2934880356518033,25,26,ADAPTED_SPHERICAL_KS_WORKFLOW_REPRODUCTION
1.6212608489101716e-05,vel2,-8.265267167244187e-06,1.1302164885137453,2.1511666951179094,12,7.947341321857527e-06,HIGHER_RES_SAMPLING_REFERENCE,96,0,-0.982013651603034,1.9098012207492343,25,26,ADAPTED_SPHERICAL_KS_WORKFLOW_REPRODUCTION
6.248796123768611e-06,vel2,-2.9237401871732253e-06,2.1511666951179094,4.094364395859927,12,3.325055936595386e-06,HIGHER_RES_SAMPLING_REFERENCE,96,1,-0.982013651603034,1.9098012207492343,25,26,ADAPTED_SPHERICAL_KS_WORKFLOW_REPRODUCTION
7.091502181050052e-06,vel2,-3.0068956976671125e-06,4.094364395859927,7.792896684450838,12,4.08460648338294e-06,HIGHER_RES_SAMPLING_REFERENCE,96,2,-0.982013651603034,1.9098012207492343,25,26,ADAPTED_SPHERICAL_KS_WORKFLOW_REPRODUCTION
4.7395035322863435e-06,vel2,1.7506756442215916e-06,7.792896684450838,14.832397134933096,12,-2.988827888064752e-06,HIGHER_RES_SAMPLING_REFERENCE,96,3,-0.982013651603034,1.9098012207492343,25,26,ADAPTED_SPHERICAL_KS_WORKFLOW_REPRODUCTION
2.0769698313479786e-06,vel2,1.1743383946917742e-06,14.832397134933096,28.23083811791544,12,-9.026314366562044e-07,HIGHER_RES_SAMPLING_REFERENCE,96,4,-0.982013651603034,1.9098012207492343,25,26,ADAPTED_SPHERICAL_KS_WORKFLOW_REPRODUCTION
6.711352442218194e-06,vel2,-2.977919102815147e-06,28.23083811791544,53.73239494531252,12,3.7334333394030467e-06,HIGHER_RES_SAMPLING_REFERENCE,96,5,-0.982013651603034,1.9098012207492343,25,26,ADAPTED_SPHERICAL_KS_WORKFLOW_REPRODUCTION
2.703424169274797e-06,vel2,8.483324953623139e-07,53.73239494531252,102.27008686386948,12,-1.8550916739124834e-06,HIGHER_RES_SAMPLING_REFERENCE,96,6,-0.982013651603034,1.9098012207492343,25,26,ADAPTED_SPHERICAL_KS_WORKFLOW_REPRODUCTION
1.599222320902938e-06,vel2,-6.362427296391344e-07,102.27008686386948,194.6529775527125,12,9.629795912638037e-07,HIGHER_RES_SAMPLING_REFERENCE,96,7,-0.982013651603034,1.9098012207492343,25,26,ADAPTED_SPHERICAL_KS_WORKFLOW_REPRODUCTION
0.0,vel2,-2.074718308264778e-08,1.1225854340129873,2.1402642060118655,16,-2.074718308264778e-08,HIGHER_RES_SAMPLING_REFERENCE,128,0,0.9999999999999998,0.0,25,26,ADAPTED_SPHERICAL_KS_WORKFLOW_REPRODUCTION
0.0,vel2,-1.2954674666332266e-08,2.1402642060118655,4.080518713983782,16,-1.2954674666332266e-08,HIGHER_RES_SAMPLING_REFERENCE,128,1,0.9999999999999998,0.0,25,26,ADAPTED_SPHERICAL_KS_WORKFLOW_REPRODUCTION
0.0,vel2,-8.035481724455451e-10,4.080518713983782,7.779709125817875,16,-8.035481724455451e-10,HIGHER_RES_SAMPLING_REFERENCE,128,2,0.9999999999999998,0.0,25,26,ADAPTED_SPHERICAL_KS_WORKFLOW_REPRODUCTION
0.0,vel2,-5.979450268256414e-11,7.779709125817875,14.832397134933096,16,-5.979450268256414e-11,HIGHER_RES_SAMPLING_REFERENCE,128,3,0.9999999999999998,0.0,25,26,ADAPTED_SPHERICAL_KS_WORKFLOW_REPRODUCTION
0.0,vel2,-4.9904524956900786e-14,14.832397134933096,28.278692841905322,16,-4.9904524956900786e-14,HIGHER_RES_SAMPLING_REFERENCE,128,4,0.9999999999999998,0.0,25,26,ADAPTED_SPHERICAL_KS_WORKFLOW_REPRODUCTION
0.0,vel2,1.6891045072353617e-06,28.278692841905322,53.91471530676722,16,1.6891045072353617e-06,HIGHER_RES_SAMPLING_REFERENCE,128,5,0.9999999999999998,0.0,25,26,ADAPTED_SPHERICAL_KS_WORKFLOW_REPRODUCTION
0.0,vel2,-1.2187218754265011e-06,53.91471530676722,102.79104988552615,16,-1.2187218754265011e-06,HIGHER_RES_SAMPLING_REFERENCE,128,6,0.9999999999999998,0.0,25,26,ADAPTED_SPHERICAL_KS_WORKFLOW_REPRODUCTION
0.0,vel2,7.685230559058456e-08,102.79104988552615,195.97617972105846,16,7.685230559058456e-08,HIGHER_RES_SAMPLING_REFERENCE,128,7,0.9999999999999998,0.0,25,26,ADAPTED_SPHERICAL_KS_WORKFLOW_REPRODUCTION
0.00012339548038653447,vel3,-0.010807756968461035,1.1456345721309733,2.1731385678184307,8,-0.01093115244884757,HIGHER_RES_SAMPLING_REFERENCE,64,0,0.9999284069768085,0.012594051840183106,25,26,ADAPTED_SPHERICAL_KS_WORKFLOW_REPRODUCTION
5.972444864710269e-05,vel3,-0.007852027113699478,2.1731385678184307,4.122196859122056,8,-0.007792302665052375,HIGHER_RES_SAMPLING_REFERENCE,64,1,0.9999284069768085,0.012594051840183106,25,26,ADAPTED_SPHERICAL_KS_WORKFLOW_REPRODUCTION
9.040402832738437e-05,vel3,-0.002804316074112023,4.122196859122056,7.819338903185626,8,-0.0028947201024394076,HIGHER_RES_SAMPLING_REFERENCE,64,2,0.9999284069768085,0.012594051840183106,25,26,ADAPTED_SPHERICAL_KS_WORKFLOW_REPRODUCTION
6.006332618824217e-05,vel3,0.00489881758632027,7.819338903185626,14.832397134933096,8,0.004838754260132028,HIGHER_RES_SAMPLING_REFERENCE,64,3,0.9999284069768085,0.012594051840183106,25,26,ADAPTED_SPHERICAL_KS_WORKFLOW_REPRODUCTION
5.151953567583689e-05,vel3,0.00017906501679121334,14.832397134933096,28.135371479901284,8,0.00023058455246705023,HIGHER_RES_SAMPLING_REFERENCE,64,4,0.9999284069768085,0.012594051840183106,25,26,ADAPTED_SPHERICAL_KS_WORKFLOW_REPRODUCTION
1.9148859109918703e-05,vel3,0.0002067044801155049,28.135371479901284,53.36960176502269,8,0.0001875556210055862,HIGHER_RES_SAMPLING_REFERENCE,64,5,0.9999284069768085,0.012594051840183106,25,26,ADAPTED_SPHERICAL_KS_WORKFLOW_REPRODUCTION
6.6703781966825915e-06,vel3,8.883134130988068e-05,53.36960176502269,101.23606843406442,8,9.550171950656328e-05,HIGHER_RES_SAMPLING_REFERENCE,64,6,0.9999284069768085,0.012594051840183106,25,26,ADAPTED_SPHERICAL_KS_WORKFLOW_REPRODUCTION
1.3844846066483202e-06,vel3,9.056333090009909e-06,101.23606843406442,192.03331509030292,8,7.671848483361589e-06,HIGHER_RES_SAMPLING_REFERENCE,64,7,0.9999284069768085,0.012594051840183106,25,26,ADAPTED_SPHERICAL_KS_WORKFLOW_REPRODUCTION
0.00011813665683062073,vel3,-0.010740881501853303,1.1302164885137453,2.1511666951179094,12,-0.010859018158683923,HIGHER_RES_SAMPLING_REFERENCE,96,0,0.9999322385497221,0.012079350720905501,25,26,ADAPTED_SPHERICAL_KS_WORKFLOW_REPRODUCTION
0.00010879135836013801,vel3,-0.007850113042170252,2.1511666951179094,4.094364395859927,12,-0.007741321683810114,HIGHER_RES_SAMPLING_REFERENCE,96,1,0.9999322385497221,0.012079350720905501,25,26,ADAPTED_SPHERICAL_KS_WORKFLOW_REPRODUCTION
3.1305443580246454e-05,vel3,-0.002735717268554557,4.094364395859927,7.792896684450838,12,-0.0027670227121348034,HIGHER_RES_SAMPLING_REFERENCE,96,2,0.9999322385497221,0.012079350720905501,25,26,ADAPTED_SPHERICAL_KS_WORKFLOW_REPRODUCTION
3.394294472514048e-05,vel3,0.0048246960367784985,7.792896684450838,14.832397134933096,12,0.004858638981503639,HIGHER_RES_SAMPLING_REFERENCE,96,3,0.9999322385497221,0.012079350720905501,25,26,ADAPTED_SPHERICAL_KS_WORKFLOW_REPRODUCTION
5.0908032199109326e-05,vel3,0.00016235066951727126,14.832397134933096,28.23083811791544,12,0.00021325870171638058,HIGHER_RES_SAMPLING_REFERENCE,96,4,0.9999322385497221,0.012079350720905501,25,26,ADAPTED_SPHERICAL_KS_WORKFLOW_REPRODUCTION
2.239779588924872e-06,vel3,0.00018579506744276632,28.23083811791544,53.73239494531252,12,0.00018355528785384144,HIGHER_RES_SAMPLING_REFERENCE,96,5,0.9999322385497221,0.012079350720905501,25,26,ADAPTED_SPHERICAL_KS_WORKFLOW_REPRODUCTION
3.912391544069749e-07,vel3,9.037510972129023e-05,53.73239494531252,102.27008686386948,12,9.07663488756972e-05,HIGHER_RES_SAMPLING_REFERENCE,96,6,0.9999322385497221,0.012079350720905501,25,26,ADAPTED_SPHERICAL_KS_WORKFLOW_REPRODUCTION
1.8021891339464947e-06,vel3,7.7279110903154e-06,102.27008686386948,194.6529775527125,12,9.530100224261895e-06,HIGHER_RES_SAMPLING_REFERENCE,96,7,0.9999322385497221,0.012079350720905501,25,26,ADAPTED_SPHERICAL_KS_WORKFLOW_REPRODUCTION
0.0,vel3,-0.010784265686766048,1.1225854340129873,2.1402642060118655,16,-0.010784265686766048,HIGHER_RES_SAMPLING_REFERENCE,128,0,1.0000000000000002,0.0,25,26,ADAPTED_SPHERICAL_KS_WORKFLOW_REPRODUCTION
0.0,vel3,-0.007695753674880734,2.1402642060118655,4.080518713983782,16,-0.007695753674880734,HIGHER_RES_SAMPLING_REFERENCE,128,1,1.0000000000000002,0.0,25,26,ADAPTED_SPHERICAL_KS_WORKFLOW_REPRODUCTION
0.0,vel3,-0.0027442089320430796,4.080518713983782,7.779709125817875,16,-0.0027442089320430796,HIGHER_RES_SAMPLING_REFERENCE,128,2,1.0000000000000002,0.0,25,26,ADAPTED_SPHERICAL_KS_WORKFLOW_REPRODUCTION
0.0,vel3,0.0048941548610651475,7.779709125817875,14.832397134933096,16,0.0048941548610651475,HIGHER_RES_SAMPLING_REFERENCE,128,3,1.0000000000000002,0.0,25,26,ADAPTED_SPHERICAL_KS_WORKFLOW_REPRODUCTION
0.0,vel3,0.00019541376076137595,14.832397134933096,28.278692841905322,16,0.00019541376076137595,HIGHER_RES_SAMPLING_REFERENCE,128,4,1.0000000000000002,0.0,25,26,ADAPTED_SPHERICAL_KS_WORKFLOW_REPRODUCTION
0.0,vel3,0.00018287892072782475,28.278692841905322,53.91471530676722,16,0.00018287892072782475,HIGHER_RES_SAMPLING_REFERENCE,128,5,1.0000000000000002,0.0,25,26,ADAPTED_SPHERICAL_KS_WORKFLOW_REPRODUCTION
0.0,vel3,8.739898639315707e-05,53.91471530676722,102.79104988552615,16,8.739898639315707e-05,HIGHER_RES_SAMPLING_REFERENCE,128,6,1.0000000000000002,0.0,25,26,ADAPTED_SPHERICAL_KS_WORKFLOW_REPRODUCTION
0.0,vel3,9.661288612106004e-06,102.79104988552615,195.97617972105846,16,9.661288612106004e-06,HIGHER_RES_SAMPLING_REFERENCE,128,7,1.0000000000000002,0.0,25,26,ADAPTED_SPHERICAL_KS_WORKFLOW_REPRODUCTION
1.967588303841694e-05,Bcc1,-9.083735278636595e-06,1.1456345721309733,2.1731385678184307,8,1.0592147759780346e-05,HIGHER_RES_SAMPLING_REFERENCE,64,0,-0.9880202384075601,1.8851683939300174,50,51,ADAPTED_SPHERICAL_KS_WORKFLOW_REPRODUCTION
4.870117088273673e-06,Bcc1,-3.0305559626242484e-06,2.1731385678184307,4.122196859122056,8,1.8395611256494249e-06,HIGHER_RES_SAMPLING_REFERENCE,64,1,-0.9880202384075601,1.8851683939300174,50,51,ADAPTED_SPHERICAL_KS_WORKFLOW_REPRODUCTION
1.0987329690514969e-06,Bcc1,3.3727508741421275e-07,4.122196859122056,7.819338903185626,8,-7.614578816372841e-07,HIGHER_RES_SAMPLING_REFERENCE,64,2,-0.9880202384075601,1.8851683939300174,50,51,ADAPTED_SPHERICAL_KS_WORKFLOW_REPRODUCTION
1.3068382149761248e-06,Bcc1,-6.030560726344447e-07,7.819338903185626,14.832397134933096,8,7.037821423416801e-07,HIGHER_RES_SAMPLING_REFERENCE,64,3,-0.9880202384075601,1.8851683939300174,50,51,ADAPTED_SPHERICAL_KS_WORKFLOW_REPRODUCTION
1.6770482238470663e-06,Bcc1,-8.975375500597238e-07,14.832397134933096,28.135371479901284,8,7.795106737873425e-07,HIGHER_RES_SAMPLING_REFERENCE,64,4,-0.9880202384075601,1.8851683939300174,50,51,ADAPTED_SPHERICAL_KS_WORKFLOW_REPRODUCTION
5.619149074931329e-07,Bcc1,-3.175514855513484e-07,28.135371479901284,53.36960176502269,8,2.443634219417845e-07,HIGHER_RES_SAMPLING_REFERENCE,64,5,-0.9880202384075601,1.8851683939300174,50,51,ADAPTED_SPHERICAL_KS_WORKFLOW_REPRODUCTION
1.0780695269829721e-07,Bcc1,-5.900700061900466e-08,53.36960176502269,101.23606843406442,8,4.879995207929255e-08,HIGHER_RES_SAMPLING_REFERENCE,64,6,-0.9880202384075601,1.8851683939300174,50,51,ADAPTED_SPHERICAL_KS_WORKFLOW_REPRODUCTION
4.028266007427561e-07,Bcc1,-2.129866690306348e-07,101.23606843406442,192.03331509030292,8,1.8983993171212132e-07,HIGHER_RES_SAMPLING_REFERENCE,64,7,-0.9880202384075601,1.8851683939300174,50,51,ADAPTED_SPHERICAL_KS_WORKFLOW_REPRODUCTION
2.855280075453737e-05,Bcc1,-1.4251427130686892e-05,1.1302164885137453,2.1511666951179094,12,1.430137362385048e-05,HIGHER_RES_SAMPLING_REFERENCE,96,0,-0.9980315572586933,1.9778885618610131,50,51,ADAPTED_SPHERICAL_KS_WORKFLOW_REPRODUCTION
9.943886216437596e-06,Bcc1,4.519219256461905e-06,2.1511666951179094,4.094364395859927,12,-5.42466695997569e-06,HIGHER_RES_SAMPLING_REFERENCE,96,1,-0.9980315572586933,1.9778885618610131,50,51,ADAPTED_SPHERICAL_KS_WORKFLOW_REPRODUCTION
2.165203532253254e-06,Bcc1,1.2050368966051202e-06,4.094364395859927,7.792896684450838,12,-9.601666356481339e-07,HIGHER_RES_SAMPLING_REFERENCE,96,2,-0.9980315572586933,1.9778885618610131,50,51,ADAPTED_SPHERICAL_KS_WORKFLOW_REPRODUCTION
3.2418873432662724e-07,Bcc1,1.039578968423619e-07,7.792896684450838,14.832397134933096,12,-2.2023083748426533e-07,HIGHER_RES_SAMPLING_REFERENCE,96,3,-0.9980315572586933,1.9778885618610131,50,51,ADAPTED_SPHERICAL_KS_WORKFLOW_REPRODUCTION
1.0121883412416032e-06,Bcc1,-5.255459093426133e-07,14.832397134933096,28.23083811791544,12,4.8664243189899e-07,HIGHER_RES_SAMPLING_REFERENCE,96,4,-0.9980315572586933,1.9778885618610131,50,51,ADAPTED_SPHERICAL_KS_WORKFLOW_REPRODUCTION
2.265679699820356e-07,Bcc1,2.627448770487751e-07,28.23083811791544,53.73239494531252,12,3.6176907066739526e-08,HIGHER_RES_SAMPLING_REFERENCE,96,5,-0.9980315572586933,1.9778885618610131,50,51,ADAPTED_SPHERICAL_KS_WORKFLOW_REPRODUCTION
7.437242691452381e-08,Bcc1,-5.745721593981485e-11,53.73239494531252,102.27008686386948,12,7.4314969698584e-08,HIGHER_RES_SAMPLING_REFERENCE,96,6,-0.9980315572586933,1.9778885618610131,50,51,ADAPTED_SPHERICAL_KS_WORKFLOW_REPRODUCTION
9.228589363376023e-09,Bcc1,-6.461726035828981e-08,102.27008686386948,194.6529775527125,12,-7.384584972166583e-08,HIGHER_RES_SAMPLING_REFERENCE,96,7,-0.9980315572586933,1.9778885618610131,50,51,ADAPTED_SPHERICAL_KS_WORKFLOW_REPRODUCTION
0.0,Bcc1,-3.3502800533824484e-10,1.1225854340129873,2.1402642060118655,16,-3.3502800533824484e-10,HIGHER_RES_SAMPLING_REFERENCE,128,0,1.0000000000000002,0.0,50,51,ADAPTED_SPHERICAL_KS_WORKFLOW_REPRODUCTION
0.0,Bcc1,-3.2594371646155196e-10,2.1402642060118655,4.080518713983782,16,-3.2594371646155196e-10,HIGHER_RES_SAMPLING_REFERENCE,128,1,1.0000000000000002,0.0,50,51,ADAPTED_SPHERICAL_KS_WORKFLOW_REPRODUCTION
0.0,Bcc1,-3.6850522633358196e-11,4.080518713983782,7.779709125817875,16,-3.6850522633358196e-11,HIGHER_RES_SAMPLING_REFERENCE,128,2,1.0000000000000002,0.0,50,51,ADAPTED_SPHERICAL_KS_WORKFLOW_REPRODUCTION
0.0,Bcc1,1.3183787395121271e-11,7.779709125817875,14.832397134933096,16,1.3183787395121271e-11,HIGHER_RES_SAMPLING_REFERENCE,128,3,1.0000000000000002,0.0,50,51,ADAPTED_SPHERICAL_KS_WORKFLOW_REPRODUCTION
0.0,Bcc1,7.529754597612737e-12,14.832397134933096,28.278692841905322,16,7.529754597612737e-12,HIGHER_RES_SAMPLING_REFERENCE,128,4,1.0000000000000002,0.0,50,51,ADAPTED_SPHERICAL_KS_WORKFLOW_REPRODUCTION
0.0,Bcc1,-4.7589618912269316e-09,28.278692841905322,53.91471530676722,16,-4.7589618912269316e-09,HIGHER_RES_SAMPLING_REFERENCE,128,5,1.0000000000000002,0.0,50,51,ADAPTED_SPHERICAL_KS_WORKFLOW_REPRODUCTION
0.0,Bcc1,8.371415825131345e-08,53.91471530676722,102.79104988552615,16,8.371415825131345e-08,HIGHER_RES_SAMPLING_REFERENCE,128,6,1.0000000000000002,0.0,50,51,ADAPTED_SPHERICAL_KS_WORKFLOW_REPRODUCTION
0.0,Bcc1,-9.77804717073455e-08,102.79104988552615,195.97617972105846,16,-9.77804717073455e-08,HIGHER_RES_SAMPLING_REFERENCE,128,7,1.0000000000000002,0.0,50,51,ADAPTED_SPHERICAL_KS_WORKFLOW_REPRODUCTION
4.494844269276044e-05,Bcc2,0.0001286263848152558,1.1456345721309733,2.1731385678184307,8,8.367794212249535e-05,HIGHER_RES_SAMPLING_REFERENCE,64,0,0.9687159602421356,0.28926394429938435,50,51,ADAPTED_SPHERICAL_KS_WORKFLOW_REPRODUCTION
1.1770875896210953e-05,Bcc2,0.00012299929336601068,2.1731385678184307,4.122196859122056,8,0.00013477016926222163,HIGHER_RES_SAMPLING_REFERENCE,64,1,0.9687159602421356,0.28926394429938435,50,51,ADAPTED_SPHERICAL_KS_WORKFLOW_REPRODUCTION
2.1271241829601273e-06,Bcc2,1.5777176981701668e-05,4.122196859122056,7.819338903185626,8,1.7904301164661796e-05,HIGHER_RES_SAMPLING_REFERENCE,64,2,0.9687159602421356,0.28926394429938435,50,51,ADAPTED_SPHERICAL_KS_WORKFLOW_REPRODUCTION
2.6348198720049787e-07,Bcc2,-1.744792042213117e-05,7.819338903185626,14.832397134933096,8,-1.7711402409331667e-05,HIGHER_RES_SAMPLING_REFERENCE,64,3,0.9687159602421356,0.28926394429938435,50,51,ADAPTED_SPHERICAL_KS_WORKFLOW_REPRODUCTION
2.905415237008935e-07,Bcc2,-7.334441264758573e-06,14.832397134933096,28.135371479901284,8,-7.624982788459467e-06,HIGHER_RES_SAMPLING_REFERENCE,64,4,0.9687159602421356,0.28926394429938435,50,51,ADAPTED_SPHERICAL_KS_WORKFLOW_REPRODUCTION
5.740709227430862e-10,Bcc2,-3.5310510211172125e-07,28.135371479901284,53.36960176502269,8,-3.5367917303446433e-07,HIGHER_RES_SAMPLING_REFERENCE,64,5,0.9687159602421356,0.28926394429938435,50,51,ADAPTED_SPHERICAL_KS_WORKFLOW_REPRODUCTION
1.8797164565978117e-08,Bcc2,1.8583854399442656e-07,53.36960176502269,101.23606843406442,8,1.6704137942844845e-07,HIGHER_RES_SAMPLING_REFERENCE,64,6,0.9687159602421356,0.28926394429938435,50,51,ADAPTED_SPHERICAL_KS_WORKFLOW_REPRODUCTION
7.923823028385853e-10,Bcc2,-1.0209054799480881e-08,101.23606843406442,192.03331509030292,8,-9.416672496642296e-09,HIGHER_RES_SAMPLING_REFERENCE,64,7,0.9687159602421356,0.28926394429938435,50,51,ADAPTED_SPHERICAL_KS_WORKFLOW_REPRODUCTION
1.3241179348105558e-05,Bcc2,0.00011632356017812042,1.1302164885137453,2.1511666951179094,12,0.00010308238083001486,HIGHER_RES_SAMPLING_REFERENCE,96,0,0.9961100717399148,0.09052321914004764,50,51,ADAPTED_SPHERICAL_KS_WORKFLOW_REPRODUCTION
7.495107478595328e-06,Bcc2,0.00012333112072582253,2.1511666951179094,4.094364395859927,12,0.00013082622820441786,HIGHER_RES_SAMPLING_REFERENCE,96,1,0.9961100717399148,0.09052321914004764,50,51,ADAPTED_SPHERICAL_KS_WORKFLOW_REPRODUCTION
9.892247049980306e-07,Bcc2,1.5437665090333462e-05,4.094364395859927,7.792896684450838,12,1.6426889795331493e-05,HIGHER_RES_SAMPLING_REFERENCE,96,2,0.9961100717399148,0.09052321914004764,50,51,ADAPTED_SPHERICAL_KS_WORKFLOW_REPRODUCTION
1.0821271097301451e-07,Bcc2,-1.7404148708194604e-05,7.792896684450838,14.832397134933096,12,-1.751236141916762e-05,HIGHER_RES_SAMPLING_REFERENCE,96,3,0.9961100717399148,0.09052321914004764,50,51,ADAPTED_SPHERICAL_KS_WORKFLOW_REPRODUCTION
8.561957342083755e-08,Bcc2,-7.351327712457056e-06,14.832397134933096,28.23083811791544,12,-7.436947285877894e-06,HIGHER_RES_SAMPLING_REFERENCE,96,4,0.9961100717399148,0.09052321914004764,50,51,ADAPTED_SPHERICAL_KS_WORKFLOW_REPRODUCTION
4.2989163357634963e-08,Bcc2,-2.989954477624562e-07,28.23083811791544,53.73239494531252,12,-3.4198461112009116e-07,HIGHER_RES_SAMPLING_REFERENCE,96,5,0.9961100717399148,0.09052321914004764,50,51,ADAPTED_SPHERICAL_KS_WORKFLOW_REPRODUCTION
4.7988163410212976e-09,Bcc2,1.5736519141111264e-07,53.73239494531252,102.27008686386948,12,1.6216400775213394e-07,HIGHER_RES_SAMPLING_REFERENCE,96,6,0.9961100717399148,0.09052321914004764,50,51,ADAPTED_SPHERICAL_KS_WORKFLOW_REPRODUCTION
3.8665577503882195e-09,Bcc2,-7.415486432350199e-09,102.27008686386948,194.6529775527125,12,-3.5489286819619797e-09,HIGHER_RES_SAMPLING_REFERENCE,96,7,0.9961100717399148,0.09052321914004764,50,51,ADAPTED_SPHERICAL_KS_WORKFLOW_REPRODUCTION
0.0,Bcc2,0.00011163990548113123,1.1225854340129873,2.1402642060118655,16,0.00011163990548113123,HIGHER_RES_SAMPLING_REFERENCE,128,0,1.0000000000000002,0.0,50,51,ADAPTED_SPHERICAL_KS_WORKFLOW_REPRODUCTION
0.0,Bcc2,0.00012787730826935295,2.1402642060118655,4.080518713983782,16,0.00012787730826935295,HIGHER_RES_SAMPLING_REFERENCE,128,1,1.0000000000000002,0.0,50,51,ADAPTED_SPHERICAL_KS_WORKFLOW_REPRODUCTION
0.0,Bcc2,1.5651205440156413e-05,4.080518713983782,7.779709125817875,16,1.5651205440156413e-05,HIGHER_RES_SAMPLING_REFERENCE,128,2,1.0000000000000002,0.0,50,51,ADAPTED_SPHERICAL_KS_WORKFLOW_REPRODUCTION
0.0,Bcc2,-1.7433312196807327e-05,7.779709125817875,14.832397134933096,16,-1.7433312196807327e-05,HIGHER_RES_SAMPLING_REFERENCE,128,3,1.0000000000000002,0.0,50,51,ADAPTED_SPHERICAL_KS_WORKFLOW_REPRODUCTION
0.0,Bcc2,-7.3188888982615025e-06,14.832397134933096,28.278692841905322,16,-7.3188888982615025e-06,HIGHER_RES_SAMPLING_REFERENCE,128,4,1.0000000000000002,0.0,50,51,ADAPTED_SPHERICAL_KS_WORKFLOW_REPRODUCTION
0.0,Bcc2,-3.063847966665019e-07,28.278692841905322,53.91471530676722,16,-3.063847966665019e-07,HIGHER_RES_SAMPLING_REFERENCE,128,5,1.0000000000000002,0.0,50,51,ADAPTED_SPHERICAL_KS_WORKFLOW_REPRODUCTION
0.0,Bcc2,1.779794643417946e-07,53.91471530676722,102.79104988552615,16,1.779794643417946e-07,HIGHER_RES_SAMPLING_REFERENCE,128,6,1.0000000000000002,0.0,50,51,ADAPTED_SPHERICAL_KS_WORKFLOW_REPRODUCTION
0.0,Bcc2,-1.0051518406758577e-08,102.79104988552615,195.97617972105846,16,-1.0051518406758577e-08,HIGHER_RES_SAMPLING_REFERENCE,128,7,1.0000000000000002,0.0,50,51,ADAPTED_SPHERICAL_KS_WORKFLOW_REPRODUCTION
4.590941529869497e-05,Bcc3,1.853269848339778e-05,1.1456345721309733,2.1731385678184307,8,-2.7376716815297186e-05,HIGHER_RES_SAMPLING_REFERENCE,64,0,-0.9982367656221577,1.682687430943614,50,51,ADAPTED_SPHERICAL_KS_WORKFLOW_REPRODUCTION
7.031884607044958e-06,Bcc3,3.5110251956904648e-06,2.1731385678184307,4.122196859122056,8,-3.5208594113544933e-06,HIGHER_RES_SAMPLING_REFERENCE,64,1,-0.9982367656221577,1.682687430943614,50,51,ADAPTED_SPHERICAL_KS_WORKFLOW_REPRODUCTION
1.1083666028727235e-06,Bcc3,-4.6982146344187736e-07,4.122196859122056,7.819338903185626,8,6.385451394308461e-07,HIGHER_RES_SAMPLING_REFERENCE,64,2,-0.9982367656221577,1.682687430943614,50,51,ADAPTED_SPHERICAL_KS_WORKFLOW_REPRODUCTION
3.786964250344915e-07,Bcc3,-1.4412568409560844e-07,7.819338903185626,14.832397134933096,8,2.3457074093888308e-07,HIGHER_RES_SAMPLING_REFERENCE,64,3,-0.9982367656221577,1.682687430943614,50,51,ADAPTED_SPHERICAL_KS_WORKFLOW_REPRODUCTION
3.775363105690613e-07,Bcc3,1.803457742137471e-07,14.832397134933096,28.135371479901284,8,-1.971905363553142e-07,HIGHER_RES_SAMPLING_REFERENCE,64,4,-0.9982367656221577,1.682687430943614,50,51,ADAPTED_SPHERICAL_KS_WORKFLOW_REPRODUCTION
8.168122509258618e-08,Bcc3,4.146292526376397e-08,28.135371479901284,53.36960176502269,8,-4.021829982882221e-08,HIGHER_RES_SAMPLING_REFERENCE,64,5,-0.9982367656221577,1.682687430943614,50,51,ADAPTED_SPHERICAL_KS_WORKFLOW_REPRODUCTION
6.126285346293864e-08,Bcc3,-2.8630114819704067e-08,53.36960176502269,101.23606843406442,8,3.263273864323457e-08,HIGHER_RES_SAMPLING_REFERENCE,64,6,-0.9982367656221577,1.682687430943614,50,51,ADAPTED_SPHERICAL_KS_WORKFLOW_REPRODUCTION
2.8618386776688154e-08,Bcc3,7.654020606218532e-09,101.23606843406442,192.03331509030292,8,-2.096436617046962e-08,HIGHER_RES_SAMPLING_REFERENCE,64,7,-0.9982367656221577,1.682687430943614,50,51,ADAPTED_SPHERICAL_KS_WORKFLOW_REPRODUCTION
1.4476944346386989e-05,Bcc3,-7.130060350004054e-06,1.1302164885137453,2.1511666951179094,12,7.346883996382934e-06,HIGHER_RES_SAMPLING_REFERENCE,96,0,-0.9980670256237124,1.9514852324448568,50,51,ADAPTED_SPHERICAL_KS_WORKFLOW_REPRODUCTION
5.223960623947346e-06,Bcc3,-2.349021027535935e-06,2.1511666951179094,4.094364395859927,12,2.87493959641141e-06,HIGHER_RES_SAMPLING_REFERENCE,96,1,-0.9980670256237124,1.9514852324448568,50,51,ADAPTED_SPHERICAL_KS_WORKFLOW_REPRODUCTION
4.860070797412735e-07,Bcc3,3.5074334030987194e-07,4.094364395859927,7.792896684450838,12,-1.3526373943140158e-07,HIGHER_RES_SAMPLING_REFERENCE,96,2,-0.9980670256237124,1.9514852324448568,50,51,ADAPTED_SPHERICAL_KS_WORKFLOW_REPRODUCTION
4.774147446570984e-07,Bcc3,2.315390374820594e-07,7.792896684450838,14.832397134933096,12,-2.45875707175039e-07,HIGHER_RES_SAMPLING_REFERENCE,96,3,-0.9980670256237124,1.9514852324448568,50,51,ADAPTED_SPHERICAL_KS_WORKFLOW_REPRODUCTION
1.4332565299457067e-08,Bcc3,5.898506841655131e-09,14.832397134933096,28.23083811791544,12,-8.434058457801935e-09,HIGHER_RES_SAMPLING_REFERENCE,96,4,-0.9980670256237124,1.9514852324448568,50,51,ADAPTED_SPHERICAL_KS_WORKFLOW_REPRODUCTION
3.6076752744179086e-08,Bcc3,1.5611876910610993e-08,28.23083811791544,53.73239494531252,12,-2.0464875833568096e-08,HIGHER_RES_SAMPLING_REFERENCE,96,5,-0.9980670256237124,1.9514852324448568,50,51,ADAPTED_SPHERICAL_KS_WORKFLOW_REPRODUCTION
3.7146945710093303e-08,Bcc3,-2.2847254445342075e-08,53.73239494531252,102.27008686386948,12,1.4299691264751227e-08,HIGHER_RES_SAMPLING_REFERENCE,96,6,-0.9980670256237124,1.9514852324448568,50,51,ADAPTED_SPHERICAL_KS_WORKFLOW_REPRODUCTION
7.587712147446674e-09,Bcc3,2.622046328721398e-09,102.27008686386948,194.6529775527125,12,1.0209758476168072e-08,HIGHER_RES_SAMPLING_REFERENCE,96,7,-0.9980670256237124,1.9514852324448568,50,51,ADAPTED_SPHERICAL_KS_WORKFLOW_REPRODUCTION
0.0,Bcc3,1.1271360733644542e-08,1.1225854340129873,2.1402642060118655,16,1.1271360733644542e-08,HIGHER_RES_SAMPLING_REFERENCE,128,0,1.0,0.0,50,51,ADAPTED_SPHERICAL_KS_WORKFLOW_REPRODUCTION
0.0,Bcc3,2.786837427493083e-11,2.1402642060118655,4.080518713983782,16,2.786837427493083e-11,HIGHER_RES_SAMPLING_REFERENCE,128,1,1.0,0.0,50,51,ADAPTED_SPHERICAL_KS_WORKFLOW_REPRODUCTION
0.0,Bcc3,-3.92546654903736e-11,4.080518713983782,7.779709125817875,16,-3.92546654903736e-11,HIGHER_RES_SAMPLING_REFERENCE,128,2,1.0,0.0,50,51,ADAPTED_SPHERICAL_KS_WORKFLOW_REPRODUCTION
0.0,Bcc3,-9.48408886147778e-13,7.779709125817875,14.832397134933096,16,-9.48408886147778e-13,HIGHER_RES_SAMPLING_REFERENCE,128,3,1.0,0.0,50,51,ADAPTED_SPHERICAL_KS_WORKFLOW_REPRODUCTION
0.0,Bcc3,1.1239674555657553e-12,14.832397134933096,28.278692841905322,16,1.1239674555657553e-12,HIGHER_RES_SAMPLING_REFERENCE,128,4,1.0,0.0,50,51,ADAPTED_SPHERICAL_KS_WORKFLOW_REPRODUCTION
0.0,Bcc3,1.2633151016397046e-08,28.278692841905322,53.91471530676722,16,1.2633151016397046e-08,HIGHER_RES_SAMPLING_REFERENCE,128,5,1.0,0.0,50,51,ADAPTED_SPHERICAL_KS_WORKFLOW_REPRODUCTION
0.0,Bcc3,-5.311926473986969e-09,53.91471530676722,102.79104988552615,16,-5.311926473986969e-09,HIGHER_RES_SAMPLING_REFERENCE,128,6,1.0,0.0,50,51,ADAPTED_SPHERICAL_KS_WORKFLOW_REPRODUCTION
0.0,Bcc3,1.179163755260142e-08,102.79104988552615,195.97617972105846,16,1.179163755260142e-08,HIGHER_RES_SAMPLING_REFERENCE,128,7,1.0,0.0,50,51,ADAPTED_SPHERICAL_KS_WORKFLOW_REPRODUCTION
6.406188802543511e-06,rho,6.1165237127625e-05,1.1456345721309733,2.1731385678184307,8,6.757142593016852e-05,HIGHER_RES_SAMPLING_REFERENCE,64,0,0.9999900473294153,0.032465398719158406,50,51,ADAPTED_SPHERICAL_KS_WORKFLOW_REPRODUCTION
7.49060298232962e-08,rho,8.382220414659969e-06,2.1731385678184307,4.122196859122056,8,8.307314384836673e-06,HIGHER_RES_SAMPLING_REFERENCE,64,1,0.9999900473294153,0.032465398719158406,50,51,ADAPTED_SPHERICAL_KS_WORKFLOW_REPRODUCTION
3.250594815540353e-07,rho,6.738168647046905e-06,4.122196859122056,7.819338903185626,8,7.06322812860094e-06,HIGHER_RES_SAMPLING_REFERENCE,64,2,0.9999900473294153,0.032465398719158406,50,51,ADAPTED_SPHERICAL_KS_WORKFLOW_REPRODUCTION
1.4743445442277903e-07,rho,-2.266619527624414e-07,7.819338903185626,14.832397134933096,8,-7.922749833966236e-08,HIGHER_RES_SAMPLING_REFERENCE,64,3,0.9999900473294153,0.032465398719158406,50,51,ADAPTED_SPHERICAL_KS_WORKFLOW_REPRODUCTION
1.4958375804674517e-07,rho,-9.202800952401446e-07,14.832397134933096,28.135371479901284,8,-1.0698638532868898e-06,HIGHER_RES_SAMPLING_REFERENCE,64,4,0.9999900473294153,0.032465398719158406,50,51,ADAPTED_SPHERICAL_KS_WORKFLOW_REPRODUCTION
3.049592438664206e-05,rho,0.0009082872538905828,28.135371479901284,53.36960176502269,8,0.0009387831782772249,HIGHER_RES_SAMPLING_REFERENCE,64,5,0.9999900473294153,0.032465398719158406,50,51,ADAPTED_SPHERICAL_KS_WORKFLOW_REPRODUCTION
1.3066687004459343e-05,rho,-0.0004306243561185419,53.36960176502269,101.23606843406442,8,-0.00044369104312300123,HIGHER_RES_SAMPLING_REFERENCE,64,6,0.9999900473294153,0.032465398719158406,50,51,ADAPTED_SPHERICAL_KS_WORKFLOW_REPRODUCTION
2.4997723196973354e-09,rho,2.3777023841611844e-05,101.23606843406442,192.03331509030292,8,2.377952361393154e-05,HIGHER_RES_SAMPLING_REFERENCE,64,7,0.9999900473294153,0.032465398719158406,50,51,ADAPTED_SPHERICAL_KS_WORKFLOW_REPRODUCTION
2.092026698442671e-06,rho,6.334565384130892e-05,1.1302164885137453,2.1511666951179094,12,6.543768053975159e-05,HIGHER_RES_SAMPLING_REFERENCE,96,0,0.9930693111061472,0.11926641833492342,50,51,ADAPTED_SPHERICAL_KS_WORKFLOW_REPRODUCTION
1.0659404223412007e-10,rho,8.315008053024806e-06,2.1511666951179094,4.094364395859927,12,8.31511464706704e-06,HIGHER_RES_SAMPLING_REFERENCE,96,1,0.9930693111061472,0.11926641833492342,50,51,ADAPTED_SPHERICAL_KS_WORKFLOW_REPRODUCTION
1.34756782259686e-07,rho,6.70670926570825e-06,4.094364395859927,7.792896684450838,12,6.841466047967936e-06,HIGHER_RES_SAMPLING_REFERENCE,96,2,0.9930693111061472,0.11926641833492342,50,51,ADAPTED_SPHERICAL_KS_WORKFLOW_REPRODUCTION
9.181332829813175e-08,rho,-2.414478842375182e-07,7.792896684450838,14.832397134933096,12,-1.4963455593938644e-07,HIGHER_RES_SAMPLING_REFERENCE,96,3,0.9930693111061472,0.11926641833492342,50,51,ADAPTED_SPHERICAL_KS_WORKFLOW_REPRODUCTION
2.320579021123327e-08,rho,-9.03891871046809e-07,14.832397134933096,28.23083811791544,12,-8.806860808355758e-07,HIGHER_RES_SAMPLING_REFERENCE,96,4,0.9930693111061472,0.11926641833492342,50,51,ADAPTED_SPHERICAL_KS_WORKFLOW_REPRODUCTION
2.0078595791718024e-05,rho,0.0009530788414070143,28.23083811791544,53.73239494531252,12,0.0009330002456152962,HIGHER_RES_SAMPLING_REFERENCE,96,5,0.9930693111061472,0.11926641833492342,50,51,ADAPTED_SPHERICAL_KS_WORKFLOW_REPRODUCTION
0.00012226477637682038,rho,-0.00032958841457222634,53.73239494531252,102.27008686386948,12,-0.0004518531909490467,HIGHER_RES_SAMPLING_REFERENCE,96,6,0.9930693111061472,0.11926641833492342,50,51,ADAPTED_SPHERICAL_KS_WORKFLOW_REPRODUCTION
1.0220566496014642e-08,rho,2.2439889099984604e-05,102.27008686386948,194.6529775527125,12,2.245010966648062e-05,HIGHER_RES_SAMPLING_REFERENCE,96,7,0.9930693111061472,0.11926641833492342,50,51,ADAPTED_SPHERICAL_KS_WORKFLOW_REPRODUCTION
0.0,rho,6.441157646719375e-05,1.1225854340129873,2.1402642060118655,16,6.441157646719375e-05,HIGHER_RES_SAMPLING_REFERENCE,128,0,1.0,0.0,50,51,ADAPTED_SPHERICAL_KS_WORKFLOW_REPRODUCTION
0.0,rho,8.360869356849321e-06,2.1402642060118655,4.080518713983782,16,8.360869356849321e-06,HIGHER_RES_SAMPLING_REFERENCE,128,1,1.0,0.0,50,51,ADAPTED_SPHERICAL_KS_WORKFLOW_REPRODUCTION
0.0,rho,6.74227262686955e-06,4.080518713983782,7.779709125817875,16,6.74227262686955e-06,HIGHER_RES_SAMPLING_REFERENCE,128,2,1.0,0.0,50,51,ADAPTED_SPHERICAL_KS_WORKFLOW_REPRODUCTION
0.0,rho,-1.7891199433073268e-07,7.779709125817875,14.832397134933096,16,-1.7891199433073268e-07,HIGHER_RES_SAMPLING_REFERENCE,128,3,1.0,0.0,50,51,ADAPTED_SPHERICAL_KS_WORKFLOW_REPRODUCTION
0.0,rho,-8.598212453692078e-07,14.832397134933096,28.278692841905322,16,-8.598212453692078e-07,HIGHER_RES_SAMPLING_REFERENCE,128,4,1.0,0.0,50,51,ADAPTED_SPHERICAL_KS_WORKFLOW_REPRODUCTION
0.0,rho,0.0009547792344161213,28.278692841905322,53.91471530676722,16,0.0009547792344161213,HIGHER_RES_SAMPLING_REFERENCE,128,5,1.0,0.0,50,51,ADAPTED_SPHERICAL_KS_WORKFLOW_REPRODUCTION
0.0,rho,-0.0004373149945287452,53.91471530676722,102.79104988552615,16,-0.0004373149945287452,HIGHER_RES_SAMPLING_REFERENCE,128,6,1.0,0.0,50,51,ADAPTED_SPHERICAL_KS_WORKFLOW_REPRODUCTION
0.0,rho,2.118199193164652e-05,102.79104988552615,195.97617972105846,16,2.118199193164652e-05,HIGHER_RES_SAMPLING_REFERENCE,128,7,1.0,0.0,50,51,ADAPTED_SPHERICAL_KS_WORKFLOW_REPRODUCTION
2.524343493348624e-06,press,3.2811049063496966e-05,1.1456345721309733,2.1731385678184307,8,3.533539255684559e-05,HIGHER_RES_SAMPLING_REFERENCE,64,0,0.9999856775148754,0.07123411881130379,50,51,ADAPTED_SPHERICAL_KS_WORKFLOW_REPRODUCTION
5.5799789677735134e-08,press,2.158308334720971e-06,2.1731385678184307,4.122196859122056,8,2.214108124398706e-06,HIGHER_RES_SAMPLING_REFERENCE,64,1,0.9999856775148754,0.07123411881130379,50,51,ADAPTED_SPHERICAL_KS_WORKFLOW_REPRODUCTION
4.7405188663418585e-08,press,1.499141164762463e-06,4.122196859122056,7.819338903185626,8,1.5465463534258816e-06,HIGHER_RES_SAMPLING_REFERENCE,64,2,0.9999856775148754,0.07123411881130379,50,51,ADAPTED_SPHERICAL_KS_WORKFLOW_REPRODUCTION
1.8256145817296954e-08,press,-1.4657712893439978e-07,7.819338903185626,14.832397134933096,8,-1.2832098311710283e-07,HIGHER_RES_SAMPLING_REFERENCE,64,3,0.9999856775148754,0.07123411881130379,50,51,ADAPTED_SPHERICAL_KS_WORKFLOW_REPRODUCTION
5.9091875739825106e-08,press,3.4411882126467175e-07,14.832397134933096,28.135371479901284,8,2.8502694552484664e-07,HIGHER_RES_SAMPLING_REFERENCE,64,4,0.9999856775148754,0.07123411881130379,50,51,ADAPTED_SPHERICAL_KS_WORKFLOW_REPRODUCTION
1.0796320608352783e-08,press,1.2390968593574414e-06,28.135371479901284,53.36960176502269,8,1.2283005387490886e-06,HIGHER_RES_SAMPLING_REFERENCE,64,5,0.9999856775148754,0.07123411881130379,50,51,ADAPTED_SPHERICAL_KS_WORKFLOW_REPRODUCTION
5.3130329955887456e-08,press,-7.831553735593647e-07,53.36960176502269,101.23606843406442,8,-8.362857035152521e-07,HIGHER_RES_SAMPLING_REFERENCE,64,6,0.9999856775148754,0.07123411881130379,50,51,ADAPTED_SPHERICAL_KS_WORKFLOW_REPRODUCTION
1.709121494504473e-10,press,2.4710779695895357e-08,101.23606843406442,192.03331509030292,8,2.4881691845345805e-08,HIGHER_RES_SAMPLING_REFERENCE,64,7,0.9999856775148754,0.07123411881130379,50,51,ADAPTED_SPHERICAL_KS_WORKFLOW_REPRODUCTION
8.335367854046832e-07,press,3.347121842083383e-05,1.1302164885137453,2.1511666951179094,12,3.430475520623851e-05,HIGHER_RES_SAMPLING_REFERENCE,96,0,0.9999858672132317,0.024893073848684354,50,51,ADAPTED_SPHERICAL_KS_WORKFLOW_REPRODUCTION
2.18217703331058e-08,press,2.0999310953163366e-06,2.1511666951179094,4.094364395859927,12,2.1217528656494424e-06,HIGHER_RES_SAMPLING_REFERENCE,96,1,0.9999858672132317,0.024893073848684354,50,51,ADAPTED_SPHERICAL_KS_WORKFLOW_REPRODUCTION
2.6916701822154136e-08,press,1.4837300892438592e-06,4.094364395859927,7.792896684450838,12,1.5106467910660133e-06,HIGHER_RES_SAMPLING_REFERENCE,96,2,0.9999858672132317,0.024893073848684354,50,51,ADAPTED_SPHERICAL_KS_WORKFLOW_REPRODUCTION
1.1730878531942589e-08,press,-1.4575247677919538e-07,7.792896684450838,14.832397134933096,12,-1.3402159824725279e-07,HIGHER_RES_SAMPLING_REFERENCE,96,3,0.9999858672132317,0.024893073848684354,50,51,ADAPTED_SPHERICAL_KS_WORKFLOW_REPRODUCTION
1.4774925309961692e-08,press,3.421527837248555e-07,14.832397134933096,28.23083811791544,12,3.273778584148938e-07,HIGHER_RES_SAMPLING_REFERENCE,96,4,0.9999858672132317,0.024893073848684354,50,51,ADAPTED_SPHERICAL_KS_WORKFLOW_REPRODUCTION
2.9445350277387682e-08,press,1.194703355036394e-06,28.23083811791544,53.73239494531252,12,1.2241487053137817e-06,HIGHER_RES_SAMPLING_REFERENCE,96,5,0.9999858672132317,0.024893073848684354,50,51,ADAPTED_SPHERICAL_KS_WORKFLOW_REPRODUCTION
1.940844413208767e-07,press,-6.4262963411468e-07,53.73239494531252,102.27008686386948,12,-8.367140754355567e-07,HIGHER_RES_SAMPLING_REFERENCE,96,6,0.9999858672132317,0.024893073848684354,50,51,ADAPTED_SPHERICAL_KS_WORKFLOW_REPRODUCTION
1.766728854262742e-11,press,2.2304327944131468e-08,102.27008686386948,194.6529775527125,12,2.228666065558884e-08,HIGHER_RES_SAMPLING_REFERENCE,96,7,0.9999858672132317,0.024893073848684354,50,51,ADAPTED_SPHERICAL_KS_WORKFLOW_REPRODUCTION
0.0,press,3.400512014106738e-05,1.1225854340129873,2.1402642060118655,16,3.400512014106738e-05,HIGHER_RES_SAMPLING_REFERENCE,128,0,0.9999999999999998,0.0,50,51,ADAPTED_SPHERICAL_KS_WORKFLOW_REPRODUCTION
0.0,press,2.151539973960226e-06,2.1402642060118655,4.080518713983782,16,2.151539973960226e-06,HIGHER_RES_SAMPLING_REFERENCE,128,1,0.9999999999999998,0.0,50,51,ADAPTED_SPHERICAL_KS_WORKFLOW_REPRODUCTION
0.0,press,1.4975871366340598e-06,4.080518713983782,7.779709125817875,16,1.4975871366340598e-06,HIGHER_RES_SAMPLING_REFERENCE,128,2,0.9999999999999998,0.0,50,51,ADAPTED_SPHERICAL_KS_WORKFLOW_REPRODUCTION
0.0,press,-1.4076162659082403e-07,7.779709125817875,14.832397134933096,16,-1.4076162659082403e-07,HIGHER_RES_SAMPLING_REFERENCE,128,3,0.9999999999999998,0.0,50,51,ADAPTED_SPHERICAL_KS_WORKFLOW_REPRODUCTION
0.0,press,3.4750047352670455e-07,14.832397134933096,28.278692841905322,16,3.4750047352670455e-07,HIGHER_RES_SAMPLING_REFERENCE,128,4,0.9999999999999998,0.0,50,51,ADAPTED_SPHERICAL_KS_WORKFLOW_REPRODUCTION
0.0,press,1.203004803814866e-06,28.278692841905322,53.91471530676722,16,1.203004803814866e-06,HIGHER_RES_SAMPLING_REFERENCE,128,5,0.9999999999999998,0.0,50,51,ADAPTED_SPHERICAL_KS_WORKFLOW_REPRODUCTION
0.0,press,-8.096670112763427e-07,53.91471530676722,102.79104988552615,16,-8.096670112763427e-07,HIGHER_RES_SAMPLING_REFERENCE,128,6,0.9999999999999998,0.0,50,51,ADAPTED_SPHERICAL_KS_WORKFLOW_REPRODUCTION
0.0,press,2.1260175619660683e-08,102.79104988552615,195.97617972105846,16,2.1260175619660683e-08,HIGHER_RES_SAMPLING_REFERENCE,128,7,0.9999999999999998,0.0,50,51,ADAPTED_SPHERICAL_KS_WORKFLOW_REPRODUCTION
6.578641705345945e-05,vel1,0.0024965978800537414,1.1456345721309733,2.1731385678184307,8,0.002562384297107201,HIGHER_RES_SAMPLING_REFERENCE,64,0,0.9994659500900169,0.03297965489940155,50,51,ADAPTED_SPHERICAL_KS_WORKFLOW_REPRODUCTION
0.0001342875543741684,vel1,0.0004181051126579405,2.1731385678184307,4.122196859122056,8,0.0005523926670321089,HIGHER_RES_SAMPLING_REFERENCE,64,1,0.9994659500900169,0.03297965489940155,50,51,ADAPTED_SPHERICAL_KS_WORKFLOW_REPRODUCTION
6.233583053472103e-05,vel1,-0.001993035175928526,4.122196859122056,7.819338903185626,8,-0.0019306993453938048,HIGHER_RES_SAMPLING_REFERENCE,64,2,0.9994659500900169,0.03297965489940155,50,51,ADAPTED_SPHERICAL_KS_WORKFLOW_REPRODUCTION
5.611304459307576e-06,vel1,-0.002864379978973375,7.819338903185626,14.832397134933096,8,-0.0028699912834326824,HIGHER_RES_SAMPLING_REFERENCE,64,3,0.9994659500900169,0.03297965489940155,50,51,ADAPTED_SPHERICAL_KS_WORKFLOW_REPRODUCTION
5.01637669003685e-05,vel1,-0.0015534778541450578,14.832397134933096,28.135371479901284,8,-0.0016036416210454263,HIGHER_RES_SAMPLING_REFERENCE,64,4,0.9994659500900169,0.03297965489940155,50,51,ADAPTED_SPHERICAL_KS_WORKFLOW_REPRODUCTION
8.112696720807833e-05,vel1,0.0008792544928137858,28.135371479901284,53.36960176502269,8,0.0009603814600218641,HIGHER_RES_SAMPLING_REFERENCE,64,5,0.9994659500900169,0.03297965489940155,50,51,ADAPTED_SPHERICAL_KS_WORKFLOW_REPRODUCTION
1.5959631923578854e-05,vel1,-0.0014652389661478082,53.36960176502269,101.23606843406442,8,-0.0014492793342242294,HIGHER_RES_SAMPLING_REFERENCE,64,6,0.9994659500900169,0.03297965489940155,50,51,ADAPTED_SPHERICAL_KS_WORKFLOW_REPRODUCTION
2.9317706321307924e-05,vel1,-0.0030492150884811053,101.23606843406442,192.03331509030292,8,-0.0030198973821597974,HIGHER_RES_SAMPLING_REFERENCE,64,7,0.9994659500900169,0.03297965489940155,50,51,ADAPTED_SPHERICAL_KS_WORKFLOW_REPRODUCTION
3.404875571033205e-05,vel1,0.0025624720778809947,1.1302164885137453,2.1511666951179094,12,0.0025965208335913268,HIGHER_RES_SAMPLING_REFERENCE,96,0,0.9995890670519214,0.03856065163893162,50,51,ADAPTED_SPHERICAL_KS_WORKFLOW_REPRODUCTION
5.4303815785614366e-05,vel1,0.00042056480109480346,2.1511666951179094,4.094364395859927,12,0.0004748686168804178,HIGHER_RES_SAMPLING_REFERENCE,96,1,0.9995890670519214,0.03856065163893162,50,51,ADAPTED_SPHERICAL_KS_WORKFLOW_REPRODUCTION
1.8639997843247682e-05,vel1,-0.0019597965653735663,4.094364395859927,7.792896684450838,12,-0.001978436563216814,HIGHER_RES_SAMPLING_REFERENCE,96,2,0.9995890670519214,0.03856065163893162,50,51,ADAPTED_SPHERICAL_KS_WORKFLOW_REPRODUCTION
2.6811307988181248e-05,vel1,-0.0028528568719021104,7.792896684450838,14.832397134933096,12,-0.0028796681798902916,HIGHER_RES_SAMPLING_REFERENCE,96,3,0.9995890670519214,0.03856065163893162,50,51,ADAPTED_SPHERICAL_KS_WORKFLOW_REPRODUCTION
2.8563374480991468e-05,vel1,-0.001568967869220446,14.832397134933096,28.23083811791544,12,-0.0015404044947394545,HIGHER_RES_SAMPLING_REFERENCE,96,4,0.9995890670519214,0.03856065163893162,50,51,ADAPTED_SPHERICAL_KS_WORKFLOW_REPRODUCTION
1.7392731759844965e-05,vel1,0.0009120309104370486,28.23083811791544,53.73239494531252,12,0.0009294236421968936,HIGHER_RES_SAMPLING_REFERENCE,96,5,0.9995890670519214,0.03856065163893162,50,51,ADAPTED_SPHERICAL_KS_WORKFLOW_REPRODUCTION
0.00013737002675245306,vel1,-0.0013590238078349,53.73239494531252,102.27008686386948,12,-0.0014963938345873532,HIGHER_RES_SAMPLING_REFERENCE,96,6,0.9995890670519214,0.03856065163893162,50,51,ADAPTED_SPHERICAL_KS_WORKFLOW_REPRODUCTION
0.0001631582614478517,vel1,-0.0030268723766969036,102.27008686386948,194.6529775527125,12,-0.0031900306381447553,HIGHER_RES_SAMPLING_REFERENCE,96,7,0.9995890670519214,0.03856065163893162,50,51,ADAPTED_SPHERICAL_KS_WORKFLOW_REPRODUCTION
0.0,vel1,0.0025635421528704683,1.1225854340129873,2.1402642060118655,16,0.0025635421528704683,HIGHER_RES_SAMPLING_REFERENCE,128,0,1.0000000000000002,0.0,50,51,ADAPTED_SPHERICAL_KS_WORKFLOW_REPRODUCTION
0.0,vel1,0.0004624545554179349,2.1402642060118655,4.080518713983782,16,0.0004624545554179349,HIGHER_RES_SAMPLING_REFERENCE,128,1,1.0000000000000002,0.0,50,51,ADAPTED_SPHERICAL_KS_WORKFLOW_REPRODUCTION
0.0,vel1,-0.0019984643794259682,4.080518713983782,7.779709125817875,16,-0.0019984643794259682,HIGHER_RES_SAMPLING_REFERENCE,128,2,1.0000000000000002,0.0,50,51,ADAPTED_SPHERICAL_KS_WORKFLOW_REPRODUCTION
0.0,vel1,-0.002843392046202098,7.779709125817875,14.832397134933096,16,-0.002843392046202098,HIGHER_RES_SAMPLING_REFERENCE,128,3,1.0000000000000002,0.0,50,51,ADAPTED_SPHERICAL_KS_WORKFLOW_REPRODUCTION
0.0,vel1,-0.0015197267972553163,14.832397134933096,28.278692841905322,16,-0.0015197267972553163,HIGHER_RES_SAMPLING_REFERENCE,128,4,1.0000000000000002,0.0,50,51,ADAPTED_SPHERICAL_KS_WORKFLOW_REPRODUCTION
0.0,vel1,0.0008647852088907726,28.278692841905322,53.91471530676722,16,0.0008647852088907726,HIGHER_RES_SAMPLING_REFERENCE,128,5,1.0000000000000002,0.0,50,51,ADAPTED_SPHERICAL_KS_WORKFLOW_REPRODUCTION
0.0,vel1,-0.0015843709731484523,53.91471530676722,102.79104988552615,16,-0.0015843709731484523,HIGHER_RES_SAMPLING_REFERENCE,128,6,1.0000000000000002,0.0,50,51,ADAPTED_SPHERICAL_KS_WORKFLOW_REPRODUCTION
0.0,vel1,-0.0029973319044245272,102.79104988552615,195.97617972105846,16,-0.0029973319044245272,HIGHER_RES_SAMPLING_REFERENCE,128,7,1.0000000000000002,0.0,50,51,ADAPTED_SPHERICAL_KS_WORKFLOW_REPRODUCTION
4.286978356482507e-05,vel2,2.3125686336555873e-05,1.1456345721309733,2.1731385678184307,8,-1.9744097228269197e-05,HIGHER_RES_SAMPLING_REFERENCE,64,0,-0.9935464138111352,2.081814205834176,50,51,ADAPTED_SPHERICAL_KS_WORKFLOW_REPRODUCTION
4.495553833905319e-05,vel2,2.26488314787332e-05,2.1731385678184307,4.122196859122056,8,-2.230670686031999e-05,HIGHER_RES_SAMPLING_REFERENCE,64,1,-0.9935464138111352,2.081814205834176,50,51,ADAPTED_SPHERICAL_KS_WORKFLOW_REPRODUCTION
1.3767138850040439e-05,vel2,-7.18405912614184e-06,4.122196859122056,7.819338903185626,8,6.583079723898599e-06,HIGHER_RES_SAMPLING_REFERENCE,64,2,-0.9935464138111352,2.081814205834176,50,51,ADAPTED_SPHERICAL_KS_WORKFLOW_REPRODUCTION
7.961239998910408e-07,vel2,1.0122881347607304e-06,7.819338903185626,14.832397134933096,8,1.8084121346517712e-06,HIGHER_RES_SAMPLING_REFERENCE,64,3,-0.9935464138111352,2.081814205834176,50,51,ADAPTED_SPHERICAL_KS_WORKFLOW_REPRODUCTION
2.748139965515206e-06,vel2,1.3533665433884678e-06,14.832397134933096,28.135371479901284,8,-1.3947734221267383e-06,HIGHER_RES_SAMPLING_REFERENCE,64,4,-0.9935464138111352,2.081814205834176,50,51,ADAPTED_SPHERICAL_KS_WORKFLOW_REPRODUCTION
1.6384708592664943e-07,vel2,4.012528204144772e-08,28.135371479901284,53.36960176502269,8,-1.237218038852017e-07,HIGHER_RES_SAMPLING_REFERENCE,64,5,-0.9935464138111352,2.081814205834176,50,51,ADAPTED_SPHERICAL_KS_WORKFLOW_REPRODUCTION
1.518680728118671e-07,vel2,6.975346275583938e-08,53.36960176502269,101.23606843406442,8,-8.211461005602771e-08,HIGHER_RES_SAMPLING_REFERENCE,64,6,-0.9935464138111352,2.081814205834176,50,51,ADAPTED_SPHERICAL_KS_WORKFLOW_REPRODUCTION
5.017477540392168e-08,vel2,-4.937268215012697e-08,101.23606843406442,192.03331509030292,8,-9.954745755404865e-08,HIGHER_RES_SAMPLING_REFERENCE,64,7,-0.9935464138111352,2.081814205834176,50,51,ADAPTED_SPHERICAL_KS_WORKFLOW_REPRODUCTION
1.49857238693269e-05,vel2,-9.054459043932605e-06,1.1302164885137453,2.1511666951179094,12,5.931264825394296e-06,HIGHER_RES_SAMPLING_REFERENCE,96,0,-0.9555739139760071,2.0938758860002604,50,51,ADAPTED_SPHERICAL_KS_WORKFLOW_REPRODUCTION
1.965965620132482e-05,vel2,-9.18019216397978e-06,2.1511666951179094,4.094364395859927,12,1.0479464037345039e-05,HIGHER_RES_SAMPLING_REFERENCE,96,1,-0.9555739139760071,2.0938758860002604,50,51,ADAPTED_SPHERICAL_KS_WORKFLOW_REPRODUCTION
6.283645386832385e-06,vel2,4.265465367153459e-06,4.094364395859927,7.792896684450838,12,-2.018180019678926e-06,HIGHER_RES_SAMPLING_REFERENCE,96,2,-0.9555739139760071,2.0938758860002604,50,51,ADAPTED_SPHERICAL_KS_WORKFLOW_REPRODUCTION
2.82011553008764e-06,vel2,1.7651511149202399e-06,7.792896684450838,14.832397134933096,12,-1.0549644151674002e-06,HIGHER_RES_SAMPLING_REFERENCE,96,3,-0.9555739139760071,2.0938758860002604,50,51,ADAPTED_SPHERICAL_KS_WORKFLOW_REPRODUCTION
9.228787347155595e-07,vel2,-4.6925355205369365e-07,14.832397134933096,28.23083811791544,12,4.536251826618658e-07,HIGHER_RES_SAMPLING_REFERENCE,96,4,-0.9555739139760071,2.0938758860002604,50,51,ADAPTED_SPHERICAL_KS_WORKFLOW_REPRODUCTION
1.1476548625013706e-08,vel2,-1.8851487334122414e-08,28.23083811791544,53.73239494531252,12,-7.374938709108708e-09,HIGHER_RES_SAMPLING_REFERENCE,96,5,-0.9555739139760071,2.0938758860002604,50,51,ADAPTED_SPHERICAL_KS_WORKFLOW_REPRODUCTION
8.227719129231011e-08,vel2,9.203262914079205e-08,53.73239494531252,102.27008686386948,12,9.755437848481932e-09,HIGHER_RES_SAMPLING_REFERENCE,96,6,-0.9555739139760071,2.0938758860002604,50,51,ADAPTED_SPHERICAL_KS_WORKFLOW_REPRODUCTION
2.433858984861655e-07,vel2,1.1938235717910387e-07,102.27008686386948,194.6529775527125,12,-1.2400354130706165e-07,HIGHER_RES_SAMPLING_REFERENCE,96,7,-0.9555739139760071,2.0938758860002604,50,51,ADAPTED_SPHERICAL_KS_WORKFLOW_REPRODUCTION
0.0,vel2,-2.041278879261199e-08,1.1225854340129873,2.1402642060118655,16,-2.041278879261199e-08,HIGHER_RES_SAMPLING_REFERENCE,128,0,0.9999999999999999,0.0,50,51,ADAPTED_SPHERICAL_KS_WORKFLOW_REPRODUCTION
0.0,vel2,4.966498323710766e-10,2.1402642060118655,4.080518713983782,16,4.966498323710766e-10,HIGHER_RES_SAMPLING_REFERENCE,128,1,0.9999999999999999,0.0,50,51,ADAPTED_SPHERICAL_KS_WORKFLOW_REPRODUCTION
0.0,vel2,7.655692746411091e-10,4.080518713983782,7.779709125817875,16,7.655692746411091e-10,HIGHER_RES_SAMPLING_REFERENCE,128,2,0.9999999999999999,0.0,50,51,ADAPTED_SPHERICAL_KS_WORKFLOW_REPRODUCTION
0.0,vel2,1.2733063214920293e-10,7.779709125817875,14.832397134933096,16,1.2733063214920293e-10,HIGHER_RES_SAMPLING_REFERENCE,128,3,0.9999999999999999,0.0,50,51,ADAPTED_SPHERICAL_KS_WORKFLOW_REPRODUCTION
0.0,vel2,3.623216743992019e-11,14.832397134933096,28.278692841905322,16,3.623216743992019e-11,HIGHER_RES_SAMPLING_REFERENCE,128,4,0.9999999999999999,0.0,50,51,ADAPTED_SPHERICAL_KS_WORKFLOW_REPRODUCTION
0.0,vel2,-2.4004026558110958e-08,28.278692841905322,53.91471530676722,16,-2.4004026558110958e-08,HIGHER_RES_SAMPLING_REFERENCE,128,5,0.9999999999999999,0.0,50,51,ADAPTED_SPHERICAL_KS_WORKFLOW_REPRODUCTION
0.0,vel2,8.67190565884135e-09,53.91471530676722,102.79104988552615,16,8.67190565884135e-09,HIGHER_RES_SAMPLING_REFERENCE,128,6,0.9999999999999999,0.0,50,51,ADAPTED_SPHERICAL_KS_WORKFLOW_REPRODUCTION
0.0,vel2,2.2894482034252657e-08,102.79104988552615,195.97617972105846,16,2.2894482034252657e-08,HIGHER_RES_SAMPLING_REFERENCE,128,7,0.9999999999999999,0.0,50,51,ADAPTED_SPHERICAL_KS_WORKFLOW_REPRODUCTION
0.0003183912019721902,vel3,0.004633186226783437,1.1456345721309733,2.1731385678184307,8,0.004951577428755627,HIGHER_RES_SAMPLING_REFERENCE,64,0,0.9996585341452859,0.06770898371648693,50,51,ADAPTED_SPHERICAL_KS_WORKFLOW_REPRODUCTION
8.922117453380451e-05,vel3,-5.5953488192983514e-05,2.1731385678184307,4.122196859122056,8,3.3267686340821e-05,HIGHER_RES_SAMPLING_REFERENCE,64,1,0.9996585341452859,0.06770898371648693,50,51,ADAPTED_SPHERICAL_KS_WORKFLOW_REPRODUCTION
5.902882406738641e-05,vel3,-0.00045754703238576333,4.122196859122056,7.819338903185626,8,-0.0003985182083183769,HIGHER_RES_SAMPLING_REFERENCE,64,2,0.9996585341452859,0.06770898371648693,50,51,ADAPTED_SPHERICAL_KS_WORKFLOW_REPRODUCTION
2.2960666135163343e-05,vel3,-0.00021955579693777594,7.819338903185626,14.832397134933096,8,-0.00024251646307293928,HIGHER_RES_SAMPLING_REFERENCE,64,3,0.9996585341452859,0.06770898371648693,50,51,ADAPTED_SPHERICAL_KS_WORKFLOW_REPRODUCTION
6.393229319279214e-07,vel3,-2.3192362630375385e-06,14.832397134933096,28.135371479901284,8,-2.95855919496546e-06,HIGHER_RES_SAMPLING_REFERENCE,64,4,0.9996585341452859,0.06770898371648693,50,51,ADAPTED_SPHERICAL_KS_WORKFLOW_REPRODUCTION
3.287177329974744e-06,vel3,5.276655340447078e-07,28.135371479901284,53.36960176502269,8,3.814842864019452e-06,HIGHER_RES_SAMPLING_REFERENCE,64,5,0.9996585341452859,0.06770898371648693,50,51,ADAPTED_SPHERICAL_KS_WORKFLOW_REPRODUCTION
8.050772704382148e-06,vel3,-0.0001343811070458889,53.36960176502269,101.23606843406442,8,-0.00014243187975027105,HIGHER_RES_SAMPLING_REFERENCE,64,6,0.9996585341452859,0.06770898371648693,50,51,ADAPTED_SPHERICAL_KS_WORKFLOW_REPRODUCTION
8.88090345962933e-06,vel3,1.3230794371210663e-06,101.23606843406442,192.03331509030292,8,1.0203982896750396e-05,HIGHER_RES_SAMPLING_REFERENCE,64,7,0.9996585341452859,0.06770898371648693,50,51,ADAPTED_SPHERICAL_KS_WORKFLOW_REPRODUCTION
0.00014082601012853965,vel3,0.004757851326387565,1.1302164885137453,2.1511666951179094,12,0.004898677336516105,HIGHER_RES_SAMPLING_REFERENCE,96,0,0.9998260962603642,0.03364281540444308,50,51,ADAPTED_SPHERICAL_KS_WORKFLOW_REPRODUCTION
8.187432618350849e-05,vel3,-4.756083087739979e-05,2.1511666951179094,4.094364395859927,12,3.431349530610869e-05,HIGHER_RES_SAMPLING_REFERENCE,96,1,0.9998260962603642,0.03364281540444308,50,51,ADAPTED_SPHERICAL_KS_WORKFLOW_REPRODUCTION
2.3131438559780362e-05,vel3,-0.0004485547380713676,4.094364395859927,7.792896684450838,12,-0.0004254232995115872,HIGHER_RES_SAMPLING_REFERENCE,96,2,0.9998260962603642,0.03364281540444308,50,51,ADAPTED_SPHERICAL_KS_WORKFLOW_REPRODUCTION
1.0686618295964299e-05,vel3,-0.00022301199799547157,7.792896684450838,14.832397134933096,12,-0.00023369861629143586,HIGHER_RES_SAMPLING_REFERENCE,96,3,0.9998260962603642,0.03364281540444308,50,51,ADAPTED_SPHERICAL_KS_WORKFLOW_REPRODUCTION
2.1002141858056583e-06,vel3,-1.5818004436491045e-06,14.832397134933096,28.23083811791544,12,-3.6820146294547628e-06,HIGHER_RES_SAMPLING_REFERENCE,96,4,0.9998260962603642,0.03364281540444308,50,51,ADAPTED_SPHERICAL_KS_WORKFLOW_REPRODUCTION
8.092886666407658e-07,vel3,-5.48535378966889e-07,28.23083811791544,53.73239494531252,12,2.607532876738769e-07,HIGHER_RES_SAMPLING_REFERENCE,96,5,0.9998260962603642,0.03364281540444308,50,51,ADAPTED_SPHERICAL_KS_WORKFLOW_REPRODUCTION
1.4205962550175e-05,vel3,-0.0001276445344275956,53.73239494531252,102.27008686386948,12,-0.0001418504969777706,HIGHER_RES_SAMPLING_REFERENCE,96,6,0.9998260962603642,0.03364281540444308,50,51,ADAPTED_SPHERICAL_KS_WORKFLOW_REPRODUCTION
7.764146311551991e-06,vel3,6.3378321272274985e-06,102.27008686386948,194.6529775527125,12,1.4101978438779489e-05,HIGHER_RES_SAMPLING_REFERENCE,96,7,0.9998260962603642,0.03364281540444308,50,51,ADAPTED_SPHERICAL_KS_WORKFLOW_REPRODUCTION
0.0,vel3,0.004816328325318864,1.1225854340129873,2.1402642060118655,16,0.004816328325318864,HIGHER_RES_SAMPLING_REFERENCE,128,0,0.9999999999999999,0.0,50,51,ADAPTED_SPHERICAL_KS_WORKFLOW_REPRODUCTION
0.0,vel3,2.7795278580100558e-05,2.1402642060118655,4.080518713983782,16,2.7795278580100558e-05,HIGHER_RES_SAMPLING_REFERENCE,128,1,0.9999999999999999,0.0,50,51,ADAPTED_SPHERICAL_KS_WORKFLOW_REPRODUCTION
0.0,vel3,-0.0004388700597660333,4.080518713983782,7.779709125817875,16,-0.0004388700597660333,HIGHER_RES_SAMPLING_REFERENCE,128,2,0.9999999999999999,0.0,50,51,ADAPTED_SPHERICAL_KS_WORKFLOW_REPRODUCTION
0.0,vel3,-0.00022307668566989847,7.779709125817875,14.832397134933096,16,-0.00022307668566989847,HIGHER_RES_SAMPLING_REFERENCE,128,3,0.9999999999999999,0.0,50,51,ADAPTED_SPHERICAL_KS_WORKFLOW_REPRODUCTION
0.0,vel3,-1.9499023267144366e-06,14.832397134933096,28.278692841905322,16,-1.9499023267144366e-06,HIGHER_RES_SAMPLING_REFERENCE,128,4,0.9999999999999999,0.0,50,51,ADAPTED_SPHERICAL_KS_WORKFLOW_REPRODUCTION
0.0,vel3,6.43514764614439e-07,28.278692841905322,53.91471530676722,16,6.43514764614439e-07,HIGHER_RES_SAMPLING_REFERENCE,128,5,0.9999999999999999,0.0,50,51,ADAPTED_SPHERICAL_KS_WORKFLOW_REPRODUCTION
0.0,vel3,-0.00013123715581539463,53.91471530676722,102.79104988552615,16,-0.00013123715581539463,HIGHER_RES_SAMPLING_REFERENCE,128,6,0.9999999999999999,0.0,50,51,ADAPTED_SPHERICAL_KS_WORKFLOW_REPRODUCTION
0.0,vel3,1.8942263405596904e-06,102.79104988552615,195.97617972105846,16,1.8942263405596904e-06,HIGHER_RES_SAMPLING_REFERENCE,128,7,0.9999999999999999,0.0,50,51,ADAPTED_SPHERICAL_KS_WORKFLOW_REPRODUCTION
6.09134918363452e-05,Bcc1,-2.833279046399184e-05,1.1456345721309733,2.1731385678184307,8,3.258070137235336e-05,HIGHER_RES_SAMPLING_REFERENCE,64,0,-0.9982965586780268,1.9021816521290955,75,76,ADAPTED_SPHERICAL_KS_WORKFLOW_REPRODUCTION
2.9998654884622056e-05,Bcc1,-1.4136069202308477e-05,2.1731385678184307,4.122196859122056,8,1.586258568231358e-05,HIGHER_RES_SAMPLING_REFERENCE,64,1,-0.9982965586780268,1.9021816521290955,75,76,ADAPTED_SPHERICAL_KS_WORKFLOW_REPRODUCTION
2.625056094807121e-05,Bcc1,-1.2987939925324099e-05,4.122196859122056,7.819338903185626,8,1.3262621022747112e-05,HIGHER_RES_SAMPLING_REFERENCE,64,2,-0.9982965586780268,1.9021816521290955,75,76,ADAPTED_SPHERICAL_KS_WORKFLOW_REPRODUCTION
2.620713566869881e-05,Bcc1,-1.3202862440664376e-05,7.819338903185626,14.832397134933096,8,1.3004273228034435e-05,HIGHER_RES_SAMPLING_REFERENCE,64,3,-0.9982965586780268,1.9021816521290955,75,76,ADAPTED_SPHERICAL_KS_WORKFLOW_REPRODUCTION
1.2889011927308403e-05,Bcc1,-6.409629926817928e-06,14.832397134933096,28.135371479901284,8,6.4793820004904745e-06,HIGHER_RES_SAMPLING_REFERENCE,64,4,-0.9982965586780268,1.9021816521290955,75,76,ADAPTED_SPHERICAL_KS_WORKFLOW_REPRODUCTION
2.122275247540273e-06,Bcc1,-9.006245131892854e-07,28.135371479901284,53.36960176502269,8,1.2216507343509875e-06,HIGHER_RES_SAMPLING_REFERENCE,64,5,-0.9982965586780268,1.9021816521290955,75,76,ADAPTED_SPHERICAL_KS_WORKFLOW_REPRODUCTION
4.67156912486999e-07,Bcc1,-2.3015644523560752e-07,53.36960176502269,101.23606843406442,8,2.3700046725139146e-07,HIGHER_RES_SAMPLING_REFERENCE,64,6,-0.9982965586780268,1.9021816521290955,75,76,ADAPTED_SPHERICAL_KS_WORKFLOW_REPRODUCTION
2.5504531919740003e-07,Bcc1,-1.1200914961859154e-07,101.23606843406442,192.03331509030292,8,1.430361695788085e-07,HIGHER_RES_SAMPLING_REFERENCE,64,7,-0.9982965586780268,1.9021816521290955,75,76,ADAPTED_SPHERICAL_KS_WORKFLOW_REPRODUCTION
4.232419014779562e-05,Bcc1,-2.0428279017155376e-05,1.1302164885137453,2.1511666951179094,12,2.189591113064024e-05,HIGHER_RES_SAMPLING_REFERENCE,96,0,-0.9995170977929024,1.9351519963208996,75,76,ADAPTED_SPHERICAL_KS_WORKFLOW_REPRODUCTION
2.087972160588244e-05,Bcc1,-1.0036359543408724e-05,2.1511666951179094,4.094364395859927,12,1.0843362062473716e-05,HIGHER_RES_SAMPLING_REFERENCE,96,1,-0.9995170977929024,1.9351519963208996,75,76,ADAPTED_SPHERICAL_KS_WORKFLOW_REPRODUCTION
1.2766202972771782e-05,Bcc1,-6.256063906983366e-06,4.094364395859927,7.792896684450838,12,6.510139065788415e-06,HIGHER_RES_SAMPLING_REFERENCE,96,2,-0.9995170977929024,1.9351519963208996,75,76,ADAPTED_SPHERICAL_KS_WORKFLOW_REPRODUCTION
7.459768688725624e-06,Bcc1,-3.738465501349445e-06,7.792896684450838,14.832397134933096,12,3.7213031873761793e-06,HIGHER_RES_SAMPLING_REFERENCE,96,3,-0.9995170977929024,1.9351519963208996,75,76,ADAPTED_SPHERICAL_KS_WORKFLOW_REPRODUCTION
6.0631950009192996e-06,Bcc1,-2.805295061399967e-06,14.832397134933096,28.23083811791544,12,3.257899939519333e-06,HIGHER_RES_SAMPLING_REFERENCE,96,4,-0.9995170977929024,1.9351519963208996,75,76,ADAPTED_SPHERICAL_KS_WORKFLOW_REPRODUCTION
2.9627014115434307e-06,Bcc1,-1.7549196112430241e-06,28.23083811791544,53.73239494531252,12,1.2077818003004065e-06,HIGHER_RES_SAMPLING_REFERENCE,96,5,-0.9995170977929024,1.9351519963208996,75,76,ADAPTED_SPHERICAL_KS_WORKFLOW_REPRODUCTION
1.4865745378711136e-07,Bcc1,-7.92190794608995e-08,53.73239494531252,102.27008686386948,12,6.943837432621185e-08,HIGHER_RES_SAMPLING_REFERENCE,96,6,-0.9995170977929024,1.9351519963208996,75,76,ADAPTED_SPHERICAL_KS_WORKFLOW_REPRODUCTION
4.498802899141104e-08,Bcc1,-5.575059654462901e-08,102.27008686386948,194.6529775527125,12,-1.0762567553217966e-08,HIGHER_RES_SAMPLING_REFERENCE,96,7,-0.9995170977929024,1.9351519963208996,75,76,ADAPTED_SPHERICAL_KS_WORKFLOW_REPRODUCTION
0.0,Bcc1,-1.4927309166523628e-08,1.1225854340129873,2.1402642060118655,16,-1.4927309166523628e-08,HIGHER_RES_SAMPLING_REFERENCE,128,0,1.0,0.0,75,76,ADAPTED_SPHERICAL_KS_WORKFLOW_REPRODUCTION
0.0,Bcc1,-1.0957375451425833e-08,2.1402642060118655,4.080518713983782,16,-1.0957375451425833e-08,HIGHER_RES_SAMPLING_REFERENCE,128,1,1.0,0.0,75,76,ADAPTED_SPHERICAL_KS_WORKFLOW_REPRODUCTION
0.0,Bcc1,-2.533992127240481e-09,4.080518713983782,7.779709125817875,16,-2.533992127240481e-09,HIGHER_RES_SAMPLING_REFERENCE,128,2,1.0,0.0,75,76,ADAPTED_SPHERICAL_KS_WORKFLOW_REPRODUCTION
0.0,Bcc1,6.309379685376371e-10,7.779709125817875,14.832397134933096,16,6.309379685376371e-10,HIGHER_RES_SAMPLING_REFERENCE,128,3,1.0,0.0,75,76,ADAPTED_SPHERICAL_KS_WORKFLOW_REPRODUCTION
0.0,Bcc1,2.2699769841594275e-10,14.832397134933096,28.278692841905322,16,2.2699769841594275e-10,HIGHER_RES_SAMPLING_REFERENCE,128,4,1.0,0.0,75,76,ADAPTED_SPHERICAL_KS_WORKFLOW_REPRODUCTION
0.0,Bcc1,-3.069674076039419e-07,28.278692841905322,53.91471530676722,16,-3.069674076039419e-07,HIGHER_RES_SAMPLING_REFERENCE,128,5,1.0,0.0,75,76,ADAPTED_SPHERICAL_KS_WORKFLOW_REPRODUCTION
0.0,Bcc1,-2.925991345881229e-07,53.91471530676722,102.79104988552615,16,-2.925991345881229e-07,HIGHER_RES_SAMPLING_REFERENCE,128,6,1.0,0.0,75,76,ADAPTED_SPHERICAL_KS_WORKFLOW_REPRODUCTION
0.0,Bcc1,-5.557019429856813e-08,102.79104988552615,195.97617972105846,16,-5.557019429856813e-08,HIGHER_RES_SAMPLING_REFERENCE,128,7,1.0,0.0,75,76,ADAPTED_SPHERICAL_KS_WORKFLOW_REPRODUCTION
8.187456328379028e-05,Bcc2,-7.516594112466635e-06,1.1456345721309733,2.1731385678184307,8,7.435796917132365e-05,HIGHER_RES_SAMPLING_REFERENCE,64,0,0.9796804177172995,0.20056524839118356,75,76,ADAPTED_SPHERICAL_KS_WORKFLOW_REPRODUCTION
1.9639301216400895e-06,Bcc2,-0.00029675976731768916,2.1731385678184307,4.122196859122056,8,-0.00029479583719604907,HIGHER_RES_SAMPLING_REFERENCE,64,1,0.9796804177172995,0.20056524839118356,75,76,ADAPTED_SPHERICAL_KS_WORKFLOW_REPRODUCTION
3.502028053437023e-06,Bcc2,-0.0002430217493530895,4.122196859122056,7.819338903185626,8,-0.00024652377740652653,HIGHER_RES_SAMPLING_REFERENCE,64,2,0.9796804177172995,0.20056524839118356,75,76,ADAPTED_SPHERICAL_KS_WORKFLOW_REPRODUCTION
3.6143093591345377e-06,Bcc2,-0.00011580932097049468,7.819338903185626,14.832397134933096,8,-0.00011942363032962922,HIGHER_RES_SAMPLING_REFERENCE,64,3,0.9796804177172995,0.20056524839118356,75,76,ADAPTED_SPHERICAL_KS_WORKFLOW_REPRODUCTION
2.1022398632788986e-06,Bcc2,4.8445362202387265e-06,14.832397134933096,28.135371479901284,8,2.742296356959828e-06,HIGHER_RES_SAMPLING_REFERENCE,64,4,0.9796804177172995,0.20056524839118356,75,76,ADAPTED_SPHERICAL_KS_WORKFLOW_REPRODUCTION
8.339880467255964e-08,Bcc2,9.815140724466626e-07,28.135371479901284,53.36960176502269,8,1.0649128771192222e-06,HIGHER_RES_SAMPLING_REFERENCE,64,5,0.9796804177172995,0.20056524839118356,75,76,ADAPTED_SPHERICAL_KS_WORKFLOW_REPRODUCTION
1.400049578527407e-08,Bcc2,2.0502368779947268e-07,53.36960176502269,101.23606843406442,8,2.1902418358474675e-07,HIGHER_RES_SAMPLING_REFERENCE,64,6,0.9796804177172995,0.20056524839118356,75,76,ADAPTED_SPHERICAL_KS_WORKFLOW_REPRODUCTION
8.00353013491505e-10,Bcc2,-4.421132414052058e-09,101.23606843406442,192.03331509030292,8,-3.620779400560553e-09,HIGHER_RES_SAMPLING_REFERENCE,64,7,0.9796804177172995,0.20056524839118356,75,76,ADAPTED_SPHERICAL_KS_WORKFLOW_REPRODUCTION
1.1491312703500228e-05,Bcc2,3.163006452975868e-05,1.1302164885137453,2.1511666951179094,12,4.312137723325891e-05,HIGHER_RES_SAMPLING_REFERENCE,96,0,0.9995790733171668,0.029150106904711006,75,76,ADAPTED_SPHERICAL_KS_WORKFLOW_REPRODUCTION
1.159486174546673e-06,Bcc2,-0.00029660616927922403,2.1511666951179094,4.094364395859927,12,-0.00029544668310467736,HIGHER_RES_SAMPLING_REFERENCE,96,1,0.9995790733171668,0.029150106904711006,75,76,ADAPTED_SPHERICAL_KS_WORKFLOW_REPRODUCTION
1.150987337998578e-06,Bcc2,-0.00024272018762987128,4.094364395859927,7.792896684450838,12,-0.00024387117496786986,HIGHER_RES_SAMPLING_REFERENCE,96,2,0.9995790733171668,0.029150106904711006,75,76,ADAPTED_SPHERICAL_KS_WORKFLOW_REPRODUCTION
1.431132661908511e-06,Bcc2,-0.00011576983821217881,7.792896684450838,14.832397134933096,12,-0.00011720097087408732,HIGHER_RES_SAMPLING_REFERENCE,96,3,0.9995790733171668,0.029150106904711006,75,76,ADAPTED_SPHERICAL_KS_WORKFLOW_REPRODUCTION
1.0954635404676666e-06,Bcc2,4.9443669138208674e-06,14.832397134933096,28.23083811791544,12,3.848903373353201e-06,HIGHER_RES_SAMPLING_REFERENCE,96,4,0.9995790733171668,0.029150106904711006,75,76,ADAPTED_SPHERICAL_KS_WORKFLOW_REPRODUCTION
7.241673145998469e-08,Bcc2,9.367162309196656e-07,28.23083811791544,53.73239494531252,12,1.0091329623796503e-06,HIGHER_RES_SAMPLING_REFERENCE,96,5,0.9995790733171668,0.029150106904711006,75,76,ADAPTED_SPHERICAL_KS_WORKFLOW_REPRODUCTION
1.9471250013273704e-08,Bcc2,1.9695692671105018e-07,53.73239494531252,102.27008686386948,12,2.1642817672432388e-07,HIGHER_RES_SAMPLING_REFERENCE,96,6,0.9995790733171668,0.029150106904711006,75,76,ADAPTED_SPHERICAL_KS_WORKFLOW_REPRODUCTION
7.642777067564454e-11,Bcc2,-3.153749029686318e-09,102.27008686386948,194.6529775527125,12,-3.0773212590106735e-09,HIGHER_RES_SAMPLING_REFERENCE,96,7,0.9995790733171668,0.029150106904711006,75,76,ADAPTED_SPHERICAL_KS_WORKFLOW_REPRODUCTION
0.0,Bcc2,2.6568592476738928e-05,1.1225854340129873,2.1402642060118655,16,2.6568592476738928e-05,HIGHER_RES_SAMPLING_REFERENCE,128,0,1.0000000000000002,0.0,75,76,ADAPTED_SPHERICAL_KS_WORKFLOW_REPRODUCTION
0.0,Bcc2,-0.0002961782629743448,2.1402642060118655,4.080518713983782,16,-0.0002961782629743448,HIGHER_RES_SAMPLING_REFERENCE,128,1,1.0000000000000002,0.0,75,76,ADAPTED_SPHERICAL_KS_WORKFLOW_REPRODUCTION
0.0,Bcc2,-0.0002425166865740458,4.080518713983782,7.779709125817875,16,-0.0002425166865740458,HIGHER_RES_SAMPLING_REFERENCE,128,2,1.0000000000000002,0.0,75,76,ADAPTED_SPHERICAL_KS_WORKFLOW_REPRODUCTION
0.0,Bcc2,-0.00011611969509899012,7.779709125817875,14.832397134933096,16,-0.00011611969509899012,HIGHER_RES_SAMPLING_REFERENCE,128,3,1.0000000000000002,0.0,75,76,ADAPTED_SPHERICAL_KS_WORKFLOW_REPRODUCTION
0.0,Bcc2,4.626580450001194e-06,14.832397134933096,28.278692841905322,16,4.626580450001194e-06,HIGHER_RES_SAMPLING_REFERENCE,128,4,1.0000000000000002,0.0,75,76,ADAPTED_SPHERICAL_KS_WORKFLOW_REPRODUCTION
0.0,Bcc2,9.803950656985194e-07,28.278692841905322,53.91471530676722,16,9.803950656985194e-07,HIGHER_RES_SAMPLING_REFERENCE,128,5,1.0000000000000002,0.0,75,76,ADAPTED_SPHERICAL_KS_WORKFLOW_REPRODUCTION
0.0,Bcc2,2.120175687972715e-07,53.91471530676722,102.79104988552615,16,2.120175687972715e-07,HIGHER_RES_SAMPLING_REFERENCE,128,6,1.0000000000000002,0.0,75,76,ADAPTED_SPHERICAL_KS_WORKFLOW_REPRODUCTION
0.0,Bcc2,-2.9048681202192633e-09,102.79104988552615,195.97617972105846,16,-2.9048681202192633e-09,HIGHER_RES_SAMPLING_REFERENCE,128,7,1.0000000000000002,0.0,75,76,ADAPTED_SPHERICAL_KS_WORKFLOW_REPRODUCTION
0.00011877421317763037,Bcc3,5.392459129893723e-05,1.1456345721309733,2.1731385678184307,8,-6.484962187869314e-05,HIGHER_RES_SAMPLING_REFERENCE,64,0,-0.9997797404604394,1.8327602138053682,75,76,ADAPTED_SPHERICAL_KS_WORKFLOW_REPRODUCTION
2.1327287399675043e-05,Bcc3,9.891182180199465e-06,2.1731385678184307,4.122196859122056,8,-1.1436105219475579e-05,HIGHER_RES_SAMPLING_REFERENCE,64,1,-0.9997797404604394,1.8327602138053682,75,76,ADAPTED_SPHERICAL_KS_WORKFLOW_REPRODUCTION
3.875948444836963e-06,Bcc3,1.3183755232237804e-06,4.122196859122056,7.819338903185626,8,-2.5575729216131826e-06,HIGHER_RES_SAMPLING_REFERENCE,64,2,-0.9997797404604394,1.8327602138053682,75,76,ADAPTED_SPHERICAL_KS_WORKFLOW_REPRODUCTION
6.004613164883876e-06,Bcc3,3.0821224944882486e-06,7.819338903185626,14.832397134933096,8,-2.9224906703956277e-06,HIGHER_RES_SAMPLING_REFERENCE,64,3,-0.9997797404604394,1.8327602138053682,75,76,ADAPTED_SPHERICAL_KS_WORKFLOW_REPRODUCTION
4.4113079818875606e-06,Bcc3,2.1764289035485287e-06,14.832397134933096,28.135371479901284,8,-2.234879078339032e-06,HIGHER_RES_SAMPLING_REFERENCE,64,4,-0.9997797404604394,1.8327602138053682,75,76,ADAPTED_SPHERICAL_KS_WORKFLOW_REPRODUCTION
1.2909742768995366e-06,Bcc3,6.444436212976312e-07,28.135371479901284,53.36960176502269,8,-6.465306556019054e-07,HIGHER_RES_SAMPLING_REFERENCE,64,5,-0.9997797404604394,1.8327602138053682,75,76,ADAPTED_SPHERICAL_KS_WORKFLOW_REPRODUCTION
2.1465855596595335e-07,Bcc3,1.0337674743988133e-07,53.36960176502269,101.23606843406442,8,-1.1128180852607202e-07,HIGHER_RES_SAMPLING_REFERENCE,64,6,-0.9997797404604394,1.8327602138053682,75,76,ADAPTED_SPHERICAL_KS_WORKFLOW_REPRODUCTION
3.783140819471793e-08,Bcc3,1.8378220071159964e-08,101.23606843406442,192.03331509030292,8,-1.945318812355797e-08,HIGHER_RES_SAMPLING_REFERENCE,64,7,-0.9997797404604394,1.8327602138053682,75,76,ADAPTED_SPHERICAL_KS_WORKFLOW_REPRODUCTION
3.382351815372642e-05,Bcc3,1.1922247863451588e-05,1.1302164885137453,2.1511666951179094,12,-2.1901270290274828e-05,HIGHER_RES_SAMPLING_REFERENCE,96,0,-0.9752050179981653,1.604604050023699,75,76,ADAPTED_SPHERICAL_KS_WORKFLOW_REPRODUCTION
1.5109474617313333e-05,Bcc3,7.305761830299094e-06,2.1511666951179094,4.094364395859927,12,-7.80371278701424e-06,HIGHER_RES_SAMPLING_REFERENCE,96,1,-0.9752050179981653,1.604604050023699,75,76,ADAPTED_SPHERICAL_KS_WORKFLOW_REPRODUCTION
6.76991338349136e-06,Bcc3,3.2724722089187233e-06,4.094364395859927,7.792896684450838,12,-3.4974411745726364e-06,HIGHER_RES_SAMPLING_REFERENCE,96,2,-0.9752050179981653,1.604604050023699,75,76,ADAPTED_SPHERICAL_KS_WORKFLOW_REPRODUCTION
3.6078447857394264e-06,Bcc3,1.7675416703117403e-06,7.792896684450838,14.832397134933096,12,-1.840303115427686e-06,HIGHER_RES_SAMPLING_REFERENCE,96,3,-0.9752050179981653,1.604604050023699,75,76,ADAPTED_SPHERICAL_KS_WORKFLOW_REPRODUCTION
1.4770835591564931e-06,Bcc3,7.343995169884704e-07,14.832397134933096,28.23083811791544,12,-7.426840421680228e-07,HIGHER_RES_SAMPLING_REFERENCE,96,4,-0.9752050179981653,1.604604050023699,75,76,ADAPTED_SPHERICAL_KS_WORKFLOW_REPRODUCTION
5.096335316200433e-07,Bcc3,2.588379745584642e-07,28.23083811791544,53.73239494531252,12,-2.507955570615791e-07,HIGHER_RES_SAMPLING_REFERENCE,96,5,-0.9752050179981653,1.604604050023699,75,76,ADAPTED_SPHERICAL_KS_WORKFLOW_REPRODUCTION
8.923513647448706e-09,Bcc3,3.183708040762818e-08,53.73239494531252,102.27008686386948,12,2.2913566760179476e-08,HIGHER_RES_SAMPLING_REFERENCE,96,6,-0.9752050179981653,1.604604050023699,75,76,ADAPTED_SPHERICAL_KS_WORKFLOW_REPRODUCTION
9.453869026918e-10,Bcc3,4.2904249561901545e-09,102.27008686386948,194.6529775527125,12,5.2358118588819545e-09,HIGHER_RES_SAMPLING_REFERENCE,96,7,-0.9752050179981653,1.604604050023699,75,76,ADAPTED_SPHERICAL_KS_WORKFLOW_REPRODUCTION
0.0,Bcc3,8.287236141768517e-08,1.1225854340129873,2.1402642060118655,16,8.287236141768517e-08,HIGHER_RES_SAMPLING_REFERENCE,128,0,0.9999999999999999,0.0,75,76,ADAPTED_SPHERICAL_KS_WORKFLOW_REPRODUCTION
0.0,Bcc3,4.016503846182573e-08,2.1402642060118655,4.080518713983782,16,4.016503846182573e-08,HIGHER_RES_SAMPLING_REFERENCE,128,1,0.9999999999999999,0.0,75,76,ADAPTED_SPHERICAL_KS_WORKFLOW_REPRODUCTION
0.0,Bcc3,7.129498123814582e-09,4.080518713983782,7.779709125817875,16,7.129498123814582e-09,HIGHER_RES_SAMPLING_REFERENCE,128,2,0.9999999999999999,0.0,75,76,ADAPTED_SPHERICAL_KS_WORKFLOW_REPRODUCTION
0.0,Bcc3,-3.7703831827495815e-09,7.779709125817875,14.832397134933096,16,-3.7703831827495815e-09,HIGHER_RES_SAMPLING_REFERENCE,128,3,0.9999999999999999,0.0,75,76,ADAPTED_SPHERICAL_KS_WORKFLOW_REPRODUCTION
0.0,Bcc3,-9.085362204317576e-10,14.832397134933096,28.278692841905322,16,-9.085362204317576e-10,HIGHER_RES_SAMPLING_REFERENCE,128,4,0.9999999999999999,0.0,75,76,ADAPTED_SPHERICAL_KS_WORKFLOW_REPRODUCTION
0.0,Bcc3,8.168817058293873e-08,28.278692841905322,53.91471530676722,16,8.168817058293873e-08,HIGHER_RES_SAMPLING_REFERENCE,128,5,0.9999999999999999,0.0,75,76,ADAPTED_SPHERICAL_KS_WORKFLOW_REPRODUCTION
0.0,Bcc3,7.678993210081403e-08,53.91471530676722,102.79104988552615,16,7.678993210081403e-08,HIGHER_RES_SAMPLING_REFERENCE,128,6,0.9999999999999999,0.0,75,76,ADAPTED_SPHERICAL_KS_WORKFLOW_REPRODUCTION
0.0,Bcc3,1.680160510718375e-08,102.79104988552615,195.97617972105846,16,1.680160510718375e-08,HIGHER_RES_SAMPLING_REFERENCE,128,7,0.9999999999999999,0.0,75,76,ADAPTED_SPHERICAL_KS_WORKFLOW_REPRODUCTION
5.743781059663888e-07,rho,4.762461969676224e-06,1.1456345721309733,2.1731385678184307,8,4.188083863709835e-06,HIGHER_RES_SAMPLING_REFERENCE,64,0,0.9995876330075939,0.06632502859823144,75,76,ADAPTED_SPHERICAL_KS_WORKFLOW_REPRODUCTION
1.8646348465267693e-07,rho,1.2106664776467824e-05,2.1731385678184307,4.122196859122056,8,1.1920201291815147e-05,HIGHER_RES_SAMPLING_REFERENCE,64,1,0.9995876330075939,0.06632502859823144,75,76,ADAPTED_SPHERICAL_KS_WORKFLOW_REPRODUCTION
4.4350894512490413e-07,rho,3.0697097130882867e-06,4.122196859122056,7.819338903185626,8,3.513218658213191e-06,HIGHER_RES_SAMPLING_REFERENCE,64,2,0.9995876330075939,0.06632502859823144,75,76,ADAPTED_SPHERICAL_KS_WORKFLOW_REPRODUCTION
4.6241515061495875e-08,rho,6.36801256170827e-08,7.819338903185626,14.832397134933096,8,1.743861055558682e-08,HIGHER_RES_SAMPLING_REFERENCE,64,3,0.9995876330075939,0.06632502859823144,75,76,ADAPTED_SPHERICAL_KS_WORKFLOW_REPRODUCTION
0.00025864913734552353,rho,0.003958609387743728,14.832397134933096,28.135371479901284,8,0.0036999602503982043,HIGHER_RES_SAMPLING_REFERENCE,64,4,0.9995876330075939,0.06632502859823144,75,76,ADAPTED_SPHERICAL_KS_WORKFLOW_REPRODUCTION
3.5306021386571906e-05,rho,0.0012153224631112347,28.135371479901284,53.36960176502269,8,0.0012506284844978066,HIGHER_RES_SAMPLING_REFERENCE,64,5,0.9995876330075939,0.06632502859823144,75,76,ADAPTED_SPHERICAL_KS_WORKFLOW_REPRODUCTION
3.751142733654511e-07,rho,-0.00048203619667674946,53.36960176502269,101.23606843406442,8,-0.000481661082403384,HIGHER_RES_SAMPLING_REFERENCE,64,6,0.9995876330075939,0.06632502859823144,75,76,ADAPTED_SPHERICAL_KS_WORKFLOW_REPRODUCTION
1.3081166566619729e-09,rho,7.350919721438309e-05,101.23606843406442,192.03331509030292,8,7.350788909772643e-05,HIGHER_RES_SAMPLING_REFERENCE,64,7,0.9995876330075939,0.06632502859823144,75,76,ADAPTED_SPHERICAL_KS_WORKFLOW_REPRODUCTION
2.127291370217999e-07,rho,4.756016483885038e-06,1.1302164885137453,2.1511666951179094,12,4.543287346863238e-06,HIGHER_RES_SAMPLING_REFERENCE,96,0,0.9996343265774872,0.09697154178045711,75,76,ADAPTED_SPHERICAL_KS_WORKFLOW_REPRODUCTION
4.53819739976576e-08,rho,1.1993822700636278e-05,2.1511666951179094,4.094364395859927,12,1.194844072663862e-05,HIGHER_RES_SAMPLING_REFERENCE,96,1,0.9996343265774872,0.09697154178045711,75,76,ADAPTED_SPHERICAL_KS_WORKFLOW_REPRODUCTION
1.4039157379017903e-07,rho,3.0612291236888333e-06,4.094364395859927,7.792896684450838,12,3.2016206974790124e-06,HIGHER_RES_SAMPLING_REFERENCE,96,2,0.9996343265774872,0.09697154178045711,75,76,ADAPTED_SPHERICAL_KS_WORKFLOW_REPRODUCTION
1.3399520308136432e-08,rho,7.775010252081065e-08,7.792896684450838,14.832397134933096,12,6.435058221267422e-08,HIGHER_RES_SAMPLING_REFERENCE,96,3,0.9996343265774872,0.09697154178045711,75,76,ADAPTED_SPHERICAL_KS_WORKFLOW_REPRODUCTION
0.00040298395014197854,rho,0.0037503257085484717,14.832397134933096,28.23083811791544,12,0.00415330965869045,HIGHER_RES_SAMPLING_REFERENCE,96,4,0.9996343265774872,0.09697154178045711,75,76,ADAPTED_SPHERICAL_KS_WORKFLOW_REPRODUCTION
3.739901781547091e-05,rho,0.0011851149408916275,28.23083811791544,53.73239494531252,12,0.0012225139587070985,HIGHER_RES_SAMPLING_REFERENCE,96,5,0.9996343265774872,0.09697154178045711,75,76,ADAPTED_SPHERICAL_KS_WORKFLOW_REPRODUCTION
0.00012365222037087674,rho,-0.0004204186903247691,53.73239494531252,102.27008686386948,12,-0.0005440709106956459,HIGHER_RES_SAMPLING_REFERENCE,96,6,0.9996343265774872,0.09697154178045711,75,76,ADAPTED_SPHERICAL_KS_WORKFLOW_REPRODUCTION
1.8392545237861963e-06,rho,6.268811402510421e-05,102.27008686386948,194.6529775527125,12,6.452736854889041e-05,HIGHER_RES_SAMPLING_REFERENCE,96,7,0.9996343265774872,0.09697154178045711,75,76,ADAPTED_SPHERICAL_KS_WORKFLOW_REPRODUCTION
0.0,rho,4.515498320145639e-06,1.1225854340129873,2.1402642060118655,16,4.515498320145639e-06,HIGHER_RES_SAMPLING_REFERENCE,128,0,1.0,0.0,75,76,ADAPTED_SPHERICAL_KS_WORKFLOW_REPRODUCTION
0.0,rho,1.2067372795243614e-05,2.1402642060118655,4.080518713983782,16,1.2067372795243614e-05,HIGHER_RES_SAMPLING_REFERENCE,128,1,1.0,0.0,75,76,ADAPTED_SPHERICAL_KS_WORKFLOW_REPRODUCTION
0.0,rho,3.0613744490537442e-06,4.080518713983782,7.779709125817875,16,3.0613744490537442e-06,HIGHER_RES_SAMPLING_REFERENCE,128,2,1.0,0.0,75,76,ADAPTED_SPHERICAL_KS_WORKFLOW_REPRODUCTION
0.0,rho,7.33371655625703e-08,7.779709125817875,14.832397134933096,16,7.33371655625703e-08,HIGHER_RES_SAMPLING_REFERENCE,128,3,1.0,0.0,75,76,ADAPTED_SPHERICAL_KS_WORKFLOW_REPRODUCTION
0.0,rho,0.003933007139880096,14.832397134933096,28.278692841905322,16,0.003933007139880096,HIGHER_RES_SAMPLING_REFERENCE,128,4,1.0,0.0,75,76,ADAPTED_SPHERICAL_KS_WORKFLOW_REPRODUCTION
0.0,rho,0.0012187438902108022,28.278692841905322,53.91471530676722,16,0.0012187438902108022,HIGHER_RES_SAMPLING_REFERENCE,128,5,1.0,0.0,75,76,ADAPTED_SPHERICAL_KS_WORKFLOW_REPRODUCTION
0.0,rho,-0.0005025467601089996,53.91471530676722,102.79104988552615,16,-0.0005025467601089996,HIGHER_RES_SAMPLING_REFERENCE,128,6,1.0,0.0,75,76,ADAPTED_SPHERICAL_KS_WORKFLOW_REPRODUCTION
0.0,rho,5.828800418315912e-05,102.79104988552615,195.97617972105846,16,5.828800418315912e-05,HIGHER_RES_SAMPLING_REFERENCE,128,7,1.0,0.0,75,76,ADAPTED_SPHERICAL_KS_WORKFLOW_REPRODUCTION
7.860172956952738e-07,press,1.4607627999652095e-05,1.1456345721309733,2.1731385678184307,8,1.539364529534737e-05,HIGHER_RES_SAMPLING_REFERENCE,64,0,0.9997516414755763,0.03427114474710998,75,76,ADAPTED_SPHERICAL_KS_WORKFLOW_REPRODUCTION
4.124871288979648e-08,press,4.316399108361679e-06,2.1731385678184307,4.122196859122056,8,4.357647821251476e-06,HIGHER_RES_SAMPLING_REFERENCE,64,1,0.9997516414755763,0.03427114474710998,75,76,ADAPTED_SPHERICAL_KS_WORKFLOW_REPRODUCTION
1.0577862807892302e-07,press,6.525093412257377e-07,4.122196859122056,7.819338903185626,8,7.582879693046607e-07,HIGHER_RES_SAMPLING_REFERENCE,64,2,0.9997516414755763,0.03427114474710998,75,76,ADAPTED_SPHERICAL_KS_WORKFLOW_REPRODUCTION
1.9350578883692293e-07,press,8.415557335161861e-07,7.819338903185626,14.832397134933096,8,6.480499446792631e-07,HIGHER_RES_SAMPLING_REFERENCE,64,3,0.9997516414755763,0.03427114474710998,75,76,ADAPTED_SPHERICAL_KS_WORKFLOW_REPRODUCTION
2.0395121446553643e-07,press,1.8397142577300518e-05,14.832397134933096,28.135371479901284,8,1.8601093791766055e-05,HIGHER_RES_SAMPLING_REFERENCE,64,4,0.9997516414755763,0.03427114474710998,75,76,ADAPTED_SPHERICAL_KS_WORKFLOW_REPRODUCTION
3.1470060533195232e-09,press,8.193122677749992e-07,28.135371479901284,53.36960176502269,8,8.161652617216797e-07,HIGHER_RES_SAMPLING_REFERENCE,64,5,0.9997516414755763,0.03427114474710998,75,76,ADAPTED_SPHERICAL_KS_WORKFLOW_REPRODUCTION
6.177713569865961e-09,press,-8.38633958917881e-07,53.36960176502269,101.23606843406442,8,-8.448116724877469e-07,HIGHER_RES_SAMPLING_REFERENCE,64,6,0.9997516414755763,0.03427114474710998,75,76,ADAPTED_SPHERICAL_KS_WORKFLOW_REPRODUCTION
2.0493575586533197e-11,press,9.788343979669559e-08,101.23606843406442,192.03331509030292,8,9.790393337228212e-08,HIGHER_RES_SAMPLING_REFERENCE,64,7,0.9997516414755763,0.03427114474710998,75,76,ADAPTED_SPHERICAL_KS_WORKFLOW_REPRODUCTION
7.876593073248176e-08,press,1.5404897030495907e-05,1.1302164885137453,2.1511666951179094,12,1.548366296122839e-05,HIGHER_RES_SAMPLING_REFERENCE,96,0,0.999547383282975,0.04104231753838026,75,76,ADAPTED_SPHERICAL_KS_WORKFLOW_REPRODUCTION
4.480782599279788e-08,press,4.271375418762057e-06,2.1511666951179094,4.094364395859927,12,4.316183244754855e-06,HIGHER_RES_SAMPLING_REFERENCE,96,1,0.999547383282975,0.04104231753838026,75,76,ADAPTED_SPHERICAL_KS_WORKFLOW_REPRODUCTION
3.2712120288267593e-08,press,6.605023929935257e-07,4.094364395859927,7.792896684450838,12,6.932145132817933e-07,HIGHER_RES_SAMPLING_REFERENCE,96,2,0.999547383282975,0.04104231753838026,75,76,ADAPTED_SPHERICAL_KS_WORKFLOW_REPRODUCTION
9.72829772212165e-08,press,9.292018142909237e-07,7.792896684450838,14.832397134933096,12,8.319188370697072e-07,HIGHER_RES_SAMPLING_REFERENCE,96,3,0.999547383282975,0.04104231753838026,75,76,ADAPTED_SPHERICAL_KS_WORKFLOW_REPRODUCTION
9.636313129154415e-07,press,1.8938507117055377e-05,14.832397134933096,28.23083811791544,12,1.7974875804139935e-05,HIGHER_RES_SAMPLING_REFERENCE,96,4,0.999547383282975,0.04104231753838026,75,76,ADAPTED_SPHERICAL_KS_WORKFLOW_REPRODUCTION
1.27134463106259e-08,press,8.089074258245862e-07,28.23083811791544,53.73239494531252,12,8.216208721352121e-07,HIGHER_RES_SAMPLING_REFERENCE,96,5,0.999547383282975,0.04104231753838026,75,76,ADAPTED_SPHERICAL_KS_WORKFLOW_REPRODUCTION
1.913150827402e-07,press,-7.559780943975728e-07,53.73239494531252,102.27008686386948,12,-9.472931771377728e-07,HIGHER_RES_SAMPLING_REFERENCE,96,6,0.999547383282975,0.04104231753838026,75,76,ADAPTED_SPHERICAL_KS_WORKFLOW_REPRODUCTION
3.2315577413085247e-09,press,8.077496424045243e-08,102.27008686386948,194.6529775527125,12,8.400652198176095e-08,HIGHER_RES_SAMPLING_REFERENCE,96,7,0.999547383282975,0.04104231753838026,75,76,ADAPTED_SPHERICAL_KS_WORKFLOW_REPRODUCTION
0.0,press,1.4512637640073933e-05,1.1225854340129873,2.1402642060118655,16,1.4512637640073933e-05,HIGHER_RES_SAMPLING_REFERENCE,128,0,1.0,0.0,75,76,ADAPTED_SPHERICAL_KS_WORKFLOW_REPRODUCTION
0.0,press,4.289631518883397e-06,2.1402642060118655,4.080518713983782,16,4.289631518883397e-06,HIGHER_RES_SAMPLING_REFERENCE,128,1,1.0,0.0,75,76,ADAPTED_SPHERICAL_KS_WORKFLOW_REPRODUCTION
0.0,press,6.576262771562646e-07,4.080518713983782,7.779709125817875,16,6.576262771562646e-07,HIGHER_RES_SAMPLING_REFERENCE,128,2,1.0,0.0,75,76,ADAPTED_SPHERICAL_KS_WORKFLOW_REPRODUCTION
0.0,press,8.665475497160458e-07,7.779709125817875,14.832397134933096,16,8.665475497160458e-07,HIGHER_RES_SAMPLING_REFERENCE,128,3,1.0,0.0,75,76,ADAPTED_SPHERICAL_KS_WORKFLOW_REPRODUCTION
0.0,press,1.8215970322020894e-05,14.832397134933096,28.278692841905322,16,1.8215970322020894e-05,HIGHER_RES_SAMPLING_REFERENCE,128,4,1.0,0.0,75,76,ADAPTED_SPHERICAL_KS_WORKFLOW_REPRODUCTION
0.0,press,8.196892952248413e-07,28.278692841905322,53.91471530676722,16,8.196892952248413e-07,HIGHER_RES_SAMPLING_REFERENCE,128,5,1.0,0.0,75,76,ADAPTED_SPHERICAL_KS_WORKFLOW_REPRODUCTION
0.0,press,-8.657595026718675e-07,53.91471530676722,102.79104988552615,16,-8.657595026718675e-07,HIGHER_RES_SAMPLING_REFERENCE,128,6,1.0,0.0,75,76,ADAPTED_SPHERICAL_KS_WORKFLOW_REPRODUCTION
0.0,press,7.436679054848147e-08,102.79104988552615,195.97617972105846,16,7.436679054848147e-08,HIGHER_RES_SAMPLING_REFERENCE,128,7,1.0,0.0,75,76,ADAPTED_SPHERICAL_KS_WORKFLOW_REPRODUCTION
7.425423882523319e-05,vel1,0.00605518709289754,1.1456345721309733,2.1731385678184307,8,0.006129441331722774,HIGHER_RES_SAMPLING_REFERENCE,64,0,0.9998356362066407,0.024454043039561446,75,76,ADAPTED_SPHERICAL_KS_WORKFLOW_REPRODUCTION
0.00010146356089535402,vel1,0.004227747191180242,2.1731385678184307,4.122196859122056,8,0.004329210752075596,HIGHER_RES_SAMPLING_REFERENCE,64,1,0.9998356362066407,0.024454043039561446,75,76,ADAPTED_SPHERICAL_KS_WORKFLOW_REPRODUCTION
7.224018509077723e-05,vel1,0.0009262449316338461,4.122196859122056,7.819338903185626,8,0.0009984851167246234,HIGHER_RES_SAMPLING_REFERENCE,64,2,0.9998356362066407,0.024454043039561446,75,76,ADAPTED_SPHERICAL_KS_WORKFLOW_REPRODUCTION
9.461044783165562e-06,vel1,9.428210501027934e-05,7.819338903185626,14.832397134933096,8,8.482106022711378e-05,HIGHER_RES_SAMPLING_REFERENCE,64,3,0.9998356362066407,0.024454043039561446,75,76,ADAPTED_SPHERICAL_KS_WORKFLOW_REPRODUCTION
2.262549650211554e-05,vel1,-0.0007223156682130139,14.832397134933096,28.135371479901284,8,-0.0006996901717108983,HIGHER_RES_SAMPLING_REFERENCE,64,4,0.9998356362066407,0.024454043039561446,75,76,ADAPTED_SPHERICAL_KS_WORKFLOW_REPRODUCTION
9.20587694057673e-05,vel1,-0.00012280976291911827,28.135371479901284,53.36960176502269,8,-0.00021486853232488556,HIGHER_RES_SAMPLING_REFERENCE,64,5,0.9998356362066407,0.024454043039561446,75,76,ADAPTED_SPHERICAL_KS_WORKFLOW_REPRODUCTION
5.60892419421144e-05,vel1,-7.413060359340307e-06,53.36960176502269,101.23606843406442,8,4.867618158277409e-05,HIGHER_RES_SAMPLING_REFERENCE,64,6,0.9998356362066407,0.024454043039561446,75,76,ADAPTED_SPHERICAL_KS_WORKFLOW_REPRODUCTION
3.680152894958155e-05,vel1,-0.00014383447097543467,101.23606843406442,192.03331509030292,8,-0.00010703294202585312,HIGHER_RES_SAMPLING_REFERENCE,64,7,0.9998356362066407,0.024454043039561446,75,76,ADAPTED_SPHERICAL_KS_WORKFLOW_REPRODUCTION
1.1394370058378546e-05,vel1,0.0060735104423117635,1.1302164885137453,2.1511666951179094,12,0.006084904812370142,HIGHER_RES_SAMPLING_REFERENCE,96,0,0.9999398253317224,0.01139568324599954,75,76,ADAPTED_SPHERICAL_KS_WORKFLOW_REPRODUCTION
2.2458642854838312e-05,vel1,0.004233911703286813,2.1511666951179094,4.094364395859927,12,0.004256370346141652,HIGHER_RES_SAMPLING_REFERENCE,96,1,0.9999398253317224,0.01139568324599954,75,76,ADAPTED_SPHERICAL_KS_WORKFLOW_REPRODUCTION
2.0604345115350056e-05,vel1,0.0009300727584491984,4.094364395859927,7.792896684450838,12,0.0009506771035645485,HIGHER_RES_SAMPLING_REFERENCE,96,2,0.9999398253317224,0.01139568324599954,75,76,ADAPTED_SPHERICAL_KS_WORKFLOW_REPRODUCTION
1.5410704118376428e-05,vel1,0.00010501207415708686,7.792896684450838,14.832397134933096,12,8.960137003871043e-05,HIGHER_RES_SAMPLING_REFERENCE,96,3,0.9999398253317224,0.01139568324599954,75,76,ADAPTED_SPHERICAL_KS_WORKFLOW_REPRODUCTION
6.074105446832265e-06,vel1,-0.0007073805056471108,14.832397134933096,28.23083811791544,12,-0.0007013064002002786,HIGHER_RES_SAMPLING_REFERENCE,96,4,0.9999398253317224,0.01139568324599954,75,76,ADAPTED_SPHERICAL_KS_WORKFLOW_REPRODUCTION
3.6792807707252437e-05,vel1,-0.00014595997454196978,28.23083811791544,53.73239494531252,12,-0.0001827527822492222,HIGHER_RES_SAMPLING_REFERENCE,96,5,0.9999398253317224,0.01139568324599954,75,76,ADAPTED_SPHERICAL_KS_WORKFLOW_REPRODUCTION
3.419801472364586e-05,vel1,-4.786147415840274e-06,53.73239494531252,102.27008686386948,12,2.9411867307805585e-05,HIGHER_RES_SAMPLING_REFERENCE,96,6,0.9999398253317224,0.01139568324599954,75,76,ADAPTED_SPHERICAL_KS_WORKFLOW_REPRODUCTION
5.9095818482159384e-05,vel1,-0.0001477697634847438,102.27008686386948,194.6529775527125,12,-8.867394500258443e-05,HIGHER_RES_SAMPLING_REFERENCE,96,7,0.9999398253317224,0.01139568324599954,75,76,ADAPTED_SPHERICAL_KS_WORKFLOW_REPRODUCTION
0.0,vel1,0.006066269715802264,1.1225854340129873,2.1402642060118655,16,0.006066269715802264,HIGHER_RES_SAMPLING_REFERENCE,128,0,1.0000000000000002,0.0,75,76,ADAPTED_SPHERICAL_KS_WORKFLOW_REPRODUCTION
0.0,vel1,0.004226371300092069,2.1402642060118655,4.080518713983782,16,0.004226371300092069,HIGHER_RES_SAMPLING_REFERENCE,128,1,1.0000000000000002,0.0,75,76,ADAPTED_SPHERICAL_KS_WORKFLOW_REPRODUCTION
0.0,vel1,0.0009260317950747776,4.080518713983782,7.779709125817875,16,0.0009260317950747776,HIGHER_RES_SAMPLING_REFERENCE,128,2,1.0000000000000002,0.0,75,76,ADAPTED_SPHERICAL_KS_WORKFLOW_REPRODUCTION
0.0,vel1,0.0001073628035328511,7.779709125817875,14.832397134933096,16,0.0001073628035328511,HIGHER_RES_SAMPLING_REFERENCE,128,3,1.0000000000000002,0.0,75,76,ADAPTED_SPHERICAL_KS_WORKFLOW_REPRODUCTION
0.0,vel1,-0.0007363906814346066,14.832397134933096,28.278692841905322,16,-0.0007363906814346066,HIGHER_RES_SAMPLING_REFERENCE,128,4,1.0000000000000002,0.0,75,76,ADAPTED_SPHERICAL_KS_WORKFLOW_REPRODUCTION
0.0,vel1,-0.00014951439688193346,28.278692841905322,53.91471530676722,16,-0.00014951439688193346,HIGHER_RES_SAMPLING_REFERENCE,128,5,1.0000000000000002,0.0,75,76,ADAPTED_SPHERICAL_KS_WORKFLOW_REPRODUCTION
0.0,vel1,-7.414300133179452e-06,53.91471530676722,102.79104988552615,16,-7.414300133179452e-06,HIGHER_RES_SAMPLING_REFERENCE,128,6,1.0000000000000002,0.0,75,76,ADAPTED_SPHERICAL_KS_WORKFLOW_REPRODUCTION
0.0,vel1,-0.00013342203482125115,102.79104988552615,195.97617972105846,16,-0.00013342203482125115,HIGHER_RES_SAMPLING_REFERENCE,128,7,1.0000000000000002,0.0,75,76,ADAPTED_SPHERICAL_KS_WORKFLOW_REPRODUCTION
1.2852389018824795e-05,vel2,-6.731229960976748e-06,1.1456345721309733,2.1731385678184307,8,6.121159057848047e-06,HIGHER_RES_SAMPLING_REFERENCE,64,0,-0.9021571456201041,1.9305938211091642,75,76,ADAPTED_SPHERICAL_KS_WORKFLOW_REPRODUCTION
1.684275451996342e-06,vel2,-6.210947436358083e-07,2.1731385678184307,4.122196859122056,8,1.0631807083605338e-06,HIGHER_RES_SAMPLING_REFERENCE,64,1,-0.9021571456201041,1.9305938211091642,75,76,ADAPTED_SPHERICAL_KS_WORKFLOW_REPRODUCTION
2.393856057381072e-06,vel2,-1.762291788609538e-07,4.122196859122056,7.819338903185626,8,-2.5700852362420257e-06,HIGHER_RES_SAMPLING_REFERENCE,64,2,-0.9021571456201041,1.9305938211091642,75,76,ADAPTED_SPHERICAL_KS_WORKFLOW_REPRODUCTION
2.571138984580612e-06,vel2,-7.59647998366253e-07,7.819338903185626,14.832397134933096,8,1.8114909862143591e-06,HIGHER_RES_SAMPLING_REFERENCE,64,3,-0.9021571456201041,1.9305938211091642,75,76,ADAPTED_SPHERICAL_KS_WORKFLOW_REPRODUCTION
4.2307696551668883e-07,vel2,-3.0327941721863816e-07,14.832397134933096,28.135371479901284,8,1.1979754829805067e-07,HIGHER_RES_SAMPLING_REFERENCE,64,4,-0.9021571456201041,1.9305938211091642,75,76,ADAPTED_SPHERICAL_KS_WORKFLOW_REPRODUCTION
5.877669431164634e-07,vel2,4.2485307069628497e-07,28.135371479901284,53.36960176502269,8,-1.629138724201784e-07,HIGHER_RES_SAMPLING_REFERENCE,64,5,-0.9021571456201041,1.9305938211091642,75,76,ADAPTED_SPHERICAL_KS_WORKFLOW_REPRODUCTION
1.0385198361169412e-07,vel2,-5.414277578531801e-08,53.36960176502269,101.23606843406442,8,4.970920782637611e-08,HIGHER_RES_SAMPLING_REFERENCE,64,6,-0.9021571456201041,1.9305938211091642,75,76,ADAPTED_SPHERICAL_KS_WORKFLOW_REPRODUCTION
1.0198951499312825e-07,vel2,-1.1997646870778866e-08,101.23606843406442,192.03331509030292,8,8.999186812234938e-08,HIGHER_RES_SAMPLING_REFERENCE,64,7,-0.9021571456201041,1.9305938211091642,75,76,ADAPTED_SPHERICAL_KS_WORKFLOW_REPRODUCTION
1.0898886695332311e-05,vel2,5.449521178017373e-06,1.1302164885137453,2.1511666951179094,12,-5.449365517314938e-06,HIGHER_RES_SAMPLING_REFERENCE,96,0,-0.9839691922753634,1.9828457899763345,75,76,ADAPTED_SPHERICAL_KS_WORKFLOW_REPRODUCTION
1.8995745678980541e-06,vel2,-9.864176600476387e-07,2.1511666951179094,4.094364395859927,12,9.131569078504155e-07,HIGHER_RES_SAMPLING_REFERENCE,96,1,-0.9839691922753634,1.9828457899763345,75,76,ADAPTED_SPHERICAL_KS_WORKFLOW_REPRODUCTION
7.106976733372715e-07,vel2,1.4091856119862273e-07,4.094364395859927,7.792896684450838,12,8.516162345358943e-07,HIGHER_RES_SAMPLING_REFERENCE,96,2,-0.9839691922753634,1.9828457899763345,75,76,ADAPTED_SPHERICAL_KS_WORKFLOW_REPRODUCTION
9.572077044328609e-07,vel2,5.159908235521206e-07,7.792896684450838,14.832397134933096,12,-4.412168808807402e-07,HIGHER_RES_SAMPLING_REFERENCE,96,3,-0.9839691922753634,1.9828457899763345,75,76,ADAPTED_SPHERICAL_KS_WORKFLOW_REPRODUCTION
8.764194474597531e-07,vel2,3.914695436784215e-07,14.832397134933096,28.23083811791544,12,-4.849499037813316e-07,HIGHER_RES_SAMPLING_REFERENCE,96,4,-0.9839691922753634,1.9828457899763345,75,76,ADAPTED_SPHERICAL_KS_WORKFLOW_REPRODUCTION
5.576890462601738e-08,vel2,4.605093195664267e-09,28.23083811791544,53.73239494531252,12,6.037399782168165e-08,HIGHER_RES_SAMPLING_REFERENCE,96,5,-0.9839691922753634,1.9828457899763345,75,76,ADAPTED_SPHERICAL_KS_WORKFLOW_REPRODUCTION
3.672662129972082e-08,vel2,2.5654434358761363e-08,53.73239494531252,102.27008686386948,12,-1.1072186940959458e-08,HIGHER_RES_SAMPLING_REFERENCE,96,6,-0.9839691922753634,1.9828457899763345,75,76,ADAPTED_SPHERICAL_KS_WORKFLOW_REPRODUCTION
1.4572052728838325e-08,vel2,-1.1589610942149936e-08,102.27008686386948,194.6529775527125,12,2.9824417866883897e-09,HIGHER_RES_SAMPLING_REFERENCE,96,7,-0.9839691922753634,1.9828457899763345,75,76,ADAPTED_SPHERICAL_KS_WORKFLOW_REPRODUCTION
0.0,vel2,3.2233803626269264e-08,1.1225854340129873,2.1402642060118655,16,3.2233803626269264e-08,HIGHER_RES_SAMPLING_REFERENCE,128,0,1.0,0.0,75,76,ADAPTED_SPHERICAL_KS_WORKFLOW_REPRODUCTION
0.0,vel2,5.037819494901896e-09,2.1402642060118655,4.080518713983782,16,5.037819494901896e-09,HIGHER_RES_SAMPLING_REFERENCE,128,1,1.0,0.0,75,76,ADAPTED_SPHERICAL_KS_WORKFLOW_REPRODUCTION
0.0,vel2,6.031155297403501e-10,4.080518713983782,7.779709125817875,16,6.031155297403501e-10,HIGHER_RES_SAMPLING_REFERENCE,128,2,1.0,0.0,75,76,ADAPTED_SPHERICAL_KS_WORKFLOW_REPRODUCTION
0.0,vel2,1.3760111279570442e-10,7.779709125817875,14.832397134933096,16,1.3760111279570442e-10,HIGHER_RES_SAMPLING_REFERENCE,128,3,1.0,0.0,75,76,ADAPTED_SPHERICAL_KS_WORKFLOW_REPRODUCTION
0.0,vel2,9.05458520661373e-10,14.832397134933096,28.278692841905322,16,9.05458520661373e-10,HIGHER_RES_SAMPLING_REFERENCE,128,4,1.0,0.0,75,76,ADAPTED_SPHERICAL_KS_WORKFLOW_REPRODUCTION
0.0,vel2,5.175034684806734e-08,28.278692841905322,53.91471530676722,16,5.175034684806734e-08,HIGHER_RES_SAMPLING_REFERENCE,128,5,1.0,0.0,75,76,ADAPTED_SPHERICAL_KS_WORKFLOW_REPRODUCTION
0.0,vel2,5.433095745868699e-09,53.91471530676722,102.79104988552615,16,5.433095745868699e-09,HIGHER_RES_SAMPLING_REFERENCE,128,6,1.0,0.0,75,76,ADAPTED_SPHERICAL_KS_WORKFLOW_REPRODUCTION
0.0,vel2,9.489002111295083e-08,102.79104988552615,195.97617972105846,16,9.489002111295083e-08,HIGHER_RES_SAMPLING_REFERENCE,128,7,1.0,0.0,75,76,ADAPTED_SPHERICAL_KS_WORKFLOW_REPRODUCTION
5.9064779179607285e-05,vel3,0.007387411989611792,1.1456345721309733,2.1731385678184307,8,0.0073283472104321845,HIGHER_RES_SAMPLING_REFERENCE,64,0,0.999918293595207,0.01278513384615828,75,76,ADAPTED_SPHERICAL_KS_WORKFLOW_REPRODUCTION
9.126971499995307e-05,vel3,0.004358811500287274,2.1731385678184307,4.122196859122056,8,0.004450081215287227,HIGHER_RES_SAMPLING_REFERENCE,64,1,0.999918293595207,0.01278513384615828,75,76,ADAPTED_SPHERICAL_KS_WORKFLOW_REPRODUCTION
2.6551435090227393e-05,vel3,0.0017061989531617083,4.122196859122056,7.819338903185626,8,0.0017327503882519357,HIGHER_RES_SAMPLING_REFERENCE,64,2,0.999918293595207,0.01278513384615828,75,76,ADAPTED_SPHERICAL_KS_WORKFLOW_REPRODUCTION
5.841602771505805e-06,vel3,0.0007746889340886076,7.819338903185626,14.832397134933096,8,0.0007805305368601134,HIGHER_RES_SAMPLING_REFERENCE,64,3,0.999918293595207,0.01278513384615828,75,76,ADAPTED_SPHERICAL_KS_WORKFLOW_REPRODUCTION
6.063537719924739e-06,vel3,0.0006215502419397723,14.832397134933096,28.135371479901284,8,0.000627613779659697,HIGHER_RES_SAMPLING_REFERENCE,64,4,0.999918293595207,0.01278513384615828,75,76,ADAPTED_SPHERICAL_KS_WORKFLOW_REPRODUCTION
7.915457956642058e-06,vel3,0.00030430020666605273,28.135371479901284,53.36960176502269,8,0.0003122156646226948,HIGHER_RES_SAMPLING_REFERENCE,64,5,0.999918293595207,0.01278513384615828,75,76,ADAPTED_SPHERICAL_KS_WORKFLOW_REPRODUCTION
4.182761389540102e-06,vel3,0.0001490804480175495,53.36960176502269,101.23606843406442,8,0.0001532632094070896,HIGHER_RES_SAMPLING_REFERENCE,64,6,0.999918293595207,0.01278513384615828,75,76,ADAPTED_SPHERICAL_KS_WORKFLOW_REPRODUCTION
3.937632244488398e-06,vel3,4.220577665159375e-05,101.23606843406442,192.03331509030292,8,3.826814440710535e-05,HIGHER_RES_SAMPLING_REFERENCE,64,7,0.999918293595207,0.01278513384615828,75,76,ADAPTED_SPHERICAL_KS_WORKFLOW_REPRODUCTION
3.878459891118978e-05,vel3,0.007297466496412299,1.1302164885137453,2.1511666951179094,12,0.007336251095323489,HIGHER_RES_SAMPLING_REFERENCE,96,0,0.9999995845716608,0.00517800549985363,75,76,ADAPTED_SPHERICAL_KS_WORKFLOW_REPRODUCTION
1.955507655550942e-05,vel3,0.004359538565990062,2.1511666951179094,4.094364395859927,12,0.004379093642545571,HIGHER_RES_SAMPLING_REFERENCE,96,1,0.9999995845716608,0.00517800549985363,75,76,ADAPTED_SPHERICAL_KS_WORKFLOW_REPRODUCTION
1.2831659465475324e-05,vel3,0.001696946365619008,4.094364395859927,7.792896684450838,12,0.0017097780250844832,HIGHER_RES_SAMPLING_REFERENCE,96,2,0.9999995845716608,0.00517800549985363,75,76,ADAPTED_SPHERICAL_KS_WORKFLOW_REPRODUCTION
2.1841346613456778e-06,vel3,0.0007709637282246914,7.792896684450838,14.832397134933096,12,0.0007731478628860371,HIGHER_RES_SAMPLING_REFERENCE,96,3,0.9999995845716608,0.00517800549985363,75,76,ADAPTED_SPHERICAL_KS_WORKFLOW_REPRODUCTION
1.8050304804420776e-06,vel3,0.0006234024043899817,14.832397134933096,28.23083811791544,12,0.0006215973739095396,HIGHER_RES_SAMPLING_REFERENCE,96,4,0.9999995845716608,0.00517800549985363,75,76,ADAPTED_SPHERICAL_KS_WORKFLOW_REPRODUCTION
7.228179985087563e-07,vel3,0.0003001481724755319,28.23083811791544,53.73239494531252,12,0.00030087099047404063,HIGHER_RES_SAMPLING_REFERENCE,96,5,0.9999995845716608,0.00517800549985363,75,76,ADAPTED_SPHERICAL_KS_WORKFLOW_REPRODUCTION
1.1580260907397217e-06,vel3,0.00015091671238287173,53.73239494531252,102.27008686386948,12,0.000149758686292132,HIGHER_RES_SAMPLING_REFERENCE,96,6,0.9999995845716608,0.00517800549985363,75,76,ADAPTED_SPHERICAL_KS_WORKFLOW_REPRODUCTION
1.9554199350435095e-06,vel3,4.0959262047802056e-05,102.27008686386948,194.6529775527125,12,3.9003842112758546e-05,HIGHER_RES_SAMPLING_REFERENCE,96,7,0.9999995845716608,0.00517800549985363,75,76,ADAPTED_SPHERICAL_KS_WORKFLOW_REPRODUCTION
0.0,vel3,0.007314361450823981,1.1225854340129873,2.1402642060118655,16,0.007314361450823981,HIGHER_RES_SAMPLING_REFERENCE,128,0,1.0,0.0,75,76,ADAPTED_SPHERICAL_KS_WORKFLOW_REPRODUCTION
0.0,vel3,0.004338413747374759,2.1402642060118655,4.080518713983782,16,0.004338413747374759,HIGHER_RES_SAMPLING_REFERENCE,128,1,1.0,0.0,75,76,ADAPTED_SPHERICAL_KS_WORKFLOW_REPRODUCTION
0.0,vel3,0.0016876020341470288,4.080518713983782,7.779709125817875,16,0.0016876020341470288,HIGHER_RES_SAMPLING_REFERENCE,128,2,1.0,0.0,75,76,ADAPTED_SPHERICAL_KS_WORKFLOW_REPRODUCTION
0.0,vel3,0.0007704590794668786,7.779709125817875,14.832397134933096,16,0.0007704590794668786,HIGHER_RES_SAMPLING_REFERENCE,128,3,1.0,0.0,75,76,ADAPTED_SPHERICAL_KS_WORKFLOW_REPRODUCTION
0.0,vel3,0.0006211140696921191,14.832397134933096,28.278692841905322,16,0.0006211140696921191,HIGHER_RES_SAMPLING_REFERENCE,128,4,1.0,0.0,75,76,ADAPTED_SPHERICAL_KS_WORKFLOW_REPRODUCTION
0.0,vel3,0.00029881491685213035,28.278692841905322,53.91471530676722,16,0.00029881491685213035,HIGHER_RES_SAMPLING_REFERENCE,128,5,1.0,0.0,75,76,ADAPTED_SPHERICAL_KS_WORKFLOW_REPRODUCTION
0.0,vel3,0.00014860226123138143,53.91471530676722,102.79104988552615,16,0.00014860226123138143,HIGHER_RES_SAMPLING_REFERENCE,128,6,1.0,0.0,75,76,ADAPTED_SPHERICAL_KS_WORKFLOW_REPRODUCTION
0.0,vel3,4.107214988840341e-05,102.79104988552615,195.97617972105846,16,4.107214988840341e-05,HIGHER_RES_SAMPLING_REFERENCE,128,7,1.0,0.0,75,76,ADAPTED_SPHERICAL_KS_WORKFLOW_REPRODUCTION
0.0023217684611154255,Bcc1,-0.0012776360927091446,1.1456345721309733,2.1731385678184307,8,0.0010441323684062809,HIGHER_RES_SAMPLING_REFERENCE,64,0,-0.9987257792153005,2.225399974075508,100,101,ADAPTED_SPHERICAL_KS_WORKFLOW_REPRODUCTION
0.0005884381444047904,Bcc1,-0.000314522795179073,2.1731385678184307,4.122196859122056,8,0.00027391534922571736,HIGHER_RES_SAMPLING_REFERENCE,64,1,-0.9987257792153005,2.225399974075508,100,101,ADAPTED_SPHERICAL_KS_WORKFLOW_REPRODUCTION
0.00013221126584994636,Bcc1,-9.656636393629014e-05,4.122196859122056,7.819338903185626,8,3.564490191365621e-05,HIGHER_RES_SAMPLING_REFERENCE,64,2,-0.9987257792153005,2.225399974075508,100,101,ADAPTED_SPHERICAL_KS_WORKFLOW_REPRODUCTION
0.0002021656534907379,Bcc1,-0.00012558678372442955,7.819338903185626,14.832397134933096,8,7.657886976630834e-05,HIGHER_RES_SAMPLING_REFERENCE,64,3,-0.9987257792153005,2.225399974075508,100,101,ADAPTED_SPHERICAL_KS_WORKFLOW_REPRODUCTION
0.0005656296867755373,Bcc1,-0.0003167615456902695,14.832397134933096,28.135371479901284,8,0.0002488681410852678,HIGHER_RES_SAMPLING_REFERENCE,64,4,-0.9987257792153005,2.225399974075508,100,101,ADAPTED_SPHERICAL_KS_WORKFLOW_REPRODUCTION
5.183385886198266e-05,Bcc1,-2.0442164043288358e-05,28.135371479901284,53.36960176502269,8,3.1391694818694305e-05,HIGHER_RES_SAMPLING_REFERENCE,64,5,-0.9987257792153005,2.225399974075508,100,101,ADAPTED_SPHERICAL_KS_WORKFLOW_REPRODUCTION
1.9697008499353075e-05,Bcc1,-9.300928297761857e-06,53.36960176502269,101.23606843406442,8,1.0396080201591218e-05,HIGHER_RES_SAMPLING_REFERENCE,64,6,-0.9987257792153005,2.225399974075508,100,101,ADAPTED_SPHERICAL_KS_WORKFLOW_REPRODUCTION
1.875057364375543e-06,Bcc1,-9.316326162744915e-07,101.23606843406442,192.03331509030292,8,9.434247481010516e-07,HIGHER_RES_SAMPLING_REFERENCE,64,7,-0.9987257792153005,2.225399974075508,100,101,ADAPTED_SPHERICAL_KS_WORKFLOW_REPRODUCTION
0.0015265315461739967,Bcc1,-0.0008883912841729061,1.1302164885137453,2.1511666951179094,12,0.0006381402620010906,HIGHER_RES_SAMPLING_REFERENCE,96,0,-0.9987162003821267,2.3892601836444705,100,101,ADAPTED_SPHERICAL_KS_WORKFLOW_REPRODUCTION
0.000235455970849014,Bcc1,-0.00014439987326450473,2.1511666951179094,4.094364395859927,12,9.105609758450926e-05,HIGHER_RES_SAMPLING_REFERENCE,96,1,-0.9987162003821267,2.3892601836444705,100,101,ADAPTED_SPHERICAL_KS_WORKFLOW_REPRODUCTION
4.735952138111719e-06,Bcc1,4.298110946331656e-06,4.094364395859927,7.792896684450838,12,-4.3784119178006355e-07,HIGHER_RES_SAMPLING_REFERENCE,96,2,-0.9987162003821267,2.3892601836444705,100,101,ADAPTED_SPHERICAL_KS_WORKFLOW_REPRODUCTION
7.505546052386678e-05,Bcc1,-3.386298858795608e-05,7.792896684450838,14.832397134933096,12,4.11924719359107e-05,HIGHER_RES_SAMPLING_REFERENCE,96,3,-0.9987162003821267,2.3892601836444705,100,101,ADAPTED_SPHERICAL_KS_WORKFLOW_REPRODUCTION
0.00010070852359031387,Bcc1,-4.550021916176977e-05,14.832397134933096,28.23083811791544,12,5.520830442854411e-05,HIGHER_RES_SAMPLING_REFERENCE,96,4,-0.9987162003821267,2.3892601836444705,100,101,ADAPTED_SPHERICAL_KS_WORKFLOW_REPRODUCTION
7.330548106875978e-05,Bcc1,-3.6257770603840445e-05,28.23083811791544,53.73239494531252,12,3.704771046491934e-05,HIGHER_RES_SAMPLING_REFERENCE,96,5,-0.9987162003821267,2.3892601836444705,100,101,ADAPTED_SPHERICAL_KS_WORKFLOW_REPRODUCTION
1.9311074696856976e-06,Bcc1,-1.6594736400505823e-06,53.73239494531252,102.27008686386948,12,2.716338296351153e-07,HIGHER_RES_SAMPLING_REFERENCE,96,6,-0.9987162003821267,2.3892601836444705,100,101,ADAPTED_SPHERICAL_KS_WORKFLOW_REPRODUCTION
1.0556086105228957e-07,Bcc1,-3.828184307289554e-07,102.27008686386948,194.6529775527125,12,-4.88379291781245e-07,HIGHER_RES_SAMPLING_REFERENCE,96,7,-0.9987162003821267,2.3892601836444705,100,101,ADAPTED_SPHERICAL_KS_WORKFLOW_REPRODUCTION
0.0,Bcc1,-0.0001501848078078183,1.1225854340129873,2.1402642060118655,16,-0.0001501848078078183,HIGHER_RES_SAMPLING_REFERENCE,128,0,1.0,0.0,100,101,ADAPTED_SPHERICAL_KS_WORKFLOW_REPRODUCTION
0.0,Bcc1,-1.7571757325640647e-05,2.1402642060118655,4.080518713983782,16,-1.7571757325640647e-05,HIGHER_RES_SAMPLING_REFERENCE,128,1,1.0,0.0,100,101,ADAPTED_SPHERICAL_KS_WORKFLOW_REPRODUCTION
0.0,Bcc1,1.4741642928584042e-06,4.080518713983782,7.779709125817875,16,1.4741642928584042e-06,HIGHER_RES_SAMPLING_REFERENCE,128,2,1.0,0.0,100,101,ADAPTED_SPHERICAL_KS_WORKFLOW_REPRODUCTION
0.0,Bcc1,-3.8084638731561427e-06,7.779709125817875,14.832397134933096,16,-3.8084638731561427e-06,HIGHER_RES_SAMPLING_REFERENCE,128,3,1.0,0.0,100,101,ADAPTED_SPHERICAL_KS_WORKFLOW_REPRODUCTION
0.0,Bcc1,-4.2944586198245815e-07,14.832397134933096,28.278692841905322,16,-4.2944586198245815e-07,HIGHER_RES_SAMPLING_REFERENCE,128,4,1.0,0.0,100,101,ADAPTED_SPHERICAL_KS_WORKFLOW_REPRODUCTION
0.0,Bcc1,-2.551020163998885e-06,28.278692841905322,53.91471530676722,16,-2.551020163998885e-06,HIGHER_RES_SAMPLING_REFERENCE,128,5,1.0,0.0,100,101,ADAPTED_SPHERICAL_KS_WORKFLOW_REPRODUCTION
0.0,Bcc1,-2.355929729080941e-06,53.91471530676722,102.79104988552615,16,-2.355929729080941e-06,HIGHER_RES_SAMPLING_REFERENCE,128,6,1.0,0.0,100,101,ADAPTED_SPHERICAL_KS_WORKFLOW_REPRODUCTION
0.0,Bcc1,-1.325129605059261e-06,102.79104988552615,195.97617972105846,16,-1.325129605059261e-06,HIGHER_RES_SAMPLING_REFERENCE,128,7,1.0,0.0,100,101,ADAPTED_SPHERICAL_KS_WORKFLOW_REPRODUCTION
0.0030864517372766187,Bcc2,0.01622736867250474,1.1456345721309733,2.1731385678184307,8,0.019313820409781357,HIGHER_RES_SAMPLING_REFERENCE,64,0,0.999965246351256,0.15940927389672868,100,101,ADAPTED_SPHERICAL_KS_WORKFLOW_REPRODUCTION
0.00013019635062505586,Bcc2,0.0014196536689397021,2.1731385678184307,4.122196859122056,8,0.001549850019564758,HIGHER_RES_SAMPLING_REFERENCE,64,1,0.999965246351256,0.15940927389672868,100,101,ADAPTED_SPHERICAL_KS_WORKFLOW_REPRODUCTION
2.345988905805285e-06,Bcc2,5.788234482206889e-05,4.122196859122056,7.819338903185626,8,6.022833372787417e-05,HIGHER_RES_SAMPLING_REFERENCE,64,2,0.999965246351256,0.15940927389672868,100,101,ADAPTED_SPHERICAL_KS_WORKFLOW_REPRODUCTION
1.2209229165893731e-05,Bcc2,-0.00036520709160026144,7.819338903185626,14.832397134933096,8,-0.0003529978624343677,HIGHER_RES_SAMPLING_REFERENCE,64,3,0.999965246351256,0.15940927389672868,100,101,ADAPTED_SPHERICAL_KS_WORKFLOW_REPRODUCTION
9.998208325800832e-06,Bcc2,-4.22317287834071e-05,14.832397134933096,28.135371479901284,8,-5.222993710920793e-05,HIGHER_RES_SAMPLING_REFERENCE,64,4,0.999965246351256,0.15940927389672868,100,101,ADAPTED_SPHERICAL_KS_WORKFLOW_REPRODUCTION
2.9351003782811247e-08,Bcc2,5.681941611706577e-06,28.135371479901284,53.36960176502269,8,5.711292615489388e-06,HIGHER_RES_SAMPLING_REFERENCE,64,5,0.999965246351256,0.15940927389672868,100,101,ADAPTED_SPHERICAL_KS_WORKFLOW_REPRODUCTION
3.4704050847893806e-07,Bcc2,1.9375829410587923e-06,53.36960176502269,101.23606843406442,8,2.2846234495377303e-06,HIGHER_RES_SAMPLING_REFERENCE,64,6,0.999965246351256,0.15940927389672868,100,101,ADAPTED_SPHERICAL_KS_WORKFLOW_REPRODUCTION
1.972486036969258e-09,Bcc2,-1.126380948531823e-08,101.23606843406442,192.03331509030292,8,-9.291323448348972e-09,HIGHER_RES_SAMPLING_REFERENCE,64,7,0.999965246351256,0.15940927389672868,100,101,ADAPTED_SPHERICAL_KS_WORKFLOW_REPRODUCTION
0.0006127157670734774,Bcc2,0.017564889849243974,1.1302164885137453,2.1511666951179094,12,0.01817760561631745,HIGHER_RES_SAMPLING_REFERENCE,96,0,0.9999981424606443,0.033825614268183424,100,101,ADAPTED_SPHERICAL_KS_WORKFLOW_REPRODUCTION
6.990443982496592e-05,Bcc2,0.001414881533300358,2.1511666951179094,4.094364395859927,12,0.001484785973125324,HIGHER_RES_SAMPLING_REFERENCE,96,1,0.9999981424606443,0.033825614268183424,100,101,ADAPTED_SPHERICAL_KS_WORKFLOW_REPRODUCTION
2.0186040750968673e-05,Bcc2,7.255949315797415e-05,4.094364395859927,7.792896684450838,12,5.237345240700548e-05,HIGHER_RES_SAMPLING_REFERENCE,96,2,0.9999981424606443,0.033825614268183424,100,101,ADAPTED_SPHERICAL_KS_WORKFLOW_REPRODUCTION
4.663269075317006e-06,Bcc2,-0.0003618182724670997,7.792896684450838,14.832397134933096,12,-0.0003571550033917827,HIGHER_RES_SAMPLING_REFERENCE,96,3,0.9999981424606443,0.033825614268183424,100,101,ADAPTED_SPHERICAL_KS_WORKFLOW_REPRODUCTION
7.115382188757247e-07,Bcc2,-4.0587435997592626e-05,14.832397134933096,28.23083811791544,12,-4.129897421646835e-05,HIGHER_RES_SAMPLING_REFERENCE,96,4,0.9999981424606443,0.033825614268183424,100,101,ADAPTED_SPHERICAL_KS_WORKFLOW_REPRODUCTION
1.0093367299352001e-07,Bcc2,5.400192563680591e-06,28.23083811791544,53.73239494531252,12,5.299258890687071e-06,HIGHER_RES_SAMPLING_REFERENCE,96,5,0.9999981424606443,0.033825614268183424,100,101,ADAPTED_SPHERICAL_KS_WORKFLOW_REPRODUCTION
1.2311296583341991e-07,Bcc2,1.9890070099938583e-06,53.73239494531252,102.27008686386948,12,2.1121199758272782e-06,HIGHER_RES_SAMPLING_REFERENCE,96,6,0.9999981424606443,0.033825614268183424,100,101,ADAPTED_SPHERICAL_KS_WORKFLOW_REPRODUCTION
1.6515054590267135e-09,Bcc2,-1.2040897862006538e-08,102.27008686386948,194.6529775527125,12,-1.0389392402979824e-08,HIGHER_RES_SAMPLING_REFERENCE,96,7,0.9999981424606443,0.033825614268183424,100,101,ADAPTED_SPHERICAL_KS_WORKFLOW_REPRODUCTION
0.0,Bcc2,0.017364241699521443,1.1225854340129873,2.1402642060118655,16,0.017364241699521443,HIGHER_RES_SAMPLING_REFERENCE,128,0,1.0,0.0,100,101,ADAPTED_SPHERICAL_KS_WORKFLOW_REPRODUCTION
0.0,Bcc2,0.0014357652523054876,2.1402642060118655,4.080518713983782,16,0.0014357652523054876,HIGHER_RES_SAMPLING_REFERENCE,128,1,1.0,0.0,100,101,ADAPTED_SPHERICAL_KS_WORKFLOW_REPRODUCTION
0.0,Bcc2,5.4961703333633594e-05,4.080518713983782,7.779709125817875,16,5.4961703333633594e-05,HIGHER_RES_SAMPLING_REFERENCE,128,2,1.0,0.0,100,101,ADAPTED_SPHERICAL_KS_WORKFLOW_REPRODUCTION
0.0,Bcc2,-0.00036063005604825005,7.779709125817875,14.832397134933096,16,-0.00036063005604825005,HIGHER_RES_SAMPLING_REFERENCE,128,3,1.0,0.0,100,101,ADAPTED_SPHERICAL_KS_WORKFLOW_REPRODUCTION
0.0,Bcc2,-3.645362937586684e-05,14.832397134933096,28.278692841905322,16,-3.645362937586684e-05,HIGHER_RES_SAMPLING_REFERENCE,128,4,1.0,0.0,100,101,ADAPTED_SPHERICAL_KS_WORKFLOW_REPRODUCTION
0.0,Bcc2,5.421698831431834e-06,28.278692841905322,53.91471530676722,16,5.421698831431834e-06,HIGHER_RES_SAMPLING_REFERENCE,128,5,1.0,0.0,100,101,ADAPTED_SPHERICAL_KS_WORKFLOW_REPRODUCTION
0.0,Bcc2,2.005299762699931e-06,53.91471530676722,102.79104988552615,16,2.005299762699931e-06,HIGHER_RES_SAMPLING_REFERENCE,128,6,1.0,0.0,100,101,ADAPTED_SPHERICAL_KS_WORKFLOW_REPRODUCTION
0.0,Bcc2,-9.215064562431003e-09,102.79104988552615,195.97617972105846,16,-9.215064562431003e-09,HIGHER_RES_SAMPLING_REFERENCE,128,7,1.0,0.0,100,101,ADAPTED_SPHERICAL_KS_WORKFLOW_REPRODUCTION
0.011381565339434019,Bcc3,-0.01967622125539492,1.1456345721309733,2.1731385678184307,8,-0.03105778659482894,HIGHER_RES_SAMPLING_REFERENCE,64,0,0.9987669390763898,0.36694785722672435,100,101,ADAPTED_SPHERICAL_KS_WORKFLOW_REPRODUCTION
0.0006630495410036019,Bcc3,0.0015061111276963857,2.1731385678184307,4.122196859122056,8,0.0008430615866927837,HIGHER_RES_SAMPLING_REFERENCE,64,1,0.9987669390763898,0.36694785722672435,100,101,ADAPTED_SPHERICAL_KS_WORKFLOW_REPRODUCTION
1.4304265164355456e-05,Bcc3,-0.00029924334300801547,4.122196859122056,7.819338903185626,8,-0.00031354760817237093,HIGHER_RES_SAMPLING_REFERENCE,64,2,0.9987669390763898,0.36694785722672435,100,101,ADAPTED_SPHERICAL_KS_WORKFLOW_REPRODUCTION
7.857971090174942e-05,Bcc3,3.4751809124600186e-05,7.819338903185626,14.832397134933096,8,0.00011333152002634961,HIGHER_RES_SAMPLING_REFERENCE,64,3,0.9987669390763898,0.36694785722672435,100,101,ADAPTED_SPHERICAL_KS_WORKFLOW_REPRODUCTION
8.297198459983335e-05,Bcc3,3.464954112653018e-05,14.832397134933096,28.135371479901284,8,-4.832244347330317e-05,HIGHER_RES_SAMPLING_REFERENCE,64,4,0.9987669390763898,0.36694785722672435,100,101,ADAPTED_SPHERICAL_KS_WORKFLOW_REPRODUCTION
1.692589797519517e-05,Bcc3,8.633583934880562e-06,28.135371479901284,53.36960176502269,8,-8.292314040314608e-06,HIGHER_RES_SAMPLING_REFERENCE,64,5,0.9987669390763898,0.36694785722672435,100,101,ADAPTED_SPHERICAL_KS_WORKFLOW_REPRODUCTION
1.6726395033490188e-06,Bcc3,7.90142638614974e-07,53.36960176502269,101.23606843406442,8,-8.824968647340448e-07,HIGHER_RES_SAMPLING_REFERENCE,64,6,0.9987669390763898,0.36694785722672435,100,101,ADAPTED_SPHERICAL_KS_WORKFLOW_REPRODUCTION
8.377054509416462e-07,Bcc3,4.081260773381584e-07,101.23606843406442,192.03331509030292,8,-4.295793736034878e-07,HIGHER_RES_SAMPLING_REFERENCE,64,7,0.9987669390763898,0.36694785722672435,100,101,ADAPTED_SPHERICAL_KS_WORKFLOW_REPRODUCTION
0.009084319396977122,Bcc3,-0.02155036502059644,1.1302164885137453,2.1511666951179094,12,-0.03063468441757356,HIGHER_RES_SAMPLING_REFERENCE,96,0,0.9994978452862802,0.29660352635781095,100,101,ADAPTED_SPHERICAL_KS_WORKFLOW_REPRODUCTION
0.00035017849485383416,Bcc3,0.0013874789571707003,2.1511666951179094,4.094364395859927,12,0.0010373004623168661,HIGHER_RES_SAMPLING_REFERENCE,96,1,0.9994978452862802,0.29660352635781095,100,101,ADAPTED_SPHERICAL_KS_WORKFLOW_REPRODUCTION
0.00011362416919972156,Bcc3,-0.0003581212691533101,4.094364395859927,7.792896684450838,12,-0.0002444970999535885,HIGHER_RES_SAMPLING_REFERENCE,96,2,0.9994978452862802,0.29660352635781095,100,101,ADAPTED_SPHERICAL_KS_WORKFLOW_REPRODUCTION
2.7858543731966695e-06,Bcc3,6.833838140904745e-05,7.792896684450838,14.832397134933096,12,7.112423578224412e-05,HIGHER_RES_SAMPLING_REFERENCE,96,3,0.9994978452862802,0.29660352635781095,100,101,ADAPTED_SPHERICAL_KS_WORKFLOW_REPRODUCTION
4.111160615902118e-05,Bcc3,1.7218727670880258e-05,14.832397134933096,28.23083811791544,12,-2.3892878488140923e-05,HIGHER_RES_SAMPLING_REFERENCE,96,4,0.9994978452862802,0.29660352635781095,100,101,ADAPTED_SPHERICAL_KS_WORKFLOW_REPRODUCTION
1.3268194236867766e-05,Bcc3,6.1758394647171144e-06,28.23083811791544,53.73239494531252,12,-7.092354772150652e-06,HIGHER_RES_SAMPLING_REFERENCE,96,5,0.9994978452862802,0.29660352635781095,100,101,ADAPTED_SPHERICAL_KS_WORKFLOW_REPRODUCTION
2.0928997695447136e-06,Bcc3,8.503314074452385e-07,53.73239494531252,102.27008686386948,12,-1.2425683620994753e-06,HIGHER_RES_SAMPLING_REFERENCE,96,6,0.9994978452862802,0.29660352635781095,100,101,ADAPTED_SPHERICAL_KS_WORKFLOW_REPRODUCTION
4.584274999383147e-08,Bcc3,1.0800700561996802e-07,102.27008686386948,194.6529775527125,12,6.216425562613655e-08,HIGHER_RES_SAMPLING_REFERENCE,96,7,0.9994978452862802,0.29660352635781095,100,101,ADAPTED_SPHERICAL_KS_WORKFLOW_REPRODUCTION
0.0,Bcc3,-0.02522715870804859,1.1225854340129873,2.1402642060118655,16,-0.02522715870804859,HIGHER_RES_SAMPLING_REFERENCE,128,0,1.0000000000000002,0.0,100,101,ADAPTED_SPHERICAL_KS_WORKFLOW_REPRODUCTION
0.0,Bcc3,0.0010765643296508642,2.1402642060118655,4.080518713983782,16,0.0010765643296508642,HIGHER_RES_SAMPLING_REFERENCE,128,1,1.0000000000000002,0.0,100,101,ADAPTED_SPHERICAL_KS_WORKFLOW_REPRODUCTION
0.0,Bcc3,-0.00029036707971741293,4.080518713983782,7.779709125817875,16,-0.00029036707971741293,HIGHER_RES_SAMPLING_REFERENCE,128,2,1.0000000000000002,0.0,100,101,ADAPTED_SPHERICAL_KS_WORKFLOW_REPRODUCTION
0.0,Bcc3,6.816493748740271e-05,7.779709125817875,14.832397134933096,16,6.816493748740271e-05,HIGHER_RES_SAMPLING_REFERENCE,128,3,1.0000000000000002,0.0,100,101,ADAPTED_SPHERICAL_KS_WORKFLOW_REPRODUCTION
0.0,Bcc3,-3.0095104031069297e-06,14.832397134933096,28.278692841905322,16,-3.0095104031069297e-06,HIGHER_RES_SAMPLING_REFERENCE,128,4,1.0000000000000002,0.0,100,101,ADAPTED_SPHERICAL_KS_WORKFLOW_REPRODUCTION
0.0,Bcc3,-9.223856123341534e-10,28.278692841905322,53.91471530676722,16,-9.223856123341534e-10,HIGHER_RES_SAMPLING_REFERENCE,128,5,1.0000000000000002,0.0,100,101,ADAPTED_SPHERICAL_KS_WORKFLOW_REPRODUCTION
0.0,Bcc3,6.498808825545349e-08,53.91471530676722,102.79104988552615,16,6.498808825545349e-08,HIGHER_RES_SAMPLING_REFERENCE,128,6,1.0000000000000002,0.0,100,101,ADAPTED_SPHERICAL_KS_WORKFLOW_REPRODUCTION
0.0,Bcc3,3.35216963122777e-07,102.79104988552615,195.97617972105846,16,3.35216963122777e-07,HIGHER_RES_SAMPLING_REFERENCE,128,7,1.0000000000000002,0.0,100,101,ADAPTED_SPHERICAL_KS_WORKFLOW_REPRODUCTION
0.0016413595099038503,rho,-0.03436374209809401,1.1456345721309733,2.1731385678184307,8,-0.03272238258819016,HIGHER_RES_SAMPLING_REFERENCE,64,0,0.9993835470657161,0.038795031607011546,100,101,ADAPTED_SPHERICAL_KS_WORKFLOW_REPRODUCTION
9.939819574356079e-05,rho,-0.02979157627027007,2.1731385678184307,4.122196859122056,8,-0.02989097446601363,HIGHER_RES_SAMPLING_REFERENCE,64,1,0.9993835470657161,0.038795031607011546,100,101,ADAPTED_SPHERICAL_KS_WORKFLOW_REPRODUCTION
0.0008042664955993928,rho,-0.017462260235241445,4.122196859122056,7.819338903185626,8,-0.018266526730840837,HIGHER_RES_SAMPLING_REFERENCE,64,2,0.9993835470657161,0.038795031607011546,100,101,ADAPTED_SPHERICAL_KS_WORKFLOW_REPRODUCTION
4.719478120041032e-05,rho,0.0009605691588472354,7.819338903185626,14.832397134933096,8,0.000913374377646825,HIGHER_RES_SAMPLING_REFERENCE,64,3,0.9993835470657161,0.038795031607011546,100,101,ADAPTED_SPHERICAL_KS_WORKFLOW_REPRODUCTION
0.00018680068285559237,rho,-0.0017383742941909919,14.832397134933096,28.135371479901284,8,-0.0019251749770465842,HIGHER_RES_SAMPLING_REFERENCE,64,4,0.9993835470657161,0.038795031607011546,100,101,ADAPTED_SPHERICAL_KS_WORKFLOW_REPRODUCTION
0.00019946168722834168,rho,0.0025038531205185954,28.135371479901284,53.36960176502269,8,0.002703314807746937,HIGHER_RES_SAMPLING_REFERENCE,64,5,0.9993835470657161,0.038795031607011546,100,101,ADAPTED_SPHERICAL_KS_WORKFLOW_REPRODUCTION
0.0002210010820089814,rho,-0.0005432185699067726,53.36960176502269,101.23606843406442,8,-0.00032221748789779125,HIGHER_RES_SAMPLING_REFERENCE,64,6,0.9993835470657161,0.038795031607011546,100,101,ADAPTED_SPHERICAL_KS_WORKFLOW_REPRODUCTION
6.518762848961579e-09,rho,0.0002504916130374041,101.23606843406442,192.03331509030292,8,0.0002504850942745551,HIGHER_RES_SAMPLING_REFERENCE,64,7,0.9993835470657161,0.038795031607011546,100,101,ADAPTED_SPHERICAL_KS_WORKFLOW_REPRODUCTION
0.0007998705730440439,rho,-0.03373526540417515,1.1302164885137453,2.1511666951179094,12,-0.03293539483113111,HIGHER_RES_SAMPLING_REFERENCE,96,0,0.9998452505341586,0.019867187904614635,100,101,ADAPTED_SPHERICAL_KS_WORKFLOW_REPRODUCTION
2.418757015187206e-06,rho,-0.02897698354819635,2.1511666951179094,4.094364395859927,12,-0.028979402305211538,HIGHER_RES_SAMPLING_REFERENCE,96,1,0.9998452505341586,0.019867187904614635,100,101,ADAPTED_SPHERICAL_KS_WORKFLOW_REPRODUCTION
0.00034286910154803646,rho,-0.016641867951945086,4.094364395859927,7.792896684450838,12,-0.016984737053493123,HIGHER_RES_SAMPLING_REFERENCE,96,2,0.9998452505341586,0.019867187904614635,100,101,ADAPTED_SPHERICAL_KS_WORKFLOW_REPRODUCTION
2.3505946733092908e-05,rho,0.0007582468208390217,7.792896684450838,14.832397134933096,12,0.0007817527675721146,HIGHER_RES_SAMPLING_REFERENCE,96,3,0.9998452505341586,0.019867187904614635,100,101,ADAPTED_SPHERICAL_KS_WORKFLOW_REPRODUCTION
3.820294792110119e-05,rho,-0.0015436071405096352,14.832397134933096,28.23083811791544,12,-0.0015818100884307364,HIGHER_RES_SAMPLING_REFERENCE,96,4,0.9998452505341586,0.019867187904614635,100,101,ADAPTED_SPHERICAL_KS_WORKFLOW_REPRODUCTION
0.00023495871145189865,rho,0.0024302282903170516,28.23083811791544,53.73239494531252,12,0.0026651870017689503,HIGHER_RES_SAMPLING_REFERENCE,96,5,0.9998452505341586,0.019867187904614635,100,101,ADAPTED_SPHERICAL_KS_WORKFLOW_REPRODUCTION
0.00024825105529462874,rho,-0.0005737114995485131,53.73239494531252,102.27008686386948,12,-0.00032546044425388435,HIGHER_RES_SAMPLING_REFERENCE,96,6,0.9998452505341586,0.019867187904614635,100,101,ADAPTED_SPHERICAL_KS_WORKFLOW_REPRODUCTION
3.7241444840329806e-05,rho,0.00028136356075290247,102.27008686386948,194.6529775527125,12,0.00024412211591257266,HIGHER_RES_SAMPLING_REFERENCE,96,7,0.9998452505341586,0.019867187904614635,100,101,ADAPTED_SPHERICAL_KS_WORKFLOW_REPRODUCTION
0.0,rho,-0.03315914320137381,1.1225854340129873,2.1402642060118655,16,-0.03315914320137381,HIGHER_RES_SAMPLING_REFERENCE,128,0,1.0,0.0,100,101,ADAPTED_SPHERICAL_KS_WORKFLOW_REPRODUCTION
0.0,rho,-0.029799374355047092,2.1402642060118655,4.080518713983782,16,-0.029799374355047092,HIGHER_RES_SAMPLING_REFERENCE,128,1,1.0,0.0,100,101,ADAPTED_SPHERICAL_KS_WORKFLOW_REPRODUCTION
0.0,rho,-0.01743896302943604,4.080518713983782,7.779709125817875,16,-0.01743896302943604,HIGHER_RES_SAMPLING_REFERENCE,128,2,1.0,0.0,100,101,ADAPTED_SPHERICAL_KS_WORKFLOW_REPRODUCTION
0.0,rho,0.000963852020928746,7.779709125817875,14.832397134933096,16,0.000963852020928746,HIGHER_RES_SAMPLING_REFERENCE,128,3,1.0,0.0,100,101,ADAPTED_SPHERICAL_KS_WORKFLOW_REPRODUCTION
0.0,rho,-0.0016891936068298419,14.832397134933096,28.278692841905322,16,-0.0016891936068298419,HIGHER_RES_SAMPLING_REFERENCE,128,4,1.0,0.0,100,101,ADAPTED_SPHERICAL_KS_WORKFLOW_REPRODUCTION
0.0,rho,0.002506527910639017,28.278692841905322,53.91471530676722,16,0.002506527910639017,HIGHER_RES_SAMPLING_REFERENCE,128,5,1.0,0.0,100,101,ADAPTED_SPHERICAL_KS_WORKFLOW_REPRODUCTION
0.0,rho,-0.000355164336602605,53.91471530676722,102.79104988552615,16,-0.000355164336602605,HIGHER_RES_SAMPLING_REFERENCE,128,6,1.0,0.0,100,101,ADAPTED_SPHERICAL_KS_WORKFLOW_REPRODUCTION
0.0,rho,0.00023847327938934446,102.79104988552615,195.97617972105846,16,0.00023847327938934446,HIGHER_RES_SAMPLING_REFERENCE,128,7,1.0,0.0,100,101,ADAPTED_SPHERICAL_KS_WORKFLOW_REPRODUCTION
0.004820220929595109,press,0.030817550896593104,1.1456345721309733,2.1731385678184307,8,0.035637771826188214,HIGHER_RES_SAMPLING_REFERENCE,64,0,0.9999978595857794,0.1351903801487271,100,101,ADAPTED_SPHERICAL_KS_WORKFLOW_REPRODUCTION
0.00014550004940971917,press,0.0014003013524677144,2.1731385678184307,4.122196859122056,8,0.0015458014018774335,HIGHER_RES_SAMPLING_REFERENCE,64,1,0.9999978595857794,0.1351903801487271,100,101,ADAPTED_SPHERICAL_KS_WORKFLOW_REPRODUCTION
1.3207506222023824e-06,press,-2.733993806569579e-05,4.122196859122056,7.819338903185626,8,-2.6019187443493408e-05,HIGHER_RES_SAMPLING_REFERENCE,64,2,0.9999978595857794,0.1351903801487271,100,101,ADAPTED_SPHERICAL_KS_WORKFLOW_REPRODUCTION
4.3730711471456907e-07,press,-2.563881156047998e-05,7.819338903185626,14.832397134933096,8,-2.520150444576541e-05,HIGHER_RES_SAMPLING_REFERENCE,64,3,0.9999978595857794,0.1351903801487271,100,101,ADAPTED_SPHERICAL_KS_WORKFLOW_REPRODUCTION
2.4153365529855364e-07,press,-4.926929053426787e-06,14.832397134933096,28.135371479901284,8,-4.685395398128234e-06,HIGHER_RES_SAMPLING_REFERENCE,64,4,0.9999978595857794,0.1351903801487271,100,101,ADAPTED_SPHERICAL_KS_WORKFLOW_REPRODUCTION
5.68735336489018e-07,press,7.047102824474238e-06,28.135371479901284,53.36960176502269,8,7.615838160963256e-06,HIGHER_RES_SAMPLING_REFERENCE,64,5,0.9999978595857794,0.1351903801487271,100,101,ADAPTED_SPHERICAL_KS_WORKFLOW_REPRODUCTION
3.412121578234839e-07,press,-7.353892823554545e-07,53.36960176502269,101.23606843406442,8,-3.9417712453197057e-07,HIGHER_RES_SAMPLING_REFERENCE,64,6,0.9999978595857794,0.1351903801487271,100,101,ADAPTED_SPHERICAL_KS_WORKFLOW_REPRODUCTION
5.068212683301959e-10,press,3.3051079678181675e-07,101.23606843406442,192.03331509030292,8,3.3101761805014694e-07,HIGHER_RES_SAMPLING_REFERENCE,64,7,0.9999978595857794,0.1351903801487271,100,101,ADAPTED_SPHERICAL_KS_WORKFLOW_REPRODUCTION
0.0011695957112707392,press,0.03347989637402891,1.1302164885137453,2.1511666951179094,12,0.034649492085299646,HIGHER_RES_SAMPLING_REFERENCE,96,0,0.9999995202256488,0.03381078061776721,100,101,ADAPTED_SPHERICAL_KS_WORKFLOW_REPRODUCTION
8.540985298592608e-05,press,0.0014744179199381703,2.1511666951179094,4.094364395859927,12,0.0015598277729240964,HIGHER_RES_SAMPLING_REFERENCE,96,1,0.9999995202256488,0.03381078061776721,100,101,ADAPTED_SPHERICAL_KS_WORKFLOW_REPRODUCTION
2.5337185521026277e-06,press,-1.161782311769415e-05,4.094364395859927,7.792896684450838,12,-1.4151541669796777e-05,HIGHER_RES_SAMPLING_REFERENCE,96,2,0.9999995202256488,0.03381078061776721,100,101,ADAPTED_SPHERICAL_KS_WORKFLOW_REPRODUCTION
2.547337943791157e-07,press,-2.7933326398215603e-05,7.792896684450838,14.832397134933096,12,-2.7678592603836487e-05,HIGHER_RES_SAMPLING_REFERENCE,96,3,0.9999995202256488,0.03381078061776721,100,101,ADAPTED_SPHERICAL_KS_WORKFLOW_REPRODUCTION
9.495370409724808e-07,press,-1.560301260809753e-06,14.832397134933096,28.23083811791544,12,-6.107642198372721e-07,HIGHER_RES_SAMPLING_REFERENCE,96,4,0.9999995202256488,0.03381078061776721,100,101,ADAPTED_SPHERICAL_KS_WORKFLOW_REPRODUCTION
3.427148621981261e-07,press,7.10557114907253e-06,28.23083811791544,53.73239494531252,12,7.448286011270656e-06,HIGHER_RES_SAMPLING_REFERENCE,96,5,0.9999995202256488,0.03381078061776721,100,101,ADAPTED_SPHERICAL_KS_WORKFLOW_REPRODUCTION
3.75966492294879e-07,press,-7.760021486607935e-07,53.73239494531252,102.27008686386948,12,-4.000356563659145e-07,HIGHER_RES_SAMPLING_REFERENCE,96,6,0.9999995202256488,0.03381078061776721,100,101,ADAPTED_SPHERICAL_KS_WORKFLOW_REPRODUCTION
5.34888182291297e-08,press,3.74464432655016e-07,102.27008686386948,194.6529775527125,12,3.209756144258863e-07,HIGHER_RES_SAMPLING_REFERENCE,96,7,0.9999995202256488,0.03381078061776721,100,101,ADAPTED_SPHERICAL_KS_WORKFLOW_REPRODUCTION
0.0,press,0.032142122105502935,1.1225854340129873,2.1402642060118655,16,0.032142122105502935,HIGHER_RES_SAMPLING_REFERENCE,128,0,0.9999999999999998,0.0,100,101,ADAPTED_SPHERICAL_KS_WORKFLOW_REPRODUCTION
0.0,press,0.0014083406243561303,2.1402642060118655,4.080518713983782,16,0.0014083406243561303,HIGHER_RES_SAMPLING_REFERENCE,128,1,0.9999999999999998,0.0,100,101,ADAPTED_SPHERICAL_KS_WORKFLOW_REPRODUCTION
0.0,press,-2.6354354092983368e-05,4.080518713983782,7.779709125817875,16,-2.6354354092983368e-05,HIGHER_RES_SAMPLING_REFERENCE,128,2,0.9999999999999998,0.0,100,101,ADAPTED_SPHERICAL_KS_WORKFLOW_REPRODUCTION
0.0,press,-2.5185376688025007e-05,7.779709125817875,14.832397134933096,16,-2.5185376688025007e-05,HIGHER_RES_SAMPLING_REFERENCE,128,3,0.9999999999999998,0.0,100,101,ADAPTED_SPHERICAL_KS_WORKFLOW_REPRODUCTION
0.0,press,-4.111187043296868e-06,14.832397134933096,28.278692841905322,16,-4.111187043296868e-06,HIGHER_RES_SAMPLING_REFERENCE,128,4,0.9999999999999998,0.0,100,101,ADAPTED_SPHERICAL_KS_WORKFLOW_REPRODUCTION
0.0,press,6.982395518719767e-06,28.278692841905322,53.91471530676722,16,6.982395518719767e-06,HIGHER_RES_SAMPLING_REFERENCE,128,5,0.9999999999999998,0.0,100,101,ADAPTED_SPHERICAL_KS_WORKFLOW_REPRODUCTION
0.0,press,-4.5590424168793706e-07,53.91471530676722,102.79104988552615,16,-4.5590424168793706e-07,HIGHER_RES_SAMPLING_REFERENCE,128,6,0.9999999999999998,0.0,100,101,ADAPTED_SPHERICAL_KS_WORKFLOW_REPRODUCTION
0.0,press,3.183932140470632e-07,102.79104988552615,195.97617972105846,16,3.183932140470632e-07,HIGHER_RES_SAMPLING_REFERENCE,128,7,0.9999999999999998,0.0,100,101,ADAPTED_SPHERICAL_KS_WORKFLOW_REPRODUCTION
0.00038811983245068404,vel1,0.0029420040073091513,1.1456345721309733,2.1731385678184307,8,0.0025538841748584673,HIGHER_RES_SAMPLING_REFERENCE,64,0,0.998940213035278,0.05197069358957184,100,101,ADAPTED_SPHERICAL_KS_WORKFLOW_REPRODUCTION
0.00037848232796022785,vel1,0.010538947563190959,2.1731385678184307,4.122196859122056,8,0.010160465235230731,HIGHER_RES_SAMPLING_REFERENCE,64,1,0.998940213035278,0.05197069358957184,100,101,ADAPTED_SPHERICAL_KS_WORKFLOW_REPRODUCTION
0.00019150961657032894,vel1,0.020205347957016784,4.122196859122056,7.819338903185626,8,0.020013838340446455,HIGHER_RES_SAMPLING_REFERENCE,64,2,0.998940213035278,0.05197069358957184,100,101,ADAPTED_SPHERICAL_KS_WORKFLOW_REPRODUCTION
0.000994438915995488,vel1,0.018036886904610583,7.819338903185626,14.832397134933096,8,0.01903132582060607,HIGHER_RES_SAMPLING_REFERENCE,64,3,0.998940213035278,0.05197069358957184,100,101,ADAPTED_SPHERICAL_KS_WORKFLOW_REPRODUCTION
0.0012157257562463997,vel1,-0.013153914997793947,14.832397134933096,28.135371479901284,8,-0.014369640754040347,HIGHER_RES_SAMPLING_REFERENCE,64,4,0.998940213035278,0.05197069358957184,100,101,ADAPTED_SPHERICAL_KS_WORKFLOW_REPRODUCTION
0.0008404347265607015,vel1,0.04872238856455802,28.135371479901284,53.36960176502269,8,0.047881953837997315,HIGHER_RES_SAMPLING_REFERENCE,64,5,0.998940213035278,0.05197069358957184,100,101,ADAPTED_SPHERICAL_KS_WORKFLOW_REPRODUCTION
0.0033800966561639,vel1,0.04288038857476195,53.36960176502269,101.23606843406442,8,0.04626048523092585,HIGHER_RES_SAMPLING_REFERENCE,64,6,0.998940213035278,0.05197069358957184,100,101,ADAPTED_SPHERICAL_KS_WORKFLOW_REPRODUCTION
0.0002820923814397247,vel1,0.006426829850113336,101.23606843406442,192.03331509030292,8,0.0067089222315530606,HIGHER_RES_SAMPLING_REFERENCE,64,7,0.998940213035278,0.05197069358957184,100,101,ADAPTED_SPHERICAL_KS_WORKFLOW_REPRODUCTION
7.496060239915378e-05,vel1,0.0027593519115288036,1.1302164885137453,2.1511666951179094,12,0.0028343125139279573,HIGHER_RES_SAMPLING_REFERENCE,96,0,0.9999091514737468,0.026305758074479324,100,101,ADAPTED_SPHERICAL_KS_WORKFLOW_REPRODUCTION
0.00012618292913867991,vel1,0.01048180326974775,2.1511666951179094,4.094364395859927,12,0.01035562034060907,HIGHER_RES_SAMPLING_REFERENCE,96,1,0.9999091514737468,0.026305758074479324,100,101,ADAPTED_SPHERICAL_KS_WORKFLOW_REPRODUCTION
1.2993112384854233e-05,vel1,0.02018637053178854,4.094364395859927,7.792896684450838,12,0.020173377419403685,HIGHER_RES_SAMPLING_REFERENCE,96,2,0.9999091514737468,0.026305758074479324,100,101,ADAPTED_SPHERICAL_KS_WORKFLOW_REPRODUCTION
0.0004585272281811166,vel1,0.018093458556028997,7.792896684450838,14.832397134933096,12,0.018551985784210114,HIGHER_RES_SAMPLING_REFERENCE,96,3,0.9999091514737468,0.026305758074479324,100,101,ADAPTED_SPHERICAL_KS_WORKFLOW_REPRODUCTION
0.0006229688385259481,vel1,-0.013605561107856037,14.832397134933096,28.23083811791544,12,-0.014228529946381985,HIGHER_RES_SAMPLING_REFERENCE,96,4,0.9999091514737468,0.026305758074479324,100,101,ADAPTED_SPHERICAL_KS_WORKFLOW_REPRODUCTION
0.0007606274756313328,vel1,0.04887560732629113,28.23083811791544,53.73239494531252,12,0.04963623480192246,HIGHER_RES_SAMPLING_REFERENCE,96,5,0.9999091514737468,0.026305758074479324,100,101,ADAPTED_SPHERICAL_KS_WORKFLOW_REPRODUCTION
0.0016349343335904237,vel1,0.04332495519185115,53.73239494531252,102.27008686386948,12,0.044959889525441575,HIGHER_RES_SAMPLING_REFERENCE,96,6,0.9999091514737468,0.026305758074479324,100,101,ADAPTED_SPHERICAL_KS_WORKFLOW_REPRODUCTION
2.0348316091392538e-05,vel1,0.006418476197613591,102.27008686386948,194.6529775527125,12,0.006438824513704983,HIGHER_RES_SAMPLING_REFERENCE,96,7,0.9999091514737468,0.026305758074479324,100,101,ADAPTED_SPHERICAL_KS_WORKFLOW_REPRODUCTION
0.0,vel1,0.0028536622518231525,1.1225854340129873,2.1402642060118655,16,0.0028536622518231525,HIGHER_RES_SAMPLING_REFERENCE,128,0,1.0,0.0,100,101,ADAPTED_SPHERICAL_KS_WORKFLOW_REPRODUCTION
0.0,vel1,0.010468750170844032,2.1402642060118655,4.080518713983782,16,0.010468750170844032,HIGHER_RES_SAMPLING_REFERENCE,128,1,1.0,0.0,100,101,ADAPTED_SPHERICAL_KS_WORKFLOW_REPRODUCTION
0.0,vel1,0.02025043486020195,4.080518713983782,7.779709125817875,16,0.02025043486020195,HIGHER_RES_SAMPLING_REFERENCE,128,2,1.0,0.0,100,101,ADAPTED_SPHERICAL_KS_WORKFLOW_REPRODUCTION
0.0,vel1,0.01844744336474946,7.779709125817875,14.832397134933096,16,0.01844744336474946,HIGHER_RES_SAMPLING_REFERENCE,128,3,1.0,0.0,100,101,ADAPTED_SPHERICAL_KS_WORKFLOW_REPRODUCTION
0.0,vel1,-0.013640315694528837,14.832397134933096,28.278692841905322,16,-0.013640315694528837,HIGHER_RES_SAMPLING_REFERENCE,128,4,1.0,0.0,100,101,ADAPTED_SPHERICAL_KS_WORKFLOW_REPRODUCTION
0.0,vel1,0.050081832972241,28.278692841905322,53.91471530676722,16,0.050081832972241,HIGHER_RES_SAMPLING_REFERENCE,128,5,1.0,0.0,100,101,ADAPTED_SPHERICAL_KS_WORKFLOW_REPRODUCTION
0.0,vel1,0.04401060186340455,53.91471530676722,102.79104988552615,16,0.04401060186340455,HIGHER_RES_SAMPLING_REFERENCE,128,6,1.0,0.0,100,101,ADAPTED_SPHERICAL_KS_WORKFLOW_REPRODUCTION
0.0,vel1,0.006362940634147662,102.79104988552615,195.97617972105846,16,0.006362940634147662,HIGHER_RES_SAMPLING_REFERENCE,128,7,1.0,0.0,100,101,ADAPTED_SPHERICAL_KS_WORKFLOW_REPRODUCTION
1.0321129757295822e-05,vel2,-1.8985164262907972e-06,1.1456345721309733,2.1731385678184307,8,8.422613331005024e-06,HIGHER_RES_SAMPLING_REFERENCE,64,0,0.10535519506764032,1.3968242569779752,100,101,ADAPTED_SPHERICAL_KS_WORKFLOW_REPRODUCTION
5.879692576482576e-06,vel2,5.0822210622136765e-06,2.1731385678184307,4.122196859122056,8,-7.974715142688993e-07,HIGHER_RES_SAMPLING_REFERENCE,64,1,0.10535519506764032,1.3968242569779752,100,101,ADAPTED_SPHERICAL_KS_WORKFLOW_REPRODUCTION
3.2836588319540283e-06,vel2,-5.749130962087734e-06,4.122196859122056,7.819338903185626,8,-9.032789794041762e-06,HIGHER_RES_SAMPLING_REFERENCE,64,2,0.10535519506764032,1.3968242569779752,100,101,ADAPTED_SPHERICAL_KS_WORKFLOW_REPRODUCTION
5.222743105513794e-06,vel2,1.7824214316980447e-05,7.819338903185626,14.832397134933096,8,1.2601471211466653e-05,HIGHER_RES_SAMPLING_REFERENCE,64,3,0.10535519506764032,1.3968242569779752,100,101,ADAPTED_SPHERICAL_KS_WORKFLOW_REPRODUCTION
2.7991314608399875e-05,vel2,1.4639956528395004e-05,14.832397134933096,28.135371479901284,8,-1.3351358080004871e-05,HIGHER_RES_SAMPLING_REFERENCE,64,4,0.10535519506764032,1.3968242569779752,100,101,ADAPTED_SPHERICAL_KS_WORKFLOW_REPRODUCTION
4.474731736751891e-06,vel2,7.534822201588076e-07,28.135371479901284,53.36960176502269,8,-3.7212495165930837e-06,HIGHER_RES_SAMPLING_REFERENCE,64,5,0.10535519506764032,1.3968242569779752,100,101,ADAPTED_SPHERICAL_KS_WORKFLOW_REPRODUCTION
1.3390022413212188e-06,vel2,-5.666537992304876e-07,53.36960176502269,101.23606843406442,8,7.723484420907312e-07,HIGHER_RES_SAMPLING_REFERENCE,64,6,0.10535519506764032,1.3968242569779752,100,101,ADAPTED_SPHERICAL_KS_WORKFLOW_REPRODUCTION
4.485702569390071e-07,vel2,3.454780665213854e-07,101.23606843406442,192.03331509030292,8,-1.0309219041762172e-07,HIGHER_RES_SAMPLING_REFERENCE,64,7,0.10535519506764032,1.3968242569779752,100,101,ADAPTED_SPHERICAL_KS_WORKFLOW_REPRODUCTION
2.7274603015346475e-05,vel2,1.9293275889161783e-05,1.1302164885137453,2.1511666951179094,12,-7.981327126184692e-06,HIGHER_RES_SAMPLING_REFERENCE,96,0,0.1897326120516143,1.4917545826112248,100,101,ADAPTED_SPHERICAL_KS_WORKFLOW_REPRODUCTION
5.410539634509848e-06,vel2,5.304930496589459e-06,2.1511666951179094,4.094364395859927,12,-1.0560913792038944e-07,HIGHER_RES_SAMPLING_REFERENCE,96,1,0.1897326120516143,1.4917545826112248,100,101,ADAPTED_SPHERICAL_KS_WORKFLOW_REPRODUCTION
2.0147543034497183e-06,vel2,-1.4454782534388275e-05,4.094364395859927,7.792896684450838,12,-1.2440028230938557e-05,HIGHER_RES_SAMPLING_REFERENCE,96,2,0.1897326120516143,1.4917545826112248,100,101,ADAPTED_SPHERICAL_KS_WORKFLOW_REPRODUCTION
1.3836543420135633e-06,vel2,1.1681939232656682e-05,7.792896684450838,14.832397134933096,12,1.3065593574670245e-05,HIGHER_RES_SAMPLING_REFERENCE,96,3,0.1897326120516143,1.4917545826112248,100,101,ADAPTED_SPHERICAL_KS_WORKFLOW_REPRODUCTION
1.2205415476989961e-05,vel2,-6.277119307895873e-06,14.832397134933096,28.23083811791544,12,5.928296169094088e-06,HIGHER_RES_SAMPLING_REFERENCE,96,4,0.1897326120516143,1.4917545826112248,100,101,ADAPTED_SPHERICAL_KS_WORKFLOW_REPRODUCTION
9.596179109482736e-06,vel2,-3.7792753118533555e-06,28.23083811791544,53.73239494531252,12,5.816903797629381e-06,HIGHER_RES_SAMPLING_REFERENCE,96,5,0.1897326120516143,1.4917545826112248,100,101,ADAPTED_SPHERICAL_KS_WORKFLOW_REPRODUCTION
3.7040065950511014e-06,vel2,1.1865652920957832e-06,53.73239494531252,102.27008686386948,12,-2.517441302955318e-06,HIGHER_RES_SAMPLING_REFERENCE,96,6,0.1897326120516143,1.4917545826112248,100,101,ADAPTED_SPHERICAL_KS_WORKFLOW_REPRODUCTION
3.7155567015074946e-07,vel2,5.869275360980327e-08,102.27008686386948,194.6529775527125,12,4.302484237605527e-07,HIGHER_RES_SAMPLING_REFERENCE,96,7,0.1897326120516143,1.4917545826112248,100,101,ADAPTED_SPHERICAL_KS_WORKFLOW_REPRODUCTION
0.0,vel2,4.558407927179875e-06,1.1225854340129873,2.1402642060118655,16,4.558407927179875e-06,HIGHER_RES_SAMPLING_REFERENCE,128,0,1.0,0.0,100,101,ADAPTED_SPHERICAL_KS_WORKFLOW_REPRODUCTION
0.0,vel2,3.1645679878233857e-06,2.1402642060118655,4.080518713983782,16,3.1645679878233857e-06,HIGHER_RES_SAMPLING_REFERENCE,128,1,1.0,0.0,100,101,ADAPTED_SPHERICAL_KS_WORKFLOW_REPRODUCTION
0.0,vel2,-1.2455840133492047e-05,4.080518713983782,7.779709125817875,16,-1.2455840133492047e-05,HIGHER_RES_SAMPLING_REFERENCE,128,2,1.0,0.0,100,101,ADAPTED_SPHERICAL_KS_WORKFLOW_REPRODUCTION
0.0,vel2,1.3367252576506825e-05,7.779709125817875,14.832397134933096,16,1.3367252576506825e-05,HIGHER_RES_SAMPLING_REFERENCE,128,3,1.0,0.0,100,101,ADAPTED_SPHERICAL_KS_WORKFLOW_REPRODUCTION
0.0,vel2,1.397377079048745e-07,14.832397134933096,28.278692841905322,16,1.397377079048745e-07,HIGHER_RES_SAMPLING_REFERENCE,128,4,1.0,0.0,100,101,ADAPTED_SPHERICAL_KS_WORKFLOW_REPRODUCTION
0.0,vel2,4.623916406883144e-07,28.278692841905322,53.91471530676722,16,4.623916406883144e-07,HIGHER_RES_SAMPLING_REFERENCE,128,5,1.0,0.0,100,101,ADAPTED_SPHERICAL_KS_WORKFLOW_REPRODUCTION
0.0,vel2,-1.814568739086364e-06,53.91471530676722,102.79104988552615,16,-1.814568739086364e-06,HIGHER_RES_SAMPLING_REFERENCE,128,6,1.0,0.0,100,101,ADAPTED_SPHERICAL_KS_WORKFLOW_REPRODUCTION
0.0,vel2,3.7297782341707414e-07,102.79104988552615,195.97617972105846,16,3.7297782341707414e-07,HIGHER_RES_SAMPLING_REFERENCE,128,7,1.0,0.0,100,101,ADAPTED_SPHERICAL_KS_WORKFLOW_REPRODUCTION
0.0003829227835012716,vel3,-0.007870218238167581,1.1456345721309733,2.1731385678184307,8,-0.008253141021668853,HIGHER_RES_SAMPLING_REFERENCE,64,0,0.999647019144156,0.04949888279949121,100,101,ADAPTED_SPHERICAL_KS_WORKFLOW_REPRODUCTION
1.4928250493539963e-05,vel3,-0.003136348185762472,2.1731385678184307,4.122196859122056,8,-0.003151276436256012,HIGHER_RES_SAMPLING_REFERENCE,64,1,0.999647019144156,0.04949888279949121,100,101,ADAPTED_SPHERICAL_KS_WORKFLOW_REPRODUCTION
0.00016772794629105192,vel3,-0.0029587530950720975,4.122196859122056,7.819338903185626,8,-0.0031264810413631494,HIGHER_RES_SAMPLING_REFERENCE,64,2,0.999647019144156,0.04949888279949121,100,101,ADAPTED_SPHERICAL_KS_WORKFLOW_REPRODUCTION
0.0001449305735263806,vel3,0.0005868352308482372,7.819338903185626,14.832397134933096,8,0.0004419046573218566,HIGHER_RES_SAMPLING_REFERENCE,64,3,0.999647019144156,0.04949888279949121,100,101,ADAPTED_SPHERICAL_KS_WORKFLOW_REPRODUCTION
0.00011569466829541852,vel3,0.00046274727417028316,14.832397134933096,28.135371479901284,8,0.0005784419424657017,HIGHER_RES_SAMPLING_REFERENCE,64,4,0.999647019144156,0.04949888279949121,100,101,ADAPTED_SPHERICAL_KS_WORKFLOW_REPRODUCTION
6.315184985794531e-05,vel3,0.00020975474573958763,28.135371479901284,53.36960176502269,8,0.00014660289588164233,HIGHER_RES_SAMPLING_REFERENCE,64,5,0.999647019144156,0.04949888279949121,100,101,ADAPTED_SPHERICAL_KS_WORKFLOW_REPRODUCTION
6.584676918208743e-05,vel3,0.0006745333802342657,53.36960176502269,101.23606843406442,8,0.0007403801494163531,HIGHER_RES_SAMPLING_REFERENCE,64,6,0.999647019144156,0.04949888279949121,100,101,ADAPTED_SPHERICAL_KS_WORKFLOW_REPRODUCTION
1.396722749191781e-05,vel3,9.64541823478271e-05,101.23606843406442,192.03331509030292,8,0.00011042140983974491,HIGHER_RES_SAMPLING_REFERENCE,64,7,0.999647019144156,0.04949888279949121,100,101,ADAPTED_SPHERICAL_KS_WORKFLOW_REPRODUCTION
1.573986999035132e-05,vel3,-0.007964216463194505,1.1302164885137453,2.1511666951179094,12,-0.007948476593204154,HIGHER_RES_SAMPLING_REFERENCE,96,0,0.9998843844769623,0.015887323073129966,100,101,ADAPTED_SPHERICAL_KS_WORKFLOW_REPRODUCTION
0.0001246788094620031,vel3,-0.0030919541632438603,2.1511666951179094,4.094364395859927,12,-0.0032166329727058634,HIGHER_RES_SAMPLING_REFERENCE,96,1,0.9998843844769623,0.015887323073129966,100,101,ADAPTED_SPHERICAL_KS_WORKFLOW_REPRODUCTION
4.548443117797715e-05,vel3,-0.0029323151413202003,4.094364395859927,7.792896684450838,12,-0.0029777995724981775,HIGHER_RES_SAMPLING_REFERENCE,96,2,0.9998843844769623,0.015887323073129966,100,101,ADAPTED_SPHERICAL_KS_WORKFLOW_REPRODUCTION
3.8957635650957705e-05,vel3,0.0005879278646716557,7.792896684450838,14.832397134933096,12,0.000548970229020698,HIGHER_RES_SAMPLING_REFERENCE,96,3,0.9998843844769623,0.015887323073129966,100,101,ADAPTED_SPHERICAL_KS_WORKFLOW_REPRODUCTION
3.5035575916919236e-05,vel3,0.00045784931414463817,14.832397134933096,28.23083811791544,12,0.0004928848900615574,HIGHER_RES_SAMPLING_REFERENCE,96,4,0.9998843844769623,0.015887323073129966,100,101,ADAPTED_SPHERICAL_KS_WORKFLOW_REPRODUCTION
8.0638389876926e-06,vel3,0.0002254264042667947,28.23083811791544,53.73239494531252,12,0.0002173625652791021,HIGHER_RES_SAMPLING_REFERENCE,96,5,0.9998843844769623,0.015887323073129966,100,101,ADAPTED_SPHERICAL_KS_WORKFLOW_REPRODUCTION
5.054180534174411e-07,vel3,0.0006824922547684344,53.73239494531252,102.27008686386948,12,0.0006819868367150169,HIGHER_RES_SAMPLING_REFERENCE,96,6,0.9998843844769623,0.015887323073129966,100,101,ADAPTED_SPHERICAL_KS_WORKFLOW_REPRODUCTION
1.982949840174376e-05,vel3,0.00010791177245558267,102.27008686386948,194.6529775527125,12,8.808227405383891e-05,HIGHER_RES_SAMPLING_REFERENCE,96,7,0.9998843844769623,0.015887323073129966,100,101,ADAPTED_SPHERICAL_KS_WORKFLOW_REPRODUCTION
0.0,vel3,-0.007875778233255915,1.1225854340129873,2.1402642060118655,16,-0.007875778233255915,HIGHER_RES_SAMPLING_REFERENCE,128,0,1.0,0.0,100,101,ADAPTED_SPHERICAL_KS_WORKFLOW_REPRODUCTION
0.0,vel3,-0.0032085401880408426,2.1402642060118655,4.080518713983782,16,-0.0032085401880408426,HIGHER_RES_SAMPLING_REFERENCE,128,1,1.0,0.0,100,101,ADAPTED_SPHERICAL_KS_WORKFLOW_REPRODUCTION
0.0,vel3,-0.0029681083553043663,4.080518713983782,7.779709125817875,16,-0.0029681083553043663,HIGHER_RES_SAMPLING_REFERENCE,128,2,1.0,0.0,100,101,ADAPTED_SPHERICAL_KS_WORKFLOW_REPRODUCTION
0.0,vel3,0.0005325224872976264,7.779709125817875,14.832397134933096,16,0.0005325224872976264,HIGHER_RES_SAMPLING_REFERENCE,128,3,1.0,0.0,100,101,ADAPTED_SPHERICAL_KS_WORKFLOW_REPRODUCTION
0.0,vel3,0.00046547979674826934,14.832397134933096,28.278692841905322,16,0.00046547979674826934,HIGHER_RES_SAMPLING_REFERENCE,128,4,1.0,0.0,100,101,ADAPTED_SPHERICAL_KS_WORKFLOW_REPRODUCTION
0.0,vel3,0.0002297074412425104,28.278692841905322,53.91471530676722,16,0.0002297074412425104,HIGHER_RES_SAMPLING_REFERENCE,128,5,1.0,0.0,100,101,ADAPTED_SPHERICAL_KS_WORKFLOW_REPRODUCTION
0.0,vel3,0.0006655626402203296,53.91471530676722,102.79104988552615,16,0.0006655626402203296,HIGHER_RES_SAMPLING_REFERENCE,128,6,1.0,0.0,100,101,ADAPTED_SPHERICAL_KS_WORKFLOW_REPRODUCTION
0.0,vel3,9.568729055065006e-05,102.79104988552615,195.97617972105846,16,9.568729055065006e-05,HIGHER_RES_SAMPLING_REFERENCE,128,7,1.0,0.0,100,101,ADAPTED_SPHERICAL_KS_WORKFLOW_REPRODUCTION
0.0012559762229216176,Bcc1,0.0008873765445969184,1.1456345721309733,2.1731385678184307,8,0.002143352767518536,HIGHER_RES_SAMPLING_REFERENCE,64,0,0.9482096874793151,0.5983549711523957,125,126,ADAPTED_SPHERICAL_KS_WORKFLOW_REPRODUCTION
0.00023933095502570723,Bcc1,-0.00032446281076659034,2.1731385678184307,4.122196859122056,8,-8.513185574088311e-05,HIGHER_RES_SAMPLING_REFERENCE,64,1,0.9482096874793151,0.5983549711523957,125,126,ADAPTED_SPHERICAL_KS_WORKFLOW_REPRODUCTION
0.00010157909416363964,Bcc1,-4.9666421205074585e-05,4.122196859122056,7.819338903185626,8,5.1912672958565054e-05,HIGHER_RES_SAMPLING_REFERENCE,64,2,0.9482096874793151,0.5983549711523957,125,126,ADAPTED_SPHERICAL_KS_WORKFLOW_REPRODUCTION
4.108625603294058e-06,Bcc1,4.2803404767255415e-06,7.819338903185626,14.832397134933096,8,8.3889660800196e-06,HIGHER_RES_SAMPLING_REFERENCE,64,3,0.9482096874793151,0.5983549711523957,125,126,ADAPTED_SPHERICAL_KS_WORKFLOW_REPRODUCTION
2.0045062003842817e-05,Bcc1,8.81341027003657e-06,14.832397134933096,28.135371479901284,8,-1.1231651733806247e-05,HIGHER_RES_SAMPLING_REFERENCE,64,4,0.9482096874793151,0.5983549711523957,125,126,ADAPTED_SPHERICAL_KS_WORKFLOW_REPRODUCTION
2.6553237147730613e-05,Bcc1,1.483643225785869e-05,28.135371479901284,53.36960176502269,8,-1.1716804889871923e-05,HIGHER_RES_SAMPLING_REFERENCE,64,5,0.9482096874793151,0.5983549711523957,125,126,ADAPTED_SPHERICAL_KS_WORKFLOW_REPRODUCTION
4.87447997707946e-05,Bcc1,2.3783486667205977e-05,53.36960176502269,101.23606843406442,8,-2.4961313103588623e-05,HIGHER_RES_SAMPLING_REFERENCE,64,6,0.9482096874793151,0.5983549711523957,125,126,ADAPTED_SPHERICAL_KS_WORKFLOW_REPRODUCTION
1.0383011502579365e-05,Bcc1,-5.234507169049607e-06,101.23606843406442,192.03331509030292,8,5.1485043335297576e-06,HIGHER_RES_SAMPLING_REFERENCE,64,7,0.9482096874793151,0.5983549711523957,125,126,ADAPTED_SPHERICAL_KS_WORKFLOW_REPRODUCTION
0.0004939301895858618,Bcc1,0.0014443055983469498,1.1302164885137453,2.1511666951179094,12,0.0019382357879328116,HIGHER_RES_SAMPLING_REFERENCE,96,0,0.9875084150701184,0.2786882732947252,125,126,ADAPTED_SPHERICAL_KS_WORKFLOW_REPRODUCTION
0.00018235166255551493,Bcc1,-0.00027492938917290574,2.1511666951179094,4.094364395859927,12,-9.257772661739081e-05,HIGHER_RES_SAMPLING_REFERENCE,96,1,0.9875084150701184,0.2786882732947252,125,126,ADAPTED_SPHERICAL_KS_WORKFLOW_REPRODUCTION
0.00012397539846789287,Bcc1,-5.198510277077056e-05,4.094364395859927,7.792896684450838,12,7.199029569712231e-05,HIGHER_RES_SAMPLING_REFERENCE,96,2,0.9875084150701184,0.2786882732947252,125,126,ADAPTED_SPHERICAL_KS_WORKFLOW_REPRODUCTION
2.549053129364943e-06,Bcc1,7.803552880095257e-06,7.792896684450838,14.832397134933096,12,5.254499750730314e-06,HIGHER_RES_SAMPLING_REFERENCE,96,3,0.9875084150701184,0.2786882732947252,125,126,ADAPTED_SPHERICAL_KS_WORKFLOW_REPRODUCTION
1.0666065837167733e-05,Bcc1,3.3056573545625015e-06,14.832397134933096,28.23083811791544,12,-7.360408482605231e-06,HIGHER_RES_SAMPLING_REFERENCE,96,4,0.9875084150701184,0.2786882732947252,125,126,ADAPTED_SPHERICAL_KS_WORKFLOW_REPRODUCTION
6.507460973834453e-06,Bcc1,6.169263627360995e-06,28.23083811791544,53.73239494531252,12,-3.381973464734579e-07,HIGHER_RES_SAMPLING_REFERENCE,96,5,0.9875084150701184,0.2786882732947252,125,126,ADAPTED_SPHERICAL_KS_WORKFLOW_REPRODUCTION
8.238821901053308e-06,Bcc1,2.164394098482216e-06,53.73239494531252,102.27008686386948,12,-6.074427802571091e-06,HIGHER_RES_SAMPLING_REFERENCE,96,6,0.9875084150701184,0.2786882732947252,125,126,ADAPTED_SPHERICAL_KS_WORKFLOW_REPRODUCTION
6.080203471888386e-06,Bcc1,5.01610471159708e-07,102.27008686386948,194.6529775527125,12,-5.578593000728678e-06,HIGHER_RES_SAMPLING_REFERENCE,96,7,0.9875084150701184,0.2786882732947252,125,126,ADAPTED_SPHERICAL_KS_WORKFLOW_REPRODUCTION
0.0,Bcc1,0.0015413949495837187,1.1225854340129873,2.1402642060118655,16,0.0015413949495837187,HIGHER_RES_SAMPLING_REFERENCE,128,0,1.0000000000000002,0.0,125,126,ADAPTED_SPHERICAL_KS_WORKFLOW_REPRODUCTION
0.0,Bcc1,-0.00020425132298385051,2.1402642060118655,4.080518713983782,16,-0.00020425132298385051,HIGHER_RES_SAMPLING_REFERENCE,128,1,1.0000000000000002,0.0,125,126,ADAPTED_SPHERICAL_KS_WORKFLOW_REPRODUCTION
0.0,Bcc1,1.270123357599573e-06,4.080518713983782,7.779709125817875,16,1.270123357599573e-06,HIGHER_RES_SAMPLING_REFERENCE,128,2,1.0000000000000002,0.0,125,126,ADAPTED_SPHERICAL_KS_WORKFLOW_REPRODUCTION
0.0,Bcc1,6.333629272603503e-06,7.779709125817875,14.832397134933096,16,6.333629272603503e-06,HIGHER_RES_SAMPLING_REFERENCE,128,3,1.0000000000000002,0.0,125,126,ADAPTED_SPHERICAL_KS_WORKFLOW_REPRODUCTION
0.0,Bcc1,-6.363878692072777e-07,14.832397134933096,28.278692841905322,16,-6.363878692072777e-07,HIGHER_RES_SAMPLING_REFERENCE,128,4,1.0000000000000002,0.0,125,126,ADAPTED_SPHERICAL_KS_WORKFLOW_REPRODUCTION
0.0,Bcc1,8.905263892855508e-06,28.278692841905322,53.91471530676722,16,8.905263892855508e-06,HIGHER_RES_SAMPLING_REFERENCE,128,5,1.0000000000000002,0.0,125,126,ADAPTED_SPHERICAL_KS_WORKFLOW_REPRODUCTION
0.0,Bcc1,1.0566686508228784e-05,53.91471530676722,102.79104988552615,16,1.0566686508228784e-05,HIGHER_RES_SAMPLING_REFERENCE,128,6,1.0000000000000002,0.0,125,126,ADAPTED_SPHERICAL_KS_WORKFLOW_REPRODUCTION
0.0,Bcc1,-1.4465015696629724e-06,102.79104988552615,195.97617972105846,16,-1.4465015696629724e-06,HIGHER_RES_SAMPLING_REFERENCE,128,7,1.0000000000000002,0.0,125,126,ADAPTED_SPHERICAL_KS_WORKFLOW_REPRODUCTION
0.0016428121851097544,Bcc2,0.00020300246987048354,1.1456345721309733,2.1731385678184307,8,-0.0014398097152392708,HIGHER_RES_SAMPLING_REFERENCE,64,0,-0.2643198230315454,1.1068010083456437,125,126,ADAPTED_SPHERICAL_KS_WORKFLOW_REPRODUCTION
2.713508584772928e-07,Bcc2,-0.0003543182277925272,2.1731385678184307,4.122196859122056,8,-0.0003545895786510045,HIGHER_RES_SAMPLING_REFERENCE,64,1,-0.2643198230315454,1.1068010083456437,125,126,ADAPTED_SPHERICAL_KS_WORKFLOW_REPRODUCTION
5.384145316256195e-07,Bcc2,6.504799504603032e-05,4.122196859122056,7.819338903185626,8,6.45095805144047e-05,HIGHER_RES_SAMPLING_REFERENCE,64,2,-0.2643198230315454,1.1068010083456437,125,126,ADAPTED_SPHERICAL_KS_WORKFLOW_REPRODUCTION
8.792323090145437e-07,Bcc2,1.199804961371509e-05,7.819338903185626,14.832397134933096,8,1.2877281922729633e-05,HIGHER_RES_SAMPLING_REFERENCE,64,3,-0.2643198230315454,1.1068010083456437,125,126,ADAPTED_SPHERICAL_KS_WORKFLOW_REPRODUCTION
1.692546716569772e-07,Bcc2,3.767702091319984e-07,14.832397134933096,28.135371479901284,8,5.460248807889756e-07,HIGHER_RES_SAMPLING_REFERENCE,64,4,-0.2643198230315454,1.1068010083456437,125,126,ADAPTED_SPHERICAL_KS_WORKFLOW_REPRODUCTION
2.1199875559207992e-07,Bcc2,-5.301677101915425e-07,28.135371479901284,53.36960176502269,8,-3.181689545994626e-07,HIGHER_RES_SAMPLING_REFERENCE,64,5,-0.2643198230315454,1.1068010083456437,125,126,ADAPTED_SPHERICAL_KS_WORKFLOW_REPRODUCTION
7.672786181758817e-08,Bcc2,-3.9296752454148764e-07,53.36960176502269,101.23606843406442,8,-4.696953863590758e-07,HIGHER_RES_SAMPLING_REFERENCE,64,6,-0.2643198230315454,1.1068010083456437,125,126,ADAPTED_SPHERICAL_KS_WORKFLOW_REPRODUCTION
1.6987317140188668e-08,Bcc2,-3.026471962475606e-07,101.23606843406442,192.03331509030292,8,-3.1963451338774926e-07,HIGHER_RES_SAMPLING_REFERENCE,64,7,-0.2643198230315454,1.1068010083456437,125,126,ADAPTED_SPHERICAL_KS_WORKFLOW_REPRODUCTION
8.738042501398187e-05,Bcc2,-0.001205032245300791,1.1302164885137453,2.1511666951179094,12,-0.001117651820286809,HIGHER_RES_SAMPLING_REFERENCE,96,0,0.9999543790022906,0.07582429162062627,125,126,ADAPTED_SPHERICAL_KS_WORKFLOW_REPRODUCTION
1.5520752177371102e-05,Bcc2,-0.000357201116628337,2.1511666951179094,4.094364395859927,12,-0.0003416803644509659,HIGHER_RES_SAMPLING_REFERENCE,96,1,0.9999543790022906,0.07582429162062627,125,126,ADAPTED_SPHERICAL_KS_WORKFLOW_REPRODUCTION
4.1161266757157604e-07,Bcc2,6.330459290512688e-05,4.094364395859927,7.792896684450838,12,6.371620557269846e-05,HIGHER_RES_SAMPLING_REFERENCE,96,2,0.9999543790022906,0.07582429162062627,125,126,ADAPTED_SPHERICAL_KS_WORKFLOW_REPRODUCTION
5.779421444874882e-07,Bcc2,1.2076665463318977e-05,7.792896684450838,14.832397134933096,12,1.2654607607806465e-05,HIGHER_RES_SAMPLING_REFERENCE,96,3,0.9999543790022906,0.07582429162062627,125,126,ADAPTED_SPHERICAL_KS_WORKFLOW_REPRODUCTION
6.833479697267575e-07,Bcc2,6.023967785792668e-07,14.832397134933096,28.23083811791544,12,-8.095119114749072e-08,HIGHER_RES_SAMPLING_REFERENCE,96,4,0.9999543790022906,0.07582429162062627,125,126,ADAPTED_SPHERICAL_KS_WORKFLOW_REPRODUCTION
6.588896006370707e-08,Bcc2,-1.77537038407953e-07,28.23083811791544,53.73239494531252,12,-2.4342599847166007e-07,HIGHER_RES_SAMPLING_REFERENCE,96,5,0.9999543790022906,0.07582429162062627,125,126,ADAPTED_SPHERICAL_KS_WORKFLOW_REPRODUCTION
7.561437124610749e-08,Bcc2,-3.880759273552811e-07,53.73239494531252,102.27008686386948,12,-4.636902986013886e-07,HIGHER_RES_SAMPLING_REFERENCE,96,6,0.9999543790022906,0.07582429162062627,125,126,ADAPTED_SPHERICAL_KS_WORKFLOW_REPRODUCTION
3.558660070102958e-09,Bcc2,-3.2042376988829173e-07,102.27008686386948,194.6529775527125,12,-3.1686510981818877e-07,HIGHER_RES_SAMPLING_REFERENCE,96,7,0.9999543790022906,0.07582429162062627,125,126,ADAPTED_SPHERICAL_KS_WORKFLOW_REPRODUCTION
0.0,Bcc2,-0.0007052230096011858,1.1225854340129873,2.1402642060118655,16,-0.0007052230096011858,HIGHER_RES_SAMPLING_REFERENCE,128,0,1.0,0.0,125,126,ADAPTED_SPHERICAL_KS_WORKFLOW_REPRODUCTION
0.0,Bcc2,-0.00034099867780382903,2.1402642060118655,4.080518713983782,16,-0.00034099867780382903,HIGHER_RES_SAMPLING_REFERENCE,128,1,1.0,0.0,125,126,ADAPTED_SPHERICAL_KS_WORKFLOW_REPRODUCTION
0.0,Bcc2,6.405799080258512e-05,4.080518713983782,7.779709125817875,16,6.405799080258512e-05,HIGHER_RES_SAMPLING_REFERENCE,128,2,1.0,0.0,125,126,ADAPTED_SPHERICAL_KS_WORKFLOW_REPRODUCTION
0.0,Bcc2,1.215791594558896e-05,7.779709125817875,14.832397134933096,16,1.215791594558896e-05,HIGHER_RES_SAMPLING_REFERENCE,128,3,1.0,0.0,125,126,ADAPTED_SPHERICAL_KS_WORKFLOW_REPRODUCTION
0.0,Bcc2,3.123266417667282e-07,14.832397134933096,28.278692841905322,16,3.123266417667282e-07,HIGHER_RES_SAMPLING_REFERENCE,128,4,1.0,0.0,125,126,ADAPTED_SPHERICAL_KS_WORKFLOW_REPRODUCTION
0.0,Bcc2,-1.9133599665679263e-07,28.278692841905322,53.91471530676722,16,-1.9133599665679263e-07,HIGHER_RES_SAMPLING_REFERENCE,128,5,1.0,0.0,125,126,ADAPTED_SPHERICAL_KS_WORKFLOW_REPRODUCTION
0.0,Bcc2,-4.6546757290124446e-07,53.91471530676722,102.79104988552615,16,-4.6546757290124446e-07,HIGHER_RES_SAMPLING_REFERENCE,128,6,1.0,0.0,125,126,ADAPTED_SPHERICAL_KS_WORKFLOW_REPRODUCTION
0.0,Bcc2,-3.2859864849450957e-07,102.79104988552615,195.97617972105846,16,-3.2859864849450957e-07,HIGHER_RES_SAMPLING_REFERENCE,128,7,1.0,0.0,125,126,ADAPTED_SPHERICAL_KS_WORKFLOW_REPRODUCTION
0.0008273461296539608,Bcc3,-0.0568794283619809,1.1456345721309733,2.1731385678184307,8,-0.05605208223232694,HIGHER_RES_SAMPLING_REFERENCE,64,0,0.9999915144573284,0.015121642687794803,125,126,ADAPTED_SPHERICAL_KS_WORKFLOW_REPRODUCTION
0.00018308424517954336,Bcc3,0.002948086321282517,2.1731385678184307,4.122196859122056,8,0.0031311705664620604,HIGHER_RES_SAMPLING_REFERENCE,64,1,0.9999915144573284,0.015121642687794803,125,126,ADAPTED_SPHERICAL_KS_WORKFLOW_REPRODUCTION
3.782498614590679e-05,Bcc3,7.248160848227769e-05,4.122196859122056,7.819338903185626,8,3.46566223363709e-05,HIGHER_RES_SAMPLING_REFERENCE,64,2,0.9999915144573284,0.015121642687794803,125,126,ADAPTED_SPHERICAL_KS_WORKFLOW_REPRODUCTION
1.1906267815220417e-05,Bcc3,3.1326366993766896e-05,7.819338903185626,14.832397134933096,8,4.3232634808987314e-05,HIGHER_RES_SAMPLING_REFERENCE,64,3,0.9999915144573284,0.015121642687794803,125,126,ADAPTED_SPHERICAL_KS_WORKFLOW_REPRODUCTION
1.8833061809608864e-05,Bcc3,-1.239803499508696e-05,14.832397134933096,28.135371479901284,8,6.435026814521905e-06,HIGHER_RES_SAMPLING_REFERENCE,64,4,0.9999915144573284,0.015121642687794803,125,126,ADAPTED_SPHERICAL_KS_WORKFLOW_REPRODUCTION
2.5201910082373047e-05,Bcc3,-1.2574522044950243e-05,28.135371479901284,53.36960176502269,8,1.2627388037422804e-05,HIGHER_RES_SAMPLING_REFERENCE,64,5,0.9999915144573284,0.015121642687794803,125,126,ADAPTED_SPHERICAL_KS_WORKFLOW_REPRODUCTION
8.89395743097765e-06,Bcc3,-3.975572453240872e-06,53.36960176502269,101.23606843406442,8,4.918384977736778e-06,HIGHER_RES_SAMPLING_REFERENCE,64,6,0.9999915144573284,0.015121642687794803,125,126,ADAPTED_SPHERICAL_KS_WORKFLOW_REPRODUCTION
2.184365059054727e-06,Bcc3,4.861414130601441e-07,101.23606843406442,192.03331509030292,8,-1.698223645994583e-06,HIGHER_RES_SAMPLING_REFERENCE,64,7,0.9999915144573284,0.015121642687794803,125,126,ADAPTED_SPHERICAL_KS_WORKFLOW_REPRODUCTION
0.013711175329414502,Bcc3,-0.05264862868689643,1.1302164885137453,2.1511666951179094,12,-0.06635980401631093,HIGHER_RES_SAMPLING_REFERENCE,96,0,0.9998972604556428,0.20644084709550506,125,126,ADAPTED_SPHERICAL_KS_WORKFLOW_REPRODUCTION
0.0001480194247657587,Bcc3,0.0030520283272902882,2.1511666951179094,4.094364395859927,12,0.0029040089025245295,HIGHER_RES_SAMPLING_REFERENCE,96,1,0.9998972604556428,0.20644084709550506,125,126,ADAPTED_SPHERICAL_KS_WORKFLOW_REPRODUCTION
0.00011793135318045929,Bcc3,9.458435746083708e-05,4.094364395859927,7.792896684450838,12,-2.3346995719622202e-05,HIGHER_RES_SAMPLING_REFERENCE,96,2,0.9998972604556428,0.20644084709550506,125,126,ADAPTED_SPHERICAL_KS_WORKFLOW_REPRODUCTION
5.505481647526688e-06,Bcc3,3.244607254541902e-05,7.792896684450838,14.832397134933096,12,3.795155419294571e-05,HIGHER_RES_SAMPLING_REFERENCE,96,3,0.9998972604556428,0.20644084709550506,125,126,ADAPTED_SPHERICAL_KS_WORKFLOW_REPRODUCTION
1.118453522166276e-05,Bcc3,-8.773481325145363e-06,14.832397134933096,28.23083811791544,12,2.411053896517396e-06,HIGHER_RES_SAMPLING_REFERENCE,96,4,0.9998972604556428,0.20644084709550506,125,126,ADAPTED_SPHERICAL_KS_WORKFLOW_REPRODUCTION
6.3962408894987544e-06,Bcc3,-4.245229402841831e-06,28.23083811791544,53.73239494531252,12,2.151011486656924e-06,HIGHER_RES_SAMPLING_REFERENCE,96,5,0.9998972604556428,0.20644084709550506,125,126,ADAPTED_SPHERICAL_KS_WORKFLOW_REPRODUCTION
1.4238804148134662e-06,Bcc3,-7.384712412765808e-07,53.73239494531252,102.27008686386948,12,6.854091735368854e-07,HIGHER_RES_SAMPLING_REFERENCE,96,6,0.9998972604556428,0.20644084709550506,125,126,ADAPTED_SPHERICAL_KS_WORKFLOW_REPRODUCTION
3.144964665063853e-08,Bcc3,-2.5383184822833284e-07,102.27008686386948,194.6529775527125,12,-2.852814948789714e-07,HIGHER_RES_SAMPLING_REFERENCE,96,7,0.9998972604556428,0.20644084709550506,125,126,ADAPTED_SPHERICAL_KS_WORKFLOW_REPRODUCTION
0.0,Bcc3,-0.05654804848964545,1.1225854340129873,2.1402642060118655,16,-0.05654804848964545,HIGHER_RES_SAMPLING_REFERENCE,128,0,1.0,0.0,125,126,ADAPTED_SPHERICAL_KS_WORKFLOW_REPRODUCTION
0.0,Bcc3,0.002968049465767564,2.1402642060118655,4.080518713983782,16,0.002968049465767564,HIGHER_RES_SAMPLING_REFERENCE,128,1,1.0,0.0,125,126,ADAPTED_SPHERICAL_KS_WORKFLOW_REPRODUCTION
0.0,Bcc3,4.5501282940563215e-05,4.080518713983782,7.779709125817875,16,4.5501282940563215e-05,HIGHER_RES_SAMPLING_REFERENCE,128,2,1.0,0.0,125,126,ADAPTED_SPHERICAL_KS_WORKFLOW_REPRODUCTION
0.0,Bcc3,3.478316260974168e-05,7.779709125817875,14.832397134933096,16,3.478316260974168e-05,HIGHER_RES_SAMPLING_REFERENCE,128,3,1.0,0.0,125,126,ADAPTED_SPHERICAL_KS_WORKFLOW_REPRODUCTION
0.0,Bcc3,-2.817100590246646e-06,14.832397134933096,28.278692841905322,16,-2.817100590246646e-06,HIGHER_RES_SAMPLING_REFERENCE,128,4,1.0,0.0,125,126,ADAPTED_SPHERICAL_KS_WORKFLOW_REPRODUCTION
0.0,Bcc3,-2.8327678373019083e-06,28.278692841905322,53.91471530676722,16,-2.8327678373019083e-06,HIGHER_RES_SAMPLING_REFERENCE,128,5,1.0,0.0,125,126,ADAPTED_SPHERICAL_KS_WORKFLOW_REPRODUCTION
0.0,Bcc3,-1.6908688335766364e-06,53.91471530676722,102.79104988552615,16,-1.6908688335766364e-06,HIGHER_RES_SAMPLING_REFERENCE,128,6,1.0,0.0,125,126,ADAPTED_SPHERICAL_KS_WORKFLOW_REPRODUCTION
0.0,Bcc3,-6.854733179747233e-08,102.79104988552615,195.97617972105846,16,-6.854733179747233e-08,HIGHER_RES_SAMPLING_REFERENCE,128,7,1.0,0.0,125,126,ADAPTED_SPHERICAL_KS_WORKFLOW_REPRODUCTION
4.531580952971126e-05,rho,0.000810809548056568,1.1456345721309733,2.1731385678184307,8,0.0008561253575862793,HIGHER_RES_SAMPLING_REFERENCE,64,0,0.9999565318114253,0.04296987373691443,125,126,ADAPTED_SPHERICAL_KS_WORKFLOW_REPRODUCTION
0.000428053071686918,rho,0.009300985601186085,2.1731385678184307,4.122196859122056,8,0.009729038672873003,HIGHER_RES_SAMPLING_REFERENCE,64,1,0.9999565318114253,0.04296987373691443,125,126,ADAPTED_SPHERICAL_KS_WORKFLOW_REPRODUCTION
0.00026709109207345705,rho,0.006772658710755053,4.122196859122056,7.819338903185626,8,0.00703974980282851,HIGHER_RES_SAMPLING_REFERENCE,64,2,0.9999565318114253,0.04296987373691443,125,126,ADAPTED_SPHERICAL_KS_WORKFLOW_REPRODUCTION
6.95684622327164e-05,rho,0.0011139664002808303,7.819338903185626,14.832397134933096,8,0.0011835348625135467,HIGHER_RES_SAMPLING_REFERENCE,64,3,0.9999565318114253,0.04296987373691443,125,126,ADAPTED_SPHERICAL_KS_WORKFLOW_REPRODUCTION
1.0741741152120454e-06,rho,0.0006239212603560418,14.832397134933096,28.135371479901284,8,0.0006228470862408297,HIGHER_RES_SAMPLING_REFERENCE,64,4,0.9999565318114253,0.04296987373691443,125,126,ADAPTED_SPHERICAL_KS_WORKFLOW_REPRODUCTION
6.4068575048592535e-06,rho,0.00038654086905853813,28.135371479901284,53.36960176502269,8,0.0003929477265633974,HIGHER_RES_SAMPLING_REFERENCE,64,5,0.9999565318114253,0.04296987373691443,125,126,ADAPTED_SPHERICAL_KS_WORKFLOW_REPRODUCTION
9.863245576724466e-05,rho,-3.3304603952122314e-05,53.36960176502269,101.23606843406442,8,6.532785181512235e-05,HIGHER_RES_SAMPLING_REFERENCE,64,6,0.9999565318114253,0.04296987373691443,125,126,ADAPTED_SPHERICAL_KS_WORKFLOW_REPRODUCTION
1.5342507643512082e-07,rho,-6.145765058820918e-05,101.23606843406442,192.03331509030292,8,-6.16110756646443e-05,HIGHER_RES_SAMPLING_REFERENCE,64,7,0.9999565318114253,0.04296987373691443,125,126,ADAPTED_SPHERICAL_KS_WORKFLOW_REPRODUCTION
0.0035843159572255833,rho,-0.0027406446287285588,1.1302164885137453,2.1511666951179094,12,0.0008436713284970244,HIGHER_RES_SAMPLING_REFERENCE,96,0,0.920300987391555,0.39149782415853207,125,126,ADAPTED_SPHERICAL_KS_WORKFLOW_REPRODUCTION
0.0007651863291913393,rho,0.007210735169674417,2.1511666951179094,4.094364395859927,12,0.007975921498865756,HIGHER_RES_SAMPLING_REFERENCE,96,1,0.920300987391555,0.39149782415853207,125,126,ADAPTED_SPHERICAL_KS_WORKFLOW_REPRODUCTION
0.0007098818686965087,rho,0.004264322998944147,4.094364395859927,7.792896684450838,12,0.004974204867640656,HIGHER_RES_SAMPLING_REFERENCE,96,2,0.920300987391555,0.39149782415853207,125,126,ADAPTED_SPHERICAL_KS_WORKFLOW_REPRODUCTION
2.514330068842602e-05,rho,0.0011343140458435043,7.792896684450838,14.832397134933096,12,0.0011594573465319303,HIGHER_RES_SAMPLING_REFERENCE,96,3,0.920300987391555,0.39149782415853207,125,126,ADAPTED_SPHERICAL_KS_WORKFLOW_REPRODUCTION
3.200738107273979e-05,rho,0.0007269966304145049,14.832397134933096,28.23083811791544,12,0.0006949892493417651,HIGHER_RES_SAMPLING_REFERENCE,96,4,0.920300987391555,0.39149782415853207,125,126,ADAPTED_SPHERICAL_KS_WORKFLOW_REPRODUCTION
2.337698696482966e-05,rho,0.0003263293100013658,28.23083811791544,53.73239494531252,12,0.0003497062969661955,HIGHER_RES_SAMPLING_REFERENCE,96,5,0.920300987391555,0.39149782415853207,125,126,ADAPTED_SPHERICAL_KS_WORKFLOW_REPRODUCTION
4.661984182968087e-05,rho,-2.8914658602782646e-05,53.73239494531252,102.27008686386948,12,1.770518322689822e-05,HIGHER_RES_SAMPLING_REFERENCE,96,6,0.920300987391555,0.39149782415853207,125,126,ADAPTED_SPHERICAL_KS_WORKFLOW_REPRODUCTION
9.765058880509988e-05,rho,-8.50644019986493e-05,102.27008686386948,194.6529775527125,12,1.2586186806450582e-05,HIGHER_RES_SAMPLING_REFERENCE,96,7,0.920300987391555,0.39149782415853207,125,126,ADAPTED_SPHERICAL_KS_WORKFLOW_REPRODUCTION
0.0,rho,0.0010887004117421384,1.1225854340129873,2.1402642060118655,16,0.0010887004117421384,HIGHER_RES_SAMPLING_REFERENCE,128,0,1.0,0.0,125,126,ADAPTED_SPHERICAL_KS_WORKFLOW_REPRODUCTION
0.0,rho,0.009678980426151895,2.1402642060118655,4.080518713983782,16,0.009678980426151895,HIGHER_RES_SAMPLING_REFERENCE,128,1,1.0,0.0,125,126,ADAPTED_SPHERICAL_KS_WORKFLOW_REPRODUCTION
0.0,rho,0.006749665646449188,4.080518713983782,7.779709125817875,16,0.006749665646449188,HIGHER_RES_SAMPLING_REFERENCE,128,2,1.0,0.0,125,126,ADAPTED_SPHERICAL_KS_WORKFLOW_REPRODUCTION
0.0,rho,0.001113572000808638,7.779709125817875,14.832397134933096,16,0.001113572000808638,HIGHER_RES_SAMPLING_REFERENCE,128,3,1.0,0.0,125,126,ADAPTED_SPHERICAL_KS_WORKFLOW_REPRODUCTION
0.0,rho,0.0006232126337086807,14.832397134933096,28.278692841905322,16,0.0006232126337086807,HIGHER_RES_SAMPLING_REFERENCE,128,4,1.0,0.0,125,126,ADAPTED_SPHERICAL_KS_WORKFLOW_REPRODUCTION
0.0,rho,0.0003753522259512393,28.278692841905322,53.91471530676722,16,0.0003753522259512393,HIGHER_RES_SAMPLING_REFERENCE,128,5,1.0,0.0,125,126,ADAPTED_SPHERICAL_KS_WORKFLOW_REPRODUCTION
0.0,rho,-8.041289890708958e-06,53.91471530676722,102.79104988552615,16,-8.041289890708958e-06,HIGHER_RES_SAMPLING_REFERENCE,128,6,1.0,0.0,125,126,ADAPTED_SPHERICAL_KS_WORKFLOW_REPRODUCTION
0.0,rho,1.7351220698211094e-05,102.79104988552615,195.97617972105846,16,1.7351220698211094e-05,HIGHER_RES_SAMPLING_REFERENCE,128,7,1.0,0.0,125,126,ADAPTED_SPHERICAL_KS_WORKFLOW_REPRODUCTION
0.009705945312504127,press,0.027309798084075965,1.1456345721309733,2.1731385678184307,8,0.03701574339658009,HIGHER_RES_SAMPLING_REFERENCE,64,0,0.999978656411842,0.2620686089627621,125,126,ADAPTED_SPHERICAL_KS_WORKFLOW_REPRODUCTION
0.00020045676102142806,press,0.001228790151049708,2.1731385678184307,4.122196859122056,8,0.001429246912071136,HIGHER_RES_SAMPLING_REFERENCE,64,1,0.999978656411842,0.2620686089627621,125,126,ADAPTED_SPHERICAL_KS_WORKFLOW_REPRODUCTION
1.0160909068135382e-05,press,0.00017935657886236633,4.122196859122056,7.819338903185626,8,0.00018951748793050172,HIGHER_RES_SAMPLING_REFERENCE,64,2,0.999978656411842,0.2620686089627621,125,126,ADAPTED_SPHERICAL_KS_WORKFLOW_REPRODUCTION
9.78408411983489e-07,press,1.0672781929954578e-05,7.819338903185626,14.832397134933096,8,1.1651190341938067e-05,HIGHER_RES_SAMPLING_REFERENCE,64,3,0.999978656411842,0.2620686089627621,125,126,ADAPTED_SPHERICAL_KS_WORKFLOW_REPRODUCTION
3.866182109180105e-08,press,1.5077028336710208e-06,14.832397134933096,28.135371479901284,8,1.5463646547628218e-06,HIGHER_RES_SAMPLING_REFERENCE,64,4,0.999978656411842,0.2620686089627621,125,126,ADAPTED_SPHERICAL_KS_WORKFLOW_REPRODUCTION
2.0057349323088225e-08,press,1.0190476506244384e-06,28.135371479901284,53.36960176502269,8,9.989903013013501e-07,HIGHER_RES_SAMPLING_REFERENCE,64,5,0.999978656411842,0.2620686089627621,125,126,ADAPTED_SPHERICAL_KS_WORKFLOW_REPRODUCTION
1.190645796747547e-07,press,-5.481113535751869e-07,53.36960176502269,101.23606843406442,8,-4.290467739004322e-07,HIGHER_RES_SAMPLING_REFERENCE,64,6,0.999978656411842,0.2620686089627621,125,126,ADAPTED_SPHERICAL_KS_WORKFLOW_REPRODUCTION
8.547691818239223e-09,press,5.804159662354397e-08,101.23606843406442,192.03331509030292,8,6.658928844178319e-08,HIGHER_RES_SAMPLING_REFERENCE,64,7,0.999978656411842,0.2620686089627621,125,126,ADAPTED_SPHERICAL_KS_WORKFLOW_REPRODUCTION
0.00317167956392142,press,0.03156944437971645,1.1302164885137453,2.1511666951179094,12,0.03474112394363787,HIGHER_RES_SAMPLING_REFERENCE,96,0,0.9999992775153617,0.09134208673974273,125,126,ADAPTED_SPHERICAL_KS_WORKFLOW_REPRODUCTION
0.00015743819091664207,press,0.0011739112758883047,2.1511666951179094,4.094364395859927,12,0.0013313494668049468,HIGHER_RES_SAMPLING_REFERENCE,96,1,0.9999992775153617,0.09134208673974273,125,126,ADAPTED_SPHERICAL_KS_WORKFLOW_REPRODUCTION
2.4458804470694638e-05,press,0.00010697018775395072,4.094364395859927,7.792896684450838,12,0.00013142899222464536,HIGHER_RES_SAMPLING_REFERENCE,96,2,0.9999992775153617,0.09134208673974273,125,126,ADAPTED_SPHERICAL_KS_WORKFLOW_REPRODUCTION
4.231722501795646e-07,press,1.1045009249199822e-05,7.792896684450838,14.832397134933096,12,1.1468181499379387e-05,HIGHER_RES_SAMPLING_REFERENCE,96,3,0.9999992775153617,0.09134208673974273,125,126,ADAPTED_SPHERICAL_KS_WORKFLOW_REPRODUCTION
2.056479508103258e-07,press,1.9585408654465154e-06,14.832397134933096,28.23083811791544,12,1.7528929146361896e-06,HIGHER_RES_SAMPLING_REFERENCE,96,4,0.9999992775153617,0.09134208673974273,125,126,ADAPTED_SPHERICAL_KS_WORKFLOW_REPRODUCTION
1.540532055419769e-08,press,9.205101495079615e-07,28.23083811791544,53.73239494531252,12,9.051048289537638e-07,HIGHER_RES_SAMPLING_REFERENCE,96,5,0.9999992775153617,0.09134208673974273,125,126,ADAPTED_SPHERICAL_KS_WORKFLOW_REPRODUCTION
7.13095702774846e-08,press,-5.356709437049829e-07,53.73239494531252,102.27008686386948,12,-4.6436137342749834e-07,HIGHER_RES_SAMPLING_REFERENCE,96,6,0.9999992775153617,0.09134208673974273,125,126,ADAPTED_SPHERICAL_KS_WORKFLOW_REPRODUCTION
1.4230815788120034e-07,press,1.7370408834567114e-08,102.27008686386948,194.6529775527125,12,1.5967856671576745e-07,HIGHER_RES_SAMPLING_REFERENCE,96,7,0.9999992775153617,0.09134208673974273,125,126,ADAPTED_SPHERICAL_KS_WORKFLOW_REPRODUCTION
0.0,press,0.03156090752504781,1.1225854340129873,2.1402642060118655,16,0.03156090752504781,HIGHER_RES_SAMPLING_REFERENCE,128,0,0.9999999999999998,0.0,125,126,ADAPTED_SPHERICAL_KS_WORKFLOW_REPRODUCTION
0.0,press,0.0012873898789749205,2.1402642060118655,4.080518713983782,16,0.0012873898789749205,HIGHER_RES_SAMPLING_REFERENCE,128,1,0.9999999999999998,0.0,125,126,ADAPTED_SPHERICAL_KS_WORKFLOW_REPRODUCTION
0.0,press,0.0001776441653296157,4.080518713983782,7.779709125817875,16,0.0001776441653296157,HIGHER_RES_SAMPLING_REFERENCE,128,2,0.9999999999999998,0.0,125,126,ADAPTED_SPHERICAL_KS_WORKFLOW_REPRODUCTION
0.0,press,1.0717723332581697e-05,7.779709125817875,14.832397134933096,16,1.0717723332581697e-05,HIGHER_RES_SAMPLING_REFERENCE,128,3,0.9999999999999998,0.0,125,126,ADAPTED_SPHERICAL_KS_WORKFLOW_REPRODUCTION
0.0,press,1.495168145623088e-06,14.832397134933096,28.278692841905322,16,1.495168145623088e-06,HIGHER_RES_SAMPLING_REFERENCE,128,4,0.9999999999999998,0.0,125,126,ADAPTED_SPHERICAL_KS_WORKFLOW_REPRODUCTION
0.0,press,9.897276908379937e-07,28.278692841905322,53.91471530676722,16,9.897276908379937e-07,HIGHER_RES_SAMPLING_REFERENCE,128,5,0.9999999999999998,0.0,125,126,ADAPTED_SPHERICAL_KS_WORKFLOW_REPRODUCTION
0.0,press,-5.247066197601111e-07,53.91471530676722,102.79104988552615,16,-5.247066197601111e-07,HIGHER_RES_SAMPLING_REFERENCE,128,6,0.9999999999999998,0.0,125,126,ADAPTED_SPHERICAL_KS_WORKFLOW_REPRODUCTION
0.0,press,1.670147172059969e-07,102.79104988552615,195.97617972105846,16,1.670147172059969e-07,HIGHER_RES_SAMPLING_REFERENCE,128,7,0.9999999999999998,0.0,125,126,ADAPTED_SPHERICAL_KS_WORKFLOW_REPRODUCTION
5.4313955217821785e-05,vel1,0.001743823130027522,1.1456345721309733,2.1731385678184307,8,0.0017981370852453438,HIGHER_RES_SAMPLING_REFERENCE,64,0,0.9959492065549599,0.09012948455105316,125,126,ADAPTED_SPHERICAL_KS_WORKFLOW_REPRODUCTION
8.312201771332184e-05,vel1,5.3996775932319e-05,2.1731385678184307,4.122196859122056,8,-2.9125241781002842e-05,HIGHER_RES_SAMPLING_REFERENCE,64,1,0.9959492065549599,0.09012948455105316,125,126,ADAPTED_SPHERICAL_KS_WORKFLOW_REPRODUCTION
0.00010828936751750007,vel1,0.0007072806238284102,4.122196859122056,7.819338903185626,8,0.0005989912563109101,HIGHER_RES_SAMPLING_REFERENCE,64,2,0.9959492065549599,0.09012948455105316,125,126,ADAPTED_SPHERICAL_KS_WORKFLOW_REPRODUCTION
0.00012760416359469673,vel1,0.009373832134144777,7.819338903185626,14.832397134933096,8,0.009501436297739474,HIGHER_RES_SAMPLING_REFERENCE,64,3,0.9959492065549599,0.09012948455105316,125,126,ADAPTED_SPHERICAL_KS_WORKFLOW_REPRODUCTION
1.6829238631999033e-05,vel1,0.011975578870163872,14.832397134933096,28.135371479901284,8,0.011958749631531873,HIGHER_RES_SAMPLING_REFERENCE,64,4,0.9959492065549599,0.09012948455105316,125,126,ADAPTED_SPHERICAL_KS_WORKFLOW_REPRODUCTION
0.0009456644676788528,vel1,0.020737660383105094,28.135371479901284,53.36960176502269,8,0.01979199591542624,HIGHER_RES_SAMPLING_REFERENCE,64,5,0.9959492065549599,0.09012948455105316,125,126,ADAPTED_SPHERICAL_KS_WORKFLOW_REPRODUCTION
0.0010701200351377338,vel1,0.01909377855179173,53.36960176502269,101.23606843406442,8,0.020163898586929463,HIGHER_RES_SAMPLING_REFERENCE,64,6,0.9959492065549599,0.09012948455105316,125,126,ADAPTED_SPHERICAL_KS_WORKFLOW_REPRODUCTION
0.0025171861434500897,vel1,0.0032737780704792385,101.23606843406442,192.03331509030292,8,0.0007565919270291488,HIGHER_RES_SAMPLING_REFERENCE,64,7,0.9959492065549599,0.09012948455105316,125,126,ADAPTED_SPHERICAL_KS_WORKFLOW_REPRODUCTION
0.00033357002293828196,vel1,0.001600166013961118,1.1302164885137453,2.1511666951179094,12,0.0019337360368994,HIGHER_RES_SAMPLING_REFERENCE,96,0,0.9994790676452455,0.03239170720748564,125,126,ADAPTED_SPHERICAL_KS_WORKFLOW_REPRODUCTION
6.94126724906878e-05,vel1,-2.5252207436736812e-05,2.1511666951179094,4.094364395859927,12,4.416046505395099e-05,HIGHER_RES_SAMPLING_REFERENCE,96,1,0.9994790676452455,0.03239170720748564,125,126,ADAPTED_SPHERICAL_KS_WORKFLOW_REPRODUCTION
3.5849582369943734e-05,vel1,0.0007770879157625906,4.094364395859927,7.792896684450838,12,0.0007412383333926469,HIGHER_RES_SAMPLING_REFERENCE,96,2,0.9994790676452455,0.03239170720748564,125,126,ADAPTED_SPHERICAL_KS_WORKFLOW_REPRODUCTION
2.5405864242336595e-05,vel1,0.009462771947255533,7.792896684450838,14.832397134933096,12,0.00948817781149787,HIGHER_RES_SAMPLING_REFERENCE,96,3,0.9994790676452455,0.03239170720748564,125,126,ADAPTED_SPHERICAL_KS_WORKFLOW_REPRODUCTION
7.215770443946487e-05,vel1,0.012043398208216214,14.832397134933096,28.23083811791544,12,0.011971240503776749,HIGHER_RES_SAMPLING_REFERENCE,96,4,0.9994790676452455,0.03239170720748564,125,126,ADAPTED_SPHERICAL_KS_WORKFLOW_REPRODUCTION
0.0003352174515772223,vel1,0.020806832810586054,28.23083811791544,53.73239494531252,12,0.02047161535900883,HIGHER_RES_SAMPLING_REFERENCE,96,5,0.9994790676452455,0.03239170720748564,125,126,ADAPTED_SPHERICAL_KS_WORKFLOW_REPRODUCTION
0.00037161819055334805,vel1,0.01947433090271665,53.73239494531252,102.27008686386948,12,0.019845949093269998,HIGHER_RES_SAMPLING_REFERENCE,96,6,0.9994790676452455,0.03239170720748564,125,126,ADAPTED_SPHERICAL_KS_WORKFLOW_REPRODUCTION
0.0008638769086583464,vel1,0.0032423290344080736,102.27008686386948,194.6529775527125,12,0.00410620594306642,HIGHER_RES_SAMPLING_REFERENCE,96,7,0.9994790676452455,0.03239170720748564,125,126,ADAPTED_SPHERICAL_KS_WORKFLOW_REPRODUCTION
0.0,vel1,0.0017792362965849406,1.1225854340129873,2.1402642060118655,16,0.0017792362965849406,HIGHER_RES_SAMPLING_REFERENCE,128,0,1.0,0.0,125,126,ADAPTED_SPHERICAL_KS_WORKFLOW_REPRODUCTION
0.0,vel1,-7.797212219884386e-06,2.1402642060118655,4.080518713983782,16,-7.797212219884386e-06,HIGHER_RES_SAMPLING_REFERENCE,128,1,1.0,0.0,125,126,ADAPTED_SPHERICAL_KS_WORKFLOW_REPRODUCTION
0.0,vel1,0.0007590368581986695,4.080518713983782,7.779709125817875,16,0.0007590368581986695,HIGHER_RES_SAMPLING_REFERENCE,128,2,1.0,0.0,125,126,ADAPTED_SPHERICAL_KS_WORKFLOW_REPRODUCTION
0.0,vel1,0.009546173165659866,7.779709125817875,14.832397134933096,16,0.009546173165659866,HIGHER_RES_SAMPLING_REFERENCE,128,3,1.0,0.0,125,126,ADAPTED_SPHERICAL_KS_WORKFLOW_REPRODUCTION
0.0,vel1,0.012002901977357538,14.832397134933096,28.278692841905322,16,0.012002901977357538,HIGHER_RES_SAMPLING_REFERENCE,128,4,1.0,0.0,125,126,ADAPTED_SPHERICAL_KS_WORKFLOW_REPRODUCTION
0.0,vel1,0.020628110113781517,28.278692841905322,53.91471530676722,16,0.020628110113781517,HIGHER_RES_SAMPLING_REFERENCE,128,5,1.0,0.0,125,126,ADAPTED_SPHERICAL_KS_WORKFLOW_REPRODUCTION
0.0,vel1,0.019419817973471254,53.91471530676722,102.79104988552615,16,0.019419817973471254,HIGHER_RES_SAMPLING_REFERENCE,128,6,1.0,0.0,125,126,ADAPTED_SPHERICAL_KS_WORKFLOW_REPRODUCTION
0.0,vel1,0.003166571209163749,102.79104988552615,195.97617972105846,16,0.003166571209163749,HIGHER_RES_SAMPLING_REFERENCE,128,7,1.0,0.0,125,126,ADAPTED_SPHERICAL_KS_WORKFLOW_REPRODUCTION
0.0003129699401073771,vel2,-0.0003504366397225622,1.1456345721309733,2.1731385678184307,8,-0.0006634065798299393,HIGHER_RES_SAMPLING_REFERENCE,64,0,0.9947968778381736,0.47076462964410243,125,126,ADAPTED_SPHERICAL_KS_WORKFLOW_REPRODUCTION
1.233391482514945e-05,vel2,6.163777896917716e-05,2.1731385678184307,4.122196859122056,8,4.930386414402771e-05,HIGHER_RES_SAMPLING_REFERENCE,64,1,0.9947968778381736,0.47076462964410243,125,126,ADAPTED_SPHERICAL_KS_WORKFLOW_REPRODUCTION
5.098595747932144e-06,vel2,1.1017958882031387e-05,4.122196859122056,7.819338903185626,8,1.611655462996353e-05,HIGHER_RES_SAMPLING_REFERENCE,64,2,0.9947968778381736,0.47076462964410243,125,126,ADAPTED_SPHERICAL_KS_WORKFLOW_REPRODUCTION
2.3765209881121407e-06,vel2,-1.0919804400037758e-05,7.819338903185626,14.832397134933096,8,-8.543283411925617e-06,HIGHER_RES_SAMPLING_REFERENCE,64,3,0.9947968778381736,0.47076462964410243,125,126,ADAPTED_SPHERICAL_KS_WORKFLOW_REPRODUCTION
1.9858463245949615e-06,vel2,-1.2667527126194317e-06,14.832397134933096,28.135371479901284,8,7.190936119755298e-07,HIGHER_RES_SAMPLING_REFERENCE,64,4,0.9947968778381736,0.47076462964410243,125,126,ADAPTED_SPHERICAL_KS_WORKFLOW_REPRODUCTION
6.090122864343961e-07,vel2,1.512167823930488e-06,28.135371479901284,53.36960176502269,8,9.03155537496092e-07,HIGHER_RES_SAMPLING_REFERENCE,64,5,0.9947968778381736,0.47076462964410243,125,126,ADAPTED_SPHERICAL_KS_WORKFLOW_REPRODUCTION
3.4434799856090936e-06,vel2,-1.4554857693969622e-06,53.36960176502269,101.23606843406442,8,1.9879942162121314e-06,HIGHER_RES_SAMPLING_REFERENCE,64,6,0.9947968778381736,0.47076462964410243,125,126,ADAPTED_SPHERICAL_KS_WORKFLOW_REPRODUCTION
1.51901492866785e-07,vel2,7.37618022082949e-08,101.23606843406442,192.03331509030292,8,-7.813969065849011e-08,HIGHER_RES_SAMPLING_REFERENCE,64,7,0.9947968778381736,0.47076462964410243,125,126,ADAPTED_SPHERICAL_KS_WORKFLOW_REPRODUCTION
3.3921627483954244e-05,vel2,-0.0005100248865782859,1.1302164885137453,2.1511666951179094,12,-0.0005439465140622402,HIGHER_RES_SAMPLING_REFERENCE,96,0,0.9999496246667231,0.06341452833649455,125,126,ADAPTED_SPHERICAL_KS_WORKFLOW_REPRODUCTION
4.520361150247197e-06,vel2,5.264394882563982e-05,2.1511666951179094,4.094364395859927,12,5.7164309975887017e-05,HIGHER_RES_SAMPLING_REFERENCE,96,1,0.9999496246667231,0.06341452833649455,125,126,ADAPTED_SPHERICAL_KS_WORKFLOW_REPRODUCTION
3.5022547329002868e-06,vel2,1.2560311492668017e-05,4.094364395859927,7.792896684450838,12,1.6062566225568304e-05,HIGHER_RES_SAMPLING_REFERENCE,96,2,0.9999496246667231,0.06341452833649455,125,126,ADAPTED_SPHERICAL_KS_WORKFLOW_REPRODUCTION
5.972181651863486e-07,vel2,-9.268361479650258e-06,7.792896684450838,14.832397134933096,12,-9.865579644836606e-06,HIGHER_RES_SAMPLING_REFERENCE,96,3,0.9999496246667231,0.06341452833649455,125,126,ADAPTED_SPHERICAL_KS_WORKFLOW_REPRODUCTION
1.4060318121024274e-06,vel2,8.00291591161071e-07,14.832397134933096,28.23083811791544,12,-6.057402209413565e-07,HIGHER_RES_SAMPLING_REFERENCE,96,4,0.9999496246667231,0.06341452833649455,125,126,ADAPTED_SPHERICAL_KS_WORKFLOW_REPRODUCTION
6.319417076993826e-07,vel2,5.494276837442808e-07,28.23083811791544,53.73239494531252,12,1.1813693914436634e-06,HIGHER_RES_SAMPLING_REFERENCE,96,5,0.9999496246667231,0.06341452833649455,125,126,ADAPTED_SPHERICAL_KS_WORKFLOW_REPRODUCTION
4.1021467725625086e-06,vel2,2.1347857212241525e-06,53.73239494531252,102.27008686386948,12,-1.967361051338356e-06,HIGHER_RES_SAMPLING_REFERENCE,96,6,0.9999496246667231,0.06341452833649455,125,126,ADAPTED_SPHERICAL_KS_WORKFLOW_REPRODUCTION
1.225995793169262e-06,vel2,2.8320089832514516e-07,102.27008686386948,194.6529775527125,12,-9.427948948441169e-07,HIGHER_RES_SAMPLING_REFERENCE,96,7,0.9999496246667231,0.06341452833649455,125,126,ADAPTED_SPHERICAL_KS_WORKFLOW_REPRODUCTION
0.0,vel2,-0.000501785322624685,1.1225854340129873,2.1402642060118655,16,-0.000501785322624685,HIGHER_RES_SAMPLING_REFERENCE,128,0,1.0000000000000002,0.0,125,126,ADAPTED_SPHERICAL_KS_WORKFLOW_REPRODUCTION
0.0,vel2,5.425252241000097e-05,2.1402642060118655,4.080518713983782,16,5.425252241000097e-05,HIGHER_RES_SAMPLING_REFERENCE,128,1,1.0000000000000002,0.0,125,126,ADAPTED_SPHERICAL_KS_WORKFLOW_REPRODUCTION
0.0,vel2,1.3492439851848018e-05,4.080518713983782,7.779709125817875,16,1.3492439851848018e-05,HIGHER_RES_SAMPLING_REFERENCE,128,2,1.0000000000000002,0.0,125,126,ADAPTED_SPHERICAL_KS_WORKFLOW_REPRODUCTION
0.0,vel2,-9.711203681739364e-06,7.779709125817875,14.832397134933096,16,-9.711203681739364e-06,HIGHER_RES_SAMPLING_REFERENCE,128,3,1.0000000000000002,0.0,125,126,ADAPTED_SPHERICAL_KS_WORKFLOW_REPRODUCTION
0.0,vel2,-1.4523929406720648e-07,14.832397134933096,28.278692841905322,16,-1.4523929406720648e-07,HIGHER_RES_SAMPLING_REFERENCE,128,4,1.0000000000000002,0.0,125,126,ADAPTED_SPHERICAL_KS_WORKFLOW_REPRODUCTION
0.0,vel2,5.484359734677854e-07,28.278692841905322,53.91471530676722,16,5.484359734677854e-07,HIGHER_RES_SAMPLING_REFERENCE,128,5,1.0000000000000002,0.0,125,126,ADAPTED_SPHERICAL_KS_WORKFLOW_REPRODUCTION
0.0,vel2,-9.571392216194737e-07,53.91471530676722,102.79104988552615,16,-9.571392216194737e-07,HIGHER_RES_SAMPLING_REFERENCE,128,6,1.0000000000000002,0.0,125,126,ADAPTED_SPHERICAL_KS_WORKFLOW_REPRODUCTION
0.0,vel2,-6.702224473396608e-07,102.79104988552615,195.97617972105846,16,-6.702224473396608e-07,HIGHER_RES_SAMPLING_REFERENCE,128,7,1.0000000000000002,0.0,125,126,ADAPTED_SPHERICAL_KS_WORKFLOW_REPRODUCTION
0.0021858730649739755,vel3,-0.009202466605955806,1.1456345721309733,2.1731385678184307,8,-0.011388339670929781,HIGHER_RES_SAMPLING_REFERENCE,64,0,0.9989554719355465,0.191043059893007,125,126,ADAPTED_SPHERICAL_KS_WORKFLOW_REPRODUCTION
5.6246965414175065e-06,vel3,-0.0011497246612179879,2.1731385678184307,4.122196859122056,8,-0.0011440999646765704,HIGHER_RES_SAMPLING_REFERENCE,64,1,0.9989554719355465,0.191043059893007,125,126,ADAPTED_SPHERICAL_KS_WORKFLOW_REPRODUCTION
1.7879545225696347e-05,vel3,0.0006038393702283429,4.122196859122056,7.819338903185626,8,0.0006217189154540392,HIGHER_RES_SAMPLING_REFERENCE,64,2,0.9989554719355465,0.191043059893007,125,126,ADAPTED_SPHERICAL_KS_WORKFLOW_REPRODUCTION
3.9026343131354224e-05,vel3,1.0567862545940443e-05,7.819338903185626,14.832397134933096,8,-2.845848058541378e-05,HIGHER_RES_SAMPLING_REFERENCE,64,3,0.9989554719355465,0.191043059893007,125,126,ADAPTED_SPHERICAL_KS_WORKFLOW_REPRODUCTION
2.7204484055687317e-05,vel3,-7.829033695827547e-05,14.832397134933096,28.135371479901284,8,-0.00010549482101396279,HIGHER_RES_SAMPLING_REFERENCE,64,4,0.9989554719355465,0.191043059893007,125,126,ADAPTED_SPHERICAL_KS_WORKFLOW_REPRODUCTION
0.00019846527165157113,vel3,-0.0009384752978718325,28.135371479901284,53.36960176502269,8,-0.0007400100262202614,HIGHER_RES_SAMPLING_REFERENCE,64,5,0.9989554719355465,0.191043059893007,125,126,ADAPTED_SPHERICAL_KS_WORKFLOW_REPRODUCTION
1.378424461506711e-05,vel3,0.0003730261644783184,53.36960176502269,101.23606843406442,8,0.00035924191986325127,HIGHER_RES_SAMPLING_REFERENCE,64,6,0.9989554719355465,0.191043059893007,125,126,ADAPTED_SPHERICAL_KS_WORKFLOW_REPRODUCTION
1.7138084059897807e-05,vel3,-7.735517314699791e-06,101.23606843406442,192.03331509030292,8,9.402566745198015e-06,HIGHER_RES_SAMPLING_REFERENCE,64,7,0.9989554719355465,0.191043059893007,125,126,ADAPTED_SPHERICAL_KS_WORKFLOW_REPRODUCTION
0.00044622762778056234,vel3,-0.010032110232748016,1.1302164885137453,2.1511666951179094,12,-0.010478337860528578,HIGHER_RES_SAMPLING_REFERENCE,96,0,0.9998628981837481,0.04487643675845481,125,126,ADAPTED_SPHERICAL_KS_WORKFLOW_REPRODUCTION
1.544388699888555e-05,vel3,-0.0011377568715505294,2.1511666951179094,4.094364395859927,12,-0.001153200758549415,HIGHER_RES_SAMPLING_REFERENCE,96,1,0.9998628981837481,0.04487643675845481,125,126,ADAPTED_SPHERICAL_KS_WORKFLOW_REPRODUCTION
0.00013521666817353068,vel3,0.0005241722903385245,4.094364395859927,7.792896684450838,12,0.0006593889585120552,HIGHER_RES_SAMPLING_REFERENCE,96,2,0.9998628981837481,0.04487643675845481,125,126,ADAPTED_SPHERICAL_KS_WORKFLOW_REPRODUCTION
1.0876385279819566e-05,vel3,-1.7889116533196e-05,7.792896684450838,14.832397134933096,12,-2.8765501813015566e-05,HIGHER_RES_SAMPLING_REFERENCE,96,3,0.9998628981837481,0.04487643675845481,125,126,ADAPTED_SPHERICAL_KS_WORKFLOW_REPRODUCTION
6.005073550517816e-06,vel3,-8.78313255599197e-05,14.832397134933096,28.23083811791544,12,-9.383639911043752e-05,HIGHER_RES_SAMPLING_REFERENCE,96,4,0.9998628981837481,0.04487643675845481,125,126,ADAPTED_SPHERICAL_KS_WORKFLOW_REPRODUCTION
8.990025980471763e-05,vel3,-0.0009106245329264682,28.23083811791544,53.73239494531252,12,-0.0008207242731217506,HIGHER_RES_SAMPLING_REFERENCE,96,5,0.9998628981837481,0.04487643675845481,125,126,ADAPTED_SPHERICAL_KS_WORKFLOW_REPRODUCTION
2.108048814119666e-05,vel3,0.00035451595554002744,53.73239494531252,102.27008686386948,12,0.0003755964436812241,HIGHER_RES_SAMPLING_REFERENCE,96,6,0.9998628981837481,0.04487643675845481,125,126,ADAPTED_SPHERICAL_KS_WORKFLOW_REPRODUCTION
2.93834606397754e-06,vel3,-9.452276850283768e-07,102.27008686386948,194.6529775527125,12,1.9931183789491635e-06,HIGHER_RES_SAMPLING_REFERENCE,96,7,0.9998628981837481,0.04487643675845481,125,126,ADAPTED_SPHERICAL_KS_WORKFLOW_REPRODUCTION
0.0,vel3,-0.010276918776625621,1.1225854340129873,2.1402642060118655,16,-0.010276918776625621,HIGHER_RES_SAMPLING_REFERENCE,128,0,1.0,0.0,125,126,ADAPTED_SPHERICAL_KS_WORKFLOW_REPRODUCTION
0.0,vel3,-0.0011033420409489736,2.1402642060118655,4.080518713983782,16,-0.0011033420409489736,HIGHER_RES_SAMPLING_REFERENCE,128,1,1.0,0.0,125,126,ADAPTED_SPHERICAL_KS_WORKFLOW_REPRODUCTION
0.0,vel3,0.0006201549880131552,4.080518713983782,7.779709125817875,16,0.0006201549880131552,HIGHER_RES_SAMPLING_REFERENCE,128,2,1.0,0.0,125,126,ADAPTED_SPHERICAL_KS_WORKFLOW_REPRODUCTION
0.0,vel3,-2.4259123193814958e-05,7.779709125817875,14.832397134933096,16,-2.4259123193814958e-05,HIGHER_RES_SAMPLING_REFERENCE,128,3,1.0,0.0,125,126,ADAPTED_SPHERICAL_KS_WORKFLOW_REPRODUCTION
0.0,vel3,-8.586240170060933e-05,14.832397134933096,28.278692841905322,16,-8.586240170060933e-05,HIGHER_RES_SAMPLING_REFERENCE,128,4,1.0,0.0,125,126,ADAPTED_SPHERICAL_KS_WORKFLOW_REPRODUCTION
0.0,vel3,-0.0008222127196724216,28.278692841905322,53.91471530676722,16,-0.0008222127196724216,HIGHER_RES_SAMPLING_REFERENCE,128,5,1.0,0.0,125,126,ADAPTED_SPHERICAL_KS_WORKFLOW_REPRODUCTION
0.0,vel3,0.00036775985508263886,53.91471530676722,102.79104988552615,16,0.00036775985508263886,HIGHER_RES_SAMPLING_REFERENCE,128,6,1.0,0.0,125,126,ADAPTED_SPHERICAL_KS_WORKFLOW_REPRODUCTION
0.0,vel3,1.0204028908056273e-05,102.79104988552615,195.97617972105846,16,1.0204028908056273e-05,HIGHER_RES_SAMPLING_REFERENCE,128,7,1.0,0.0,125,126,ADAPTED_SPHERICAL_KS_WORKFLOW_REPRODUCTION
0.0016135715576410803,Bcc1,0.0013006294526576312,1.1456345721309733,2.1731385678184307,8,0.0029142010102987115,HIGHER_RES_SAMPLING_REFERENCE,64,0,0.9992044097573102,0.554587244757967,150,151,ADAPTED_SPHERICAL_KS_WORKFLOW_REPRODUCTION
0.00014111164443875168,Bcc1,-7.314999299978808e-05,2.1731385678184307,4.122196859122056,8,-0.00021426163743853976,HIGHER_RES_SAMPLING_REFERENCE,64,1,0.9992044097573102,0.554587244757967,150,151,ADAPTED_SPHERICAL_KS_WORKFLOW_REPRODUCTION
4.6086140287115995e-05,Bcc1,-4.152946485191933e-05,4.122196859122056,7.819338903185626,8,4.5566754351966665e-06,HIGHER_RES_SAMPLING_REFERENCE,64,2,0.9992044097573102,0.554587244757967,150,151,ADAPTED_SPHERICAL_KS_WORKFLOW_REPRODUCTION
2.1284915558084094e-05,Bcc1,-1.1386133138557852e-05,7.819338903185626,14.832397134933096,8,9.898782419526242e-06,HIGHER_RES_SAMPLING_REFERENCE,64,3,0.9992044097573102,0.554587244757967,150,151,ADAPTED_SPHERICAL_KS_WORKFLOW_REPRODUCTION
2.930737110773407e-06,Bcc1,-3.7783573461069864e-06,14.832397134933096,28.135371479901284,8,-8.476202353335793e-07,HIGHER_RES_SAMPLING_REFERENCE,64,4,0.9992044097573102,0.554587244757967,150,151,ADAPTED_SPHERICAL_KS_WORKFLOW_REPRODUCTION
3.475428017235549e-06,Bcc1,4.39364544996268e-07,28.135371479901284,53.36960176502269,8,3.914792562231817e-06,HIGHER_RES_SAMPLING_REFERENCE,64,5,0.9992044097573102,0.554587244757967,150,151,ADAPTED_SPHERICAL_KS_WORKFLOW_REPRODUCTION
4.735779691289466e-06,Bcc1,1.5182622994380779e-06,53.36960176502269,101.23606843406442,8,-3.2175173918513877e-06,HIGHER_RES_SAMPLING_REFERENCE,64,6,0.9992044097573102,0.554587244757967,150,151,ADAPTED_SPHERICAL_KS_WORKFLOW_REPRODUCTION
7.4960112266264645e-06,Bcc1,3.948584652802012e-06,101.23606843406442,192.03331509030292,8,-3.5474265738244526e-06,HIGHER_RES_SAMPLING_REFERENCE,64,7,0.9992044097573102,0.554587244757967,150,151,ADAPTED_SPHERICAL_KS_WORKFLOW_REPRODUCTION
0.0008047833922925443,Bcc1,0.0021261901109836698,1.1302164885137453,2.1511666951179094,12,0.002930973503276214,HIGHER_RES_SAMPLING_REFERENCE,96,0,0.9977040118018703,0.27868052642362007,150,151,ADAPTED_SPHERICAL_KS_WORKFLOW_REPRODUCTION
0.0001365804760940524,Bcc1,-0.0001564027190094445,2.1511666951179094,4.094364395859927,12,-1.982224291539212e-05,HIGHER_RES_SAMPLING_REFERENCE,96,1,0.9977040118018703,0.27868052642362007,150,151,ADAPTED_SPHERICAL_KS_WORKFLOW_REPRODUCTION
2.6635489777820316e-05,Bcc1,-1.4943255783455916e-05,4.094364395859927,7.792896684450838,12,1.1692233994364398e-05,HIGHER_RES_SAMPLING_REFERENCE,96,2,0.9977040118018703,0.27868052642362007,150,151,ADAPTED_SPHERICAL_KS_WORKFLOW_REPRODUCTION
1.1784417487795644e-05,Bcc1,-5.848306686731222e-06,7.792896684450838,14.832397134933096,12,5.9361108010644214e-06,HIGHER_RES_SAMPLING_REFERENCE,96,3,0.9977040118018703,0.27868052642362007,150,151,ADAPTED_SPHERICAL_KS_WORKFLOW_REPRODUCTION
2.566342229952338e-06,Bcc1,-3.865942796176535e-06,14.832397134933096,28.23083811791544,12,-1.2996005662241967e-06,HIGHER_RES_SAMPLING_REFERENCE,96,4,0.9977040118018703,0.27868052642362007,150,151,ADAPTED_SPHERICAL_KS_WORKFLOW_REPRODUCTION
5.26854482314405e-06,Bcc1,2.307097722741168e-09,28.23083811791544,53.73239494531252,12,5.270851920866791e-06,HIGHER_RES_SAMPLING_REFERENCE,96,5,0.9977040118018703,0.27868052642362007,150,151,ADAPTED_SPHERICAL_KS_WORKFLOW_REPRODUCTION
1.49265219443843e-06,Bcc1,-1.3672958503350316e-06,53.73239494531252,102.27008686386948,12,1.2535634410339838e-07,HIGHER_RES_SAMPLING_REFERENCE,96,6,0.9977040118018703,0.27868052642362007,150,151,ADAPTED_SPHERICAL_KS_WORKFLOW_REPRODUCTION
1.2365767592444118e-06,Bcc1,1.1835070512911517e-06,102.27008686386948,194.6529775527125,12,-5.306970795326004e-08,HIGHER_RES_SAMPLING_REFERENCE,96,7,0.9977040118018703,0.27868052642362007,150,151,ADAPTED_SPHERICAL_KS_WORKFLOW_REPRODUCTION
0.0,Bcc1,0.0021862277482966874,1.1225854340129873,2.1402642060118655,16,0.0021862277482966874,HIGHER_RES_SAMPLING_REFERENCE,128,0,0.9999999999999998,0.0,150,151,ADAPTED_SPHERICAL_KS_WORKFLOW_REPRODUCTION
0.0,Bcc1,-0.00014413982304972706,2.1402642060118655,4.080518713983782,16,-0.00014413982304972706,HIGHER_RES_SAMPLING_REFERENCE,128,1,0.9999999999999998,0.0,150,151,ADAPTED_SPHERICAL_KS_WORKFLOW_REPRODUCTION
0.0,Bcc1,-1.9199353044285772e-05,4.080518713983782,7.779709125817875,16,-1.9199353044285772e-05,HIGHER_RES_SAMPLING_REFERENCE,128,2,0.9999999999999998,0.0,150,151,ADAPTED_SPHERICAL_KS_WORKFLOW_REPRODUCTION
0.0,Bcc1,7.227279503752015e-07,7.779709125817875,14.832397134933096,16,7.227279503752015e-07,HIGHER_RES_SAMPLING_REFERENCE,128,3,0.9999999999999998,0.0,150,151,ADAPTED_SPHERICAL_KS_WORKFLOW_REPRODUCTION
0.0,Bcc1,-1.919624598833991e-06,14.832397134933096,28.278692841905322,16,-1.919624598833991e-06,HIGHER_RES_SAMPLING_REFERENCE,128,4,0.9999999999999998,0.0,150,151,ADAPTED_SPHERICAL_KS_WORKFLOW_REPRODUCTION
0.0,Bcc1,2.4221620433528823e-06,28.278692841905322,53.91471530676722,16,2.4221620433528823e-06,HIGHER_RES_SAMPLING_REFERENCE,128,5,0.9999999999999998,0.0,150,151,ADAPTED_SPHERICAL_KS_WORKFLOW_REPRODUCTION
0.0,Bcc1,4.208830447494094e-07,53.91471530676722,102.79104988552615,16,4.208830447494094e-07,HIGHER_RES_SAMPLING_REFERENCE,128,6,0.9999999999999998,0.0,150,151,ADAPTED_SPHERICAL_KS_WORKFLOW_REPRODUCTION
0.0,Bcc1,1.851320957202418e-06,102.79104988552615,195.97617972105846,16,1.851320957202418e-06,HIGHER_RES_SAMPLING_REFERENCE,128,7,0.9999999999999998,0.0,150,151,ADAPTED_SPHERICAL_KS_WORKFLOW_REPRODUCTION
0.00047441393023084366,Bcc2,0.009317142794358801,1.1456345721309733,2.1731385678184307,8,0.009791556724589645,HIGHER_RES_SAMPLING_REFERENCE,64,0,0.9999707171425734,0.04876697893595056,150,151,ADAPTED_SPHERICAL_KS_WORKFLOW_REPRODUCTION
6.0357755443968264e-05,Bcc2,-0.00024174078688565803,2.1731385678184307,4.122196859122056,8,-0.00018138303144168977,HIGHER_RES_SAMPLING_REFERENCE,64,1,0.9999707171425734,0.04876697893595056,150,151,ADAPTED_SPHERICAL_KS_WORKFLOW_REPRODUCTION
7.990443646521683e-06,Bcc2,-0.0005276580850538948,4.122196859122056,7.819338903185626,8,-0.0005356485287004165,HIGHER_RES_SAMPLING_REFERENCE,64,2,0.9999707171425734,0.04876697893595056,150,151,ADAPTED_SPHERICAL_KS_WORKFLOW_REPRODUCTION
4.390393026215689e-08,Bcc2,4.555806369995613e-05,7.819338903185626,14.832397134933096,8,4.560196763021829e-05,HIGHER_RES_SAMPLING_REFERENCE,64,3,0.9999707171425734,0.04876697893595056,150,151,ADAPTED_SPHERICAL_KS_WORKFLOW_REPRODUCTION
7.663496441930734e-07,Bcc2,2.196686588551086e-06,14.832397134933096,28.135371479901284,8,2.9630362327441595e-06,HIGHER_RES_SAMPLING_REFERENCE,64,4,0.9999707171425734,0.04876697893595056,150,151,ADAPTED_SPHERICAL_KS_WORKFLOW_REPRODUCTION
4.592829056029868e-07,Bcc2,-3.658411198696754e-06,28.135371479901284,53.36960176502269,8,-4.117694104299741e-06,HIGHER_RES_SAMPLING_REFERENCE,64,5,0.9999707171425734,0.04876697893595056,150,151,ADAPTED_SPHERICAL_KS_WORKFLOW_REPRODUCTION
7.379913036405228e-08,Bcc2,3.5898125739976944e-07,53.36960176502269,101.23606843406442,8,4.327803877638217e-07,HIGHER_RES_SAMPLING_REFERENCE,64,6,0.9999707171425734,0.04876697893595056,150,151,ADAPTED_SPHERICAL_KS_WORKFLOW_REPRODUCTION
9.228687520505385e-09,Bcc2,2.1961398144097147e-08,101.23606843406442,192.03331509030292,8,3.119008566460253e-08,HIGHER_RES_SAMPLING_REFERENCE,64,7,0.9999707171425734,0.04876697893595056,150,151,ADAPTED_SPHERICAL_KS_WORKFLOW_REPRODUCTION
0.0004554103460960787,Bcc2,0.009619705008418052,1.1302164885137453,2.1511666951179094,12,0.009164294662321973,HIGHER_RES_SAMPLING_REFERENCE,96,0,0.9999895111332198,0.04982313146138327,150,151,ADAPTED_SPHERICAL_KS_WORKFLOW_REPRODUCTION
4.3219418217001904e-05,Bcc2,-0.00025216513415108704,2.1511666951179094,4.094364395859927,12,-0.00020894571593408514,HIGHER_RES_SAMPLING_REFERENCE,96,1,0.9999895111332198,0.04982313146138327,150,151,ADAPTED_SPHERICAL_KS_WORKFLOW_REPRODUCTION
3.3013066396055677e-06,Bcc2,-0.0005224583660466182,4.094364395859927,7.792896684450838,12,-0.0005257596726862238,HIGHER_RES_SAMPLING_REFERENCE,96,2,0.9999895111332198,0.04982313146138327,150,151,ADAPTED_SPHERICAL_KS_WORKFLOW_REPRODUCTION
6.616200399273597e-08,Bcc2,4.487899835562476e-05,7.792896684450838,14.832397134933096,12,4.4812836351632024e-05,HIGHER_RES_SAMPLING_REFERENCE,96,3,0.9999895111332198,0.04982313146138327,150,151,ADAPTED_SPHERICAL_KS_WORKFLOW_REPRODUCTION
3.3281648618319745e-07,Bcc2,2.2244246367159667e-06,14.832397134933096,28.23083811791544,12,2.557241122899164e-06,HIGHER_RES_SAMPLING_REFERENCE,96,4,0.9999895111332198,0.04982313146138327,150,151,ADAPTED_SPHERICAL_KS_WORKFLOW_REPRODUCTION
1.551115495007433e-07,Bcc2,-3.7085481057648937e-06,28.23083811791544,53.73239494531252,12,-3.863659655265637e-06,HIGHER_RES_SAMPLING_REFERENCE,96,5,0.9999895111332198,0.04982313146138327,150,151,ADAPTED_SPHERICAL_KS_WORKFLOW_REPRODUCTION
5.489395835934488e-08,Bcc2,3.7270199998800183e-07,53.73239494531252,102.27008686386948,12,4.275959583473467e-07,HIGHER_RES_SAMPLING_REFERENCE,96,6,0.9999895111332198,0.04982313146138327,150,151,ADAPTED_SPHERICAL_KS_WORKFLOW_REPRODUCTION
4.704519613083387e-09,Bcc2,2.6351500111039077e-08,102.27008686386948,194.6529775527125,12,3.1056019724122464e-08,HIGHER_RES_SAMPLING_REFERENCE,96,7,0.9999895111332198,0.04982313146138327,150,151,ADAPTED_SPHERICAL_KS_WORKFLOW_REPRODUCTION
0.0,Bcc2,0.009441120079775434,1.1225854340129873,2.1402642060118655,16,0.009441120079775434,HIGHER_RES_SAMPLING_REFERENCE,128,0,1.0000000000000002,0.0,150,151,ADAPTED_SPHERICAL_KS_WORKFLOW_REPRODUCTION
0.0,Bcc2,-0.00023514875483682945,2.1402642060118655,4.080518713983782,16,-0.00023514875483682945,HIGHER_RES_SAMPLING_REFERENCE,128,1,1.0000000000000002,0.0,150,151,ADAPTED_SPHERICAL_KS_WORKFLOW_REPRODUCTION
0.0,Bcc2,-0.0005234829657319029,4.080518713983782,7.779709125817875,16,-0.0005234829657319029,HIGHER_RES_SAMPLING_REFERENCE,128,2,1.0000000000000002,0.0,150,151,ADAPTED_SPHERICAL_KS_WORKFLOW_REPRODUCTION
0.0,Bcc2,4.5378577294400216e-05,7.779709125817875,14.832397134933096,16,4.5378577294400216e-05,HIGHER_RES_SAMPLING_REFERENCE,128,3,1.0000000000000002,0.0,150,151,ADAPTED_SPHERICAL_KS_WORKFLOW_REPRODUCTION
0.0,Bcc2,2.1594086745404476e-06,14.832397134933096,28.278692841905322,16,2.1594086745404476e-06,HIGHER_RES_SAMPLING_REFERENCE,128,4,1.0000000000000002,0.0,150,151,ADAPTED_SPHERICAL_KS_WORKFLOW_REPRODUCTION
0.0,Bcc2,-3.8081544605416892e-06,28.278692841905322,53.91471530676722,16,-3.8081544605416892e-06,HIGHER_RES_SAMPLING_REFERENCE,128,5,1.0000000000000002,0.0,150,151,ADAPTED_SPHERICAL_KS_WORKFLOW_REPRODUCTION
0.0,Bcc2,4.0384079743113884e-07,53.91471530676722,102.79104988552615,16,4.0384079743113884e-07,HIGHER_RES_SAMPLING_REFERENCE,128,6,1.0000000000000002,0.0,150,151,ADAPTED_SPHERICAL_KS_WORKFLOW_REPRODUCTION
0.0,Bcc2,1.645503973862102e-08,102.79104988552615,195.97617972105846,16,1.645503973862102e-08,HIGHER_RES_SAMPLING_REFERENCE,128,7,1.0000000000000002,0.0,150,151,ADAPTED_SPHERICAL_KS_WORKFLOW_REPRODUCTION
0.11835746676618442,Bcc3,-0.09862853914782477,1.1456345721309733,2.1731385678184307,8,-0.21698600591400918,HIGHER_RES_SAMPLING_REFERENCE,64,0,0.999771498355667,0.5452998918186014,150,151,ADAPTED_SPHERICAL_KS_WORKFLOW_REPRODUCTION
0.0009085386163860676,Bcc3,0.0046242704797805345,2.1731385678184307,4.122196859122056,8,0.005532809096166602,HIGHER_RES_SAMPLING_REFERENCE,64,1,0.999771498355667,0.5452998918186014,150,151,ADAPTED_SPHERICAL_KS_WORKFLOW_REPRODUCTION
2.8593482465311126e-05,Bcc3,-0.00017672260074874657,4.122196859122056,7.819338903185626,8,-0.0002053160832140577,HIGHER_RES_SAMPLING_REFERENCE,64,2,0.999771498355667,0.5452998918186014,150,151,ADAPTED_SPHERICAL_KS_WORKFLOW_REPRODUCTION
1.9870447309555672e-05,Bcc3,2.5414774083465375e-05,7.819338903185626,14.832397134933096,8,5.544326773909702e-06,HIGHER_RES_SAMPLING_REFERENCE,64,3,0.999771498355667,0.5452998918186014,150,151,ADAPTED_SPHERICAL_KS_WORKFLOW_REPRODUCTION
4.60612475805533e-06,Bcc3,-4.3818701922049286e-05,14.832397134933096,28.135371479901284,8,-3.9212577163993956e-05,HIGHER_RES_SAMPLING_REFERENCE,64,4,0.999771498355667,0.5452998918186014,150,151,ADAPTED_SPHERICAL_KS_WORKFLOW_REPRODUCTION
6.593670748067382e-06,Bcc3,2.249203323145821e-06,28.135371479901284,53.36960176502269,8,-4.344467424921561e-06,HIGHER_RES_SAMPLING_REFERENCE,64,5,0.999771498355667,0.5452998918186014,150,151,ADAPTED_SPHERICAL_KS_WORKFLOW_REPRODUCTION
2.142369530666599e-07,Bcc3,-7.568393594059586e-07,53.36960176502269,101.23606843406442,8,-5.426024063392987e-07,HIGHER_RES_SAMPLING_REFERENCE,64,6,0.999771498355667,0.5452998918186014,150,151,ADAPTED_SPHERICAL_KS_WORKFLOW_REPRODUCTION
9.123408406530586e-07,Bcc3,-2.7828311082236934e-07,101.23606843406442,192.03331509030292,8,6.340577298306893e-07,HIGHER_RES_SAMPLING_REFERENCE,64,7,0.999771498355667,0.5452998918186014,150,151,ADAPTED_SPHERICAL_KS_WORKFLOW_REPRODUCTION
0.0043112597366467,Bcc3,-0.17503018061569053,1.1302164885137453,2.1511666951179094,12,-0.17071892087904383,HIGHER_RES_SAMPLING_REFERENCE,96,0,0.9999921544506774,0.025460406380263072,150,151,ADAPTED_SPHERICAL_KS_WORKFLOW_REPRODUCTION
0.0005424143285979342,Bcc3,0.004557683957066864,2.1511666951179094,4.094364395859927,12,0.005100098285664798,HIGHER_RES_SAMPLING_REFERENCE,96,1,0.9999921544506774,0.025460406380263072,150,151,ADAPTED_SPHERICAL_KS_WORKFLOW_REPRODUCTION
0.00016823725611019385,Bcc3,-0.00012003764990077393,4.094364395859927,7.792896684450838,12,-0.0002882749060109678,HIGHER_RES_SAMPLING_REFERENCE,96,2,0.9999921544506774,0.025460406380263072,150,151,ADAPTED_SPHERICAL_KS_WORKFLOW_REPRODUCTION
2.790802440568154e-06,Bcc3,2.077035929401758e-05,7.792896684450838,14.832397134933096,12,1.7979556853449425e-05,HIGHER_RES_SAMPLING_REFERENCE,96,3,0.9999921544506774,0.025460406380263072,150,151,ADAPTED_SPHERICAL_KS_WORKFLOW_REPRODUCTION
1.1181168348068023e-05,Bcc3,-4.7400648996537494e-05,14.832397134933096,28.23083811791544,12,-3.621948064846947e-05,HIGHER_RES_SAMPLING_REFERENCE,96,4,0.9999921544506774,0.025460406380263072,150,151,ADAPTED_SPHERICAL_KS_WORKFLOW_REPRODUCTION
1.1329583347535138e-06,Bcc3,-1.0077270223552692e-06,28.23083811791544,53.73239494531252,12,-2.140685357108783e-06,HIGHER_RES_SAMPLING_REFERENCE,96,5,0.9999921544506774,0.025460406380263072,150,151,ADAPTED_SPHERICAL_KS_WORKFLOW_REPRODUCTION
1.4674048425091626e-06,Bcc3,-6.715601683637829e-07,53.73239494531252,102.27008686386948,12,7.958446741453797e-07,HIGHER_RES_SAMPLING_REFERENCE,96,6,0.9999921544506774,0.025460406380263072,150,151,ADAPTED_SPHERICAL_KS_WORKFLOW_REPRODUCTION
1.0858640375369408e-08,Bcc3,-5.741167259962518e-09,102.27008686386948,194.6529775527125,12,5.11747311540689e-09,HIGHER_RES_SAMPLING_REFERENCE,96,7,0.9999921544506774,0.025460406380263072,150,151,ADAPTED_SPHERICAL_KS_WORKFLOW_REPRODUCTION
0.0,Bcc3,-0.15809175526251096,1.1225854340129873,2.1402642060118655,16,-0.15809175526251096,HIGHER_RES_SAMPLING_REFERENCE,128,0,1.0,0.0,150,151,ADAPTED_SPHERICAL_KS_WORKFLOW_REPRODUCTION
0.0,Bcc3,0.004900412228124651,2.1402642060118655,4.080518713983782,16,0.004900412228124651,HIGHER_RES_SAMPLING_REFERENCE,128,1,1.0,0.0,150,151,ADAPTED_SPHERICAL_KS_WORKFLOW_REPRODUCTION
0.0,Bcc3,-0.00019440283270899528,4.080518713983782,7.779709125817875,16,-0.00019440283270899528,HIGHER_RES_SAMPLING_REFERENCE,128,2,1.0,0.0,150,151,ADAPTED_SPHERICAL_KS_WORKFLOW_REPRODUCTION
0.0,Bcc3,2.677064699802001e-05,7.779709125817875,14.832397134933096,16,2.677064699802001e-05,HIGHER_RES_SAMPLING_REFERENCE,128,3,1.0,0.0,150,151,ADAPTED_SPHERICAL_KS_WORKFLOW_REPRODUCTION
0.0,Bcc3,-4.314763871904326e-05,14.832397134933096,28.278692841905322,16,-4.314763871904326e-05,HIGHER_RES_SAMPLING_REFERENCE,128,4,1.0,0.0,150,151,ADAPTED_SPHERICAL_KS_WORKFLOW_REPRODUCTION
0.0,Bcc3,-1.008556304693542e-06,28.278692841905322,53.91471530676722,16,-1.008556304693542e-06,HIGHER_RES_SAMPLING_REFERENCE,128,5,1.0,0.0,150,151,ADAPTED_SPHERICAL_KS_WORKFLOW_REPRODUCTION
0.0,Bcc3,1.0925205939926741e-07,53.91471530676722,102.79104988552615,16,1.0925205939926741e-07,HIGHER_RES_SAMPLING_REFERENCE,128,6,1.0,0.0,150,151,ADAPTED_SPHERICAL_KS_WORKFLOW_REPRODUCTION
0.0,Bcc3,2.3834680849214168e-08,102.79104988552615,195.97617972105846,16,2.3834680849214168e-08,HIGHER_RES_SAMPLING_REFERENCE,128,7,1.0,0.0,150,151,ADAPTED_SPHERICAL_KS_WORKFLOW_REPRODUCTION
0.004117527426387824,rho,-0.10467144238509718,1.1456345721309733,2.1731385678184307,8,-0.10055391495870936,HIGHER_RES_SAMPLING_REFERENCE,64,0,0.9996965885046234,0.035894846067317014,150,151,ADAPTED_SPHERICAL_KS_WORKFLOW_REPRODUCTION
4.3330640608019166e-05,rho,-0.07766566461759794,2.1731385678184307,4.122196859122056,8,-0.07762233397698992,HIGHER_RES_SAMPLING_REFERENCE,64,1,0.9996965885046234,0.035894846067317014,150,151,ADAPTED_SPHERICAL_KS_WORKFLOW_REPRODUCTION
0.0018881383850981592,rho,0.00047676271596941433,4.122196859122056,7.819338903185626,8,-0.001411375669128745,HIGHER_RES_SAMPLING_REFERENCE,64,2,0.9996965885046234,0.035894846067317014,150,151,ADAPTED_SPHERICAL_KS_WORKFLOW_REPRODUCTION
0.0005426027707784442,rho,0.004322136316141645,7.819338903185626,14.832397134933096,8,0.004864739086920089,HIGHER_RES_SAMPLING_REFERENCE,64,3,0.9996965885046234,0.035894846067317014,150,151,ADAPTED_SPHERICAL_KS_WORKFLOW_REPRODUCTION
4.1343440405627874e-05,rho,0.0014303133266546642,14.832397134933096,28.135371479901284,8,0.0013889698862490363,HIGHER_RES_SAMPLING_REFERENCE,64,4,0.9996965885046234,0.035894846067317014,150,151,ADAPTED_SPHERICAL_KS_WORKFLOW_REPRODUCTION
7.586507824064448e-05,rho,0.00041958439277178794,28.135371479901284,53.36960176502269,8,0.0004954494710124324,HIGHER_RES_SAMPLING_REFERENCE,64,5,0.9996965885046234,0.035894846067317014,150,151,ADAPTED_SPHERICAL_KS_WORKFLOW_REPRODUCTION
6.113636522087074e-05,rho,6.347850285698398e-05,53.36960176502269,101.23606843406442,8,0.0001246148680778547,HIGHER_RES_SAMPLING_REFERENCE,64,6,0.9996965885046234,0.035894846067317014,150,151,ADAPTED_SPHERICAL_KS_WORKFLOW_REPRODUCTION
5.129563718231367e-10,rho,-0.00017794634512952046,101.23606843406442,192.03331509030292,8,-0.00017794685808589228,HIGHER_RES_SAMPLING_REFERENCE,64,7,0.9996965885046234,0.035894846067317014,150,151,ADAPTED_SPHERICAL_KS_WORKFLOW_REPRODUCTION
0.005504232186703359,rho,-0.11786199198697297,1.1302164885137453,2.1511666951179094,12,-0.11235775980026962,HIGHER_RES_SAMPLING_REFERENCE,96,0,0.9998597611255632,0.04066811724321665,150,151,ADAPTED_SPHERICAL_KS_WORKFLOW_REPRODUCTION
0.0009874267614712329,rho,-0.0802776021934935,2.1511666951179094,4.094364395859927,12,-0.07929017543202227,HIGHER_RES_SAMPLING_REFERENCE,96,1,0.9998597611255632,0.04066811724321665,150,151,ADAPTED_SPHERICAL_KS_WORKFLOW_REPRODUCTION
0.00014307824684823135,rho,0.0013177732573589546,4.094364395859927,7.792896684450838,12,0.0011746950105107233,HIGHER_RES_SAMPLING_REFERENCE,96,2,0.9998597611255632,0.04066811724321665,150,151,ADAPTED_SPHERICAL_KS_WORKFLOW_REPRODUCTION
0.00012792285713071876,rho,0.004227254385580655,7.792896684450838,14.832397134933096,12,0.004355177242711374,HIGHER_RES_SAMPLING_REFERENCE,96,3,0.9998597611255632,0.04066811724321665,150,151,ADAPTED_SPHERICAL_KS_WORKFLOW_REPRODUCTION
2.5059747107581765e-05,rho,0.0013828902816227218,14.832397134933096,28.23083811791544,12,0.0014079500287303036,HIGHER_RES_SAMPLING_REFERENCE,96,4,0.9998597611255632,0.04066811724321665,150,151,ADAPTED_SPHERICAL_KS_WORKFLOW_REPRODUCTION
6.923677543643243e-05,rho,0.0004838325606330717,28.23083811791544,53.73239494531252,12,0.0005530693360695041,HIGHER_RES_SAMPLING_REFERENCE,96,5,0.9998597611255632,0.04066811724321665,150,151,ADAPTED_SPHERICAL_KS_WORKFLOW_REPRODUCTION
3.3060321172360746e-06,rho,7.254162042166265e-05,53.73239494531252,102.27008686386948,12,6.923558830442657e-05,HIGHER_RES_SAMPLING_REFERENCE,96,6,0.9998597611255632,0.04066811724321665,150,151,ADAPTED_SPHERICAL_KS_WORKFLOW_REPRODUCTION
2.82732754667733e-05,rho,-0.00021209309827574106,102.27008686386948,194.6529775527125,12,-0.00018381982280896777,HIGHER_RES_SAMPLING_REFERENCE,96,7,0.9998597611255632,0.04066811724321665,150,151,ADAPTED_SPHERICAL_KS_WORKFLOW_REPRODUCTION
0.0,rho,-0.10348748594924473,1.1225854340129873,2.1402642060118655,16,-0.10348748594924473,HIGHER_RES_SAMPLING_REFERENCE,128,0,0.9999999999999998,0.0,150,151,ADAPTED_SPHERICAL_KS_WORKFLOW_REPRODUCTION
0.0,rho,-0.07635315780152041,2.1402642060118655,4.080518713983782,16,-0.07635315780152041,HIGHER_RES_SAMPLING_REFERENCE,128,1,0.9999999999999998,0.0,150,151,ADAPTED_SPHERICAL_KS_WORKFLOW_REPRODUCTION
0.0,rho,0.0004280758801087359,4.080518713983782,7.779709125817875,16,0.0004280758801087359,HIGHER_RES_SAMPLING_REFERENCE,128,2,0.9999999999999998,0.0,150,151,ADAPTED_SPHERICAL_KS_WORKFLOW_REPRODUCTION
0.0,rho,0.004322595500328097,7.779709125817875,14.832397134933096,16,0.004322595500328097,HIGHER_RES_SAMPLING_REFERENCE,128,3,0.9999999999999998,0.0,150,151,ADAPTED_SPHERICAL_KS_WORKFLOW_REPRODUCTION
0.0,rho,0.0014303260942412632,14.832397134933096,28.278692841905322,16,0.0014303260942412632,HIGHER_RES_SAMPLING_REFERENCE,128,4,0.9999999999999998,0.0,150,151,ADAPTED_SPHERICAL_KS_WORKFLOW_REPRODUCTION
0.0,rho,0.000504323794284188,28.278692841905322,53.91471530676722,16,0.000504323794284188,HIGHER_RES_SAMPLING_REFERENCE,128,5,0.9999999999999998,0.0,150,151,ADAPTED_SPHERICAL_KS_WORKFLOW_REPRODUCTION
0.0,rho,9.177128655130096e-05,53.91471530676722,102.79104988552615,16,9.177128655130096e-05,HIGHER_RES_SAMPLING_REFERENCE,128,6,0.9999999999999998,0.0,150,151,ADAPTED_SPHERICAL_KS_WORKFLOW_REPRODUCTION
0.0,rho,-0.0001525503076691831,102.79104988552615,195.97617972105846,16,-0.0001525503076691831,HIGHER_RES_SAMPLING_REFERENCE,128,7,0.9999999999999998,0.0,150,151,ADAPTED_SPHERICAL_KS_WORKFLOW_REPRODUCTION
0.011655825772933781,press,-0.043473638867496334,1.1456345721309733,2.1731385678184307,8,-0.055129464640430115,HIGHER_RES_SAMPLING_REFERENCE,64,0,0.9999669326335567,0.2114935639259972,150,151,ADAPTED_SPHERICAL_KS_WORKFLOW_REPRODUCTION
0.00030086944003215876,press,-0.0005166262219713502,2.1731385678184307,4.122196859122056,8,-0.00021575678193919146,HIGHER_RES_SAMPLING_REFERENCE,64,1,0.9999669326335567,0.2114935639259972,150,151,ADAPTED_SPHERICAL_KS_WORKFLOW_REPRODUCTION
2.0547003322102242e-05,press,0.00025558037982276183,4.122196859122056,7.819338903185626,8,0.00023503337650065959,HIGHER_RES_SAMPLING_REFERENCE,64,2,0.9999669326335567,0.2114935639259972,150,151,ADAPTED_SPHERICAL_KS_WORKFLOW_REPRODUCTION
6.5778301643337755e-06,press,4.905775307256777e-05,7.819338903185626,14.832397134933096,8,5.563558323690154e-05,HIGHER_RES_SAMPLING_REFERENCE,64,3,0.9999669326335567,0.2114935639259972,150,151,ADAPTED_SPHERICAL_KS_WORKFLOW_REPRODUCTION
1.6973509087137018e-07,press,6.5439375417780665e-06,14.832397134933096,28.135371479901284,8,6.713672632649437e-06,HIGHER_RES_SAMPLING_REFERENCE,64,4,0.9999669326335567,0.2114935639259972,150,151,ADAPTED_SPHERICAL_KS_WORKFLOW_REPRODUCTION
1.2941863824014743e-07,press,1.857959626341138e-07,28.135371479901284,53.36960176502269,8,3.1521460087426123e-07,HIGHER_RES_SAMPLING_REFERENCE,64,5,0.9999669326335567,0.2114935639259972,150,151,ADAPTED_SPHERICAL_KS_WORKFLOW_REPRODUCTION
8.76713374693e-08,press,2.3353809601965592e-07,53.36960176502269,101.23606843406442,8,3.212094334889559e-07,HIGHER_RES_SAMPLING_REFERENCE,64,6,0.9999669326335567,0.2114935639259972,150,151,ADAPTED_SPHERICAL_KS_WORKFLOW_REPRODUCTION
3.256666859796642e-09,press,-3.0417576336351504e-07,101.23606843406442,192.03331509030292,8,-3.074324302233117e-07,HIGHER_RES_SAMPLING_REFERENCE,64,7,0.9999669326335567,0.2114935639259972,150,151,ADAPTED_SPHERICAL_KS_WORKFLOW_REPRODUCTION
0.0022203551159552457,press,-0.053012953398740174,1.1302164885137453,2.1511666951179094,12,-0.05523330851469542,HIGHER_RES_SAMPLING_REFERENCE,96,0,0.9999956298925285,0.040273361188156685,150,151,ADAPTED_SPHERICAL_KS_WORKFLOW_REPRODUCTION
0.00013155880131842388,press,-0.0007006108142917356,2.1511666951179094,4.094364395859927,12,-0.0005690520129733117,HIGHER_RES_SAMPLING_REFERENCE,96,1,0.9999956298925285,0.040273361188156685,150,151,ADAPTED_SPHERICAL_KS_WORKFLOW_REPRODUCTION
3.831076763198912e-05,press,0.000247242923673162,4.094364395859927,7.792896684450838,12,0.0002855536913051511,HIGHER_RES_SAMPLING_REFERENCE,96,2,0.9999956298925285,0.040273361188156685,150,151,ADAPTED_SPHERICAL_KS_WORKFLOW_REPRODUCTION
1.5577727624875096e-06,press,4.837132805737112e-05,7.792896684450838,14.832397134933096,12,4.992910081985863e-05,HIGHER_RES_SAMPLING_REFERENCE,96,3,0.9999956298925285,0.040273361188156685,150,151,ADAPTED_SPHERICAL_KS_WORKFLOW_REPRODUCTION
2.2966064858290274e-07,press,6.4058934878243305e-06,14.832397134933096,28.23083811791544,12,6.635554136407233e-06,HIGHER_RES_SAMPLING_REFERENCE,96,4,0.9999956298925285,0.040273361188156685,150,151,ADAPTED_SPHERICAL_KS_WORKFLOW_REPRODUCTION
1.8154695829688786e-07,press,2.7104190518481666e-07,28.23083811791544,53.73239494531252,12,4.525888634817045e-07,HIGHER_RES_SAMPLING_REFERENCE,96,5,0.9999956298925285,0.040273361188156685,150,151,ADAPTED_SPHERICAL_KS_WORKFLOW_REPRODUCTION
1.7744237633244944e-08,press,2.395319098229008e-07,53.73239494531252,102.27008686386948,12,2.2178767218965584e-07,HIGHER_RES_SAMPLING_REFERENCE,96,6,0.9999956298925285,0.040273361188156685,150,151,ADAPTED_SPHERICAL_KS_WORKFLOW_REPRODUCTION
3.874217922964043e-08,press,-3.4559735734039387e-07,102.27008686386948,194.6529775527125,12,-3.0685517811075344e-07,HIGHER_RES_SAMPLING_REFERENCE,96,7,0.9999956298925285,0.040273361188156685,150,151,ADAPTED_SPHERICAL_KS_WORKFLOW_REPRODUCTION
0.0,press,-0.049624697024803766,1.1225854340129873,2.1402642060118655,16,-0.049624697024803766,HIGHER_RES_SAMPLING_REFERENCE,128,0,1.0,0.0,150,151,ADAPTED_SPHERICAL_KS_WORKFLOW_REPRODUCTION
0.0,press,-0.0003502585971215666,2.1402642060118655,4.080518713983782,16,-0.0003502585971215666,HIGHER_RES_SAMPLING_REFERENCE,128,1,1.0,0.0,150,151,ADAPTED_SPHERICAL_KS_WORKFLOW_REPRODUCTION
0.0,press,0.000249739897866752,4.080518713983782,7.779709125817875,16,0.000249739897866752,HIGHER_RES_SAMPLING_REFERENCE,128,2,1.0,0.0,150,151,ADAPTED_SPHERICAL_KS_WORKFLOW_REPRODUCTION
0.0,press,4.922589926297655e-05,7.779709125817875,14.832397134933096,16,4.922589926297655e-05,HIGHER_RES_SAMPLING_REFERENCE,128,3,1.0,0.0,150,151,ADAPTED_SPHERICAL_KS_WORKFLOW_REPRODUCTION
0.0,press,6.5876604227292634e-06,14.832397134933096,28.278692841905322,16,6.5876604227292634e-06,HIGHER_RES_SAMPLING_REFERENCE,128,4,1.0,0.0,150,151,ADAPTED_SPHERICAL_KS_WORKFLOW_REPRODUCTION
0.0,press,3.4770840173152344e-07,28.278692841905322,53.91471530676722,16,3.4770840173152344e-07,HIGHER_RES_SAMPLING_REFERENCE,128,5,1.0,0.0,150,151,ADAPTED_SPHERICAL_KS_WORKFLOW_REPRODUCTION
0.0,press,2.7102017288770444e-07,53.91471530676722,102.79104988552615,16,2.7102017288770444e-07,HIGHER_RES_SAMPLING_REFERENCE,128,6,1.0,0.0,150,151,ADAPTED_SPHERICAL_KS_WORKFLOW_REPRODUCTION
0.0,press,-2.700412521749844e-07,102.79104988552615,195.97617972105846,16,-2.700412521749844e-07,HIGHER_RES_SAMPLING_REFERENCE,128,7,1.0,0.0,150,151,ADAPTED_SPHERICAL_KS_WORKFLOW_REPRODUCTION
7.721064810084499e-05,vel1,0.0002926508774407921,1.1456345721309733,2.1731385678184307,8,0.0002154402293399471,HIGHER_RES_SAMPLING_REFERENCE,64,0,0.9998202700842368,0.05485559263989878,150,151,ADAPTED_SPHERICAL_KS_WORKFLOW_REPRODUCTION
0.00018407321520186315,vel1,-0.0011573403430489293,2.1731385678184307,4.122196859122056,8,-0.0009732671278470661,HIGHER_RES_SAMPLING_REFERENCE,64,1,0.9998202700842368,0.05485559263989878,150,151,ADAPTED_SPHERICAL_KS_WORKFLOW_REPRODUCTION
0.00011474699999780569,vel1,-0.00465345762393099,4.122196859122056,7.819338903185626,8,-0.004538710623933184,HIGHER_RES_SAMPLING_REFERENCE,64,2,0.9998202700842368,0.05485559263989878,150,151,ADAPTED_SPHERICAL_KS_WORKFLOW_REPRODUCTION
0.00018955511859530816,vel1,-0.005094634227475581,7.819338903185626,14.832397134933096,8,-0.0049050791088802725,HIGHER_RES_SAMPLING_REFERENCE,64,3,0.9998202700842368,0.05485559263989878,150,151,ADAPTED_SPHERICAL_KS_WORKFLOW_REPRODUCTION
0.0002041838694424314,vel1,0.0030553819646854663,14.832397134933096,28.135371479901284,8,0.002851198095243035,HIGHER_RES_SAMPLING_REFERENCE,64,4,0.9998202700842368,0.05485559263989878,150,151,ADAPTED_SPHERICAL_KS_WORKFLOW_REPRODUCTION
0.00015690557991376863,vel1,0.0024313225031917796,28.135371479901284,53.36960176502269,8,0.002274416923278011,HIGHER_RES_SAMPLING_REFERENCE,64,5,0.9998202700842368,0.05485559263989878,150,151,ADAPTED_SPHERICAL_KS_WORKFLOW_REPRODUCTION
0.0002616648462350213,vel1,0.00724227722466253,53.36960176502269,101.23606843406442,8,0.006980612378427509,HIGHER_RES_SAMPLING_REFERENCE,64,6,0.9998202700842368,0.05485559263989878,150,151,ADAPTED_SPHERICAL_KS_WORKFLOW_REPRODUCTION
0.0005595318743871758,vel1,0.008968132038830845,101.23606843406442,192.03331509030292,8,0.00840860016444367,HIGHER_RES_SAMPLING_REFERENCE,64,7,0.9998202700842368,0.05485559263989878,150,151,ADAPTED_SPHERICAL_KS_WORKFLOW_REPRODUCTION
0.00010980654249376836,vel1,0.00015942460336022864,1.1302164885137453,2.1511666951179094,12,0.000269231145853997,HIGHER_RES_SAMPLING_REFERENCE,96,0,0.9997508527723685,0.02666180772516845,150,151,ADAPTED_SPHERICAL_KS_WORKFLOW_REPRODUCTION
0.00011978976655137156,vel1,-0.0012069860632685184,2.1511666951179094,4.094364395859927,12,-0.0010871962967171469,HIGHER_RES_SAMPLING_REFERENCE,96,1,0.9997508527723685,0.02666180772516845,150,151,ADAPTED_SPHERICAL_KS_WORKFLOW_REPRODUCTION
3.292348099892886e-06,vel1,-0.004624647174616122,4.094364395859927,7.792896684450838,12,-0.004621354826516229,HIGHER_RES_SAMPLING_REFERENCE,96,2,0.9997508527723685,0.02666180772516845,150,151,ADAPTED_SPHERICAL_KS_WORKFLOW_REPRODUCTION
3.305732631512636e-05,vel1,-0.004880413542903423,7.792896684450838,14.832397134933096,12,-0.004913470869218549,HIGHER_RES_SAMPLING_REFERENCE,96,3,0.9997508527723685,0.02666180772516845,150,151,ADAPTED_SPHERICAL_KS_WORKFLOW_REPRODUCTION
0.00017101552223855974,vel1,0.003038029061481548,14.832397134933096,28.23083811791544,12,0.0028670135392429882,HIGHER_RES_SAMPLING_REFERENCE,96,4,0.9997508527723685,0.02666180772516845,150,151,ADAPTED_SPHERICAL_KS_WORKFLOW_REPRODUCTION
0.00012760456837878752,vel1,0.002315427546753418,28.23083811791544,53.73239494531252,12,0.0024430321151322053,HIGHER_RES_SAMPLING_REFERENCE,96,5,0.9997508527723685,0.02666180772516845,150,151,ADAPTED_SPHERICAL_KS_WORKFLOW_REPRODUCTION
0.00020614010706081123,vel1,0.007125770215460997,53.73239494531252,102.27008686386948,12,0.006919630108400186,HIGHER_RES_SAMPLING_REFERENCE,96,6,0.9997508527723685,0.02666180772516845,150,151,ADAPTED_SPHERICAL_KS_WORKFLOW_REPRODUCTION
0.00011726675567539854,vel1,0.008664224118446227,102.27008686386948,194.6529775527125,12,0.008546957362770828,HIGHER_RES_SAMPLING_REFERENCE,96,7,0.9997508527723685,0.02666180772516845,150,151,ADAPTED_SPHERICAL_KS_WORKFLOW_REPRODUCTION
0.0,vel1,0.00025288721207061826,1.1225854340129873,2.1402642060118655,16,0.00025288721207061826,HIGHER_RES_SAMPLING_REFERENCE,128,0,1.0,0.0,150,151,ADAPTED_SPHERICAL_KS_WORKFLOW_REPRODUCTION
0.0,vel1,-0.0011424245916948905,2.1402642060118655,4.080518713983782,16,-0.0011424245916948905,HIGHER_RES_SAMPLING_REFERENCE,128,1,1.0,0.0,150,151,ADAPTED_SPHERICAL_KS_WORKFLOW_REPRODUCTION
0.0,vel1,-0.004628737854460496,4.080518713983782,7.779709125817875,16,-0.004628737854460496,HIGHER_RES_SAMPLING_REFERENCE,128,2,1.0,0.0,150,151,ADAPTED_SPHERICAL_KS_WORKFLOW_REPRODUCTION
0.0,vel1,-0.004872149859636465,7.779709125817875,14.832397134933096,16,-0.004872149859636465,HIGHER_RES_SAMPLING_REFERENCE,128,3,1.0,0.0,150,151,ADAPTED_SPHERICAL_KS_WORKFLOW_REPRODUCTION
0.0,vel1,0.0029266765063660216,14.832397134933096,28.278692841905322,16,0.0029266765063660216,HIGHER_RES_SAMPLING_REFERENCE,128,4,1.0,0.0,150,151,ADAPTED_SPHERICAL_KS_WORKFLOW_REPRODUCTION
0.0,vel1,0.0023934467147999072,28.278692841905322,53.91471530676722,16,0.0023934467147999072,HIGHER_RES_SAMPLING_REFERENCE,128,5,1.0,0.0,150,151,ADAPTED_SPHERICAL_KS_WORKFLOW_REPRODUCTION
0.0,vel1,0.007224766826958273,53.91471530676722,102.79104988552615,16,0.007224766826958273,HIGHER_RES_SAMPLING_REFERENCE,128,6,1.0,0.0,150,151,ADAPTED_SPHERICAL_KS_WORKFLOW_REPRODUCTION
0.0,vel1,0.008549130556417595,102.79104988552615,195.97617972105846,16,0.008549130556417595,HIGHER_RES_SAMPLING_REFERENCE,128,7,1.0,0.0,150,151,ADAPTED_SPHERICAL_KS_WORKFLOW_REPRODUCTION
0.0001689713830381745,vel2,-0.00020601373884820973,1.1456345721309733,2.1731385678184307,8,-0.0003749851218863842,HIGHER_RES_SAMPLING_REFERENCE,64,0,0.9945521213427501,0.45494467982236325,150,151,ADAPTED_SPHERICAL_KS_WORKFLOW_REPRODUCTION
2.3260480242093262e-05,vel2,1.7740165940430264e-05,2.1731385678184307,4.122196859122056,8,-5.5203143016629985e-06,HIGHER_RES_SAMPLING_REFERENCE,64,1,0.9945521213427501,0.45494467982236325,150,151,ADAPTED_SPHERICAL_KS_WORKFLOW_REPRODUCTION
7.22933016339411e-07,vel2,4.865558452582519e-06,4.122196859122056,7.819338903185626,8,5.58849146892193e-06,HIGHER_RES_SAMPLING_REFERENCE,64,2,0.9945521213427501,0.45494467982236325,150,151,ADAPTED_SPHERICAL_KS_WORKFLOW_REPRODUCTION
4.3485254355574154e-06,vel2,-4.004250005573695e-06,7.819338903185626,14.832397134933096,8,3.442754299837203e-07,HIGHER_RES_SAMPLING_REFERENCE,64,3,0.9945521213427501,0.45494467982236325,150,151,ADAPTED_SPHERICAL_KS_WORKFLOW_REPRODUCTION
1.34634452976512e-06,vel2,-4.462940507432567e-06,14.832397134933096,28.135371479901284,8,-3.1165959776674468e-06,HIGHER_RES_SAMPLING_REFERENCE,64,4,0.9945521213427501,0.45494467982236325,150,151,ADAPTED_SPHERICAL_KS_WORKFLOW_REPRODUCTION
4.529720322391656e-07,vel2,-2.3307823082286544e-06,28.135371479901284,53.36960176502269,8,-1.8778102759894888e-06,HIGHER_RES_SAMPLING_REFERENCE,64,5,0.9945521213427501,0.45494467982236325,150,151,ADAPTED_SPHERICAL_KS_WORKFLOW_REPRODUCTION
2.1436303495048215e-06,vel2,1.5097413599562959e-06,53.36960176502269,101.23606843406442,8,-6.338889895485256e-07,HIGHER_RES_SAMPLING_REFERENCE,64,6,0.9945521213427501,0.45494467982236325,150,151,ADAPTED_SPHERICAL_KS_WORKFLOW_REPRODUCTION
8.821251978700928e-07,vel2,-2.6020890121010616e-07,101.23606843406442,192.03331509030292,8,6.219162966599866e-07,HIGHER_RES_SAMPLING_REFERENCE,64,7,0.9945521213427501,0.45494467982236325,150,151,ADAPTED_SPHERICAL_KS_WORKFLOW_REPRODUCTION
9.305982266659592e-06,vel2,-0.00029913362680599885,1.1302164885137453,2.1511666951179094,12,-0.00030843960907265844,HIGHER_RES_SAMPLING_REFERENCE,96,0,0.999969718482596,0.03119464239958297,150,151,ADAPTED_SPHERICAL_KS_WORKFLOW_REPRODUCTION
1.1699835388125748e-06,vel2,5.511222062661693e-06,2.1511666951179094,4.094364395859927,12,6.681205601474268e-06,HIGHER_RES_SAMPLING_REFERENCE,96,1,0.999969718482596,0.03119464239958297,150,151,ADAPTED_SPHERICAL_KS_WORKFLOW_REPRODUCTION
2.6195481249178836e-07,vel2,5.564997613723195e-06,4.094364395859927,7.792896684450838,12,5.826952426214983e-06,HIGHER_RES_SAMPLING_REFERENCE,96,2,0.999969718482596,0.03119464239958297,150,151,ADAPTED_SPHERICAL_KS_WORKFLOW_REPRODUCTION
1.6610698746785975e-06,vel2,-4.464547543737008e-07,7.792896684450838,14.832397134933096,12,-2.1075246290522984e-06,HIGHER_RES_SAMPLING_REFERENCE,96,3,0.999969718482596,0.03119464239958297,150,151,ADAPTED_SPHERICAL_KS_WORKFLOW_REPRODUCTION
1.910940728238135e-07,vel2,-3.6715401291465e-06,14.832397134933096,28.23083811791544,12,-3.4804460563226865e-06,HIGHER_RES_SAMPLING_REFERENCE,96,4,0.999969718482596,0.03119464239958297,150,151,ADAPTED_SPHERICAL_KS_WORKFLOW_REPRODUCTION
6.172172896102548e-07,vel2,-2.794654775087438e-06,28.23083811791544,53.73239494531252,12,-2.1774374854771832e-06,HIGHER_RES_SAMPLING_REFERENCE,96,5,0.999969718482596,0.03119464239958297,150,151,ADAPTED_SPHERICAL_KS_WORKFLOW_REPRODUCTION
7.423232266465293e-07,vel2,6.444076199268856e-07,53.73239494531252,102.27008686386948,12,1.386730846573415e-06,HIGHER_RES_SAMPLING_REFERENCE,96,6,0.999969718482596,0.03119464239958297,150,151,ADAPTED_SPHERICAL_KS_WORKFLOW_REPRODUCTION
9.535308725916818e-07,vel2,4.979714168137814e-07,102.27008686386948,194.6529775527125,12,-4.555594557779004e-07,HIGHER_RES_SAMPLING_REFERENCE,96,7,0.999969718482596,0.03119464239958297,150,151,ADAPTED_SPHERICAL_KS_WORKFLOW_REPRODUCTION
0.0,vel2,-0.0002817186318042897,1.1225854340129873,2.1402642060118655,16,-0.0002817186318042897,HIGHER_RES_SAMPLING_REFERENCE,128,0,1.0,0.0,150,151,ADAPTED_SPHERICAL_KS_WORKFLOW_REPRODUCTION
0.0,vel2,5.515866442200312e-06,2.1402642060118655,4.080518713983782,16,5.515866442200312e-06,HIGHER_RES_SAMPLING_REFERENCE,128,1,1.0,0.0,150,151,ADAPTED_SPHERICAL_KS_WORKFLOW_REPRODUCTION
0.0,vel2,5.683438478759628e-06,4.080518713983782,7.779709125817875,16,5.683438478759628e-06,HIGHER_RES_SAMPLING_REFERENCE,128,2,1.0,0.0,150,151,ADAPTED_SPHERICAL_KS_WORKFLOW_REPRODUCTION
0.0,vel2,-1.953264242688345e-06,7.779709125817875,14.832397134933096,16,-1.953264242688345e-06,HIGHER_RES_SAMPLING_REFERENCE,128,3,1.0,0.0,150,151,ADAPTED_SPHERICAL_KS_WORKFLOW_REPRODUCTION
0.0,vel2,-3.3493939719515635e-06,14.832397134933096,28.278692841905322,16,-3.3493939719515635e-06,HIGHER_RES_SAMPLING_REFERENCE,128,4,1.0,0.0,150,151,ADAPTED_SPHERICAL_KS_WORKFLOW_REPRODUCTION
0.0,vel2,-2.3005556207488474e-06,28.278692841905322,53.91471530676722,16,-2.3005556207488474e-06,HIGHER_RES_SAMPLING_REFERENCE,128,5,1.0,0.0,150,151,ADAPTED_SPHERICAL_KS_WORKFLOW_REPRODUCTION
0.0,vel2,5.455207006265124e-07,53.91471530676722,102.79104988552615,16,5.455207006265124e-07,HIGHER_RES_SAMPLING_REFERENCE,128,6,1.0,0.0,150,151,ADAPTED_SPHERICAL_KS_WORKFLOW_REPRODUCTION
0.0,vel2,-2.214471245861726e-08,102.79104988552615,195.97617972105846,16,-2.214471245861726e-08,HIGHER_RES_SAMPLING_REFERENCE,128,7,1.0,0.0,150,151,ADAPTED_SPHERICAL_KS_WORKFLOW_REPRODUCTION
0.00032141924828010815,vel3,0.00455323259029683,1.1456345721309733,2.1731385678184307,8,0.004874651838576938,HIGHER_RES_SAMPLING_REFERENCE,64,0,0.9977900659234951,0.08996132931634143,150,151,ADAPTED_SPHERICAL_KS_WORKFLOW_REPRODUCTION
0.00010591608611321135,vel3,-0.0009331508463219507,2.1731385678184307,4.122196859122056,8,-0.001039066932435162,HIGHER_RES_SAMPLING_REFERENCE,64,1,0.9977900659234951,0.08996132931634143,150,151,ADAPTED_SPHERICAL_KS_WORKFLOW_REPRODUCTION
5.714323822303413e-05,vel3,0.0008702409178340531,4.122196859122056,7.819338903185626,8,0.0009273841560570872,HIGHER_RES_SAMPLING_REFERENCE,64,2,0.9977900659234951,0.08996132931634143,150,151,ADAPTED_SPHERICAL_KS_WORKFLOW_REPRODUCTION
0.00023429050327195,vel3,0.0002605950083420794,7.819338903185626,14.832397134933096,8,2.630450507012938e-05,HIGHER_RES_SAMPLING_REFERENCE,64,3,0.9977900659234951,0.08996132931634143,150,151,ADAPTED_SPHERICAL_KS_WORKFLOW_REPRODUCTION
0.00018970510254234796,vel3,-0.0004492052683389147,14.832397134933096,28.135371479901284,8,-0.00025950016579656676,HIGHER_RES_SAMPLING_REFERENCE,64,4,0.9977900659234951,0.08996132931634143,150,151,ADAPTED_SPHERICAL_KS_WORKFLOW_REPRODUCTION
2.3592333775468433e-07,vel3,-0.00015555413730794498,28.135371479901284,53.36960176502269,8,-0.00015579006064569967,HIGHER_RES_SAMPLING_REFERENCE,64,5,0.9977900659234951,0.08996132931634143,150,151,ADAPTED_SPHERICAL_KS_WORKFLOW_REPRODUCTION
1.0657920121559528e-05,vel3,-4.542121360628926e-05,53.36960176502269,101.23606843406442,8,-5.6079133727848784e-05,HIGHER_RES_SAMPLING_REFERENCE,64,6,0.9977900659234951,0.08996132931634143,150,151,ADAPTED_SPHERICAL_KS_WORKFLOW_REPRODUCTION
1.305760607639428e-06,vel3,3.6584139527118253e-05,101.23606843406442,192.03331509030292,8,3.5278378919478826e-05,HIGHER_RES_SAMPLING_REFERENCE,64,7,0.9977900659234951,0.08996132931634143,150,151,ADAPTED_SPHERICAL_KS_WORKFLOW_REPRODUCTION
3.342200672570329e-05,vel3,0.004682509010594744,1.1302164885137453,2.1511666951179094,12,0.004649087003869041,HIGHER_RES_SAMPLING_REFERENCE,96,0,0.9992424606082801,0.03931287862936892,150,151,ADAPTED_SPHERICAL_KS_WORKFLOW_REPRODUCTION
0.0001383754434856302,vel3,-0.0008393824241971339,2.1511666951179094,4.094364395859927,12,-0.000977757867682764,HIGHER_RES_SAMPLING_REFERENCE,96,1,0.9992424606082801,0.03931287862936892,150,151,ADAPTED_SPHERICAL_KS_WORKFLOW_REPRODUCTION
4.509681258679386e-05,vel3,0.0008944196230947489,4.094364395859927,7.792896684450838,12,0.000849322810507955,HIGHER_RES_SAMPLING_REFERENCE,96,2,0.9992424606082801,0.03931287862936892,150,151,ADAPTED_SPHERICAL_KS_WORKFLOW_REPRODUCTION
8.107153809288759e-05,vel3,0.00017349846984870965,7.792896684450838,14.832397134933096,12,9.242693175582206e-05,HIGHER_RES_SAMPLING_REFERENCE,96,3,0.9992424606082801,0.03931287862936892,150,151,ADAPTED_SPHERICAL_KS_WORKFLOW_REPRODUCTION
8.526555734954819e-05,vel3,-0.0004283676005764358,14.832397134933096,28.23083811791544,12,-0.0003431020432268876,HIGHER_RES_SAMPLING_REFERENCE,96,4,0.9992424606082801,0.03931287862936892,150,151,ADAPTED_SPHERICAL_KS_WORKFLOW_REPRODUCTION
3.0215783689763252e-06,vel3,-0.00017030368984562841,28.23083811791544,53.73239494531252,12,-0.00017332526821460474,HIGHER_RES_SAMPLING_REFERENCE,96,5,0.9992424606082801,0.03931287862936892,150,151,ADAPTED_SPHERICAL_KS_WORKFLOW_REPRODUCTION
1.881863105445016e-06,vel3,-4.7565092003238804e-05,53.73239494531252,102.27008686386948,12,-4.568322889779379e-05,HIGHER_RES_SAMPLING_REFERENCE,96,6,0.9992424606082801,0.03931287862936892,150,151,ADAPTED_SPHERICAL_KS_WORKFLOW_REPRODUCTION
9.421082242761155e-06,vel3,3.601585633099618e-05,102.27008686386948,194.6529775527125,12,2.6594774088235023e-05,HIGHER_RES_SAMPLING_REFERENCE,96,7,0.9992424606082801,0.03931287862936892,150,151,ADAPTED_SPHERICAL_KS_WORKFLOW_REPRODUCTION
0.0,vel3,0.004688016261241046,1.1225854340129873,2.1402642060118655,16,0.004688016261241046,HIGHER_RES_SAMPLING_REFERENCE,128,0,1.0,0.0,150,151,ADAPTED_SPHERICAL_KS_WORKFLOW_REPRODUCTION
0.0,vel3,-0.0009103300982360452,2.1402642060118655,4.080518713983782,16,-0.0009103300982360452,HIGHER_RES_SAMPLING_REFERENCE,128,1,1.0,0.0,150,151,ADAPTED_SPHERICAL_KS_WORKFLOW_REPRODUCTION
0.0,vel3,0.0008556589381214508,4.080518713983782,7.779709125817875,16,0.0008556589381214508,HIGHER_RES_SAMPLING_REFERENCE,128,2,1.0,0.0,150,151,ADAPTED_SPHERICAL_KS_WORKFLOW_REPRODUCTION
0.0,vel3,0.00014383425485675616,7.779709125817875,14.832397134933096,16,0.00014383425485675616,HIGHER_RES_SAMPLING_REFERENCE,128,3,1.0,0.0,150,151,ADAPTED_SPHERICAL_KS_WORKFLOW_REPRODUCTION
0.0,vel3,-0.00035859597525345066,14.832397134933096,28.278692841905322,16,-0.00035859597525345066,HIGHER_RES_SAMPLING_REFERENCE,128,4,1.0,0.0,150,151,ADAPTED_SPHERICAL_KS_WORKFLOW_REPRODUCTION
0.0,vel3,-0.00016327938930160713,28.278692841905322,53.91471530676722,16,-0.00016327938930160713,HIGHER_RES_SAMPLING_REFERENCE,128,5,1.0,0.0,150,151,ADAPTED_SPHERICAL_KS_WORKFLOW_REPRODUCTION
0.0,vel3,-4.6968044459916314e-05,53.91471530676722,102.79104988552615,16,-4.6968044459916314e-05,HIGHER_RES_SAMPLING_REFERENCE,128,6,1.0,0.0,150,151,ADAPTED_SPHERICAL_KS_WORKFLOW_REPRODUCTION
0.0,vel3,3.2794723858975416e-05,102.79104988552615,195.97617972105846,16,3.2794723858975416e-05,HIGHER_RES_SAMPLING_REFERENCE,128,7,1.0,0.0,150,151,ADAPTED_SPHERICAL_KS_WORKFLOW_REPRODUCTION
0.0009958426842331392,Bcc1,0.00014513922474179708,1.1456345721309733,2.1731385678184307,8,0.0011409819089749362,HIGHER_RES_SAMPLING_REFERENCE,64,0,0.4949012771802053,0.8781103572307168,175,176,ADAPTED_SPHERICAL_KS_WORKFLOW_REPRODUCTION
0.00020138809873060382,Bcc1,-0.00039533447375106334,2.1731385678184307,4.122196859122056,8,-0.00019394637502045953,HIGHER_RES_SAMPLING_REFERENCE,64,1,0.4949012771802053,0.8781103572307168,175,176,ADAPTED_SPHERICAL_KS_WORKFLOW_REPRODUCTION
9.939163787464622e-05,Bcc1,-7.71964577950257e-06,4.122196859122056,7.819338903185626,8,9.167199209514365e-05,HIGHER_RES_SAMPLING_REFERENCE,64,2,0.4949012771802053,0.8781103572307168,175,176,ADAPTED_SPHERICAL_KS_WORKFLOW_REPRODUCTION
1.4753560014568734e-05,Bcc1,-7.759643705718133e-05,7.819338903185626,14.832397134933096,8,-6.28428770426126e-05,HIGHER_RES_SAMPLING_REFERENCE,64,3,0.4949012771802053,0.8781103572307168,175,176,ADAPTED_SPHERICAL_KS_WORKFLOW_REPRODUCTION
1.7303221611086883e-07,Bcc1,-4.485945622079157e-06,14.832397134933096,28.135371479901284,8,-4.312913405968288e-06,HIGHER_RES_SAMPLING_REFERENCE,64,4,0.4949012771802053,0.8781103572307168,175,176,ADAPTED_SPHERICAL_KS_WORKFLOW_REPRODUCTION
1.1057729475405509e-06,Bcc1,-3.945596591670153e-07,28.135371479901284,53.36960176502269,8,7.112132883735356e-07,HIGHER_RES_SAMPLING_REFERENCE,64,5,0.4949012771802053,0.8781103572307168,175,176,ADAPTED_SPHERICAL_KS_WORKFLOW_REPRODUCTION
4.906631451140342e-07,Bcc1,-1.1583516947855088e-06,53.36960176502269,101.23606843406442,8,-1.649014839899543e-06,HIGHER_RES_SAMPLING_REFERENCE,64,6,0.4949012771802053,0.8781103572307168,175,176,ADAPTED_SPHERICAL_KS_WORKFLOW_REPRODUCTION
3.3450789547195825e-06,Bcc1,1.3791894287740192e-06,101.23606843406442,192.03331509030292,8,-1.9658895259455633e-06,HIGHER_RES_SAMPLING_REFERENCE,64,7,0.4949012771802053,0.8781103572307168,175,176,ADAPTED_SPHERICAL_KS_WORKFLOW_REPRODUCTION
0.004056428112865736,Bcc1,-0.0028060526194706283,1.1302164885137453,2.1511666951179094,12,0.0012503754933951077,HIGHER_RES_SAMPLING_REFERENCE,96,0,-0.9912184166628407,3.20322441814769,175,176,ADAPTED_SPHERICAL_KS_WORKFLOW_REPRODUCTION
0.0005169064187342614,Bcc1,-0.0002838546095820978,2.1511666951179094,4.094364395859927,12,0.00023305180915216355,HIGHER_RES_SAMPLING_REFERENCE,96,1,-0.9912184166628407,3.20322441814769,175,176,ADAPTED_SPHERICAL_KS_WORKFLOW_REPRODUCTION
0.0001245776760722745,Bcc1,-2.0996872308387537e-05,4.094364395859927,7.792896684450838,12,0.00010358080376388696,HIGHER_RES_SAMPLING_REFERENCE,96,2,-0.9912184166628407,3.20322441814769,175,176,ADAPTED_SPHERICAL_KS_WORKFLOW_REPRODUCTION
3.307319526394773e-05,Bcc1,-8.585323190488823e-05,7.792896684450838,14.832397134933096,12,-5.27800366409405e-05,HIGHER_RES_SAMPLING_REFERENCE,96,3,-0.9912184166628407,3.20322441814769,175,176,ADAPTED_SPHERICAL_KS_WORKFLOW_REPRODUCTION
4.856655731141809e-06,Bcc1,-2.660903543595918e-06,14.832397134933096,28.23083811791544,12,-7.517559274737727e-06,HIGHER_RES_SAMPLING_REFERENCE,96,4,-0.9912184166628407,3.20322441814769,175,176,ADAPTED_SPHERICAL_KS_WORKFLOW_REPRODUCTION
4.803721263273113e-06,Bcc1,-3.070052682926002e-06,28.23083811791544,53.73239494531252,12,1.733668580347111e-06,HIGHER_RES_SAMPLING_REFERENCE,96,5,-0.9912184166628407,3.20322441814769,175,176,ADAPTED_SPHERICAL_KS_WORKFLOW_REPRODUCTION
2.0782673595727607e-06,Bcc1,-2.3599447925396027e-06,53.73239494531252,102.27008686386948,12,-2.816774329668421e-07,HIGHER_RES_SAMPLING_REFERENCE,96,6,-0.9912184166628407,3.20322441814769,175,176,ADAPTED_SPHERICAL_KS_WORKFLOW_REPRODUCTION
6.513720999122718e-07,Bcc1,-1.1079565771839102e-07,102.27008686386948,194.6529775527125,12,5.405764421938807e-07,HIGHER_RES_SAMPLING_REFERENCE,96,7,-0.9912184166628407,3.20322441814769,175,176,ADAPTED_SPHERICAL_KS_WORKFLOW_REPRODUCTION
0.0,Bcc1,0.0008412162110289501,1.1225854340129873,2.1402642060118655,16,0.0008412162110289501,HIGHER_RES_SAMPLING_REFERENCE,128,0,1.0000000000000002,0.0,175,176,ADAPTED_SPHERICAL_KS_WORKFLOW_REPRODUCTION
0.0,Bcc1,-0.0002935369225269824,2.1402642060118655,4.080518713983782,16,-0.0002935369225269824,HIGHER_RES_SAMPLING_REFERENCE,128,1,1.0000000000000002,0.0,175,176,ADAPTED_SPHERICAL_KS_WORKFLOW_REPRODUCTION
0.0,Bcc1,3.796973934910852e-05,4.080518713983782,7.779709125817875,16,3.796973934910852e-05,HIGHER_RES_SAMPLING_REFERENCE,128,2,1.0000000000000002,0.0,175,176,ADAPTED_SPHERICAL_KS_WORKFLOW_REPRODUCTION
0.0,Bcc1,-7.057095680007563e-05,7.779709125817875,14.832397134933096,16,-7.057095680007563e-05,HIGHER_RES_SAMPLING_REFERENCE,128,3,1.0000000000000002,0.0,175,176,ADAPTED_SPHERICAL_KS_WORKFLOW_REPRODUCTION
0.0,Bcc1,-5.078027566440824e-06,14.832397134933096,28.278692841905322,16,-5.078027566440824e-06,HIGHER_RES_SAMPLING_REFERENCE,128,4,1.0000000000000002,0.0,175,176,ADAPTED_SPHERICAL_KS_WORKFLOW_REPRODUCTION
0.0,Bcc1,3.4992987486826e-08,28.278692841905322,53.91471530676722,16,3.4992987486826e-08,HIGHER_RES_SAMPLING_REFERENCE,128,5,1.0000000000000002,0.0,175,176,ADAPTED_SPHERICAL_KS_WORKFLOW_REPRODUCTION
0.0,Bcc1,-8.459888686807027e-07,53.91471530676722,102.79104988552615,16,-8.459888686807027e-07,HIGHER_RES_SAMPLING_REFERENCE,128,6,1.0000000000000002,0.0,175,176,ADAPTED_SPHERICAL_KS_WORKFLOW_REPRODUCTION
0.0,Bcc1,8.297557204939299e-07,102.79104988552615,195.97617972105846,16,8.297557204939299e-07,HIGHER_RES_SAMPLING_REFERENCE,128,7,1.0000000000000002,0.0,175,176,ADAPTED_SPHERICAL_KS_WORKFLOW_REPRODUCTION
0.0028481446307893066,Bcc2,0.013393042052818771,1.1456345721309733,2.1731385678184307,8,0.016241186683608078,HIGHER_RES_SAMPLING_REFERENCE,64,0,0.9995692787272477,0.17201233795435464,175,176,ADAPTED_SPHERICAL_KS_WORKFLOW_REPRODUCTION
0.00018027329302805484,Bcc2,0.003201500916663935,2.1731385678184307,4.122196859122056,8,0.00338177420969199,HIGHER_RES_SAMPLING_REFERENCE,64,1,0.9995692787272477,0.17201233795435464,175,176,ADAPTED_SPHERICAL_KS_WORKFLOW_REPRODUCTION
5.649335409474432e-05,Bcc2,0.0003357386448452626,4.122196859122056,7.819338903185626,8,0.00039223199894000693,HIGHER_RES_SAMPLING_REFERENCE,64,2,0.9995692787272477,0.17201233795435464,175,176,ADAPTED_SPHERICAL_KS_WORKFLOW_REPRODUCTION
2.011278429109309e-06,Bcc2,-1.921959598499834e-05,7.819338903185626,14.832397134933096,8,-2.1230874414107648e-05,HIGHER_RES_SAMPLING_REFERENCE,64,3,0.9995692787272477,0.17201233795435464,175,176,ADAPTED_SPHERICAL_KS_WORKFLOW_REPRODUCTION
3.914803313759957e-07,Bcc2,-4.974040692630292e-06,14.832397134933096,28.135371479901284,8,-4.582560361254297e-06,HIGHER_RES_SAMPLING_REFERENCE,64,4,0.9995692787272477,0.17201233795435464,175,176,ADAPTED_SPHERICAL_KS_WORKFLOW_REPRODUCTION
1.3771455619599436e-07,Bcc2,-1.4357321277051836e-06,28.135371479901284,53.36960176502269,8,-1.573446683901178e-06,HIGHER_RES_SAMPLING_REFERENCE,64,5,0.9995692787272477,0.17201233795435464,175,176,ADAPTED_SPHERICAL_KS_WORKFLOW_REPRODUCTION
1.262174670286836e-08,Bcc2,3.7267189060890757e-07,53.36960176502269,101.23606843406442,8,3.600501439060392e-07,HIGHER_RES_SAMPLING_REFERENCE,64,6,0.9995692787272477,0.17201233795435464,175,176,ADAPTED_SPHERICAL_KS_WORKFLOW_REPRODUCTION
1.3746372036537238e-10,Bcc2,5.3053955908555824e-08,101.23606843406442,192.03331509030292,8,5.3191419628921197e-08,HIGHER_RES_SAMPLING_REFERENCE,64,7,0.9995692787272477,0.17201233795435464,175,176,ADAPTED_SPHERICAL_KS_WORKFLOW_REPRODUCTION
0.0016181629336518583,Bcc2,0.014843725491977643,1.1302164885137453,2.1511666951179094,12,0.013225562558325785,HIGHER_RES_SAMPLING_REFERENCE,96,0,0.9992680935459508,0.11957663820433714,175,176,ADAPTED_SPHERICAL_KS_WORKFLOW_REPRODUCTION
0.00019293886913387265,Bcc2,0.003083045668862145,2.1511666951179094,4.094364395859927,12,0.0032759845379960175,HIGHER_RES_SAMPLING_REFERENCE,96,1,0.9992680935459508,0.11957663820433714,175,176,ADAPTED_SPHERICAL_KS_WORKFLOW_REPRODUCTION
2.5587409299731732e-05,Bcc2,0.00033226754224920156,4.094364395859927,7.792896684450838,12,0.0003578549515489333,HIGHER_RES_SAMPLING_REFERENCE,96,2,0.9992680935459508,0.11957663820433714,175,176,ADAPTED_SPHERICAL_KS_WORKFLOW_REPRODUCTION
9.947496809973658e-07,Bcc2,-1.8817527239048908e-05,7.792896684450838,14.832397134933096,12,-1.9812276920046274e-05,HIGHER_RES_SAMPLING_REFERENCE,96,3,0.9992680935459508,0.11957663820433714,175,176,ADAPTED_SPHERICAL_KS_WORKFLOW_REPRODUCTION
1.269346890082742e-07,Bcc2,-4.651446715971633e-06,14.832397134933096,28.23083811791544,12,-4.778381404979908e-06,HIGHER_RES_SAMPLING_REFERENCE,96,4,0.9992680935459508,0.11957663820433714,175,176,ADAPTED_SPHERICAL_KS_WORKFLOW_REPRODUCTION
4.776819493435868e-08,Bcc2,-1.463038958252485e-06,28.23083811791544,53.73239494531252,12,-1.5108071531868436e-06,HIGHER_RES_SAMPLING_REFERENCE,96,5,0.9992680935459508,0.11957663820433714,175,176,ADAPTED_SPHERICAL_KS_WORKFLOW_REPRODUCTION
1.5239713007215596e-08,Bcc2,3.6741171962351945e-07,53.73239494531252,102.27008686386948,12,3.5217200661630385e-07,HIGHER_RES_SAMPLING_REFERENCE,96,6,0.9992680935459508,0.11957663820433714,175,176,ADAPTED_SPHERICAL_KS_WORKFLOW_REPRODUCTION
1.189472900544806e-09,Bcc2,4.7522831128118435e-08,102.27008686386948,194.6529775527125,12,4.633335822757363e-08,HIGHER_RES_SAMPLING_REFERENCE,96,7,0.9992680935459508,0.11957663820433714,175,176,ADAPTED_SPHERICAL_KS_WORKFLOW_REPRODUCTION
0.0,Bcc2,0.014666362915387587,1.1225854340129873,2.1402642060118655,16,0.014666362915387587,HIGHER_RES_SAMPLING_REFERENCE,128,0,1.0,0.0,175,176,ADAPTED_SPHERICAL_KS_WORKFLOW_REPRODUCTION
0.0,Bcc2,0.0032050608916971424,2.1402642060118655,4.080518713983782,16,0.0032050608916971424,HIGHER_RES_SAMPLING_REFERENCE,128,1,1.0,0.0,175,176,ADAPTED_SPHERICAL_KS_WORKFLOW_REPRODUCTION
0.0,Bcc2,0.0003341612582588409,4.080518713983782,7.779709125817875,16,0.0003341612582588409,HIGHER_RES_SAMPLING_REFERENCE,128,2,1.0,0.0,175,176,ADAPTED_SPHERICAL_KS_WORKFLOW_REPRODUCTION
0.0,Bcc2,-1.909889578195073e-05,7.779709125817875,14.832397134933096,16,-1.909889578195073e-05,HIGHER_RES_SAMPLING_REFERENCE,128,3,1.0,0.0,175,176,ADAPTED_SPHERICAL_KS_WORKFLOW_REPRODUCTION
0.0,Bcc2,-4.901349120195074e-06,14.832397134933096,28.278692841905322,16,-4.901349120195074e-06,HIGHER_RES_SAMPLING_REFERENCE,128,4,1.0,0.0,175,176,ADAPTED_SPHERICAL_KS_WORKFLOW_REPRODUCTION
0.0,Bcc2,-1.4618541853035085e-06,28.278692841905322,53.91471530676722,16,-1.4618541853035085e-06,HIGHER_RES_SAMPLING_REFERENCE,128,5,1.0,0.0,175,176,ADAPTED_SPHERICAL_KS_WORKFLOW_REPRODUCTION
0.0,Bcc2,3.6489592308686347e-07,53.91471530676722,102.79104988552615,16,3.6489592308686347e-07,HIGHER_RES_SAMPLING_REFERENCE,128,6,1.0,0.0,175,176,ADAPTED_SPHERICAL_KS_WORKFLOW_REPRODUCTION
0.0,Bcc2,5.0825280861371326e-08,102.79104988552615,195.97617972105846,16,5.0825280861371326e-08,HIGHER_RES_SAMPLING_REFERENCE,128,7,1.0,0.0,175,176,ADAPTED_SPHERICAL_KS_WORKFLOW_REPRODUCTION
0.02546821694204482,Bcc3,-0.023670606142331962,1.1456345721309733,2.1731385678184307,8,-0.04913882308437678,HIGHER_RES_SAMPLING_REFERENCE,64,0,0.9984779029226588,0.5206085773673131,175,176,ADAPTED_SPHERICAL_KS_WORKFLOW_REPRODUCTION
0.0029322116433263545,Bcc3,0.00023974093136303054,2.1731385678184307,4.122196859122056,8,0.003171952574689385,HIGHER_RES_SAMPLING_REFERENCE,64,1,0.9984779029226588,0.5206085773673131,175,176,ADAPTED_SPHERICAL_KS_WORKFLOW_REPRODUCTION
1.1989883654806022e-05,Bcc3,-0.0004499416337466755,4.122196859122056,7.819338903185626,8,-0.00046193151740148153,HIGHER_RES_SAMPLING_REFERENCE,64,2,0.9984779029226588,0.5206085773673131,175,176,ADAPTED_SPHERICAL_KS_WORKFLOW_REPRODUCTION
2.1361499949024143e-05,Bcc3,-1.6420544404760484e-05,7.819338903185626,14.832397134933096,8,4.940955544263659e-06,HIGHER_RES_SAMPLING_REFERENCE,64,3,0.9984779029226588,0.5206085773673131,175,176,ADAPTED_SPHERICAL_KS_WORKFLOW_REPRODUCTION
8.45468151200457e-06,Bcc3,2.774719939191428e-05,14.832397134933096,28.135371479901284,8,3.620188090391885e-05,HIGHER_RES_SAMPLING_REFERENCE,64,4,0.9984779029226588,0.5206085773673131,175,176,ADAPTED_SPHERICAL_KS_WORKFLOW_REPRODUCTION
2.645357876751575e-06,Bcc3,1.5883624540080632e-06,28.135371479901284,53.36960176502269,8,4.233720330759638e-06,HIGHER_RES_SAMPLING_REFERENCE,64,5,0.9984779029226588,0.5206085773673131,175,176,ADAPTED_SPHERICAL_KS_WORKFLOW_REPRODUCTION
2.4412792709593845e-06,Bcc3,3.892494368162858e-06,53.36960176502269,101.23606843406442,8,6.333773639122242e-06,HIGHER_RES_SAMPLING_REFERENCE,64,6,0.9984779029226588,0.5206085773673131,175,176,ADAPTED_SPHERICAL_KS_WORKFLOW_REPRODUCTION
8.270108544650157e-07,Bcc3,-4.988258759386355e-07,101.23606843406442,192.03331509030292,8,3.281849785263802e-07,HIGHER_RES_SAMPLING_REFERENCE,64,7,0.9984779029226588,0.5206085773673131,175,176,ADAPTED_SPHERICAL_KS_WORKFLOW_REPRODUCTION
0.06192915215042713,Bcc3,-0.04011364729315877,1.1302164885137453,2.1511666951179094,12,0.02181550485726836,HIGHER_RES_SAMPLING_REFERENCE,96,0,-0.9930343571317705,2.820282041661752,175,176,ADAPTED_SPHERICAL_KS_WORKFLOW_REPRODUCTION
0.003027220237965122,Bcc3,-0.0003358170180473718,2.1511666951179094,4.094364395859927,12,0.0026914032199177504,HIGHER_RES_SAMPLING_REFERENCE,96,1,-0.9930343571317705,2.820282041661752,175,176,ADAPTED_SPHERICAL_KS_WORKFLOW_REPRODUCTION
2.358151752551512e-05,Bcc3,-0.00043187820999382557,4.094364395859927,7.792896684450838,12,-0.00040829669246831044,HIGHER_RES_SAMPLING_REFERENCE,96,2,-0.9930343571317705,2.820282041661752,175,176,ADAPTED_SPHERICAL_KS_WORKFLOW_REPRODUCTION
3.7053104908264027e-06,Bcc3,-5.1800096870327595e-06,7.792896684450838,14.832397134933096,12,-1.4746991962063568e-06,HIGHER_RES_SAMPLING_REFERENCE,96,3,-0.9930343571317705,2.820282041661752,175,176,ADAPTED_SPHERICAL_KS_WORKFLOW_REPRODUCTION
4.2753908589235e-06,Bcc3,2.914442640348606e-05,14.832397134933096,28.23083811791544,12,3.341981726240956e-05,HIGHER_RES_SAMPLING_REFERENCE,96,4,-0.9930343571317705,2.820282041661752,175,176,ADAPTED_SPHERICAL_KS_WORKFLOW_REPRODUCTION
1.385610755022526e-06,Bcc3,3.364219880255506e-06,28.23083811791544,53.73239494531252,12,1.9786091252329798e-06,HIGHER_RES_SAMPLING_REFERENCE,96,5,-0.9930343571317705,2.820282041661752,175,176,ADAPTED_SPHERICAL_KS_WORKFLOW_REPRODUCTION
9.809448923928996e-09,Bcc3,4.904228784095598e-06,53.73239494531252,102.27008686386948,12,4.914038233019527e-06,HIGHER_RES_SAMPLING_REFERENCE,96,6,-0.9930343571317705,2.820282041661752,175,176,ADAPTED_SPHERICAL_KS_WORKFLOW_REPRODUCTION
9.726678203086308e-07,Bcc3,-2.1584090136953874e-07,102.27008686386948,194.6529775527125,12,-1.1885087216781696e-06,HIGHER_RES_SAMPLING_REFERENCE,96,7,-0.9930343571317705,2.820282041661752,175,176,ADAPTED_SPHERICAL_KS_WORKFLOW_REPRODUCTION
0.0,Bcc3,-0.036139880467260355,1.1225854340129873,2.1402642060118655,16,-0.036139880467260355,HIGHER_RES_SAMPLING_REFERENCE,128,0,0.9999999999999999,0.0,175,176,ADAPTED_SPHERICAL_KS_WORKFLOW_REPRODUCTION
0.0,Bcc3,0.001834094024360411,2.1402642060118655,4.080518713983782,16,0.001834094024360411,HIGHER_RES_SAMPLING_REFERENCE,128,1,0.9999999999999999,0.0,175,176,ADAPTED_SPHERICAL_KS_WORKFLOW_REPRODUCTION
0.0,Bcc3,-0.00037715121235804006,4.080518713983782,7.779709125817875,16,-0.00037715121235804006,HIGHER_RES_SAMPLING_REFERENCE,128,2,0.9999999999999999,0.0,175,176,ADAPTED_SPHERICAL_KS_WORKFLOW_REPRODUCTION
0.0,Bcc3,-8.760281992203911e-06,7.779709125817875,14.832397134933096,16,-8.760281992203911e-06,HIGHER_RES_SAMPLING_REFERENCE,128,3,0.9999999999999999,0.0,175,176,ADAPTED_SPHERICAL_KS_WORKFLOW_REPRODUCTION
0.0,Bcc3,3.0915895424976636e-05,14.832397134933096,28.278692841905322,16,3.0915895424976636e-05,HIGHER_RES_SAMPLING_REFERENCE,128,4,0.9999999999999999,0.0,175,176,ADAPTED_SPHERICAL_KS_WORKFLOW_REPRODUCTION
0.0,Bcc3,2.6693990385906474e-06,28.278692841905322,53.91471530676722,16,2.6693990385906474e-06,HIGHER_RES_SAMPLING_REFERENCE,128,5,0.9999999999999999,0.0,175,176,ADAPTED_SPHERICAL_KS_WORKFLOW_REPRODUCTION
0.0,Bcc3,4.0252535056239935e-06,53.91471530676722,102.79104988552615,16,4.0252535056239935e-06,HIGHER_RES_SAMPLING_REFERENCE,128,6,0.9999999999999999,0.0,175,176,ADAPTED_SPHERICAL_KS_WORKFLOW_REPRODUCTION
0.0,Bcc3,-1.0739987701402498e-06,102.79104988552615,195.97617972105846,16,-1.0739987701402498e-06,HIGHER_RES_SAMPLING_REFERENCE,128,7,0.9999999999999999,0.0,175,176,ADAPTED_SPHERICAL_KS_WORKFLOW_REPRODUCTION
0.020141078980032034,rho,0.25052564387851817,1.1456345721309733,2.1731385678184307,8,0.2706667228585502,HIGHER_RES_SAMPLING_REFERENCE,64,0,0.9999891613654638,0.07412371219480846,175,176,ADAPTED_SPHERICAL_KS_WORKFLOW_REPRODUCTION
7.164568040707309e-05,rho,0.00029260034273193014,2.1731385678184307,4.122196859122056,8,0.00022095466232485705,HIGHER_RES_SAMPLING_REFERENCE,64,1,0.9999891613654638,0.07412371219480846,175,176,ADAPTED_SPHERICAL_KS_WORKFLOW_REPRODUCTION
0.0008876416534846499,rho,-0.024672091627927273,4.122196859122056,7.819338903185626,8,-0.025559733281411923,HIGHER_RES_SAMPLING_REFERENCE,64,2,0.9999891613654638,0.07412371219480846,175,176,ADAPTED_SPHERICAL_KS_WORKFLOW_REPRODUCTION
7.743566318829664e-06,rho,0.008046083233474555,7.819338903185626,14.832397134933096,8,0.008053826799793384,HIGHER_RES_SAMPLING_REFERENCE,64,3,0.9999891613654638,0.07412371219480846,175,176,ADAPTED_SPHERICAL_KS_WORKFLOW_REPRODUCTION
0.0001426404649200741,rho,0.0013660742476351295,14.832397134933096,28.135371479901284,8,0.0015087147125552036,HIGHER_RES_SAMPLING_REFERENCE,64,4,0.9999891613654638,0.07412371219480846,175,176,ADAPTED_SPHERICAL_KS_WORKFLOW_REPRODUCTION
6.455777878483504e-05,rho,0.0008974343374829052,28.135371479901284,53.36960176502269,8,0.0009619921162677403,HIGHER_RES_SAMPLING_REFERENCE,64,5,0.9999891613654638,0.07412371219480846,175,176,ADAPTED_SPHERICAL_KS_WORKFLOW_REPRODUCTION
1.5272604491772812e-05,rho,-0.00010226972370017129,53.36960176502269,101.23606843406442,8,-0.0001175423281919441,HIGHER_RES_SAMPLING_REFERENCE,64,6,0.9999891613654638,0.07412371219480846,175,176,ADAPTED_SPHERICAL_KS_WORKFLOW_REPRODUCTION
9.827847563537162e-10,rho,-0.00023809788894701978,101.23606843406442,192.03331509030292,8,-0.00023809887173177613,HIGHER_RES_SAMPLING_REFERENCE,64,7,0.9999891613654638,0.07412371219480846,175,176,ADAPTED_SPHERICAL_KS_WORKFLOW_REPRODUCTION
0.001096732527070432,rho,0.2512148962232459,1.1302164885137453,2.1511666951179094,12,0.25011816369617546,HIGHER_RES_SAMPLING_REFERENCE,96,0,0.9995739924819522,0.029832132519497966,175,176,ADAPTED_SPHERICAL_KS_WORKFLOW_REPRODUCTION
0.007134002654344874,rho,-0.009910269728287083,2.1511666951179094,4.094364395859927,12,-0.0027762670739422094,HIGHER_RES_SAMPLING_REFERENCE,96,1,0.9995739924819522,0.029832132519497966,175,176,ADAPTED_SPHERICAL_KS_WORKFLOW_REPRODUCTION
0.0019985968152380143,rho,-0.023721908138158884,4.094364395859927,7.792896684450838,12,-0.02172331132292087,HIGHER_RES_SAMPLING_REFERENCE,96,2,0.9995739924819522,0.029832132519497966,175,176,ADAPTED_SPHERICAL_KS_WORKFLOW_REPRODUCTION
0.0002516096495044605,rho,0.007335709055069294,7.792896684450838,14.832397134933096,12,0.007587318704573754,HIGHER_RES_SAMPLING_REFERENCE,96,3,0.9995739924819522,0.029832132519497966,175,176,ADAPTED_SPHERICAL_KS_WORKFLOW_REPRODUCTION
3.15091258474801e-05,rho,0.001565302830104595,14.832397134933096,28.23083811791544,12,0.001533793704257115,HIGHER_RES_SAMPLING_REFERENCE,96,4,0.9995739924819522,0.029832132519497966,175,176,ADAPTED_SPHERICAL_KS_WORKFLOW_REPRODUCTION
9.809181714415705e-06,rho,0.000878278617625243,28.23083811791544,53.73239494531252,12,0.0008684694359108273,HIGHER_RES_SAMPLING_REFERENCE,96,5,0.9995739924819522,0.029832132519497966,175,176,ADAPTED_SPHERICAL_KS_WORKFLOW_REPRODUCTION
7.752322778420016e-06,rho,-0.0001311224419579188,53.73239494531252,102.27008686386948,12,-0.0001233701191794988,HIGHER_RES_SAMPLING_REFERENCE,96,6,0.9995739924819522,0.029832132519497966,175,176,ADAPTED_SPHERICAL_KS_WORKFLOW_REPRODUCTION
8.465299924614666e-06,rho,-0.00020363924804511356,102.27008686386948,194.6529775527125,12,-0.00021210454796972823,HIGHER_RES_SAMPLING_REFERENCE,96,7,0.9995739924819522,0.029832132519497966,175,176,ADAPTED_SPHERICAL_KS_WORKFLOW_REPRODUCTION
0.0,rho,0.25347163584149257,1.1225854340129873,2.1402642060118655,16,0.25347163584149257,HIGHER_RES_SAMPLING_REFERENCE,128,0,1.0,0.0,175,176,ADAPTED_SPHERICAL_KS_WORKFLOW_REPRODUCTION
0.0,rho,-0.0005827832876121875,2.1402642060118655,4.080518713983782,16,-0.0005827832876121875,HIGHER_RES_SAMPLING_REFERENCE,128,1,1.0,0.0,175,176,ADAPTED_SPHERICAL_KS_WORKFLOW_REPRODUCTION
0.0,rho,-0.024797814729989653,4.080518713983782,7.779709125817875,16,-0.024797814729989653,HIGHER_RES_SAMPLING_REFERENCE,128,2,1.0,0.0,175,176,ADAPTED_SPHERICAL_KS_WORKFLOW_REPRODUCTION
0.0,rho,0.00798525737768152,7.779709125817875,14.832397134933096,16,0.00798525737768152,HIGHER_RES_SAMPLING_REFERENCE,128,3,1.0,0.0,175,176,ADAPTED_SPHERICAL_KS_WORKFLOW_REPRODUCTION
0.0,rho,0.0014342018568913595,14.832397134933096,28.278692841905322,16,0.0014342018568913595,HIGHER_RES_SAMPLING_REFERENCE,128,4,1.0,0.0,175,176,ADAPTED_SPHERICAL_KS_WORKFLOW_REPRODUCTION
0.0,rho,0.0009077071566291825,28.278692841905322,53.91471530676722,16,0.0009077071566291825,HIGHER_RES_SAMPLING_REFERENCE,128,5,1.0,0.0,175,176,ADAPTED_SPHERICAL_KS_WORKFLOW_REPRODUCTION
0.0,rho,-0.0001253536180331541,53.91471530676722,102.79104988552615,16,-0.0001253536180331541,HIGHER_RES_SAMPLING_REFERENCE,128,6,1.0,0.0,175,176,ADAPTED_SPHERICAL_KS_WORKFLOW_REPRODUCTION
0.0,rho,-0.0002252416175694289,102.79104988552615,195.97617972105846,16,-0.0002252416175694289,HIGHER_RES_SAMPLING_REFERENCE,128,7,1.0,0.0,175,176,ADAPTED_SPHERICAL_KS_WORKFLOW_REPRODUCTION
0.024467130999369147,press,0.034068104207136685,1.1456345721309733,2.1731385678184307,8,0.05853523520650583,HIGHER_RES_SAMPLING_REFERENCE,64,0,0.999974980645081,0.4179480595820659,175,176,ADAPTED_SPHERICAL_KS_WORKFLOW_REPRODUCTION
0.00015715548300931914,press,-0.0007325209765092211,2.1731385678184307,4.122196859122056,8,-0.0008896764595185402,HIGHER_RES_SAMPLING_REFERENCE,64,1,0.999974980645081,0.4179480595820659,175,176,ADAPTED_SPHERICAL_KS_WORKFLOW_REPRODUCTION
2.7668259580559962e-05,press,-0.00022128776786756177,4.122196859122056,7.819338903185626,8,-0.0001936195082870018,HIGHER_RES_SAMPLING_REFERENCE,64,2,0.999974980645081,0.4179480595820659,175,176,ADAPTED_SPHERICAL_KS_WORKFLOW_REPRODUCTION
9.808005529410302e-07,press,3.398690245251523e-05,7.819338903185626,14.832397134933096,8,3.30061018995742e-05,HIGHER_RES_SAMPLING_REFERENCE,64,3,0.999974980645081,0.4179480595820659,175,176,ADAPTED_SPHERICAL_KS_WORKFLOW_REPRODUCTION
7.173311570018992e-07,press,3.8397157860539655e-06,14.832397134933096,28.135371479901284,8,4.557046943055865e-06,HIGHER_RES_SAMPLING_REFERENCE,64,4,0.999974980645081,0.4179480595820659,175,176,ADAPTED_SPHERICAL_KS_WORKFLOW_REPRODUCTION
1.0381946535624464e-07,press,1.147666418916532e-06,28.135371479901284,53.36960176502269,8,1.2514858842727766e-06,HIGHER_RES_SAMPLING_REFERENCE,64,5,0.999974980645081,0.4179480595820659,175,176,ADAPTED_SPHERICAL_KS_WORKFLOW_REPRODUCTION
6.78734642161824e-08,press,-1.9821043207440825e-07,53.36960176502269,101.23606843406442,8,-2.6608389629059065e-07,HIGHER_RES_SAMPLING_REFERENCE,64,6,0.999974980645081,0.4179480595820659,175,176,ADAPTED_SPHERICAL_KS_WORKFLOW_REPRODUCTION
2.749805003924438e-10,press,-3.592207179924003e-07,101.23606843406442,192.03331509030292,8,-3.5894573749200784e-07,HIGHER_RES_SAMPLING_REFERENCE,64,7,0.999974980645081,0.4179480595820659,175,176,ADAPTED_SPHERICAL_KS_WORKFLOW_REPRODUCTION
0.0072657762427457764,press,0.043237120950211476,1.1302164885137453,2.1511666951179094,12,0.05050289719295725,HIGHER_RES_SAMPLING_REFERENCE,96,0,0.999901418187938,0.14403620170729012,175,176,ADAPTED_SPHERICAL_KS_WORKFLOW_REPRODUCTION
0.00039888457000306185,press,-0.0018113163560789863,2.1511666951179094,4.094364395859927,12,-0.0014124317860759244,HIGHER_RES_SAMPLING_REFERENCE,96,1,0.999901418187938,0.14403620170729012,175,176,ADAPTED_SPHERICAL_KS_WORKFLOW_REPRODUCTION
7.429528264654601e-05,press,-0.00013913894293701197,4.094364395859927,7.792896684450838,12,-6.484366029046596e-05,HIGHER_RES_SAMPLING_REFERENCE,96,2,0.999901418187938,0.14403620170729012,175,176,ADAPTED_SPHERICAL_KS_WORKFLOW_REPRODUCTION
2.9345235358399e-06,press,2.6759351536077682e-05,7.792896684450838,14.832397134933096,12,2.9693875071917582e-05,HIGHER_RES_SAMPLING_REFERENCE,96,3,0.999901418187938,0.14403620170729012,175,176,ADAPTED_SPHERICAL_KS_WORKFLOW_REPRODUCTION
2.4676036573954957e-07,press,4.9149381522224695e-06,14.832397134933096,28.23083811791544,12,4.66817778648292e-06,HIGHER_RES_SAMPLING_REFERENCE,96,4,0.999901418187938,0.14403620170729012,175,176,ADAPTED_SPHERICAL_KS_WORKFLOW_REPRODUCTION
4.935714038661682e-08,press,1.1054605044007748e-06,28.23083811791544,53.73239494531252,12,1.056103364014158e-06,HIGHER_RES_SAMPLING_REFERENCE,96,5,0.999901418187938,0.14403620170729012,175,176,ADAPTED_SPHERICAL_KS_WORKFLOW_REPRODUCTION
1.5759682465668315e-08,press,-2.732930746188086e-07,53.73239494531252,102.27008686386948,12,-2.575333921531403e-07,HIGHER_RES_SAMPLING_REFERENCE,96,6,0.999901418187938,0.14403620170729012,175,176,ADAPTED_SPHERICAL_KS_WORKFLOW_REPRODUCTION
1.1861250205211873e-08,press,-3.16609901317605e-07,102.27008686386948,194.6529775527125,12,-3.2847115152281687e-07,HIGHER_RES_SAMPLING_REFERENCE,96,7,0.999901418187938,0.14403620170729012,175,176,ADAPTED_SPHERICAL_KS_WORKFLOW_REPRODUCTION
0.0,press,0.04589433611525351,1.1225854340129873,2.1402642060118655,16,0.04589433611525351,HIGHER_RES_SAMPLING_REFERENCE,128,0,1.0,0.0,175,176,ADAPTED_SPHERICAL_KS_WORKFLOW_REPRODUCTION
0.0,press,-0.0007218587044004465,2.1402642060118655,4.080518713983782,16,-0.0007218587044004465,HIGHER_RES_SAMPLING_REFERENCE,128,1,1.0,0.0,175,176,ADAPTED_SPHERICAL_KS_WORKFLOW_REPRODUCTION
0.0,press,-0.00022067430727179538,4.080518713983782,7.779709125817875,16,-0.00022067430727179538,HIGHER_RES_SAMPLING_REFERENCE,128,2,1.0,0.0,175,176,ADAPTED_SPHERICAL_KS_WORKFLOW_REPRODUCTION
0.0,press,3.314581326937377e-05,7.779709125817875,14.832397134933096,16,3.314581326937377e-05,HIGHER_RES_SAMPLING_REFERENCE,128,3,1.0,0.0,175,176,ADAPTED_SPHERICAL_KS_WORKFLOW_REPRODUCTION
0.0,press,4.124879528158085e-06,14.832397134933096,28.278692841905322,16,4.124879528158085e-06,HIGHER_RES_SAMPLING_REFERENCE,128,4,1.0,0.0,175,176,ADAPTED_SPHERICAL_KS_WORKFLOW_REPRODUCTION
0.0,press,1.1653889756355756e-06,28.278692841905322,53.91471530676722,16,1.1653889756355756e-06,HIGHER_RES_SAMPLING_REFERENCE,128,5,1.0,0.0,175,176,ADAPTED_SPHERICAL_KS_WORKFLOW_REPRODUCTION
0.0,press,-2.5129334406100504e-07,53.91471530676722,102.79104988552615,16,-2.5129334406100504e-07,HIGHER_RES_SAMPLING_REFERENCE,128,6,1.0,0.0,175,176,ADAPTED_SPHERICAL_KS_WORKFLOW_REPRODUCTION
0.0,press,-3.416897867042118e-07,102.79104988552615,195.97617972105846,16,-3.416897867042118e-07,HIGHER_RES_SAMPLING_REFERENCE,128,7,1.0,0.0,175,176,ADAPTED_SPHERICAL_KS_WORKFLOW_REPRODUCTION
0.0001798453894252816,vel1,0.005918492570458511,1.1456345721309733,2.1731385678184307,8,0.006098337959883793,HIGHER_RES_SAMPLING_REFERENCE,64,0,0.9983487681181547,0.06072463515615531,175,176,ADAPTED_SPHERICAL_KS_WORKFLOW_REPRODUCTION
8.602107425303984e-05,vel1,0.005657996625018313,2.1731385678184307,4.122196859122056,8,0.0055719755507652735,HIGHER_RES_SAMPLING_REFERENCE,64,1,0.9983487681181547,0.06072463515615531,175,176,ADAPTED_SPHERICAL_KS_WORKFLOW_REPRODUCTION
5.494047809406766e-05,vel1,0.005335541871204441,4.122196859122056,7.819338903185626,8,0.0052806013931103735,HIGHER_RES_SAMPLING_REFERENCE,64,2,0.9983487681181547,0.06072463515615531,175,176,ADAPTED_SPHERICAL_KS_WORKFLOW_REPRODUCTION
0.0003191804498783313,vel1,0.007188654710716946,7.819338903185626,14.832397134933096,8,0.006869474260838615,HIGHER_RES_SAMPLING_REFERENCE,64,3,0.9983487681181547,0.06072463515615531,175,176,ADAPTED_SPHERICAL_KS_WORKFLOW_REPRODUCTION
0.0002855337172888994,vel1,0.008424021685073058,14.832397134933096,28.135371479901284,8,0.008709555402361957,HIGHER_RES_SAMPLING_REFERENCE,64,4,0.9983487681181547,0.06072463515615531,175,176,ADAPTED_SPHERICAL_KS_WORKFLOW_REPRODUCTION
0.0007703240015004553,vel1,0.0033488343569452184,28.135371479901284,53.36960176502269,8,0.004119158358445674,HIGHER_RES_SAMPLING_REFERENCE,64,5,0.9983487681181547,0.06072463515615531,175,176,ADAPTED_SPHERICAL_KS_WORKFLOW_REPRODUCTION
0.00041639437912976973,vel1,-0.005333647971269784,53.36960176502269,101.23606843406442,8,-0.0057500423503995535,HIGHER_RES_SAMPLING_REFERENCE,64,6,0.9983487681181547,0.06072463515615531,175,176,ADAPTED_SPHERICAL_KS_WORKFLOW_REPRODUCTION
1.4729350368725136e-05,vel1,0.00038526613025169354,101.23606843406442,192.03331509030292,8,0.0003705367798829684,HIGHER_RES_SAMPLING_REFERENCE,64,7,0.9983487681181547,0.06072463515615531,175,176,ADAPTED_SPHERICAL_KS_WORKFLOW_REPRODUCTION
6.0203179028002485e-06,vel1,0.0060670605784994055,1.1302164885137453,2.1511666951179094,12,0.006061040260596605,HIGHER_RES_SAMPLING_REFERENCE,96,0,0.9997974640040652,0.020141740154766562,175,176,ADAPTED_SPHERICAL_KS_WORKFLOW_REPRODUCTION
0.00014480286285510797,vel1,0.005694945866404548,2.1511666951179094,4.094364395859927,12,0.00555014300354944,HIGHER_RES_SAMPLING_REFERENCE,96,1,0.9997974640040652,0.020141740154766562,175,176,ADAPTED_SPHERICAL_KS_WORKFLOW_REPRODUCTION
9.243342211212417e-06,vel1,0.005272080342331686,4.094364395859927,7.792896684450838,12,0.005281323684542898,HIGHER_RES_SAMPLING_REFERENCE,96,2,0.9997974640040652,0.020141740154766562,175,176,ADAPTED_SPHERICAL_KS_WORKFLOW_REPRODUCTION
9.368547886912885e-05,vel1,0.007184962914868299,7.792896684450838,14.832397134933096,12,0.00709127743599917,HIGHER_RES_SAMPLING_REFERENCE,96,3,0.9997974640040652,0.020141740154766562,175,176,ADAPTED_SPHERICAL_KS_WORKFLOW_REPRODUCTION
3.415212456645694e-05,vel1,0.008609312082887333,14.832397134933096,28.23083811791544,12,0.008575159958320876,HIGHER_RES_SAMPLING_REFERENCE,96,4,0.9997974640040652,0.020141740154766562,175,176,ADAPTED_SPHERICAL_KS_WORKFLOW_REPRODUCTION
0.0002459983764521948,vel1,0.0033762520688443206,28.23083811791544,53.73239494531252,12,0.0036222504452965154,HIGHER_RES_SAMPLING_REFERENCE,96,5,0.9997974640040652,0.020141740154766562,175,176,ADAPTED_SPHERICAL_KS_WORKFLOW_REPRODUCTION
0.00012741387353411553,vel1,-0.0056754772924010564,53.73239494531252,102.27008686386948,12,-0.005802891165935172,HIGHER_RES_SAMPLING_REFERENCE,96,6,0.9997974640040652,0.020141740154766562,175,176,ADAPTED_SPHERICAL_KS_WORKFLOW_REPRODUCTION
1.694663440806232e-05,vel1,0.0005646966491339197,102.27008686386948,194.6529775527125,12,0.0005816432835419821,HIGHER_RES_SAMPLING_REFERENCE,96,7,0.9997974640040652,0.020141740154766562,175,176,ADAPTED_SPHERICAL_KS_WORKFLOW_REPRODUCTION
0.0,vel1,0.005976624530205754,1.1225854340129873,2.1402642060118655,16,0.005976624530205754,HIGHER_RES_SAMPLING_REFERENCE,128,0,1.0000000000000002,0.0,175,176,ADAPTED_SPHERICAL_KS_WORKFLOW_REPRODUCTION
0.0,vel1,0.005608519117629385,2.1402642060118655,4.080518713983782,16,0.005608519117629385,HIGHER_RES_SAMPLING_REFERENCE,128,1,1.0000000000000002,0.0,175,176,ADAPTED_SPHERICAL_KS_WORKFLOW_REPRODUCTION
0.0,vel1,0.0053453587676131065,4.080518713983782,7.779709125817875,16,0.0053453587676131065,HIGHER_RES_SAMPLING_REFERENCE,128,2,1.0000000000000002,0.0,175,176,ADAPTED_SPHERICAL_KS_WORKFLOW_REPRODUCTION
0.0,vel1,0.007069637036323684,7.779709125817875,14.832397134933096,16,0.007069637036323684,HIGHER_RES_SAMPLING_REFERENCE,128,3,1.0000000000000002,0.0,175,176,ADAPTED_SPHERICAL_KS_WORKFLOW_REPRODUCTION
0.0,vel1,0.008543752813608307,14.832397134933096,28.278692841905322,16,0.008543752813608307,HIGHER_RES_SAMPLING_REFERENCE,128,4,1.0000000000000002,0.0,175,176,ADAPTED_SPHERICAL_KS_WORKFLOW_REPRODUCTION
0.0,vel1,0.0034685693964497943,28.278692841905322,53.91471530676722,16,0.0034685693964497943,HIGHER_RES_SAMPLING_REFERENCE,128,5,1.0000000000000002,0.0,175,176,ADAPTED_SPHERICAL_KS_WORKFLOW_REPRODUCTION
0.0,vel1,-0.005436394656555876,53.91471530676722,102.79104988552615,16,-0.005436394656555876,HIGHER_RES_SAMPLING_REFERENCE,128,6,1.0000000000000002,0.0,175,176,ADAPTED_SPHERICAL_KS_WORKFLOW_REPRODUCTION
0.0,vel1,0.0006384712657450109,102.79104988552615,195.97617972105846,16,0.0006384712657450109,HIGHER_RES_SAMPLING_REFERENCE,128,7,1.0000000000000002,0.0,175,176,ADAPTED_SPHERICAL_KS_WORKFLOW_REPRODUCTION
0.00020592430405330653,vel2,-0.0005632139994040664,1.1456345721309733,2.1731385678184307,8,-0.0007691383034573729,HIGHER_RES_SAMPLING_REFERENCE,64,0,0.9967597459462479,0.2702385147120331,175,176,ADAPTED_SPHERICAL_KS_WORKFLOW_REPRODUCTION
3.201596157104136e-05,vel2,8.327827364723595e-05,2.1731385678184307,4.122196859122056,8,5.126231207619458e-05,HIGHER_RES_SAMPLING_REFERENCE,64,1,0.9967597459462479,0.2702385147120331,175,176,ADAPTED_SPHERICAL_KS_WORKFLOW_REPRODUCTION
5.541072426507032e-06,vel2,2.3903422595838997e-05,4.122196859122056,7.819338903185626,8,2.944449502234603e-05,HIGHER_RES_SAMPLING_REFERENCE,64,2,0.9967597459462479,0.2702385147120331,175,176,ADAPTED_SPHERICAL_KS_WORKFLOW_REPRODUCTION
3.3784370946088327e-06,vel2,1.8086001936090668e-06,7.819338903185626,14.832397134933096,8,-1.569836900999766e-06,HIGHER_RES_SAMPLING_REFERENCE,64,3,0.9967597459462479,0.2702385147120331,175,176,ADAPTED_SPHERICAL_KS_WORKFLOW_REPRODUCTION
2.364062793601407e-06,vel2,1.30189827882779e-05,14.832397134933096,28.135371479901284,8,1.5383045581879307e-05,HIGHER_RES_SAMPLING_REFERENCE,64,4,0.9967597459462479,0.2702385147120331,175,176,ADAPTED_SPHERICAL_KS_WORKFLOW_REPRODUCTION
1.204348537772737e-06,vel2,-6.615415725136353e-06,28.135371479901284,53.36960176502269,8,-7.81976426290909e-06,HIGHER_RES_SAMPLING_REFERENCE,64,5,0.9967597459462479,0.2702385147120331,175,176,ADAPTED_SPHERICAL_KS_WORKFLOW_REPRODUCTION
6.747925289721235e-07,vel2,3.451328116889363e-06,53.36960176502269,101.23606843406442,8,2.7765355879172393e-06,HIGHER_RES_SAMPLING_REFERENCE,64,6,0.9967597459462479,0.2702385147120331,175,176,ADAPTED_SPHERICAL_KS_WORKFLOW_REPRODUCTION
4.716854842892748e-07,vel2,7.12619041744883e-08,101.23606843406442,192.03331509030292,8,-4.004235801147865e-07,HIGHER_RES_SAMPLING_REFERENCE,64,7,0.9967597459462479,0.2702385147120331,175,176,ADAPTED_SPHERICAL_KS_WORKFLOW_REPRODUCTION
0.00015702493637672038,vel2,-0.0007481717601890302,1.1302164885137453,2.1511666951179094,12,-0.0005911468238123098,HIGHER_RES_SAMPLING_REFERENCE,96,0,0.9990766403674487,0.26352870484173935,175,176,ADAPTED_SPHERICAL_KS_WORKFLOW_REPRODUCTION
1.0507724234079215e-05,vel2,6.928997148467373e-05,2.1511666951179094,4.094364395859927,12,7.979769571875295e-05,HIGHER_RES_SAMPLING_REFERENCE,96,1,0.9990766403674487,0.26352870484173935,175,176,ADAPTED_SPHERICAL_KS_WORKFLOW_REPRODUCTION
3.2455919600236495e-07,vel2,2.3780033838487563e-05,4.094364395859927,7.792896684450838,12,2.410459303448993e-05,HIGHER_RES_SAMPLING_REFERENCE,96,2,0.9990766403674487,0.26352870484173935,175,176,ADAPTED_SPHERICAL_KS_WORKFLOW_REPRODUCTION
1.0593271975003318e-06,vel2,1.6364392523570426e-06,7.792896684450838,14.832397134933096,12,5.771120548567108e-07,HIGHER_RES_SAMPLING_REFERENCE,96,3,0.9990766403674487,0.26352870484173935,175,176,ADAPTED_SPHERICAL_KS_WORKFLOW_REPRODUCTION
4.3954998061785825e-07,vel2,1.4349697640241792e-05,14.832397134933096,28.23083811791544,12,1.3910147659623934e-05,HIGHER_RES_SAMPLING_REFERENCE,96,4,0.9990766403674487,0.26352870484173935,175,176,ADAPTED_SPHERICAL_KS_WORKFLOW_REPRODUCTION
3.091100786712648e-07,vel2,-7.69903329450183e-06,28.23083811791544,53.73239494531252,12,-7.389923215830565e-06,HIGHER_RES_SAMPLING_REFERENCE,96,5,0.9990766403674487,0.26352870484173935,175,176,ADAPTED_SPHERICAL_KS_WORKFLOW_REPRODUCTION
1.5440459282570115e-07,vel2,2.417912362460972e-06,53.73239494531252,102.27008686386948,12,2.263507769635271e-06,HIGHER_RES_SAMPLING_REFERENCE,96,6,0.9990766403674487,0.26352870484173935,175,176,ADAPTED_SPHERICAL_KS_WORKFLOW_REPRODUCTION
3.1448299400536024e-07,vel2,-3.49744641908952e-07,102.27008686386948,194.6529775527125,12,-3.52616479035918e-08,HIGHER_RES_SAMPLING_REFERENCE,96,7,0.9990766403674487,0.26352870484173935,175,176,ADAPTED_SPHERICAL_KS_WORKFLOW_REPRODUCTION
0.0,vel2,-0.0006469829395414073,1.1225854340129873,2.1402642060118655,16,-0.0006469829395414073,HIGHER_RES_SAMPLING_REFERENCE,128,0,1.0,0.0,175,176,ADAPTED_SPHERICAL_KS_WORKFLOW_REPRODUCTION
0.0,vel2,6.885813362786375e-05,2.1402642060118655,4.080518713983782,16,6.885813362786375e-05,HIGHER_RES_SAMPLING_REFERENCE,128,1,1.0,0.0,175,176,ADAPTED_SPHERICAL_KS_WORKFLOW_REPRODUCTION
0.0,vel2,2.3456188859009852e-05,4.080518713983782,7.779709125817875,16,2.3456188859009852e-05,HIGHER_RES_SAMPLING_REFERENCE,128,2,1.0,0.0,175,176,ADAPTED_SPHERICAL_KS_WORKFLOW_REPRODUCTION
0.0,vel2,1.706421845217368e-06,7.779709125817875,14.832397134933096,16,1.706421845217368e-06,HIGHER_RES_SAMPLING_REFERENCE,128,3,1.0,0.0,175,176,ADAPTED_SPHERICAL_KS_WORKFLOW_REPRODUCTION
0.0,vel2,1.342219048875836e-05,14.832397134933096,28.278692841905322,16,1.342219048875836e-05,HIGHER_RES_SAMPLING_REFERENCE,128,4,1.0,0.0,175,176,ADAPTED_SPHERICAL_KS_WORKFLOW_REPRODUCTION
0.0,vel2,-7.516458189245172e-06,28.278692841905322,53.91471530676722,16,-7.516458189245172e-06,HIGHER_RES_SAMPLING_REFERENCE,128,5,1.0,0.0,175,176,ADAPTED_SPHERICAL_KS_WORKFLOW_REPRODUCTION
0.0,vel2,3.026718536729839e-06,53.91471530676722,102.79104988552615,16,3.026718536729839e-06,HIGHER_RES_SAMPLING_REFERENCE,128,6,1.0,0.0,175,176,ADAPTED_SPHERICAL_KS_WORKFLOW_REPRODUCTION
0.0,vel2,-2.276030439934268e-07,102.79104988552615,195.97617972105846,16,-2.276030439934268e-07,HIGHER_RES_SAMPLING_REFERENCE,128,7,1.0,0.0,175,176,ADAPTED_SPHERICAL_KS_WORKFLOW_REPRODUCTION
0.0016735645458538784,vel3,-0.007665748352337687,1.1456345721309733,2.1731385678184307,8,-0.0059921838064838084,HIGHER_RES_SAMPLING_REFERENCE,64,0,0.9986095545745665,0.26961041071635844,175,176,ADAPTED_SPHERICAL_KS_WORKFLOW_REPRODUCTION
0.0002858344723790651,vel3,0.002127459850271407,2.1731385678184307,4.122196859122056,8,0.001841625377892342,HIGHER_RES_SAMPLING_REFERENCE,64,1,0.9986095545745665,0.26961041071635844,175,176,ADAPTED_SPHERICAL_KS_WORKFLOW_REPRODUCTION
3.254400087371323e-05,vel3,0.0006722850098412891,4.122196859122056,7.819338903185626,8,0.0006397410089675759,HIGHER_RES_SAMPLING_REFERENCE,64,2,0.9986095545745665,0.26961041071635844,175,176,ADAPTED_SPHERICAL_KS_WORKFLOW_REPRODUCTION
0.00017326989637922452,vel3,0.00041049027129247406,7.819338903185626,14.832397134933096,8,0.0005837601676716986,HIGHER_RES_SAMPLING_REFERENCE,64,3,0.9986095545745665,0.26961041071635844,175,176,ADAPTED_SPHERICAL_KS_WORKFLOW_REPRODUCTION
1.3346129165370257e-05,vel3,0.00014373900016551033,14.832397134933096,28.135371479901284,8,0.0001570851293308806,HIGHER_RES_SAMPLING_REFERENCE,64,4,0.9986095545745665,0.26961041071635844,175,176,ADAPTED_SPHERICAL_KS_WORKFLOW_REPRODUCTION
2.1435446484474596e-05,vel3,0.0001764421708401187,28.135371479901284,53.36960176502269,8,0.0001550067243556441,HIGHER_RES_SAMPLING_REFERENCE,64,5,0.9986095545745665,0.26961041071635844,175,176,ADAPTED_SPHERICAL_KS_WORKFLOW_REPRODUCTION
1.8614235649749844e-05,vel3,1.787361476246474e-05,53.36960176502269,101.23606843406442,8,-7.406208872851039e-07,HIGHER_RES_SAMPLING_REFERENCE,64,6,0.9986095545745665,0.26961041071635844,175,176,ADAPTED_SPHERICAL_KS_WORKFLOW_REPRODUCTION
7.231273183805342e-06,vel3,2.574109744379882e-05,101.23606843406442,192.03331509030292,8,1.850982425999348e-05,HIGHER_RES_SAMPLING_REFERENCE,64,7,0.9986095545745665,0.26961041071635844,175,176,ADAPTED_SPHERICAL_KS_WORKFLOW_REPRODUCTION
0.0036666406725729492,vel3,-0.0053389675108687865,1.1302164885137453,2.1511666951179094,12,-0.009005608183441736,HIGHER_RES_SAMPLING_REFERENCE,96,0,0.9878022011664294,0.3957996314812799,175,176,ADAPTED_SPHERICAL_KS_WORKFLOW_REPRODUCTION
7.003942206480415e-05,vel3,0.002063040556499295,2.1511666951179094,4.094364395859927,12,0.0019930011344344908,HIGHER_RES_SAMPLING_REFERENCE,96,1,0.9878022011664294,0.3957996314812799,175,176,ADAPTED_SPHERICAL_KS_WORKFLOW_REPRODUCTION
6.029857969999154e-05,vel3,0.0006046920709397657,4.094364395859927,7.792896684450838,12,0.0006649906506397572,HIGHER_RES_SAMPLING_REFERENCE,96,2,0.9878022011664294,0.3957996314812799,175,176,ADAPTED_SPHERICAL_KS_WORKFLOW_REPRODUCTION
5.780775016453975e-05,vel3,0.0005089651542254649,7.792896684450838,14.832397134933096,12,0.0005667729043900046,HIGHER_RES_SAMPLING_REFERENCE,96,3,0.9878022011664294,0.3957996314812799,175,176,ADAPTED_SPHERICAL_KS_WORKFLOW_REPRODUCTION
6.088222128844927e-06,vel3,0.00016497915452065272,14.832397134933096,28.23083811791544,12,0.0001588909323918078,HIGHER_RES_SAMPLING_REFERENCE,96,4,0.9878022011664294,0.3957996314812799,175,176,ADAPTED_SPHERICAL_KS_WORKFLOW_REPRODUCTION
4.325576994940799e-05,vel3,0.00016993040547411646,28.23083811791544,53.73239494531252,12,0.00021318617542352445,HIGHER_RES_SAMPLING_REFERENCE,96,5,0.9878022011664294,0.3957996314812799,175,176,ADAPTED_SPHERICAL_KS_WORKFLOW_REPRODUCTION
5.540317758345736e-06,vel3,5.703385875643073e-06,53.73239494531252,102.27008686386948,12,1.124370363398881e-05,HIGHER_RES_SAMPLING_REFERENCE,96,6,0.9878022011664294,0.3957996314812799,175,176,ADAPTED_SPHERICAL_KS_WORKFLOW_REPRODUCTION
1.1669781900123e-05,vel3,2.4291012123632703e-05,102.27008686386948,194.6529775527125,12,3.59607940237557e-05,HIGHER_RES_SAMPLING_REFERENCE,96,7,0.9878022011664294,0.3957996314812799,175,176,ADAPTED_SPHERICAL_KS_WORKFLOW_REPRODUCTION
0.0,vel3,-0.006815261282554275,1.1225854340129873,2.1402642060118655,16,-0.006815261282554275,HIGHER_RES_SAMPLING_REFERENCE,128,0,0.9999999999999999,0.0,175,176,ADAPTED_SPHERICAL_KS_WORKFLOW_REPRODUCTION
0.0,vel3,0.001971392344216838,2.1402642060118655,4.080518713983782,16,0.001971392344216838,HIGHER_RES_SAMPLING_REFERENCE,128,1,0.9999999999999999,0.0,175,176,ADAPTED_SPHERICAL_KS_WORKFLOW_REPRODUCTION
0.0,vel3,0.0006057845833709052,4.080518713983782,7.779709125817875,16,0.0006057845833709052,HIGHER_RES_SAMPLING_REFERENCE,128,2,0.9999999999999999,0.0,175,176,ADAPTED_SPHERICAL_KS_WORKFLOW_REPRODUCTION
0.0,vel3,0.0005023715731198308,7.779709125817875,14.832397134933096,16,0.0005023715731198308,HIGHER_RES_SAMPLING_REFERENCE,128,3,0.9999999999999999,0.0,175,176,ADAPTED_SPHERICAL_KS_WORKFLOW_REPRODUCTION
0.0,vel3,0.00015276562947974526,14.832397134933096,28.278692841905322,16,0.00015276562947974526,HIGHER_RES_SAMPLING_REFERENCE,128,4,0.9999999999999999,0.0,175,176,ADAPTED_SPHERICAL_KS_WORKFLOW_REPRODUCTION
0.0,vel3,0.00019036592258458995,28.278692841905322,53.91471530676722,16,0.00019036592258458995,HIGHER_RES_SAMPLING_REFERENCE,128,5,0.9999999999999999,0.0,175,176,ADAPTED_SPHERICAL_KS_WORKFLOW_REPRODUCTION
0.0,vel3,1.9078121608728793e-05,53.91471530676722,102.79104988552615,16,1.9078121608728793e-05,HIGHER_RES_SAMPLING_REFERENCE,128,6,0.9999999999999999,0.0,175,176,ADAPTED_SPHERICAL_KS_WORKFLOW_REPRODUCTION
0.0,vel3,3.2384743976709984e-05,102.79104988552615,195.97617972105846,16,3.2384743976709984e-05,HIGHER_RES_SAMPLING_REFERENCE,128,7,0.9999999999999999,0.0,175,176,ADAPTED_SPHERICAL_KS_WORKFLOW_REPRODUCTION
0.00031270556382878567,Bcc1,-0.006571957967480557,1.1456345721309733,2.1731385678184307,8,-0.006884663531309343,HIGHER_RES_SAMPLING_REFERENCE,64,0,0.9997620862488725,0.05581580821172332,200,201,ADAPTED_SPHERICAL_KS_WORKFLOW_REPRODUCTION
0.00025824906663274305,Bcc1,-0.001985496309885093,2.1731385678184307,4.122196859122056,8,-0.002243745376517836,HIGHER_RES_SAMPLING_REFERENCE,64,1,0.9997620862488725,0.05581580821172332,200,201,ADAPTED_SPHERICAL_KS_WORKFLOW_REPRODUCTION
2.0447718114269264e-05,Bcc1,-0.0007467693079235005,4.122196859122056,7.819338903185626,8,-0.0007672170260377698,HIGHER_RES_SAMPLING_REFERENCE,64,2,0.9997620862488725,0.05581580821172332,200,201,ADAPTED_SPHERICAL_KS_WORKFLOW_REPRODUCTION
8.97631549179323e-06,Bcc1,-1.5516419594518993e-05,7.819338903185626,14.832397134933096,8,-2.4492735086312223e-05,HIGHER_RES_SAMPLING_REFERENCE,64,3,0.9997620862488725,0.05581580821172332,200,201,ADAPTED_SPHERICAL_KS_WORKFLOW_REPRODUCTION
1.1410415282853137e-05,Bcc1,2.8284202201689368e-05,14.832397134933096,28.135371479901284,8,3.9694617484542505e-05,HIGHER_RES_SAMPLING_REFERENCE,64,4,0.9997620862488725,0.05581580821172332,200,201,ADAPTED_SPHERICAL_KS_WORKFLOW_REPRODUCTION
6.544582462963966e-06,Bcc1,2.0491476954043186e-05,28.135371479901284,53.36960176502269,8,2.7036059417007152e-05,HIGHER_RES_SAMPLING_REFERENCE,64,5,0.9997620862488725,0.05581580821172332,200,201,ADAPTED_SPHERICAL_KS_WORKFLOW_REPRODUCTION
2.238567403889391e-06,Bcc1,-9.493015812989114e-06,53.36960176502269,101.23606843406442,8,-7.254448409099723e-06,HIGHER_RES_SAMPLING_REFERENCE,64,6,0.9997620862488725,0.05581580821172332,200,201,ADAPTED_SPHERICAL_KS_WORKFLOW_REPRODUCTION
6.236714159113532e-06,Bcc1,5.786772400595552e-06,101.23606843406442,192.03331509030292,8,-4.499417585179799e-07,HIGHER_RES_SAMPLING_REFERENCE,64,7,0.9997620862488725,0.05581580821172332,200,201,ADAPTED_SPHERICAL_KS_WORKFLOW_REPRODUCTION
0.0012563827544067024,Bcc1,-0.005037159571522217,1.1302164885137453,2.1511666951179094,12,-0.006293542325928919,HIGHER_RES_SAMPLING_REFERENCE,96,0,0.9994839224971294,0.19957683509073454,200,201,ADAPTED_SPHERICAL_KS_WORKFLOW_REPRODUCTION
0.00043043406242725666,Bcc1,-0.0015606439125501008,2.1511666951179094,4.094364395859927,12,-0.0019910779749773575,HIGHER_RES_SAMPLING_REFERENCE,96,1,0.9994839224971294,0.19957683509073454,200,201,ADAPTED_SPHERICAL_KS_WORKFLOW_REPRODUCTION
5.681215961212457e-07,Bcc1,-0.0008415644599777066,4.094364395859927,7.792896684450838,12,-0.0008409963383815853,HIGHER_RES_SAMPLING_REFERENCE,96,2,0.9994839224971294,0.19957683509073454,200,201,ADAPTED_SPHERICAL_KS_WORKFLOW_REPRODUCTION
3.8075932719847406e-06,Bcc1,-2.271710679822179e-05,7.792896684450838,14.832397134933096,12,-1.8909513526237048e-05,HIGHER_RES_SAMPLING_REFERENCE,96,3,0.9994839224971294,0.19957683509073454,200,201,ADAPTED_SPHERICAL_KS_WORKFLOW_REPRODUCTION
5.044491306054828e-06,Bcc1,3.1949245213682945e-05,14.832397134933096,28.23083811791544,12,3.699373651973777e-05,HIGHER_RES_SAMPLING_REFERENCE,96,4,0.9994839224971294,0.19957683509073454,200,201,ADAPTED_SPHERICAL_KS_WORKFLOW_REPRODUCTION
1.548332035817958e-06,Bcc1,2.492608633704781e-05,28.23083811791544,53.73239494531252,12,2.6474418372865768e-05,HIGHER_RES_SAMPLING_REFERENCE,96,5,0.9994839224971294,0.19957683509073454,200,201,ADAPTED_SPHERICAL_KS_WORKFLOW_REPRODUCTION
2.7778177216219993e-06,Bcc1,-8.678998135938745e-06,53.73239494531252,102.27008686386948,12,-5.901180414316745e-06,HIGHER_RES_SAMPLING_REFERENCE,96,6,0.9994839224971294,0.19957683509073454,200,201,ADAPTED_SPHERICAL_KS_WORKFLOW_REPRODUCTION
1.7541147533898195e-06,Bcc1,3.1734060620773144e-06,102.27008686386948,194.6529775527125,12,1.4192913086874949e-06,HIGHER_RES_SAMPLING_REFERENCE,96,7,0.9994839224971294,0.19957683509073454,200,201,ADAPTED_SPHERICAL_KS_WORKFLOW_REPRODUCTION
0.0,Bcc1,-0.006919469017134361,1.1225854340129873,2.1402642060118655,16,-0.006919469017134361,HIGHER_RES_SAMPLING_REFERENCE,128,0,1.0,0.0,200,201,ADAPTED_SPHERICAL_KS_WORKFLOW_REPRODUCTION
0.0,Bcc1,-0.002085073878475896,2.1402642060118655,4.080518713983782,16,-0.002085073878475896,HIGHER_RES_SAMPLING_REFERENCE,128,1,1.0,0.0,200,201,ADAPTED_SPHERICAL_KS_WORKFLOW_REPRODUCTION
0.0,Bcc1,-0.0007220012894357808,4.080518713983782,7.779709125817875,16,-0.0007220012894357808,HIGHER_RES_SAMPLING_REFERENCE,128,2,1.0,0.0,200,201,ADAPTED_SPHERICAL_KS_WORKFLOW_REPRODUCTION
0.0,Bcc1,-1.716216544256355e-05,7.779709125817875,14.832397134933096,16,-1.716216544256355e-05,HIGHER_RES_SAMPLING_REFERENCE,128,3,1.0,0.0,200,201,ADAPTED_SPHERICAL_KS_WORKFLOW_REPRODUCTION
0.0,Bcc1,3.482174886926259e-05,14.832397134933096,28.278692841905322,16,3.482174886926259e-05,HIGHER_RES_SAMPLING_REFERENCE,128,4,1.0,0.0,200,201,ADAPTED_SPHERICAL_KS_WORKFLOW_REPRODUCTION
0.0,Bcc1,2.413826634911631e-05,28.278692841905322,53.91471530676722,16,2.413826634911631e-05,HIGHER_RES_SAMPLING_REFERENCE,128,5,1.0,0.0,200,201,ADAPTED_SPHERICAL_KS_WORKFLOW_REPRODUCTION
0.0,Bcc1,-7.479072360760952e-06,53.91471530676722,102.79104988552615,16,-7.479072360760952e-06,HIGHER_RES_SAMPLING_REFERENCE,128,6,1.0,0.0,200,201,ADAPTED_SPHERICAL_KS_WORKFLOW_REPRODUCTION
0.0,Bcc1,2.3664838479566658e-06,102.79104988552615,195.97617972105846,16,2.3664838479566658e-06,HIGHER_RES_SAMPLING_REFERENCE,128,7,1.0,0.0,200,201,ADAPTED_SPHERICAL_KS_WORKFLOW_REPRODUCTION
0.0015688056280325213,Bcc2,0.01124105821851984,1.1456345721309733,2.1731385678184307,8,0.009672252590487318,HIGHER_RES_SAMPLING_REFERENCE,64,0,0.9992709465472758,0.16557297451179717,200,201,ADAPTED_SPHERICAL_KS_WORKFLOW_REPRODUCTION
0.0003400963638613419,Bcc2,0.00016304658947596806,2.1731385678184307,4.122196859122056,8,0.00050314295333731,HIGHER_RES_SAMPLING_REFERENCE,64,1,0.9992709465472758,0.16557297451179717,200,201,ADAPTED_SPHERICAL_KS_WORKFLOW_REPRODUCTION
1.2293895025106139e-05,Bcc2,-0.0004246297396335308,4.122196859122056,7.819338903185626,8,-0.00043692363465863693,HIGHER_RES_SAMPLING_REFERENCE,64,2,0.9992709465472758,0.16557297451179717,200,201,ADAPTED_SPHERICAL_KS_WORKFLOW_REPRODUCTION
7.521604764304524e-06,Bcc2,-7.010681906233218e-05,7.819338903185626,14.832397134933096,8,-7.76284238266367e-05,HIGHER_RES_SAMPLING_REFERENCE,64,3,0.9992709465472758,0.16557297451179717,200,201,ADAPTED_SPHERICAL_KS_WORKFLOW_REPRODUCTION
4.233428481294904e-07,Bcc2,5.656875115556126e-07,14.832397134933096,28.135371479901284,8,1.4234466342612218e-07,HIGHER_RES_SAMPLING_REFERENCE,64,4,0.9992709465472758,0.16557297451179717,200,201,ADAPTED_SPHERICAL_KS_WORKFLOW_REPRODUCTION
9.016755493033296e-08,Bcc2,-1.60902707685949e-06,28.135371479901284,53.36960176502269,8,-1.699194631789823e-06,HIGHER_RES_SAMPLING_REFERENCE,64,5,0.9992709465472758,0.16557297451179717,200,201,ADAPTED_SPHERICAL_KS_WORKFLOW_REPRODUCTION
1.3933893943090386e-07,Bcc2,-7.397699680351116e-08,53.36960176502269,101.23606843406442,8,-2.1331593623441503e-07,HIGHER_RES_SAMPLING_REFERENCE,64,6,0.9992709465472758,0.16557297451179717,200,201,ADAPTED_SPHERICAL_KS_WORKFLOW_REPRODUCTION
1.8304122514998383e-08,Bcc2,1.2819465402083043e-08,101.23606843406442,192.03331509030292,8,3.1123587917081426e-08,HIGHER_RES_SAMPLING_REFERENCE,64,7,0.9992709465472758,0.16557297451179717,200,201,ADAPTED_SPHERICAL_KS_WORKFLOW_REPRODUCTION
0.0003342585597944543,Bcc2,0.010602319411573389,1.1302164885137453,2.1511666951179094,12,0.010268060851778935,HIGHER_RES_SAMPLING_REFERENCE,96,0,0.9995955450570894,0.04320521706473158,200,201,ADAPTED_SPHERICAL_KS_WORKFLOW_REPRODUCTION
0.0002891956111885476,Bcc2,5.574702886058781e-05,2.1511666951179094,4.094364395859927,12,0.00034494264004913543,HIGHER_RES_SAMPLING_REFERENCE,96,1,0.9995955450570894,0.04320521706473158,200,201,ADAPTED_SPHERICAL_KS_WORKFLOW_REPRODUCTION
4.53292374629622e-05,Bcc2,-0.00049704419548909,4.094364395859927,7.792896684450838,12,-0.00045171495802612775,HIGHER_RES_SAMPLING_REFERENCE,96,2,0.9995955450570894,0.04320521706473158,200,201,ADAPTED_SPHERICAL_KS_WORKFLOW_REPRODUCTION
2.3400322718126446e-06,Bcc2,-7.581533537336248e-05,7.792896684450838,14.832397134933096,12,-7.347530310154984e-05,HIGHER_RES_SAMPLING_REFERENCE,96,3,0.9995955450570894,0.04320521706473158,200,201,ADAPTED_SPHERICAL_KS_WORKFLOW_REPRODUCTION
9.609802657985273e-07,Bcc2,1.2461487733223797e-06,14.832397134933096,28.23083811791544,12,2.8516850752385244e-07,HIGHER_RES_SAMPLING_REFERENCE,96,4,0.9995955450570894,0.04320521706473158,200,201,ADAPTED_SPHERICAL_KS_WORKFLOW_REPRODUCTION
1.951735819026102e-08,Bcc2,-1.5750241348105928e-06,28.23083811791544,53.73239494531252,12,-1.5945414930008538e-06,HIGHER_RES_SAMPLING_REFERENCE,96,5,0.9995955450570894,0.04320521706473158,200,201,ADAPTED_SPHERICAL_KS_WORKFLOW_REPRODUCTION
6.29591437446276e-08,Bcc2,-7.781504492488851e-08,53.73239494531252,102.27008686386948,12,-1.407741886695161e-07,HIGHER_RES_SAMPLING_REFERENCE,96,6,0.9995955450570894,0.04320521706473158,200,201,ADAPTED_SPHERICAL_KS_WORKFLOW_REPRODUCTION
4.626265227031296e-09,Bcc2,1.5853597746570176e-08,102.27008686386948,194.6529775527125,12,1.122733251953888e-08,HIGHER_RES_SAMPLING_REFERENCE,96,7,0.9995955450570894,0.04320521706473158,200,201,ADAPTED_SPHERICAL_KS_WORKFLOW_REPRODUCTION
0.0,Bcc2,0.010080990751702323,1.1225854340129873,2.1402642060118655,16,0.010080990751702323,HIGHER_RES_SAMPLING_REFERENCE,128,0,1.0,0.0,200,201,ADAPTED_SPHERICAL_KS_WORKFLOW_REPRODUCTION
0.0,Bcc2,0.00021344208618603866,2.1402642060118655,4.080518713983782,16,0.00021344208618603866,HIGHER_RES_SAMPLING_REFERENCE,128,1,1.0,0.0,200,201,ADAPTED_SPHERICAL_KS_WORKFLOW_REPRODUCTION
0.0,Bcc2,-0.0004241125239404786,4.080518713983782,7.779709125817875,16,-0.0004241125239404786,HIGHER_RES_SAMPLING_REFERENCE,128,2,1.0,0.0,200,201,ADAPTED_SPHERICAL_KS_WORKFLOW_REPRODUCTION
0.0,Bcc2,-7.118184230395924e-05,7.779709125817875,14.832397134933096,16,-7.118184230395924e-05,HIGHER_RES_SAMPLING_REFERENCE,128,3,1.0,0.0,200,201,ADAPTED_SPHERICAL_KS_WORKFLOW_REPRODUCTION
0.0,Bcc2,6.334592308092964e-07,14.832397134933096,28.278692841905322,16,6.334592308092964e-07,HIGHER_RES_SAMPLING_REFERENCE,128,4,1.0,0.0,200,201,ADAPTED_SPHERICAL_KS_WORKFLOW_REPRODUCTION
0.0,Bcc2,-1.7123800048465592e-06,28.278692841905322,53.91471530676722,16,-1.7123800048465592e-06,HIGHER_RES_SAMPLING_REFERENCE,128,5,1.0,0.0,200,201,ADAPTED_SPHERICAL_KS_WORKFLOW_REPRODUCTION
0.0,Bcc2,-1.2546621393130092e-07,53.91471530676722,102.79104988552615,16,-1.2546621393130092e-07,HIGHER_RES_SAMPLING_REFERENCE,128,6,1.0,0.0,200,201,ADAPTED_SPHERICAL_KS_WORKFLOW_REPRODUCTION
0.0,Bcc2,5.369839376359131e-09,102.79104988552615,195.97617972105846,16,5.369839376359131e-09,HIGHER_RES_SAMPLING_REFERENCE,128,7,1.0,0.0,200,201,ADAPTED_SPHERICAL_KS_WORKFLOW_REPRODUCTION
0.08070041928760929,Bcc3,0.21416686620136716,1.1456345721309733,2.1731385678184307,8,0.29486728548897645,HIGHER_RES_SAMPLING_REFERENCE,64,0,0.999994678606913,0.2736643376322244,200,201,ADAPTED_SPHERICAL_KS_WORKFLOW_REPRODUCTION
0.0003409510807230731,Bcc3,0.003174960708179242,2.1731385678184307,4.122196859122056,8,0.003515911788902315,HIGHER_RES_SAMPLING_REFERENCE,64,1,0.999994678606913,0.2736643376322244,200,201,ADAPTED_SPHERICAL_KS_WORKFLOW_REPRODUCTION
2.7876890653644182e-05,Bcc3,0.0012343708800930386,4.122196859122056,7.819338903185626,8,0.0012622477707466828,HIGHER_RES_SAMPLING_REFERENCE,64,2,0.999994678606913,0.2736643376322244,200,201,ADAPTED_SPHERICAL_KS_WORKFLOW_REPRODUCTION
7.445645949566426e-06,Bcc3,-0.0001455796315044111,7.819338903185626,14.832397134933096,8,-0.00015302527745397754,HIGHER_RES_SAMPLING_REFERENCE,64,3,0.999994678606913,0.2736643376322244,200,201,ADAPTED_SPHERICAL_KS_WORKFLOW_REPRODUCTION
1.7418001028168817e-05,Bcc3,-1.6147204056515818e-05,14.832397134933096,28.135371479901284,8,-3.3565205084684635e-05,HIGHER_RES_SAMPLING_REFERENCE,64,4,0.999994678606913,0.2736643376322244,200,201,ADAPTED_SPHERICAL_KS_WORKFLOW_REPRODUCTION
1.082141178798679e-05,Bcc3,-2.5814274206226173e-05,28.135371479901284,53.36960176502269,8,-1.4992862418239383e-05,HIGHER_RES_SAMPLING_REFERENCE,64,5,0.999994678606913,0.2736643376322244,200,201,ADAPTED_SPHERICAL_KS_WORKFLOW_REPRODUCTION
2.714186453589562e-06,Bcc3,5.928209098948756e-06,53.36960176502269,101.23606843406442,8,3.2140226453591936e-06,HIGHER_RES_SAMPLING_REFERENCE,64,6,0.999994678606913,0.2736643376322244,200,201,ADAPTED_SPHERICAL_KS_WORKFLOW_REPRODUCTION
5.434388739011808e-07,Bcc3,-1.220736583006088e-06,101.23606843406442,192.03331509030292,8,-6.772977091049071e-07,HIGHER_RES_SAMPLING_REFERENCE,64,7,0.999994678606913,0.2736643376322244,200,201,ADAPTED_SPHERICAL_KS_WORKFLOW_REPRODUCTION
0.012411483929350153,Bcc3,0.26753518977056956,1.1302164885137453,2.1511666951179094,12,0.2551237058412194,HIGHER_RES_SAMPLING_REFERENCE,96,0,0.9999987881356338,0.0486552225299545,200,201,ADAPTED_SPHERICAL_KS_WORKFLOW_REPRODUCTION
0.00025129477842256165,Bcc3,0.0031168589053541603,2.1511666951179094,4.094364395859927,12,0.003368153683776722,HIGHER_RES_SAMPLING_REFERENCE,96,1,0.9999987881356338,0.0486552225299545,200,201,ADAPTED_SPHERICAL_KS_WORKFLOW_REPRODUCTION
8.357234633893785e-05,Bcc3,0.0012744544820998693,4.094364395859927,7.792896684450838,12,0.0011908821357609315,HIGHER_RES_SAMPLING_REFERENCE,96,2,0.9999987881356338,0.0486552225299545,200,201,ADAPTED_SPHERICAL_KS_WORKFLOW_REPRODUCTION
1.0940749766037748e-05,Bcc3,-0.00014510636597588313,7.792896684450838,14.832397134933096,12,-0.00015604711574192088,HIGHER_RES_SAMPLING_REFERENCE,96,3,0.9999987881356338,0.0486552225299545,200,201,ADAPTED_SPHERICAL_KS_WORKFLOW_REPRODUCTION
1.1940365010476982e-05,Bcc3,-1.4881845082733755e-05,14.832397134933096,28.23083811791544,12,-2.6822210093210737e-05,HIGHER_RES_SAMPLING_REFERENCE,96,4,0.9999987881356338,0.0486552225299545,200,201,ADAPTED_SPHERICAL_KS_WORKFLOW_REPRODUCTION
3.152964123597926e-06,Bcc3,-2.1433450771118708e-05,28.23083811791544,53.73239494531252,12,-1.828048664752078e-05,HIGHER_RES_SAMPLING_REFERENCE,96,5,0.9999987881356338,0.0486552225299545,200,201,ADAPTED_SPHERICAL_KS_WORKFLOW_REPRODUCTION
1.5683011873848486e-06,Bcc3,4.8093344122948324e-06,53.73239494531252,102.27008686386948,12,3.241033224909984e-06,HIGHER_RES_SAMPLING_REFERENCE,96,6,0.9999987881356338,0.0486552225299545,200,201,ADAPTED_SPHERICAL_KS_WORKFLOW_REPRODUCTION
8.351882430265753e-07,Bcc3,-1.1126592926501813e-06,102.27008686386948,194.6529775527125,12,-2.77471049623606e-07,HIGHER_RES_SAMPLING_REFERENCE,96,7,0.9999987881356338,0.0486552225299545,200,201,ADAPTED_SPHERICAL_KS_WORKFLOW_REPRODUCTION
0.0,Bcc3,0.25544102617087283,1.1225854340129873,2.1402642060118655,16,0.25544102617087283,HIGHER_RES_SAMPLING_REFERENCE,128,0,1.0,0.0,200,201,ADAPTED_SPHERICAL_KS_WORKFLOW_REPRODUCTION
0.0,Bcc3,0.003245370649851864,2.1402642060118655,4.080518713983782,16,0.003245370649851864,HIGHER_RES_SAMPLING_REFERENCE,128,1,1.0,0.0,200,201,ADAPTED_SPHERICAL_KS_WORKFLOW_REPRODUCTION
0.0,Bcc3,0.0012016098006655263,4.080518713983782,7.779709125817875,16,0.0012016098006655263,HIGHER_RES_SAMPLING_REFERENCE,128,2,1.0,0.0,200,201,ADAPTED_SPHERICAL_KS_WORKFLOW_REPRODUCTION
0.0,Bcc3,-0.00015737894028511334,7.779709125817875,14.832397134933096,16,-0.00015737894028511334,HIGHER_RES_SAMPLING_REFERENCE,128,3,1.0,0.0,200,201,ADAPTED_SPHERICAL_KS_WORKFLOW_REPRODUCTION
0.0,Bcc3,-1.9480113547992728e-05,14.832397134933096,28.278692841905322,16,-1.9480113547992728e-05,HIGHER_RES_SAMPLING_REFERENCE,128,4,1.0,0.0,200,201,ADAPTED_SPHERICAL_KS_WORKFLOW_REPRODUCTION
0.0,Bcc3,-2.1646873429537195e-05,28.278692841905322,53.91471530676722,16,-2.1646873429537195e-05,HIGHER_RES_SAMPLING_REFERENCE,128,5,1.0,0.0,200,201,ADAPTED_SPHERICAL_KS_WORKFLOW_REPRODUCTION
0.0,Bcc3,4.789903033070031e-06,53.91471530676722,102.79104988552615,16,4.789903033070031e-06,HIGHER_RES_SAMPLING_REFERENCE,128,6,1.0,0.0,200,201,ADAPTED_SPHERICAL_KS_WORKFLOW_REPRODUCTION
0.0,Bcc3,-5.70404367182184e-07,102.79104988552615,195.97617972105846,16,-5.70404367182184e-07,HIGHER_RES_SAMPLING_REFERENCE,128,7,1.0,0.0,200,201,ADAPTED_SPHERICAL_KS_WORKFLOW_REPRODUCTION
0.004844795729241014,rho,-0.02582961339976464,1.1456345721309733,2.1731385678184307,8,-0.030674409129005653,HIGHER_RES_SAMPLING_REFERENCE,64,0,0.9984166122802669,0.11921715643400373,200,201,ADAPTED_SPHERICAL_KS_WORKFLOW_REPRODUCTION
0.0021504350556824647,rho,-0.031008250422530637,2.1731385678184307,4.122196859122056,8,-0.0331586854782131,HIGHER_RES_SAMPLING_REFERENCE,64,1,0.9984166122802669,0.11921715643400373,200,201,ADAPTED_SPHERICAL_KS_WORKFLOW_REPRODUCTION
5.399711895393011e-07,rho,0.0020111168073739805,4.122196859122056,7.819338903185626,8,0.002010576836184441,HIGHER_RES_SAMPLING_REFERENCE,64,2,0.9984166122802669,0.11921715643400373,200,201,ADAPTED_SPHERICAL_KS_WORKFLOW_REPRODUCTION
0.0010536015563831214,rho,0.0008815316412595919,7.819338903185626,14.832397134933096,8,0.0019351331976427133,HIGHER_RES_SAMPLING_REFERENCE,64,3,0.9984166122802669,0.11921715643400373,200,201,ADAPTED_SPHERICAL_KS_WORKFLOW_REPRODUCTION
0.00017492015995568266,rho,0.0026931956901132814,14.832397134933096,28.135371479901284,8,0.002868115850068964,HIGHER_RES_SAMPLING_REFERENCE,64,4,0.9984166122802669,0.11921715643400373,200,201,ADAPTED_SPHERICAL_KS_WORKFLOW_REPRODUCTION
3.629695184503845e-05,rho,0.0009489880882229129,28.135371479901284,53.36960176502269,8,0.0009126911363778745,HIGHER_RES_SAMPLING_REFERENCE,64,5,0.9984166122802669,0.11921715643400373,200,201,ADAPTED_SPHERICAL_KS_WORKFLOW_REPRODUCTION
4.3143314975790936e-05,rho,-0.00018972599206579233,53.36960176502269,101.23606843406442,8,-0.0001465826770900014,HIGHER_RES_SAMPLING_REFERENCE,64,6,0.9984166122802669,0.11921715643400373,200,201,ADAPTED_SPHERICAL_KS_WORKFLOW_REPRODUCTION
8.74658535876538e-09,rho,-0.000209577368335212,101.23606843406442,192.03331509030292,8,-0.00020958611492057078,HIGHER_RES_SAMPLING_REFERENCE,64,7,0.9984166122802669,0.11921715643400373,200,201,ADAPTED_SPHERICAL_KS_WORKFLOW_REPRODUCTION
0.0023785983669060637,rho,-0.02583865231577807,1.1302164885137453,2.1511666951179094,12,-0.023460053948872007,HIGHER_RES_SAMPLING_REFERENCE,96,0,0.9537093959425068,0.307639138459138,200,201,ADAPTED_SPHERICAL_KS_WORKFLOW_REPRODUCTION
0.008414624952618195,rho,-0.02224120041962494,2.1511666951179094,4.094364395859927,12,-0.030655825372243137,HIGHER_RES_SAMPLING_REFERENCE,96,1,0.9537093959425068,0.307639138459138,200,201,ADAPTED_SPHERICAL_KS_WORKFLOW_REPRODUCTION
0.008167605117265523,rho,0.004722362038051044,4.094364395859927,7.792896684450838,12,-0.0034452430792144798,HIGHER_RES_SAMPLING_REFERENCE,96,2,0.9537093959425068,0.307639138459138,200,201,ADAPTED_SPHERICAL_KS_WORKFLOW_REPRODUCTION
0.00012781845019402575,rho,0.0016625435237792709,7.792896684450838,14.832397134933096,12,0.0017903619739732966,HIGHER_RES_SAMPLING_REFERENCE,96,3,0.9537093959425068,0.307639138459138,200,201,ADAPTED_SPHERICAL_KS_WORKFLOW_REPRODUCTION
1.311699157370387e-05,rho,0.002672892509390368,14.832397134933096,28.23083811791544,12,0.002659775517816664,HIGHER_RES_SAMPLING_REFERENCE,96,4,0.9537093959425068,0.307639138459138,200,201,ADAPTED_SPHERICAL_KS_WORKFLOW_REPRODUCTION
0.00011071066144104948,rho,0.0009638689136631096,28.23083811791544,53.73239494531252,12,0.0008531582522220601,HIGHER_RES_SAMPLING_REFERENCE,96,5,0.9537093959425068,0.307639138459138,200,201,ADAPTED_SPHERICAL_KS_WORKFLOW_REPRODUCTION
4.305997202123265e-05,rho,-0.00013444211411417907,53.73239494531252,102.27008686386948,12,-0.00017750208613541172,HIGHER_RES_SAMPLING_REFERENCE,96,6,0.9537093959425068,0.307639138459138,200,201,ADAPTED_SPHERICAL_KS_WORKFLOW_REPRODUCTION
1.0091834551781735e-05,rho,-0.0002221989802666894,102.27008686386948,194.6529775527125,12,-0.00023229081481847115,HIGHER_RES_SAMPLING_REFERENCE,96,7,0.9537093959425068,0.307639138459138,200,201,ADAPTED_SPHERICAL_KS_WORKFLOW_REPRODUCTION
0.0,rho,-0.027186518577195784,1.1225854340129873,2.1402642060118655,16,-0.027186518577195784,HIGHER_RES_SAMPLING_REFERENCE,128,0,1.0,0.0,200,201,ADAPTED_SPHERICAL_KS_WORKFLOW_REPRODUCTION
0.0,rho,-0.03139439934021482,2.1402642060118655,4.080518713983782,16,-0.03139439934021482,HIGHER_RES_SAMPLING_REFERENCE,128,1,1.0,0.0,200,201,ADAPTED_SPHERICAL_KS_WORKFLOW_REPRODUCTION
0.0,rho,0.0009854429361872974,4.080518713983782,7.779709125817875,16,0.0009854429361872974,HIGHER_RES_SAMPLING_REFERENCE,128,2,1.0,0.0,200,201,ADAPTED_SPHERICAL_KS_WORKFLOW_REPRODUCTION
0.0,rho,0.0011891368407208613,7.779709125817875,14.832397134933096,16,0.0011891368407208613,HIGHER_RES_SAMPLING_REFERENCE,128,3,1.0,0.0,200,201,ADAPTED_SPHERICAL_KS_WORKFLOW_REPRODUCTION
0.0,rho,0.0027177709213341283,14.832397134933096,28.278692841905322,16,0.0027177709213341283,HIGHER_RES_SAMPLING_REFERENCE,128,4,1.0,0.0,200,201,ADAPTED_SPHERICAL_KS_WORKFLOW_REPRODUCTION
0.0,rho,0.0009278634315219927,28.278692841905322,53.91471530676722,16,0.0009278634315219927,HIGHER_RES_SAMPLING_REFERENCE,128,5,1.0,0.0,200,201,ADAPTED_SPHERICAL_KS_WORKFLOW_REPRODUCTION
0.0,rho,-0.00017094355446921686,53.91471530676722,102.79104988552615,16,-0.00017094355446921686,HIGHER_RES_SAMPLING_REFERENCE,128,6,1.0,0.0,200,201,ADAPTED_SPHERICAL_KS_WORKFLOW_REPRODUCTION
0.0,rho,-0.00020800957177431745,102.79104988552615,195.97617972105846,16,-0.00020800957177431745,HIGHER_RES_SAMPLING_REFERENCE,128,7,1.0,0.0,200,201,ADAPTED_SPHERICAL_KS_WORKFLOW_REPRODUCTION
0.021887759553052888,press,-0.08756315228563949,1.1456345721309733,2.1731385678184307,8,-0.10945091183869238,HIGHER_RES_SAMPLING_REFERENCE,64,0,0.9999879249855521,0.19977210391749137,200,201,ADAPTED_SPHERICAL_KS_WORKFLOW_REPRODUCTION
0.0009259498215783424,press,-0.0058634929452718865,2.1731385678184307,4.122196859122056,8,-0.006789442766850229,HIGHER_RES_SAMPLING_REFERENCE,64,1,0.9999879249855521,0.19977210391749137,200,201,ADAPTED_SPHERICAL_KS_WORKFLOW_REPRODUCTION
9.040235591806223e-05,press,0.00044292332342732443,4.122196859122056,7.819338903185626,8,0.0005333256793453867,HIGHER_RES_SAMPLING_REFERENCE,64,2,0.9999879249855521,0.19977210391749137,200,201,ADAPTED_SPHERICAL_KS_WORKFLOW_REPRODUCTION
2.537722460507763e-05,press,8.87598020325453e-05,7.819338903185626,14.832397134933096,8,0.00011413702663762293,HIGHER_RES_SAMPLING_REFERENCE,64,3,0.9999879249855521,0.19977210391749137,200,201,ADAPTED_SPHERICAL_KS_WORKFLOW_REPRODUCTION
9.131111115556756e-07,press,1.6401199170637537e-05,14.832397134933096,28.135371479901284,8,1.7314310282193213e-05,HIGHER_RES_SAMPLING_REFERENCE,64,4,0.9999879249855521,0.19977210391749137,200,201,ADAPTED_SPHERICAL_KS_WORKFLOW_REPRODUCTION
7.715057720111829e-08,press,1.5415943306687496e-06,28.135371479901284,53.36960176502269,8,1.4644437534676313e-06,HIGHER_RES_SAMPLING_REFERENCE,64,5,0.9999879249855521,0.19977210391749137,200,201,ADAPTED_SPHERICAL_KS_WORKFLOW_REPRODUCTION
4.3266639882400676e-08,press,-3.473312965283394e-07,53.36960176502269,101.23606843406442,8,-3.0406465664593874e-07,HIGHER_RES_SAMPLING_REFERENCE,64,6,0.9999879249855521,0.19977210391749137,200,201,ADAPTED_SPHERICAL_KS_WORKFLOW_REPRODUCTION
2.5283091909140964e-09,press,-2.967116835422834e-07,101.23606843406442,192.03331509030292,8,-2.992399927331975e-07,HIGHER_RES_SAMPLING_REFERENCE,64,7,0.9999879249855521,0.19977210391749137,200,201,ADAPTED_SPHERICAL_KS_WORKFLOW_REPRODUCTION
0.020212110596111818,press,-0.10801688411038833,1.1302164885137453,2.1511666951179094,12,-0.08780477351427651,HIGHER_RES_SAMPLING_REFERENCE,96,0,0.9999957997940704,0.23040030187091548,200,201,ADAPTED_SPHERICAL_KS_WORKFLOW_REPRODUCTION
0.0013894367338178042,press,-0.006232462102519565,2.1511666951179094,4.094364395859927,12,-0.004843025368701761,HIGHER_RES_SAMPLING_REFERENCE,96,1,0.9999957997940704,0.23040030187091548,200,201,ADAPTED_SPHERICAL_KS_WORKFLOW_REPRODUCTION
0.00023735257088238382,press,0.0006203470452858249,4.094364395859927,7.792896684450838,12,0.0003829944744034411,HIGHER_RES_SAMPLING_REFERENCE,96,2,0.9999957997940704,0.23040030187091548,200,201,ADAPTED_SPHERICAL_KS_WORKFLOW_REPRODUCTION
6.2946173507541536e-06,press,9.747807030194392e-05,7.792896684450838,14.832397134933096,12,0.00010377268765269807,HIGHER_RES_SAMPLING_REFERENCE,96,3,0.9999957997940704,0.23040030187091548,200,201,ADAPTED_SPHERICAL_KS_WORKFLOW_REPRODUCTION
1.6084986978984696e-07,press,1.594994645307916e-05,14.832397134933096,28.23083811791544,12,1.6110796322869007e-05,HIGHER_RES_SAMPLING_REFERENCE,96,4,0.9999957997940704,0.23040030187091548,200,201,ADAPTED_SPHERICAL_KS_WORKFLOW_REPRODUCTION
2.428256579294641e-07,press,1.5490318737247193e-06,28.23083811791544,53.73239494531252,12,1.3062062157952552e-06,HIGHER_RES_SAMPLING_REFERENCE,96,5,0.9999957997940704,0.23040030187091548,200,201,ADAPTED_SPHERICAL_KS_WORKFLOW_REPRODUCTION
8.316377827026847e-08,press,-2.620611447524288e-07,53.73239494531252,102.27008686386948,12,-3.452249230226973e-07,HIGHER_RES_SAMPLING_REFERENCE,96,6,0.9999957997940704,0.23040030187091548,200,201,ADAPTED_SPHERICAL_KS_WORKFLOW_REPRODUCTION
1.3357791700571834e-08,press,-3.1136550826396863e-07,102.27008686386948,194.6529775527125,12,-3.2472329996454047e-07,HIGHER_RES_SAMPLING_REFERENCE,96,7,0.9999957997940704,0.23040030187091548,200,201,ADAPTED_SPHERICAL_KS_WORKFLOW_REPRODUCTION
0.0,press,-0.09617681748165552,1.1225854340129873,2.1402642060118655,16,-0.09617681748165552,HIGHER_RES_SAMPLING_REFERENCE,128,0,1.0,0.0,200,201,ADAPTED_SPHERICAL_KS_WORKFLOW_REPRODUCTION
0.0,press,-0.005992329200486868,2.1402642060118655,4.080518713983782,16,-0.005992329200486868,HIGHER_RES_SAMPLING_REFERENCE,128,1,1.0,0.0,200,201,ADAPTED_SPHERICAL_KS_WORKFLOW_REPRODUCTION
0.0,press,0.00044233849440072914,4.080518713983782,7.779709125817875,16,0.00044233849440072914,HIGHER_RES_SAMPLING_REFERENCE,128,2,1.0,0.0,200,201,ADAPTED_SPHERICAL_KS_WORKFLOW_REPRODUCTION
0.0,press,9.317800213570065e-05,7.779709125817875,14.832397134933096,16,9.317800213570065e-05,HIGHER_RES_SAMPLING_REFERENCE,128,3,1.0,0.0,200,201,ADAPTED_SPHERICAL_KS_WORKFLOW_REPRODUCTION
0.0,press,1.6422293618957584e-05,14.832397134933096,28.278692841905322,16,1.6422293618957584e-05,HIGHER_RES_SAMPLING_REFERENCE,128,4,1.0,0.0,200,201,ADAPTED_SPHERICAL_KS_WORKFLOW_REPRODUCTION
0.0,press,1.4957821591202528e-06,28.278692841905322,53.91471530676722,16,1.4957821591202528e-06,HIGHER_RES_SAMPLING_REFERENCE,128,5,1.0,0.0,200,201,ADAPTED_SPHERICAL_KS_WORKFLOW_REPRODUCTION
0.0,press,-3.308019062212681e-07,53.91471530676722,102.79104988552615,16,-3.308019062212681e-07,HIGHER_RES_SAMPLING_REFERENCE,128,6,1.0,0.0,200,201,ADAPTED_SPHERICAL_KS_WORKFLOW_REPRODUCTION
0.0,press,-2.938911213761514e-07,102.79104988552615,195.97617972105846,16,-2.938911213761514e-07,HIGHER_RES_SAMPLING_REFERENCE,128,7,1.0,0.0,200,201,ADAPTED_SPHERICAL_KS_WORKFLOW_REPRODUCTION
0.0014831226385467744,vel1,0.005119189953234127,1.1456345721309733,2.1731385678184307,8,0.006602312591780901,HIGHER_RES_SAMPLING_REFERENCE,64,0,0.9901099109794463,0.14536470410959818,200,201,ADAPTED_SPHERICAL_KS_WORKFLOW_REPRODUCTION
0.00010698191874780605,vel1,0.002119740077773713,2.1731385678184307,4.122196859122056,8,0.002226721996521519,HIGHER_RES_SAMPLING_REFERENCE,64,1,0.9901099109794463,0.14536470410959818,200,201,ADAPTED_SPHERICAL_KS_WORKFLOW_REPRODUCTION
8.98687912922469e-05,vel1,-0.005064884747071119,4.122196859122056,7.819338903185626,8,-0.004975015955778872,HIGHER_RES_SAMPLING_REFERENCE,64,2,0.9901099109794463,0.14536470410959818,200,201,ADAPTED_SPHERICAL_KS_WORKFLOW_REPRODUCTION
0.0009067164088492063,vel1,-0.002717920132567997,7.819338903185626,14.832397134933096,8,-0.0036246365414172033,HIGHER_RES_SAMPLING_REFERENCE,64,3,0.9901099109794463,0.14536470410959818,200,201,ADAPTED_SPHERICAL_KS_WORKFLOW_REPRODUCTION
0.000702281711824071,vel1,-0.0025302054998945778,14.832397134933096,28.135371479901284,8,-0.0018279237880705068,HIGHER_RES_SAMPLING_REFERENCE,64,4,0.9901099109794463,0.14536470410959818,200,201,ADAPTED_SPHERICAL_KS_WORKFLOW_REPRODUCTION
0.00026383401466389955,vel1,-0.0008422898613034135,28.135371479901284,53.36960176502269,8,-0.001106123875967313,HIGHER_RES_SAMPLING_REFERENCE,64,5,0.9901099109794463,0.14536470410959818,200,201,ADAPTED_SPHERICAL_KS_WORKFLOW_REPRODUCTION
8.783366039288865e-05,vel1,-0.009997323710805972,53.36960176502269,101.23606843406442,8,-0.01008515737119886,HIGHER_RES_SAMPLING_REFERENCE,64,6,0.9901099109794463,0.14536470410959818,200,201,ADAPTED_SPHERICAL_KS_WORKFLOW_REPRODUCTION
0.000738309376174584,vel1,0.002740842339591154,101.23606843406442,192.03331509030292,8,0.00200253296341657,HIGHER_RES_SAMPLING_REFERENCE,64,7,0.9901099109794463,0.14536470410959818,200,201,ADAPTED_SPHERICAL_KS_WORKFLOW_REPRODUCTION
0.0002544295896903491,vel1,0.005878489021024843,1.1302164885137453,2.1511666951179094,12,0.006132918610715192,HIGHER_RES_SAMPLING_REFERENCE,96,0,0.9971672069436524,0.07989287684946657,200,201,ADAPTED_SPHERICAL_KS_WORKFLOW_REPRODUCTION
1.2591536999564338e-05,vel1,0.002020204722822638,2.1511666951179094,4.094364395859927,12,0.0020327962598222023,HIGHER_RES_SAMPLING_REFERENCE,96,1,0.9971672069436524,0.07989287684946657,200,201,ADAPTED_SPHERICAL_KS_WORKFLOW_REPRODUCTION
8.108164315166928e-05,vel1,-0.005052544738073602,4.094364395859927,7.792896684450838,12,-0.0051336263812252715,HIGHER_RES_SAMPLING_REFERENCE,96,2,0.9971672069436524,0.07989287684946657,200,201,ADAPTED_SPHERICAL_KS_WORKFLOW_REPRODUCTION
0.0003038957559477204,vel1,-0.003046404638620583,7.792896684450838,14.832397134933096,12,-0.0033503003945683034,HIGHER_RES_SAMPLING_REFERENCE,96,3,0.9971672069436524,0.07989287684946657,200,201,ADAPTED_SPHERICAL_KS_WORKFLOW_REPRODUCTION
0.00032924884046510493,vel1,-0.002371732008243641,14.832397134933096,28.23083811791544,12,-0.002042483167778536,HIGHER_RES_SAMPLING_REFERENCE,96,4,0.9971672069436524,0.07989287684946657,200,201,ADAPTED_SPHERICAL_KS_WORKFLOW_REPRODUCTION
1.9389210966328256e-06,vel1,-0.0009050786189187984,28.23083811791544,53.73239494531252,12,-0.0009070175400154312,HIGHER_RES_SAMPLING_REFERENCE,96,5,0.9971672069436524,0.07989287684946657,200,201,ADAPTED_SPHERICAL_KS_WORKFLOW_REPRODUCTION
0.0008154770837457467,vel1,-0.010265877985379167,53.73239494531252,102.27008686386948,12,-0.00945040090163342,HIGHER_RES_SAMPLING_REFERENCE,96,6,0.9971672069436524,0.07989287684946657,200,201,ADAPTED_SPHERICAL_KS_WORKFLOW_REPRODUCTION
0.00048083487389602745,vel1,0.00258992388110831,102.27008686386948,194.6529775527125,12,0.0030707587550043375,HIGHER_RES_SAMPLING_REFERENCE,96,7,0.9971672069436524,0.07989287684946657,200,201,ADAPTED_SPHERICAL_KS_WORKFLOW_REPRODUCTION
0.0,vel1,0.005837600333165938,1.1225854340129873,2.1402642060118655,16,0.005837600333165938,HIGHER_RES_SAMPLING_REFERENCE,128,0,1.0,0.0,200,201,ADAPTED_SPHERICAL_KS_WORKFLOW_REPRODUCTION
0.0,vel1,0.0021201828976131765,2.1402642060118655,4.080518713983782,16,0.0021201828976131765,HIGHER_RES_SAMPLING_REFERENCE,128,1,1.0,0.0,200,201,ADAPTED_SPHERICAL_KS_WORKFLOW_REPRODUCTION
0.0,vel1,-0.005206890358010696,4.080518713983782,7.779709125817875,16,-0.005206890358010696,HIGHER_RES_SAMPLING_REFERENCE,128,2,1.0,0.0,200,201,ADAPTED_SPHERICAL_KS_WORKFLOW_REPRODUCTION
0.0,vel1,-0.003104784293554985,7.779709125817875,14.832397134933096,16,-0.003104784293554985,HIGHER_RES_SAMPLING_REFERENCE,128,3,1.0,0.0,200,201,ADAPTED_SPHERICAL_KS_WORKFLOW_REPRODUCTION
0.0,vel1,-0.0021646280896199244,14.832397134933096,28.278692841905322,16,-0.0021646280896199244,HIGHER_RES_SAMPLING_REFERENCE,128,4,1.0,0.0,200,201,ADAPTED_SPHERICAL_KS_WORKFLOW_REPRODUCTION
0.0,vel1,-0.0010960291099326724,28.278692841905322,53.91471530676722,16,-0.0010960291099326724,HIGHER_RES_SAMPLING_REFERENCE,128,5,1.0,0.0,200,201,ADAPTED_SPHERICAL_KS_WORKFLOW_REPRODUCTION
0.0,vel1,-0.010024034107490642,53.91471530676722,102.79104988552615,16,-0.010024034107490642,HIGHER_RES_SAMPLING_REFERENCE,128,6,1.0,0.0,200,201,ADAPTED_SPHERICAL_KS_WORKFLOW_REPRODUCTION
0.0,vel1,0.0028389355938429617,102.79104988552615,195.97617972105846,16,0.0028389355938429617,HIGHER_RES_SAMPLING_REFERENCE,128,7,1.0,0.0,200,201,ADAPTED_SPHERICAL_KS_WORKFLOW_REPRODUCTION
0.00027536240070458184,vel2,0.00038657838387612387,1.1456345721309733,2.1731385678184307,8,0.0006619407845807057,HIGHER_RES_SAMPLING_REFERENCE,64,0,0.9653724908149675,0.3407304630911726,200,201,ADAPTED_SPHERICAL_KS_WORKFLOW_REPRODUCTION
2.2829482859698658e-07,vel2,-0.0004487521853882015,2.1731385678184307,4.122196859122056,8,-0.0004485238905596045,HIGHER_RES_SAMPLING_REFERENCE,64,1,0.9653724908149675,0.3407304630911726,200,201,ADAPTED_SPHERICAL_KS_WORKFLOW_REPRODUCTION
9.948691504668705e-06,vel2,-2.9153979162588328e-05,4.122196859122056,7.819338903185626,8,-3.9102670667257033e-05,HIGHER_RES_SAMPLING_REFERENCE,64,2,0.9653724908149675,0.3407304630911726,200,201,ADAPTED_SPHERICAL_KS_WORKFLOW_REPRODUCTION
4.7274476598635484e-06,vel2,0.00010916119770118526,7.819338903185626,14.832397134933096,8,0.00011388864536104881,HIGHER_RES_SAMPLING_REFERENCE,64,3,0.9653724908149675,0.3407304630911726,200,201,ADAPTED_SPHERICAL_KS_WORKFLOW_REPRODUCTION
4.6311739524424606e-06,vel2,-2.3719173708084546e-05,14.832397134933096,28.135371479901284,8,-1.9087999755642085e-05,HIGHER_RES_SAMPLING_REFERENCE,64,4,0.9653724908149675,0.3407304630911726,200,201,ADAPTED_SPHERICAL_KS_WORKFLOW_REPRODUCTION
8.625458569541666e-07,vel2,1.4378393285635616e-05,28.135371479901284,53.36960176502269,8,1.3515847428681449e-05,HIGHER_RES_SAMPLING_REFERENCE,64,5,0.9653724908149675,0.3407304630911726,200,201,ADAPTED_SPHERICAL_KS_WORKFLOW_REPRODUCTION
3.343528078708635e-07,vel2,1.992634692818407e-06,53.36960176502269,101.23606843406442,8,1.6582818849475434e-06,HIGHER_RES_SAMPLING_REFERENCE,64,6,0.9653724908149675,0.3407304630911726,200,201,ADAPTED_SPHERICAL_KS_WORKFLOW_REPRODUCTION
2.1576945957906338e-06,vel2,1.437659239259502e-06,101.23606843406442,192.03331509030292,8,-7.200353565311318e-07,HIGHER_RES_SAMPLING_REFERENCE,64,7,0.9653724908149675,0.3407304630911726,200,201,ADAPTED_SPHERICAL_KS_WORKFLOW_REPRODUCTION
1.407402903404653e-05,vel2,0.0005596384486270123,1.1302164885137453,2.1511666951179094,12,0.0005455644195929657,HIGHER_RES_SAMPLING_REFERENCE,96,0,0.9978682171550898,0.0686114596724548,200,201,ADAPTED_SPHERICAL_KS_WORKFLOW_REPRODUCTION
4.4065254490797284e-05,vel2,-0.00039420370289028133,2.1511666951179094,4.094364395859927,12,-0.0004382689573810786,HIGHER_RES_SAMPLING_REFERENCE,96,1,0.9978682171550898,0.0686114596724548,200,201,ADAPTED_SPHERICAL_KS_WORKFLOW_REPRODUCTION
1.3442278717607975e-05,vel2,-2.184605664670816e-05,4.094364395859927,7.792896684450838,12,-3.5288335364316136e-05,HIGHER_RES_SAMPLING_REFERENCE,96,2,0.9978682171550898,0.0686114596724548,200,201,ADAPTED_SPHERICAL_KS_WORKFLOW_REPRODUCTION
6.429205827356368e-06,vel2,0.00010547142828340358,7.792896684450838,14.832397134933096,12,0.00011190063411075995,HIGHER_RES_SAMPLING_REFERENCE,96,3,0.9978682171550898,0.0686114596724548,200,201,ADAPTED_SPHERICAL_KS_WORKFLOW_REPRODUCTION
1.4400082100403202e-07,vel2,-2.0342605320084533e-05,14.832397134933096,28.23083811791544,12,-2.01986044990805e-05,HIGHER_RES_SAMPLING_REFERENCE,96,4,0.9978682171550898,0.0686114596724548,200,201,ADAPTED_SPHERICAL_KS_WORKFLOW_REPRODUCTION
2.495439425203521e-06,vel2,1.5439374165971677e-05,28.23083811791544,53.73239494531252,12,1.2943934740768156e-05,HIGHER_RES_SAMPLING_REFERENCE,96,5,0.9978682171550898,0.0686114596724548,200,201,ADAPTED_SPHERICAL_KS_WORKFLOW_REPRODUCTION
1.8506748806418545e-06,vel2,9.359744469297873e-07,53.73239494531252,102.27008686386948,12,2.786649327571642e-06,HIGHER_RES_SAMPLING_REFERENCE,96,6,0.9978682171550898,0.0686114596724548,200,201,ADAPTED_SPHERICAL_KS_WORKFLOW_REPRODUCTION
1.186762059907704e-06,vel2,7.594174349077527e-08,102.27008686386948,194.6529775527125,12,1.2627038033984792e-06,HIGHER_RES_SAMPLING_REFERENCE,96,7,0.9978682171550898,0.0686114596724548,200,201,ADAPTED_SPHERICAL_KS_WORKFLOW_REPRODUCTION
0.0,vel2,0.0005047142368308499,1.1225854340129873,2.1402642060118655,16,0.0005047142368308499,HIGHER_RES_SAMPLING_REFERENCE,128,0,0.9999999999999999,0.0,200,201,ADAPTED_SPHERICAL_KS_WORKFLOW_REPRODUCTION
0.0,vel2,-0.0004416979059661541,2.1402642060118655,4.080518713983782,16,-0.0004416979059661541,HIGHER_RES_SAMPLING_REFERENCE,128,1,0.9999999999999999,0.0,200,201,ADAPTED_SPHERICAL_KS_WORKFLOW_REPRODUCTION
0.0,vel2,-2.9448692325698134e-05,4.080518713983782,7.779709125817875,16,-2.9448692325698134e-05,HIGHER_RES_SAMPLING_REFERENCE,128,2,0.9999999999999999,0.0,200,201,ADAPTED_SPHERICAL_KS_WORKFLOW_REPRODUCTION
0.0,vel2,0.00011104638617281254,7.779709125817875,14.832397134933096,16,0.00011104638617281254,HIGHER_RES_SAMPLING_REFERENCE,128,3,0.9999999999999999,0.0,200,201,ADAPTED_SPHERICAL_KS_WORKFLOW_REPRODUCTION
0.0,vel2,-2.0233921485422832e-05,14.832397134933096,28.278692841905322,16,-2.0233921485422832e-05,HIGHER_RES_SAMPLING_REFERENCE,128,4,0.9999999999999999,0.0,200,201,ADAPTED_SPHERICAL_KS_WORKFLOW_REPRODUCTION
0.0,vel2,1.438291282816577e-05,28.278692841905322,53.91471530676722,16,1.438291282816577e-05,HIGHER_RES_SAMPLING_REFERENCE,128,5,0.9999999999999999,0.0,200,201,ADAPTED_SPHERICAL_KS_WORKFLOW_REPRODUCTION
0.0,vel2,1.8296966254795904e-06,53.91471530676722,102.79104988552615,16,1.8296966254795904e-06,HIGHER_RES_SAMPLING_REFERENCE,128,6,0.9999999999999999,0.0,200,201,ADAPTED_SPHERICAL_KS_WORKFLOW_REPRODUCTION
0.0,vel2,5.921497893667796e-07,102.79104988552615,195.97617972105846,16,5.921497893667796e-07,HIGHER_RES_SAMPLING_REFERENCE,128,7,0.9999999999999999,0.0,200,201,ADAPTED_SPHERICAL_KS_WORKFLOW_REPRODUCTION
0.0012576179380516805,vel3,0.003954761473920598,1.1456345721309733,2.1731385678184307,8,0.005212379411972279,HIGHER_RES_SAMPLING_REFERENCE,64,0,0.991740437125916,0.1707593723059915,200,201,ADAPTED_SPHERICAL_KS_WORKFLOW_REPRODUCTION
0.0001266906187531447,vel3,0.004746644111921938,2.1731385678184307,4.122196859122056,8,0.004873334730675083,HIGHER_RES_SAMPLING_REFERENCE,64,1,0.991740437125916,0.1707593723059915,200,201,ADAPTED_SPHERICAL_KS_WORKFLOW_REPRODUCTION
6.528866123289845e-07,vel3,0.0017698826798735467,4.122196859122056,7.819338903185626,8,0.0017705355664858757,HIGHER_RES_SAMPLING_REFERENCE,64,2,0.991740437125916,0.1707593723059915,200,201,ADAPTED_SPHERICAL_KS_WORKFLOW_REPRODUCTION
0.0001234965730905202,vel3,-0.0006280702503840274,7.819338903185626,14.832397134933096,8,-0.0005045736772935072,HIGHER_RES_SAMPLING_REFERENCE,64,3,0.991740437125916,0.1707593723059915,200,201,ADAPTED_SPHERICAL_KS_WORKFLOW_REPRODUCTION
1.7546771492682467e-05,vel3,-0.0006198693498937757,14.832397134933096,28.135371479901284,8,-0.0006374161213864582,HIGHER_RES_SAMPLING_REFERENCE,64,4,0.991740437125916,0.1707593723059915,200,201,ADAPTED_SPHERICAL_KS_WORKFLOW_REPRODUCTION
1.6282522926847065e-05,vel3,-0.0008302784492646431,28.135371479901284,53.36960176502269,8,-0.000813995926337796,HIGHER_RES_SAMPLING_REFERENCE,64,5,0.991740437125916,0.1707593723059915,200,201,ADAPTED_SPHERICAL_KS_WORKFLOW_REPRODUCTION
3.159011494169306e-05,vel3,0.00015269760475788985,53.36960176502269,101.23606843406442,8,0.00012110748981619679,HIGHER_RES_SAMPLING_REFERENCE,64,6,0.991740437125916,0.1707593723059915,200,201,ADAPTED_SPHERICAL_KS_WORKFLOW_REPRODUCTION
2.7129345870235966e-05,vel3,-7.689042963399118e-05,101.23606843406442,192.03331509030292,8,-4.976108376375521e-05,HIGHER_RES_SAMPLING_REFERENCE,64,7,0.991740437125916,0.1707593723059915,200,201,ADAPTED_SPHERICAL_KS_WORKFLOW_REPRODUCTION
0.0015123258337334175,vel3,0.005634113228670349,1.1302164885137453,2.1511666951179094,12,0.004121787394936931,HIGHER_RES_SAMPLING_REFERENCE,96,0,0.9898877426217071,0.2296232412717318,200,201,ADAPTED_SPHERICAL_KS_WORKFLOW_REPRODUCTION
0.00014343382233366567,vel3,0.004894470200343693,2.1511666951179094,4.094364395859927,12,0.004751036378010027,HIGHER_RES_SAMPLING_REFERENCE,96,1,0.9898877426217071,0.2296232412717318,200,201,ADAPTED_SPHERICAL_KS_WORKFLOW_REPRODUCTION
3.1186061362752223e-05,vel3,0.0017321236395194137,4.094364395859927,7.792896684450838,12,0.0017009375781566615,HIGHER_RES_SAMPLING_REFERENCE,96,2,0.9898877426217071,0.2296232412717318,200,201,ADAPTED_SPHERICAL_KS_WORKFLOW_REPRODUCTION
5.153626866837577e-05,vel3,-0.0005905033680304183,7.792896684450838,14.832397134933096,12,-0.0005389670993620426,HIGHER_RES_SAMPLING_REFERENCE,96,3,0.9898877426217071,0.2296232412717318,200,201,ADAPTED_SPHERICAL_KS_WORKFLOW_REPRODUCTION
1.5186505047084815e-05,vel3,-0.000624822075912511,14.832397134933096,28.23083811791544,12,-0.0006400085809595958,HIGHER_RES_SAMPLING_REFERENCE,96,4,0.9898877426217071,0.2296232412717318,200,201,ADAPTED_SPHERICAL_KS_WORKFLOW_REPRODUCTION
1.0275786173568648e-05,vel3,-0.0008563962084428864,28.23083811791544,53.73239494531252,12,-0.000866671994616455,HIGHER_RES_SAMPLING_REFERENCE,96,5,0.9898877426217071,0.2296232412717318,200,201,ADAPTED_SPHERICAL_KS_WORKFLOW_REPRODUCTION
1.3498133159749339e-05,vel3,0.00013491193959114657,53.73239494531252,102.27008686386948,12,0.00012141380643139723,HIGHER_RES_SAMPLING_REFERENCE,96,6,0.9898877426217071,0.2296232412717318,200,201,ADAPTED_SPHERICAL_KS_WORKFLOW_REPRODUCTION
6.987158314962647e-05,vel3,-6.338298015085831e-05,102.27008686386948,194.6529775527125,12,-0.00013325456330048478,HIGHER_RES_SAMPLING_REFERENCE,96,7,0.9898877426217071,0.2296232412717318,200,201,ADAPTED_SPHERICAL_KS_WORKFLOW_REPRODUCTION
0.0,vel3,0.0045066720170154895,1.1225854340129873,2.1402642060118655,16,0.0045066720170154895,HIGHER_RES_SAMPLING_REFERENCE,128,0,0.9999999999999999,0.0,200,201,ADAPTED_SPHERICAL_KS_WORKFLOW_REPRODUCTION
0.0,vel3,0.004757284109936144,2.1402642060118655,4.080518713983782,16,0.004757284109936144,HIGHER_RES_SAMPLING_REFERENCE,128,1,0.9999999999999999,0.0,200,201,ADAPTED_SPHERICAL_KS_WORKFLOW_REPRODUCTION
0.0,vel3,0.0017202281740615888,4.080518713983782,7.779709125817875,16,0.0017202281740615888,HIGHER_RES_SAMPLING_REFERENCE,128,2,0.9999999999999999,0.0,200,201,ADAPTED_SPHERICAL_KS_WORKFLOW_REPRODUCTION
0.0,vel3,-0.0005793286480491044,7.779709125817875,14.832397134933096,16,-0.0005793286480491044,HIGHER_RES_SAMPLING_REFERENCE,128,3,0.9999999999999999,0.0,200,201,ADAPTED_SPHERICAL_KS_WORKFLOW_REPRODUCTION
0.0,vel3,-0.0006302633924718526,14.832397134933096,28.278692841905322,16,-0.0006302633924718526,HIGHER_RES_SAMPLING_REFERENCE,128,4,0.9999999999999999,0.0,200,201,ADAPTED_SPHERICAL_KS_WORKFLOW_REPRODUCTION
0.0,vel3,-0.0008544384447559672,28.278692841905322,53.91471530676722,16,-0.0008544384447559672,HIGHER_RES_SAMPLING_REFERENCE,128,5,0.9999999999999999,0.0,200,201,ADAPTED_SPHERICAL_KS_WORKFLOW_REPRODUCTION
0.0,vel3,0.00015600757891531813,53.91471530676722,102.79104988552615,16,0.00015600757891531813,HIGHER_RES_SAMPLING_REFERENCE,128,6,0.9999999999999999,0.0,200,201,ADAPTED_SPHERICAL_KS_WORKFLOW_REPRODUCTION
0.0,vel3,-0.00011624008339738978,102.79104988552615,195.97617972105846,16,-0.00011624008339738978,HIGHER_RES_SAMPLING_REFERENCE,128,7,0.9999999999999999,0.0,200,201,ADAPTED_SPHERICAL_KS_WORKFLOW_REPRODUCTION
0.0002156658979401982,Bcc1,-0.006417729952772788,1.1456345721309733,2.1731385678184307,8,-0.006633395850712986,HIGHER_RES_SAMPLING_REFERENCE,64,0,0.9939657934047759,0.13779942861382202,210,211,ADAPTED_SPHERICAL_KS_WORKFLOW_REPRODUCTION
0.0010195988519967614,Bcc1,-0.003053740462348742,2.1731385678184307,4.122196859122056,8,-0.004073339314345503,HIGHER_RES_SAMPLING_REFERENCE,64,1,0.9939657934047759,0.13779942861382202,210,211,ADAPTED_SPHERICAL_KS_WORKFLOW_REPRODUCTION
0.00026473265156568004,Bcc1,-0.0005366307072733889,4.122196859122056,7.819338903185626,8,-0.000801363358839069,HIGHER_RES_SAMPLING_REFERENCE,64,2,0.9939657934047759,0.13779942861382202,210,211,ADAPTED_SPHERICAL_KS_WORKFLOW_REPRODUCTION
8.819014999161823e-05,Bcc1,-0.0003864409288638626,7.819338903185626,14.832397134933096,8,-0.00047463107885548084,HIGHER_RES_SAMPLING_REFERENCE,64,3,0.9939657934047759,0.13779942861382202,210,211,ADAPTED_SPHERICAL_KS_WORKFLOW_REPRODUCTION
4.293971565871857e-05,Bcc1,-0.00016801939590394,14.832397134933096,28.135371479901284,8,-0.00012507968024522143,HIGHER_RES_SAMPLING_REFERENCE,64,4,0.9939657934047759,0.13779942861382202,210,211,ADAPTED_SPHERICAL_KS_WORKFLOW_REPRODUCTION
4.2927001168313605e-05,Bcc1,8.449666421889157e-05,28.135371479901284,53.36960176502269,8,0.00012742366538720518,HIGHER_RES_SAMPLING_REFERENCE,64,5,0.9939657934047759,0.13779942861382202,210,211,ADAPTED_SPHERICAL_KS_WORKFLOW_REPRODUCTION
6.069656525387046e-06,Bcc1,-1.4743438836450906e-06,53.36960176502269,101.23606843406442,8,4.595312641741955e-06,HIGHER_RES_SAMPLING_REFERENCE,64,6,0.9939657934047759,0.13779942861382202,210,211,ADAPTED_SPHERICAL_KS_WORKFLOW_REPRODUCTION
8.317930912937754e-07,Bcc1,-1.8676654112148583e-09,101.23606843406442,192.03331509030292,8,-8.336607567049903e-07,HIGHER_RES_SAMPLING_REFERENCE,64,7,0.9939657934047759,0.13779942861382202,210,211,ADAPTED_SPHERICAL_KS_WORKFLOW_REPRODUCTION
0.0016065516868332408,Bcc1,-0.0065184549902268275,1.1302164885137453,2.1511666951179094,12,-0.008125006677060068,HIGHER_RES_SAMPLING_REFERENCE,96,0,0.9962421313968762,0.24036534404649332,210,211,ADAPTED_SPHERICAL_KS_WORKFLOW_REPRODUCTION
0.0014935373563915804,Bcc1,-0.0026327810211215466,2.1511666951179094,4.094364395859927,12,-0.004126318377513127,HIGHER_RES_SAMPLING_REFERENCE,96,1,0.9962421313968762,0.24036534404649332,210,211,ADAPTED_SPHERICAL_KS_WORKFLOW_REPRODUCTION
0.0001743814628685801,Bcc1,-0.0005871132078793919,4.094364395859927,7.792896684450838,12,-0.000761494670747972,HIGHER_RES_SAMPLING_REFERENCE,96,2,0.9962421313968762,0.24036534404649332,210,211,ADAPTED_SPHERICAL_KS_WORKFLOW_REPRODUCTION
8.159799159978306e-07,Bcc1,-0.00040720424951403957,7.792896684450838,14.832397134933096,12,-0.0004080202294300374,HIGHER_RES_SAMPLING_REFERENCE,96,3,0.9962421313968762,0.24036534404649332,210,211,ADAPTED_SPHERICAL_KS_WORKFLOW_REPRODUCTION
6.095412885542828e-07,Bcc1,-0.00013637957160581336,14.832397134933096,28.23083811791544,12,-0.00013698911289436764,HIGHER_RES_SAMPLING_REFERENCE,96,4,0.9962421313968762,0.24036534404649332,210,211,ADAPTED_SPHERICAL_KS_WORKFLOW_REPRODUCTION
2.5012949797406547e-05,Bcc1,8.514758808488678e-05,28.23083811791544,53.73239494531252,12,0.00011016053788229333,HIGHER_RES_SAMPLING_REFERENCE,96,5,0.9962421313968762,0.24036534404649332,210,211,ADAPTED_SPHERICAL_KS_WORKFLOW_REPRODUCTION
3.854674316858161e-06,Bcc1,-4.5325120897651326e-07,53.73239494531252,102.27008686386948,12,3.401423107881648e-06,HIGHER_RES_SAMPLING_REFERENCE,96,6,0.9962421313968762,0.24036534404649332,210,211,ADAPTED_SPHERICAL_KS_WORKFLOW_REPRODUCTION
1.0941646886144352e-06,Bcc1,-4.0874683014411905e-07,102.27008686386948,194.6529775527125,12,-1.5029115187585543e-06,HIGHER_RES_SAMPLING_REFERENCE,96,7,0.9962421313968762,0.24036534404649332,210,211,ADAPTED_SPHERICAL_KS_WORKFLOW_REPRODUCTION
0.0,Bcc1,-0.006630128910728672,1.1225854340129873,2.1402642060118655,16,-0.006630128910728672,HIGHER_RES_SAMPLING_REFERENCE,128,0,1.0000000000000002,0.0,210,211,ADAPTED_SPHERICAL_KS_WORKFLOW_REPRODUCTION
0.0,Bcc1,-0.003470404755418599,2.1402642060118655,4.080518713983782,16,-0.003470404755418599,HIGHER_RES_SAMPLING_REFERENCE,128,1,1.0000000000000002,0.0,210,211,ADAPTED_SPHERICAL_KS_WORKFLOW_REPRODUCTION
0.0,Bcc1,-0.0006401206694146566,4.080518713983782,7.779709125817875,16,-0.0006401206694146566,HIGHER_RES_SAMPLING_REFERENCE,128,2,1.0000000000000002,0.0,210,211,ADAPTED_SPHERICAL_KS_WORKFLOW_REPRODUCTION
0.0,Bcc1,-0.00042673631331879847,7.779709125817875,14.832397134933096,16,-0.00042673631331879847,HIGHER_RES_SAMPLING_REFERENCE,128,3,1.0000000000000002,0.0,210,211,ADAPTED_SPHERICAL_KS_WORKFLOW_REPRODUCTION
0.0,Bcc1,-0.0001382349852443454,14.832397134933096,28.278692841905322,16,-0.0001382349852443454,HIGHER_RES_SAMPLING_REFERENCE,128,4,1.0000000000000002,0.0,210,211,ADAPTED_SPHERICAL_KS_WORKFLOW_REPRODUCTION
0.0,Bcc1,9.934717850942909e-05,28.278692841905322,53.91471530676722,16,9.934717850942909e-05,HIGHER_RES_SAMPLING_REFERENCE,128,5,1.0000000000000002,0.0,210,211,ADAPTED_SPHERICAL_KS_WORKFLOW_REPRODUCTION
0.0,Bcc1,2.7585385131700946e-07,53.91471530676722,102.79104988552615,16,2.7585385131700946e-07,HIGHER_RES_SAMPLING_REFERENCE,128,6,1.0000000000000002,0.0,210,211,ADAPTED_SPHERICAL_KS_WORKFLOW_REPRODUCTION
0.0,Bcc1,-9.97064964841643e-07,102.79104988552615,195.97617972105846,16,-9.97064964841643e-07,HIGHER_RES_SAMPLING_REFERENCE,128,7,1.0000000000000002,0.0,210,211,ADAPTED_SPHERICAL_KS_WORKFLOW_REPRODUCTION
0.010072211081392446,Bcc2,0.012124473350167086,1.1456345721309733,2.1731385678184307,8,0.022196684431559532,HIGHER_RES_SAMPLING_REFERENCE,64,0,0.9911621916850492,0.4462383503824136,210,211,ADAPTED_SPHERICAL_KS_WORKFLOW_REPRODUCTION
0.00013807170123358858,Bcc2,0.003917497752412569,2.1731385678184307,4.122196859122056,8,0.004055569453646157,HIGHER_RES_SAMPLING_REFERENCE,64,1,0.9911621916850492,0.4462383503824136,210,211,ADAPTED_SPHERICAL_KS_WORKFLOW_REPRODUCTION
4.5795771989931566e-05,Bcc2,0.0005765844753351512,4.122196859122056,7.819338903185626,8,0.0006223802473250828,HIGHER_RES_SAMPLING_REFERENCE,64,2,0.9911621916850492,0.4462383503824136,210,211,ADAPTED_SPHERICAL_KS_WORKFLOW_REPRODUCTION
8.208638718754102e-06,Bcc2,-0.0002004637023214073,7.819338903185626,14.832397134933096,8,-0.0002086723410401614,HIGHER_RES_SAMPLING_REFERENCE,64,3,0.9911621916850492,0.4462383503824136,210,211,ADAPTED_SPHERICAL_KS_WORKFLOW_REPRODUCTION
3.5445273781110898e-06,Bcc2,-4.924989166575633e-05,14.832397134933096,28.135371479901284,8,-4.570536428764524e-05,HIGHER_RES_SAMPLING_REFERENCE,64,4,0.9911621916850492,0.4462383503824136,210,211,ADAPTED_SPHERICAL_KS_WORKFLOW_REPRODUCTION
9.093986222136891e-07,Bcc2,1.1143094756638217e-07,28.135371479901284,53.36960176502269,8,-7.979676746473069e-07,HIGHER_RES_SAMPLING_REFERENCE,64,5,0.9911621916850492,0.4462383503824136,210,211,ADAPTED_SPHERICAL_KS_WORKFLOW_REPRODUCTION
4.34510309707363e-08,Bcc2,-2.6684531767118096e-07,53.36960176502269,101.23606843406442,8,-3.1029634864191726e-07,HIGHER_RES_SAMPLING_REFERENCE,64,6,0.9911621916850492,0.4462383503824136,210,211,ADAPTED_SPHERICAL_KS_WORKFLOW_REPRODUCTION
1.345527452249664e-08,Bcc2,1.1486419602339641e-07,101.23606843406442,192.03331509030292,8,1.2831947054589305e-07,HIGHER_RES_SAMPLING_REFERENCE,64,7,0.9911621916850492,0.4462383503824136,210,211,ADAPTED_SPHERICAL_KS_WORKFLOW_REPRODUCTION
0.0010739660953291777,Bcc2,0.0179085082222517,1.1302164885137453,2.1511666951179094,12,0.016834542126922522,HIGHER_RES_SAMPLING_REFERENCE,96,0,0.9998438754292949,0.0622161644888757,210,211,ADAPTED_SPHERICAL_KS_WORKFLOW_REPRODUCTION
7.54266666211016e-05,Bcc2,0.003888804694129625,2.1511666951179094,4.094364395859927,12,0.0039642313607507265,HIGHER_RES_SAMPLING_REFERENCE,96,1,0.9998438754292949,0.0622161644888757,210,211,ADAPTED_SPHERICAL_KS_WORKFLOW_REPRODUCTION
1.6489455089889883e-05,Bcc2,0.0005764739458734445,4.094364395859927,7.792896684450838,12,0.0005929634009633344,HIGHER_RES_SAMPLING_REFERENCE,96,2,0.9998438754292949,0.0622161644888757,210,211,ADAPTED_SPHERICAL_KS_WORKFLOW_REPRODUCTION
4.3039319097960653e-07,Bcc2,-0.00020131249136389894,7.792896684450838,14.832397134933096,12,-0.00020174288455487854,HIGHER_RES_SAMPLING_REFERENCE,96,3,0.9998438754292949,0.0622161644888757,210,211,ADAPTED_SPHERICAL_KS_WORKFLOW_REPRODUCTION
4.3850261481266254e-07,Bcc2,-4.896369297522619e-05,14.832397134933096,28.23083811791544,12,-4.9402195590038854e-05,HIGHER_RES_SAMPLING_REFERENCE,96,4,0.9998438754292949,0.0622161644888757,210,211,ADAPTED_SPHERICAL_KS_WORKFLOW_REPRODUCTION
7.125315930878996e-07,Bcc2,5.966722610640302e-07,28.23083811791544,53.73239494531252,12,-1.1585933202386935e-07,HIGHER_RES_SAMPLING_REFERENCE,96,5,0.9998438754292949,0.0622161644888757,210,211,ADAPTED_SPHERICAL_KS_WORKFLOW_REPRODUCTION
2.310740434651319e-08,Bcc2,-2.540891147429847e-07,53.73239494531252,102.27008686386948,12,-2.7719651908949786e-07,HIGHER_RES_SAMPLING_REFERENCE,96,6,0.9998438754292949,0.0622161644888757,210,211,ADAPTED_SPHERICAL_KS_WORKFLOW_REPRODUCTION
6.4357004668059345e-09,Bcc2,1.207511570412204e-07,102.27008686386948,194.6529775527125,12,1.1431545657441445e-07,HIGHER_RES_SAMPLING_REFERENCE,96,7,0.9998438754292949,0.0622161644888757,210,211,ADAPTED_SPHERICAL_KS_WORKFLOW_REPRODUCTION
0.0,Bcc2,0.01693618819088183,1.1225854340129873,2.1402642060118655,16,0.01693618819088183,HIGHER_RES_SAMPLING_REFERENCE,128,0,1.0,0.0,210,211,ADAPTED_SPHERICAL_KS_WORKFLOW_REPRODUCTION
0.0,Bcc2,0.003891470614716508,2.1402642060118655,4.080518713983782,16,0.003891470614716508,HIGHER_RES_SAMPLING_REFERENCE,128,1,1.0,0.0,210,211,ADAPTED_SPHERICAL_KS_WORKFLOW_REPRODUCTION
0.0,Bcc2,0.00057578353817965,4.080518713983782,7.779709125817875,16,0.00057578353817965,HIGHER_RES_SAMPLING_REFERENCE,128,2,1.0,0.0,210,211,ADAPTED_SPHERICAL_KS_WORKFLOW_REPRODUCTION
0.0,Bcc2,-0.00019999203823224676,7.779709125817875,14.832397134933096,16,-0.00019999203823224676,HIGHER_RES_SAMPLING_REFERENCE,128,3,1.0,0.0,210,211,ADAPTED_SPHERICAL_KS_WORKFLOW_REPRODUCTION
0.0,Bcc2,-4.831308462571477e-05,14.832397134933096,28.278692841905322,16,-4.831308462571477e-05,HIGHER_RES_SAMPLING_REFERENCE,128,4,1.0,0.0,210,211,ADAPTED_SPHERICAL_KS_WORKFLOW_REPRODUCTION
0.0,Bcc2,4.439043079574375e-07,28.278692841905322,53.91471530676722,16,4.439043079574375e-07,HIGHER_RES_SAMPLING_REFERENCE,128,5,1.0,0.0,210,211,ADAPTED_SPHERICAL_KS_WORKFLOW_REPRODUCTION
0.0,Bcc2,-2.738980779460644e-07,53.91471530676722,102.79104988552615,16,-2.738980779460644e-07,HIGHER_RES_SAMPLING_REFERENCE,128,6,1.0,0.0,210,211,ADAPTED_SPHERICAL_KS_WORKFLOW_REPRODUCTION
0.0,Bcc2,1.0591668250429067e-07,102.79104988552615,195.97617972105846,16,1.0591668250429067e-07,HIGHER_RES_SAMPLING_REFERENCE,128,7,1.0,0.0,210,211,ADAPTED_SPHERICAL_KS_WORKFLOW_REPRODUCTION
0.0343367895989104,Bcc3,-0.06638313402663698,1.1456345721309733,2.1731385678184307,8,-0.10071992362554738,HIGHER_RES_SAMPLING_REFERENCE,64,0,0.9991496923133819,0.34104391438080384,210,211,ADAPTED_SPHERICAL_KS_WORKFLOW_REPRODUCTION
0.001569471915217946,Bcc3,-0.004894184051849493,2.1731385678184307,4.122196859122056,8,-0.003324712136631547,HIGHER_RES_SAMPLING_REFERENCE,64,1,0.9991496923133819,0.34104391438080384,210,211,ADAPTED_SPHERICAL_KS_WORKFLOW_REPRODUCTION
0.00040743745773852424,Bcc3,0.0018980685593419366,4.122196859122056,7.819338903185626,8,0.002305506017080461,HIGHER_RES_SAMPLING_REFERENCE,64,2,0.9991496923133819,0.34104391438080384,210,211,ADAPTED_SPHERICAL_KS_WORKFLOW_REPRODUCTION
0.0004812828145936976,Bcc3,0.0009631823009250695,7.819338903185626,14.832397134933096,8,0.001444465115518767,HIGHER_RES_SAMPLING_REFERENCE,64,3,0.9991496923133819,0.34104391438080384,210,211,ADAPTED_SPHERICAL_KS_WORKFLOW_REPRODUCTION
0.0004517908318177888,Bcc3,4.929972577416564e-05,14.832397134933096,28.135371479901284,8,-0.00040249110604362315,HIGHER_RES_SAMPLING_REFERENCE,64,4,0.9991496923133819,0.34104391438080384,210,211,ADAPTED_SPHERICAL_KS_WORKFLOW_REPRODUCTION
5.3734175589958966e-05,Bcc3,-3.452939700254731e-05,28.135371479901284,53.36960176502269,8,-8.826357259250628e-05,HIGHER_RES_SAMPLING_REFERENCE,64,5,0.9991496923133819,0.34104391438080384,210,211,ADAPTED_SPHERICAL_KS_WORKFLOW_REPRODUCTION
1.2157452542238545e-05,Bcc3,1.3248969641388442e-06,53.36960176502269,101.23606843406442,8,1.3482349506377389e-05,HIGHER_RES_SAMPLING_REFERENCE,64,6,0.9991496923133819,0.34104391438080384,210,211,ADAPTED_SPHERICAL_KS_WORKFLOW_REPRODUCTION
2.7314595119065643e-07,Bcc3,1.1037499222515956e-06,101.23606843406442,192.03331509030292,8,1.376895873442252e-06,HIGHER_RES_SAMPLING_REFERENCE,64,7,0.9991496923133819,0.34104391438080384,210,211,ADAPTED_SPHERICAL_KS_WORKFLOW_REPRODUCTION
0.031025784467197406,Bcc3,-0.07211128697532264,1.1302164885137453,2.1511666951179094,12,-0.10313707144252005,HIGHER_RES_SAMPLING_REFERENCE,96,0,0.9995544438423848,0.3007614301245379,210,211,ADAPTED_SPHERICAL_KS_WORKFLOW_REPRODUCTION
0.0010688155681927367,Bcc3,-0.004607342097356364,2.1511666951179094,4.094364395859927,12,-0.003538526529163627,HIGHER_RES_SAMPLING_REFERENCE,96,1,0.9995544438423848,0.3007614301245379,210,211,ADAPTED_SPHERICAL_KS_WORKFLOW_REPRODUCTION
0.0004631837932809848,Bcc3,0.0018836411179258313,4.094364395859927,7.792896684450838,12,0.002346824911206816,HIGHER_RES_SAMPLING_REFERENCE,96,2,0.9995544438423848,0.3007614301245379,210,211,ADAPTED_SPHERICAL_KS_WORKFLOW_REPRODUCTION
0.00016898561259887307,Bcc3,0.0011233292303569125,7.792896684450838,14.832397134933096,12,0.0012923148429557856,HIGHER_RES_SAMPLING_REFERENCE,96,3,0.9995544438423848,0.3007614301245379,210,211,ADAPTED_SPHERICAL_KS_WORKFLOW_REPRODUCTION
0.0001487121939040774,Bcc3,-0.0001296334381895766,14.832397134933096,28.23083811791544,12,-0.000278345632093654,HIGHER_RES_SAMPLING_REFERENCE,96,4,0.9995544438423848,0.3007614301245379,210,211,ADAPTED_SPHERICAL_KS_WORKFLOW_REPRODUCTION
3.7009065726481235e-05,Bcc3,-3.3682710650192915e-05,28.23083811791544,53.73239494531252,12,-7.069177637667415e-05,HIGHER_RES_SAMPLING_REFERENCE,96,5,0.9995544438423848,0.3007614301245379,210,211,ADAPTED_SPHERICAL_KS_WORKFLOW_REPRODUCTION
1.1630685515260946e-06,Bcc3,6.187203666806761e-06,53.73239494531252,102.27008686386948,12,7.3502722183328555e-06,HIGHER_RES_SAMPLING_REFERENCE,96,6,0.9995544438423848,0.3007614301245379,210,211,ADAPTED_SPHERICAL_KS_WORKFLOW_REPRODUCTION
5.927966668054464e-08,Bcc3,8.392199929142242e-07,102.27008686386948,194.6529775527125,12,7.799403262336796e-07,HIGHER_RES_SAMPLING_REFERENCE,96,7,0.9995544438423848,0.3007614301245379,210,211,ADAPTED_SPHERICAL_KS_WORKFLOW_REPRODUCTION
0.0,Bcc3,-0.08547567872292916,1.1225854340129873,2.1402642060118655,16,-0.08547567872292916,HIGHER_RES_SAMPLING_REFERENCE,128,0,1.0,0.0,210,211,ADAPTED_SPHERICAL_KS_WORKFLOW_REPRODUCTION
0.0,Bcc3,-0.0037374446156377417,2.1402642060118655,4.080518713983782,16,-0.0037374446156377417,HIGHER_RES_SAMPLING_REFERENCE,128,1,1.0,0.0,210,211,ADAPTED_SPHERICAL_KS_WORKFLOW_REPRODUCTION
0.0,Bcc3,0.002077485130850043,4.080518713983782,7.779709125817875,16,0.002077485130850043,HIGHER_RES_SAMPLING_REFERENCE,128,2,1.0,0.0,210,211,ADAPTED_SPHERICAL_KS_WORKFLOW_REPRODUCTION
0.0,Bcc3,0.0011927629341396129,7.779709125817875,14.832397134933096,16,0.0011927629341396129,HIGHER_RES_SAMPLING_REFERENCE,128,3,1.0,0.0,210,211,ADAPTED_SPHERICAL_KS_WORKFLOW_REPRODUCTION
0.0,Bcc3,-0.00019036368190500363,14.832397134933096,28.278692841905322,16,-0.00019036368190500363,HIGHER_RES_SAMPLING_REFERENCE,128,4,1.0,0.0,210,211,ADAPTED_SPHERICAL_KS_WORKFLOW_REPRODUCTION
0.0,Bcc3,-4.8639896562160945e-05,28.278692841905322,53.91471530676722,16,-4.8639896562160945e-05,HIGHER_RES_SAMPLING_REFERENCE,128,5,1.0,0.0,210,211,ADAPTED_SPHERICAL_KS_WORKFLOW_REPRODUCTION
0.0,Bcc3,4.105533139037165e-06,53.91471530676722,102.79104988552615,16,4.105533139037165e-06,HIGHER_RES_SAMPLING_REFERENCE,128,6,1.0,0.0,210,211,ADAPTED_SPHERICAL_KS_WORKFLOW_REPRODUCTION
0.0,Bcc3,1.099197912159816e-06,102.79104988552615,195.97617972105846,16,1.099197912159816e-06,HIGHER_RES_SAMPLING_REFERENCE,128,7,1.0,0.0,210,211,ADAPTED_SPHERICAL_KS_WORKFLOW_REPRODUCTION
0.018642341495251458,rho,0.07727727653673355,1.1456345721309733,2.1731385678184307,8,0.058634935041482095,HIGHER_RES_SAMPLING_REFERENCE,64,0,0.9936445657074492,0.26711901291526857,210,211,ADAPTED_SPHERICAL_KS_WORKFLOW_REPRODUCTION
0.0014601686393689306,rho,-0.011000099140119346,2.1731385678184307,4.122196859122056,8,-0.009539930500750415,HIGHER_RES_SAMPLING_REFERENCE,64,1,0.9936445657074492,0.26711901291526857,210,211,ADAPTED_SPHERICAL_KS_WORKFLOW_REPRODUCTION
0.0005207516019893887,rho,-0.037643532994820816,4.122196859122056,7.819338903185626,8,-0.03712278139283143,HIGHER_RES_SAMPLING_REFERENCE,64,2,0.9936445657074492,0.26711901291526857,210,211,ADAPTED_SPHERICAL_KS_WORKFLOW_REPRODUCTION
0.00021472866807581426,rho,-0.00336086936782376,7.819338903185626,14.832397134933096,8,-0.0035755980358995743,HIGHER_RES_SAMPLING_REFERENCE,64,3,0.9936445657074492,0.26711901291526857,210,211,ADAPTED_SPHERICAL_KS_WORKFLOW_REPRODUCTION
0.001196146968223788,rho,0.0007234285419051023,14.832397134933096,28.135371479901284,8,0.0019195755101288903,HIGHER_RES_SAMPLING_REFERENCE,64,4,0.9936445657074492,0.26711901291526857,210,211,ADAPTED_SPHERICAL_KS_WORKFLOW_REPRODUCTION
0.00010165957177038498,rho,0.0011994075559497164,28.135371479901284,53.36960176502269,8,0.0013010671277201014,HIGHER_RES_SAMPLING_REFERENCE,64,5,0.9936445657074492,0.26711901291526857,210,211,ADAPTED_SPHERICAL_KS_WORKFLOW_REPRODUCTION
0.00010697595755312928,rho,-7.189565735718495e-05,53.36960176502269,101.23606843406442,8,3.5080300195944325e-05,HIGHER_RES_SAMPLING_REFERENCE,64,6,0.9936445657074492,0.26711901291526857,210,211,ADAPTED_SPHERICAL_KS_WORKFLOW_REPRODUCTION
3.3171907769247166e-08,rho,-0.00023243667959636088,101.23606843406442,192.03331509030292,8,-0.00023240350768859164,HIGHER_RES_SAMPLING_REFERENCE,64,7,0.9936445657074492,0.26711901291526857,210,211,ADAPTED_SPHERICAL_KS_WORKFLOW_REPRODUCTION
0.04997230297185187,rho,0.11639740100576158,1.1302164885137453,2.1511666951179094,12,0.06642509803390971,HIGHER_RES_SAMPLING_REFERENCE,96,0,0.9826466826613028,0.6636187620566523,210,211,ADAPTED_SPHERICAL_KS_WORKFLOW_REPRODUCTION
0.0060885092061147995,rho,-0.0037441963940754823,2.1511666951179094,4.094364395859927,12,-0.009832705600190282,HIGHER_RES_SAMPLING_REFERENCE,96,1,0.9826466826613028,0.6636187620566523,210,211,ADAPTED_SPHERICAL_KS_WORKFLOW_REPRODUCTION
0.005281419243946976,rho,-0.041585401748860745,4.094364395859927,7.792896684450838,12,-0.03630398250491377,HIGHER_RES_SAMPLING_REFERENCE,96,2,0.9826466826613028,0.6636187620566523,210,211,ADAPTED_SPHERICAL_KS_WORKFLOW_REPRODUCTION
0.0015666281436866017,rho,-0.0049971331477407345,7.792896684450838,14.832397134933096,12,-0.003430505004054133,HIGHER_RES_SAMPLING_REFERENCE,96,3,0.9826466826613028,0.6636187620566523,210,211,ADAPTED_SPHERICAL_KS_WORKFLOW_REPRODUCTION
0.002723345555339057,rho,0.0024398141569164583,14.832397134933096,28.23083811791544,12,-0.00028353139842259885,HIGHER_RES_SAMPLING_REFERENCE,96,4,0.9826466826613028,0.6636187620566523,210,211,ADAPTED_SPHERICAL_KS_WORKFLOW_REPRODUCTION
4.772840914719543e-05,rho,0.0012140829366412739,28.23083811791544,53.73239494531252,12,0.0012618113457884693,HIGHER_RES_SAMPLING_REFERENCE,96,5,0.9826466826613028,0.6636187620566523,210,211,ADAPTED_SPHERICAL_KS_WORKFLOW_REPRODUCTION
4.182807719442671e-05,rho,-4.443694048513377e-05,53.73239494531252,102.27008686386948,12,-2.6088632907070618e-06,HIGHER_RES_SAMPLING_REFERENCE,96,6,0.9826466826613028,0.6636187620566523,210,211,ADAPTED_SPHERICAL_KS_WORKFLOW_REPRODUCTION
1.0712697054281742e-05,rho,-0.00019351467094107388,102.27008686386948,194.6529775527125,12,-0.00020422736799535562,HIGHER_RES_SAMPLING_REFERENCE,96,7,0.9826466826613028,0.6636187620566523,210,211,ADAPTED_SPHERICAL_KS_WORKFLOW_REPRODUCTION
0.0,rho,0.06633488668978771,1.1225854340129873,2.1402642060118655,16,0.06633488668978771,HIGHER_RES_SAMPLING_REFERENCE,128,0,1.0000000000000002,0.0,210,211,ADAPTED_SPHERICAL_KS_WORKFLOW_REPRODUCTION
0.0,rho,-0.010880232300209514,2.1402642060118655,4.080518713983782,16,-0.010880232300209514,HIGHER_RES_SAMPLING_REFERENCE,128,1,1.0000000000000002,0.0,210,211,ADAPTED_SPHERICAL_KS_WORKFLOW_REPRODUCTION
0.0,rho,-0.03749822479678322,4.080518713983782,7.779709125817875,16,-0.03749822479678322,HIGHER_RES_SAMPLING_REFERENCE,128,2,1.0000000000000002,0.0,210,211,ADAPTED_SPHERICAL_KS_WORKFLOW_REPRODUCTION
0.0,rho,-0.00331805282249209,7.779709125817875,14.832397134933096,16,-0.00331805282249209,HIGHER_RES_SAMPLING_REFERENCE,128,3,1.0000000000000002,0.0,210,211,ADAPTED_SPHERICAL_KS_WORKFLOW_REPRODUCTION
0.0,rho,0.0015752571423126582,14.832397134933096,28.278692841905322,16,0.0015752571423126582,HIGHER_RES_SAMPLING_REFERENCE,128,4,1.0000000000000002,0.0,210,211,ADAPTED_SPHERICAL_KS_WORKFLOW_REPRODUCTION
0.0,rho,0.0012315352252253234,28.278692841905322,53.91471530676722,16,0.0012315352252253234,HIGHER_RES_SAMPLING_REFERENCE,128,5,1.0000000000000002,0.0,210,211,ADAPTED_SPHERICAL_KS_WORKFLOW_REPRODUCTION
0.0,rho,-1.9258813699764982e-05,53.91471530676722,102.79104988552615,16,-1.9258813699764982e-05,HIGHER_RES_SAMPLING_REFERENCE,128,6,1.0000000000000002,0.0,210,211,ADAPTED_SPHERICAL_KS_WORKFLOW_REPRODUCTION
0.0,rho,-0.00020898110631455743,102.79104988552615,195.97617972105846,16,-0.00020898110631455743,HIGHER_RES_SAMPLING_REFERENCE,128,7,1.0000000000000002,0.0,210,211,ADAPTED_SPHERICAL_KS_WORKFLOW_REPRODUCTION
0.006486589409419707,press,-0.052256931462096645,1.1456345721309733,2.1731385678184307,8,-0.04577034205267694,HIGHER_RES_SAMPLING_REFERENCE,64,0,0.9995738862307355,0.13924407154900864,210,211,ADAPTED_SPHERICAL_KS_WORKFLOW_REPRODUCTION
0.00030729699837905855,press,-0.008623828760706331,2.1731385678184307,4.122196859122056,8,-0.00893112575908539,HIGHER_RES_SAMPLING_REFERENCE,64,1,0.9995738862307355,0.13924407154900864,210,211,ADAPTED_SPHERICAL_KS_WORKFLOW_REPRODUCTION
1.0014010799697104e-05,press,-0.000507194910339015,4.122196859122056,7.819338903185626,8,-0.0005172089211387121,HIGHER_RES_SAMPLING_REFERENCE,64,2,0.9995738862307355,0.13924407154900864,210,211,ADAPTED_SPHERICAL_KS_WORKFLOW_REPRODUCTION
9.2202103522121e-06,press,0.0001730705614550465,7.819338903185626,14.832397134933096,8,0.0001638503511028344,HIGHER_RES_SAMPLING_REFERENCE,64,3,0.9995738862307355,0.13924407154900864,210,211,ADAPTED_SPHERICAL_KS_WORKFLOW_REPRODUCTION
1.0578063811592098e-05,press,7.606942064482258e-06,14.832397134933096,28.135371479901284,8,1.8185005876074356e-05,HIGHER_RES_SAMPLING_REFERENCE,64,4,0.9995738862307355,0.13924407154900864,210,211,ADAPTED_SPHERICAL_KS_WORKFLOW_REPRODUCTION
7.699739819466006e-07,press,6.934680018839956e-06,28.135371479901284,53.36960176502269,8,7.704654000786557e-06,HIGHER_RES_SAMPLING_REFERENCE,64,5,0.9995738862307355,0.13924407154900864,210,211,ADAPTED_SPHERICAL_KS_WORKFLOW_REPRODUCTION
2.6350500889745984e-07,press,4.5307439002547495e-07,53.36960176502269,101.23606843406442,8,7.165793989229348e-07,HIGHER_RES_SAMPLING_REFERENCE,64,6,0.9995738862307355,0.13924407154900864,210,211,ADAPTED_SPHERICAL_KS_WORKFLOW_REPRODUCTION
6.27197400152003e-09,press,-3.190051832908979e-07,101.23606843406442,192.03331509030292,8,-3.1273320928937786e-07,HIGHER_RES_SAMPLING_REFERENCE,64,7,0.9995738862307355,0.13924407154900864,210,211,ADAPTED_SPHERICAL_KS_WORKFLOW_REPRODUCTION
0.004461054968365477,press,-0.03345902126007845,1.1302164885137453,2.1511666951179094,12,-0.03792007622844393,HIGHER_RES_SAMPLING_REFERENCE,96,0,0.9999925147588662,0.11760071553719445,210,211,ADAPTED_SPHERICAL_KS_WORKFLOW_REPRODUCTION
0.0008759324853997441,press,-0.006661795182708901,2.1511666951179094,4.094364395859927,12,-0.007537727668108645,HIGHER_RES_SAMPLING_REFERENCE,96,1,0.9999925147588662,0.11760071553719445,210,211,ADAPTED_SPHERICAL_KS_WORKFLOW_REPRODUCTION
7.787540116831757e-05,press,-0.0005192428005297824,4.094364395859927,7.792896684450838,12,-0.0004413673993614648,HIGHER_RES_SAMPLING_REFERENCE,96,2,0.9999925147588662,0.11760071553719445,210,211,ADAPTED_SPHERICAL_KS_WORKFLOW_REPRODUCTION
2.4520628760982667e-05,press,0.0001472652961587162,7.792896684450838,14.832397134933096,12,0.00017178592491969886,HIGHER_RES_SAMPLING_REFERENCE,96,3,0.9999925147588662,0.11760071553719445,210,211,ADAPTED_SPHERICAL_KS_WORKFLOW_REPRODUCTION
2.1131118629356702e-05,press,2.3232347446434366e-05,14.832397134933096,28.23083811791544,12,2.101228817077663e-06,HIGHER_RES_SAMPLING_REFERENCE,96,4,0.9999925147588662,0.11760071553719445,210,211,ADAPTED_SPHERICAL_KS_WORKFLOW_REPRODUCTION
4.808091469790765e-07,press,6.845337600697063e-06,28.23083811791544,53.73239494531252,12,7.326146747676139e-06,HIGHER_RES_SAMPLING_REFERENCE,96,5,0.9999925147588662,0.11760071553719445,210,211,ADAPTED_SPHERICAL_KS_WORKFLOW_REPRODUCTION
8.956861083966769e-08,press,5.297576481787761e-07,53.73239494531252,102.27008686386948,12,6.193262590184438e-07,HIGHER_RES_SAMPLING_REFERENCE,96,6,0.9999925147588662,0.11760071553719445,210,211,ADAPTED_SPHERICAL_KS_WORKFLOW_REPRODUCTION
1.0965833558984435e-08,press,-2.65747174154627e-07,102.27008686386948,194.6529775527125,12,-2.7671300771361144e-07,HIGHER_RES_SAMPLING_REFERENCE,96,7,0.9999925147588662,0.11760071553719445,210,211,ADAPTED_SPHERICAL_KS_WORKFLOW_REPRODUCTION
0.0,press,-0.04866458823251918,1.1225854340129873,2.1402642060118655,16,-0.04866458823251918,HIGHER_RES_SAMPLING_REFERENCE,128,0,1.0000000000000002,0.0,210,211,ADAPTED_SPHERICAL_KS_WORKFLOW_REPRODUCTION
0.0,press,-0.008468722475201584,2.1402642060118655,4.080518713983782,16,-0.008468722475201584,HIGHER_RES_SAMPLING_REFERENCE,128,1,1.0000000000000002,0.0,210,211,ADAPTED_SPHERICAL_KS_WORKFLOW_REPRODUCTION
0.0,press,-0.0005002828569189433,4.080518713983782,7.779709125817875,16,-0.0005002828569189433,HIGHER_RES_SAMPLING_REFERENCE,128,2,1.0000000000000002,0.0,210,211,ADAPTED_SPHERICAL_KS_WORKFLOW_REPRODUCTION
0.0,press,0.00017200594010451792,7.779709125817875,14.832397134933096,16,0.00017200594010451792,HIGHER_RES_SAMPLING_REFERENCE,128,3,1.0000000000000002,0.0,210,211,ADAPTED_SPHERICAL_KS_WORKFLOW_REPRODUCTION
0.0,press,1.5407011350478117e-05,14.832397134933096,28.278692841905322,16,1.5407011350478117e-05,HIGHER_RES_SAMPLING_REFERENCE,128,4,1.0000000000000002,0.0,210,211,ADAPTED_SPHERICAL_KS_WORKFLOW_REPRODUCTION
0.0,press,7.097532263574324e-06,28.278692841905322,53.91471530676722,16,7.097532263574324e-06,HIGHER_RES_SAMPLING_REFERENCE,128,5,1.0000000000000002,0.0,210,211,ADAPTED_SPHERICAL_KS_WORKFLOW_REPRODUCTION
0.0,press,5.770870908525737e-07,53.91471530676722,102.79104988552615,16,5.770870908525737e-07,HIGHER_RES_SAMPLING_REFERENCE,128,6,1.0000000000000002,0.0,210,211,ADAPTED_SPHERICAL_KS_WORKFLOW_REPRODUCTION
0.0,press,-2.8684743299583e-07,102.79104988552615,195.97617972105846,16,-2.8684743299583e-07,HIGHER_RES_SAMPLING_REFERENCE,128,7,1.0000000000000002,0.0,210,211,ADAPTED_SPHERICAL_KS_WORKFLOW_REPRODUCTION
0.00040614722405507564,vel1,0.010242740835963104,1.1456345721309733,2.1731385678184307,8,0.009836593611908029,HIGHER_RES_SAMPLING_REFERENCE,64,0,0.9975571594844255,0.07155243092446076,210,211,ADAPTED_SPHERICAL_KS_WORKFLOW_REPRODUCTION
3.6726587687496703e-05,vel1,0.005864108212777719,2.1731385678184307,4.122196859122056,8,0.005827381625090222,HIGHER_RES_SAMPLING_REFERENCE,64,1,0.9975571594844255,0.07155243092446076,210,211,ADAPTED_SPHERICAL_KS_WORKFLOW_REPRODUCTION
0.00023739398942268508,vel1,0.005531309818451291,4.122196859122056,7.819338903185626,8,0.005293915829028606,HIGHER_RES_SAMPLING_REFERENCE,64,2,0.9975571594844255,0.07155243092446076,210,211,ADAPTED_SPHERICAL_KS_WORKFLOW_REPRODUCTION
5.798502328246968e-05,vel1,0.0013774054256856516,7.819338903185626,14.832397134933096,8,0.001319420402403182,HIGHER_RES_SAMPLING_REFERENCE,64,3,0.9975571594844255,0.07155243092446076,210,211,ADAPTED_SPHERICAL_KS_WORKFLOW_REPRODUCTION
0.0007152991535406272,vel1,-0.019235443385269946,14.832397134933096,28.135371479901284,8,-0.01852014423172932,HIGHER_RES_SAMPLING_REFERENCE,64,4,0.9975571594844255,0.07155243092446076,210,211,ADAPTED_SPHERICAL_KS_WORKFLOW_REPRODUCTION
0.0010963802311181325,vel1,-0.013169634528068741,28.135371479901284,53.36960176502269,8,-0.014266014759186874,HIGHER_RES_SAMPLING_REFERENCE,64,5,0.9975571594844255,0.07155243092446076,210,211,ADAPTED_SPHERICAL_KS_WORKFLOW_REPRODUCTION
2.280657875086689e-05,vel1,-0.00753368556107592,53.36960176502269,101.23606843406442,8,-0.007556492139826787,HIGHER_RES_SAMPLING_REFERENCE,64,6,0.9975571594844255,0.07155243092446076,210,211,ADAPTED_SPHERICAL_KS_WORKFLOW_REPRODUCTION
0.001428570925099848,vel1,-0.005101424536803734,101.23606843406442,192.03331509030292,8,-0.0036728536117038857,HIGHER_RES_SAMPLING_REFERENCE,64,7,0.9975571594844255,0.07155243092446076,210,211,ADAPTED_SPHERICAL_KS_WORKFLOW_REPRODUCTION
1.272105532734713e-05,vel1,0.010070106464379731,1.1302164885137453,2.1511666951179094,12,0.010057385409052384,HIGHER_RES_SAMPLING_REFERENCE,96,0,0.9941629863212234,0.1091810383269625,210,211,ADAPTED_SPHERICAL_KS_WORKFLOW_REPRODUCTION
3.877017263472036e-05,vel1,0.005885869219619648,2.1511666951179094,4.094364395859927,12,0.005847099046984928,HIGHER_RES_SAMPLING_REFERENCE,96,1,0.9941629863212234,0.1091810383269625,210,211,ADAPTED_SPHERICAL_KS_WORKFLOW_REPRODUCTION
9.149662320648115e-05,vel1,0.005181689138192762,4.094364395859927,7.792896684450838,12,0.005273185761399243,HIGHER_RES_SAMPLING_REFERENCE,96,2,0.9941629863212234,0.1091810383269625,210,211,ADAPTED_SPHERICAL_KS_WORKFLOW_REPRODUCTION
0.00045670483586209064,vel1,0.000658149021016167,7.792896684450838,14.832397134933096,12,0.0011148538568782577,HIGHER_RES_SAMPLING_REFERENCE,96,3,0.9941629863212234,0.1091810383269625,210,211,ADAPTED_SPHERICAL_KS_WORKFLOW_REPRODUCTION
0.0008474998738384545,vel1,-0.018598818896752738,14.832397134933096,28.23083811791544,12,-0.019446318770591192,HIGHER_RES_SAMPLING_REFERENCE,96,4,0.9941629863212234,0.1091810383269625,210,211,ADAPTED_SPHERICAL_KS_WORKFLOW_REPRODUCTION
0.00015461887332224658,vel1,-0.013740231930255063,28.23083811791544,53.73239494531252,12,-0.013894850803577309,HIGHER_RES_SAMPLING_REFERENCE,96,5,0.9941629863212234,0.1091810383269625,210,211,ADAPTED_SPHERICAL_KS_WORKFLOW_REPRODUCTION
0.0009243688416537867,vel1,-0.007303424240697109,53.73239494531252,102.27008686386948,12,-0.008227793082350896,HIGHER_RES_SAMPLING_REFERENCE,96,6,0.9941629863212234,0.1091810383269625,210,211,ADAPTED_SPHERICAL_KS_WORKFLOW_REPRODUCTION
0.0027903721422254182,vel1,-0.0042540129783135315,102.27008686386948,194.6529775527125,12,-0.001463640836088113,HIGHER_RES_SAMPLING_REFERENCE,96,7,0.9941629863212234,0.1091810383269625,210,211,ADAPTED_SPHERICAL_KS_WORKFLOW_REPRODUCTION
0.0,vel1,0.009985504255581645,1.1225854340129873,2.1402642060118655,16,0.009985504255581645,HIGHER_RES_SAMPLING_REFERENCE,128,0,1.0,0.0,210,211,ADAPTED_SPHERICAL_KS_WORKFLOW_REPRODUCTION
0.0,vel1,0.005918517008157265,2.1402642060118655,4.080518713983782,16,0.005918517008157265,HIGHER_RES_SAMPLING_REFERENCE,128,1,1.0,0.0,210,211,ADAPTED_SPHERICAL_KS_WORKFLOW_REPRODUCTION
0.0,vel1,0.005290674316936084,4.080518713983782,7.779709125817875,16,0.005290674316936084,HIGHER_RES_SAMPLING_REFERENCE,128,2,1.0,0.0,210,211,ADAPTED_SPHERICAL_KS_WORKFLOW_REPRODUCTION
0.0,vel1,0.0009521242054857382,7.779709125817875,14.832397134933096,16,0.0009521242054857382,HIGHER_RES_SAMPLING_REFERENCE,128,3,1.0,0.0,210,211,ADAPTED_SPHERICAL_KS_WORKFLOW_REPRODUCTION
0.0,vel1,-0.019042679978227284,14.832397134933096,28.278692841905322,16,-0.019042679978227284,HIGHER_RES_SAMPLING_REFERENCE,128,4,1.0,0.0,210,211,ADAPTED_SPHERICAL_KS_WORKFLOW_REPRODUCTION
0.0,vel1,-0.013587720146471582,28.278692841905322,53.91471530676722,16,-0.013587720146471582,HIGHER_RES_SAMPLING_REFERENCE,128,5,1.0,0.0,210,211,ADAPTED_SPHERICAL_KS_WORKFLOW_REPRODUCTION
0.0,vel1,-0.00769774916283561,53.91471530676722,102.79104988552615,16,-0.00769774916283561,HIGHER_RES_SAMPLING_REFERENCE,128,6,1.0,0.0,210,211,ADAPTED_SPHERICAL_KS_WORKFLOW_REPRODUCTION
0.0,vel1,-0.004115456704980147,102.79104988552615,195.97617972105846,16,-0.004115456704980147,HIGHER_RES_SAMPLING_REFERENCE,128,7,1.0,0.0,210,211,ADAPTED_SPHERICAL_KS_WORKFLOW_REPRODUCTION
0.00022964009031745114,vel2,-0.0003227633861013768,1.1456345721309733,2.1731385678184307,8,-0.0005524034764188279,HIGHER_RES_SAMPLING_REFERENCE,64,0,0.9725401959474085,0.2566178425225828,210,211,ADAPTED_SPHERICAL_KS_WORKFLOW_REPRODUCTION
3.581773567112867e-05,vel2,0.00034534743043979077,2.1731385678184307,4.122196859122056,8,0.0003095296947686621,HIGHER_RES_SAMPLING_REFERENCE,64,1,0.9725401959474085,0.2566178425225828,210,211,ADAPTED_SPHERICAL_KS_WORKFLOW_REPRODUCTION
5.892271345842026e-06,vel2,-0.0001424565364532837,4.122196859122056,7.819338903185626,8,-0.00013656426510744168,HIGHER_RES_SAMPLING_REFERENCE,64,2,0.9725401959474085,0.2566178425225828,210,211,ADAPTED_SPHERICAL_KS_WORKFLOW_REPRODUCTION
2.3716807326684686e-05,vel2,-0.0006111762205404658,7.819338903185626,14.832397134933096,8,-0.0006348930278671505,HIGHER_RES_SAMPLING_REFERENCE,64,3,0.9725401959474085,0.2566178425225828,210,211,ADAPTED_SPHERICAL_KS_WORKFLOW_REPRODUCTION
2.6984233610350544e-05,vel2,-9.041824727340497e-05,14.832397134933096,28.135371479901284,8,-0.00011740248088375552,HIGHER_RES_SAMPLING_REFERENCE,64,4,0.9725401959474085,0.2566178425225828,210,211,ADAPTED_SPHERICAL_KS_WORKFLOW_REPRODUCTION
1.4179871303296454e-05,vel2,6.953783616771292e-05,28.135371479901284,53.36960176502269,8,8.371770747100937e-05,HIGHER_RES_SAMPLING_REFERENCE,64,5,0.9725401959474085,0.2566178425225828,210,211,ADAPTED_SPHERICAL_KS_WORKFLOW_REPRODUCTION
6.087231364526602e-07,vel2,3.3042697436536095e-06,53.36960176502269,101.23606843406442,8,2.6955466072009493e-06,HIGHER_RES_SAMPLING_REFERENCE,64,6,0.9725401959474085,0.2566178425225828,210,211,ADAPTED_SPHERICAL_KS_WORKFLOW_REPRODUCTION
1.517103724840707e-06,vel2,2.3314788763330666e-06,101.23606843406442,192.03331509030292,8,8.143751514923595e-07,HIGHER_RES_SAMPLING_REFERENCE,64,7,0.9725401959474085,0.2566178425225828,210,211,ADAPTED_SPHERICAL_KS_WORKFLOW_REPRODUCTION
0.00012665962595021987,vel2,-0.000406206607944618,1.1302164885137453,2.1511666951179094,12,-0.0005328662338948379,HIGHER_RES_SAMPLING_REFERENCE,96,0,0.988705090748329,0.15546418357169434,210,211,ADAPTED_SPHERICAL_KS_WORKFLOW_REPRODUCTION
5.468401887051452e-05,vel2,0.00035261017769601437,2.1511666951179094,4.094364395859927,12,0.00029792615882549985,HIGHER_RES_SAMPLING_REFERENCE,96,1,0.988705090748329,0.15546418357169434,210,211,ADAPTED_SPHERICAL_KS_WORKFLOW_REPRODUCTION
9.617436480124518e-06,vel2,-0.00015678514006913616,4.094364395859927,7.792896684450838,12,-0.00014716770358901165,HIGHER_RES_SAMPLING_REFERENCE,96,2,0.988705090748329,0.15546418357169434,210,211,ADAPTED_SPHERICAL_KS_WORKFLOW_REPRODUCTION
9.9140372339661e-08,vel2,-0.0006178951094660453,7.792896684450838,14.832397134933096,12,-0.0006177959690937056,HIGHER_RES_SAMPLING_REFERENCE,96,3,0.988705090748329,0.15546418357169434,210,211,ADAPTED_SPHERICAL_KS_WORKFLOW_REPRODUCTION
2.5819667780767916e-06,vel2,-9.948459734619667e-05,14.832397134933096,28.23083811791544,12,-0.00010206656412427347,HIGHER_RES_SAMPLING_REFERENCE,96,4,0.988705090748329,0.15546418357169434,210,211,ADAPTED_SPHERICAL_KS_WORKFLOW_REPRODUCTION
1.8865033427870216e-06,vel2,7.079987554008538e-05,28.23083811791544,53.73239494531252,12,7.26863788828724e-05,HIGHER_RES_SAMPLING_REFERENCE,96,5,0.988705090748329,0.15546418357169434,210,211,ADAPTED_SPHERICAL_KS_WORKFLOW_REPRODUCTION
2.0329207152032044e-08,vel2,2.0684917301546687e-06,53.73239494531252,102.27008686386948,12,2.0481625230026366e-06,HIGHER_RES_SAMPLING_REFERENCE,96,6,0.988705090748329,0.15546418357169434,210,211,ADAPTED_SPHERICAL_KS_WORKFLOW_REPRODUCTION
2.4578914863319785e-07,vel2,1.7866298354345022e-06,102.27008686386948,194.6529775527125,12,2.0324189840677e-06,HIGHER_RES_SAMPLING_REFERENCE,96,7,0.988705090748329,0.15546418357169434,210,211,ADAPTED_SPHERICAL_KS_WORKFLOW_REPRODUCTION
0.0,vel2,-0.00044780531560018044,1.1225854340129873,2.1402642060118655,16,-0.00044780531560018044,HIGHER_RES_SAMPLING_REFERENCE,128,0,1.0000000000000002,0.0,210,211,ADAPTED_SPHERICAL_KS_WORKFLOW_REPRODUCTION
0.0,vel2,0.00032443191063309673,2.1402642060118655,4.080518713983782,16,0.00032443191063309673,HIGHER_RES_SAMPLING_REFERENCE,128,1,1.0000000000000002,0.0,210,211,ADAPTED_SPHERICAL_KS_WORKFLOW_REPRODUCTION
0.0,vel2,-0.0001527939650324342,4.080518713983782,7.779709125817875,16,-0.0001527939650324342,HIGHER_RES_SAMPLING_REFERENCE,128,2,1.0000000000000002,0.0,210,211,ADAPTED_SPHERICAL_KS_WORKFLOW_REPRODUCTION
0.0,vel2,-0.0006176122178393126,7.779709125817875,14.832397134933096,16,-0.0006176122178393126,HIGHER_RES_SAMPLING_REFERENCE,128,3,1.0000000000000002,0.0,210,211,ADAPTED_SPHERICAL_KS_WORKFLOW_REPRODUCTION
0.0,vel2,-9.460505746938103e-05,14.832397134933096,28.278692841905322,16,-9.460505746938103e-05,HIGHER_RES_SAMPLING_REFERENCE,128,4,1.0000000000000002,0.0,210,211,ADAPTED_SPHERICAL_KS_WORKFLOW_REPRODUCTION
0.0,vel2,7.172576033808928e-05,28.278692841905322,53.91471530676722,16,7.172576033808928e-05,HIGHER_RES_SAMPLING_REFERENCE,128,5,1.0000000000000002,0.0,210,211,ADAPTED_SPHERICAL_KS_WORKFLOW_REPRODUCTION
0.0,vel2,2.5077689187781582e-06,53.91471530676722,102.79104988552615,16,2.5077689187781582e-06,HIGHER_RES_SAMPLING_REFERENCE,128,6,1.0000000000000002,0.0,210,211,ADAPTED_SPHERICAL_KS_WORKFLOW_REPRODUCTION
0.0,vel2,2.4842583479123704e-06,102.79104988552615,195.97617972105846,16,2.4842583479123704e-06,HIGHER_RES_SAMPLING_REFERENCE,128,7,1.0000000000000002,0.0,210,211,ADAPTED_SPHERICAL_KS_WORKFLOW_REPRODUCTION
0.0038552415878712054,vel3,-0.000267060406258679,1.1456345721309733,2.1731385678184307,8,0.0035881811816125264,HIGHER_RES_SAMPLING_REFERENCE,64,0,0.8102098240964505,0.6367078922316197,210,211,ADAPTED_SPHERICAL_KS_WORKFLOW_REPRODUCTION
3.986929448274168e-05,vel3,0.0037978287612645545,2.1731385678184307,4.122196859122056,8,0.003757959466781813,HIGHER_RES_SAMPLING_REFERENCE,64,1,0.8102098240964505,0.6367078922316197,210,211,ADAPTED_SPHERICAL_KS_WORKFLOW_REPRODUCTION
7.452345762004597e-05,vel3,-0.0009720944091924366,4.122196859122056,7.819338903185626,8,-0.0008975709515723906,HIGHER_RES_SAMPLING_REFERENCE,64,2,0.8102098240964505,0.6367078922316197,210,211,ADAPTED_SPHERICAL_KS_WORKFLOW_REPRODUCTION
0.0010981698350347457,vel3,-0.0006002778439526679,7.819338903185626,14.832397134933096,8,0.0004978919910820778,HIGHER_RES_SAMPLING_REFERENCE,64,3,0.8102098240964505,0.6367078922316197,210,211,ADAPTED_SPHERICAL_KS_WORKFLOW_REPRODUCTION
0.0017064641053559093,vel3,0.006002439043859997,14.832397134933096,28.135371479901284,8,0.004295974938504088,HIGHER_RES_SAMPLING_REFERENCE,64,4,0.8102098240964505,0.6367078922316197,210,211,ADAPTED_SPHERICAL_KS_WORKFLOW_REPRODUCTION
0.0002067811654451468,vel3,0.0008521220264183782,28.135371479901284,53.36960176502269,8,0.0006453408609732314,HIGHER_RES_SAMPLING_REFERENCE,64,5,0.8102098240964505,0.6367078922316197,210,211,ADAPTED_SPHERICAL_KS_WORKFLOW_REPRODUCTION
2.824950768864909e-05,vel3,-0.000392694262988158,53.36960176502269,101.23606843406442,8,-0.0003644447552995089,HIGHER_RES_SAMPLING_REFERENCE,64,6,0.8102098240964505,0.6367078922316197,210,211,ADAPTED_SPHERICAL_KS_WORKFLOW_REPRODUCTION
0.00021130467237995276,vel3,0.00022448656628881736,101.23606843406442,192.03331509030292,8,1.3181893908864595e-05,HIGHER_RES_SAMPLING_REFERENCE,64,7,0.8102098240964505,0.6367078922316197,210,211,ADAPTED_SPHERICAL_KS_WORKFLOW_REPRODUCTION
0.0017000669207913302,vel3,0.002555923559931991,1.1302164885137453,2.1511666951179094,12,0.0008558566391406606,HIGHER_RES_SAMPLING_REFERENCE,96,0,0.9623599376596941,0.28124243021360235,210,211,ADAPTED_SPHERICAL_KS_WORKFLOW_REPRODUCTION
0.00011540056428000585,vel3,0.003743226925339345,2.1511666951179094,4.094364395859927,12,0.0036278263610593393,HIGHER_RES_SAMPLING_REFERENCE,96,1,0.9623599376596941,0.28124243021360235,210,211,ADAPTED_SPHERICAL_KS_WORKFLOW_REPRODUCTION
4.489916607515931e-05,vel3,-0.0008416812990514312,4.094364395859927,7.792896684450838,12,-0.0008865804651265905,HIGHER_RES_SAMPLING_REFERENCE,96,2,0.9623599376596941,0.28124243021360235,210,211,ADAPTED_SPHERICAL_KS_WORKFLOW_REPRODUCTION
0.00030075549254341376,vel3,0.0005954740700296931,7.792896684450838,14.832397134933096,12,0.00029471857748627936,HIGHER_RES_SAMPLING_REFERENCE,96,3,0.9623599376596941,0.28124243021360235,210,211,ADAPTED_SPHERICAL_KS_WORKFLOW_REPRODUCTION
0.00036998109096415474,vel3,0.0047066036856691085,14.832397134933096,28.23083811791544,12,0.005076584776633263,HIGHER_RES_SAMPLING_REFERENCE,96,4,0.9623599376596941,0.28124243021360235,210,211,ADAPTED_SPHERICAL_KS_WORKFLOW_REPRODUCTION
0.00022519518249163614,vel3,0.0005433478636155192,28.23083811791544,53.73239494531252,12,0.0007685430461071553,HIGHER_RES_SAMPLING_REFERENCE,96,5,0.9623599376596941,0.28124243021360235,210,211,ADAPTED_SPHERICAL_KS_WORKFLOW_REPRODUCTION
0.00013011565081173847,vel3,-0.00036149197860103335,53.73239494531252,102.27008686386948,12,-0.00023137632778929488,HIGHER_RES_SAMPLING_REFERENCE,96,6,0.9623599376596941,0.28124243021360235,210,211,ADAPTED_SPHERICAL_KS_WORKFLOW_REPRODUCTION
0.0002531062405497909,vel3,-4.837274127632861e-05,102.27008686386948,194.6529775527125,12,-0.00030147898182611947,HIGHER_RES_SAMPLING_REFERENCE,96,7,0.9623599376596941,0.28124243021360235,210,211,ADAPTED_SPHERICAL_KS_WORKFLOW_REPRODUCTION
0.0,vel3,0.0017252649822125932,1.1225854340129873,2.1402642060118655,16,0.0017252649822125932,HIGHER_RES_SAMPLING_REFERENCE,128,0,1.0000000000000002,0.0,210,211,ADAPTED_SPHERICAL_KS_WORKFLOW_REPRODUCTION
0.0,vel3,0.003607595849672407,2.1402642060118655,4.080518713983782,16,0.003607595849672407,HIGHER_RES_SAMPLING_REFERENCE,128,1,1.0000000000000002,0.0,210,211,ADAPTED_SPHERICAL_KS_WORKFLOW_REPRODUCTION
0.0,vel3,-0.00085935385575997,4.080518713983782,7.779709125817875,16,-0.00085935385575997,HIGHER_RES_SAMPLING_REFERENCE,128,2,1.0000000000000002,0.0,210,211,ADAPTED_SPHERICAL_KS_WORKFLOW_REPRODUCTION
0.0,vel3,4.107574919576251e-05,7.779709125817875,14.832397134933096,16,4.107574919576251e-05,HIGHER_RES_SAMPLING_REFERENCE,128,3,1.0000000000000002,0.0,210,211,ADAPTED_SPHERICAL_KS_WORKFLOW_REPRODUCTION
0.0,vel3,0.005185453628489045,14.832397134933096,28.278692841905322,16,0.005185453628489045,HIGHER_RES_SAMPLING_REFERENCE,128,4,1.0000000000000002,0.0,210,211,ADAPTED_SPHERICAL_KS_WORKFLOW_REPRODUCTION
0.0,vel3,0.0007093890902446498,28.278692841905322,53.91471530676722,16,0.0007093890902446498,HIGHER_RES_SAMPLING_REFERENCE,128,5,1.0000000000000002,0.0,210,211,ADAPTED_SPHERICAL_KS_WORKFLOW_REPRODUCTION
0.0,vel3,-0.0002946770273735133,53.91471530676722,102.79104988552615,16,-0.0002946770273735133,HIGHER_RES_SAMPLING_REFERENCE,128,6,1.0000000000000002,0.0,210,211,ADAPTED_SPHERICAL_KS_WORKFLOW_REPRODUCTION
0.0,vel3,-0.00010090640532789408,102.79104988552615,195.97617972105846,16,-0.00010090640532789408,HIGHER_RES_SAMPLING_REFERENCE,128,7,1.0000000000000002,0.0,210,211,ADAPTED_SPHERICAL_KS_WORKFLOW_REPRODUCTION
