channel,model,model_dynamic_span_q99_q01,model_dynamic_span_q99_q01_undefined,model_high_k_energy,model_high_k_energy_undefined,model_retention_dynamic_span_q99_q01,model_retention_high_k_energy,model_retention_std,model_retention_total_variation,model_retention_variance,model_std,model_std_undefined,model_total_variation,model_total_variation_undefined,model_variance,model_variance_undefined,oracle_dynamic_span_q99_q01,oracle_high_k_energy,oracle_std,oracle_total_variation,oracle_variance,preprocessing_dynamic_span_q99_q01_undefined,preprocessing_high_k_energy_undefined,preprocessing_retention_dynamic_span_q99_q01,preprocessing_retention_high_k_energy,preprocessing_retention_std,preprocessing_retention_total_variation,preprocessing_retention_variance,preprocessing_std_undefined,preprocessing_total_variation_undefined,preprocessing_variance_undefined,raw_dynamic_span_q99_q01,raw_high_k_energy,raw_std,raw_total_variation,raw_variance,shell,shell_group,step,total_dynamic_span_q99_q01_undefined,total_high_k_energy_undefined,total_retention_dynamic_span_q99_q01,total_retention_high_k_energy,total_retention_std,total_retention_total_variation,total_retention_variance,total_std_undefined,total_total_variation_undefined,total_variance_undefined,voxel_count
Bcc1,persistence,1.999531110525131,False,300.24185527845805,False,0.7904201023261005,0.6018226988228076,0.7599366983111767,0.8117342113027289,0.5775037854400925,0.5213503510950894,False,0.028210532626417262,False,0.27180618858697303,False,2.529706803560257,498.8875558627893,0.6860444458777912,0.03475341094857021,0.47065698171976555,False,False,1.0000003934835286,1.0000000306536896,1.0000000057843723,1.0000000337754944,1.0000000115687444,False,False,False,2.529705808162689,498.8875405700455,0.6860444419094548,0.03475340977475661,0.47065697627485525,1,inner,1,False,False,0.7904204133433915,0.6018227172708939,0.7599367027069335,0.8117342387194532,0.5775037921210863,False,False,False,32768
Bcc1,persistence,0.9081604242324829,False,54.097768224864275,False,0.7320805096139397,0.5391655553700662,0.6856903704109171,0.6396490039532313,0.4701712840742606,0.2923127211146622,False,0.008102741322077644,False,0.0854467269254583,False,1.2405198776721953,100.33609841365568,0.42630425295237345,0.01266748055886926,0.1817353160852812,False,False,0.999999903423293,0.9999999721922205,0.9999999971829535,0.9999999974701793,0.999999994365907,False,False,False,1.2405199974775316,100.33610120377986,0.4263042541532924,0.012667480590915714,0.18173531710919488,2,inner,1,False,False,0.7320804389120148,0.5391655403770692,0.6856903684792953,0.6396490023350341,0.47017128142527187,False,False,False,32768
Bcc1,persistence,0.5698485234379769,False,23.4879154632471,False,0.6918515739504074,0.49815245316388906,0.8249889556570981,0.6920545177057978,0.6806067769561891,0.21774344109097143,False,0.010458171183235589,False,0.04741220613813735,False,0.8236571902036667,47.15005479561439,0.2639349770658933,0.015111773589608303,0.06966167211877364,False,False,0.9999998538210237,0.9999999745312447,0.9999999927611285,0.999999973697618,0.999999985522257,False,False,False,0.8236573106050491,47.15005599646763,0.2639349789764847,0.015111773987083956,0.06966167312731744,3,middle,1,False,False,0.6918514728162526,0.4981524404765661,0.8249889496851089,0.6920544995031156,0.6806067671025391,False,False,False,32768
Bcc1,persistence,0.29667066007852555,False,7.229485110140794,False,0.9519792016403136,0.9218785470792323,0.9601382474195245,1.005580535148752,0.921865454157836,0.09533637847454464,False,0.0055162874467722485,False,0.009089025060641617,False,0.3116356529295444,7.84212316583981,0.09929442841254525,0.005485674447702236,0.009859383513774073,False,False,0.999999745140942,1.0000000501376518,0.999999996646994,0.9999999878989609,0.999999993293988,False,False,False,0.3116357323527336,7.842122772654189,0.09929442874548007,0.005485674514084597,0.009859383579891218,4,middle,1,False,False,0.951978959019791,0.9218785933000578,0.9601382442001752,1.0055805229801826,0.9218654479757953,False,False,False,32768
Bcc1,persistence,0.11564509198069572,False,1.1157619830767913,False,0.9630354350918391,0.9151811063687667,0.9691253578783536,0.9557590932469499,0.939203959282847,0.03533917173412253,False,0.002212023580279833,False,0.0012488570588538046,False,0.12008394267410039,1.2191706923495007,0.03646501605477376,0.0023144154169279646,0.0013296973958749079,False,False,0.9999998951443497,1.0000000163542189,0.9999999959491325,0.9999999724167635,0.9999999918982649,False,False,False,0.1200839552655816,1.2191706724109168,0.03646501620248871,0.002314415480767034,0.001329697406647764,5,middle,1,False,False,0.9630353341121323,0.9151811213358387,0.9691253539525552,0.9557590668840208,0.9392039516736652,False,False,False,32768
Bcc1,persistence,0.047802817076444626,False,0.15763786842011965,False,0.9903406453057867,0.9382950336045082,0.9881529096841581,0.9798932108793766,0.976446172917268,0.014082118212161673,False,0.0009226030181674071,False,0.00019830605334129547,False,0.04826906509697437,0.16800458573733013,0.01425095050993952,0.0009415342487570088,0.00020308959043674544,False,False,0.9999999614112046,0.9999999476464029,1.0000000001662404,1.0000000123276291,1.0000000003324807,False,False,False,0.04826906695961952,0.16800459453297498,0.014250950507570437,0.0009415342371501238,0.0002030895903692221,6,middle,1,False,False,0.9903406070897341,0.938294984481388,0.988152909848429,0.9798932229591368,0.9764461732419174,False,False,False,32768
Bcc1,persistence,0.03077322244644165,False,0.022258930695510108,False,1.0029818851599641,0.9333175692831354,0.9984867949338598,0.9952441106330537,0.996975879657292,0.007528848025310413,False,0.0006192195660644838,False,5.668355258822051e-05,False,0.030681733042001724,0.023849257131853627,0.00754025798188861,0.0006221785785505541,5.68554904334349e-05,False,False,1.0000003035431069,0.9999999326848611,1.0000000230558324,1.00000000433389,1.0000000461116656,False,False,False,0.030681723728775978,0.023849258737269792,0.00754025780804169,0.0006221785758541007,5.6855487811733665e-05,7,outer,1,False,False,1.0029821896082016,0.9333175064567335,0.9984868179548041,0.9952441149463321,0.9969759256295102,False,False,False,32768
Bcc1,persistence,0.020167140290141106,False,0.007909540549795794,False,1.0010702157702929,0.9768218547748653,1.0002985389255763,0.9972320579458988,1.0005971669766425,0.004286991233762355,False,0.0003379921507340972,False,1.837829383835528e-05,False,0.020145580172538757,0.008097219069303848,0.004285711781971636,0.00033893029013757774,1.8367325478130496e-05,False,False,1.0,0.9999999845867522,0.9999999749447062,1.0000000071239636,0.9999999498894127,False,False,False,0.020145580172538757,0.008097219194108295,0.004285711889351407,0.0003389302877230507,1.836732639852801e-05,8,outer,1,False,False,1.0010702157702929,0.9768218397188679,1.0002985138628024,0.9972320650501436,1.0005971168361307,False,False,False,32768
Bcc1,fno_plain,1.0291777139902114,False,44.32421975937872,False,0.4068367577387893,0.08884611219200135,0.3234972785582843,0.7996126717585895,0.10465048923461621,0.22193351121149163,False,0.02778926778131044,False,0.049254483398661286,False,2.529706803560257,498.8875558627893,0.6860444458777912,0.03475341094857021,0.47065698171976555,False,False,1.0000003934835286,1.0000000306536896,1.0000000057843723,1.0000000337754944,1.0000000115687444,False,False,False,2.529705808162689,498.8875405700455,0.6860444419094548,0.03475340977475661,0.47065697627485525,1,inner,1,False,False,0.4068369178223524,0.0888461149154625,0.323497280429513,0.7996126987659028,0.10465049044529098,False,False,False,32768
Bcc1,fno_plain,0.875082668364048,False,8.644828569118054,False,0.7054160792700226,0.08615870764157099,0.3843064226405763,1.1012615736353204,0.14769142648279723,0.16383146240858998,False,0.01395020957425519,False,0.026840748074937228,False,1.2405198776721953,100.33609841365568,0.42630425295237345,0.01266748055886926,0.1817353160852812,False,False,0.999999903423293,0.9999999721922205,0.9999999971829535,0.9999999974701793,0.999999994365907,False,False,False,1.2405199974775316,100.33610120377986,0.4263042541532924,0.012667480590915714,0.18173531710919488,2,inner,1,False,False,0.7054160111432606,0.08615870524568864,0.38430642155796724,1.1012615708493263,0.14769142565069002,False,False,False,32768
Bcc1,fno_plain,0.657126394212246,False,11.380607462247655,False,0.7978154043064415,0.24136997319685427,0.4433703332056029,0.8544776659523966,0.1965772523668473,0.11702093872631827,False,0.012912673025249573,False,0.013693900100388736,False,0.8236571902036667,47.15005479561439,0.2639349770658933,0.015111773589608303,0.06966167211877364,False,False,0.9999998538210237,0.9999999745312447,0.9999999927611285,0.999999973697618,0.999999985522257,False,False,False,0.8236573106050491,47.15005599646763,0.2639349789764847,0.015111773987083956,0.06966167312731744,3,middle,1,False,False,0.7978152876826026,0.24136996704946148,0.443370329996102,0.8544776434775986,0.19657724952085234,False,False,False,32768
Bcc1,fno_plain,0.7110070137679574,False,19.877686361093005,False,2.2815329603147303,2.5347327427449695,1.503693326863408,2.7640694212479695,2.2610936212535444,0.14930836939866068,False,0.015162784995815094,False,0.022292989172486913,False,0.3116356529295444,7.84212316583981,0.09929442841254525,0.005485674447702236,0.009859383513774073,False,False,0.999999745140942,1.0000000501376518,0.999999996646994,0.9999999878989609,0.999999993293988,False,False,False,0.3116357323527336,7.842122772654189,0.09929442874548007,0.005485674514084597,0.009859383579891218,4,middle,1,False,False,2.281532378845389,2.534732869830517,1.5036933218215154,2.7640693877998577,2.2610936060906233,False,False,False,32768
Bcc1,fno_plain,0.2540110722184181,False,3.803540566002096,False,2.1152792501807407,3.119776902340211,1.3140524739401134,1.7444991459754742,1.7267339042681322,0.047916944559041406,False,0.004037495718263305,False,0.002296033575874248,False,0.12008394267410039,1.2191706923495007,0.03646501605477376,0.0023144154169279646,0.0013296973958749079,False,False,0.9999998951443497,1.0000000163542189,0.9999999959491325,0.9999999724167635,0.9999999918982649,False,False,False,0.1200839552655816,1.2191706724109168,0.03646501620248871,0.002314415480767034,0.001329697406647764,5,middle,1,False,False,2.1152790283817593,3.119776953361725,1.3140524686170607,1.7444990978565416,1.7267338902785916,False,False,False,32768
Bcc1,fno_plain,0.2780587208271026,False,3.522204072957947,False,5.760598848734114,20.964928174429726,2.6408272952577754,2.89226497566984,6.973968803378497,0.037634299090016,False,0.002723166531073511,False,0.0014163404679967788,False,0.04826906509697437,0.16800458573733013,0.01425095050993952,0.0009415342487570088,0.00020308959043674544,False,False,0.9999999614112046,0.9999999476464029,1.0000000001662404,1.0000000123276291,1.0000000003324807,False,False,False,0.04826906695961952,0.16800459453297498,0.014250950507570437,0.0009415342371501238,0.0002030895903692221,6,middle,1,False,False,5.760598626439544,20.964927076840326,2.6408272956967873,2.8922650113246102,6.973968805697207,False,False,False,32768
Bcc1,fno_plain,0.06153113767504692,False,0.1008246011410016,False,2.005464867020841,4.227578267263423,1.6793428013886342,1.6839696381330826,2.8201922445758254,0.012662677962497829,False,0.0010477298357759323,False,0.00016034341318192814,False,0.030681733042001724,0.023849257131853627,0.00754025798188861,0.0006221785785505541,5.68554904334349e-05,False,False,1.0000003035431069,0.9999999326848611,1.0000000230558324,1.00000000433389,1.0000000461116656,False,False,False,0.030681723728775978,0.023849258737269792,0.00754025780804169,0.0006221785758541007,5.6855487811733665e-05,7,outer,1,False,False,2.0054654757658774,4.227577982683405,1.6793428401072805,1.6839696454312216,2.820192374619587,False,False,False,32768
Bcc1,fno_plain,0.15146807208657265,False,0.7697778429539652,False,7.518675103387928,95.0669404354088,4.919710742265366,6.397476801742499,24.203553787561233,0.0210844622920191,False,0.0021682986685630083,False,0.00044455455014357533,False,0.020145580172538757,0.008097219069303848,0.004285711781971636,0.00033893029013757774,1.8367325478130496e-05,False,False,1.0,0.9999999845867522,0.9999999749447062,1.0000000071239636,0.9999999498894127,False,False,False,0.020145580172538757,0.008097219194108295,0.004285711889351407,0.0003389302877230507,1.836732639852801e-05,8,outer,1,False,False,7.518675103387928,95.06693897011849,4.9197106190005675,6.397476847317892,24.20355257470694,False,False,False,32768
Bcc1,fno_full,0.8505311295390129,False,76.7050849299402,False,0.3362172755917773,0.153752251441278,0.26341773570957533,0.6770874599972673,0.06938890348635969,0.18071627452925806,False,0.02353109874540862,False,0.032658371879734166,False,2.529706803560257,498.8875558627893,0.6860444458777912,0.03475341094857021,0.47065698171976555,False,False,1.0000003934835286,1.0000000306536896,1.0000000057843723,1.0000000337754944,1.0000000115687444,False,False,False,2.529705808162689,498.8875405700455,0.6860444419094548,0.03475340977475661,0.47065697627485525,1,inner,1,False,False,0.3362174078877373,0.15375225615435179,0.26341773723328155,0.677087482866231,0.06938890428910217,False,False,False,32768
Bcc1,fno_full,0.2715744450688362,False,5.936447384497269,False,0.21891986574083674,0.05916561913762158,0.1123585829031865,0.38363554690860946,0.012624451152012234,0.04789894174733024,False,0.004859695832155986,False,0.002294308620514136,False,1.2405198776721953,100.33609841365568,0.42630425295237345,0.01266748055886926,0.1817353160852812,False,False,0.999999903423293,0.9999999721922205,0.9999999971829535,0.9999999974701793,0.999999994365907,False,False,False,1.2405199974775316,100.33610120377986,0.4263042541532924,0.012667480590915714,0.18173531710919488,2,inner,1,False,False,0.218919844598277,0.05916561749235709,0.11235858258666714,0.3836355459380803,0.012624451080884903,False,False,False,32768
Bcc1,fno_full,0.1878501932695508,False,3.395530255413497,False,0.22806841912361728,0.07201540422662094,0.11547645212556232,0.13668423069723828,0.013334810995507285,0.030478274743411016,False,0.002065541147566454,False,0.000928925231334846,False,0.8236571902036667,47.15005479561439,0.2639349770658933,0.015111773589608303,0.06966167211877364,False,False,0.9999998538210237,0.9999999745312447,0.9999999927611285,0.999999973697618,0.999999985522257,False,False,False,0.8236573106050491,47.15005599646763,0.2639349789764847,0.015111773987083956,0.06966167312731744,3,middle,1,False,False,0.22806838578480926,0.07201540239247822,0.11547645128964311,0.13668422710211742,0.013334810802449318,False,False,False,32768
Bcc1,fno_full,0.16459368646144862,False,0.8928553086551589,False,0.5281606418077603,0.11385377273139823,0.28822543619247876,0.41925752727035737,0.08307390206834465,0.028619179940688712,False,0.0022999103043538226,False,0.0008190574604775192,False,0.3116356529295444,7.84212316583981,0.09929442841254525,0.005485674447702236,0.009859383513774073,False,False,0.999999745140942,1.0000000501376518,0.999999996646994,0.9999999878989609,0.999999993293988,False,False,False,0.3116357323527336,7.842122772654189,0.09929442874548007,0.005485674514084597,0.009859383579891218,4,middle,1,False,False,0.5281605072012366,0.11385377843975904,0.28822543522605715,0.41925752219690565,0.08307390151125008,False,False,False,32768
Bcc1,fno_full,0.20941301777958846,False,0.8871670692796046,False,1.7438885925649616,0.72768077090987,0.9524290591482423,1.2446832984858784,0.9071211127100062,0.03473034093287372,False,0.0028807142152084686,False,0.001206196581313644,False,0.12008394267410039,1.2191706923495007,0.03646501605477376,0.0023144154169279646,0.0013296973958749079,False,False,0.9999998951443497,1.0000000163542189,0.9999999959491325,0.9999999724167635,0.9999999918982649,False,False,False,0.1200839552655816,1.2191706724109168,0.03646501620248871,0.002314415480767034,0.001329697406647764,5,middle,1,False,False,1.7438884097083893,0.7276807828105205,0.9524290552900784,1.2446832641534846,0.9071211053607513,False,False,False,32768
Bcc1,fno_full,0.08629321478307247,False,0.5425573501916463,False,1.7877540120096826,3.229419886430467,0.9924876947258552,1.2472356802057007,0.9850318241822423,0.014143893019262124,False,0.0011743151091854114,False,0.00020004970974033185,False,0.04826906509697437,0.16800458573733013,0.01425095050993952,0.0009415342487570088,0.00020308959043674544,False,False,0.9999999614112046,0.9999999476464029,1.0000000001662404,1.0000000123276291,1.0000000003324807,False,False,False,0.04826906695961952,0.16800459453297498,0.014250950507570437,0.0009415342371501238,0.0002030895903692221,6,middle,1,False,False,1.7877539430224088,3.2294197173587196,0.9924876948908467,1.2472356955811599,0.9850318245097464,False,False,False,32768
Bcc1,fno_full,0.040121572092175484,False,0.20968361222138787,False,1.3076696820629754,8.792039561740879,0.897675998346532,1.094852367307242,0.8058221980074427,0.006768708611682265,False,0.0006811936896139289,False,4.5815416269861647e-05,False,0.030681733042001724,0.023849257131853627,0.00754025798188861,0.0006221785785505541,5.68554904334349e-05,False,False,1.0000003035431069,0.9999999326848611,1.0000000230558324,1.00000000433389,1.0000000461116656,False,False,False,0.030681723728775978,0.023849258737269792,0.00754025780804169,0.0006221785758541007,5.6855487811733665e-05,7,outer,1,False,False,1.3076700789970936,8.792038969903514,0.8976760190431994,1.0948523720522114,0.8058222351652464,False,False,False,32768
Bcc1,fno_full,0.03258803207427263,False,0.0899279954863937,False,1.617626883672215,11.106034641857008,1.2270772277515567,1.5964811348825574,1.505718522866446,0.005258899332363939,False,0.0005410958142449146,False,2.765602218793789e-05,False,0.020145580172538757,0.008097219069303848,0.004285711781971636,0.00033893029013757774,1.8367325478130496e-05,False,False,1.0,0.9999999845867522,0.9999999749447062,1.0000000071239636,0.9999999498894127,False,False,False,0.020145580172538757,0.008097219194108295,0.004285711889351407,0.0003389302877230507,1.836732639852801e-05,8,outer,1,False,False,1.617626883672215,11.106034470676944,1.2270771970067762,1.5964811462558308,1.5057184474140064,False,False,False,32768
Bcc1,localno_plain,2.544494432806967,False,2478.8627199786256,False,1.005845590179027,4.968780421254675,0.7208052959431209,1.9173112455065902,0.5195602746596503,0.4945044698410757,False,0.06663310563140551,False,0.24453467069280338,False,2.529706803560257,498.8875558627893,0.6860444458777912,0.03475341094857021,0.47065698171976555,False,False,1.0000003934835286,1.0000000306536896,1.0000000057843723,1.0000000337754944,1.0000000115687444,False,False,False,2.529705808162689,498.8875405700455,0.6860444419094548,0.03475340977475661,0.47065697627485525,1,inner,1,False,False,1.0058459859626994,4.968780573566129,0.7208053001125271,1.9173113102647252,0.5195602806703103,False,False,False,32768
Bcc1,localno_plain,0.3244261133670806,False,12.948866820440882,False,0.26152431670491094,0.12905491667671373,0.12682610636204344,0.7383520625265054,0.016084861254956357,0.054066508527529186,False,0.009353060397655528,False,0.002923187344357386,False,1.2405198776721953,100.33609841365568,0.42630425295237345,0.01266748055886926,0.1817353160852812,False,False,0.999999903423293,0.9999999721922205,0.9999999971829535,0.9999999974701793,0.999999994365907,False,False,False,1.2405199974775316,100.33610120377986,0.4263042541532924,0.012667480590915714,0.18173531710919488,2,inner,1,False,False,0.26152429144775363,0.12905491308798306,0.1268261060047684,0.7383520606586071,0.01608486116433275,False,False,False,32768
Bcc1,localno_plain,0.6653664830327033,False,83.45602152270656,False,0.8078196741877253,1.770009003901924,0.4800578525733699,1.6029132548884322,0.2304555418173553,0.12670405830925438,False,0.02422286219165609,False,0.016053918392034933,False,0.8236571902036667,47.15005479561439,0.2639349770658933,0.015111773589608303,0.06966167211877364,False,False,0.9999998538210237,0.9999999745312447,0.9999999927611285,0.999999973697618,0.999999985522257,False,False,False,0.8236573106050491,47.15005599646763,0.2639349789764847,0.015111773987083956,0.06966167312731744,3,middle,1,False,False,0.8078195561014724,1.7700089588219978,0.4800578490982928,1.6029132127279953,0.23045553848087919,False,False,False,32768
Bcc1,localno_plain,0.3322828775644301,False,17.02964100700354,False,1.0662543725045275,2.1715600031869484,0.5713951428351259,1.3645765433639978,0.32649240925557393,0.05673635410551848,False,0.007485622675865725,False,0.0032190138771867834,False,0.3116356529295444,7.84212316583981,0.09929442841254525,0.005485674447702236,0.009859383513774073,False,False,0.999999745140942,1.0000000501376518,0.999999996646994,0.9999999878989609,0.999999993293988,False,False,False,0.3116357323527336,7.842122772654189,0.09929442874548007,0.005485674514084597,0.009859383579891218,4,middle,1,False,False,1.0662541007599424,2.171560112063868,0.5713951409192346,1.364576526851204,0.32649240706611193,False,False,False,32768
Bcc1,localno_plain,0.2898415435105562,False,5.232145343679675,False,2.4136577885118773,4.291560957388707,1.4797625467149966,3.3237750420363037,2.1896971946604524,0.05395956502321526,False,0.007692596199689215,False,0.002911634657494595,False,0.12008394267410039,1.2191706923495007,0.03646501605477376,0.0023144154169279646,0.0013296973958749079,False,False,0.9999998951443497,1.0000000163542189,0.9999999959491325,0.9999999724167635,0.9999999918982649,False,False,False,0.1200839552655816,1.2191706724109168,0.03646501620248871,0.002314415480767034,0.001329697406647764,5,middle,1,False,False,2.4136575354262204,4.291561027573833,1.4797625407206745,3.3237749503558307,2.189697176920106,False,False,False,32768
Bcc1,localno_plain,0.12556268371641635,False,0.8684469098351424,False,2.6013075551423293,5.169185745875602,1.3842626016893504,2.805540195377638,1.9161829504357697,0.019727057829435055,False,0.002641512180212476,False,0.00038915681060587494,False,0.04826906509697437,0.16800458573733013,0.01425095050993952,0.0009415342487570088,0.00020308959043674544,False,False,0.9999999614112046,0.9999999476464029,1.0000000001662404,1.0000000123276291,1.0000000003324807,False,False,False,0.04826906695961952,0.16800459453297498,0.014250950507570437,0.0009415342371501238,0.0002030895903692221,6,middle,1,False,False,2.6013074547610042,5.169185475250134,1.3842626019194706,2.805540229963297,1.9161829510728634,False,False,False,32768
Bcc1,localno_plain,0.05201678680256009,False,0.2182356113442403,False,1.695366644750861,9.150625117490964,1.4239994588681297,2.3323542638694796,2.027774458856726,0.010737323285935477,False,0.0014511408605706367,False,0.00011529011134669222,False,0.030681733042001724,0.023849257131853627,0.00754025798188861,0.0006221785785505541,5.68554904334349e-05,False,False,1.0000003035431069,0.9999999326848611,1.0000000230558324,1.00000000433389,1.0000000461116656,False,False,False,0.030681723728775978,0.023849258737269792,0.00754025780804169,0.0006221785758541007,5.6855487811733665e-05,7,outer,1,False,False,1.6953671593677198,9.150624501515363,1.4239994916996226,2.332354273977646,2.0277745523607837,False,False,False,32768
Bcc1,localno_plain,0.08490892600268125,False,0.7438012393240522,False,4.214766974962775,91.8588509163307,3.288347842351828,6.6035143975095165,10.813231532299925,0.014092911091188239,False,0.0022381310506755722,False,0.00019861014302413648,False,0.020145580172538757,0.008097219069303848,0.004285711781971636,0.00033893029013757774,1.8367325478130496e-05,False,False,1.0,0.9999999845867522,0.9999999749447062,1.0000000071239636,0.9999999498894127,False,False,False,0.020145580172538757,0.008097219194108295,0.004285711889351407,0.0003389302877230507,1.836732639852801e-05,8,outer,1,False,False,4.214766974962775,91.85884950048745,3.2883477599613067,6.6035144445527125,10.813230990442541,False,False,False,32768
Bcc2,persistence,0.13481904193758965,False,3.444033518644556,False,1.0,0.9509407358105378,1.0505288502810126,1.1197125377345276,1.1036108652727459,0.042859209275949973,False,0.0043605975982806645,False,0.0018369118197596765,False,0.13481904193758965,3.6217120467649555,0.04079774607283303,0.0038943902576131714,0.001664456084623363,False,False,0.33156560022215453,0.3596679053232556,0.40125246333317927,0.3949483312860538,0.16100353933094438,False,False,False,0.4066134781390428,10.069600298391654,0.10167600152265406,0.009860505663948575,0.01033800928563475,1,inner,1,False,False,0.33156560022215453,0.34202286253553155,0.42152728897782893,0.44222859829832417,0.17768525535299814,False,False,False,32768
Bcc2,persistence,0.075022772916127,False,0.1703300091161281,False,1.001367243715511,0.49025936745703363,1.011942142115404,0.8504659578109535,1.0240268989891124,0.02675873638115763,False,0.0014020710515780964,False,0.0007160299727162891,False,0.07492033855407498,0.3474283622557316,0.02644295090351718,0.0016485916205122896,0.0006992296524858201,False,False,0.28091474024520574,0.06317793258247004,0.32246074962585847,0.2611911166155414,0.10398093504927058,False,False,False,0.2667013432213571,5.499204359088706,0.08200362659392854,0.00631182117475658,0.0067245947745564645,2,inner,1,False,False,0.2812988191584004,0.030973573265124874,0.32631162172453015,0.2221341531641489,0.10647927447249288,False,False,False,32768
Bcc2,persistence,0.07614955334254774,False,0.8886163332217055,False,0.9994076788618131,0.7038175643602209,1.3743598608652432,1.0891928259840595,1.8888650271575305,0.021778071138634007,False,0.002218236028673499,False,0.0004742843825194035,False,0.0761946850651293,1.2625662930556003,0.015845974375971215,0.0020365870723298017,0.00025109490392393634,False,False,0.9694785845181345,0.9457383678749681,0.9858532522587333,0.9827102745916938,0.9719066349891217,False,False,False,0.0785934689862188,1.335005891632091,0.01607336014733002,0.002072418621221787,0.000258352906425777,3,middle,1,False,False,0.9689043418595049,0.6656272745997707,1.3549171386078602,1.0703609811060981,1.8358004524933114,False,False,False,32768
Bcc2,persistence,0.007504119373297726,False,0.009473027905978995,False,1.0392473105855364,1.166443312845098,1.0771985185246529,1.1024657865781573,1.1603566483117072,0.0018303743405192305,False,0.00022760432227029214,False,3.350270226431208e-06,False,0.007220725323859369,0.008121292995261913,0.0016991987168958776,0.00020645023640754637,2.887276279500597e-06,False,False,0.999999868330505,0.9999998947865189,0.9999999618467238,0.9999999651117392,0.9999999236934489,False,False,False,0.007220726274608751,0.00812129384973151,0.0016991987817258781,0.00020645024361023632,2.8872764998187084e-06,4,middle,1,False,False,1.039247173748368,1.1664431901195365,1.0771984774260004,1.1024657481150435,1.1603565597688932,False,False,False,32768
Bcc2,persistence,0.0013640916466010821,False,0.00014293678401747548,False,1.0265033400132577,0.9222193490904533,1.0035729311770134,0.9644694802151067,1.0071586281912224,0.0003100347653178235,False,3.053324406166872e-05,False,9.612155570567787e-08,False,0.0013288720975651812,0.00015499217638238462,0.0003089309762014083,3.165807180840897e-05,9.54383480567551e-08,False,False,1.0000000722738085,1.000000052515359,1.0000000051781794,1.0000000262796291,1.0000000103563589,False,False,False,0.0013288720015225408,0.00015499216824291527,0.00030893097460170827,3.1658070976446604e-05,9.543834706836133e-08,5,middle,1,False,False,1.0265034142025633,0.9222193975211335,1.003572936373694,0.9644695055610071,1.0071586386217184,False,False,False,32768
Bcc2,persistence,0.0004404283936310094,False,1.4773301094108424e-05,False,1.0074307189265237,1.050301266132879,1.0057818397283758,1.0259999141065332,1.0115971091273965,0.0001076798205518494,False,9.118671697614213e-06,False,1.159494375407849e-08,False,0.0004371798331703758,1.4065774811928464e-05,0.00010706081209512562,8.887594991228614e-06,1.1462017486467796e-08,False,False,1.0000001331435355,0.9999999555670869,0.9999999970306502,1.0000000329464205,0.9999999940613005,False,False,False,0.0004371797749627149,1.4065775436911842e-05,0.00010706081241302662,8.88759469841418e-06,1.1462017554537274e-08,6,middle,1,False,False,1.0074308530594114,1.0503012194649342,1.0057818367418578,1.025999947909558,1.0115971031198252,False,False,False,32768
Bcc2,persistence,0.0002030903269769624,False,6.781269766776067e-07,False,1.003827036988673,1.0125152448306185,1.0042403947301861,1.0010471820083593,1.00849877040784,4.287639981846965e-05,False,4.036332872209e-06,False,1.8383856613932637e-09,False,0.00020231605594744906,6.697449545967569e-07,4.269535466155934e-05,4.032110518618187e-06,1.822893309676337e-09,False,False,0.9999996763302001,0.9999994279176614,1.0000000143024617,0.999999756560859,1.0000000286049235,False,False,False,0.00020231612143106759,6.69745337746236e-07,4.269535405091068e-05,4.032111500191947e-06,1.8228932575326149e-09,7,outer,1,False,False,1.003826712080177,1.0125146655885293,1.004240409093296,1.0010469383142933,1.00849879925587,False,False,False,32768
Bcc2,persistence,5.656230860040523e-05,False,2.809038228452023e-07,False,0.9974186179179549,0.989313123494826,0.9982889399832439,0.996080613903772,0.9965808076928688,1.2868283447193274e-05,False,1.0536439095332662e-06,False,1.6559271887730843e-10,False,5.670869541063439e-05,2.8393823570528166e-07,1.2890339591871334e-05,1.0577897961530403e-06,1.661608547937656e-10,False,False,1.0000001443421231,1.000001282911719,1.0000000471531643,0.9999995088509096,1.0000000943063307,False,False,False,5.6708687225182075e-05,2.839378714380589e-07,1.2890338984051062e-05,1.0577903156857917e-06,1.6616083912374655e-10,8,outer,1,False,False,0.997418761887476,0.9893143926962259,0.9982889870557263,0.9960801246796844,0.9965809016767482,False,False,False,32768
Bcc2,fno_plain,0.08691165782511234,False,3.836436046218406,False,0.6446541718145827,1.0592879822252157,0.8587994552015042,1.4282678674270821,0.7375365042544002,0.03503708210079831,False,0.005562232468169969,False,0.0012275971221380813,False,0.13481904193758965,3.6217120467649555,0.04079774607283303,0.0038943902576131714,0.001664456084623363,False,False,0.33156560022215453,0.3596679053232556,0.40125246333317927,0.3949483312860538,0.16100353933094438,False,False,False,0.4066134781390428,10.069600298391654,0.10167600152265406,0.009860505663948575,0.01033800928563475,1,inner,1,False,False,0.21374514741341805,0.38099188970104136,0.34459539690879587,0.5640920108698168,0.11874598757073057,False,False,False,32768
Bcc2,fno_plain,0.075205247849226,False,2.138648837950816,False,1.0038028297876067,6.155654144253833,1.1524393000450013,2.916166358365441,1.3281163402882126,0.030473895830373677,False,0.004807567422421105,False,0.0009286583270804662,False,0.07492033855407498,0.3474283622557316,0.02644295090351718,0.0016485916205122896,0.0006992296524858201,False,False,0.28091474024520574,0.06317793258247004,0.32246074962585847,0.2611911166155414,0.10398093504927058,False,False,False,0.2667013432213571,5.499204359088706,0.08200362659392854,0.00631182117475658,0.0067245947745564645,2,inner,1,False,False,0.281983011187188,0.38890150252667094,0.3716164405908108,0.7616767473781466,0.1380987789173836,False,False,False,32768
Bcc2,fno_plain,0.07620906905911397,False,1.8549743700092327,False,1.00018877949259,1.4692094824739188,1.3518980396304037,1.8664525729814294,1.8276283095565284,0.021422141694909094,False,0.003801193181250675,False,0.0004589081547967627,False,0.0761946850651293,1.2625662930556003,0.015845974375971215,0.0020365870723298017,0.00025109490392393634,False,False,0.9694785845181345,0.9457383678749681,0.9858532522587333,0.9827102745916938,0.9719066349891217,False,False,False,0.0785934689862188,1.335005891632091,0.01607336014733002,0.002072418621221787,0.000258352906425777,3,middle,1,False,False,0.9696616021933968,1.3894877780213106,1.3327730790918395,1.834182120506954,1.7762840803519424,False,False,False,32768
Bcc2,fno_plain,0.008629189589555608,False,0.017046329151593365,False,1.1950585574889914,2.0989673887567477,1.1347123875082998,1.2954725722287845,1.2875722023647858,0.0019281018328999608,False,0.00026745061879612477,False,3.717576678032188e-06,False,0.007220725323859369,0.008121292995261913,0.0016991987168958776,0.00020645023640754637,2.887276279500597e-06,False,False,0.999999868330505,0.9999998947865189,0.9999999618467238,0.9999999651117392,0.9999999236934489,False,False,False,0.007220726274608751,0.00812129384973151,0.0016991987817258781,0.00020645024361023632,2.8872764998187084e-06,4,middle,1,False,False,1.1950584001362348,2.098967167917082,1.1347123442153046,1.2954725270319996,1.2875721041145918,False,False,False,32768
Bcc2,fno_plain,0.0012826448219129816,False,0.0001156611180781883,False,0.965213149002903,0.746238428143871,0.8713074061697342,0.9589676196306378,0.7591765960462303,0.00026917384755953297,False,3.0359065764205752e-05,False,7.24545602100027e-08,False,0.0013288720975651812,0.00015499217638238462,0.0003089309762014083,3.165807180840897e-05,9.54383480567551e-08,False,False,1.0000000722738085,1.000000052515359,1.0000000051781794,1.0000000262796291,1.0000000103563589,False,False,False,0.0013288720015225408,0.00015499216824291527,0.00030893097460170827,3.1658070976446604e-05,9.543834706836133e-08,5,middle,1,False,False,0.9652132187625332,0.7462384673328499,0.8713074106815204,0.9589676448319513,0.7591766039085356,False,False,False,32768
Bcc2,fno_plain,0.000686298745276872,False,1.2174145142246675e-05,False,1.5698316646948596,0.8655154305415445,1.2816879139656425,1.5678512013957004,1.6427239088056007,0.0001372185489216692,False,1.3934426484516193e-05,False,1.8828930168168525e-08,False,0.0004371798331703758,1.4065774811928464e-05,0.00010706081209512562,8.887594991228614e-06,1.1462017486467796e-08,False,False,1.0000001331435355,0.9999999555670869,0.9999999970306502,1.0000000329464205,0.9999999940613005,False,False,False,0.0004371797749627149,1.4065775436911842e-05,0.00010706081241302662,8.88759469841418e-06,1.1462017554537274e-08,6,middle,1,False,False,1.5698318737077976,0.8655153920841725,1.281687910159863,1.5678512530507858,1.642723899049957,False,False,False,32768
Bcc2,fno_plain,0.0003368789184605703,False,3.734523518942307e-06,False,1.6651121280659678,5.576038301312484,1.620578232898911,2.0397723611564516,2.6262738089457565,6.919116241042212e-05,False,8.224587593005583e-06,False,4.78741695570541e-09,False,0.00020231605594744906,6.697449545967569e-07,4.269535466155934e-05,4.032110518618187e-06,1.822893309676337e-09,False,False,0.9999996763302001,0.9999994279176614,1.0000000143024617,0.999999756560859,1.0000000286049235,False,False,False,0.00020231612143106759,6.69745337746236e-07,4.269535405091068e-05,4.032111500191947e-06,1.8228932575326149e-09,7,outer,1,False,False,1.6651115891194586,5.576035111359452,1.6205782560771689,2.03977186459602,2.626273884070118,False,False,False,32768
Bcc2,fno_plain,0.00035497351607773433,False,9.938025214995965e-06,False,6.2595958786801384,35.000658471764616,4.882520721220788,9.98585749062804,23.839008593150368,6.293735016088451e-05,False,1.0562938159424746e-05,False,3.961110045273789e-09,False,5.670869541063439e-05,2.8393823570528166e-07,1.2890339591871334e-05,1.0577897961530403e-06,1.661608547937656e-10,False,False,1.0000001443421231,1.000001282911719,1.0000000471531643,0.9999995088509096,1.0000000943063307,False,False,False,5.6708687225182075e-05,2.839378714380589e-07,1.2890338984051062e-05,1.0577903156857917e-06,1.6616083912374655e-10,8,outer,1,False,False,6.259596782203498,35.000703374519546,4.88252095144709,9.985852586083217,23.839010841319798,False,False,False,32768
Bcc2,fno_full,0.07317959871143102,False,1.5260162316640826,False,0.5427986852577344,0.4213521704540745,0.3837267817637663,0.5317751969981109,0.14724624304277711,0.015655187803743552,False,0.0020709401464297683,False,0.0002450849051704809,False,0.13481904193758965,3.6217120467649555,0.04079774607283303,0.0038943902576131714,0.001664456084623363,False,False,0.33156560022215453,0.3596679053232556,0.40125246333317927,0.3949483312860538,0.16100353933094438,False,False,False,0.4066134781390428,10.069600298391654,0.10167600152265406,0.009860505663948575,0.01033800928563475,1,inner,1,False,False,0.17997337187727708,0.1515468525506243,0.1539713164296245,0.21002372667371644,0.023707166283071564,False,False,False,32768
Bcc2,fno_full,0.00630582996236626,False,0.003505677424436951,False,0.08416713116979475,0.010090360503891524,0.04277892982598834,0.1366521637704368,0.001830036837056835,0.0011312011410936165,False,0.0002252836121168152,False,1.2796160216115002e-06,False,0.07492033855407498,0.3474283622557316,0.02644295090351718,0.0016485916205122896,0.0006992296524858201,False,False,0.28091474024520574,0.06317793258247004,0.32246074962585847,0.2611911166155414,0.10398093504927058,False,False,False,0.2667013432213571,5.499204359088706,0.08200362659392854,0.00631182117475658,0.0067245947745564645,2,inner,1,False,False,0.023643787789747052,0.0006374881156476771,0.013794525779880195,0.035692331243130225,0.00019028894149177933,False,False,False,32768
Bcc2,fno_full,0.004807049594237469,False,0.0014200069371581193,False,0.06308904079239286,0.0011246989128162839,0.07274759509772691,0.0835339867222415,0.00529221259250282,0.0011527565278321098,False,0.00017012423745868633,False,1.3288476124595419e-06,False,0.0761946850651293,1.2625662930556003,0.015845974375971215,0.0020365870723298017,0.00025109490392393634,False,False,0.9694785845181345,0.9457383678749681,0.9858532522587333,0.9827102745916938,0.9719066349891217,False,False,False,0.0785934689862188,1.335005891632091,0.01607336014733002,0.002072418621221787,0.000258352906425777,3,middle,1,False,False,0.06116347396601587,0.0010636709141576234,0.07171845322109556,0.08208970702955283,0.0051435365324264725,False,False,False,32768
Bcc2,fno_full,0.004067738336743787,False,0.0016240094149614713,False,0.5633420680472085,0.1999693171898789,0.5355613571084956,0.5815786729207366,0.2868259672278936,0.0009100251708177707,False,0.00012006705451407316,False,8.281458115219127e-07,False,0.007220725323859369,0.008121292995261913,0.0016991987168958776,0.00020645023640754637,2.887276279500597e-06,False,False,0.999999868330505,0.9999998947865189,0.9999999618467238,0.9999999651117392,0.9999999236934489,False,False,False,0.007220726274608751,0.00812129384973151,0.0016991987817258781,0.00020645024361023632,2.8872764998187084e-06,4,middle,1,False,False,0.563341993872243,0.19996929615041092,0.5355613366750752,0.5815786526304682,0.28682594534119327,False,False,False,32768
Bcc2,fno_full,0.0015963380137691274,False,5.36980287197735e-05,False,1.2012728814864946,0.34645638233567294,1.0309687376525818,0.9403084367285378,1.062896538016958,0.0003184981785561457,False,2.9768352012004835e-05,False,1.0144108974358246e-07,False,0.0013288720975651812,0.00015499217638238462,0.0003089309762014083,3.165807180840897e-05,9.54383480567551e-08,False,False,1.0000000722738085,1.000000052515359,1.0000000051781794,1.0000000262796291,1.0000000103563589,False,False,False,0.0013288720015225408,0.00015499216824291527,0.00030893097460170827,3.1658070976446604e-05,9.543834706836133e-08,5,middle,1,False,False,1.2012729683070607,0.3464564005299542,1.030968742991123,0.940308461439495,1.062896549024696,False,False,False,32768
Bcc2,fno_full,0.0007531630180892535,False,2.4842820971425102e-05,False,1.7227762146012213,1.7661893001697409,1.6511738274044898,1.8433538292406362,2.7263750083055918,0.00017677601087214147,False,1.6382982259821163e-05,False,3.1249758019867476e-08,False,0.0004371798331703758,1.4065774811928464e-05,0.00010706081209512562,8.887594991228614e-06,1.1462017486467796e-08,False,False,1.0000001331435355,0.9999999555670869,0.9999999970306502,1.0000000329464205,0.9999999940613005,False,False,False,0.0004371797749627149,1.4065775436911842e-05,0.00010706081241302662,8.88759469841418e-06,1.1462017554537274e-08,6,middle,1,False,False,1.7227764439777375,1.766189221692805,1.6511738225015773,1.8433538899725466,2.72637499211447,False,False,False,32768
Bcc2,fno_full,0.0003582447950611822,False,8.212676526041206e-06,False,1.7707185590561094,12.262394019804049,1.8087060425215693,2.5266912036500497,3.2714175482540373,7.722334596396383e-05,False,1.0187898179537413e-05,False,5.96344516187005e-09,False,0.00020231605594744906,6.697449545967569e-07,4.269535466155934e-05,4.032110518618187e-06,1.822893309676337e-09,False,False,0.9999996763302001,0.9999994279176614,1.0000000143024617,0.999999756560859,1.0000000286049235,False,False,False,0.00020231612143106759,6.69745337746236e-07,4.269535405091068e-05,4.032111500191947e-06,1.8228932575326149e-09,7,outer,1,False,False,1.7707179859279878,12.262387004705001,1.808706068390518,2.5266905885545135,3.2714176418326857,False,False,False,32768
Bcc2,fno_full,0.0004422709545178804,False,5.658689472244882e-06,False,7.798997161111607,19.92929715221028,6.431143340499857,10.403004497952997,41.35960466605566,8.289962162304497e-05,False,1.1004192007268863e-05,False,6.872347265244025e-09,False,5.670869541063439e-05,2.8393823570528166e-07,1.2890339591871334e-05,1.0577897961530403e-06,1.661608547937656e-10,False,False,1.0000001443421231,1.000001282911719,1.0000000471531643,0.9999995088509096,1.0000000943063307,False,False,False,5.6708687225182075e-05,2.839378714380589e-07,1.2890338984051062e-05,1.0577903156857917e-06,1.6616083912374655e-10,8,outer,1,False,False,7.798998286835415,19.92932271973915,6.431143643748616,10.402999388526801,41.359608566528216,False,False,False,32768
Bcc2,localno_plain,0.13481904193758965,False,6.193123549174351,False,1.0,1.7099988815251819,0.6972225634603585,1.5813249574530555,0.4861193029982336,0.028445109100305416,False,0.006158296508425742,False,0.0008091242317282781,False,0.13481904193758965,3.6217120467649555,0.04079774607283303,0.0038943902576131714,0.001664456084623363,False,False,0.33156560022215453,0.3596679053232556,0.40125246333317927,0.3949483312860538,0.16100353933094438,False,False,False,0.4066134781390428,10.069600298391654,0.10167600152265406,0.009860505663948575,0.01033800928563475,1,inner,1,False,False,0.33156560022215453,0.6150317158232721,0.2797622710799427,0.6245416531670742,0.07826692831980737,False,False,False,32768
Bcc2,localno_plain,0.07563777132658288,False,4.516715118933383,False,1.0095759414112908,13.000421409489777,1.2246291166843,4.086969650086349,1.4997164734309687,0.032382807607500556,False,0.0067377439184204,False,0.001048646228544396,False,0.07492033855407498,0.3474283622557316,0.02644295090351718,0.0016485916205122896,0.0006992296524858201,False,False,0.28091474024520574,0.06317793258247004,0.32246074962585847,0.2611911166155414,0.10398093504927058,False,False,False,0.2667013432213571,5.499204359088706,0.08200362659392854,0.00631182117475658,0.0067245947745564645,2,inner,1,False,False,0.2836047633393618,0.8213397473524451,0.39489482297967227,1.067480166479882,0.1559419212161467,False,False,False,32768
Bcc2,localno_plain,0.07610481664218241,False,5.8823492756387585,False,0.9988205421038217,4.659041911694465,2.045855092931485,3.7829993550504692,4.185523061273696,0.032418567379542525,False,0.007704407581127763,False,0.0010509635109419387,False,0.0761946850651293,1.2625662930556003,0.015845974375971215,0.0020365870723298017,0.00025109490392393634,False,False,0.9694785845181345,0.9457383678749681,0.9858532522587333,0.9827102745916938,0.9719066349891217,False,False,False,0.0785934689862188,1.335005891632091,0.01607336014733002,0.002072418621221787,0.000258352906425777,3,middle,1,False,False,0.9683351253464487,4.4062346934269945,2.016912897016598,3.717592334981847,4.067937634151885,False,False,False,32768
Bcc2,localno_plain,0.010429109803626489,False,0.22371888761174305,False,1.4443299441353472,27.547200641851497,2.2679900707669938,2.307284042590479,5.143778961097673,0.003853765818179866,False,0.00047633933605216363,False,1.4851510981371535e-05,False,0.007220725323859369,0.008121292995261913,0.0016991987168958776,0.00020645023640754637,2.887276279500597e-06,False,False,0.999999868330505,0.9999998947865189,0.9999999618467238,0.9999999651117392,0.9999999236934489,False,False,False,0.007220726274608751,0.00812129384973151,0.0016991987817258781,0.00020645024361023632,2.8872764998187084e-06,4,middle,1,False,False,1.4443297539611528,27.547197743514623,2.267989984235742,2.307283962093351,5.143778568593642,False,False,False,32768
Bcc2,localno_plain,0.0013984235080715733,False,0.0001303838778583489,False,1.0523386792708096,0.8412287697456158,0.9197940373183422,1.2801718056482458,0.8460210710863758,0.00028415286985299,False,4.052777095031274e-05,False,8.074285344569028e-08,False,0.0013288720975651812,0.00015499217638238462,0.0003089309762014083,3.165807180840897e-05,9.54383480567551e-08,False,False,1.0000000722738085,1.000000052515359,1.0000000051781794,1.0000000262796291,1.0000000103563589,False,False,False,0.0013288720015225408,0.00015499216824291527,0.00030893097460170827,3.1658070976446604e-05,9.543834706836133e-08,5,middle,1,False,False,1.0523387553273338,0.8412288139230466,0.9197940420812007,1.2801718392906862,0.8460210798480736,False,False,False,32768
Bcc2,localno_plain,0.0007456534772063603,False,5.452566614448643e-05,False,1.7055989792552202,3.8764779668053553,1.6050574049938975,2.8386141137612455,2.5762092733257442,0.0001718387492379416,False,2.5228452579495297e-05,False,2.9528555739660172e-08,False,0.0004371798331703758,1.4065774811928464e-05,0.00010706081209512562,8.887594991228614e-06,1.1462017486467796e-08,False,False,1.0000001331435355,0.9999999555670869,0.9999999970306502,1.0000000329464205,0.9999999940613005,False,False,False,0.0004371797749627149,1.4065775436911842e-05,0.00010706081241302662,8.88759469841418e-06,1.1462017554537274e-08,6,middle,1,False,False,1.7055992063446985,3.8764777945621467,1.6050574002279208,2.83861420728342,2.5762092580264113,False,False,False,32768
Bcc2,localno_plain,0.0006540855447383365,False,4.13195971267004e-05,False,3.2329888088972685,61.694525420618206,3.4295093536901744,6.968123655150885,11.7615344070484,0.00014642411817093715,False,2.809624468496609e-05,False,2.144002238213657e-08,False,0.00020231605594744906,6.697449545967569e-07,4.269535466155934e-05,4.032110518618187e-06,1.822893309676337e-09,False,False,0.9999996763302001,0.9999994279176614,1.0000000143024617,0.999999756560859,1.0000000286049235,False,False,False,0.00020231612143106759,6.69745337746236e-07,4.269535405091068e-05,4.032111500191947e-06,1.8228932575326149e-09,7,outer,1,False,False,3.232987762476428,61.69449012626982,3.4295094027406003,6.968121958836848,11.761534743486191,False,False,False,32768
Bcc2,localno_plain,0.0011159819859312848,False,0.0001048068035226299,False,19.67920400655185,369.1183163912304,14.421517874241852,38.999650792415856,207.98017779707723,0.00018589826282921986,False,4.125343266174932e-05,False,3.45581641229217e-08,False,5.670869541063439e-05,2.8393823570528166e-07,1.2890339591871334e-05,1.0577897961530403e-06,1.661608547937656e-10,False,False,1.0000001443421231,1.000001282911719,1.0000000471531643,0.9999995088509096,1.0000000943063307,False,False,False,5.6708687225182075e-05,2.839378714380589e-07,1.2890338984051062e-05,1.0577903156857917e-06,1.6616083912374655e-10,8,outer,1,False,False,19.679206847089937,369.1187899374442,14.421518554262054,38.999631637772836,207.98019741092466,False,False,False,32768
Bcc3,persistence,0.010797557421028614,False,0.0503971823393108,False,1.0,0.8945890661310301,1.0012583100546886,0.7933705877664966,1.002518203453571,0.005387735732788486,False,0.00023090431385136762,False,2.902769632636589e-05,False,0.010797557421028614,0.05633556707469209,0.005380964810663303,0.0002910421906380615,2.8954782293596758e-05,False,False,0.0020249628730702614,3.0632144701949364e-05,0.005403614559665162,0.0033187888068927146,2.9199050309425313e-05,False,False,False,5.332224884033202,1839.0996654931255,0.9958084077330523,0.08769530318820011,0.9916343849118371,1,inner,1,False,False,0.0020249628730702614,2.740318172250746e-05,0.00541041398219725,0.002633029426397343,2.92725794587555e-05,False,False,False,32768
Bcc3,persistence,0.010797557421028614,False,0.04968162389506616,False,1.0,1.0904438700378198,0.9952112432226189,1.1608489453947999,0.9904454186367107,0.005326758913306488,False,0.0003370717905763843,False,2.8374360520490112e-05,False,0.010797557421028614,0.04556091813633934,0.005352390208191151,0.00029036662514410745,2.8648080940740517e-05,False,False,0.011752267915398594,0.0007168642326483073,0.027432967600277403,0.019791476511430164,0.00075256771135787,False,False,False,0.9187637227773666,63.55585348152175,0.1951079550043659,0.014671296756278498,0.038067114105985664,2,inner,1,False,False,0.011752267915398594,0.0007817002081407122,0.0273015977907579,0.022974914636099658,0.0007453772419283167,False,False,False,32768
Bcc3,persistence,0.010797557421028614,False,0.03339779571917259,False,1.0,0.8262433086328671,0.9931519987686931,0.9823101307525023,0.98635089265825,0.004916999978068124,False,0.000461714121661713,False,2.417688878432193e-05,False,0.010797557421028614,0.040421260142407475,0.004950903773203101,0.00047002887093103193,2.4511448171516703e-05,False,False,0.034869907654103596,0.006114311526178428,0.08810010633006081,0.10178005841857332,0.00776162873536802,False,False,False,0.3096525958180427,6.61092585311426,0.05619634276779293,0.004618084114257679,0.003158028940475273,3,middle,1,False,False,0.034869907654103596,0.005051908985401739,0.08749679669343428,0.09997958249314608,0.007655689431612172,False,False,False,32768
Bcc3,persistence,0.010797557421028614,False,0.013557726929751617,False,1.0,1.0813717987162492,0.943397668136973,1.0680060010422436,0.8899991602462785,0.003858169881007193,False,0.00027744657067974195,False,1.4885474830711057e-05,False,0.010797557421028614,0.012537525896131815,0.004089653823955626,0.0002597799735291636,1.6725268399794875e-05,False,False,0.1233155352386473,0.030702838304035546,0.27308170605219845,0.23123465971719334,0.07457361818037933,False,False,False,0.0875603986158967,0.4083507124643879,0.014975934796503379,0.0011234473839124377,0.00022427862302912068,4,middle,1,False,False,0.1233155352386473,0.033201183482529074,0.2576246447005104,0.24696000422692366,0.06637045755706421,False,False,False,32768
Bcc3,persistence,0.010797557421028614,False,0.011189709145907369,False,1.0,0.9667156748570479,0.9447272101209587,0.9276549014354246,0.8925095015429299,0.0025828183902915462,False,0.00017504176034496434,False,6.670950837228213e-06,False,0.010797557421028614,0.011574974355890149,0.0027339303479581726,0.0001886927564055449,7.4743751474866955e-06,False,False,0.38459183666990643,0.187411588749566,0.6223092938978394,0.5694449218539904,0.3872688572716275,False,False,False,0.028075368199497464,0.061762319145362635,0.004393201860820971,0.0003313626114905052,1.930022258992084e-05,5,middle,1,False,False,0.38459183666990643,0.1811737204940682,0.5879125230564496,0.5282483728553665,0.3456411347666003,False,False,False,32768
Bcc3,persistence,0.008225936957169324,False,0.005525215172021204,False,0.9407889961613102,0.9326848713948765,0.9456171907994587,0.9487775472542237,0.8941918715354596,0.001149646941381253,False,8.589468492160115e-05,False,1.3216880898272698e-06,False,0.008743657707236707,0.0059239892717011374,0.00121576358019602,9.053195363884995e-05,1.4780810829310447e-06,False,False,0.9999998769762636,0.8967704394173747,0.9863711255969028,0.9748255634150528,0.9729279974113012,False,False,False,0.00874365878291428,0.006605914971450119,0.001232562013066127,9.286990107408996e-05,1.5192091160536231e-06,6,middle,1,False,False,0.9407888804219328,0.836404221958721,0.9327294928726433,0.9248926070576504,0.8699843068744583,False,False,False,32768
Bcc3,persistence,0.0021685082325711845,False,0.0005593956006779477,False,0.9243853319244517,0.8555047359446059,0.9463154633514231,0.9499315119006709,0.8955129561780185,0.0003230164400193819,False,2.817241801786488e-05,False,1.0433962052279495e-07,False,0.0023458920838311317,0.0006538778538265961,0.0003413411832830071,2.9657314937890715e-05,1.1651380340504346e-07,False,False,0.999999849635721,1.000000093656628,0.9999999913406069,0.9999999859312574,0.999999982681214,False,False,False,0.0023458924365695566,0.0006538777925866069,0.0003413411862388146,2.965731535513185e-05,1.1651380542292112e-07,7,outer,1,False,False,0.9243851929299178,0.8555048160682946,0.9463154551569055,0.9499314985363291,0.8955129406688213,False,False,False,32768
Bcc3,persistence,0.0004546673709410243,False,4.323275789966667e-05,False,0.9300653764244614,0.8114752554743827,0.9341009146429039,0.9440141901130304,0.8725445187367097,7.047504247486989e-05,False,7.484579649705961e-06,False,4.966731611834715e-09,False,0.000488855281000724,5.32767420916527e-05,7.544692588360401e-05,7.928460957572898e-06,5.692238625286037e-09,False,False,0.999999487109211,1.0000001268389482,0.9999998879042279,1.0000008632592932,0.9999997758084684,False,False,False,0.0004888555317302234,5.327673533408762e-05,7.544693434088637e-05,7.928454113261203e-06,5.692239901438018e-09,8,outer,1,False,False,0.9300648994024967,0.8114753584010507,0.9341008099341407,0.944015005042053,0.8725443231196177,False,False,False,32768
Bcc3,fno_plain,0.010797557421028614,False,0.02251812235121917,False,1.0,0.3997141330158918,0.8876941966982537,0.9322704214617836,0.788000986851758,0.0047766512350633315,False,0.0002713300257293064,False,2.2816397021432054e-05,False,0.010797557421028614,0.05633556707469209,0.005380964810663303,0.0002910421906380615,2.8954782293596758e-05,False,False,0.0020249628730702614,3.0632144701949364e-05,0.005403614559665162,0.0033187888068927146,2.9199050309425313e-05,False,False,False,5.332224884033202,1839.0996654931255,0.9958084077330523,0.08769530318820011,0.9916343849118371,1,inner,1,False,False,0.0020249628730702614,1.2244101161957034e-05,0.004796757285808953,0.0030940086397445213,2.3008880458961277e-05,False,False,False,32768
Bcc3,fno_plain,0.010797557421028614,False,0.0249117043393592,False,1.0,0.5467779263098224,0.7942037112847888,1.299694949093458,0.6307595350185322,0.004250888167589776,False,0.00037738803608510993,False,1.8070050213354763e-05,False,0.010797557421028614,0.04556091813633934,0.005352390208191151,0.00029036662514410745,2.8648080940740517e-05,False,False,0.011752267915398594,0.0007168642326483073,0.027432967600277403,0.019791476511430164,0.00075256771135787,False,False,False,0.9187637227773666,63.55585348152175,0.1951079550043659,0.014671296756278498,0.038067114105985664,2,inner,1,False,False,0.011752267915398594,0.0003919655385731235,0.02178736467969568,0.025722882057007596,0.00047468925968605096,False,False,False,32768
Bcc3,fno_plain,0.010797557421028614,False,0.027097755707438356,False,1.0,0.6703837439003806,0.7906012787275262,0.873310812486812,0.6250503819255996,0.003914190853951306,False,0.0004104812951650384,False,1.5320890041156054e-05,False,0.010797557421028614,0.040421260142407475,0.004950903773203101,0.00047002887093103193,2.4511448171516703e-05,False,False,0.034869907654103596,0.006114311526178428,0.08810010633006081,0.10178005841857332,0.00776162873536802,False,False,False,0.3096525958180427,6.61092585311426,0.05619634276779293,0.004618084114257679,0.003158028940475273,3,middle,1,False,False,0.034869907654103596,0.0040989350522927445,0.0696520567205771,0.08888562551247946,0.00485140900540649,False,False,False,32768
Bcc3,fno_plain,0.010797557421028614,False,0.014162303932541906,False,1.0,1.129593194851257,0.9450578650064843,0.9889580140037824,0.8931343682106143,0.0038649595114831083,False,0.0002569114866993568,False,1.4937912025403749e-05,False,0.010797557421028614,0.012537525896131815,0.004089653823955626,0.0002597799735291636,1.6725268399794875e-05,False,False,0.1233155352386473,0.030702838304035546,0.27308170605219845,0.23123465971719334,0.07457361818037933,False,False,False,0.0875603986158967,0.4083507124643879,0.014975934796503379,0.0011234473839124377,0.00022427862302912068,4,middle,1,False,False,0.1233155352386473,0.03468171721085706,0.258078014094019,0.22868136984275594,0.06660426135871267,False,False,False,32768
Bcc3,fno_plain,0.010797557421028614,False,0.012228243171361347,False,1.0,1.0564380356608538,0.9787470434320943,1.0764323087040468,0.9579457750270657,0.0026758262450133382,False,0.00020311497941335102,False,7.160046093502181e-06,False,0.010797557421028614,0.011574974355890149,0.0027339303479581726,0.0001886927564055449,7.4743751474866955e-06,False,False,0.38459183666990643,0.187411588749566,0.6223092938978394,0.5694449218539904,0.3872688572716275,False,False,False,0.028075368199497464,0.061762319145362635,0.004393201860820971,0.0003313626114905052,1.930022258992084e-05,5,middle,1,False,False,0.38459183666990643,0.1979887306786713,0.6090833815028246,0.6129689119110864,0.37098256562291526,False,False,False,32768
Bcc3,fno_plain,0.00778375991620121,False,0.0032221786827495357,False,0.8902178215140976,0.5439204115614903,0.8823192728490854,0.8773102948394295,0.7784872992409387,0.0010726916380349532,False,7.942461493928901e-05,False,1.150667350310111e-06,False,0.008743657707236707,0.0059239892717011374,0.00121576358019602,9.053195363884995e-05,1.4780810829310447e-06,False,False,0.9999998769762636,0.8967704394173747,0.9863711255969028,0.9748255634150528,0.9729279974113012,False,False,False,0.00874365878291428,0.006605914971450119,0.001232562013066127,9.286990107408996e-05,1.5192091160536231e-06,6,middle,1,False,False,0.8902177119961749,0.4877717464840769,0.8702942542959932,0.8552245024566729,0.757412089060619,False,False,False,32768
Bcc3,fno_plain,0.002137517847586423,False,0.0004699262204606947,False,0.9111748414682368,0.7186758470417869,0.878108521075698,0.9086617464427169,0.7710745747857495,0.00029973460163487014,False,2.6948467586265453e-05,False,8.98408314172143e-08,False,0.0023458920838311317,0.0006538778538265961,0.0003413411832830071,2.9657314937890715e-05,1.1651380340504346e-07,False,False,0.999999849635721,1.000000093656628,0.9999999913406069,0.9999999859312574,0.999999982681214,False,False,False,0.0023458924365695566,0.0006538777925866069,0.0003413411862388146,2.965731535513185e-05,1.1651380542292112e-07,7,outer,1,False,False,0.9111747044600887,0.7186759143505435,0.8781085134718111,0.9086617336589887,0.771074561431674,False,False,False,32768
Bcc3,fno_plain,0.0006152967794332653,False,7.262212119687397e-05,False,1.2586481180559324,1.3631111503015922,1.4780222335358273,1.9636887267732135,2.184549722826236,0.00011151223390789641,False,1.5569029403047457e-05,False,1.2434978311129404e-08,False,0.000488855281000724,5.32767420916527e-05,7.544692588360401e-05,7.928460957572898e-06,5.692238625286037e-09,False,False,0.999999487109211,1.0000001268389482,0.9999998879042279,1.0000008632592932,0.9999997758084684,False,False,False,0.0004888555317302234,5.327673533408762e-05,7.544693434088637e-05,7.928454113261203e-06,5.692239901438018e-09,8,outer,1,False,False,1.2586474725069061,1.363111323197177,1.4780220678557838,1.963690421945756,2.1845492330686875,False,False,False,32768
Bcc3,fno_full,0.010797557421028614,False,0.023290424406946317,False,1.0,0.4134230933730885,0.8909750930052905,0.9099300294551758,0.7938366163557861,0.004794305622638932,False,0.0002648280290999902,False,2.2985366403267276e-05,False,0.010797557421028614,0.05633556707469209,0.005380964810663303,0.0002910421906380615,2.8954782293596758e-05,False,False,0.0020249628730702614,3.0632144701949364e-05,0.005403614559665162,0.0033187888068927146,2.9199050309425313e-05,False,False,False,5.332224884033202,1839.0996654931255,0.9958084077330523,0.08769530318820011,0.9916343849118371,1,inner,1,False,False,0.0020249628730702614,1.266403601933197e-05,0.004814485984862409,0.0030198655968113955,2.317927529843656e-05,False,False,False,32768
Bcc3,fno_full,0.010797557421028614,False,0.029945543502295283,False,1.0,0.6572638288957295,0.8124984105504379,1.4112855594159024,0.6601536671469878,0.004348808536801038,False,0.0004097902250022093,False,1.891213568975358e-05,False,0.010797557421028614,0.04556091813633934,0.005352390208191151,0.00029036662514410745,2.8648080940740517e-05,False,False,0.011752267915398594,0.0007168642326483073,0.027432967600277403,0.019791476511430164,0.00075256771135787,False,False,False,0.9187637227773666,63.55585348152175,0.1951079550043659,0.014671296756278498,0.038067114105985664,2,inner,1,False,False,0.011752267915398594,0.00047116893034882554,0.02228924257190705,0.02793142500010041,0.0004968103344293137,False,False,False,32768
Bcc3,fno_full,0.010797557421028614,False,0.020199061047837145,False,1.0,0.4997137886516691,0.742481173575847,0.6883404372169235,0.5512782931145669,0.0036759528437889273,False,0.0003235398785212434,False,1.35126293097599e-05,False,0.010797557421028614,0.040421260142407475,0.004950903773203101,0.00047002887093103193,2.4511448171516703e-05,False,False,0.034869907654103596,0.006114311526178428,0.08810010633006081,0.10178005841857332,0.00776162873536802,False,False,False,0.3096525958180427,6.61092585311426,0.05619634276779293,0.004618084114257679,0.003158028940475273,3,middle,1,False,False,0.034869907654103596,0.003055405777743191,0.06541267034010045,0.07005932991180476,0.0042788174410226575,False,False,False,32768
Bcc3,fno_full,0.010797557421028614,False,0.013074318957120537,False,1.0,1.0428149114455139,0.8502138372810552,0.9044065717060004,0.7228635691041766,0.003477080270816454,False,0.0002349467152573864,False,1.2090087209701023e-05,False,0.010797557421028614,0.012537525896131815,0.004089653823955626,0.0002597799735291636,1.6725268399794875e-05,False,False,0.1233155352386473,0.030702838304035546,0.27308170605219845,0.23123465971719334,0.07457361818037933,False,False,False,0.0875603986158967,0.4083507124643879,0.014975934796503379,0.0011234473839124377,0.00022427862302912068,4,middle,1,False,False,0.1233155352386473,0.03201737760714876,0.2321778451938968,0.20913014585443043,0.053906551798881104,False,False,False,32768
Bcc3,fno_full,0.010797557421028614,False,0.00904717506795941,False,1.0,0.7816151284478294,0.9200343825770504,0.9245052672209699,0.8464632651239343,0.0025153099196923577,False,0.00017444744718336967,False,6.326783992102776e-06,False,0.010797557421028614,0.011574974355890149,0.0027339303479581726,0.0001886927564055449,7.4743751474866955e-06,False,False,0.38459183666990643,0.187411588749566,0.6223092938978394,0.5694449218539904,0.3872688572716275,False,False,False,0.028075368199497464,0.061762319145362635,0.004393201860820971,0.0003313626114905052,1.930022258992084e-05,5,middle,1,False,False,0.38459183666990643,0.1464837330131038,0.5725459469832588,0.5264548296462477,0.3278088614069567,False,False,False,32768
Bcc3,fno_full,0.0080211840569973,False,0.004819978595935698,False,0.9173716910668346,0.813637293193745,1.0145296211881416,0.9201500594575575,1.0292703522681537,0.001233428164470607,False,8.330298252359662e-05,False,1.5213450369093306e-06,False,0.008743657707236707,0.0059239892717011374,0.00121576358019602,9.053195363884995e-05,1.4780810829310447e-06,False,False,0.9999998769762636,0.8967704394173747,0.9863711255969028,0.9748255634150528,0.9729279974113012,False,False,False,0.00874365878291428,0.006605914971450119,0.001232562013066127,9.286990107408996e-05,1.5192091160536231e-06,6,middle,1,False,False,0.9173715782083416,0.729645872943718,1.0007027244027467,0.8969858001371077,1.0014059426270794,False,False,False,32768
Bcc3,fno_full,0.002686829539015889,False,0.0008587730961260883,False,1.145333818863468,1.3133540019751595,1.047824166500288,1.0960535002803298,1.0979354839020232,0.000357665540865739,False,3.250600384659123e-05,False,1.279246391227816e-07,False,0.0023458920838311317,0.0006538778538265961,0.0003413411832830071,2.9657314937890715e-05,1.1651380340504346e-07,False,False,0.999999849635721,1.000000093656628,0.9999999913406069,0.9999999859312574,0.999999982681214,False,False,False,0.0023458924365695566,0.0006538777925866069,0.0003413411862388146,2.965731535513185e-05,1.1651380542292112e-07,7,outer,1,False,False,1.1453336466461743,1.3133541249794667,1.0478241574267666,1.0960534848602352,1.0979354648871136,False,False,False,32768
Bcc3,fno_full,0.0007534876657882705,False,6.733718362087077e-05,False,1.5413307272569987,1.2639133133371727,1.712547643658686,1.6947726523609092,2.9328194318009166,0.00012920645514325756,False,1.3436938806205735e-05,False,1.6694308050686626e-08,False,0.000488855281000724,5.32767420916527e-05,7.544692588360401e-05,7.928460957572898e-06,5.692238625286037e-09,False,False,0.999999487109211,1.0000001268389482,0.9999998879042279,1.0000008632592932,0.9999997758084684,False,False,False,0.0004888555317302234,5.327673533408762e-05,7.544693434088637e-05,7.928454113261203e-06,5.692239901438018e-09,8,outer,1,False,False,1.541329936722666,1.263913473650608,1.7125474516893355,1.6947741153891513,2.932818774287637,False,False,False,32768
Bcc3,localno_plain,0.010797557421028614,False,0.03404100371049631,False,1.0,0.6042542123586561,0.7109571691914217,2.202971904107574,0.5054600964246797,0.0038256355093078363,False,0.00064115776888557,False,1.4635487050077027e-05,False,0.010797557421028614,0.05633556707469209,0.005380964810663303,0.0002910421906380615,2.8954782293596758e-05,False,False,0.0020249628730702614,3.0632144701949364e-05,0.005403614559665162,0.0033187888068927146,2.9199050309425313e-05,False,False,False,5.332224884033202,1839.0996654931255,0.9958084077330523,0.08769530318820011,0.9916343849118371,1,inner,1,False,False,0.0020249628730702614,1.8509602469732792e-05,0.003841738510741094,0.007311198497251347,1.4758954784911195e-05,False,False,False,32768
Bcc3,localno_plain,0.010797557421028614,False,0.03098121263296245,False,1.0,0.6799953534793204,0.7413204038602672,2.147664717191581,0.5495559411795498,0.003967836070754004,False,0.0006236101558719933,False,1.5743723084376576e-05,False,0.010797557421028614,0.04556091813633934,0.005352390208191151,0.00029036662514410745,2.8648080940740517e-05,False,False,0.011752267915398594,0.0007168642326483073,0.027432967600277403,0.019791476511430164,0.00075256771135787,False,False,False,0.9187637227773666,63.55585348152175,0.1951079550043659,0.014671296756278498,0.038067114105985664,2,inner,1,False,False,0.011752267915398594,0.0004874643472763675,0.020336618620523272,0.04250545580472448,0.00041357805691661395,False,False,False,32768
Bcc3,localno_plain,0.010797557421028614,False,0.024935753607467644,False,1.0,0.6168969873679568,0.7058202911561908,0.9363130210858119,0.49818228340780996,0.0034944483426884963,False,0.0004400941521389877,False,1.2211169219718379e-05,False,0.010797557421028614,0.040421260142407475,0.004950903773203101,0.00047002887093103193,2.4511448171516703e-05,False,False,0.034869907654103596,0.006114311526178428,0.08810010633006081,0.10178005841857332,0.00776162873536802,False,False,False,0.3096525958180427,6.61092585311426,0.05619634276779293,0.004618084114257679,0.003158028940475273,3,middle,1,False,False,0.034869907654103596,0.0037719003603286466,0.06218284270077489,0.09529799398418481,0.0038667059263493126,False,False,False,32768
Bcc3,localno_plain,0.010797557421028614,False,0.014541508008488647,False,1.0,1.1598387216871167,0.8158627459336166,1.1318681262801644,0.6656320202023411,0.0033365961987303528,False,0.00029403667188356513,False,1.113287419338184e-05,False,0.010797557421028614,0.012537525896131815,0.004089653823955626,0.0002597799735291636,1.6725268399794875e-05,False,False,0.1233155352386473,0.030702838304035546,0.27308170605219845,0.23123465971719334,0.07457361818037933,False,False,False,0.0875603986158967,0.4083507124643879,0.014975934796503379,0.0011234473839124377,0.00022427862302912068,4,middle,1,False,False,0.1233155352386473,0.03561034073071883,0.22279719056398337,0.26172714102513106,0.049638588123203924,False,False,False,32768
Bcc3,localno_plain,0.010797557421028614,False,0.01412558977401401,False,1.0,1.220356031875434,0.8597296206737703,1.2119805170603943,0.739135020663865,0.0023504409009985888,False,0.00022869194447394336,False,5.524572429087058e-06,False,0.010797557421028614,0.011574974355890149,0.0027339303479581726,0.0001886927564055449,7.4743751474866955e-06,False,False,0.38459183666990643,0.187411588749566,0.6223092938978394,0.5694449218539904,0.3872688572716275,False,False,False,0.028075368199497464,0.061762319145362635,0.004393201860820971,0.0003313626114905052,1.930022258992084e-05,5,middle,1,False,False,0.38459183666990643,0.2287088627738911,0.5350177331845514,0.6901561508260151,0.2862439748219358,False,False,False,32768
Bcc3,localno_plain,0.005303890684153884,False,0.002563314015988637,False,0.6065986183063992,0.4327006512711921,0.7069997761908535,0.9102118924328116,0.4998486835339169,0.000859544579099577,False,8.240326084725718e-05,False,7.38816883459469e-07,False,0.008743657707236707,0.0059239892717011374,0.00121576358019602,9.053195363884995e-05,1.4780810829310447e-06,False,False,0.9999998769762636,0.8967704394173747,0.9863711255969028,0.9748255634150528,0.9729279974113012,False,False,False,0.00874365878291428,0.006605914971450119,0.001232562013066127,9.286990107408996e-05,1.5192091160536231e-06,6,middle,1,False,False,0.6065985436803706,0.38803315317665116,0.6973641650381305,0.887297820867897,0.48631677867932904,False,False,False,32768
Bcc3,localno_plain,0.002533336647320539,False,0.00031247031311011896,False,1.0799033189895448,0.4778726046179627,1.045011889773347,1.2186593583249596,1.0920498497676614,0.0003567055950000456,False,3.614216439185114e-05,False,1.2723888150433656e-07,False,0.0023458920838311317,0.0006538778538265961,0.0003413411832830071,2.9657314937890715e-05,1.1651380340504346e-07,False,False,0.999999849635721,1.000000093656628,0.9999999913406069,0.9999999859312574,0.999999982681214,False,False,False,0.0023458924365695566,0.0006538777925866069,0.0003413411862388146,2.965731535513185e-05,1.1651380542292112e-07,7,outer,1,False,False,1.079903156610661,0.4778726493738995,1.0450118807241782,1.218659341179955,1.092049830854684,False,False,False,32768
Bcc3,localno_plain,0.0007648427470121533,False,0.00013716320296581997,False,1.5645586265253426,2.5745418653763825,1.7786919270081076,4.730835662755765,3.1637449712038146,0.00013419683798674548,False,3.750824584885259e-05,False,1.8008791325640813e-08,False,0.000488855281000724,5.32767420916527e-05,7.544692588360401e-05,7.928460957572898e-06,5.692238625286037e-09,False,False,0.999999487109211,1.0000001268389482,0.9999998879042279,1.0000008632592932,0.9999997758084684,False,False,False,0.0004888555317302234,5.327673533408762e-05,7.544693434088637e-05,7.928454113261203e-06,5.692239901438018e-09,8,outer,1,False,False,1.5645578240776343,2.574542191928565,1.7786917276242626,4.730839746693616,3.163744261918984,False,False,False,32768
rho,persistence,0.03964628899469971,False,0.11936033756979948,False,0.7658869034852234,0.503622755359174,0.7768264125232471,0.6872158727726342,0.6034592751937381,0.007018044613484077,False,0.0007803732639467372,False,4.925295019685286e-05,False,0.05176520033739502,0.23700346400089486,0.009034250767412027,0.0011355576826219847,8.161768692848479e-05,False,False,1.0000000429991778,1.0000000098539676,0.9999999953701305,1.0000000011587433,0.9999999907402607,False,False,False,0.051765198111534065,0.23700346166547043,0.00903425080923943,0.0011355576813061648,8.161768768424329e-05,1,inner,1,False,False,0.7658869364177305,0.5036227603218564,0.7768264089266422,0.687215873568941,0.6034592696058626,False,False,False,32768
rho,persistence,0.010582140255719423,False,0.012217228964758214,False,0.021767734142479817,0.00019916201450811887,0.029103010891847338,0.0410977853400664,0.0008469852429709848,0.002074123156824136,False,0.00021251334956778683,False,4.30198686967412e-06,False,0.48613880463875825,61.34316824888401,0.0712683359303268,0.005170919742008742,0.005079175706277911,False,False,0.9999998785124468,0.9999999828884488,0.999999991982692,0.9999999989580299,0.999999983965384,False,False,False,0.48613886369857934,61.343169298560795,0.07126833650170701,0.005170919747396686,0.005079175787720544,2,inner,1,False,False,0.021767731497971055,0.00019916201110014786,0.029103010658519533,0.04109778529724374,0.0008469852293899017,False,False,False,32768
rho,persistence,4.884547402354656,False,517.5777975524331,False,0.7129107598726078,0.9804600531337659,0.6255388458038251,0.75444269796779,0.3912988476095818,0.8609199519931096,False,0.08882389486000337,False,0.7411831637398181,False,6.851555169720668,527.8927947121769,1.376285354248171,0.11773444835408242,1.8941613763180136,False,False,1.00000051154391,0.9999996583313221,1.0000000339088118,1.0000000016272876,1.0000000678176244,False,False,False,6.85155166485114,527.8929750766717,1.3762853075799717,0.1177344481624946,1.8941612478604974,3,middle,1,False,False,0.7129111245577654,0.9804597181412759,0.6255388670151041,0.7544426991954853,0.3912988741465401,False,False,False,32768
rho,persistence,1.523294763333979,False,79.35274702829497,False,0.8879926154529894,1.2687349803115253,0.9121566137545705,0.9753881081759174,0.8320296880162046,0.3394991168318375,False,0.03082364012610837,False,0.11525965032959763,False,1.7154362962319283,62.544777482852005,0.3721938883218851,0.03160141062592198,0.13852829050416388,False,False,1.0000004864619796,0.9999989329678767,1.000000015751358,1.0000000392978607,1.0000000315027164,False,False,False,1.7154354617377976,62.54484422020994,0.372193882459326,0.031601409384054195,0.13852828614014656,4,middle,1,False,False,0.887993047427635,1.2687336265305453,0.9121566281222758,0.9753881465065833,0.8320297142273999,False,False,False,32768
rho,persistence,0.7137580384296598,False,16.12262630698001,False,1.0136890532962457,1.0402214287455744,0.9761649109179881,1.043709756067994,0.9528979333075238,0.1603381287208346,False,0.011026252841029533,False,0.025708315521698933,False,0.704119311645627,15.49922532015384,0.1642531163817927,0.010564481913601287,0.02697908624113074,False,False,1.0000011004376588,1.0000006806814528,1.0000000750570575,1.0000001583712004,1.0000001501141207,False,False,False,0.7041185368070728,15.499214770125814,0.16425310405343804,0.01056448024049187,0.02697908219118954,5,middle,1,False,False,1.0136901687978543,1.0402221368050077,0.9761649841860539,1.0437099213615608,0.9528980763509591,False,False,False,32768
rho,persistence,0.46420604947161337,False,1.3631643637149653,False,0.972189723532923,1.0347811210583766,0.9811839113306271,0.9796042945519736,0.962721867854068,0.12197108995038013,False,0.006541461405659457,False,0.014876946783683719,False,0.4774850404555764,1.3173456066928604,0.12431012019445947,0.006677656929476022,0.01545300598276096,False,False,1.0000001872570516,1.0000020924410953,1.0000000902767179,1.000000243067613,1.0000001805534435,False,False,False,0.47748495104315225,1.317342850230544,0.12431010897215085,0.006677655306354286,0.01545300319266802,6,middle,1,False,False,0.9721899055823043,1.0347832862769188,0.9811839999086902,0.9796045326620512,0.9627220416768164,False,False,False,32768
rho,persistence,0.9303857517127199,False,35.416145655923266,False,1.0115192234449861,0.9916667546304291,1.0049876257378758,1.0035314167116696,1.0100001278862525,0.2544743875120437,False,0.01677905447310531,False,0.06475721389962978,False,0.9197904796550028,35.713757157385025,0.2532114634995681,0.01672000915336186,0.0641160452475931,False,False,0.9999995463819629,0.9999995927255902,0.9999999465072401,0.999999872052048,0.9999998930144829,False,False,False,0.919790896888744,35.713771702690316,0.2532114770445488,0.01672001129265306,0.06411605210708209,7,outer,1,False,False,1.0115187646016215,0.9916663507499369,1.004987571978314,1.00353128831188,1.0100000198308665,False,False,False,32768
rho,persistence,0.8520616897912987,False,43.97383362143997,False,0.9974054622533612,0.9898355410947272,0.9985448204058492,0.9960652170511887,0.9970917583593499,0.2135194947133973,False,0.01370873142578436,False,0.0455905746226645,False,0.8542781466890119,44.42539371015744,0.21383065672166252,0.013762885392553423,0.04572354975401747,False,False,0.9999983952452618,0.9999994027655371,0.9999998998824524,0.9999999695420693,0.9999997997649147,False,False,False,0.8542795175981155,44.425420242549436,0.21383067812986561,0.013762885811742445,0.045723558909478185,8,outer,1,False,False,0.9974038616622198,0.9898349499308293,0.9985447204339906,0.9960651867131033,0.9970915587065967,False,False,False,32768
rho,fno_plain,0.009516213380265981,False,0.00907425224666845,False,0.1838341843215373,0.038287424552723784,0.22216686641025296,0.3261581299501985,0.04935811653055121,0.002007111183360353,False,0.00037037137021456753,False,4.028495302370198e-06,False,0.05176520033739502,0.23700346400089486,0.009034250767412027,0.0011355576826219847,8.161768692848479e-05,False,False,1.0000000429991778,1.0000000098539676,0.9999999953701305,1.0000000011587433,0.9999999907402607,False,False,False,0.051765198111534065,0.23700346166547043,0.00903425080923943,0.0011355576813061648,8.161768768424329e-05,1,inner,1,False,False,0.18383419222625608,0.03828742493000682,0.22216686538164937,0.326158130328132,0.049358116073507916,False,False,False,32768
rho,fno_plain,0.004096111352555447,False,0.002187516195189167,False,0.008425806196646244,3.566030672419603e-05,0.013404286244061675,0.03557845875209966,0.00017967488971274104,0.000955301174948046,False,0.00018397335475147584,False,9.126003348571173e-07,False,0.48613880463875825,61.34316824888401,0.0712683359303268,0.005170919742008742,0.005079175706277911,False,False,0.9999998785124468,0.9999999828884488,0.999999991982692,0.9999999989580299,0.999999983965384,False,False,False,0.48613886369857934,61.343169298560795,0.07126833650170701,0.005170919747396686,0.005079175787720544,2,inner,1,False,False,0.008425805173015664,3.5660306113992865e-05,0.013404286136595384,0.03557845871502797,0.00017967488683172318,False,False,False,32768
rho,fno_plain,0.009874431786593049,False,0.009435432029737264,False,0.0014411956909040873,1.787376551498822e-05,0.0014103890243120348,0.0023063297825735266,1.989197199899853e-06,0.001941097757953021,False,0.000271534464673885,False,3.7678605059302448e-06,False,6.851555169720668,527.8927947121769,1.376285354248171,0.11773444835408242,1.8941613763180136,False,False,1.00000051154391,0.9999996583313221,1.0000000339088118,1.0000000016272876,1.0000000678176244,False,False,False,6.85155166485114,527.8929750766717,1.3762853075799717,0.1177344481624946,1.8941612478604974,3,middle,1,False,False,0.001441196428138966,1.7873759408082388e-05,0.0014103890721366506,0.0023063297863265887,1.9891973348024818e-06,False,False,False,32768
rho,fno_plain,0.02617212137556635,False,0.03723432206611998,False,0.015256830832514843,0.0005953226402688629,0.014828916195180668,0.014752728871899467,0.00021989675552369154,0.005519231978283667,False,0.0004662070429337898,False,3.0461921630109044e-05,False,1.7154362962319283,62.544777482852005,0.3721938883218851,0.03160141062592198,0.13852829050416388,False,False,1.0000004864619796,0.9999989329678767,1.000000015751358,1.0000000392978607,1.0000000315027164,False,False,False,1.7154354617377976,62.54484422020994,0.372193882459326,0.031601409384054195,0.13852828614014656,4,middle,1,False,False,0.015256838254382973,0.0005953220050404819,0.014828916428756236,0.01475272945165015,0.00021989676245103668,False,False,False,32768
rho,fno_plain,0.024290436231240164,False,0.022892724854735723,False,0.03449761401156568,0.001477023811310622,0.03553265304082347,0.04926045644207694,0.001262569432119541,0.0058363489952682375,False,0.0005204112011380659,False,3.406296959456856e-05,False,0.704119311645627,15.49922532015384,0.1642531163817927,0.010564481913601287,0.02697908624113074,False,False,1.0000011004376588,1.0000006806814528,1.0000000750570575,1.0000001583712004,1.0000001501141207,False,False,False,0.7041185368070728,15.499214770125814,0.16425310405343804,0.01056448024049187,0.02697908219118954,5,middle,1,False,False,0.03449765197403928,0.0014770248166933357,0.03553265570779985,0.04926046424351456,0.0012625696216490411,False,False,False,32768
rho,fno_plain,0.08288426170396633,False,0.9096344316877849,False,0.17358504388930193,0.6905055340575228,0.14610383004311592,0.2703168583935758,0.021346329153267705,0.018162184673530618,False,0.00180508324260605,False,0.0003298649521154305,False,0.4774850404555764,1.3173456066928604,0.12431012019445947,0.006677656929476022,0.01545300598276096,False,False,1.0000001872570516,1.0000020924410953,1.0000000902767179,1.000000243067613,1.0000001805534435,False,False,False,0.47748495104315225,1.317342850230544,0.12431010897215085,0.006677655306354286,0.01545300319266802,6,middle,1,False,False,0.17358507639432544,0.6905069788996787,0.14610384323289013,0.27031692409884933,0.02134633300742094,False,False,False,32768
rho,fno_plain,1.2092693048249703,False,117.77547665785178,False,1.314722571686702,3.2977621519582327,1.2409810906435206,1.3432867608408565,1.5400340673347814,0.314230638137136,False,0.022459766936848924,False,0.09874089394407168,False,0.9197904796550028,35.713757157385025,0.2532114634995681,0.01672000915336186,0.0641160452475931,False,False,0.9999995463819629,0.9999995927255902,0.9999999465072401,0.999999872052048,0.9999998930144829,False,False,False,0.919790896888744,35.713771702690316,0.2532114770445488,0.01672001129265306,0.06411605210708209,7,outer,1,False,False,1.3147219753048294,3.297760808864099,1.240981024260017,1.3432865889700665,1.5400339025734404,False,False,False,32768
rho,fno_plain,1.209273129751864,False,151.71675715759272,False,1.4155496478971539,3.4150908857990414,1.6647314190799047,2.1962589254286904,2.7713306976717935,0.3559706126070412,False,0.030226859883047602,False,0.1267150770398322,False,0.8542781466890119,44.42539371015744,0.21383065672166252,0.013762885392553423,0.04572354975401747,False,False,0.9999983952452618,0.9999994027655371,0.9999998998824524,0.9999999695420693,0.9999997997649147,False,False,False,0.8542795175981155,44.425420242549436,0.21383067812986561,0.013762885811742445,0.045723558909478185,8,outer,1,False,False,1.4155473762871493,3.4150888461890703,1.6647312524110776,2.1962588585351885,2.771330142754155,False,False,False,32768
rho,fno_full,0.0154253860321478,False,0.04382951929240098,False,0.29798756561566997,0.18493197758592883,0.37113186211296856,0.541952169587735,0.13773885907543953,0.0033528983101051408,False,0.0006154179497890052,False,1.1241927077905908e-05,False,0.05176520033739502,0.23700346400089486,0.009034250767412027,0.0011355576826219847,8.161768692848479e-05,False,False,1.0000000429991778,1.0000000098539676,0.9999999953701305,1.0000000011587433,0.9999999907402607,False,False,False,0.051765198111534065,0.23700346166547043,0.00903425080923943,0.0011355576813061648,8.161768768424329e-05,1,inner,1,False,False,0.2979875784288903,0.18493197940824257,0.37113186039467644,0.5419521702157184,0.1377388578000136,False,False,False,32768
rho,fno_full,0.0050279017887078226,False,0.0025634156892504717,False,0.010342523042249165,4.178812021658348e-05,0.01710870982073815,0.040042145362400396,0.000292707951730222,0.0012193092788388479,False,0.00020705471996682002,False,1.486715117462511e-06,False,0.48613880463875825,61.34316824888401,0.0712683359303268,0.005170919742008742,0.005079175706277911,False,False,0.9999998785124468,0.9999999828884488,0.999999991982692,0.9999999989580299,0.999999983965384,False,False,False,0.48613886369857934,61.343169298560795,0.07126833650170701,0.005170919747396686,0.005079175787720544,2,inner,1,False,False,0.010342521785761347,4.178811950152392e-05,0.017108709683572355,0.04004214532067768,0.00029270794703676245,False,False,False,32768
rho,fno_full,0.016043503853725268,False,0.02094192074569214,False,0.0023415857358380357,3.9670783453504625e-05,0.0025615198252802395,0.0033240136397244494,6.561383815303709e-06,0.0035253822201495276,False,0.0003913509121944037,False,1.2428319798146413e-05,False,6.851555169720668,527.8927947121769,1.376285354248171,0.11773444835408242,1.8941613763180136,False,False,1.00000051154391,0.9999996583313221,1.0000000339088118,1.0000000016272876,1.0000000678176244,False,False,False,6.85155166485114,527.8929750766717,1.3762853075799717,0.1177344481624946,1.8941612478604974,3,middle,1,False,False,0.0023415869336619586,3.967076989924049e-05,0.002561519912138333,0.0033240136451335757,6.561384260281173e-06,False,False,False,32768
rho,fno_full,0.06581497973296792,False,0.24942231719624455,False,0.03836632107967808,0.00398789998516869,0.037229454987989054,0.03385538078987363,0.0013860323187027033,0.013856575612084247,False,0.0010698777902377473,False,0.00019200468769340793,False,1.7154362962319283,62.544777482852005,0.3721938883218851,0.03160141062592198,0.13852829050416388,False,False,1.0000004864619796,0.9999989329678767,1.000000015751358,1.0000000392978607,1.0000000315027164,False,False,False,1.7154354617377976,62.54484422020994,0.372193882459326,0.031601409384054195,0.13852828614014656,4,middle,1,False,False,0.038366339743434584,0.003987895729951302,0.03722945557440353,0.03385538212031767,0.0013860323623664864,False,False,False,32768
rho,fno_full,0.07060269846988376,False,0.18572870155578913,False,0.10027093036956367,0.011983095781844253,0.08176642066404559,0.10869734393860173,0.006685747548209663,0.013430389409454102,False,0.0011483311240958565,False,0.0001803753596895769,False,0.704119311645627,15.49922532015384,0.1642531163817927,0.010564481913601287,0.02697908624113074,False,False,1.0000011004376588,1.0000006806814528,1.0000000750570575,1.0000001583712004,1.0000001501141207,False,False,False,0.7041185368070728,15.499214770125814,0.16425310405343804,0.01056448024049187,0.02697908219118954,5,middle,1,False,False,0.10027104071147153,0.011983103938515299,0.08176642680119253,0.10869736115313056,0.0066857485518347776,False,False,False,32768
rho,fno_full,0.19171559986716602,False,6.553686294173317,False,0.4015112173655681,4.974917941713159,0.3007212252251354,0.5004471330218259,0.09043325530090664,0.0373826916527617,False,0.003341814265659604,False,0.0013974656352054595,False,0.4774850404555764,1.3173456066928604,0.12431012019445947,0.006677656929476022,0.01545300598276096,False,False,1.0000001872570516,1.0000020924410953,1.0000000902767179,1.000000243067613,1.0000001805534435,False,False,False,0.47748495104315225,1.317342850230544,0.12431010897215085,0.006677655306354286,0.01545300319266802,6,middle,1,False,False,0.4015112925513749,4.9749283514359055,0.3007212523732606,0.5004472546643159,0.09043327162894228,False,False,False,32768
rho,fno_full,1.2092651795574056,False,54.44059677358741,False,1.314718086678805,1.524359269557557,1.2656862592216978,1.3690370523193829,1.6019617067826148,0.3204862700288198,False,0.022890312046071618,False,0.1027114492769856,False,0.9197904796550028,35.713757157385025,0.2532114634995681,0.01672000915336186,0.0641160452475931,False,False,0.9999995463819629,0.9999995927255902,0.9999999465072401,0.999999872052048,0.9999998930144829,False,False,False,0.919790896888744,35.713771702690316,0.2532114770445488,0.01672001129265306,0.06411605210708209,7,outer,1,False,False,1.3147174902989671,1.5243586487250351,1.2656861915166466,1.3690368771538957,1.6019615353959133,False,False,False,32768
rho,fno_full,1.209263251395896,False,49.38794602475831,False,1.4155380845017818,1.111705308611958,1.6566648132817585,1.7009316079052583,2.744538303565884,0.3542457249917088,False,0.023409726780171686,False,0.12549003367490139,False,0.8542781466890119,44.42539371015744,0.21383065672166252,0.013762885392553423,0.04572354975401747,False,False,0.9999983952452618,0.9999994027655371,0.9999998998824524,0.9999999695420693,0.9999997997649147,False,False,False,0.8542795175981155,44.425420242549436,0.21383067812986561,0.013762885811742445,0.045723558909478185,8,outer,1,False,False,1.4155358129103337,1.111704644663235,1.65666464742054,1.7009315560984013,2.7445377540130225,False,False,False,32768
rho,localno_plain,0.16875154736946565,False,24.555778717573702,False,3.2599419353074555,103.60936630648143,4.22392599815272,5.979832834057349,17.841550837870457,0.038160006690302825,False,0.006790445115509018,False,0.0014561861106039565,False,0.05176520033739502,0.23700346400089486,0.009034250767412027,0.0011355576826219847,8.161768692848479e-05,False,False,1.0000000429991778,1.0000000098539676,0.9999999953701305,1.0000000011587433,0.9999999907402607,False,False,False,0.051765198111534065,0.23700346166547043,0.00903425080923943,0.0011355576813061648,8.161768768424329e-05,1,inner,1,False,False,3.259942075482278,103.60936732744477,4.223925978596494,5.97983284098644,17.84155067266235,False,False,False,32768
rho,localno_plain,0.0771479666823869,False,1.5688429697362338,False,0.1586953478023921,0.025574860486029347,0.2052282658510713,0.6183011289467718,0.04211864110423799,0.014626276993072566,False,0.0031971855141771552,False,0.00021392797867808387,False,0.48613880463875825,61.34316824888401,0.0712683359303268,0.005170919742008742,0.005079175706277911,False,False,0.9999998785124468,0.9999999828884488,0.999999991982692,0.9999999989580299,0.999999983965384,False,False,False,0.48613886369857934,61.343169298560795,0.07126833650170701,0.005170919747396686,0.005079175787720544,2,inner,1,False,False,0.1586953285228826,0.025574860048403814,0.20522826420569307,0.6183011283025205,0.04211864042888176,False,False,False,32768
rho,localno_plain,0.02353289172548101,False,0.1662476062378861,False,0.00343467886378275,0.0003149268334464185,0.003567860669816505,0.009138665482434138,1.272962975922348e-05,0.004910394385866526,False,0.0010759357392668778,False,2.411197302474949e-05,False,6.851555169720668,527.8927947121769,1.376285354248171,0.11773444835408242,1.8941613763180136,False,False,1.00000051154391,0.9999996583313221,1.0000000339088118,1.0000000016272876,1.0000000678176244,False,False,False,6.85155166485114,527.8929750766717,1.3762853075799717,0.1177344481624946,1.8941612478604974,3,middle,1,False,False,0.0034346806207718053,0.00031492672584578364,0.0035678607907984206,0.009138665497305376,1.272963062251673e-05,False,False,False,32768
rho,localno_plain,1.2091947138784598,False,69.18092887592468,False,0.7048904797773824,1.1061024063102969,0.6204554046940896,0.5054017040081494,0.3849649092141064,0.230929709603422,False,0.015971406779402206,False,0.05332853077752081,False,1.7154362962319283,62.544777482852005,0.3721938883218851,0.03160141062592198,0.13852829050416388,False,False,1.0000004864619796,0.9999989329678767,1.000000015751358,1.0000000392978607,1.0000000315027164,False,False,False,1.7154354617377976,62.54484422020994,0.372193882459326,0.031601409384054195,0.13852828614014656,4,middle,1,False,False,0.7048908226798006,1.1061012260634977,0.6204554144671047,0.5054017238693551,0.3849649213415468,False,False,False,32768
rho,localno_plain,0.912061200790085,False,36.87756879501491,False,1.2953219514154046,2.379316903475333,0.8667797687249089,0.8736286524795299,0.7513071674708068,0.14237127822975584,False,0.009229434098323858,False,0.020269580864774553,False,0.704119311645627,15.49922532015384,0.1642531163817927,0.010564481913601287,0.02697908624113074,False,False,1.0000011004376588,1.0000006806814528,1.0000000750570575,1.0000001583712004,1.0000001501141207,False,False,False,0.7041185368070728,15.499214770125814,0.16425310405343804,0.01056448024049187,0.02697908219118954,5,middle,1,False,False,1.2953233768364603,2.3793185230322194,0.8667798337828478,0.8736287908371482,0.7513072802526216,False,False,False,32768
rho,localno_plain,0.06162692958601836,False,0.4931601726750601,False,0.12906567612509723,0.37435899142148243,0.09804505838417713,0.23666316093728984,0.0096128334735567,0.012187992992209854,False,0.0015803553965845925,False,0.0001485471731781565,False,0.4774850404555764,1.3173456066928604,0.12431012019445947,0.006677656929476022,0.01545300598276096,False,False,1.0000001872570516,1.0000020924410953,1.0000000902767179,1.000000243067613,1.0000001805534435,False,False,False,0.47748495104315225,1.317342850230544,0.12431010897215085,0.006677655306354286,0.01545300319266802,6,middle,1,False,False,0.12906570029355519,0.3743597747456205,0.09804506723536319,0.23666321846243946,0.009612835209186887,False,False,False,32768
rho,localno_plain,0.3141369223100082,False,4.500844857343119,False,0.34153095651504833,0.12602552113205534,0.32456846447075105,0.549382630155449,0.1053446881289012,0.08218445589444644,False,0.009185682604897119,False,0.006754284790666212,False,0.9197904796550028,35.713757157385025,0.2532114634995681,0.01672000915336186,0.0641160452475931,False,False,0.9999995463819629,0.9999995927255902,0.9999999465072401,0.999999872052048,0.9999998930144829,False,False,False,0.919790896888744,35.713771702690316,0.2532114770445488,0.01672001129265306,0.06411605210708209,7,outer,1,False,False,0.34153080159044624,0.1260254698050856,0.3245684471086881,0.5493825598630665,0.10534467685854526,False,False,False,32768
rho,localno_plain,0.232815471707695,False,59.013591766980014,False,0.2725288860660136,1.3283752115287866,0.36252910051307735,0.6786616858096073,0.131427348718821,0.07751983564342493,False,0.009340343002114724,False,0.006009324918183616,False,0.8542781466890119,44.42539371015744,0.21383065672166252,0.013762885392553423,0.04572354975401747,False,False,0.9999983952452618,0.9999994027655371,0.9999998998824524,0.9999999695420693,0.9999997997649147,False,False,False,0.8542795175981155,44.425420242549436,0.21383067812986561,0.013762885811742445,0.045723558909478185,8,outer,1,False,False,0.27252844872399246,1.3283744181773307,0.3625290642175529,0.6786616651389766,0.1314273224024546,False,False,False,32768
press,persistence,0.07995639977045357,False,1.250276585253331,False,0.7311878982602266,0.44578033799028755,0.679115490223405,0.7136445767698666,0.46119784906137573,0.015592571700674306,False,0.0014062603740096762,False,0.00024312829224066923,False,0.10935137187130721,2.804692084199935,0.022960117866763576,0.001970533259532023,0.000527167012455676,False,False,0.9999997618493409,1.0000000803659952,1.0000000011685792,1.0000000268318756,1.0000000023371582,False,False,False,0.1093513979134147,2.804691858798083,0.02296011783993286,0.0019705332066589213,0.0005271670112236033,1,inner,1,False,False,0.7311877241273467,0.445780373815868,0.6791154910170052,0.713644595918289,0.46119785013926806,False,False,False,32768
press,persistence,0.006140749494079496,False,0.0044160532118151,False,0.05337072291694106,0.0019181103636175042,0.06063273772907159,0.08869717373379479,0.0036763288845223802,0.0010668329183375453,False,0.0001136246098986651,False,1.1381324756486035e-06,False,0.11505839078919962,2.302293598730442,0.01759499831765028,0.0012810398022341113,0.0003095839657981163,False,False,1.0000008205853665,1.0000000214417535,1.0000000088060013,1.0000000115412615,1.000000017612003,False,False,False,0.11505829637404531,2.3022935493652312,0.017594998162708705,0.001281039787449296,0.00030958396034572264,2,inner,1,False,False,0.053370766712175284,0.0019181104047451536,0.060632738263003555,0.08869717475747209,0.0036763289492698957,False,False,False,32768
press,persistence,0.08231219320441596,False,0.04518203480292189,False,0.4789042259914985,0.021251611635953193,0.5158328602629613,0.7435029107776111,0.26608353972706783,0.01693661666243151,False,0.0018054858797940264,False,0.00028684898397015273,False,0.17187610536115244,2.1260521590975965,0.032833535757682365,0.0024283507887087005,0.0010780410703510063,False,False,0.9999997669118328,0.9999998629373165,0.999999990801104,0.9999999697929478,0.999999981602208,False,False,False,0.17187614542344817,2.1260524505000507,0.032833536059714646,0.0024283508620620217,0.001078041090184582,3,middle,1,False,False,0.4789041143645902,0.021251608723150274,0.5158328555178685,0.7435028883185798,0.2660835348317182,False,False,False,32768
press,persistence,0.016745594952735702,False,0.016163072748962327,False,0.9925052688115023,0.9411626048857237,0.9461198652492121,1.0027234431639382,0.8951427994191873,0.0031049022669529117,False,0.0002539379127708901,False,9.64041808732933e-06,False,0.016872046405142102,0.01717351780134194,0.003281721884293241,0.00025324820567636117,1.0769698525849181e-05,False,False,0.9999993373778002,0.999999690998267,0.9999999678398044,0.9999999336428638,0.9999999356796099,False,False,False,0.016872057584942014,0.017173523107990342,0.0032817219898340624,0.00025324822248118796,1.0769699218560437e-05,4,middle,1,False,False,0.9925046111554777,0.9411623140648477,0.9461198348218122,1.0027233766260821,0.8951427418432532,False,False,False,32768
press,persistence,0.0027017960189823498,False,0.00027724748302408817,False,0.9728306674694116,1.0545110666509756,0.9970271733396786,1.0027791552370933,0.9940631843777097,0.0005273220187944951,False,4.097496549493142e-05,False,2.780685115055019e-07,False,0.002777252104942818,0.00026291566944346937,0.0005288943299590903,4.0861405306379205e-05,2.797292122628751e-07,False,False,0.9999998886125804,0.9999998077715214,0.9999999803831422,0.9999999625301812,0.9999999607662847,False,False,False,0.002777252414293798,0.0002629157199833582,0.0005288943403343354,4.086140683744871e-05,2.797292232376918e-07,5,middle,1,False,False,0.9728305591083137,1.0545108639439176,0.9970271537811384,1.00277911766314,0.9940631453769178,False,False,False,32768
press,persistence,0.0008115390014302192,False,6.028574271580375e-06,False,0.9720448318100323,0.9582615460516736,0.9828952728030801,0.9829844302659074,0.9660831172986412,0.00016767786974503505,False,1.0886393157385617e-05,False,2.811586800223294e-08,False,0.000834878160834478,6.291157457397636e-06,0.0001705958654850798,1.1074837832823797e-05,2.910294932060344e-08,False,False,1.0000002090223503,1.000000648111376,1.000000017750093,1.0000000113566978,1.0000000355001861,False,False,False,0.0008348779863263189,6.291153380029563e-06,0.00017059586245698737,1.1074837707050213e-05,2.9102948287443356e-08,6,middle,1,False,False,0.9720450349891278,0.9582621671118827,0.9828952902495626,0.9829844414293645,0.9660831515947716,False,False,False,32768
press,persistence,0.001214635743062047,False,6.551345749576887e-05,False,1.0153804528876436,0.9916084914823214,1.0067488601188923,1.0044606202254225,1.0135432673506894,0.0003069992257553626,False,2.1497628804436015e-05,False,9.424852461439211e-08,False,0.0011962370750862306,6.606786656075832e-05,0.00030494122011631323,2.1402161888249523e-05,9.298914772602578e-08,False,False,1.0000001945959922,1.0000002679109343,1.0000000586569968,1.0000000752002587,1.000000117313997,False,False,False,0.0011962368423033354,6.606784886045921e-05,0.0003049412022293781,2.1402160278801535e-05,9.298913681709846e-08,7,outer,1,False,False,1.0153806504766103,0.9916087571450789,1.0067489191717571,1.0044606957611208,1.0135433862535013,False,False,False,32768
press,persistence,0.001077986361707417,False,8.683164571239345e-05,False,0.9965236264033221,0.9902169975146515,0.9977788809902501,0.9948906401721592,0.9955626953501557,0.00024236625215370134,False,1.6902912385475153e-05,False,5.874140018303154e-08,False,0.0010817469181318984,8.768951243043944e-05,0.00024290577478766024,1.6989718973082526e-05,5.9003215425193514e-08,False,False,0.9999998923952577,1.000000084630503,0.9999999104534466,0.9999999102037576,0.9999998209069012,False,False,False,0.0010817470345330094,8.768950500923252e-05,0.00024290579653903711,1.6989720498695587e-05,5.9003225992264096e-08,8,outer,1,False,False,0.996523519172654,0.9902170813172141,0.9977787916425903,0.9948905508347181,0.9955625170517476,False,False,False,32768
press,fno_plain,0.01872958594452939,False,0.0414832565665394,False,0.17127892978399714,0.014790663403028391,0.15695073208752414,0.25302345410436394,0.02463353230280978,0.0036036073080043863,False,0.0004985911317543235,False,1.298598563030262e-05,False,0.10935137187130721,2.804692084199935,0.022960117866763576,0.001970533259532023,0.000527167012455676,False,False,0.9999997618493409,1.0000000803659952,1.0000000011685792,1.0000000268318756,1.0000000023371582,False,False,False,0.1093513979134147,2.804691858798083,0.02296011783993286,0.0019705332066589213,0.0005271670112236033,1,inner,1,False,False,0.17127888899380714,0.014790664591694773,0.15695073227093348,0.2530234608934578,0.024633532360382245,False,False,False,32768
press,fno_plain,0.0030681300270953213,False,0.002091364090644872,False,0.026665852060424634,0.0009083828803581423,0.03751182952316127,0.08430873666774462,0.0014071373541747131,0.0006600205773520067,False,0.00010800284734745533,False,4.3562716252807625e-07,False,0.11505839078919962,2.302293598730442,0.01759499831765028,0.0012810398022341113,0.0003095839657981163,False,False,1.0000008205853665,1.0000000214417535,1.0000000088060013,1.0000000115412615,1.000000017612003,False,False,False,0.11505829637404531,2.3022935493652312,0.017594998162708705,0.001281039787449296,0.00030958396034572264,2,inner,1,False,False,0.02666587394203262,0.0009083828998354641,0.03751182985349049,0.0843087376407738,0.0014071373789572206,False,False,False,32768
press,fno_plain,0.007116895310900873,False,0.006355854150144999,False,0.0414071246026118,0.002989509981186324,0.043841401451498174,0.0972962470484032,0.0019220684812314263,0.0014394682222246729,False,0.00023626941825838647,False,2.07206876279466e-06,False,0.17187610536115244,2.1260521590975965,0.032833535757682365,0.0024283507887087005,0.0010780410703510063,False,False,0.9999997669118328,0.9999998629373165,0.999999990801104,0.9999999697929478,0.999999981602208,False,False,False,0.17187614542344817,2.1260524505000507,0.032833536059714646,0.0024283508620620217,0.001078041090184582,3,middle,1,False,False,0.04140711495110101,0.0029895095714360634,0.043841401048205685,0.09729624410937038,0.0019220684458696102,False,False,False,32768
press,fno_plain,0.0068957187395426445,False,0.0037447448357904984,False,0.4087067196212211,0.2180534517801521,0.4237385441624469,0.44637140718176543,0.17955435380890994,0.00139059205359646,False,0.0001130427579340145,False,1.9337462595256195e-06,False,0.016872046405142102,0.01717351780134194,0.003281721884293241,0.00025324820567636117,1.0769698525849181e-05,False,False,0.9999993373778002,0.999999690998267,0.9999999678398044,0.9999999336428638,0.9999999356796099,False,False,False,0.016872057584942014,0.017173523107990342,0.0032817219898340624,0.00025324822248118796,1.0769699218560437e-05,4,middle,1,False,False,0.40870644880307544,0.2180533844012576,0.4237385305349324,0.4463713775618372,0.17955434225990383,False,False,False,32768
press,fno_plain,0.0015886406299614464,False,0.00021273911237269474,False,0.5720188769086038,0.8091534172269511,0.532393664741026,0.5519780787002592,0.28344301425637997,0.0002815799905876695,False,2.2554599994007766e-05,False,7.928729109935205e-08,False,0.002777252104942818,0.00026291566944346937,0.0005288943299590903,4.0861405306379205e-05,2.797292122628751e-07,False,False,0.9999998886125804,0.9999998077715214,0.9999999803831422,0.9999999625301812,0.9999999607662847,False,False,False,0.002777252414293798,0.0002629157199833582,0.0005288943403343354,4.086140683744871e-05,2.797292232376918e-07,5,middle,1,False,False,0.572018813192897,0.8091532616846209,0.5323936542971351,0.5519780580177406,0.28344300313585746,False,False,False,32768
press,fno_plain,0.00012758860162875862,False,3.2030913316283946e-07,False,0.15282301971012296,0.05091418158453415,0.17763722159390277,0.24068089969740683,0.03155498249560132,3.030417556017675e-05,False,2.665501933606911e-06,False,9.183430563820139e-10,False,0.000834878160834478,6.291157457397636e-06,0.0001705958654850798,1.1074837832823797e-05,2.910294932060344e-08,False,False,1.0000002090223503,1.000000648111376,1.000000017750093,1.0000000113566978,1.0000000355001861,False,False,False,0.0008348779863263189,6.291153380029563e-06,0.00017059586245698737,1.1074837707050213e-05,2.9102948287443356e-08,6,middle,1,False,False,0.15282305165354973,0.05091421458259444,0.17763722474698,0.24068090243074705,0.03155498361580907,False,False,False,32768
press,fno_plain,0.0005919906600706782,False,1.8098196879175945e-05,False,0.49487737205269666,0.2739334236338964,0.5135662682629865,0.507164003043324,0.26375031189756976,0.00015660752445469692,False,1.0854406097025893e-05,False,2.452591671582849e-08,False,0.0011962370750862306,6.606786656075832e-05,0.00030494122011631323,2.1402161888249523e-05,9.298914772602578e-08,False,False,1.0000001945959922,1.0000002679109343,1.0000000586569968,1.0000000752002587,1.000000117313997,False,False,False,0.0011962368423033354,6.606784886045921e-05,0.0003049412022293781,2.1402160278801535e-05,9.298913681709846e-08,7,outer,1,False,False,0.4948774683538499,0.2739334970236558,0.5135662983872414,0.5071640411821882,0.2637503428391731,False,False,False,32768
press,fno_plain,0.0006164889846616006,False,2.772378098110456e-05,False,0.5699013090106456,0.31615845741070486,0.625461875187971,0.69445700254406,0.3912025573136531,0.00015192830139267694,False,1.1798629312112835e-05,False,2.3082208764064086e-08,False,0.0010817469181318984,8.768951243043944e-05,0.00024290577478766024,1.6989718973082526e-05,5.9003215425193514e-08,False,False,0.9999998923952577,1.000000084630503,0.9999999104534466,0.9999999102037576,0.9999998209069012,False,False,False,0.0010817470345330094,8.768950500923252e-05,0.00024290579653903711,1.6989720498695587e-05,5.9003225992264096e-08,8,outer,1,False,False,0.5699012476865621,0.31615848416735415,0.6254618191800159,0.6944569401844306,0.3912024872519749,False,False,False,32768
press,fno_full,0.015814875136129558,False,0.03439032630809553,False,0.14462438710637918,0.012261711901221304,0.1366913178895404,0.25244466201644766,0.01868451638637939,0.003138448770107096,False,0.0004974506026947305,False,9.849860682586745e-06,False,0.10935137187130721,2.804692084199935,0.022960117866763576,0.001970533259532023,0.000527167012455676,False,False,0.9999997618493409,1.0000000803659952,1.0000000011685792,1.0000000268318756,1.0000000023371582,False,False,False,0.1093513979134147,2.804691858798083,0.02296011783993286,0.0019705332066589213,0.0005271670112236033,1,inner,1,False,False,0.14462435266398607,0.012261712886645982,0.136691318049275,0.2524446687900114,0.018684516430048058,False,False,False,32768
press,fno_full,0.0011914954822168466,False,0.00029567817352213564,False,0.010355572279815779,0.00012842765739573008,0.016843800866164934,0.03397674662988158,0.0002837136276190185,0.00029636664790300837,False,4.352556478330201e-05,False,8.783318998926573e-08,False,0.11505839078919962,2.302293598730442,0.01759499831765028,0.0012810398022341113,0.0003095839657981163,False,False,1.0000008205853665,1.0000000214417535,1.0000000088060013,1.0000000115412615,1.000000017612003,False,False,False,0.11505829637404531,2.3022935493652312,0.017594998162708705,0.001281039787449296,0.00030958396034572264,2,inner,1,False,False,0.010355580777446853,0.00012842766014944425,0.016843801014491466,0.033976747022016106,0.00028371363261578376,False,False,False,32768
press,fno_full,0.0016958167106167822,False,0.0001374859333676846,False,0.009866506499280218,6.466724383001051e-05,0.010648826986457261,0.015360367231489556,0.00011339751618750047,0.00034963864163721747,False,3.730035988144294e-05,False,1.2224717972591858e-07,False,0.17187610536115244,2.1260521590975965,0.032833535757682365,0.0024283507887087005,0.0010780410703510063,False,False,0.9999997669118328,0.9999998629373165,0.999999990801104,0.9999999697929478,0.999999981602208,False,False,False,0.17187614542344817,2.1260524505000507,0.032833536059714646,0.0024283508620620217,0.001078041090184582,3,middle,1,False,False,0.0098665041995143,6.466723496654455e-05,0.01064882688849981,0.015360366767498142,0.00011339751410123656,False,False,False,32768
press,fno_full,0.0017500176145404112,False,4.622732906041168e-05,False,0.10372290192415885,0.0026917798435448954,0.11701360530581804,0.13187837306755004,0.013692183826665769,0.0003840061092921548,False,3.33979613468748e-05,False,1.4746069197369832e-07,False,0.016872046405142102,0.01717351780134194,0.003281721884293241,0.00025324820567636117,1.0769698525849181e-05,False,False,0.9999993373778002,0.999999690998267,0.9999999678398044,0.9999999336428638,0.9999999356796099,False,False,False,0.016872057584942014,0.017173523107990342,0.0032817219898340624,0.00025324822248118796,1.0769699218560437e-05,4,middle,1,False,False,0.10372283319506141,0.0026917790117802587,0.11701360154263761,0.13187836431647887,0.013692182945979162,False,False,False,32768
press,fno_full,0.0008220073168558883,False,1.8236675078763435e-05,False,0.29597864572428256,0.06936321109109315,0.3096450120442091,0.35706364588975437,0.09588003348385842,0.00016376949117029643,False,1.4590122354874714e-05,False,2.6820446238177804e-08,False,0.002777252104942818,0.00026291566944346937,0.0005288943299590903,4.0861405306379205e-05,2.797292122628751e-07,False,False,0.9999998886125804,0.9999998077715214,0.9999999803831422,0.9999999625301812,0.9999999607662847,False,False,False,0.002777252414293798,0.0002629157199833582,0.0005288943403343354,4.086140683744871e-05,2.797292232376918e-07,5,middle,1,False,False,0.29597861275598497,0.06936319775750861,0.30964500596994693,0.35706363251064427,0.09588002972212849,False,False,False,32768
press,fno_full,0.0003510001661197748,False,3.2105018164022024e-06,False,0.42042082615856535,0.5103197365736002,0.4686133804333499,0.6479801217449156,0.21959850032117148,7.994350521291628e-05,False,7.1762747672183616e-06,False,6.390964025727572e-09,False,0.000834878160834478,6.291157457397636e-06,0.0001705958654850798,1.1074837832823797e-05,2.910294932060344e-08,False,False,1.0000002090223503,1.000000648111376,1.000000017750093,1.0000000113566978,1.0000000355001861,False,False,False,0.0008348779863263189,6.291153380029563e-06,0.00017059586245698737,1.1074837707050213e-05,2.9102948287443356e-08,6,middle,1,False,False,0.4204209140359146,0.5103200673176269,0.46861338875128095,0.64798012910383,0.21959850811695913,False,False,False,32768
press,fno_full,0.0011058623850885851,False,1.3383278734001048e-05,False,0.9244508535307429,0.20256865297282328,0.9107307274271652,0.8724745395759907,0.8294304578800136,0.00027771933921905725,False,1.867284133938132e-05,False,7.712803137626979e-08,False,0.0011962370750862306,6.606786656075832e-05,0.00030494122011631323,2.1402161888249523e-05,9.298914772602578e-08,False,False,1.0000001945959922,1.0000002679109343,1.0000000586569968,1.0000000752002587,1.000000117313997,False,False,False,0.0011962368423033354,6.606784886045921e-05,0.0003049412022293781,2.1402160278801535e-05,9.298913681709846e-08,7,outer,1,False,False,0.9244510334251739,0.20256870724318035,0.9107307808478946,0.8724746051863017,0.8294305551838159,False,False,False,32768
press,fno_full,0.0005294733473558466,False,3.0265243493784887e-05,False,0.4894613873919883,0.3451409713082062,0.5824293584052523,0.6399142416023195,0.3392239575323539,0.00014147545456250768,False,1.0871963131696643e-05,False,2.0015304243668173e-08,False,0.0010817469181318984,8.768951243043944e-05,0.00024290577478766024,1.6989718973082526e-05,5.9003215425193514e-08,False,False,0.9999998923952577,1.000000084630503,0.9999999104534466,0.9999999102037576,0.9999998209069012,False,False,False,0.0010817470345330094,8.768950500923252e-05,0.00024290579653903711,1.6989720498695587e-05,5.9003225992264096e-08,8,outer,1,False,False,0.4894613347236218,0.3451410005176602,0.5824293062507108,0.6399141841404251,0.3392238967796842,False,False,False,32768
press,localno_plain,0.01863215862947982,False,0.26185137237888556,False,0.1703879732885978,0.09336189660676464,0.19784140205715797,0.7332060275913642,0.03914122036794203,0.004542461910158109,False,0.0014448068634581373,False,2.0633960205237252e-05,False,0.10935137187130721,2.804692084199935,0.022960117866763576,0.001970533259532023,0.000527167012455676,False,False,0.9999997618493409,1.0000000803659952,1.0000000011685792,1.0000000268318756,1.0000000023371582,False,False,False,0.1093513979134147,2.804691858798083,0.02296011783993286,0.0019705332066589213,0.0005271670112236033,1,inner,1,False,False,0.17038793271058966,0.09336190410988636,0.19784140228835131,0.7332060472646571,0.03914122045942125,False,False,False,32768
press,localno_plain,0.003140189798414207,False,0.004615945672419082,False,0.02729214077196161,0.002004933547556429,0.03351719738617592,0.11989953885552616,0.001123402520623878,0.0005897350316221178,False,0.00015359608154344437,False,3.4778740752234027e-07,False,0.11505839078919962,2.302293598730442,0.01759499831765028,0.0012810398022341113,0.0003095839657981163,False,False,1.0000008205853665,1.0000000214417535,1.0000000088060013,1.0000000115412615,1.000000017612003,False,False,False,0.11505829637404531,2.3022935493652312,0.017594998162708705,0.001281039787449296,0.00030958396034572264,2,inner,1,False,False,0.027292163167492948,0.0020049335905457195,0.03351719768132841,0.1198995402393181,0.0011234025404092466,False,False,False,32768
press,localno_plain,0.0015331177398184076,False,0.0009759255404788449,False,0.008919900393349988,0.00045903179576416267,0.011780691204114794,0.04150471396413333,0.00013878468524670772,0.0003868017459005172,False,0.00010078800488993218,False,1.496155906316883e-07,False,0.17187610536115244,2.1260521590975965,0.032833535757682365,0.0024283507887087005,0.0010780410703510063,False,False,0.9999997669118328,0.9999998629373165,0.999999990801104,0.9999999697929478,0.999999981602208,False,False,False,0.17187614542344817,2.1260524505000507,0.032833536059714646,0.0024283508620620217,0.001078041090184582,3,middle,1,False,False,0.008919898314226753,0.0004590317328480329,0.011780691095745442,0.04150471271039827,0.00013878468269337593,False,False,False,32768
press,localno_plain,0.004378730365001499,False,0.0008302320648053848,False,0.25952574215697927,0.04834373914589068,0.2495774465513089,0.3733707122275938,0.062288901827071454,0.0008190437681734571,False,9.455546292374314e-05,False,6.708326941837758e-07,False,0.016872046405142102,0.01717351780134194,0.003281721884293241,0.00025324820567636117,1.0769698525849181e-05,False,False,0.9999993373778002,0.999999690998267,0.9999999678398044,0.9999999336428638,0.9999999356796099,False,False,False,0.016872057584942014,0.017173523107990342,0.0032817219898340624,0.00025324822248118796,1.0769699218560437e-05,4,middle,1,False,False,0.2595255701894611,0.048343724207591504,0.2495774385248494,0.37337068745178265,0.06228889782062498,False,False,False,32768
press,localno_plain,0.0019179350974627596,False,0.0002659943352039432,False,0.6905873233651754,1.0117097081622812,0.6322836720620552,0.74670377264868,0.3997826419562765,0.0003344112490793339,False,3.0511365498000145e-05,False,1.1183088351080027e-07,False,0.002777252104942818,0.00026291566944346937,0.0005288943299590903,4.0861405306379205e-05,2.797292122628751e-07,False,False,0.9999998886125804,0.9999998077715214,0.9999999803831422,0.9999999625301812,0.9999999607662847,False,False,False,0.002777252414293798,0.0002629157199833582,0.0005288943403343354,4.086140683744871e-05,2.797292232376918e-07,5,middle,1,False,False,0.6905872464424353,1.0117095136828633,0.6322836596586363,0.746703744669825,0.39978262627131816,False,False,False,32768
press,localno_plain,0.00018247479617798488,False,1.414146973769725e-06,False,0.21856458192126807,0.22478327451602093,0.26088771549535594,0.3867132389161912,0.06806240009638578,4.450636561935551e-05,False,4.2827864088028624e-06,False,1.9808165806437503e-09,False,0.000834878160834478,6.291157457397636e-06,0.0001705958654850798,1.1074837832823797e-05,2.910294932060344e-08,False,False,1.0000002090223503,1.000000648111376,1.000000017750093,1.0000000113566978,1.0000000355001861,False,False,False,0.0008348779863263189,6.291153380029563e-06,0.00017059586245698737,1.1074837707050213e-05,2.9102948287443356e-08,6,middle,1,False,False,0.2185646276061507,0.22478342020061826,0.26088772012613715,0.3867132433079766,0.06806240251261367,False,False,False,32768
press,localno_plain,0.0003738015169884079,False,3.672978438652369e-06,False,0.31248113335850464,0.05559402217528198,0.3717733993671767,0.4466506161438618,0.13821546047702626,0.00011336903400981625,False,9.559288794197326e-06,False,1.2852537872318873e-08,False,0.0011962370750862306,6.606786656075832e-05,0.00030494122011631323,2.1402161888249523e-05,9.298914772602578e-08,False,False,1.0000001945959922,1.0000002679109343,1.0000000586569968,1.0000000752002587,1.000000117313997,False,False,False,0.0011962368423033354,6.606784886045921e-05,0.0003049412022293781,2.1402160278801535e-05,9.298913681709846e-08,7,outer,1,False,False,0.3124811941660808,0.0555940370695284,0.3717734211742878,0.44665064973210367,0.1382154766916344,False,False,False,32768
press,localno_plain,0.00032553470259472306,False,1.0755482323060243e-05,False,0.3009342547117202,0.1226541467155737,0.34834974122847323,0.5818536688989977,0.12134754221394428,8.461616379018324e-05,False,9.88553031805098e-06,False,7.159895174567118e-09,False,0.0010817469181318984,8.768951243043944e-05,0.00024290577478766024,1.6989718973082526e-05,5.9003215425193514e-08,False,False,0.9999998923952577,1.000000084630503,0.9999999104534466,0.9999999102037576,0.9999998209069012,False,False,False,0.0010817470345330094,8.768950500923252e-05,0.00024290579653903711,1.6989720498695587e-05,5.9003225992264096e-08,8,outer,1,False,False,0.30093422232976724,0.12265415709585584,0.3483497100349545,0.5818536166507245,0.12134752048143692,False,False,False,32768
vel1,persistence,1.221684423983097,False,156.40473916850172,False,1.0267814639495083,1.065584393304804,0.9852502977256952,0.9403961219877791,0.970718149168571,0.31742622985237123,False,0.037523924214963304,False,0.10075941139829042,False,1.1898193207383154,146.77836889430034,0.32217826331552785,0.039902253250094694,0.1037988333530096,False,False,0.9999999328719771,1.000000021834176,1.0000000011457648,1.0000000046888593,1.0000000022915299,False,False,False,1.1898194006085394,146.77836568951568,0.3221782629463873,0.03990225306299864,0.10379883311515148,1,inner,1,False,False,1.0267813950236986,1.065584416570961,0.9852502988545604,0.9403961263971643,0.9707181513930007,False,False,False,32768
vel1,persistence,0.716162918433547,False,31.01538857979237,False,1.0066426501871422,0.9023808789653379,1.100997968100449,1.0769352012038251,1.2121965257613172,0.15281092532357146,False,0.0194141650252893,False,0.023351178898246137,False,0.7114370907098037,34.37061810901218,0.13879310384851667,0.01802723599673189,0.019263525675905138,False,False,0.9999999333944068,1.0000000008587795,0.9999999984707608,0.9999999953894593,0.9999999969415216,False,False,False,0.7114371380954962,34.370618079495394,0.13879310406076453,0.018027236079847197,0.019263525734822214,2,inner,1,False,False,1.0066425831391113,0.9023808797402841,1.1009979664167597,1.0769351962385716,1.2121965220538404,False,False,False,32768
vel1,persistence,0.4965108504891395,False,14.050299930686032,False,0.8746385408997852,1.1474539075066712,0.8433327130862203,0.9455923016876638,0.7112100649613652,0.10955862621565572,False,0.015959909180069596,False,0.012003092578261765,False,0.5676754765212536,12.244761936639573,0.12991151003110052,0.01687821395286832,0.01687700043856073,False,False,1.0000000100732214,1.0000000055060358,1.0000000011679366,1.0000000042993107,1.000000002335873,False,False,False,0.5676754708029329,12.244761869219476,0.1299115098793721,0.016878213880303635,0.016877000399138198,3,middle,1,False,False,0.8746385497102128,1.1474539138245934,0.8433327140711794,0.9455923057530587,0.7112100666226616,False,False,False,32768
vel1,persistence,0.6340854650735855,False,5.964090416205573,False,0.9397411405917226,0.9788258530154949,0.9239309999746059,0.9240511368734251,0.8536484927140754,0.18732150771330114,False,0.015886395507983427,False,0.03508934725198434,False,0.6747448182106018,6.0931067542115285,0.20274404443454072,0.017192117269327616,0.04110514755367502,False,False,0.9999999774672731,0.9999999874315568,1.00000000052973,1.0000000003490512,1.00000000105946,False,False,False,0.6747448334144429,6.0931068307923955,0.2027440443271411,0.017192117263326687,0.041105147510125756,4,middle,1,False,False,0.9397411194167922,0.9788258407131778,0.92393100046404,0.9240511371959662,0.8536484936184819,False,False,False,32768
vel1,persistence,0.6918955636024475,False,4.451990590438049,False,0.9542544199346482,0.827514718454782,0.9504475813677585,0.9226669026923168,0.903350604927822,0.22499692059148396,False,0.015206483110155903,False,0.05062361427565054,False,0.7250640386343002,5.379953360529043,0.23672733247182146,0.016481010715550543,0.056039829939224295,False,False,1.0000000271279945,1.000000027468247,0.9999999993466037,1.000000000296558,0.9999999986932073,False,False,False,0.7250640189647675,5.3799532127511585,0.23672733262649823,0.01648101071066297,0.056039830012456736,5,middle,1,False,False,0.954254445821657,0.8275147411851608,0.9504475807467396,0.9226669029659409,0.9033506037473301,False,False,False,32768
vel1,persistence,0.6867284005880356,False,2.0529986188852107,False,0.954398661169466,0.8023320275154934,0.9555613707270629,0.9309463403210427,0.9130975332257832,0.23581110336805172,False,0.012285543938935642,False,0.055606876471657976,False,0.7195404064655304,2.5587893147460905,0.2467775598637154,0.013196833594833075,0.06089916405228965,False,False,0.9999999767020645,1.0000000009843868,0.9999999998152136,0.9999999677616899,0.9999999996304273,False,False,False,0.7195404232293368,2.558789312227252,0.24677755990931655,0.013196834020276703,0.06089916407479632,6,middle,1,False,False,0.9543986389339476,0.8023320283052985,0.9555613705504882,0.930946310308906,0.9130975328883273,False,False,False,32768
vel1,persistence,0.6359860438108444,False,3.226759542557939,False,0.9543038046867452,0.8517855750419816,0.9626924000368119,0.9434546348095141,0.9267766570886368,0.20895891128883937,False,0.010589520867460312,False,0.04366382660701704,False,0.6664398074150085,3.7882298516253963,0.21705677876012017,0.011224197196930791,0.047113645205719756,False,False,0.9999999979038109,1.0000000442444819,0.9999999961067703,1.0000000090750956,0.9999999922135404,False,False,False,0.6664398088119924,3.7882296840171366,0.21705677960517208,0.011224197095070129,0.04711364557256825,7,outer,1,False,False,0.9543038026863441,0.851785612728793,0.9626923962888291,0.9434546433714552,0.9267766498723279,False,False,False,32768
vel1,persistence,0.5442226278781891,False,3.0208606970417073,False,0.9505667320714679,0.8721269962706653,0.9771394396455257,0.960924579059919,0.954801484510772,0.1707138852479906,False,0.008920216002879127,False,0.029143230616464108,False,0.5725243788957596,3.463785331676834,0.17470780353510246,0.009282951229747764,0.03052281661605996,False,False,0.9999999172337626,1.0000000686187973,1.0000000025632643,1.000000026079424,1.0000000051265285,False,False,False,0.5725244262814522,3.4637850939960666,0.17470780308728018,0.009282950987653749,0.03052281645958387,8,outer,1,False,False,0.9505666533966362,0.8721270561149709,0.9771394421501923,0.9609246041202786,0.9548014894055891,False,False,False,32768
vel1,fno_plain,0.7730068825185299,False,66.9208902963643,False,0.6496842579752848,0.4559315572211878,0.6131965043866474,0.5973890444318629,0.3760099529920036,0.1975585848544425,False,0.023837168939752264,False,0.03902939444968996,False,1.1898193207383154,146.77836889430034,0.32217826331552785,0.039902253250094694,0.1037988333530096,False,False,0.9999999328719771,1.000000021834176,1.0000000011457648,1.0000000046888593,1.0000000022915299,False,False,False,1.1898194006085394,146.77836568951568,0.3221782629463873,0.03990225306299864,0.10379883311515148,1,inner,1,False,False,0.6496842143632651,0.45593156717607763,0.6131965050892264,0.5973890472329362,0.37600995385364167,False,False,False,32768
vel1,fno_plain,0.35843379199504855,False,12.388939143969068,False,0.503816566040207,0.3604514502670703,0.5755241150587745,0.8041714558931122,0.3312280070141856,0.07987877826867816,False,0.014496988617220605,False,0.006380619217696651,False,0.7114370907098037,34.37061810901218,0.13879310384851667,0.01802723599673189,0.019263525675905138,False,False,0.9999999333944068,1.0000000008587795,0.9999999984707608,0.9999999953894593,0.9999999969415216,False,False,False,0.7114371380954962,34.370618079495394,0.13879310406076453,0.018027236079847197,0.019263525734822214,2,inner,1,False,False,0.5038165324832058,0.36045145057661865,0.5755241141786606,0.8041714521854469,0.3312280060011319,False,False,False,32768
vel1,fno_plain,0.431729085072875,False,14.950524696710206,False,0.7605209365719556,1.220973080086945,0.6800005492898815,0.8731543660167657,0.4624007470345407,0.0883398981802263,False,0.014737286203512065,False,0.007803937610492752,False,0.5676754765212536,12.244761936639573,0.12991151003110052,0.01687821395286832,0.01687700043856073,False,False,1.0000000100732214,1.0000000055060358,1.0000000011679366,1.0000000042993107,1.000000002335873,False,False,False,0.5676754708029329,12.244761869219476,0.1299115098793721,0.016878213880303635,0.016877000399138198,3,middle,1,False,False,0.7605209442328514,1.2209730868096667,0.680000550084079,0.8731543697707275,0.46240074811465015,False,False,False,32768
vel1,fno_plain,0.44162803888320923,False,8.398488024411012,False,0.654511197365532,1.378358916591444,0.4620652729307295,0.7660272375600137,0.21350431644854956,0.09368098222672601,False,0.01316963009963084,False,0.008776126430964154,False,0.6747448182106018,6.0931067542115285,0.20274404443454072,0.017192117269327616,0.04110514755367502,False,False,0.9999999774672731,0.9999999874315568,1.00000000052973,1.0000000003490512,1.00000000105946,False,False,False,0.6747448334144429,6.0931068307923955,0.2027440443271411,0.017192117263326687,0.041105147510125756,4,middle,1,False,False,0.6545111826176099,1.3783588992676183,0.4620652731754994,0.7660272378273965,0.21350431667474884,False,False,False,32768
vel1,fno_plain,0.5010238048434257,False,7.247877374648244,False,0.6910062810274424,1.3472007820408907,0.6056203921377699,0.8110909855736104,0.3667760593731062,0.14336689992131274,False,0.013367599224525123,False,0.020554067993047705,False,0.7250640386343002,5.379953360529043,0.23672733247182146,0.016481010715550543,0.056039829939224295,False,False,1.0000000271279945,1.000000027468247,0.9999999993466037,1.000000000296558,0.9999999986932073,False,False,False,0.7250640189647675,5.3799532127511585,0.23672733262649823,0.01648101071066297,0.056039830012456736,5,middle,1,False,False,0.6910062997730572,1.3472008190461346,0.6056203917420597,0.8110909858141457,0.36677605889380593,False,False,False,32768
vel1,fno_plain,0.5508408486843109,False,4.143230033645847,False,0.7655454005565968,1.61921499740864,0.7040442679211153,0.7297326182738599,0.4956783311925791,0.1737423264736087,False,0.009630159932081975,False,0.030186396008462037,False,0.7195404064655304,2.5587893147460905,0.2467775598637154,0.013196833594833075,0.06089916405228965,False,False,0.9999999767020645,1.0000000009843868,0.9999999998152136,0.9999999677616899,0.9999999996304273,False,False,False,0.7195404232293368,2.558789312227252,0.24677755990931655,0.013196834020276703,0.06089916407479632,6,middle,1,False,False,0.7655453827209694,1.619214999002574,0.7040442677910175,0.7297325947485135,0.4956783310093899,False,False,False,32768
vel1,fno_plain,0.561980813741684,False,1.092399923077171,False,0.8432581719893041,0.288366853613294,0.8113026483116232,0.7222936651170817,0.6582119871574534,0.17609873944207557,False,0.008107166531368016,False,0.031010766033088027,False,0.6664398074150085,3.7882298516253963,0.21705677876012017,0.011224197196930791,0.047113645205719756,False,False,0.9999999979038109,1.0000000442444819,0.9999999961067703,1.0000000090750956,0.9999999922135404,False,False,False,0.6664398088119924,3.7882296840171366,0.21705677960517208,0.011224197095070129,0.04711364557256825,7,outer,1,False,False,0.8432581702216755,0.28836686637193604,0.8113026451530355,0.7222936716719658,0.6582119820323123,False,False,False,32768
vel1,fno_plain,0.5473836091160774,False,7.9897124457802144,False,0.9560878615716387,2.306641919380252,0.8696357530668951,1.2901920049295135,0.756266343012226,0.151932152293912,False,0.01197678945877116,False,0.02308337890066047,False,0.5725243788957596,3.463785331676834,0.17470780353510246,0.009282951229747764,0.03052281661605996,False,False,0.9999999172337626,1.0000000686187973,1.0000000025632643,1.000000026079424,1.0000000051265285,False,False,False,0.5725244262814522,3.4637850939960666,0.17470780308728018,0.009282950987653749,0.03052281645958387,8,outer,1,False,False,0.9560877824398438,2.3066420776592462,0.8696357552960015,1.2901920385769778,0.756266346889247,False,False,False,32768
vel1,fno_full,0.6871324479579926,False,78.22384874706067,False,0.5775099092621963,0.5329385340382962,0.5170681651347433,0.6019170790922992,0.2673594873958102,0.16658812345885818,False,0.024017847725498198,False,0.027751602877543774,False,1.1898193207383154,146.77836889430034,0.32217826331552785,0.039902253250094694,0.1037988333530096,False,False,0.9999999328719771,1.000000021834176,1.0000000011457648,1.0000000046888593,1.0000000022915299,False,False,False,1.1898194006085394,146.77836568951568,0.3221782629463873,0.03990225306299864,0.10379883311515148,1,inner,1,False,False,0.5775098704950978,0.5329385456745699,0.517068165727182,0.6019170819146037,0.2673594880084724,False,False,False,32768
vel1,fno_full,0.21861865490674964,False,7.49286120634962,False,0.30729161827735596,0.21800193358713404,0.38627115775694554,0.6172993607626357,0.1492054073148911,0.05361177291224651,False,0.011128201257099771,False,0.002874222194794289,False,0.7114370907098037,34.37061810901218,0.13879310384851667,0.01802723599673189,0.019263525675905138,False,False,0.9999999333944068,1.0000000008587795,0.9999999984707608,0.9999999953894593,0.9999999969415216,False,False,False,0.7114371380954962,34.370618079495394,0.13879310406076453,0.018027236079847197,0.019263525734822214,2,inner,1,False,False,0.3072915978100154,0.21800193377434965,0.38627115716624455,0.6172993579165518,0.14920540685854958,False,False,False,32768
vel1,fno_full,0.26317630395293234,False,5.415529432420667,False,0.4636034404122777,0.44227314997574324,0.4715279791355139,0.6643576247463143,0.2223386351076217,0.061256911791407874,False,0.011213170131687697,False,0.0037524092422203253,False,0.5676754765212536,12.244761936639573,0.12991151003110052,0.01687821395286832,0.01687700043856073,False,False,1.0000000100732214,1.0000000055060358,1.0000000011679366,1.0000000042993107,1.000000002335873,False,False,False,0.5676754708029329,12.244761869219476,0.1299115098793721,0.016878213880303635,0.016877000399138198,3,middle,1,False,False,0.4636034450822578,0.4422731524109151,0.4715279796862287,0.6643576276025941,0.22233863562697653,False,False,False,32768
vel1,fno_full,0.34779633581638336,False,5.21065188488303,False,0.5154486947209559,0.8551716054017027,0.36022160165381056,0.5911926934863303,0.12975960229803657,0.07303278441198159,False,0.010163854115186647,False,0.0053337875989669815,False,0.6747448182106018,6.0931067542115285,0.20274404443454072,0.017192117269327616,0.04110514755367502,False,False,0.9999999774672731,0.9999999874315568,1.00000000052973,1.0000000003490512,1.00000000105946,False,False,False,0.6747448334144429,6.0931068307923955,0.2027440443271411,0.017192117263326687,0.041105147510125756,4,middle,1,False,False,0.5154486831064912,0.8551715946535269,0.36022160184463076,0.5911926936926868,0.12975960243551168,False,False,False,32768
vel1,fno_full,0.413824078887701,False,5.810153157405596,False,0.5707414198436354,1.0799634807306673,0.5018635747890038,0.7260923336373463,0.25186704769999796,0.11880482532457333,False,0.011966735531156203,False,0.01411458652040238,False,0.7250640386343002,5.379953360529043,0.23672733247182146,0.016481010715550543,0.056039829939224295,False,False,1.0000000271279945,1.000000027468247,0.9999999993466037,1.000000000296558,0.9999999986932073,False,False,False,0.7250640189647675,5.3799532127511585,0.23672733262649823,0.01648101071066297,0.056039830012456736,5,middle,1,False,False,0.5707414353267055,1.079963510395371,0.501863574461088,0.7260923338526746,0.25186704737085996,False,False,False,32768
vel1,fno_full,0.4735819697380066,False,1.9150692748509681,False,0.6581728635147797,0.7484278849433139,0.5979275122340375,0.773396972635534,0.3575173098863851,0.14755509244449763,False,0.010206391150618811,False,0.02177250530630424,False,0.7195404064655304,2.5587893147460905,0.2467775598637154,0.013196833594833075,0.06089916405228965,False,False,0.9999999767020645,1.0000000009843868,0.9999999998152136,0.9999999677616899,0.9999999996304273,False,False,False,0.7195404232293368,2.558789312227252,0.24677755990931655,0.013196834020276703,0.06089916407479632,6,middle,1,False,False,0.6581728481807108,0.7484278856800565,0.5979275121235487,0.7733969477025225,0.3575173097542564,False,False,False,32768
vel1,fno_full,0.4636697918176651,False,2.1337011407427084,False,0.695741440800409,0.5632448991518327,0.6433330810788226,0.9064935110574681,0.41387745321037095,0.13963980624879244,False,0.010174661925847185,False,0.019499275489200295,False,0.6664398074150085,3.7882298516253963,0.21705677876012017,0.011224197196930791,0.047113645205719756,False,False,0.9999999979038109,1.0000000442444819,0.9999999961067703,1.0000000090750956,0.9999999922135404,False,False,False,0.6664398088119924,3.7882296840171366,0.21705677960517208,0.011224197095070129,0.04711364557256825,7,outer,1,False,False,0.6957414393420034,0.5632449240723114,0.6433330785741791,0.9064935192839835,0.41387744998773085,False,False,False,32768
vel1,fno_full,0.6417821222543716,False,4.869136323545468,False,1.1209690729540478,1.4057269308858402,1.0872477840697123,1.312732393908928,1.1821077439645,0.18995067225322682,False,0.012186030790366608,False,0.036081257889452795,False,0.5725243788957596,3.463785331676834,0.17470780353510246,0.009282951229747764,0.03052281661605996,False,False,0.9999999172337626,1.0000000686187973,1.0000000025632643,1.000000026079424,1.0000000051265285,False,False,False,0.5725244262814522,3.4637850939960666,0.17470780308728018,0.009282950987653749,0.03052281645958387,8,outer,1,False,False,1.1209689801756553,1.4057270273451317,1.087247786856616,1.3127324281442325,1.182107750024609,False,False,False,32768
vel1,localno_plain,1.4493822386860846,False,316.19328123849255,False,1.2181532216057,2.154222612094791,0.9007871447831637,1.5807070238671395,0.8114174802066043,0.2902140379231926,False,0.06307377198055007,False,0.08422418780768429,False,1.1898193207383154,146.77836889430034,0.32217826331552785,0.039902253250094694,0.1037988333530096,False,False,0.9999999328719771,1.000000021834176,1.0000000011457648,1.0000000046888593,1.0000000022915299,False,False,False,1.1898194006085394,146.77836568951568,0.3221782629463873,0.03990225306299864,0.10379883311515148,1,inner,1,False,False,1.2181531398334826,2.154222659130467,0.900787145815254,1.5807070312788523,0.8114174820659916,False,False,False,32768
vel1,localno_plain,0.5164978303015232,False,47.97065652093744,False,0.7259922726072817,1.3956879206766215,0.751703143403942,1.4898036180347913,0.5650576158033671,0.10433121244571973,False,0.0268570414110982,False,0.010885001890393903,False,0.7114370907098037,34.37061810901218,0.13879310384851667,0.01802723599673189,0.019263525675905138,False,False,0.9999999333944068,1.0000000008587795,0.9999999984707608,0.9999999953894593,0.9999999969415216,False,False,False,0.7114371380954962,34.370618079495394,0.13879310406076453,0.018027236079847197,0.019263525734822214,2,inner,1,False,False,0.7259922242521357,1.3956879218752098,0.7517031422544079,1.4898036111659911,0.5650576140751506,False,False,False,32768
vel1,localno_plain,0.39682085178792476,False,40.13613470533577,False,0.6990276455478835,3.277820745966307,0.6471981708007025,1.6008091000783187,0.4188654722877754,0.08407849165808537,False,0.027018798488820456,False,0.0070691927594987315,False,0.5676754765212536,12.244761936639573,0.12991151003110052,0.01687821395286832,0.01687700043856073,False,False,1.0000000100732214,1.0000000055060358,1.0000000011679366,1.0000000042993107,1.000000002335873,False,False,False,0.5676754708029329,12.244761869219476,0.1299115098793721,0.016878213880303635,0.016877000399138198,3,middle,1,False,False,0.6990276525893437,3.277820764014106,0.6471981715565889,1.6008091069606942,0.41886547326619195,False,False,False,32768
vel1,localno_plain,0.544636146724224,False,22.479880475098295,False,0.8071735151202477,3.6893954729351,0.7308639339392856,1.1024853118879299,0.5341620899332085,0.14817830989818975,False,0.01895405676968852,False,0.021956811524283956,False,0.6747448182106018,6.0931067542115285,0.20274404443454072,0.017192117269327616,0.04110514755367502,False,False,0.9999999774672731,0.9999999874315568,1.00000000052973,1.0000000003490512,1.00000000105946,False,False,False,0.6747448334144429,6.0931068307923955,0.2027440443271411,0.017192117263326687,0.041105147510125756,4,middle,1,False,False,0.8071734969324273,3.6893954265651425,0.7308639343264463,1.1024853122727536,0.5341620904991318,False,False,False,32768
vel1,localno_plain,0.507435690164566,False,7.636254601485055,False,0.6998494796685135,1.4193904834770048,0.6353249348803774,0.8106867489891091,0.40363777288075575,0.15039877708706542,False,0.01336093699704434,False,0.022619792149284793,False,0.7250640386343002,5.379953360529043,0.23672733247182146,0.016481010715550543,0.056039829939224295,False,False,1.0000000271279945,1.000000027468247,0.9999999993466037,1.000000000296558,0.9999999986932073,False,False,False,0.7250640189647675,5.3799532127511585,0.23672733262649823,0.01648101071066297,0.056039830012456736,5,middle,1,False,False,0.6998494986540265,1.4193905224651733,0.6353249344652584,0.8106867492295246,0.40363777235328485,False,False,False,32768
vel1,localno_plain,0.394649668931961,False,6.782544333315952,False,0.5484746449063618,2.650684952539356,0.5043892564057625,0.8348031713962246,0.254408521977558,0.12447194991728795,False,0.011016758537354891,False,0.01549326631621184,False,0.7195404064655304,2.5587893147460905,0.2467775598637154,0.013196833594833075,0.06089916405228965,False,False,0.9999999767020645,1.0000000009843868,0.9999999998152136,0.9999999677616899,0.9999999996304273,False,False,False,0.7195404232293368,2.558789312227252,0.24677755990931655,0.013196834020276703,0.06089916407479632,6,middle,1,False,False,0.5484746321280349,2.6506849551486553,0.5043892563125582,0.8348031444835811,0.2544085218835355,False,False,False,32768
vel1,localno_plain,0.45630976453423494,False,8.256688559967222,False,0.6846976417932964,2.1795637760534956,0.614890342738586,0.9710163294703008,0.37809013359317584,0.13346611708554373,False,0.010898878763414575,False,0.01781320440989207,False,0.6664398074150085,3.7882298516253963,0.21705677876012017,0.011224197196930791,0.047113645205719756,False,False,0.9999999979038109,1.0000000442444819,0.9999999961067703,1.0000000090750956,0.9999999922135404,False,False,False,0.6664398088119924,3.7882296840171366,0.21705677960517208,0.011224197095070129,0.04711364557256825,7,outer,1,False,False,0.6846976403580407,2.1795638724871655,0.6148903403446767,0.9710163382823669,0.3780901306491923,False,False,False,32768
vel1,localno_plain,0.46216241344809533,False,26.448713772082055,False,0.8072362164550585,7.635783179230138,0.6620849013631229,2.2061725647758625,0.4383564166130161,0.11567139887090616,False,0.02047979232322187,False,0.01337987251675227,False,0.5725243788957596,3.463785331676834,0.17470780353510246,0.009282951229747764,0.03052281661605996,False,False,0.9999999172337626,1.0000000686187973,1.0000000025632643,1.000000026079424,1.0000000051265285,False,False,False,0.5725244262814522,3.4637850939960666,0.17470780308728018,0.009282950987653749,0.03052281645958387,8,outer,1,False,False,0.8072361496431542,7.635783703188397,0.6620849030602215,2.206172622311572,0.43835641886026283,False,False,False,32768
vel2,persistence,0.07146307080984116,False,1.7839205699087917,False,1.0,0.9852587023808573,0.9794074225766501,1.0495462701666574,0.959238899398237,0.027107959468245124,False,0.0035498549191007264,False,0.0007348414665320206,False,0.07146307080984116,1.810611330402852,0.027677919161495437,0.0033822757700211208,0.0007660672091102763,False,False,0.1406650939182519,0.19552982838564176,0.3431478919870985,0.30899916138655925,0.1177504757751894,False,False,False,0.5080369892716399,9.260026182970913,0.0806588640286214,0.010945905985129454,0.006505852346387635,1,inner,1,False,False,0.1406650939182519,0.19264746499198912,0.33608159245369484,0.32430891731788825,0.11295083678621144,False,False,False,32768
vel2,persistence,0.07146307080984116,False,0.33963678296112265,False,1.0,0.9057518702373092,1.1234811540897944,0.9132988835911217,1.262209903594936,0.022748711508761538,False,0.0018297884441525597,False,0.0005175038753088596,False,0.07146307080984116,0.37497773299892495,0.020248413981800842,0.002003493573711347,0.00040999826877838785,False,False,0.2619657653165052,0.09817187168090856,0.4932373761653118,0.4178020535500252,0.2432831092464413,False,False,False,0.2727954575419425,3.8196046034217224,0.041052067341738614,0.004795317679000973,0.0016852722330306423,2,inner,1,False,False,0.2619657653165052,0.08891935637968006,0.5541428966144265,0.38157814906931603,0.30707434986822696,False,False,False,32768
vel2,persistence,0.023873443705961044,False,0.04446530785031046,False,1.2101198235930215,3.527649054777907,1.108928911331249,1.4019923372894356,1.229723330386309,0.004722518034099861,False,0.0008700969132483987,False,2.2302176582398413e-05,False,0.019728165129199622,0.012604799162231261,0.004258630094178502,0.0006206145997421173,1.81359302790428e-05,False,False,1.00000001605064,0.9999999982511174,1.000000001133807,1.0000000025423452,1.0000000022676143,False,False,False,0.01972816481254995,0.012604799184275576,0.004258630089350037,0.0006206145981643008,1.8135930237917503e-05,3,middle,1,False,False,1.2101198430162192,3.527649048608463,1.1089289125885606,1.4019923408537842,1.2297233331748474,False,False,False,32768
vel2,persistence,0.012971869688481092,False,0.004488706466125,False,1.043325382746128,1.0996611860277357,1.0414715090656435,0.9895209641723222,1.0846629041954687,0.0027064226806195724,False,0.0002907904846208072,False,7.324723726172033e-06,False,0.01243319668341428,0.004081899518832145,0.002598652634336239,0.0002938699584440203,6.7529955139426745e-06,False,False,0.9999999880150202,0.9999999837557858,0.9999999993040977,0.9999999966412556,0.9999999986081956,False,False,False,0.012433196832425893,0.004081899585139396,0.0025986526361446473,0.0002938699594310544,6.752995523341524e-06,4,middle,1,False,False,1.0433253702418943,1.0996611681646038,1.041471508340881,0.9895209608487742,1.0846629026858299,False,False,False,32768
vel2,persistence,0.005062888616230339,False,0.0006568706258341807,False,0.9945004529201507,1.2200780371316888,0.9854073965846725,0.932797600267083,0.9710277372437818,0.0012850265268545362,False,0.00010811216271037576,False,1.6512931747198319e-06,False,0.005090886184480042,0.0005383841081005227,0.001304056100358405,0.0001159009871803064,1.7005623128819705e-06,False,False,0.9999999693576874,1.0000000040454957,1.000000000490104,0.9999999967337114,1.0000000009802081,False,False,False,0.0050908863404765725,0.0005383841059224921,0.001304056099719282,0.00011590098755887247,1.7005623112150655e-06,5,middle,1,False,False,0.9945004224463568,1.2200780420675095,0.9854073970676245,0.9327975972202968,0.9710277381955911,False,False,False,32768
vel2,persistence,0.0016851219430100172,False,0.0001894394065963678,False,1.0156777935258148,1.0160928029013818,0.9820795578449518,0.9772881264988851,0.9644802579369359,0.00039531011395420697,False,4.696932574363477e-05,False,1.5627008619448809e-07,False,0.0016591107472777368,0.00018643907924102685,0.00040252351329017025,4.806087833267905e-05,1.6202517875146186e-07,False,False,1.0000000115776047,0.9999999982437371,0.9999999999496519,0.9999999977545484,0.9999999998993037,False,False,False,0.0016591107280692085,0.0001864390795684629,0.00040252351331043654,4.806087844059742e-05,1.620251787677772e-07,6,middle,1,False,False,1.0156778052849307,1.0160928011168557,0.9820795577955059,0.977288124304432,0.9644802578398164,False,False,False,32768
vel2,persistence,0.0010243285004980862,False,7.564393729817884e-05,False,1.011876503397649,1.006033654472955,0.9783893926097417,0.9639717031320512,0.9572458035712592,0.0002289544581330022,False,3.547881813348367e-05,False,5.242014389897666e-08,False,0.0010123058466706425,7.519026521812284e-05,0.00023401159074537022,3.680483360477185e-05,5.476142460317864e-08,False,False,1.0,1.000000022824311,0.9999999960004302,0.9999999898764828,0.9999999920008605,False,False,False,0.0010123058466706425,7.519026350195688e-05,0.0002340115916813159,3.680483397736622e-05,5.476142504122291e-08,7,outer,1,False,False,1.011876503397649,1.00603367743498,0.978389388696605,0.963971693373267,0.9572457959141165,False,False,False,32768
vel2,persistence,0.0010938381357118486,False,2.762972688290032e-05,False,1.0487421481882016,1.0584497647696034,1.0327720860180258,1.0093866678324859,1.0666181816580242,0.00017300799294866674,False,1.99931856541824e-05,False,2.993176562412592e-08,False,0.0010430000716587528,2.610395675123475e-05,0.00016751807614758392,1.9807261470091454e-05,2.8062305836187727e-08,False,False,1.0,0.999999968340082,1.000000004671431,1.0000000053123523,1.0000000093428623,False,False,False,0.0010430000716587528,2.6103957577683905e-05,0.0001675180753650348,1.9807261364868305e-05,2.8062305574005474e-08,8,outer,1,False,False,1.0487421481882016,1.0584497312591705,1.0327720908425493,1.0093866731947034,1.066618191623291,False,False,False,32768
vel2,fno_plain,0.07146307080984116,False,1.2707362342631292,False,1.0,0.7018271745711415,0.6850963725381466,0.8188080166974866,0.4693570396649269,0.018962042016944583,False,0.002769434515174958,False,0.00035955903745237184,False,0.07146307080984116,1.810611330402852,0.027677919161495437,0.0033822757700211208,0.0007660672091102763,False,False,0.1406650939182519,0.19552982838564176,0.3431478919870985,0.30899916138655925,0.1177504757751894,False,False,False,0.5080369892716399,9.260026182970913,0.0806588640286214,0.010945905985129454,0.006505852346387635,1,inner,1,False,False,0.1406650939182519,0.13722814700027514,0.2350893760444729,0.25301099049611514,0.05526701472897959,False,False,False,32768
vel2,fno_plain,0.07025373619049788,False,0.32455413336266586,False,0.9830774887555386,0.865529082932496,0.7529379614640848,0.8160627440959403,0.5669155738136915,0.015245799546337997,False,0.0016349764635414637,False,0.00023243440380711988,False,0.07146307080984116,0.37497773299892495,0.020248413981800842,0.002003493573711347,0.00040999826877838785,False,False,0.2619657653165052,0.09817187168090856,0.4932373761653118,0.4178020535500252,0.2432831092464413,False,False,False,0.2727954575419425,3.8196046034217224,0.041052067341738614,0.004795317679000973,0.0016852722330306423,2,inner,1,False,False,0.25753264670727266,0.08497061006574347,0.3713771445278038,0.34095269030895253,0.13792098347762527,False,False,False,32768
vel2,fno_plain,0.017858186583034695,False,0.01696252870870375,False,0.9052127486809619,1.345719871485925,0.9255504462647022,0.9762186688227671,0.856643628580789,0.003941576984143203,False,0.0006058555584122242,False,1.5536029121927426e-05,False,0.019728165129199622,0.012604799162231261,0.004258630094178502,0.0006206145997421173,1.81359302790428e-05,False,False,1.00000001605064,0.9999999982511174,1.000000001133807,1.0000000025423452,1.0000000022676143,False,False,False,0.01972816481254995,0.012604799184275576,0.004258630089350037,0.0006206145981643008,1.8135930237917503e-05,3,middle,1,False,False,0.9052127632102059,1.345719869132419,0.9255504473140977,0.976218671304652,0.8566436305233265,False,False,False,32768
vel2,fno_plain,0.01153807295486331,False,0.006275341128447492,False,0.9280053431676945,1.53735806074984,0.9463663244447884,1.192740927416834,0.8956092200431384,0.002459277342065553,False,0.0003505107267744672,False,6.048045045197011e-06,False,0.01243319668341428,0.004081899518832145,0.002598652634336239,0.0002938699584440203,6.7529955139426745e-06,False,False,0.9999999880150202,0.9999999837557858,0.9999999993040977,0.9999999966412556,0.9999999986081956,False,False,False,0.012433196832425893,0.004081899585139396,0.0025986526361446473,0.0002938699594310544,6.752995523341524e-06,4,middle,1,False,False,0.9280053320455692,1.5373580357766665,0.9463663237862099,1.192740923410722,0.8956092187966254,False,False,False,32768
vel2,fno_plain,0.004517673165537417,False,0.0016168235692348171,False,0.8874040789420693,3.0031041869700523,0.8366469691514332,1.543980372892052,0.6999781509902793,0.0010910345839682967,False,0.00017894884940520642,False,1.1903564634148744e-06,False,0.005090886184480042,0.0005383841081005227,0.001304056100358405,0.0001159009871803064,1.7005623128819705e-06,False,False,0.9999999693576874,1.0000000040454957,1.000000000490104,0.9999999967337114,1.0000000009802081,False,False,False,0.0050908863404765725,0.0005383841059224921,0.001304056099719282,0.00011590098755887247,1.7005623112150655e-06,5,middle,1,False,False,0.8874040517499561,3.003104199119098,0.8366469695614772,1.5439803678489665,0.6999781516764035,False,False,False,32768
vel2,fno_plain,0.0030468349205330014,False,0.0005676205031020275,False,1.8364264866177484,3.044536078019419,1.4910325688971509,2.044552153301804,2.2231781215120368,0.000600175668062549,False,9.826297228465496e-05,False,3.6021083253432693e-07,False,0.0016591107472777368,0.00018643907924102685,0.00040252351329017025,4.806087833267905e-05,1.6202517875146186e-07,False,False,1.0000000115776047,0.9999999982437371,0.9999999999496519,0.9999999977545484,0.9999999998993037,False,False,False,0.0016591107280692085,0.0001864390795684629,0.00040252351331043654,4.806087844059742e-05,1.620251787677772e-07,6,middle,1,False,False,1.8364265078791686,3.044536072672413,1.4910325688220802,2.0445521487108613,2.223178121288171,False,False,False,32768
vel2,fno_plain,0.00435157013591379,False,0.0014165258595188377,False,4.298671345449208,18.839218819212483,2.6267944717534735,2.7442315908367108,6.90004919683461,0.0006147003528961748,False,0.00010100098707370348,False,3.778565238506818e-07,False,0.0010123058466706425,7.519026521812284e-05,0.00023401159074537022,3.680483360477185e-05,5.476142460317864e-08,False,False,1.0,1.000000022824311,0.9999999960004302,0.9999999898764828,0.9999999920008605,False,False,False,0.0010123058466706425,7.519026350195688e-05,0.0002340115916813159,3.680483397736622e-05,5.476142504122291e-08,7,outer,1,False,False,4.298671345449208,18.839219249204675,2.626794461247426,2.744231563055435,6.900049141640155,False,False,False,32768
vel2,fno_plain,0.004607059992849827,False,0.000817738906326743,False,4.417123371355968,31.326243531569705,4.052484238831817,5.076098740701129,16.42262850598029,0.000678864363307512,False,0.00010054361500506921,False,4.608568237689136e-07,False,0.0010430000716587528,2.610395675123475e-05,0.00016751807614758392,1.9807261470091454e-05,2.8062305836187727e-08,False,False,1.0,0.999999968340082,1.000000004671431,1.0000000053123523,1.0000000093428623,False,False,False,0.0010430000716587528,2.6103957577683905e-05,0.0001675180753650348,1.9807261364868305e-05,2.8062305574005474e-08,8,outer,1,False,False,4.417123371355968,31.326242539783408,4.052484257762718,5.076098767667153,16.422628659414645,False,False,False,32768
vel2,fno_full,0.07146307080984116,False,1.5389302394575057,False,1.0,0.8499506291695974,0.8116890573794238,0.9117161469649456,0.6588391258694974,0.022465864114418123,False,0.0030836754330165507,False,0.0005047150504075,False,0.07146307080984116,1.810611330402852,0.027677919161495437,0.0033822757700211208,0.0007660672091102763,False,False,0.1406650939182519,0.19552982838564176,0.3431478919870985,0.30899916138655925,0.1177504757751894,False,False,False,0.5080369892716399,9.260026182970913,0.0806588640286214,0.010945905985129454,0.006505852346387635,1,inner,1,False,False,0.1406650939182519,0.16619070065779962,0.2785293889887443,0.28171952483475315,0.07757862053044322,False,False,False,32768
vel2,fno_full,0.07146307080984116,False,0.35044095808781306,False,1.0,0.9345647147768579,0.7656984086671671,0.8562408205315046,0.586294053035432,0.015504178363898922,False,0.0017154729814842003,False,0.00024037954673959144,False,0.07146307080984116,0.37497773299892495,0.020248413981800842,0.002003493573711347,0.00040999826877838785,False,False,0.2619657653165052,0.09817187168090856,0.4932373761653118,0.4178020535500252,0.2432831092464413,False,False,False,0.2727954575419425,3.8196046034217224,0.041052067341738614,0.004795317679000973,0.0016852722330306423,2,inner,1,False,False,0.2619657653165052,0.09174796725657859,0.3776710740249482,0.35773917315142123,0.14263544015515786,False,False,False,32768
vel2,fno_full,0.0240430252160877,False,0.027835408084786465,False,1.2187157324885556,2.20831825454164,1.0969082510204553,1.2405973478585126,1.2032077111567536,0.004671326488348417,False,0.000769932826482343,False,2.182129116074555e-05,False,0.019728165129199622,0.012604799162231261,0.004258630094178502,0.0006206145997421173,1.81359302790428e-05,False,False,1.00000001605064,0.9999999982511174,1.000000001133807,1.0000000025423452,1.0000000022676143,False,False,False,0.01972816481254995,0.012604799184275576,0.004258630089350037,0.0006206145981643008,1.8135930237917503e-05,3,middle,1,False,False,1.2187157520497232,2.2083182506795507,1.0969082522641376,1.2405973510125392,1.2032077138851647,False,False,False,32768
vel2,fno_full,0.014734067483805117,False,0.0063844754732734306,False,1.1850586666468623,1.564094227165118,1.0063418075064323,1.1280050294916804,1.012723833535313,0.0026151327891192826,False,0.000331486791141366,False,6.838919504726797e-06,False,0.01243319668341428,0.004081899518832145,0.002598652634336239,0.0002938699584440203,6.7529955139426745e-06,False,False,0.9999999880150202,0.9999999837557858,0.9999999993040977,0.9999999966412556,0.9999999986081956,False,False,False,0.012433196832425893,0.004081899585139396,0.0025986526361446473,0.0002938699594310544,6.752995523341524e-06,4,middle,1,False,False,1.1850586524439581,1.5640942017576362,1.0063418068061167,1.1280050257029997,1.0127238321257994,False,False,False,32768
vel2,fno_full,0.004644326904090121,False,0.00125718349977912,False,0.9122826038124185,2.3351051430819516,0.7786672245014156,1.3061501777900386,0.6063226465127378,0.0010154257442602187,False,0.00015138409501159818,False,1.0310894421064189e-06,False,0.005090886184480042,0.0005383841081005227,0.001304056100358405,0.0001159009871803064,1.7005623128819705e-06,False,False,0.9999999693576874,1.0000000040454957,1.000000000490104,0.9999999967337114,1.0000000009802081,False,False,False,0.0050908863404765725,0.0005383841059224921,0.001304056099719282,0.00011590098755887247,1.7005623112150655e-06,5,middle,1,False,False,0.9122825758579698,2.3351051525286097,0.7786672248830435,1.306150173523775,0.6063226471070602,False,False,False,32768
vel2,fno_full,0.0030384276155382395,False,0.00032499046315444377,False,1.8313591305002883,1.7431456134488783,1.7959747611773975,1.8716390863559123,3.2255253427862103,0.0007229220706496005,False,8.995261841203807e-05,False,5.22616320232306e-07,False,0.0016591107472777368,0.00018643907924102685,0.00040252351329017025,4.806087833267905e-05,1.6202517875146186e-07,False,False,1.0000000115776047,0.9999999982437371,0.9999999999496519,0.9999999977545484,0.9999999998993037,False,False,False,0.0016591107280692085,0.0001864390795684629,0.00040252351331043654,4.806087844059742e-05,1.620251787677772e-07,6,middle,1,False,False,1.8313591517030405,1.7431456103874563,1.7959747610869736,1.8716390821532374,3.225525342461412,False,False,False,32768
vel2,fno_full,0.004506859180983156,False,0.0007558106684768608,False,4.452072657493481,10.051975030069324,4.22621085284443,2.431354699937744,17.86085817270004,0.0009889823244994727,False,8.948560516538865e-05,False,9.780860381723803e-07,False,0.0010123058466706425,7.519026521812284e-05,0.00023401159074537022,3.680483360477185e-05,5.476142460317864e-08,False,False,1.0,1.000000022824311,0.9999999960004302,0.9999999898764828,0.9999999920008605,False,False,False,0.0010123058466706425,7.519026350195688e-05,0.0002340115916813159,3.680483397736622e-05,5.476142504122291e-08,7,outer,1,False,False,4.452072657493481,10.051975259498727,4.226210835941404,2.431354675323883,17.860858029828545,False,False,False,32768
vel2,fno_full,0.004561387591529638,False,0.000923459133596095,False,4.373333919599217,35.37621297784345,4.617771555409126,4.718489344265679,21.323814137945615,0.0007735602070511729,False,9.346035218571067e-05,False,5.983953939330536e-07,False,0.0010430000716587528,2.610395675123475e-05,0.00016751807614758392,1.9807261470091454e-05,2.8062305836187727e-08,False,False,1.0,0.999999968340082,1.000000004671431,1.0000000053123523,1.0000000093428623,False,False,False,0.0010430000716587528,2.6103957577683905e-05,0.0001675180753650348,1.9807261364868305e-05,2.8062305574005474e-08,8,outer,1,False,False,4.373333919599217,35.37621185783545,4.617771576980727,4.718489369331956,21.323814337171072,False,False,False,32768
vel2,localno_plain,0.05937191104516387,False,0.9340298889902237,False,0.8308054827807342,0.5158643786805458,0.5069616157211294,0.8758053674586969,0.25701007981457813,0.014031642617910536,False,0.0029622152736099947,False,0.00019688699455676324,False,0.07146307080984116,1.810611330402852,0.027677919161495437,0.0033822757700211208,0.0007660672091102763,False,False,0.1406650939182519,0.19552982838564176,0.3431478919870985,0.30899916138655925,0.1177504757751894,False,False,False,0.5080369892716399,9.260026182970913,0.0806588640286214,0.010945905985129454,0.006505852346387635,1,inner,1,False,False,0.11686533126315059,0.10086687343367283,0.17396280975307907,0.2706231240825847,0.030263059177185976,False,False,False,32768
vel2,localno_plain,0.07146307080984116,False,0.2829707309109099,False,1.0,0.7546334248911819,0.6053531108656004,0.9885301826224723,0.36645238883465997,0.01225744039397766,False,0.0019805138683038274,False,0.0001502448450119152,False,0.07146307080984116,0.37497773299892495,0.020248413981800842,0.002003493573711347,0.00040999826877838785,False,False,0.2619657653165052,0.09817187168090856,0.4932373761653118,0.4178020535500252,0.2432831092464413,False,False,False,0.2727954575419425,3.8196046034217224,0.041052067341738614,0.004795317679000973,0.0016852722330306423,2,inner,1,False,False,0.2619657653165052,0.07408377575454166,0.2985827800568579,0.4130099402958503,0.08915167654648197,False,False,False,32768
vel2,localno_plain,0.021486557060852646,False,0.048075996977785765,False,1.0891310428586403,3.814102577837147,1.1265623761808965,1.6581883494837735,1.269142787426348,0.004797612438173208,False,0.0010290958988119143,False,2.301708510691428e-05,False,0.019728165129199622,0.012604799162231261,0.004258630094178502,0.0006206145997421173,1.81359302790428e-05,False,False,1.00000001605064,0.9999999982511174,1.000000001133807,1.0000000025423452,1.0000000022676143,False,False,False,0.01972816481254995,0.012604799184275576,0.004258630089350037,0.0006206145981643008,1.8135930237917503e-05,3,middle,1,False,False,1.0891310603398905,3.814102571166729,1.126562377458201,1.6581883536994608,1.2691427903042742,False,False,False,32768
vel2,localno_plain,0.011967582092620433,False,0.012436034417903802,False,0.9625506937073576,3.0466292373267003,1.0789012593230862,1.7456374528839447,1.1640279273689411,0.0028036895997286234,False,0.0005129904057373303,False,7.860675371626448e-06,False,0.01243319668341428,0.004081899518832145,0.002598652634336239,0.0002938699584440203,6.7529955139426745e-06,False,False,0.9999999880150202,0.9999999837557858,0.9999999993040977,0.9999999966412556,0.9999999986081956,False,False,False,0.012433196832425893,0.004081899585139396,0.0025986526361446473,0.0002938699594310544,6.752995523341524e-06,4,middle,1,False,False,0.962550682171207,3.0466291878366025,1.0789012585722761,1.7456374470207947,1.1640279257488417,False,False,False,32768
vel2,localno_plain,0.005869190148077905,False,0.0028867173489733593,False,1.1528818235949927,5.361817530532263,1.1796784471346913,1.9293458925188864,1.3916412386341162,0.0015383668754473242,False,0.00022361309355520826,False,2.366572643473563e-06,False,0.005090886184480042,0.0005383841081005227,0.001304056100358405,0.0001159009871803064,1.7005623128819705e-06,False,False,0.9999999693576874,1.0000000040454957,1.000000000490104,0.9999999967337114,1.0000000009802081,False,False,False,0.0050908863404765725,0.0005383841059224921,0.001304056099719282,0.00011590098755887247,1.7005623112150655e-06,5,middle,1,False,False,1.1528817882680273,5.361817552223473,1.1796784477128563,1.929345886217086,1.3916412399982143,False,False,False,32768
vel2,localno_plain,0.0035348601115401833,False,0.001780908073281602,False,2.130575139326998,9.552225212286418,1.905443111539842,3.334734858208578,3.630713451314635,0.0007669856556315709,False,0.0001602702862921062,False,5.882669959445908e-07,False,0.0016591107472777368,0.00018643907924102685,0.00040252351329017025,4.806087833267905e-05,1.6202517875146186e-07,False,False,1.0000000115776047,0.9999999982437371,0.9999999999496519,0.9999999977545484,0.9999999998993037,False,False,False,0.0016591107280692085,0.0001864390795684629,0.00040252351331043654,4.806087844059742e-05,1.620251787677772e-07,6,middle,1,False,False,2.1305751639939543,9.552225195510198,1.9054431114439065,3.3347348507205927,3.630713450949036,False,False,False,32768
vel2,localno_plain,0.0031766786822117867,False,0.0011425359459026837,False,3.138062170301118,15.195264208581383,3.0753950730778175,3.778103082985582,9.458054855511316,0.0007196780932214142,False,0.00013905245531095988,False,5.179365578628105e-07,False,0.0010123058466706425,7.519026521812284e-05,0.00023401159074537022,3.680483360477185e-05,5.476142460317864e-08,False,False,1.0,1.000000022824311,0.9999999960004302,0.9999999898764828,0.9999999920008605,False,False,False,0.0010123058466706425,7.519026350195688e-05,0.0002340115916813159,3.680483397736622e-05,5.476142504122291e-08,7,outer,1,False,False,3.138062170301118,15.19526455540282,3.07539506077756,3.7781030447378905,9.458054779855015,False,False,False,32768
vel2,localno_plain,0.0059523798758164045,False,0.006112997602122353,False,5.706979354613022,234.17896606165655,7.679752465239359,17.226270991304048,58.97859792735,0.0012864973582665622,False,0.0003412052536794108,False,1.6550754528268434e-06,False,0.0010430000716587528,2.610395675123475e-05,0.00016751807614758392,1.9807261470091454e-05,2.8062305836187727e-08,False,False,1.0,0.999999968340082,1.000000004671431,1.0000000053123523,1.0000000093428623,False,False,False,0.0010430000716587528,2.6103957577683905e-05,0.0001675180753650348,1.9807261364868305e-05,2.8062305574005474e-08,8,outer,1,False,False,5.706979354613022,234.17895864756971,7.679752501114792,17.226271082816066,58.97859847837892,False,False,False,32768
vel3,persistence,0.07675067499279976,False,0.9391260768439798,False,0.6574952446942736,0.3485360248787636,0.4944858191111947,0.4426893529808807,0.24451622530206918,0.010883834425966993,False,0.0008119383955470758,False,0.00011845785181186427,False,0.11673190888017416,2.6944878285412526,0.02201040758970593,0.0018341041863325378,0.0004844580422649844,False,False,0.07667398618810956,0.006996170526561741,0.0642071137726351,0.03729344773355421,0.004122553459012109,False,False,False,1.5224447649531063,385.1375289254785,0.34280325491108904,0.049180333216613026,0.1175140715776371,1,inner,1,False,False,0.050412781310436444,0.0024384174647017957,0.03174950724662714,0.016509412247593405,0.0010080312104036294,False,False,False,32768
vel3,persistence,0.14099662087857723,False,2.4966776017925842,False,0.9715618703335192,1.253160375360939,1.0074827456990945,1.062250256439856,1.0150214828813862,0.05381198983004947,False,0.004234392765672282,False,0.002895730249469348,False,0.1451236665248871,1.9923049362883691,0.05341231902955243,0.003986247816841107,0.0028528758241146888,False,False,0.22649451574862087,0.06457217362073281,0.26478924325151143,0.2535877926676986,0.07011334334170809,False,False,False,0.6407381037250159,30.853923982646922,0.2017163475890086,0.015719399482547986,0.04068948488464974,2,inner,1,False,False,0.2200534353410148,0.08091928933242926,0.26677059382261814,0.26937369779127984,0.0711665497284723,False,False,False,32768
vel3,persistence,0.1044483856484294,False,0.7242584104645692,False,1.04828602695862,1.323290862160443,1.084065567848008,0.936936255960622,1.1751981553936237,0.04185191275574793,False,0.002880464390266502,False,0.001751582601314736,False,0.09963729646522551,0.5473161125605628,0.038606440419308476,0.003074344035617684,0.0014904572418496154,False,False,0.30785174855243935,0.12608269644103645,0.4157378100853643,0.43246350727557026,0.17283792673457446,False,False,False,0.32365350183565167,4.340929628012194,0.09286247120843143,0.007108909732026661,0.008623438558936755,3,middle,1,False,False,0.3227166863823007,0.16684408007697255,0.4506870451660777,0.405190739346372,0.2031188126805302,False,False,False,32768
vel3,persistence,0.09812243954278528,False,0.3084231538222768,False,1.0135349599954853,1.00344313458159,1.012695507960112,0.9895200463446635,1.0255521918425894,0.034440868631636014,False,0.0023492251080426438,False,0.0011861734321016097,False,0.0968120917538181,0.3073648552599658,0.03400910575875939,0.002374105624965152,0.0011566192745104814,False,False,0.5520519527037034,0.4857724288617314,0.6567424348995329,0.6719797399307395,0.4313106257977672,False,False,False,0.17536771907005452,0.632734253733147,0.05178454132320845,0.003533001791407952,0.0026816387200550833,4,middle,1,False,False,0.5595239537989777,0.48744500871032814,0.6650801137095432,0.6649374233989402,0.44233155765189897,False,False,False,32768
vel3,persistence,0.10011007013497875,False,0.15536209062022638,False,1.0089682629604197,0.934137773649973,0.9825720023974676,0.9797696741258914,0.9654477398953693,0.030760500335744043,False,0.001818125513883236,False,0.0009462083809053095,False,0.09922023695893585,0.16631603496042918,0.031306103024194336,0.001855666246768956,0.0009800720865614696,False,False,0.7689750777211983,0.6077392884915194,0.8867232724664778,0.8337197662909732,0.7862781619336591,False,False,False,0.12902919721789657,0.27366345752180216,0.035305381054355774,0.0022257673642840287,0.0012464699313932638,5,middle,1,False,False,0.7758714484282113,0.5677122259110865,0.8712694613998222,0.8168533437312212,0.7591104743679363,False,False,False,32768
vel3,persistence,0.08464301754953339,False,0.13180563899775732,False,0.9635642663053948,0.8710605851673419,0.9535548593999302,0.9560148870602174,0.9092668698852207,0.02123361499021177,False,0.0013294382043612385,False,0.00045086640555254604,False,0.08784366596955806,0.15131627035154596,0.022267848337088895,0.0013906040819608072,0.0004958570695635927,False,False,0.9999999728587633,1.0000000667764926,0.9999999953608859,0.9999999930191543,0.999999990721772,False,False,False,0.08784366835374385,0.15131626024717684,0.022267848440391983,0.0013906040916683998,0.0004958570741642677,6,middle,1,False,False,0.9635642401530691,0.8710606433337125,0.9535548549762806,0.956014880386425,0.9092668614488354,False,False,False,32768
vel3,persistence,0.056612339904531836,False,0.04526299113739143,False,0.9510201560483116,0.8229752374737018,0.9534725666773323,0.9499893775537437,0.90910993540626,0.012084979593226797,False,0.0007770889493425659,False,0.00014604673176870812,False,0.059528012676164505,0.054999213920865764,0.012674700893955048,0.0008179975141865244,0.00016064804275122487,False,False,0.9999998238360416,1.0000001325731045,1.0000000013896615,1.0000000052338813,1.000000002779323,False,False,False,0.0595280231628567,0.0549992066294502,0.012674700876341503,0.0008179975099052225,0.00016064804230473206,7,outer,1,False,False,0.9510199885128364,0.8229753465780838,0.9534725680023364,0.9499893825258753,0.9091099379329701,False,False,False,32768
vel3,persistence,0.02943920310586691,False,0.02384250000335497,False,0.9476987213534284,0.871856370133155,0.9476172482183076,0.9504607508117837,0.8979784491208375,0.0052829200547337965,False,0.0003997209698845547,False,2.7909244304708536e-05,False,0.031063883956521716,0.027346820898623024,0.005574951347357433,0.00042055494615969683,3.108008252540245e-05,False,False,1.0000000046845126,1.0000000255219013,1.00000000142288,1.0000000106596316,1.0000000028457603,False,False,False,0.031063883811002564,0.027346820200680178,0.0055749513394249455,0.00042055494167673606,3.108008243695599e-05,8,outer,1,False,False,0.9476987257929349,0.8718563923845871,0.9476172495666533,0.9504607609433452,0.8979784516762688,False,False,False,32768
vel3,fno_plain,0.08042671725153923,False,1.6255961039659113,False,0.6889865677952515,0.6033043039745256,1.0533478925344524,2.836153765135943,1.1095417827067722,0.023184616448441057,False,0.005201801493718622,False,0.0005375264398613236,False,0.11673190888017416,2.6944878285412526,0.02201040758970593,0.0018341041863325378,0.0004844580422649844,False,False,0.07667398618810956,0.006996170526561741,0.0642071137726351,0.03729344773355421,0.004122553459012109,False,False,False,1.5224447649531063,385.1375289254785,0.34280325491108904,0.049180333216613026,0.1175140715776371,1,inner,1,False,False,0.052827346582926114,0.004220819790014422,0.067632427978125,0.10576995220442027,0.004574145314216265,False,False,False,32768
vel3,fno_plain,0.10774898529052734,False,1.3785846679437959,False,0.7424632237502736,0.6919546515364642,0.7851317565214554,0.8798756314153277,0.616431875098466,0.04193570785955686,False,0.0035074023148210405,False,0.001758603593682099,False,0.1451236665248871,1.9923049362883691,0.05341231902955243,0.003986247816841107,0.0028528758241146888,False,False,0.22649451574862087,0.06457217362073281,0.26478924325151143,0.2535877926676986,0.07011334334170809,False,False,False,0.6407381037250159,30.853923982646922,0.2017163475890086,0.015719399482547986,0.04068948488464974,2,inner,1,False,False,0.16816384832447817,0.04468101589668624,0.2078944436620461,0.2231257191927105,0.043220099705551664,False,False,False,32768
vel3,fno_plain,0.10762846678495407,False,0.4540858636446709,False,1.0802026008656063,0.8296592284124003,0.9349709875301111,0.9350246815806958,0.8741707475230309,0.03609590172386324,False,0.002874587552972936,False,0.0013029141212587932,False,0.09963729646522551,0.5473161125605628,0.038606440419308476,0.003074344035617684,0.0014904572418496154,False,False,0.30785174855243935,0.12608269644103645,0.4157378100853643,0.43246350727557026,0.17283792673457446,False,False,False,0.32365350183565167,4.340929628012194,0.09286247120843143,0.007108909732026661,0.008623438558936755,3,middle,1,False,False,0.3325422594673696,0.10460567264542518,0.38870279084911885,0.40436405318561097,0.15108985961389382,False,False,False,32768
vel3,fno_plain,0.09867328247055411,False,0.20058800874822474,False,1.0192247753665813,0.6526055445687491,0.8679061807920155,0.9436673428351109,0.7532611386569826,0.029516713091236605,False,0.0022403659467207554,False,0.0008712363517103784,False,0.0968120917538181,0.3073648552599658,0.03400910575875939,0.002374105624965152,0.0011566192745104814,False,False,0.5520519527037034,0.4857724288617314,0.6567424348995329,0.6719797399307395,0.4313106257977672,False,False,False,0.17536771907005452,0.632734253733147,0.05178454132320845,0.003533001791407952,0.0026816387200550833,4,middle,1,False,False,0.5626650274851147,0.31701778047379414,0.5699908184377024,0.6341253356194697,0.3248895331032819,False,False,False,32768
vel3,fno_plain,0.1003070326987654,False,0.17266794919588077,False,1.0109533677114613,1.0381918330181625,0.7930273346891794,0.9355310744850902,0.6288923535642239,0.024826595440781692,False,0.001736033437725476,False,0.0006163598411802423,False,0.09922023695893585,0.16631603496042918,0.031306103024194336,0.001855666246768956,0.0009800720865614696,False,False,0.7689750777211983,0.6077392884915194,0.8867232724664778,0.8337197662909732,0.7862781619336591,False,False,False,0.12902919721789657,0.27366345752180216,0.035305381054355774,0.0022257673642840287,0.0012464699313932638,5,middle,1,False,False,0.7773979445084281,0.6309499659161644,0.7031957933709578,0.7799707487776525,0.49448432381461077,False,False,False,32768
vel3,fno_plain,0.09776873995549974,False,0.11138684988247577,False,1.1129856532784184,0.7361194511581336,1.0669479962745658,0.9700729787867385,1.1383780267543109,0.023758636164602918,False,0.001348987444100718,False,0.0005644727924019777,False,0.08784366596955806,0.15131627035154596,0.022267848337088895,0.0013906040819608072,0.0004958570695635927,False,False,0.9999999728587633,1.0000000667764926,0.9999999953608859,0.9999999930191543,0.999999990721772,False,False,False,0.08784366835374385,0.15131626024717684,0.022267848440391983,0.0013906040916683998,0.0004958570741642677,6,middle,1,False,False,1.1129856230706112,0.7361195003136086,1.0669479913248723,0.9700729720148087,1.13837801619218,False,False,False,32768
vel3,fno_plain,0.08203558723442249,False,0.18164543498701755,False,1.3781005537796192,3.3026914757067893,1.2923665370798438,1.2687128011554336,1.6702112661637478,0.016380359302843487,False,0.001037803917561767,False,0.00026831617089025117,False,0.059528012676164505,0.054999213920865764,0.012674700893955048,0.0008179975141865244,0.00016064804275122487,False,False,0.9999998238360416,1.0000001325731045,1.0000000013896615,1.0000000052338813,1.000000002779323,False,False,False,0.0595280231628567,0.0549992066294502,0.012674700876341503,0.0008179975099052225,0.00016064804230473206,7,outer,1,False,False,1.3781003110079706,3.302691913554851,1.292366538875796,1.268712807795726,1.6702112708058043,False,False,False,32768
vel3,fno_plain,0.024021492339670658,False,0.02962977117198235,False,0.7732932679407418,1.0834813772987513,0.6585498157603896,0.8978887523691149,0.43368785983804303,0.003671383182675373,False,0.0003776115559099905,False,1.347905447403155e-05,False,0.031063883956521716,0.027346820898623024,0.005574951347357433,0.00042055494615969683,3.108008252540245e-05,False,False,1.0000000046845126,1.0000000255219013,1.00000000142288,1.0000000106596316,1.0000000028457603,False,False,False,0.031063883811002564,0.027346820200680178,0.0055749513394249455,0.00042055494167673606,3.108008243695599e-05,8,outer,1,False,False,0.7732932715632438,1.0834814049512562,0.658549816697427,0.8978887619402783,0.4336878610722147,False,False,False,32768
vel3,fno_full,0.06903329610824585,False,1.1319047239526359,False,0.5913832539062549,0.42008158729201933,0.582878661139023,0.8654194317653934,0.3397475336112199,0.012829396907011981,False,0.001587269402734434,False,0.00016459342499764858,False,0.11673190888017416,2.6944878285412526,0.02201040758970593,0.0018341041863325378,0.0004844580422649844,False,False,0.07667398618810956,0.006996170526561741,0.0642071137726351,0.03729344773355421,0.004122553459012109,False,False,False,1.5224447649531063,385.1375289254785,0.34280325491108904,0.049180333216613026,0.1175140715776371,1,inner,1,False,False,0.04534371144188747,0.002938962419763699,0.03742495651139447,0.03227447434614488,0.0014006273698797674,False,False,False,32768
vel3,fno_full,0.1016685007372871,False,2.606647421451042,False,0.7005645817241813,1.308357658495382,0.8697969020870979,0.7279759908767286,0.7565466508803126,0.04645786962519245,False,0.002901892704345101,False,0.0021583336501113794,False,0.1451236665248871,1.9923049362883691,0.05341231902955243,0.003986247816841107,0.0028528758241146888,False,False,0.22649451574862087,0.06457217362073281,0.26478924325151143,0.2535877926676986,0.07011334334170809,False,False,False,0.6407381037250159,30.853923982646922,0.2017163475890086,0.015719399482547986,0.04068948488464974,2,inner,1,False,False,0.15867403568825358,0.08448349788237926,0.23031286348615163,0.1846058246415103,0.05304401508719071,False,False,False,32768
vel3,fno_full,0.1004885481740348,False,0.5269441094333246,False,1.0085435046815665,0.9627783603301393,1.0224178195501594,0.8132988766268813,1.0453381977337022,0.03947191263410251,False,0.002500360550532415,False,0.0015580318869942216,False,0.09963729646522551,0.5473161125605628,0.038606440419308476,0.003074344035617684,0.0014904572418496154,False,False,0.30785174855243935,0.12608269644103645,0.4157378100853643,0.43246350727557026,0.17283792673457446,False,False,False,0.32365350183565167,4.340929628012194,0.09286247120843143,0.007108909732026661,0.008623438558936755,3,middle,1,False,False,0.31048188140742555,0.12138969174550376,0.42505774529203644,0.35172208464934235,0.18067408683274974,False,False,False,32768
vel3,fno_full,0.09705464000348002,False,0.3006632306440675,False,1.0025053507807546,0.9781965162860596,0.9391632504507854,0.9232645486369288,0.8820276109972846,0.031940102309321,False,0.002191927558249845,False,0.0010201701355298924,False,0.0968120917538181,0.3073648552599658,0.03400910575875939,0.002374105624965152,0.0011566192745104814,False,False,0.5520519527037034,0.4857724288617314,0.6567424348995329,0.6719797399307395,0.4313106257977672,False,False,False,0.17536771907005452,0.632734253733147,0.05178454132320845,0.003533001791407952,0.0026816387200550833,4,middle,1,False,False,0.5534350364944268,0.47518089762036336,0.6167883598692087,0.6204150712803149,0.38042788087014834,False,False,False,32768
vel3,fno_full,0.10213254950940609,False,0.25545112294788586,False,1.0293520015647166,1.5359380291182638,1.0418290344076893,1.018671554803405,1.0854077369348583,0.03261560708476403,False,0.0018903144207923315,False,0.0010637778255077092,False,0.09922023695893585,0.16631603496042918,0.031306103024194336,0.001855666246768956,0.0009800720865614696,False,False,0.7689750777211983,0.6077392884915194,0.8867232724664778,0.8337197662909732,0.7862781619336591,False,False,False,0.12902919721789657,0.27366345752180216,0.035305381054355774,0.0022257673642840287,0.0012464699313932638,5,middle,1,False,False,0.7915460354056991,0.9334498849834002,0.9238140507405769,0.8492866105979572,0.8534324003457129,False,False,False,32768
vel3,fno_full,0.10345683386549354,False,0.24535835019388869,False,1.177738118321999,1.621493509084378,1.0670654768678518,1.0887961047815091,1.1386287319232158,0.023761252204636762,False,0.0015140843077321934,False,0.0005645971063323554,False,0.08784366596955806,0.15131627035154596,0.022267848337088895,0.0013906040819608072,0.0004958570695635927,False,False,0.9999999728587633,1.0000000667764926,0.9999999953608859,0.9999999930191543,0.999999990721772,False,False,False,0.08784366835374385,0.15131626024717684,0.022267848440391983,0.0013906040916683998,0.0004958570741642677,6,middle,1,False,False,1.1777380863567302,1.6214936173620271,1.0670654719176134,1.0887960971807915,1.138628721358759,False,False,False,32768
vel3,fno_full,0.054385964293032885,False,0.052523611850801406,False,0.9136196867329566,0.9549884099502528,0.9273430488441216,0.9434515529053349,0.8599651302395109,0.011753795770187586,False,0.0007717410250319801,False,0.0001381517150072796,False,0.059528012676164505,0.054999213920865764,0.012674700893955048,0.0008179975141865244,0.00016064804275122487,False,False,0.9999998238360416,1.0000001325731045,1.0000000013896615,1.0000000052338813,1.000000002779323,False,False,False,0.0595280231628567,0.0549992066294502,0.012674700876341503,0.0008179975099052225,0.00016064804230473206,7,outer,1,False,False,0.9136195257860962,0.954988536556031,0.9273430501328145,0.9434515578432483,0.8599651326296318,False,False,False,32768
vel3,fno_full,0.02668543468695134,False,0.016961461238179428,False,0.8590501665632465,0.6202352112904457,0.8191997992237019,0.9337197680489572,0.6710883110481534,0.004566999024437115,False,0.0003926804667800738,False,2.0857480089209558e-05,False,0.031063883956521716,0.027346820898623024,0.005574951347357433,0.00042055494615969683,3.108008252540245e-05,False,False,1.0000000046845126,1.0000000255219013,1.00000000142288,1.0000000106596316,1.0000000028457603,False,False,False,0.031063883811002564,0.027346820200680178,0.0055749513394249455,0.00042055494167673606,3.108008243695599e-05,8,outer,1,False,False,0.8590501705874777,0.6202352271200275,0.8191998003893249,0.933719778002066,0.6710883129579098,False,False,False,32768
vel3,localno_plain,0.0887442868668586,False,5.3390415744658695,False,0.7602401752716562,1.9814680615411542,1.1762389300796259,5.327299243061342,1.383538020634863,0.02588949827393218,False,0.009770821843544967,False,0.0006702661208759373,False,0.11673190888017416,2.6944878285412526,0.02201040758970593,0.0018341041863325378,0.0004844580422649844,False,False,0.07667398618810956,0.006996170526561741,0.0642071137726351,0.03729344773355421,0.004122553459012109,False,False,False,1.5224447649531063,385.1375289254785,0.34280325491108904,0.049180333216613026,0.1175140715776371,1,inner,1,False,False,0.058290644698424945,0.013862688451477648,0.07552290680742513,0.19867335588211105,0.005703709452643021,False,False,False,32768
vel3,localno_plain,0.10795023216865957,False,2.2875891062791864,False,0.74384995055336,1.1482123366822183,0.7804911629155422,1.2381400482683012,0.6091664553892554,0.04168784299339132,False,0.004935533064353058,False,0.0017378762534416459,False,0.1451236665248871,1.9923049362883691,0.05341231902955243,0.003986247816841107,0.0028528758241146888,False,False,0.22649451574862087,0.06457217362073281,0.26478924325151143,0.2535877926676986,0.07011334334170809,False,False,False,0.6407381037250159,30.853923982646922,0.2017163475890086,0.015719399482547986,0.04068948488464974,2,inner,1,False,False,0.16847793434021885,0.07414256635771152,0.20666566439289855,0.31397720185383626,0.042710696838958166,False,False,False,32768
vel3,localno_plain,0.1077680753543973,False,0.8607408207639998,False,1.0816037686451028,1.5726575575075095,0.961146174444091,1.1588420524447993,0.9238019686485109,0.03710643251792207,False,0.0035626791521566237,False,0.0013768873342071045,False,0.09963729646522551,0.5473161125605628,0.038606440419308476,0.003074344035617684,0.0014904572418496154,False,False,0.30785174855243935,0.12608269644103645,0.4157378100853643,0.43246350727557026,0.17283792673457446,False,False,False,0.32365350183565167,4.340929628012194,0.09286247120843143,0.007108909732026661,0.008623438558936755,3,middle,1,False,False,0.332973611418303,0.19828490542892116,0.3995848057353119,0.5011568983786981,0.159668016974527,False,False,False,32768
vel3,localno_plain,0.10312528368085623,False,0.21232279234921894,False,1.065210779073877,0.6907842217993292,0.9697233327000402,1.0118897566151008,0.9403633419828729,0.03297942337853229,False,0.0024023331630245296,False,0.0010876423663804822,False,0.0968120917538181,0.3073648552599658,0.03400910575875939,0.002374105624965152,0.0011566192745104814,False,False,0.5520519527037034,0.4857724288617314,0.6567424348995329,0.6719797399307395,0.4313106257977672,False,False,False,0.17536771907005452,0.632734253733147,0.05178454132320845,0.003533001791407952,0.0026816387200550833,4,middle,1,False,False,0.588051690628767,0.3355639292428211,0.6368584626963142,0.6799694154887946,0.40558870150791265,False,False,False,32768
vel3,localno_plain,0.10357338255736977,False,0.2778095603833932,False,1.0438735658355216,1.67037147349918,0.9952177919671,1.0859584514438565,0.9904584534478701,0.03115639072683324,False,0.0020151764437378486,False,0.0009707206831231002,False,0.09922023695893585,0.16631603496042918,0.031306103024194336,0.001855666246768956,0.0009800720865614696,False,False,0.7689750777211983,0.6077392884915194,0.8867232724664778,0.8337197662909732,0.7862781619336591,False,False,False,0.12902919721789657,0.27366345752180216,0.035305381054355774,0.0022257673642840287,0.0012464699313932638,5,middle,1,False,False,0.8027127564194746,1.0151503708209224,0.8824827773099292,0.9053850263394793,0.7787758522486459,False,False,False,32768
vel3,localno_plain,0.10304452962940559,False,0.5449757790250639,False,1.173044504598833,3.601567615689624,1.0080947458600915,1.1889735696735828,1.0162550166307223,0.02244810091022869,False,0.0016533914993315964,False,0.0005039172344758101,False,0.08784366596955806,0.15131627035154596,0.022267848337088895,0.0013906040819608072,0.0004958570695635927,False,False,0.9999999728587633,1.0000000667764926,0.9999999953608859,0.9999999930191543,0.999999990721772,False,False,False,0.08784366835374385,0.15131626024717684,0.022267848440391983,0.0013906040916683998,0.0004958570741642677,6,middle,1,False,False,1.1730444727609544,3.6015678561896767,1.008094741183425,1.1889735613735417,1.0162550072016765,False,False,False,32768
vel3,localno_plain,0.05380265343934297,False,0.20187062271172107,False,0.9038207563224429,3.6704274174205023,0.8747240676353786,1.223681865902915,0.7651421945005823,0.011086865922022128,False,0.0010009687244637124,False,0.00012291859597289556,False,0.059528012676164505,0.054999213920865764,0.012674700893955048,0.0008179975141865244,0.00016064804275122487,False,False,0.9999998238360416,1.0000001325731045,1.0000000013896615,1.0000000052338813,1.000000002779323,False,False,False,0.0595280231628567,0.0549992066294502,0.012674700876341503,0.0008179975099052225,0.00016064804230473206,7,outer,1,False,False,0.9038205971018008,3.6704279040204595,0.874724068850949,1.2236818723075207,0.7651421966271597,False,False,False,32768
vel3,localno_plain,0.018592249481007423,False,0.05977361137971964,False,0.5985165765823068,2.1857608824552393,0.5677477423129417,1.9929844093039077,0.3223374989014424,0.0031651660409666746,False,0.0008381594509519201,False,1.0018276066888653e-05,False,0.031063883956521716,0.027346820898623024,0.005574951347357433,0.00042055494615969683,3.108008252540245e-05,False,False,1.0000000046845126,1.0000000255219013,1.00000000142288,1.0000000106596316,1.0000000028457603,False,False,False,0.031063883811002564,0.027346820200680178,0.0055749513394249455,0.00042055494167673606,3.108008243695599e-05,8,outer,1,False,False,0.5985165793860653,2.185760938240013,0.5677477431207786,1.9929844305483875,0.32233749981873766,False,False,False,32768
Bcc1,persistence,1.999531110525131,False,300.24185527845805,False,0.21383035996288408,0.0397674695014306,0.1831200015978651,0.18453287121244788,0.03353293498520211,0.5213503510950894,False,0.028210532626417262,False,0.27180618858697303,False,9.351015968322752,7549.936142345118,2.84704208467617,0.15287537901005838,8.105648631917234,False,False,0.9999997103593574,0.9999999623421673,0.9999999986003842,1.0000000177304187,0.9999999972007685,False,False,False,9.35101867675781,7549.936426659361,2.847042088660935,0.15287537629951395,8.10564865460682,1,inner,3,False,False,0.2138302980289212,0.03976746800387388,0.18312000134156745,0.18453287448429295,0.033532934891335665,False,False,False,32768
Bcc1,persistence,0.9081604242324829,False,54.097768224864275,False,0.28941494405263263,0.06366036124188938,0.30554937914335395,0.14835922959137915,0.09336042309488904,0.2923127211146622,False,0.008102741322077644,False,0.0854467269254583,False,3.1379182136058805,849.7873271455333,0.9566791525945746,0.05461568750656601,0.9152350010090734,False,False,0.9999998495599045,1.0000000017967774,0.9999999991107835,1.0000000092207098,0.9999999982215672,False,False,False,3.1379186856746673,849.7873256186546,0.9566791534452694,0.05461568700297061,0.9152350026367574,2,inner,3,False,False,0.2894149005130208,0.06366036135627288,0.3055493788716544,0.14835923095935655,0.0933604229288538,False,False,False,32768
Bcc1,persistence,0.5698485234379769,False,23.4879154632471,False,0.5395153510569632,0.2600034732275076,0.6822353603585515,0.5899414636892394,0.4654450869235626,0.21774344109097143,False,0.010458171183235589,False,0.04741220613813735,False,1.0562230014801024,90.33692962514681,0.3191617640231012,0.017727472684890968,0.10186423161433775,False,False,0.9999997364632114,0.9999999778447826,0.999999998295843,0.9999999880670325,0.9999999965916859,False,False,False,1.0562232798337936,90.33693162658118,0.31916176456700296,0.017727472896432325,0.10186423196152304,3,middle,3,False,False,0.5395152088748203,0.26000346746707415,0.6822353591959154,0.5899414566494872,0.4654450853371796,False,False,False,32768
Bcc1,persistence,0.29667066007852555,False,7.229485110140794,False,0.8490720726533258,0.7164694075593863,0.8796101219096678,0.9077119230927299,0.7737139665659405,0.09533637847454464,False,0.0055162874467722485,False,0.009089025060641617,False,0.34940574496984483,10.090430985417282,0.10838481288456032,0.0060771345031773,0.011747267664021155,False,False,0.9999999419998717,1.0000000357177385,1.000000007992653,1.000000035617092,1.0000000159853062,False,False,False,0.34940576523542405,10.090430625009919,0.10838481201827813,0.006077134286727449,0.011747267476237487,4,middle,3,False,False,0.8490720234070367,0.7164694331500532,0.8796101289400863,0.9077119554227889,0.7737139789339951,False,False,False,32768
Bcc1,persistence,0.11564509198069572,False,1.1157619830767913,False,0.8800961662720264,0.7722251482670861,0.9093484345108376,0.8613264669478631,0.826914575347311,0.03533917173412253,False,0.002212023580279833,False,0.0012488570588538046,False,0.13140051782131196,1.4448661579859448,0.03886208013667764,0.0025681593044716328,0.0015102612725495547,False,False,0.9999996785037143,0.9999999455365562,1.0000000019235142,1.000000025043061,1.0000000038470287,False,False,False,0.13140056006610396,1.4448662366783358,0.038862080061925874,0.0025681592401570644,0.0015102612667395364,5,middle,3,False,False,0.8800958833243778,0.7722251062090452,0.9093484362599823,0.8613264885181143,0.826914578528475,False,False,False,32768
Bcc1,persistence,0.047802817076444626,False,0.15763786842011965,False,0.9487119094260238,0.8175098839571311,0.9637836295384562,0.9379514267285707,0.9288788845663202,0.014082118212161673,False,0.0009226030181674071,False,0.00019830605334129547,False,0.05038707388564945,0.1928268654772447,0.014611285957311208,0.000983636243707527,0.0002134896773263197,False,False,0.9999999634029427,1.0000001119810946,0.9999999940211303,1.000000043540546,0.9999999880422606,False,False,False,0.05038707572966814,0.19282684388428364,0.014611286044670184,0.0009836362008794697,0.00021348967987917366,6,middle,3,False,False,0.9487118747059597,0.8175099755027828,0.9637836237761195,0.937951467567488,0.9288788734590286,False,False,False,32768
Bcc1,persistence,0.03077322244644165,False,0.022258930695510108,False,1.0090702578059156,0.8022262490569132,0.9947607250107076,0.9837444708828135,0.9895489000238286,0.007528848025310413,False,0.0006192195660644838,False,5.668355258822051e-05,False,0.030496610328555107,0.027746450233556205,0.007568501485851658,0.0006294516354524416,5.7282214741338763e-05,False,False,1.0000001832313956,1.0000000158695384,1.0000000283778396,0.9999999823525338,1.00000005675568,False,False,False,0.03049660474061966,0.027746449793232857,0.007568501271073944,0.0006294516465606682,5.7282211490247906e-05,7,outer,3,False,False,1.0090704426992672,0.8022262617878734,0.9947607532398678,0.9837444535222162,0.9895489561863491,False,False,False,32768
Bcc1,persistence,0.020167140290141106,False,0.007909540549795794,False,1.0031323010859563,0.9245011075421263,1.000811537312408,0.9905922522632093,1.0016237332176252,0.004286991233762355,False,0.0003379921507340972,False,1.837829383835528e-05,False,0.020104167982935905,0.0085554689824267,0.00428351500151037,0.00034120209396135034,1.8348500768164387e-05,False,False,1.0000002779491797,0.9999994959670697,0.9999999556743701,0.999999962502271,0.9999999113487422,False,False,False,0.020104162395000458,0.008555473294666976,0.004283515191379879,0.0003412021067556545,1.8348502394782203e-05,8,outer,3,False,False,1.0031325799057567,0.9245006415631241,1.0008114929508063,0.9905922151182495,1.0016236444224216,False,False,False,32768
Bcc1,fno_plain,1.2769046086072922,False,23.607315236006162,False,0.13655250006340483,0.0031268231665696434,0.08190903998324975,0.16810816373910803,0.0067090908309776045,0.23319848394773512,False,0.025699599246301094,False,0.05438153291552208,False,9.351015968322752,7549.936142345118,2.84704208467617,0.15287537901005838,8.105648631917234,False,False,0.9999997103593574,0.9999999623421673,0.9999999986003842,1.0000000177304187,0.9999999972007685,False,False,False,9.35101867675781,7549.936426659361,2.847042088660935,0.15287537629951395,8.10564865460682,1,inner,3,False,False,0.13655246051225095,0.00312682304882026,0.08190903986860856,0.16810816671973616,0.006709090812197306,False,False,False,32768
Bcc1,fno_plain,0.8841480523347854,False,13.276765809304212,False,0.2817626184459356,0.015623633567120087,0.14403467347949875,0.21499000768275012,0.02074598716434582,0.1377949693686031,False,0.011741827076635306,False,0.01898745358329427,False,3.1379182136058805,849.7873271455333,0.9566791525945746,0.05461568750656601,0.9152350010090734,False,False,0.9999998495599045,1.0000000017967774,0.9999999991107835,1.0000000092207098,0.9999999982215672,False,False,False,3.1379186856746673,849.7873256186546,0.9566791534452694,0.05461568700297061,0.9152350026367574,2,inner,3,False,False,0.28176257605754035,0.015623633595192279,0.14403467335142076,0.21499000966511056,0.020745987127450474,False,False,False,32768
Bcc1,fno_plain,0.4808472508192062,False,8.027330346136361,False,0.4552516373392618,0.08885989793372187,0.24116634545966964,0.4883735096293156,0.0581612061823727,0.07697107623991278,False,0.008657628051978028,False,0.0059245465775304654,False,1.0562230014801024,90.33692962514681,0.3191617640231012,0.017727472684890968,0.10186423161433775,False,False,0.9999997364632114,0.9999999778447826,0.999999998295843,0.9999999880670325,0.9999999965916859,False,False,False,1.0562232798337936,90.33693162658118,0.31916176456700296,0.017727472896432325,0.10186423196152304,3,middle,3,False,False,0.45525151736370734,0.08885989596501151,0.2411663450486843,0.4883735038015704,0.05816120598414105,False,False,False,32768
Bcc1,fno_plain,0.5493465960025787,False,9.510908038379348,False,1.5722311493475576,0.9425670768795247,1.106063146562141,1.976223358206553,1.2233756841829444,0.1198804471786457,False,0.012009775156141956,False,0.01437132161575206,False,0.34940574496984483,10.090430985417282,0.10838481288456032,0.0060771345031773,0.011747267664021155,False,False,0.9999999419998717,1.0000000357177385,1.000000007992653,1.000000035617092,1.0000000159853062,False,False,False,0.34940576523542405,10.090430625009919,0.10838481201827813,0.006077134286727449,0.011747267476237487,4,middle,3,False,False,1.5722310581579493,0.942567110545889,1.1060631554025202,1.9762234285938822,1.2233757037389794,False,False,False,32768
Bcc1,fno_plain,0.3035097975283861,False,5.845619037545825,False,2.309806708228661,4.045785836450251,1.4085612295480814,1.9464748351814551,1.9840447373860028,0.05473961938011473,False,0.004998857458891142,False,0.0029964259298798316,False,0.13140051782131196,1.4448661579859448,0.03886208013667764,0.0025681593044716328,0.0015102612725495547,False,False,0.9999996785037143,0.9999999455365562,1.0000000019235142,1.000000025043061,1.0000000038470287,False,False,False,0.13140056006610396,1.4448662366783358,0.038862080061925874,0.0025681592401570644,0.0015102612667395364,5,middle,3,False,False,2.309805965634384,4.045785616102821,1.408561232257469,1.946474883927143,1.9840447450186796,False,False,False,32768
Bcc1,fno_plain,0.29696574807167053,False,3.7771383383078043,False,5.893689098629087,19.588236986373357,2.7336096076395626,2.859719457117197,7.472621486979325,0.03994155167287494,False,0.002812923704856088,False,0.0015953275500369393,False,0.05038707388564945,0.1928268654772447,0.014611285957311208,0.000983636243707527,0.0002134896773263197,False,False,0.9999999634029427,1.0000001119810946,0.9999999940211303,1.000000043540546,0.9999999880422606,False,False,False,0.05038707572966814,0.19282684388428364,0.014611286044670184,0.0009836362008794697,0.00021348967987917366,6,middle,3,False,False,5.89368888293741,19.588239179885576,2.733609591295667,2.859719581630944,7.472621397623664,False,False,False,32768
Bcc1,fno_plain,0.054701911611482495,False,0.10165238129384341,False,1.7937046452753822,3.663617523617717,1.4208668343585233,1.5083493704400632,2.0188625609800113,0.010753832747039825,False,0.0009494329780571584,False,0.00011564491875130613,False,0.030496610328555107,0.027746450233556205,0.007568501485851658,0.0006294516354524416,5.7282214741338763e-05,False,False,1.0000001832313956,1.0000000158695384,1.0000000283778396,0.9999999823525338,1.00000005675568,False,False,False,0.03049660474061966,0.027746449793232857,0.007568501271073944,0.0006294516465606682,5.7282211490247906e-05,7,outer,3,False,False,1.7937049739383877,3.6636175817576357,1.4208668746796542,1.5083493438215188,2.0188626755619286,False,False,False,32768
Bcc1,fno_plain,0.1558353877067566,False,0.808731935628162,False,7.751397015734606,94.52806588269235,5.1821443789720405,5.944941180594686,26.854620364511508,0.022197793187319376,False,0.002028426379295969,False,0.0004927420223870024,False,0.020104167982935905,0.0085554689824267,0.00428351500151037,0.00034120209396135034,1.8348500768164387e-05,False,False,1.0000002779491797,0.9999994959670697,0.9999999556743701,0.999999962502271,0.9999999113487422,False,False,False,0.020104162395000458,0.008555473294666976,0.004283515191379879,0.0003412021067556545,1.8348502394782203e-05,8,outer,3,False,False,7.751399170229049,94.52801823743431,5.182144149270227,5.944940957672893,26.854617983815636,False,False,False,32768
Bcc1,fno_full,0.9364340488612651,False,61.84724686916271,False,0.10014249275517267,0.008191757612661353,0.0697705560124497,0.13513894960300055,0.0048679304862863804,0.1986397092387003,False,0.020659418139579885,False,0.039457734086435395,False,9.351015968322752,7549.936142345118,2.84704208467617,0.15287537901005838,8.105648631917234,False,False,0.9999997103593574,0.9999999623421673,0.9999999986003842,1.0000000177304187,0.9999999972007685,False,False,False,9.35101867675781,7549.936426659361,2.847042088660935,0.15287537629951395,8.10564865460682,1,inner,3,False,False,0.10014246374983672,0.008191757304177516,0.06977055591479774,0.1351389519990707,0.004867930472659916,False,False,False,32768
Bcc1,fno_full,0.46715571731328964,False,13.223695440547619,False,0.1488744082900957,0.015561182213632788,0.08283008455039687,0.12301967423579775,0.006860822906625893,0.07924181509701064,False,0.006718804085221879,False,0.0062792652598688235,False,3.1379182136058805,849.7873271455333,0.9566791525945746,0.05461568750656601,0.9152350010090734,False,False,0.9999998495599045,1.0000000017967774,0.9999999991107835,1.0000000092207098,0.9999999982215672,False,False,False,3.1379186856746673,849.7873256186546,0.9566791534452694,0.05461568700297061,0.9152350026367574,2,inner,3,False,False,0.1488743858934155,0.015561182241592768,0.08283008447674299,0.12301967537012645,0.006860822894424381,False,False,False,32768
Bcc1,fno_full,0.1307477632537484,False,1.5303951621794878,False,0.1237880287311765,0.016940969418928274,0.07289873014493314,0.08260983378093358,0.005314224856743782,0.023266487308100884,False,0.0014644635718548832,False,0.0005413294316580194,False,1.0562230014801024,90.33692962514681,0.3191617640231012,0.017727472684890968,0.10186423161433775,False,False,0.9999997364632114,0.9999999778447826,0.999999998295843,0.9999999880670325,0.9999999965916859,False,False,False,1.0562232798337936,90.33693162658118,0.31916176456700296,0.017727472896432325,0.10186423196152304,3,middle,3,False,False,0.12378799610847695,0.016940969043597414,0.07289873002070225,0.08260983279515312,0.005314224838631235,False,False,False,32768
Bcc1,fno_full,0.16393355652689934,False,0.8989387955717586,False,0.46917819436840535,0.08908824577175221,0.2521311198522632,0.38122583796183995,0.0635701015979563,0.0273271842475622,False,0.0023167606933805762,False,0.0007467749989002116,False,0.34940574496984483,10.090430985417282,0.10838481288456032,0.0060771345031773,0.011747267664021155,False,False,0.9999999419998717,1.0000000357177385,1.000000007992653,1.000000035617092,1.0000000159853062,False,False,False,0.34940576523542405,10.090430625009919,0.10838481201827813,0.006077134286727449,0.011747267476237487,4,middle,3,False,False,0.4691781671560099,0.08908824895378288,0.2521311218674598,0.3812258515399957,0.06357010261414384,False,False,False,32768
Bcc1,fno_full,0.19833946466445906,False,0.8974884632240393,False,1.5094268116521092,0.621156816680573,0.8085133623278892,1.0721100325303503,0.6536938570627486,0.031420511078361114,False,0.002753349355460204,False,0.0009872485164254135,False,0.13140051782131196,1.4448661579859448,0.03886208013667764,0.0025681593044716328,0.0015102612725495547,False,False,0.9999996785037143,0.9999999455365562,1.0000000019235142,1.000000025043061,1.0000000038470287,False,False,False,0.13140056006610396,1.4448662366783358,0.038862080061925874,0.0025681592401570644,0.0015102612667395364,5,middle,3,False,False,1.5094263263769958,0.6211567828502337,0.8085133638830762,1.0721100593792672,0.6536938595775277,False,False,False,32768
Bcc1,fno_full,0.10242702770978213,False,0.7763715816257992,False,2.032803650043945,4.026262521585292,1.0914255675461657,1.3004126195446457,1.19120976949347,0.015947131068537707,False,0.0012791329843587606,False,0.00025431098931712057,False,0.05038707388564945,0.1928268654772447,0.014611285957311208,0.000983636243707527,0.0002134896773263197,False,False,0.9999999634029427,1.0000001119810946,0.9999999940211303,1.000000043540546,0.9999999880422606,False,False,False,0.05038707572966814,0.19282684388428364,0.014611286044670184,0.0009836362008794697,0.00021348967987917366,6,middle,3,False,False,2.032803575649313,4.026262972450577,1.0914255610206745,1.3004126761653212,1.191209755249294,False,False,False,32768
Bcc1,fno_full,0.0764017915353179,False,1.2684413079186692,False,2.5052551976171618,45.715444579091866,1.7357626591975683,1.8507374601369535,3.0128720090646137,0.013137122265222621,False,0.0011649497210763032,False,0.00017258398141140795,False,0.030496610328555107,0.027746450233556205,0.007568501485851658,0.0006294516354524416,5.7282214741338763e-05,False,False,1.0000001832313956,1.0000000158695384,1.0000000283778396,0.9999999823525338,1.00000005675568,False,False,False,0.03049660474061966,0.027746449793232857,0.007568501271073944,0.0006294516465606682,5.7282211490247906e-05,7,outer,3,False,False,2.505255656658568,45.715445304574864,1.7357627084547624,1.8507374274761266,3.012872180062213,False,False,False,32768
Bcc1,fno_full,0.35299376614391803,False,24.98945947721531,False,17.558237995401424,2920.8754690765318,17.328511097326025,15.909744441537221,300.2772968501511,0.07422693723923494,False,0.005428438117842454,False,0.005509638211917324,False,0.020104167982935905,0.0085554689824267,0.00428351500151037,0.00034120209396135034,1.8348500768164387e-05,False,False,1.0000002779491797,0.9999994959670697,0.9999999556743701,0.999999962502271,0.9999999113487422,False,False,False,0.020104162395000458,0.008555473294666976,0.004283515191379879,0.0003412021067556545,1.8348502394782203e-05,8,outer,3,False,False,17.558242875699275,2920.8739968591103,17.328510329228855,15.909743844957935,300.2772702301911,False,False,False,32768
Bcc1,localno_plain,0.9427919211983679,False,182.76932560143592,False,0.10082240522229287,0.024208062446560662,0.0472427522219416,0.17714762746043858,0.0022318776375037683,0.1345021037717964,False,0.027081510688747173,False,0.018090815919039088,False,9.351015968322752,7549.936142345118,2.84704208467617,0.15287537901005838,8.105648631917234,False,False,0.9999997103593574,0.9999999623421673,0.9999999986003842,1.0000000177304187,0.9999999972007685,False,False,False,9.35101867675781,7549.936426659361,2.847042088660935,0.15287537629951395,8.10564865460682,1,inner,3,False,False,0.10082237602002664,0.024208061534937497,0.047242752155819905,0.1771476306013402,0.0022318776312562263,False,False,False,32768
Bcc1,localno_plain,0.2056171215325594,False,2.7845729198920917,False,0.06552660316034123,0.0032767880044123204,0.035349116401106044,0.09266725840496777,0.0012495600303389445,0.03381776272357711,False,0.005061086027135922,False,0.0011436410756281616,False,3.1379182136058805,849.7873271455333,0.9566791525945746,0.05461568750656601,0.9152350010090734,False,False,0.9999998495599045,1.0000000017967774,0.9999999991107835,1.0000000092207098,0.9999999982215672,False,False,False,3.1379186856746673,849.7873256186546,0.9566791534452694,0.05461568700297061,0.9152350026367574,2,inner,3,False,False,0.0655265933025128,0.0032767880102999793,0.03534911636967303,0.09266725925942566,0.0012495600281166859,False,False,False,32768
Bcc1,localno_plain,0.330512835457921,False,15.568693292569959,False,0.3129195586488535,0.17234029712070434,0.19574191011622183,0.6326115476206936,0.03831489537594705,0.06247333332594467,False,0.011214603930592447,False,0.003902917376854589,False,1.0562230014801024,90.33692962514681,0.3191617640231012,0.017727472684890968,0.10186423161433775,False,False,0.9999997364632114,0.9999999778447826,0.999999998295843,0.9999999880670325,0.9999999965916859,False,False,False,1.0562232798337936,90.33693162658118,0.31916176456700296,0.017727472896432325,0.10186423196152304,3,middle,3,False,False,0.31291947618303795,0.17234029330246758,0.19574190978264686,0.6326115400717606,0.038314895245357854,False,False,False,32768
Bcc1,localno_plain,0.29070543281733985,False,14.122961401025785,False,0.8319995792926328,1.3996390661049392,0.41556054337224196,1.1407356211093462,0.17269056520783296,0.04504045173560666,False,0.006932403802046995,False,0.002028642292547513,False,0.34940574496984483,10.090430985417282,0.10838481288456032,0.0060771345031773,0.011747267664021155,False,False,0.9999999419998717,1.0000000357177385,1.000000007992653,1.000000035617092,1.0000000159853062,False,False,False,0.34940576523542405,10.090430625009919,0.10838481201827813,0.006077134286727449,0.011747267476237487,4,middle,3,False,False,0.8319995310365504,1.3996391160968813,0.4155605466936732,1.1407356617390318,0.17269056796834453,False,False,False,32768
Bcc1,localno_plain,0.20850856713950633,False,3.633345953514315,False,1.5868169364678726,2.5146591837814083,0.9906103371229813,2.4495303499976746,0.9813088400149067,0.03849717830549455,False,0.006290784159932184,False,0.0014820327374850404,False,0.13140051782131196,1.4448661579859448,0.03886208013667764,0.0025681593044716328,0.0015102612725495547,False,False,0.9999996785037143,0.9999999455365562,1.0000000019235142,1.000000025043061,1.0000000038470287,False,False,False,0.13140056006610396,1.4448662366783358,0.038862080061925874,0.0025681592401570644,0.0015102612667395364,5,middle,3,False,False,1.5868164263121214,2.514659046824409,0.9906103390284344,2.4495304113414127,0.9813088437900298,False,False,False,32768
Bcc1,localno_plain,0.06750291671603918,False,0.35387308631578895,False,1.3396871759061293,1.835185597400841,0.7665486331755659,1.8013088997240982,0.5875968070233283,0.011200261279514246,False,0.0017718327198815505,False,0.00012544585272938612,False,0.05038707388564945,0.1928268654772447,0.014611285957311208,0.000983636243707527,0.0002134896773263197,False,False,0.9999999634029427,1.0000001119810946,0.9999999940211303,1.000000043540546,0.9999999880422606,False,False,False,0.05038707572966814,0.19282684388428364,0.014611286044670184,0.0009836362008794697,0.00021348967987917366,6,middle,3,False,False,1.339687126877521,1.8351858029069332,0.7665486285924715,1.8013089781540714,0.5875967999969989,False,False,False,32768
Bcc1,localno_plain,0.042251158878207205,False,0.10194852254530645,False,1.3854378707343051,3.6742906457277624,1.1286849412664097,1.6475533715993607,1.2739296966415585,0.008542453655033214,False,0.0010370551642484018,False,7.297351444839031e-05,False,0.030496610328555107,0.027746450233556205,0.007568501485851658,0.0006294516354524416,5.7282214741338763e-05,False,False,1.0000001832313956,1.0000000158695384,1.0000000283778396,0.9999999823525338,1.00000005675568,False,False,False,0.03049660474061966,0.027746449793232857,0.007568501271073944,0.0006294516465606682,5.7282211490247906e-05,7,outer,3,False,False,1.3854381245900198,3.6742907040370585,1.1286849732960498,1.6475533425242184,1.2739297689443045,False,False,False,32768
Bcc1,localno_plain,0.05780280996114016,False,0.1573046663533252,False,2.8751654885793956,18.386445754924214,1.9591561732652558,4.0767696883414,3.8382929112433604,0.008392074858483372,False,0.0013910023542602476,False,7.042692043038872e-05,False,0.020104167982935905,0.0085554689824267,0.00428351500151037,0.00034120209396135034,1.8348500768164387e-05,False,False,1.0000002779491797,0.9999994959670697,0.9999999556743701,0.999999962502271,0.9999999113487422,False,False,False,0.020104162395000458,0.008555473294666976,0.004283515191379879,0.0003412021067556545,1.8348502394782203e-05,8,outer,3,False,False,2.875166287729285,18.386436487550085,1.9591560864244244,4.076769535471795,3.838292570973866,False,False,False,32768
Bcc2,persistence,0.13481904193758965,False,3.444033518644556,False,1.0,1.8166346984758914,0.7968228620083428,1.0366515999716583,0.6349266734191666,0.042859209275949973,False,0.0043605975982806645,False,0.0018369118197596765,False,0.13481904193758965,1.8958316284137968,0.05378762497843747,0.004206425378015026,0.0028931086008210302,False,False,0.16030344446725617,0.027420277671867315,0.32483471082442794,0.20437285190886456,0.10551758935638972,False,False,False,0.8410239866375921,69.13976769676859,0.16558459790804037,0.02058211420316621,0.027418259064367408,1,inner,3,False,False,0.16030344446725617,0.0498126278605579,0.2588357239587731,0.21186344392209525,0.06699593199726218,False,False,False,32768
Bcc2,persistence,0.075022772916127,False,0.1703300091161281,False,1.0300561274233468,0.6802416121068463,1.4218296012618838,0.8102815737145014,2.021599415024528,0.02675873638115763,False,0.0014020710515780964,False,0.0007160299727162891,False,0.07283367470838129,0.25039633871938755,0.01881993197877514,0.0017303504078843943,0.0003541898396857231,False,False,1.0000001079860381,0.9999995399668287,0.9999999861177126,0.9999997623250908,0.9999999722354255,False,False,False,0.07283366684336216,0.2503964539100623,0.018819932240038847,0.0017303508191453681,0.0003541898495196536,2,inner,3,False,False,1.0300562386550272,0.6802412991731401,1.4218295815236366,0.8102813811309019,2.02159935889568,False,False,False,32768
Bcc2,persistence,0.07614955334254774,False,0.8886163332217055,False,2.664574466600391,8.151940528391762,3.13907433650803,2.7332088281314517,9.853787690123328,0.021778071138634007,False,0.002218236028673499,False,0.0004742843825194035,False,0.028578504484321456,0.10900672424275085,0.006937736671397332,0.0008115867349184541,4.813219012165133e-05,False,False,0.999999992092265,1.0000000696196298,1.0000000086404859,1.0000000354388834,1.000000017280972,False,False,False,0.0285785047103127,0.10900671665374358,0.006937736611451916,0.0008115867061567274,4.813218928988031e-05,3,middle,3,False,False,2.6645744455296425,8.151941095926846,3.1390743636311575,2.733208924993321,9.853787860406358,False,False,False,32768
Bcc2,persistence,0.007504119373297726,False,0.009473027905978995,False,1.264466600216765,2.6435403499996273,1.423241512729882,1.5254771516819157,2.0256164035576436,0.0018303743405192305,False,0.00022760432227029214,False,3.350270226431208e-06,False,0.005934612564706185,0.003583462573582556,0.0012860602534059294,0.0001492020526294654,1.6539509753905232e-06,False,False,1.0000003103733566,0.9999999118382618,0.9999999970303748,0.9999999991610882,0.9999999940607497,False,False,False,0.0059346107227611355,0.003583462889506873,0.0012860602572250463,0.00014920205275463277,1.653950985213752e-06,4,middle,3,False,False,1.264466992673508,2.6435401169405153,1.4232415085033883,1.5254771504021747,2.0256163915270005,False,False,False,32768
Bcc2,persistence,0.0013640916466010821,False,0.00014293678401747548,False,1.013799896817588,0.7058146305773738,0.969311240135151,0.8264713377376236,0.9395642802523442,0.0003100347653178235,False,3.053324406166872e-05,False,9.612155570567787e-08,False,0.0013455235603032634,0.00020251320647823588,0.0003198505830537933,3.694410521876076e-05,1.0230439547985153e-07,False,False,1.0000000559138527,1.000000011410801,0.9999999926874028,1.000000000221198,0.9999999853748058,False,False,False,0.0013455234850698616,0.00020251320416739803,0.0003198505853927318,3.69441052105888e-05,1.023043969760732e-07,5,middle,3,False,False,1.013799953503046,0.705814638631284,0.9693112330469683,0.8264713379204373,0.9395642665110341,False,False,False,32768
Bcc2,persistence,0.0004404283936310094,False,1.4773301094108424e-05,False,1.020640807017546,1.161327505429766,1.0120142121686255,1.0801177192053903,1.0241727656312838,0.0001076798205518494,False,9.118671697614213e-06,False,1.159494375407849e-08,False,0.0004315214428061154,1.272104641028144e-05,0.00010640149047028145,8.442294330957317e-06,1.1321277174297396e-08,False,False,1.000000180077358,1.000000138412071,1.0000000232213093,1.0000000499646435,1.0000000464426193,False,False,False,0.00043152136509888806,1.2721044649535306e-05,0.00010640148799949959,8.442293909141111e-06,1.1321276648507654e-08,6,middle,3,False,False,1.020640990811846,1.161327666171511,1.0120142356689206,1.080117773173087,1.0241728131965497,False,False,False,32768
Bcc2,persistence,0.0002030903269769624,False,6.781269766776067e-07,False,1.0120064385493859,1.0335598263329695,1.0124073623281309,1.002653254887236,1.024968667296203,4.287639981846965e-05,False,4.036332872209e-06,False,1.8383856613932637e-09,False,0.0002006808645091951,6.561081026954919e-07,4.2350936405550356e-05,4.0256517919177835e-06,1.7936018144269704e-09,False,False,0.9999996736928689,1.000000258329345,1.0000000189311784,0.9999997931880196,1.0000000378623572,False,False,False,0.00020068092999281362,6.561079332035592e-07,4.2350935603797235e-05,4.025652624470975e-06,1.7936017465169805e-09,7,outer,3,False,False,1.0120061083244682,1.0335600933318025,1.0124073814941954,1.0026530475265307,1.024968706103933,False,False,False,32768
Bcc2,persistence,5.656230860040523e-05,False,2.809038228452023e-07,False,0.9926193874177746,0.9663856450045013,0.9946069251673152,0.9876593987813074,0.9892429355907814,1.2868283447193274e-05,False,1.0536439095332662e-06,False,1.6559271887730843e-10,False,5.698287714039907e-05,2.9067466419567305e-07,1.2938059369563047e-05,1.0668089736536487e-06,1.6739338025033814e-10,False,False,1.0000006783362474,0.9999991534885426,0.9999997096532156,0.9999990001568866,0.9999994193065154,False,False,False,5.698283848687424e-05,2.9067491025531497e-07,1.2938063126088072e-05,1.0668100402963208e-06,1.6739347745463986e-10,8,outer,3,False,False,0.9926200607474849,0.9663848269479806,0.9946066363863927,0.987658411276859,0.989242361143854,False,False,False,32768
Bcc2,fno_plain,0.08022778702666983,False,2.7650292805752055,False,0.5950775637747733,1.4584782947674781,0.610324401893521,1.2105171576170706,0.37249587554668406,0.03282790004423786,False,0.005091950092323061,False,0.0010776710213144718,False,0.13481904193758965,1.8958316284137968,0.05378762497843747,0.004206425378015026,0.0028931086008210302,False,False,0.16030344446725617,0.027420277671867315,0.32483471082442794,0.20437285190886456,0.10551758935638972,False,False,False,0.8410239866375921,69.13976769676859,0.16558459790804037,0.02058211420316621,0.027418259064367408,1,inner,3,False,False,0.09539298319827945,0.039991879820915795,0.19825455059817382,0.24739684378681323,0.03930486683288386,False,False,False,32768
Bcc2,fno_plain,0.07488847895525395,False,2.3825766015482936,False,1.028212283055879,9.515221403530118,1.6681282838269682,2.781873999110156,2.7826519713035056,0.03139406083349445,False,0.00481361680904325,False,0.00098558705561715,False,0.07283367470838129,0.25039633871938755,0.01881993197877514,0.0017303504078843943,0.0003541898396857231,False,False,1.0000001079860381,0.9999995399668287,0.9999999861177126,0.9999997623250908,0.9999999722354255,False,False,False,0.07283366684336216,0.2503964539100623,0.018819932240038847,0.0017303508191453681,0.0003541898495196536,2,inner,3,False,False,1.0282123940884498,9.51521702621264,1.6681282606695318,2.7818733379285057,2.782651894044357,False,False,False,32768
Bcc2,fno_plain,0.07639316402972327,False,1.983325579311502,False,2.673098729558559,18.19452509089958,3.436913315446361,4.925265564781781,11.812373137892498,0.023844399544986006,False,0.003997280198327542,False,0.0005685553896609288,False,0.028578504484321456,0.10900672424275085,0.006937736671397332,0.0008115867349184541,4.813219012165133e-05,False,False,0.999999992092265,1.0000000696196298,1.0000000086404859,1.0000000354388834,1.000000017280972,False,False,False,0.0285785047103127,0.10900671665374358,0.006937736611451916,0.0008115867061567274,4.813218928988031e-05,3,middle,3,False,False,2.6730987084204028,18.194526357595684,3.4369133451429628,4.925265739327694,11.812373342021788,False,False,False,32768
Bcc2,fno_plain,0.014662990402430296,False,0.2070778288548853,False,2.47075781991781,57.787077331704864,3.106312050885421,2.9620769970864353,9.64917455747599,0.003994904463319597,False,0.00044194796801181913,False,1.5959261671050832e-05,False,0.005934612564706185,0.003583462573582556,0.0012860602534059294,0.0001492020526294654,1.6539509753905232e-06,False,False,1.0000003103733566,0.9999999118382618,0.9999999970303748,0.9999999991610882,0.9999999940607497,False,False,False,0.0059346107227611355,0.003583462889506873,0.0012860602572250463,0.00014920205275463277,1.653950985213752e-06,4,middle,3,False,False,2.4707585867752075,57.78707223709568,3.1063120416608387,2.9620769946015137,9.649174500167126,False,False,False,32768
Bcc2,fno_plain,0.0016916747554205358,False,0.00020433660953154595,False,1.2572613407373219,1.0090038723153891,1.0505285346869497,1.1757690228970707,1.1036102021915097,0.000336012164334268,False,4.343773449486891e-05,False,1.1290417458059912e-07,False,0.0013455235603032634,0.00020251320647823588,0.0003198505830537933,3.694410521876076e-05,1.0230439547985153e-07,False,False,1.0000000559138527,1.000000011410801,0.9999999926874028,1.000000000221198,0.9999999853748058,False,False,False,0.0013455234850698616,0.00020251320416739803,0.0003198505853927318,3.69441052105888e-05,1.023043969760732e-07,5,middle,3,False,False,1.2572614110356473,1.0090038838289315,1.0505285270048577,1.1757690231571483,1.1036101860509961,False,False,False,32768
Bcc2,fno_plain,0.0007993525761412457,False,2.0372712989541303e-05,False,1.8524052268253066,1.6014966326257258,1.419599791537431,2.0326649220792694,2.015263568133117,0.0001510475336908835,False,1.7160355548405613e-05,False,2.2815357434098583e-08,False,0.0004315214428061154,1.272104641028144e-05,0.00010640149047028145,8.442294330957317e-06,1.1321277174297396e-08,False,False,1.000000180077358,1.000000138412071,1.0000000232213093,1.0000000499646435,1.0000000464426193,False,False,False,0.00043152136509888806,1.2721044649535306e-05,0.00010640148799949959,8.442293909141111e-06,1.1321276648507654e-08,6,middle,3,False,False,1.8524055604015457,1.6014968542921912,1.4195998245023969,2.032665023640648,2.0152636617272357,False,False,False,32768
Bcc2,fno_plain,0.0005095140816410991,False,1.2216764783355586e-05,False,2.53892708149936,18.620048637054467,2.3136974798412284,2.974899246030364,5.353196028223651,9.798725483043798e-05,False,1.1975908480556997e-05,False,9.60150210920519e-09,False,0.0002006808645091951,6.561081026954919e-07,4.2350936405550356e-05,4.0256517919177835e-06,1.7936018144269704e-09,False,False,0.9999996736928689,1.000000258329345,1.0000000189311784,0.9999997931880196,1.0000000378623572,False,False,False,0.00020068092999281362,6.561079332035592e-07,4.2350935603797235e-05,4.025652624470975e-06,1.7936017465169805e-09,7,outer,3,False,False,2.5389262530293477,18.62005344715944,2.313697523642248,2.9748986307855594,5.35319623090827,False,False,False,32768
Bcc2,fno_plain,0.0003577685309574006,False,1.6408707956561135e-05,False,6.2785269700563076,56.45042371328004,4.766532482422545,10.69734408879883,22.71983190598923,6.166968024453362e-05,False,1.1412022668191407e-05,False,3.80314946146302e-09,False,5.698287714039907e-05,2.9067466419567305e-07,1.2938059369563047e-05,1.0668089736536487e-06,1.6739338025033814e-10,False,False,1.0000006783362474,0.9999991534885426,0.9999997096532156,0.9999990001568866,0.9999994193065154,False,False,False,5.698283848687424e-05,2.9067491025531497e-07,1.2938063126088072e-05,1.0668100402963208e-06,1.6739347745463986e-10,8,outer,3,False,False,6.278531229008732,56.45037592734959,4.766531098475165,10.697333393133013,22.719818712730874,False,False,False,32768
Bcc2,fno_full,0.06675460989587009,False,0.795729313021205,False,0.4951422954538729,0.419725729381873,0.18726309500056904,0.27474826710142913,0.03506746674919214,0.010072437126192116,False,0.0011557080833011024,False,0.00010145398966109328,False,0.13481904193758965,1.8958316284137968,0.05378762497843747,0.004206425378015026,0.0028931086008210302,False,False,0.16030344446725617,0.027420277671867315,0.32483471082442794,0.20437285190886456,0.10551758935638972,False,False,False,0.8410239866375921,69.13976769676859,0.16558459790804037,0.02058211420316621,0.027418259064367408,1,inner,3,False,False,0.07937301546267966,0.011508996045677997,0.06082955331259722,0.056151086904537545,0.0037002345562101068,False,False,False,32768
Bcc2,fno_full,0.004262650681193918,False,0.0014560588187146242,False,0.05852582199458071,0.005815016410229505,0.0431250280656955,0.08752815998373005,0.0018597680456670243,0.0008116100947791581,False,0.0001514543873292178,False,6.587109459474339e-07,False,0.07283367470838129,0.25039633871938755,0.01881993197877514,0.0017303504078843943,0.0003541898396857231,False,False,1.0000001079860381,0.9999995399668287,0.9999999861177126,0.9999997623250908,0.9999999722354255,False,False,False,0.07283366684336216,0.2503964539100623,0.018819932240038847,0.0017303508191453681,0.0003541898495196536,2,inner,3,False,False,0.05852582831455235,0.005815013735129064,0.043125027467021466,0.08752813918048256,0.0018597679940313557,False,False,False,32768
Bcc2,fno_full,0.004316470657358878,False,0.0005310564345822476,False,0.15103906713267484,0.004871776840111438,0.16192036964856998,0.18040066220657225,0.026218206107129542,0.0011233608863570955,False,0.00014641078441735892,False,1.2619396809969992e-06,False,0.028578504484321456,0.10900672424275085,0.006937736671397332,0.0008115867349184541,4.813219012165133e-05,False,False,0.999999992092265,1.0000000696196298,1.0000000086404859,1.0000000354388834,1.000000017280972,False,False,False,0.0285785047103127,0.10900671665374358,0.006937736611451916,0.0008115867061567274,4.813218928988031e-05,3,middle,3,False,False,0.15103906593829794,0.004871777179282739,0.16192037104764068,0.18040066859977028,0.02621820656020563,False,False,False,32768
Bcc2,fno_full,0.00280854370968882,False,0.000767621800902816,False,0.47324803077989425,0.2142123114558968,0.5429893788302803,0.5989272254694249,0.2948374655224936,0.0006983170581351984,False,8.936117141570882e-05,False,4.876467136825981e-07,False,0.005934612564706185,0.003583462573582556,0.0012860602534059294,0.0001492020526294654,1.6539509753905232e-06,False,False,1.0000003103733566,0.9999999118382618,0.9999999970303748,0.9999999991610882,0.9999999940607497,False,False,False,0.0059346107227611355,0.003583462889506873,0.0012860602572250463,0.00014920205275463277,1.653950985213752e-06,4,middle,3,False,False,0.47324817766347405,0.2142122925705671,0.5429893772178054,0.5989272249669777,0.2948374637713801,False,False,False,32768
Bcc2,fno_full,0.0017831413213571067,False,4.772947463537842e-05,False,1.3252397609115147,0.23568573855210728,1.0756854908937148,1.0201391788500076,1.1570992753192522,0.00034405863144486054,False,3.768812916121488e-05,False,1.1837634187171037e-07,False,0.0013455235603032634,0.00020251320647823588,0.0003198505830537933,3.694410521876076e-05,1.0230439547985153e-07,False,False,1.0000000559138527,1.000000011410801,0.9999999926874028,1.000000000221198,0.9999999853748058,False,False,False,0.0013455234850698616,0.00020251320416739803,0.0003198505853927318,3.69441052105888e-05,1.023043969760732e-07,5,middle,3,False,False,1.3252398350107752,0.23568574124147032,1.07568548302766,1.0201391790756602,1.1570992583964506,False,False,False,32768
Bcc2,fno_full,0.0010115897166542709,False,6.380780720633316e-05,False,2.344239744092585,5.015924409705968,1.8533766925364104,2.764240037423515,3.4350051644372037,0.00019720204248875462,False,2.333652799734578e-05,False,3.888864556173659e-08,False,0.0004315214428061154,1.272104641028144e-05,0.00010640149047028145,8.442294330957317e-06,1.1321277174297396e-08,False,False,1.000000180077358,1.000000138412071,1.0000000232213093,1.0000000499646435,1.0000000464426193,False,False,False,0.00043152136509888806,1.2721044649535306e-05,0.00010640148799949959,8.442293909141111e-06,1.1321276648507654e-08,6,middle,3,False,False,2.344240166237084,5.015925103970453,1.8533767355742439,2.764240175537783,3.435005323967841,False,False,False,32768
Bcc2,fno_full,0.0004688720768899655,False,2.173244013273591e-05,False,2.3364065031147105,33.12326130930624,2.3397931990380147,3.716436296016607,5.474632214264548,9.90924329745982e-05,False,1.4961078434607545e-05,False,9.819310272825236e-09,False,0.0002006808645091951,6.561081026954919e-07,4.2350936405550356e-05,4.0256517919177835e-06,1.7936018144269704e-09,False,False,0.9999996736928689,1.000000258329345,1.0000000189311784,0.9999997931880196,1.0000000378623572,False,False,False,0.00020068092999281362,6.561079332035592e-07,4.2350935603797235e-05,4.025652624470975e-06,1.7936017465169805e-09,7,outer,3,False,False,2.3364057407286074,33.123269866016635,2.3397932433330575,3.7164355274130565,5.474632421547028,False,False,False,32768
Bcc2,fno_full,0.000630998907436151,False,1.4559413162224865e-05,False,11.073482756608522,50.08834602944248,8.426392847085973,15.40949592905495,71.00409641342164,0.0001090211709268597,False,1.643898853659519e-05,False,1.1885615710263559e-08,False,5.698287714039907e-05,2.9067466419567305e-07,1.2938059369563047e-05,1.0668089736536487e-06,1.6739338025033814e-10,False,False,1.0000006783362474,0.9999991534885426,0.9999997096532156,0.9999990001568866,0.9999994193065154,False,False,False,5.698283848687424e-05,2.9067491025531497e-07,1.2938063126088072e-05,1.0668100402963208e-06,1.6739347745463986e-10,8,outer,3,False,False,11.073490268153261,50.088303629083676,8.426390400509904,15.409480521976564,71.00405518180547,False,False,False,32768
Bcc2,localno_plain,0.08366822170559317,False,3.9114545598739032,False,0.6205964714118412,2.0631866782107315,0.3525034513148353,1.120541402826232,0.12425868318887048,0.01896032344292725,False,0.00471347379396482,False,0.00035949386506041675,False,0.13481904193758965,1.8958316284137968,0.05378762497843747,0.004206425378015026,0.0028931086008210302,False,False,0.16030344446725617,0.027420277671867315,0.32483471082442794,0.20437285190886456,0.10551758935638972,False,False,False,0.8410239866375921,69.13976769676859,0.16558459790804037,0.02058211420316621,0.027418259064367408,1,inner,3,False,False,0.0994837519915432,0.056573151605435815,0.11450535667246733,0.22900824217755686,0.013111476706688961,False,False,False,32768
Bcc2,localno_plain,0.07566283727413975,False,3.2116942378107973,False,1.038844155221965,12.82644248808309,1.5023440937230534,3.3224231461109452,2.257037775944543,0.028274013652582447,False,0.005748956246037626,False,0.0007994198480264186,False,0.07283367470838129,0.25039633871938755,0.01881993197877514,0.0017303504078843943,0.0003541898396857231,False,False,1.0000001079860381,0.9999995399668287,0.9999999861177126,0.9999997623250908,0.9999999722354255,False,False,False,0.07283366684336216,0.2503964539100623,0.018819932240038847,0.0017303508191453681,0.0003541898495196536,2,inner,3,False,False,1.0388442674026295,12.826436587494076,1.502344072867081,3.3224223564543256,2.257037713278849,False,False,False,32768
Bcc2,localno_plain,0.07612733481975738,False,3.4996303581375106,False,2.663797010845051,32.10471998354948,3.3765350968714753,5.728664306923241,11.400989260404863,0.023425511363825376,False,0.004649307960299722,False,0.0005487545826567119,False,0.028578504484321456,0.10900672424275085,0.006937736671397332,0.0008115867349184541,4.813219012165133e-05,False,False,0.999999992092265,1.0000000696196298,1.0000000086404859,1.0000000354388834,1.000000017280972,False,False,False,0.0285785047103127,0.10900671665374358,0.006937736611451916,0.0008115867061567274,4.813218928988031e-05,3,middle,3,False,False,2.66379698978045,32.1047222186682,3.376535126046379,5.728664509940708,11.400989457425041,False,False,False,32768
Bcc2,localno_plain,0.004368707130124676,False,0.0035957459058074495,False,0.7361402420953094,1.0034277830374025,0.7612612466044689,1.2165374643548066,0.57951868558179,0.000979027831716257,False,0.00018150988678238225,False,9.584954952750355e-07,False,0.005934612564706185,0.003583462573582556,0.0012860602534059294,0.0001492020526294654,1.6539509753905232e-06,False,False,1.0000003103733566,0.9999999118382618,0.9999999970303748,0.9999999991610882,0.9999999940607497,False,False,False,0.0059346107227611355,0.003583462889506873,0.0012860602572250463,0.00014920205275463277,1.653950985213752e-06,4,middle,3,False,False,0.7361404705736272,1.003427694573465,0.7612612443438084,1.216537463334239,0.5795186821398834,False,False,False,32768
Bcc2,localno_plain,0.001107654499646742,False,0.00010896286810174147,False,0.8232144960710247,0.5380531472324089,0.6918293867638199,1.0123474562950894,0.478627900390003,0.00022128203273015604,False,3.740027094331059e-05,False,4.896573800918985e-08,False,0.0013455235603032634,0.00020251320647823588,0.0003198505830537933,3.694410521876076e-05,1.0230439547985153e-07,False,False,1.0000000559138527,1.000000011410801,0.9999999926874028,1.000000000221198,0.9999999853748058,False,False,False,0.0013455234850698616,0.00020251320416739803,0.0003198505853927318,3.69441052105888e-05,1.023043969760732e-07,5,middle,3,False,False,0.8232145421001187,0.5380531533720262,0.6918293817047502,1.0123474565190185,0.478627893389977,False,False,False,32768
Bcc2,localno_plain,0.0008213596299174241,False,7.12268539470531e-05,False,1.9034039758864658,5.599134823491087,1.588289402467196,3.352456527223717,2.5226632259896027,0.0001689963597206624,False,2.8302424734561637e-05,False,2.855976959883552e-08,False,0.0004315214428061154,1.272104641028144e-05,0.00010640149047028145,8.442294330957317e-06,1.1321277174297396e-08,False,False,1.000000180077358,1.000000138412071,1.0000000232213093,1.0000000499646435,1.0000000464426193,False,False,False,0.00043152136509888806,1.2721044649535306e-05,0.00010640148799949959,8.442293909141111e-06,1.1321276648507654e-08,6,middle,3,False,False,1.9034043186464247,5.5991355984789335,1.5882894393493556,3.352456694728012,2.5226633431486905,False,False,False,32768
Bcc2,localno_plain,0.0007731279861400253,False,5.091358613947343e-05,False,3.852524694025329,77.59938633634444,4.306959275483036,9.161325482853243,18.549898200669368,0.00018240375837727733,False,3.688030634639021e-05,False,3.327113107015617e-08,False,0.0002006808645091951,6.561081026954919e-07,4.2350936405550356e-05,4.0256517919177835e-06,1.7936018144269704e-09,False,False,0.9999996736928689,1.000000258329345,1.0000000189311784,0.9999997931880196,1.0000000378623572,False,False,False,0.00020068092999281362,6.561079332035592e-07,4.2350935603797235e-05,4.025652624470975e-06,1.7936017465169805e-09,7,outer,3,False,False,3.8525234369190486,77.5994063825431,4.306959357018852,9.161323588181377,18.549898903012238,False,False,False,32768
Bcc2,localno_plain,0.001156793209083844,False,0.0001169354810332214,False,20.300716059556667,402.28989807830004,16.42358299792374,38.31856578398482,269.73407848968975,0.00021248929188808361,False,4.087858983589267e-05,False,4.515169916709919e-08,False,5.698287714039907e-05,2.9067466419567305e-07,1.2938059369563047e-05,1.0668089736536487e-06,1.6739338025033814e-10,False,False,1.0000006783362474,0.9999991534885426,0.9999997096532156,0.9999990001568866,0.9999994193065154,False,False,False,5.698283848687424e-05,2.9067491025531497e-07,1.2938063126088072e-05,1.0668100402963208e-06,1.6739347745463986e-10,8,outer,3,False,False,20.30072983026822,402.2895575352921,16.42357822938923,38.318527471430706,269.7339218568678,False,False,False,32768
Bcc3,persistence,0.010797557421028614,False,0.0503971823393108,False,1.0,2.6566200471246706,0.9979545415143032,4.0417395913001855,0.9959132669290232,0.005387735732788486,False,0.00023090431385136762,False,2.902769632636589e-05,False,0.010797557421028614,0.01897041407703634,0.005398778710514307,5.7129933444595844e-05,2.9146811565102524e-05,False,False,0.0005709033349997287,7.378415566012077e-07,0.00167290252127444,0.00021320811759815847,2.798602845686378e-06,False,False,False,18.913109731674183,25710.68802958406,3.2271926438376357,0.26795383819424184,10.41477236043975,1,inner,3,False,False,0.0005709033349997287,1.9601646708684407e-06,0.0016694806686165559,0.000861731690083063,2.787165702884382e-06,False,False,False,32768
Bcc3,persistence,0.010797557421028614,False,0.04968162389506616,False,1.0,2.618900340989694,0.9866599834759743,5.900090727451553,0.9734979229928097,0.005326758913306488,False,0.0003370717905763843,False,2.8374360520490112e-05,False,0.010797557421028614,0.01897041407703634,0.005398778710514307,5.7129933444595844e-05,2.9146811565102524e-05,False,False,0.00477717801258469,4.939874360353891e-05,0.01222931377759268,0.0016006580676444118,0.00014955611547081812,False,False,False,2.2602376115322107,384.0262462804278,0.4414621137946669,0.03569152875271506,0.19488879791605543,2,inner,3,False,False,0.00477717801258469,0.0001293703864677705,0.012066174529722097,0.009444027822729314,0.00014559256778171425,False,False,False,32768
Bcc3,persistence,0.010797557421028614,False,0.03339779571917259,False,1.0,2.4089911006521345,0.9160214306875093,7.515705778365816,0.8390952614787912,0.004916999978068124,False,0.000461714121661713,False,2.417688878432193e-05,False,0.010797557421028614,0.013863810335426944,0.005367778321930445,6.143323531780221e-05,2.8813044113386426e-05,False,False,0.02426384752817039,0.0009549451906173834,0.062474092717299645,0.009162722806878965,0.0039030122608497524,False,False,False,0.445005987137556,14.517912097618739,0.08592006843893002,0.006704692110917169,0.007382258160550419,3,middle,3,False,False,0.02426384752817039,0.002300454465807833,0.05722760779180493,0.06886432874522448,0.003274999093572651,False,False,False,32768
Bcc3,persistence,0.010797557421028614,False,0.013557726929751617,False,1.0,1.0633552733347884,0.8079775564964666,1.396791604166134,0.6528277318020009,0.003858169881007193,False,0.00027744657067974195,False,1.4885474830711057e-05,False,0.010797557421028614,0.012749950340898982,0.004775095359996011,0.00019863132757400406,2.2801535697055434e-05,False,False,0.10543335966696878,0.022348334948386134,0.2514802002543584,0.13662958140875428,0.06324229111997219,False,False,False,0.10241120509803295,0.5705100791779438,0.01898795752177016,0.0014537944530457088,0.0003605425308485481,4,middle,3,False,False,0.10543335966696878,0.023764219817618542,0.20319035770875862,0.19084305219248127,0.04128632146581328,False,False,False,32768
Bcc3,persistence,0.010797557421028614,False,0.011189709145907369,False,1.0,0.8695471798131877,0.8264636375865468,0.7878091313003959,0.6830421442527869,0.0025828183902915462,False,0.00017504176034496434,False,6.670950837228213e-06,False,0.010797557421028614,0.012868432450452372,0.0031251446195914153,0.00022218803183460432,9.766528893361172e-06,False,False,0.3379643280036133,0.17838237996725378,0.6036332018773666,0.5542745117653763,0.36437304240872154,False,False,False,0.03194880798459053,0.07213959390391961,0.0051772245295187,0.0004008627983396361,2.6803653829050126e-05,5,middle,3,False,False,0.3379643280036133,0.15511189542889,0.4988808917915827,0.43666252161583224,0.2488821441947648,False,False,False,32768
Bcc3,persistence,0.008225936957169324,False,0.005525215172021204,False,0.8332764258497929,0.8411545038987716,0.8454773194491565,0.8534737192542325,0.7148318977029309,0.001149646941381253,False,8.589468492160115e-05,False,1.3216880898272698e-06,False,0.009871798483654857,0.006568609151364817,0.0013597608296935374,0.00010064127691788347,1.8489495139688572e-06,False,False,1.0000000150946775,0.7911928269567697,0.9683106789215249,0.9465801854374021,0.9376255709134643,False,False,False,0.009871798334643245,0.008302159634877126,0.0014042609043700704,0.00010632092079064435,1.9719486875422483e-06,6,middle,3,False,False,0.8332764384278318,0.6655154098470882,0.8186847172085636,0.8078813114376208,0.6702446661908656,False,False,False,32768
Bcc3,persistence,0.0021685082325711845,False,0.0005593956006779477,False,0.7869460834586097,0.6317956722563148,0.8406752370342718,0.8531835186384918,0.706734854162629,0.0003230164400193819,False,2.817241801786488e-05,False,1.0433962052279495e-07,False,0.0027555994980502873,0.0008854058760488075,0.00038423451267449846,3.302034955248826e-05,1.4763616073020933e-07,False,False,1.0000000849161197,1.0000000051342588,1.0000000103167506,1.0000001346624208,1.0000000206335014,False,False,False,0.00275559926405549,0.0008854058715029047,0.0003842345087104469,3.302034510588865e-05,1.4763615768395846e-07,7,outer,3,False,False,0.7869461502830176,0.6317956755001173,0.8406752457073086,0.8531836335302498,0.7067348687450437,False,False,False,32768
Bcc3,persistence,0.0004546673709410243,False,4.323275789966667e-05,False,0.8373306365768584,0.5335098971668389,0.811385092881024,0.8383290378068989,0.658345768949548,7.047504247486989e-05,False,7.484579649705961e-06,False,4.966731611834715e-09,False,0.0005429962204652838,8.103459397707659e-05,8.685769937506587e-05,8.927973757518778e-06,7.54425994072932e-09,False,False,1.0000000487747172,0.9999998268094892,0.9999999383795678,1.0000000381599607,0.9999998767591396,False,False,False,0.000542996193980798,8.103460801150174e-05,8.685770472727518e-05,8.927973416827662e-06,7.54426087049052e-09,8,outer,3,False,False,0.8373306774174234,0.5335098047679873,0.811385042883124,0.8383290697975021,0.6583456878144489,False,False,False,32768
Bcc3,fno_plain,0.010797557421028614,False,0.017916115551081427,False,1.0,0.9444240636143446,0.8334724523228472,4.704856594717148,0.6946763287810607,0.004499733331400738,False,0.0002687881441225585,False,2.024760005371878e-05,False,0.010797557421028614,0.01897041407703634,0.005398778710514307,5.7129933444595844e-05,2.9146811565102524e-05,False,False,0.0005709033349997287,7.378415566012077e-07,0.00167290252127444,0.00021320811759815847,2.798602845686378e-06,False,False,False,18.913109731674183,25710.68802958406,3.2271926438376357,0.26795383819424184,10.41477236043975,1,inner,3,False,False,0.0005709033349997287,6.968353211888461e-07,0.0013943181669036817,0.0010031136181289251,1.9441231505576425e-06,False,False,False,32768
Bcc3,fno_plain,0.010797557421028614,False,0.01887398218194787,False,1.0,0.99491672165421,0.7472780451671993,6.392040507238142,0.5584244767889107,0.004034388801083424,False,0.00036517684875367573,False,1.627629299830735e-05,False,0.010797557421028614,0.01897041407703634,0.005398778710514307,5.7129933444595844e-05,2.9146811565102524e-05,False,False,0.00477717801258469,4.939874360353891e-05,0.01222931377759268,0.0016006580676444118,0.00014955611547081812,False,False,False,2.2602376115322107,384.0262462804278,0.4414621137946669,0.03569152875271506,0.19488879791605543,2,inner,3,False,False,0.00477717801258469,4.91476360398698e-05,0.009138697693455756,0.01023147120662061,8.351579553237353e-05,False,False,False,32768
Bcc3,fno_plain,0.010797557421028614,False,0.022956675485701582,False,1.0,1.6558705673460599,0.6774819004651104,6.4046665218032155,0.4589817254578177,0.003636572658816859,False,0.0003934593855659867,False,1.3224660702854319e-05,False,0.010797557421028614,0.013863810335426944,0.005367778321930445,6.143323531780221e-05,2.8813044113386426e-05,False,False,0.02426384752817039,0.0009549451906173834,0.062474092717299645,0.009162722806878965,0.0039030122608497524,False,False,False,0.445005987137556,14.517912097618739,0.08592006843893002,0.006704692110917169,0.007382258160550419,3,middle,3,False,False,0.02426384752817039,0.0015812656345719981,0.04232506706394967,0.05868418400978049,0.0017914113019678374,False,False,False,32768
Bcc3,fno_plain,0.010797557421028614,False,0.01563987575339877,False,1.0,1.2266616994757664,0.8337788877329089,1.4080191456511764,0.6951872336291266,0.003981373698076048,False,0.00027967671215030815,False,1.5851336523731747e-05,False,0.010797557421028614,0.012749950340898982,0.004775095359996011,0.00019863132757400406,2.2801535697055434e-05,False,False,0.10543335966696878,0.022348334948386134,0.2514802002543584,0.13662958140875428,0.06324229111997219,False,False,False,0.10241120509803295,0.5705100791779438,0.01898795752177016,0.0014537944530457088,0.0003605425308485481,4,middle,3,False,False,0.10543335966696878,0.027413846528240995,0.20967888165492812,0.19237706648583203,0.04396523341206135,False,False,False,32768
Bcc3,fno_plain,0.010797557421028614,False,0.009936263989384473,False,1.0,0.7721425299967423,0.829032490943802,1.0551227809458552,0.6872948710404853,0.0025908464285394916,False,0.0002344356540422139,False,6.71248521627584e-06,False,0.010797557421028614,0.012868432450452372,0.0031251446195914153,0.00022218803183460432,9.766528893361172e-06,False,False,0.3379643280036133,0.17838237996725378,0.6036332018773666,0.5542745117653763,0.36437304240872154,False,False,False,0.03194880798459053,0.07213959390391961,0.0051772245295187,0.0004008627983396361,2.6803653829050126e-05,5,middle,3,False,False,0.3379643280036133,0.13773662217475555,0.5004315369687761,0.5848276642612901,0.2504317231929315,False,False,False,32768
Bcc3,fno_plain,0.006296619768254459,False,0.002343373814016623,False,0.6378391717253985,0.35675342527112,0.6957408421044087,0.6291336848207361,0.4840553193721516,0.0009460411447115711,False,6.331681739241211e-05,False,8.949938474871797e-07,False,0.009871798483654857,0.006568609151364817,0.0013597608296935374,0.00010064127691788347,1.8489495139688572e-06,False,False,1.0000000150946775,0.7911928269567697,0.9683106789215249,0.9465801854374021,0.9376255709134643,False,False,False,0.009871798334643245,0.008302159634877126,0.0014042609043700704,0.00010632092079064435,1.9719486875422483e-06,6,middle,3,False,False,0.6378391813533751,0.2822607510667681,0.6736932871715533,0.5955254800425284,0.45386264518001296,False,False,False,32768
Bcc3,fno_plain,0.002594170509837568,False,0.0005490285162236477,False,0.9414178336413046,0.6200868224115815,0.9075313546677722,0.9013729672066412,0.8236131597051218,0.0003487048677975989,False,2.9763650454326827e-05,False,1.2159508482574093e-07,False,0.0027555994980502873,0.0008854058760488075,0.00038423451267449846,3.302034955248826e-05,1.4763616073020933e-07,False,False,1.0000000849161197,1.0000000051342588,1.0000000103167506,1.0000001346624208,1.0000000206335014,False,False,False,0.00275559926405549,0.0008854058715029047,0.0003842345087104469,3.302034510588865e-05,1.4763615768395846e-07,7,outer,3,False,False,0.9414179135828541,0.6200868255952677,0.9075313640305469,0.901373088587707,0.8236131766991451,False,False,False,32768
Bcc3,fno_plain,0.000528806442162022,False,7.390716773151749e-05,False,0.9738676297026472,0.9120446478996941,1.4188625608114982,1.9407159559289187,2.013170966472563,0.00012323913776150124,False,1.7326661125331353e-05,False,1.5187885076198283e-08,False,0.0005429962204652838,8.103459397707659e-05,8.685769937506587e-05,8.927973757518778e-06,7.54425994072932e-09,False,False,1.0000000487747172,0.9999998268094892,0.9999999383795678,1.0000000381599607,0.9999998767591396,False,False,False,0.000542996193980798,8.103460801150174e-05,8.685770472727518e-05,8.927973416827662e-06,7.54426087049052e-09,8,outer,3,False,False,0.9738676772027655,0.9120444899422157,1.4188624733805741,1.9407160299865633,2.0131707183676406,False,False,False,32768
Bcc3,fno_full,0.010797557421028614,False,0.016556126113907856,False,1.0,0.8727340397882524,0.8319640665623824,5.095261483084929,0.6921642080510163,0.004491589890469898,False,0.0002910919494114547,False,2.017437974417139e-05,False,0.010797557421028614,0.01897041407703634,0.005398778710514307,5.7129933444595844e-05,2.9146811565102524e-05,False,False,0.0005709033349997287,7.378415566012077e-07,0.00167290252127444,0.00021320811759815847,2.798602845686378e-06,False,False,False,18.913109731674183,25710.68802958406,3.2271926438376357,0.26795383819424184,10.41477236043975,1,inner,3,False,False,0.0005709033349997287,6.439394424162245e-07,0.0013917947845619458,0.0010863511094789389,1.9370927223338327e-06,False,False,False,32768
Bcc3,fno_full,0.010797557421028614,False,0.018336411696415072,False,1.0,0.9665794126555873,0.7827213796729305,5.214429495209046,0.6126527581970959,0.0042257395208426035,False,0.00029790001001283033,False,1.7856874498011074e-05,False,0.010797557421028614,0.01897041407703634,0.005398778710514307,5.7129933444595844e-05,2.9146811565102524e-05,False,False,0.00477717801258469,4.939874360353891e-05,0.01222931377759268,0.0016006580676444118,0.00014955611547081812,False,False,False,2.2602376115322107,384.0262462804278,0.4414621137946669,0.03569152875271506,0.19488879791605543,2,inner,3,False,False,0.00477717801258469,4.774780857823259e-05,0.00957214535245052,0.008346518639669337,9.162596664844008e-05,False,False,False,32768
Bcc3,fno_full,0.010797557421028614,False,0.01750788735015728,False,1.0,1.2628481583752218,0.6882857179739337,5.613902438797002,0.4737372295668933,0.003694565156234813,False,0.00034488018957379995,False,1.3649811693664369e-05,False,0.010797557421028614,0.013863810335426944,0.005367778321930445,6.143323531780221e-05,2.8813044113386426e-05,False,False,0.02426384752817039,0.0009549451906173834,0.062474092717299645,0.009162722806878965,0.0039030122608497524,False,False,False,0.445005987137556,14.517912097618739,0.08592006843893002,0.006704692110917169,0.007382258160550419,3,middle,3,False,False,0.02426384752817039,0.0012059507753204377,0.043000025760696683,0.05143863191155873,0.0018490022154205783,False,False,False,32768
Bcc3,fno_full,0.010797557421028614,False,0.008364877221653496,False,1.0,0.6560713569856695,0.7118126215551387,1.2947671071660736,0.5066772082051992,0.0033989731463745397,False,0.00025718130939554997,False,1.1553018449775239e-05,False,0.010797557421028614,0.012749950340898982,0.004775095359996011,0.00019863132757400406,2.2801535697055434e-05,False,False,0.10543335966696878,0.022348334948386134,0.2514802002543584,0.13662958140875428,0.06324229111997219,False,False,False,0.10241120509803295,0.5705100791779438,0.01898795752177016,0.0014537944530457088,0.0003605425308485481,4,middle,3,False,False,0.10543335966696878,0.014662102435957954,0.17900678061226613,0.17690348787392432,0.032043427505167976,False,False,False,32768
Bcc3,fno_full,0.010797557421028614,False,0.0075082739934852144,False,1.0,0.5834645379221205,0.7907898956739591,0.8641341819457194,0.625348659100031,0.0024713327876927297,False,0.00019200027312752527,False,6.1074857475251185e-06,False,0.010797557421028614,0.012868432450452372,0.0031251446195914153,0.00022218803183460432,9.766528893361172e-06,False,False,0.3379643280036133,0.17838237996725378,0.6036332018773666,0.5542745117653763,0.36437304240872154,False,False,False,0.03194880798459053,0.07213959390391961,0.0051772245295187,0.0004008627983396361,2.6803653829050126e-05,5,middle,3,False,False,0.3379643280036133,0.10407979290104186,0.47734703673794054,0.47896755179773653,0.22786019348249273,False,False,False,32768
Bcc3,fno_full,0.007813327014446259,False,0.0047280054046596005,False,0.7914795898015043,0.7197879026912755,0.9935992495521229,0.8343551113798046,0.9872394687105417,0.0013510573399538707,False,8.397056381222641e-05,False,1.8253559358432288e-06,False,0.009871798483654857,0.006568609151364817,0.0013597608296935374,0.00010064127691788347,1.8489495139688572e-06,False,False,1.0000000150946775,0.7911928269567697,0.9683106789215249,0.9465801854374021,0.9376255709134643,False,False,False,0.009871798334643245,0.008302159634877126,0.0014042609043700704,0.00010632092079064435,1.9719486875422483e-06,6,middle,3,False,False,0.7914796017486335,0.5694910255395945,0.9621127639097338,0.7897840160505396,0.9256609704780268,False,False,False,32768
Bcc3,fno_full,0.006229870079550892,False,0.004272424218543244,False,2.260803895471316,4.8253849834487985,2.3868454752516994,1.8912269838912448,5.697031322729511,0.0009171084080126684,False,6.244897609118699e-05,False,8.41087832047531e-07,False,0.0027555994980502873,0.0008854058760488075,0.00038423451267449846,3.302034955248826e-05,1.4763616073020933e-07,False,False,1.0000000849161197,1.0000000051342588,1.0000000103167506,1.0000001346624208,1.0000000206335014,False,False,False,0.00275559926405549,0.0008854058715029047,0.0003842345087104469,3.302034510588865e-05,1.4763615768395846e-07,7,outer,3,False,False,2.26080408745001,4.825385008223573,2.386845499876189,1.891227238568449,5.697031440279214,False,False,False,32768
Bcc3,fno_full,0.0026867173961363728,False,0.0013378900519112607,False,4.94794861340687,16.510109895654303,6.194879402241479,4.50212941508773,38.37653080831574,0.0005380729727846781,False,4.019489327085661e-05,False,2.89522524041341e-07,False,0.0005429962204652838,8.103459397707659e-05,8.685769937506587e-05,8.927973757518778e-06,7.54425994072932e-09,False,False,1.0000000487747172,0.9999998268094892,0.9999999383795678,1.0000000381599607,0.9999998767591396,False,False,False,0.000542996193980798,8.103460801150174e-05,8.685770472727518e-05,8.927973416827662e-06,7.54426087049052e-09,8,outer,3,False,False,4.947948854741665,16.510107036259935,6.194879020510332,4.502129586888811,38.37652607875906,False,False,False,32768
Bcc3,localno_plain,0.010797557421028614,False,0.0261668562769911,False,1.0,1.3793508233784966,0.5001551288826998,9.98851558489801,0.25015515294767,0.002700226861766459,False,0.0005706432305755317,False,7.291225105005139e-06,False,0.010797557421028614,0.01897041407703634,0.005398778710514307,5.7129933444595844e-05,2.9146811565102524e-05,False,False,0.0005709033349997287,7.378415566012077e-07,0.00167290252127444,0.00021320811759815847,2.798602845686378e-06,False,False,False,18.913109731674183,25710.68802958406,3.2271926438376357,0.26795383819424184,10.41477236043975,1,inner,3,False,False,0.0005709033349997287,1.0177423586207474e-06,0.000836710776136211,0.0021296326054559738,7.000849229024605e-07,False,False,False,32768
Bcc3,localno_plain,0.010797557421028614,False,0.013860315087853124,False,1.0,0.7306279679277542,0.514397931125146,8.604560298115311,0.2646052315458305,0.002777120599291043,False,0.0004915779571513395,False,7.712398823006643e-06,False,0.010797557421028614,0.01897041407703634,0.005398778710514307,5.7129933444595844e-05,2.9146811565102524e-05,False,False,0.00477717801258469,4.939874360353891e-05,0.01222931377759268,0.0016006580676444118,0.00014955611547081812,False,False,False,2.2602376115322107,384.0262462804278,0.4414621137946669,0.03569152875271506,0.19488879791605543,2,inner,3,False,False,0.00477717801258469,3.6092103657237774e-05,0.006290733706273918,0.013772958859711077,3.957333056325079e-05,False,False,False,32768
Bcc3,localno_plain,0.010797557421028614,False,0.02225198655243296,False,1.0,1.6050411837769631,0.5413281464598616,6.5326881586462875,0.2930361621496694,0.002905729489618034,False,0.0004013241689079374,False,8.443263866835881e-06,False,0.010797557421028614,0.013863810335426944,0.005367778321930445,6.143323531780221e-05,2.8813044113386426e-05,False,False,0.02426384752817039,0.0009549451906173834,0.062474092717299645,0.009162722806878965,0.0039030122608497524,False,False,False,0.445005987137556,14.517912097618739,0.08592006843893002,0.006704692110917169,0.007382258160550419,3,middle,3,False,False,0.02426384752817039,0.0015327263591906428,0.03381898481241736,0.059857210781456484,0.0011437237337425157,False,False,False,32768
Bcc3,localno_plain,0.010797557421028614,False,0.01529810060601191,False,1.0,1.1998557011582258,0.6924937332005828,1.6427362607874074,0.47954757052208014,0.003306723612232419,False,0.0003262988843341581,False,1.0934421047695418e-05,False,0.010797557421028614,0.012749950340898982,0.004775095359996011,0.00019863132757400406,2.2801535697055434e-05,False,False,0.10543335966696878,0.022348334948386134,0.2514802002543584,0.13662958140875428,0.06324229111997219,False,False,False,0.10241120509803295,0.5705100791779438,0.01898795752177016,0.0014537944530457088,0.0003605425308485481,4,middle,3,False,False,0.10543335966696878,0.026814777099214728,0.17414846270017081,0.22444636767636567,0.030327687060832786,False,False,False,32768
Bcc3,localno_plain,0.010797557421028614,False,0.01764244338908178,False,1.0,1.3709862065182294,0.6708338745165343,1.115908198761155,0.4500180871988653,0.00209645287358501,False,0.0002479414463908395,False,4.395114651162846e-06,False,0.010797557421028614,0.012868432450452372,0.0031251446195914153,0.00022218803183460432,9.766528893361172e-06,False,False,0.3379643280036133,0.17838237996725378,0.6036332018773666,0.5542745117653763,0.36437304240872154,False,False,False,0.03194880798459053,0.07213959390391961,0.0051772245295187,0.0004008627983396361,2.6803653829050126e-05,5,middle,3,False,False,0.3379643280036133,0.24455978242099868,0.4049375996022151,0.6185194720433198,0.1639744595716039,False,False,False,32768
Bcc3,localno_plain,0.003370823565637693,False,0.0008517008940234666,False,0.3414599245739168,0.1296622883775177,0.4167646868678399,0.583762709578064,0.17369280422004865,0.0005667002964023813,False,5.875062450897992e-05,False,3.211492259425468e-07,False,0.009871798483654857,0.006568609151364817,0.0013597608296935374,0.00010064127691788347,1.8489495139688572e-06,False,False,1.0000000150946775,0.7911928269567697,0.9683106789215249,0.9465801854374021,0.9376255709134643,False,False,False,0.009871798334643245,0.008302159634877126,0.0014042609043700704,0.00010632092079064435,1.9719486875422483e-06,6,middle,3,False,False,0.3414599297281442,0.10258787249109212,0.40355769689151477,0.5525782138838441,0.1628588147203837,False,False,False,32768
Bcc3,localno_plain,0.0019079357106238605,False,0.00037686045676072605,False,0.6923849826412772,0.42563582076334877,0.7886805218866069,1.1835838879300793,0.6220169656033305,0.0003030382759829695,False,3.9082353704144305e-05,False,9.18321967107304e-08,False,0.0027555994980502873,0.0008854058760488075,0.00038423451267449846,3.302034955248826e-05,1.4763616073020933e-07,False,False,1.0000000849161197,1.0000000051342588,1.0000000103167506,1.0000001346624208,1.0000000206335014,False,False,False,0.00275559926405549,0.0008854058715029047,0.0003842345087104469,3.302034510588865e-05,1.4763615768395846e-07,7,outer,3,False,False,0.6923850414359234,0.4256358229486732,0.788680530023227,1.1835840473143509,0.6220169784377185,False,False,False,32768
Bcc3,localno_plain,0.0008415595136466436,False,0.0001680192001104786,False,1.5498441461075478,2.073425581153755,1.8875464152603054,5.044482197846277,3.562831469762029,0.00016394793909316286,False,4.50370046826422e-05,False,2.6878926732895438e-08,False,0.0005429962204652838,8.103459397707659e-05,8.685769937506587e-05,8.927973757518778e-06,7.54425994072932e-09,False,False,1.0000000487747172,0.9999998268094892,0.9999999383795678,1.0000000381599607,0.9999998767591396,False,False,False,0.000542996193980798,8.103460801150174e-05,8.685770472727518e-05,8.927973416827662e-06,7.54426087049052e-09,8,outer,3,False,False,1.5498442217007578,2.0734252220561196,1.8875462989488796,5.04448239034352,3.562831030675613,False,False,False,32768
rho,persistence,0.03964628899469971,False,0.11936033756979948,False,0.0006366855262564461,5.057001214318749e-07,0.0006438815463923101,0.000952310976356646,4.1458344578455257e-07,0.007018044613484077,False,0.0007803732639467372,False,4.925295019685286e-05,False,62.269813526012,236029.87721623288,10.899589610552463,0.8194521362468082,118.80105367846319,False,False,1.0000005704177422,1.0000001463880481,1.000000001600019,1.0000000018966522,1.000000003200038,False,False,False,62.26977800622582,236029.84266428492,10.899589593112912,0.8194521346925926,118.8010532982953,1,inner,3,False,False,0.0006366858894331664,5.057001954603286e-07,0.0006438815474225329,0.0009523109781628486,4.1458344711123534e-07,False,False,False,32768
rho,persistence,0.010582140255719423,False,0.012217228964758214,False,0.0005995793217392282,6.548257634339922e-07,0.0006028581698548659,0.0008663505879557457,3.634379729607585e-07,0.002074123156824136,False,0.00021251334956778683,False,4.30198686967412e-06,False,17.649274869959335,18657.22096926893,3.440482787723466,0.2452971724405897,11.83692181262143,False,False,1.0000005003710906,1.0000005970162031,1.0000000545625471,1.0000000677000502,1.0000001091250972,False,False,False,17.64926603877684,18657.209830612355,3.440482600001972,0.24529715583395995,11.836920520916328,2,inner,3,False,False,0.0005995796217513873,6.548261543755832e-07,0.0006028582027483432,0.000866350646607724,3.634380126209626e-07,False,False,False,32768
rho,persistence,4.884547402354656,False,517.5777975524331,False,1.2356446218643942,1.4043521052713006,0.9206961481598712,1.4242809192595447,0.8476813972364236,0.8609199519931096,False,0.08882389486000337,False,0.7411831637398181,False,3.9530357806151732,368.552726634354,0.9350750013604032,0.062364027811438454,0.874365258169158,False,False,0.9999999801115076,0.9999995859314451,0.9999999911122999,0.9999999857225501,0.9999999822245998,False,False,False,3.9530358592350967,368.5528792405121,0.9350750096710695,0.06236402870183775,0.8743652737113506,3,middle,3,False,False,1.2356445972892856,1.4043515237732538,0.920696139977,1.4242808989244453,0.8476813821685475,False,False,False,32768
rho,persistence,1.523294763333979,False,79.35274702829497,False,0.7571915030597026,0.584735244068683,0.8018241400387179,1.0150465581719748,0.6429219515488295,0.3394991168318375,False,0.03082364012610837,False,0.11525965032959763,False,2.0117694891960127,135.7071389713841,0.42340845065533195,0.030366725425501184,0.17927471608634868,False,False,0.999999960891082,1.0000001649151802,0.9999999737961114,1.0000000778078295,0.9999999475922235,False,False,False,2.011769567874144,135.7071165912205,0.42340846175028013,0.03036672306273237,0.17927472548173842,4,middle,3,False,False,0.7571914734467622,0.5847353405004012,0.8018241190278075,1.0150466371505442,0.6429219178547195,False,False,False,32768
rho,persistence,0.7137580384296598,False,16.12262630698001,False,0.9882162930613538,1.020103720492257,0.9272796073668104,1.0931820287909348,0.859847470238346,0.1603381287208346,False,0.011026252841029533,False,0.025708315521698933,False,0.722269045189023,15.804889231459661,0.17291238526871708,0.010086383192033104,0.02989869297931725,False,False,1.000000000040295,1.000000501184901,0.9999999977669771,0.9999999749462861,0.9999999955339545,False,False,False,0.7222690451599192,15.804881310291787,0.17291238565483438,0.010086383444734469,0.029898693112846174,5,middle,3,False,False,0.988216293101174,1.0201042317528393,0.9272796052961738,1.093182001402665,0.8598474663982281,False,False,False,32768
rho,persistence,0.46420604947161337,False,1.3631643637149653,False,0.9118932584373276,1.1248515584083285,0.94510775893819,0.9380009636713085,0.8932286760051679,0.12197108995038013,False,0.006541461405659457,False,0.014876946783683719,False,0.5090574419500626,1.2118615594433195,0.12905522020834137,0.0069738322869694796,0.016655249863023483,False,False,1.0000000000107196,1.0000014244199584,0.999999925703201,1.000000428304309,0.9999998514064077,False,False,False,0.5090574419446057,1.2118598332459862,0.12905522979673184,0.006973829300048341,0.01665525233788726,6,middle,3,False,False,0.9118932584471029,1.1248531606693386,0.9451076887197088,0.9380013654211629,0.8932285432771101,False,False,False,32768
rho,persistence,0.9303857517127199,False,35.416145655923266,False,1.0273798607357654,0.9834054011660603,1.0151012492347007,1.0123161130335212,1.0304305461978498,0.2544743875120437,False,0.01677905447310531,False,0.06475721389962978,False,0.9055908016791545,36.013779885618916,0.2506886753453368,0.016574915934929605,0.06284481194639968,False,False,0.9999992759961396,0.9999999408227676,1.0000000965519584,1.0000003831849946,1.000000193103926,False,False,False,0.9055914573308655,36.013782016814865,0.2506886511408566,0.016574909583672966,0.06284479981082211,7,outer,3,False,False,1.02737911690878,0.9834053429708504,1.0151013472447143,1.0123165009378654,1.0304307451780337,False,False,False,32768
rho,persistence,0.8520616897912987,False,43.97383362143997,False,0.9938940300351388,0.9727527233724652,0.9956367663517393,0.9881764467286643,0.9912925705113479,0.2135194947133973,False,0.01370873142578436,False,0.0455905746226645,False,0.857296315343774,45.205562076439925,0.21445521291443045,0.013872756703690725,0.0459910383461737,False,False,1.0000002085816095,1.0000003558260226,1.000000042690959,1.000000102167787,1.0000000853819198,False,False,False,0.857296136527566,45.20554599113029,0.21445520375913216,0.01387275528634202,0.045991034419370885,8,outer,3,False,False,0.9938942373431553,0.9727530695031978,0.9956368088564276,0.988176547688465,0.9912926551498107,False,False,False,32768
rho,fno_plain,0.005614827387034893,False,0.002945043339543453,False,9.016933035602248e-05,1.2477417580679522e-08,0.00011193352506903116,0.0002605950890321894,1.2529114034379424e-08,0.0012200294869149256,False,0.0002135452024028548,False,1.4884719489418965e-06,False,62.269813526012,236029.87721623288,10.899589610552463,0.8194521362468082,118.80105367846319,False,False,1.0000005704177422,1.0000001463880481,1.000000001600019,1.0000000018966522,1.000000003200038,False,False,False,62.26977800622582,236029.84266428492,10.899589593112912,0.8194521346925926,118.8010532982953,1,inner,3,False,False,9.016938179020832e-05,1.2477419407224325e-08,0.00011193352524812692,0.00026059508952644764,1.2529114074473067e-08,False,False,False,32768
rho,fno_plain,0.0031809693132527155,False,0.0006318092869852496,False,0.00018023229490674505,3.3864061964315506e-08,0.00023225123796465218,0.000530226246139348,5.39406375361135e-08,0.0007990563866448526,False,0.00013006299893177022,False,6.384911090379282e-07,False,17.649274869959335,18657.22096926893,3.440482787723466,0.2452971724405897,11.83692181262143,False,False,1.0000005003710906,1.0000005970162031,1.0000000545625471,1.0000000677000502,1.0000001091250972,False,False,False,17.64926603877684,18657.209830612355,3.440482600001972,0.24529715583395995,11.836920520916328,2,inner,3,False,False,0.00018023238508977501,3.38640821817092e-08,0.00023225125063687128,0.0005302262820356915,5.3940643422390815e-08,False,False,False,32768
rho,fno_plain,0.0064080473571084436,False,0.0057843996756015105,False,0.0016210446129863313,1.569490403293174e-05,0.0014532130748303126,0.0038066573257378874,2.1118282408577723e-06,0.0013588632179239103,False,0.00023739848333093354,False,1.8465092450265248e-06,False,3.9530357806151732,368.552726634354,0.9350750013604032,0.062364027811438454,0.874365258169158,False,False,0.9999999801115076,0.9999995859314451,0.9999999911122999,0.9999999857225501,0.9999999822245998,False,False,False,3.9530358592350967,368.5528792405121,0.9350750096710695,0.06236402870183775,0.8743652737113506,3,middle,3,False,False,0.001621044580746198,1.5694897534165505e-05,0.0014532130619145907,0.003806657271388528,2.11182820331918e-06,False,False,False,32768
rho,fno_plain,0.020452875785267676,False,0.03251053848021833,False,0.01016660998941857,0.00023956395165823714,0.010895581144432462,0.013312423015029553,0.00011871368847491219,0.004613281131353598,False,0.00040425469444552506,False,2.1282362796903126e-05,False,2.0117694891960127,135.7071389713841,0.42340845065533195,0.030366725425501184,0.17927471608634868,False,False,0.999999960891082,1.0000001649151802,0.9999999737961114,1.0000000778078295,0.9999999475922235,False,False,False,2.011769567874144,135.7071165912205,0.42340846175028013,0.03036672306273237,0.17927472548173842,4,middle,3,False,False,0.010166609591813452,0.0002395639911659694,0.010895580858925868,0.013312424050840295,0.00011871368225339173,False,False,False,32768
rho,fno_plain,0.01207745577179594,False,0.018974697504294875,False,0.016721546980647886,0.0012005587148643665,0.01985855595741137,0.03728059557311856,0.00039436224471363845,0.0034337902785882913,False,0.00037602637257768675,False,1.1790915677327454e-05,False,0.722269045189023,15.804889231459661,0.17291238526871708,0.010086383192033104,0.02989869297931725,False,False,1.000000000040295,1.000000501184901,0.9999999977669771,0.9999999749462861,0.9999999955339545,False,False,False,0.7222690451599192,15.804881310291787,0.17291238565483438,0.010086383444734469,0.029898693112846174,5,middle,3,False,False,0.016721546981321684,0.001200559316566267,0.01985855591306676,0.03728059463910118,0.00039436224295239875,False,False,False,32768
rho,fno_plain,0.07089171318913941,False,0.622651946791677,False,0.1392607343437948,0.5137979185326237,0.11522279821228325,0.2082345436156306,0.013276293227868543,0.014870103596307497,False,0.001452192783529039,False,0.00022111998096491716,False,0.5090574419500626,1.2118615594433195,0.12905522020834137,0.0069738322869694796,0.016655249863023483,False,False,1.0000000000107196,1.0000014244199584,0.999999925703201,1.000000428304309,0.9999998514064077,False,False,False,0.5090574419446057,1.2118598332459862,0.12905522979673184,0.006973829300048341,0.01665525233788726,6,middle,3,False,False,0.13926073434528763,0.5137986503966334,0.11522278965159817,0.20823463280338286,0.013276291255096441,False,False,False,32768
rho,fno_plain,0.7655748396526906,False,39.846182784155786,False,0.845387164084656,1.106414903148426,0.7150599147043899,0.8503160948128233,0.5113106816170492,0.179257422809793,False,0.014093917789640179,False,0.0321332236324089,False,0.9055908016791545,36.013779885618916,0.2506886753453368,0.016574915934929605,0.06284481194639968,False,False,0.9999992759961396,0.9999999408227676,1.0000000965519584,1.0000003831849946,1.000000193103926,False,False,False,0.9055914573308655,36.013782016814865,0.2506886511408566,0.016574909583672966,0.06284479981082211,7,outer,3,False,False,0.8453865520210857,1.106414837673854,0.7150599837448249,0.8503164206411915,0.5113107803531493,False,False,False,32768
rho,fno_plain,1.0950177800102392,False,64.60913731548455,False,1.2772920639127434,1.4292298192473378,1.4285240049944006,2.2341433863696696,2.040680832845242,0.3063544196444491,False,0.030993727640266134,False,0.09385303043568721,False,0.857296315343774,45.205562076439925,0.21445521291443045,0.013872756703690725,0.0459910383461737,False,False,1.0000002085816095,1.0000003558260226,1.000000042690959,1.000000102167787,1.0000000853819198,False,False,False,0.857296136527566,45.20554599113029,0.21445520375913216,0.01387275528634202,0.045991034419370885,8,outer,3,False,False,1.277292330332378,1.4292303278045,1.4285240659794602,2.234143614627155,2.0406810070824895,False,False,False,32768
rho,fno_full,0.028757701097056172,False,0.03884757355959249,False,0.00046182410816186564,1.6458752602749206e-07,0.0005177396121148196,0.0011387308677959951,2.680543059528038e-07,0.005643149297178149,False,0.0009331354422256101,False,3.1845133990242246e-05,False,62.269813526012,236029.87721623288,10.899589610552463,0.8194521362468082,118.80105367846319,False,False,1.0000005704177422,1.0000001463880481,1.000000001600019,1.0000000018966522,1.000000003200038,False,False,False,62.26977800622582,236029.84266428492,10.899589593112912,0.8194521346925926,118.8010532982953,1,inner,3,False,False,0.00046182437159453076,1.6458755012113873e-07,0.0005177396129432128,0.0011387308699557716,2.6805430681058784e-07,False,False,False,32768
rho,fno_full,0.01159017719401163,False,0.003990251822629485,False,0.0006566942426478473,2.1387171375640518e-07,0.0007652759038705049,0.0012346241122294912,5.856472090448183e-07,0.0026329185751259895,False,0.0003028498037568675,False,6.932260223243472e-06,False,17.649274869959335,18657.22096926893,3.440482787723466,0.2452971724405897,11.83692181262143,False,False,1.0000005003710906,1.0000005970162031,1.0000000545625471,1.0000000677000502,1.0000001091250972,False,False,False,17.64926603877684,18657.209830612355,3.440482600001972,0.24529715583395995,11.836920520916328,2,inner,3,False,False,0.0006566945712386617,2.1387184144128368e-07,0.0007652759456259074,0.0012346241958136055,5.856472729536269e-07,False,False,False,32768
rho,fno_full,0.007732314430177212,False,0.007181784668495113,False,0.0019560446348841055,1.9486451054316187e-05,0.0015372300130671035,0.004151103095218866,2.3630761130742873e-06,0.0014374253565599745,False,0.00025887950887837764,False,2.0661916556815694e-06,False,3.9530357806151732,368.552726634354,0.9350750013604032,0.062364027811438454,0.874365258169158,False,False,0.9999999801115076,0.9999995859314451,0.9999999911122999,0.9999999857225501,0.9999999822245998,False,False,False,3.9530358592350967,368.5528792405121,0.9350750096710695,0.06236402870183775,0.8743652737113506,3,middle,3,False,False,0.001956044595981327,1.948644298558956e-05,0.001537229999404664,0.0041511030359517,2.3630760710696634e-06,False,False,False,32768
rho,fno_full,0.021614832615014155,False,0.010623781182844946,False,0.010744189496408133,7.828461541058006e-05,0.011749567700247243,0.013310517513982193,0.00013805234114269328,0.004974866255831617,False,0.00040419683061842187,False,2.474929426341209e-05,False,2.0117694891960127,135.7071389713841,0.42340845065533195,0.030366725425501184,0.17927471608634868,False,False,0.999999960891082,1.0000001649151802,0.9999999737961114,1.0000000778078295,0.9999999475922235,False,False,False,2.011769567874144,135.7071165912205,0.42340846175028013,0.03036672306273237,0.17927472548173842,4,middle,3,False,False,0.010744189076214506,7.828462832090152e-05,0.011749567392362879,0.013310518549644672,0.00013805233390767703,False,False,False,32768
rho,fno_full,0.01086345032381359,False,0.011388909720805687,False,0.015040725331057969,0.0007205940866789525,0.014557530413050817,0.028322512712836225,0.00021192169172689945,0.002517177307342509,False,0.0002856717161828952,False,6.336181596600083e-06,False,0.722269045189023,15.804889231459661,0.17291238526871708,0.010086383192033104,0.02989869297931725,False,False,1.000000000040295,1.000000501184901,0.9999999977669771,0.9999999749462861,0.9999999955339545,False,False,False,0.7222690451599192,15.804881310291787,0.17291238565483438,0.010086383444734469,0.029898693112846174,5,middle,3,False,False,0.015040725331664034,0.0007205944478298285,0.01455753038054352,0.028322512003252094,0.00021192169078044752,False,False,False,32768
rho,fno_full,0.10688276294917158,False,3.7382687162423394,False,0.20996208706768407,3.08473248211582,0.18613563214528486,0.3267728821610018,0.034646473554124806,0.024021774995128562,False,0.0022788592761204675,False,0.0005770456739165839,False,0.5090574419500626,1.2118615594433195,0.12905522020834137,0.0069738322869694796,0.016655249863023483,False,False,1.0000000000107196,1.0000014244199584,0.999999925703201,1.000000428304309,0.9999998514064077,False,False,False,0.5090574419446057,1.2118598332459862,0.12905522979673184,0.006973829300048341,0.01665525233788726,6,middle,3,False,False,0.2099620870699348,3.084736876070334,0.1861356183160032,0.32677302211923526,0.034646468405880836,False,False,False,32768
rho,fno_full,1.0192751752684308,False,70.12481772007781,False,1.1255361399193562,1.9471662775414522,1.0168294686921706,1.314389347139832,1.0339421684008017,0.2549076325585429,False,0.02178589293460972,False,0.0649779011366011,False,0.9055908016791545,36.013779885618916,0.2506886753453368,0.016574915934929605,0.06284481194639968,False,False,0.9999992759961396,0.9999999408227676,1.0000000965519584,1.0000003831849946,1.000000193103926,False,False,False,0.9055914573308655,36.013782016814865,0.2506886511408566,0.016574909583672966,0.06284479981082211,7,outer,3,False,False,1.1255353250268458,1.947166162313541,1.0168295668690472,1.3143898507941068,1.0339423680590938,False,False,False,32768
rho,fno_full,1.2092473354786124,False,77.08703403285648,False,1.410536023351164,1.705255514852506,1.9410504245007096,1.6365316206869644,3.7676767504543847,0.4162683820639453,False,0.022703205011686933,False,0.1732793659061347,False,0.857296315343774,45.205562076439925,0.21445521291443045,0.013872756703690725,0.0459910383461737,False,False,1.0000002085816095,1.0000003558260226,1.000000042690959,1.000000102167787,1.0000000853819198,False,False,False,0.857296136527566,45.20554599113029,0.21445520375913216,0.01387275528634202,0.045991034419370885,8,outer,3,False,False,1.410536317563038,1.7052561216267934,1.9410505073660136,1.6365317878877783,3.7676770721458586,False,False,False,32768
rho,localno_plain,0.02823379793640924,False,0.7394072007768662,False,0.00045341067104071416,3.1326847664267383e-06,0.0006386289740900425,0.0026976945419085008,4.078469665473001e-07,0.006960793730989605,False,0.0022106315553082757,False,4.845264936538418e-05,False,62.269813526012,236029.87721623288,10.899589610552463,0.8194521362468082,118.80105367846319,False,False,1.0000005704177422,1.0000001463880481,1.000000001600019,1.0000000018966522,1.000000003200038,False,False,False,62.26977800622582,236029.84266428492,10.899589593112912,0.8194521346925926,118.8010532982953,1,inner,3,False,False,0.0004534109296742054,3.1326852250143464e-06,0.000638628975111861,0.002697694547025089,4.078469678524259e-07,False,False,False,32768
rho,localno_plain,0.04830639306921504,False,0.4902392046697823,False,0.002737018570175758,2.6276110760400777e-05,0.002379773015885138,0.007188444481423386,5.663319607135047e-06,0.00818756809984158,False,0.0017633051055393177,False,6.703627138954346e-05,False,17.649274869959335,18657.22096926893,3.440482787723466,0.2452971724405897,11.83692181262143,False,False,1.0000005003710906,1.0000005970162031,1.0000000545625471,1.0000000677000502,1.0000001091250972,False,False,False,17.64926603877684,18657.209830612355,3.440482600001972,0.24529715583395995,11.836920520916328,2,inner,3,False,False,0.002737019939700725,2.6276126447664656e-05,0.0023797731457316155,0.0071884449680814375,5.663320225145349e-06,False,False,False,32768
rho,localno_plain,0.023533410008822097,False,9.006444904673279,False,0.0059532499362198584,0.024437330818091307,0.023733786680554116,0.029461653099788532,0.000563292630198048,0.02219287061260666,False,0.001837347353286164,False,0.0004925235060279003,False,3.9530357806151732,368.552726634354,0.9350750013604032,0.062364027811438454,0.874365258169158,False,False,0.9999999801115076,0.9999995859314451,0.9999999911122999,0.9999999857225501,0.9999999822245998,False,False,False,3.9530358592350967,368.5528792405121,0.9350750096710695,0.06236402870183775,0.8743652737113506,3,middle,3,False,False,0.005953249817818692,0.024437320699361047,0.023733786469615336,0.029461652679151257,0.0005632926201852961,False,False,False,32768
rho,localno_plain,1.2091838827313768,False,168.76919112732506,False,0.601054886867092,1.2436279506482897,0.41173155453945454,0.6110488801525286,0.1695228730034758,0.17433061959346174,False,0.018555553565151813,False,0.030391164927840268,False,2.0117694891960127,135.7071389713841,0.42340845065533195,0.030366725425501184,0.17927471608634868,False,False,0.999999960891082,1.0000001649151802,0.9999999737961114,1.0000000778078295,0.9999999475922235,False,False,False,2.011769567874144,135.7071165912205,0.42340846175028013,0.03036672306273237,0.17927472548173842,4,middle,3,False,False,0.6010548633604856,1.2436281557414173,0.4117315437504867,0.6110489276969157,0.16952286411915896,False,False,False,32768
rho,localno_plain,0.3276817153417869,False,20.771403816264232,False,0.4536837311863895,1.3142391263912634,0.41607166932528233,0.6240128025386968,0.17311563401512708,0.07194394478577147,False,0.006294032243139784,False,0.0051759311913381345,False,0.722269045189023,15.804889231459661,0.17291238526871708,0.010086383192033104,0.02989869297931725,False,False,1.000000000040295,1.000000501184901,0.9999999977669771,0.9999999749462861,0.9999999955339545,False,False,False,0.7222690451599192,15.804881310291787,0.17291238565483438,0.010086383444734469,0.029898693112846174,5,middle,3,False,False,0.45368373120467065,1.3142397850680698,0.4160716683961848,0.6240127869048586,0.17311563324198478,False,False,False,32768
rho,localno_plain,0.02612865059019895,False,0.06536485699953236,False,0.05132750930839374,0.053937561176177866,0.047203129870883834,0.12149209956616347,0.002228135469607526,0.00609181032000985,False,0.0008472655265662215,False,3.711015297497851e-05,False,0.5090574419500626,1.2118615594433195,0.12905522020834137,0.0069738322869694796,0.016655249863023483,False,False,1.0000000000107196,1.0000014244199584,0.999999925703201,1.000000428304309,0.9999998514064077,False,False,False,0.5090574419446057,1.2118598332459862,0.12905522979673184,0.006973829300048341,0.01665525233788726,6,middle,3,False,False,0.05132750930894396,0.05393763800591651,0.047203126363842385,0.12149215160175321,0.0022281351385208723,False,False,False,32768
rho,localno_plain,0.1187493517681286,False,0.4503753822515279,False,0.1311291496644428,0.012505640443239688,0.1153017347947741,0.22042330121931186,0.013294490046684416,0.028904839160721247,False,0.0036534976878097604,False,0.0008354897269071645,False,0.9055908016791545,36.013779885618916,0.2506886753453368,0.016574915934929605,0.06284481194639968,False,False,0.9999992759961396,0.9999999408227676,1.0000000965519584,1.0000003831849946,1.000000193103926,False,False,False,0.9055914573308655,36.013782016814865,0.2506886511408566,0.016574909583672966,0.06284479981082211,7,outer,3,False,False,0.13112905472643224,0.012505639703190496,0.11530174592738239,0.22042338568221334,0.013294492613902639,False,False,False,32768
rho,localno_plain,0.07414954406613103,False,4.0548927080137664,False,0.08649231629602562,0.08969897777528313,0.10171010702090116,0.20249956642281727,0.010344945870203168,0.021812262656716867,False,0.0028092272175866038,False,0.0004757748022056051,False,0.857296315343774,45.205562076439925,0.21445521291443045,0.013872756703690725,0.0459910383461737,False,False,1.0000002085816095,1.0000003558260226,1.000000042690959,1.000000102167787,1.0000000853819198,False,False,False,0.857296136527566,45.20554599113029,0.21445520375913216,0.01387275528634202,0.045991034419370885,8,outer,3,False,False,0.08649233433673217,0.08969900969251363,0.10171011136300316,0.2024995871117498,0.010344946753474506,False,False,False,32768
press,persistence,0.07995639977045357,False,1.250276585253331,False,0.023715516704856457,0.0006416046494080854,0.024878563194503198,0.02623816891130011,0.0006189429066228891,0.015592571700674306,False,0.0014062603740096762,False,0.00024312829224066923,False,3.3714804010186343,1948.671329621408,0.6267472755066262,0.05359597991626754,0.3928121473549788,False,False,1.0000000489323588,0.9999998975718017,0.9999999936384375,1.0000000120989794,0.9999999872768749,False,False,False,3.3714802360441536,1948.6715292203216,0.6267472794937182,0.0535959792678109,0.392812152352777,1,inner,3,False,False,0.023715517865312633,0.0006416045836896771,0.024878563036236662,0.026238169228755173,0.0006189428987480011,False,False,False,32768
press,persistence,0.006140749494079496,False,0.0044160532118151,False,0.014107000550334465,0.00020838044590219755,0.012593149871517785,0.01684552555638792,0.00015858742368650842,0.0010668329183375453,False,0.0001136246098986651,False,1.1381324756486035e-06,False,0.4352980261232005,21.19226299135455,0.08471533565644492,0.006745091420171097,0.0071766880953841265,False,False,1.0000000463771295,1.0000001472730724,1.0000000233784754,1.0000000351550942,1.0000000467569512,False,False,False,0.4352980059353285,21.192259870305328,0.08471533367592957,0.006745091183046781,0.007176687759824087,2,inner,3,False,False,0.014107001204576657,0.00020838047659102604,0.01259315016592643,0.016845526148593956,0.00015858743110157286,False,False,False,32768
press,persistence,0.08231219320441596,False,0.04518203480292189,False,0.7945767597636326,0.11710169332993843,0.8840870369292712,1.4359224338295713,0.7816098888663787,0.01693661666243151,False,0.0018054858797940264,False,0.00028684898397015273,False,0.10359250027511735,0.3858358792098745,0.019157182443549928,0.0012573700620992724,0.00036699763917545755,False,False,1.0000008690293165,1.0000000253815016,1.0000000046897182,0.9999999932907255,1.0000000093794363,False,False,False,0.10359241025027587,0.3858358694167808,0.01915718235370814,0.0012573700705353133,0.0003669976357332266,3,middle,3,False,False,0.7945774502741311,0.11710169630215525,0.8840870410753903,1.4359224241955735,0.7816098961974388,False,False,False,32768
press,persistence,0.016745594952735702,False,0.016163072748962327,False,0.83469475311833,0.928513836019656,0.9032942028302597,1.0127118573302625,0.8159404168667546,0.0031049022669529117,False,0.0002539379127708901,False,9.64041808732933e-06,False,0.02006193867899128,0.01740746569620333,0.0034373100781832,0.0002507504093418318,1.1815100573579797e-05,False,False,0.9999995614861309,1.000000180193478,0.9999999768605412,1.0000000424867463,0.9999999537210826,False,False,False,0.02006194747643349,0.01740746255949211,0.003437310157720697,0.0002507503986882632,1.1815101120369884e-05,4,middle,3,False,False,0.8346943870931043,0.9285140033317933,0.9032941819285207,1.0127119003570944,0.8159403791059154,False,False,False,32768
press,persistence,0.0027017960189823498,False,0.00027724748302408817,False,0.9954663512833561,1.117221232809161,0.9837362860321425,0.9998970828561878,0.9677370804563133,0.0005273220187944951,False,4.097496549493142e-05,False,2.780685115055019e-07,False,0.0027141007985846954,0.00024815808622520726,0.0005360400203609705,4.097918295539694e-05,2.8733890342858964e-07,False,False,1.0000001717973321,1.0000000263596955,1.00000002068674,0.9999999928190897,1.0000000413734804,False,False,False,0.002714100332309499,0.0002481580796838358,0.0005360400092720501,4.097918324966478e-05,2.8733889154037963e-07,5,middle,3,False,False,0.9954665223018195,1.1172212622587727,0.9837363063824394,0.9998970756760166,0.9677371204949645,False,False,False,32768
press,persistence,0.0008115390014302192,False,6.028574271580375e-06,False,0.9199835151334238,0.8602788573381552,0.949537214038191,0.9457491569512676,0.9016209208434093,0.00016767786974503505,False,1.0886393157385617e-05,False,2.811586800223294e-08,False,0.0008821234164315683,7.0076978181630295e-06,0.00017658904492214134,1.1510867419093633e-05,3.1183690786514055e-08,False,False,0.9999998682435504,0.9999988530444334,0.9999999953665447,0.9999998338027665,0.9999999907330895,False,False,False,0.0008821235326570331,7.00770585569027e-06,0.0001765890457403588,1.1510869332168272e-05,3.118369107549053e-08,6,middle,3,False,False,0.9199833939196621,0.860277870636531,0.9495372096385528,0.9457489997703741,0.9016209124881689,False,False,False,32768
press,persistence,0.001214635743062047,False,6.551345749576887e-05,False,1.0384020060544557,0.984513633832879,1.0203959561422902,1.0152615567152758,1.0412079073115388,0.0003069992257553626,False,2.1497628804436015e-05,False,9.424852461439211e-08,False,0.0011697162909740655,6.654398196672385e-05,0.00030086284045656566,2.1174473378060642e-05,9.051844876759288e-08,False,False,0.9999999996525393,0.999999566925843,0.9999999665569259,0.999999935124704,0.9999999331138527,False,False,False,0.001169716291380496,6.654401078521523e-05,0.0003008628505183443,2.117447475176096e-05,9.051845482202358e-08,7,outer,3,False,False,1.0384020056936516,0.9845132074654669,1.0203959220171126,1.015261490849882,1.0412078376691534,False,False,False,32768
press,persistence,0.001077986361707417,False,8.683164571239345e-05,False,0.9918290495488297,0.975646762805703,0.99351020319073,0.984541559139646,0.9870625238440858,0.00024236625215370134,False,1.6902912385475153e-05,False,5.874140018303154e-08,False,0.0010868670989196971,8.899906095387281e-05,0.00024394943441478965,1.716830765401714e-05,5.9511326551295755e-08,False,False,1.0000002142741622,1.0000004314008557,0.9999999507329104,1.0000000289428426,0.9999999014658232,False,False,False,0.00108686686603221,8.899902255961832e-05,0.0002439494464334689,1.716830715711753e-05,5.9511332415195906e-08,8,outer,3,False,False,0.9918292620721683,0.9756471837005513,0.9935101542433739,0.9845415876350774,0.9870624265846926,False,False,False,32768
press,fno_plain,0.010798094779602252,False,0.011727011295147043,False,0.003202775485908147,6.0179523949918185e-06,0.0030962301492117716,0.005467707004401186,9.586641136887947e-06,0.0019405538103599526,False,0.0002930471147959213,False,3.7657490909025303e-06,False,3.3714804010186343,1948.671329621408,0.6267472755066262,0.05359597991626754,0.3928121473549788,False,False,1.0000000489323588,0.9999998975718017,0.9999999936384375,1.0000000120989794,0.9999999872768749,False,False,False,3.3714802360441536,1948.6715292203216,0.6267472794937182,0.0535959792678109,0.392812152352777,1,inner,3,False,False,0.0032027756426275065,6.017951778583797e-06,0.00309623012951491,0.005467707070554859,9.586641014915913e-06,False,False,False,32768
press,fno_plain,0.0028401169694552662,False,0.0022986006979890563,False,0.006524534454588683,0.00010846414556702971,0.0082449657242798,0.01513639027675111,6.797945979454872e-05,0.0006984750388082466,False,0.00010209633618807512,False,4.878673798381816e-07,False,0.4352980261232005,21.19226299135455,0.08471533565644492,0.006745091420171097,0.0071766880953841265,False,False,1.0000000463771295,1.0000001472730724,1.0000000233784754,1.0000000351550942,1.0000000467569512,False,False,False,0.4352980059353285,21.192259870305328,0.08471533367592957,0.006745091183046781,0.007176687759824087,2,inner,3,False,False,0.006524534757177862,0.00010846416154087766,0.008244965917034528,0.015136390808872335,6.7979462973061e-05,False,False,False,32768
press,fno_plain,0.003981458928064966,False,0.0032343515687839426,False,0.03843385300568233,0.008382713332433827,0.05333731975266612,0.14328881917670497,0.002844869678398148,0.0010217927655517842,False,0.00018016707146634495,False,1.0440604557339635e-06,False,0.10359250027511735,0.3858358792098745,0.019157182443549928,0.0012573700620992724,0.00036699763917545755,False,False,1.0000008690293165,1.0000000253815016,1.0000000046897182,0.9999999932907255,1.0000000093794363,False,False,False,0.10359241025027587,0.3858358694167808,0.01915718235370814,0.0012573700705353133,0.0003669976357332266,3,middle,3,False,False,0.03843388640582734,0.008382713545199679,0.05333732000280312,0.14328881821534095,0.002844869705081422,False,False,False,32768
press,fno_plain,0.005109200501465239,False,0.0024281018992359043,False,0.2546713248015037,0.13948623777931599,0.31445331966378687,0.38634706342082853,0.09888089024757576,0.001080873564798498,False,9.68766843007874e-05,False,1.1682876630802133e-06,False,0.02006193867899128,0.01740746569620333,0.0034373100781832,0.0002507504093418318,1.1815100573579797e-05,False,False,0.9999995614861309,1.000000180193478,0.9999999768605412,1.0000000424867463,0.9999999537210826,False,False,False,0.02006194747643349,0.01740746255949211,0.003437310157720697,0.0002507503986882632,1.1815101120369884e-05,4,middle,3,False,False,0.25467121312459573,0.1394862629138263,0.31445331238750723,0.3863470798354582,0.09888088567147522,False,False,False,32768
press,fno_plain,0.001105553652450908,False,0.00012721964186009036,False,0.4073369909575259,0.5126556373610835,0.3964451313165459,0.450072032784866,0.15716874214459334,0.0002125104562629289,False,1.8443584174598434e-05,False,4.5160694021078215e-08,False,0.0027141007985846954,0.00024815808622520726,0.0005360400203609705,4.097918295539694e-05,2.8733890342858964e-07,False,False,1.0000001717973321,1.0000000263596955,1.00000002068674,0.9999999928190897,1.0000000413734804,False,False,False,0.002714100332309499,0.0002481580796838358,0.0005360400092720501,4.097918324966478e-05,2.8733889154037963e-07,5,middle,3,False,False,0.4073370609369343,0.5126556508745301,0.3964451395177033,0.4500720295529391,0.15716874864721123,False,False,False,32768
press,fno_plain,9.304401876647717e-05,False,3.0201587754136636e-07,False,0.10547732554574483,0.043097731291806135,0.1386504145233103,0.20212761962707304,0.019223937447485778,2.4484144278730362e-05,False,2.326664231264226e-06,False,5.994733210616848e-10,False,0.0008821234164315683,7.0076978181630295e-06,0.00017658904492214134,1.1510867419093633e-05,3.1183690786514055e-08,False,False,0.9999998682435504,0.9999988530444334,0.9999999953665447,0.9999998338027665,0.9999999907330895,False,False,False,0.0008821235326570331,7.00770585569027e-06,0.0001765890457403588,1.1510869332168272e-05,3.118369107549053e-08,6,middle,3,False,False,0.1054773116484269,0.04309768186062332,0.1386504138808798,0.20212758603402187,0.01922393726933927,False,False,False,32768
press,fno_plain,0.00046209463297486764,False,1.3152186287783719e-05,False,0.39504847161704876,0.19764651737193356,0.42318973716824926,0.42296293841515964,0.17908955364453194,0.00012732206637650694,False,8.9560174793781e-06,False,1.621090858638364e-08,False,0.0011697162909740655,6.654398196672385e-05,0.00030086284045656566,2.1174473378060642e-05,9.051844876759288e-08,False,False,0.9999999996525393,0.999999566925843,0.9999999665569259,0.999999935124704,0.9999999331138527,False,False,False,0.001169716291380496,6.654401078521523e-05,0.0003008628505183443,2.117447475176096e-05,9.051845482202358e-08,7,outer,3,False,False,0.3950484714797849,0.19764643177633465,0.4231897230154835,0.4229629109753138,0.17908954166592167,False,False,False,32768
press,fno_plain,0.0005488345876575807,False,2.1846582841677804e-05,False,0.5049693639664873,0.2454698129118535,0.581253795459231,0.6962745922765587,0.3378559747357615,0.00014179653465372922,False,1.1953856411879307e-05,False,2.010625723980623e-08,False,0.0010868670989196971,8.899906095387281e-05,0.00024394943441478965,1.716830765401714e-05,5.9511326551295755e-08,False,False,1.0000002142741622,1.0000004314008557,0.9999999507329104,1.0000000289428426,0.9999999014658232,False,False,False,0.00108686686603221,8.899902255961832e-05,0.0002439494464334689,1.716830715711753e-05,5.9511332415195906e-08,8,outer,3,False,False,0.5049694721683746,0.24546991880774083,0.5812537668225481,0.6962746124287247,0.33785594144540115,False,False,False,32768
press,fno_full,0.018625027791131288,False,0.023404855155237873,False,0.005524287724022972,1.2010673528914196e-05,0.0048962054474764385,0.008278332202536178,2.3972827783897956e-05,0.0030686834245265597,False,0.0004436853264673199,False,9.416817959964055e-06,False,3.3714804010186343,1948.671329621408,0.6267472755066262,0.05359597991626754,0.3928121473549788,False,False,1.0000000489323588,0.9999998975718017,0.9999999936384375,1.0000000120989794,0.9999999872768749,False,False,False,3.3714802360441536,1948.6715292203216,0.6267472794937182,0.0535959792678109,0.392812152352777,1,inner,3,False,False,0.005524287994339401,1.2010672298682547e-05,0.004896205416328922,0.008278332302695549,2.397282747888867e-05,False,False,False,32768
press,fno_full,0.0021055719220203165,False,0.0002741168542565115,False,0.004837081253900255,1.293476087798355e-05,0.005518926959866946,0.007613577023648762,3.045855478834621e-05,0.0004675377498685314,False,5.1354273059025054e-05,False,2.1859154755212943e-07,False,0.4352980261232005,21.19226299135455,0.08471533565644492,0.006745091420171097,0.0071766880953841265,False,False,1.0000000463771295,1.0000001472730724,1.0000000233784754,1.0000000351550942,1.0000000467569512,False,False,False,0.4352980059353285,21.192259870305328,0.08471533367592957,0.006745091183046781,0.007176687759824087,2,inner,3,False,False,0.0048370814782301985,1.2934762782925526e-05,0.005518927088891044,0.007613577291304779,3.0458556212495372e-05,False,False,False,32768
press,fno_full,0.0006878785449225688,False,4.4183160750041744e-05,False,0.0066402349889782076,0.00011451283597710315,0.008375317748818193,0.019475354450795734,7.014594739366908e-05,0.000160447490136812,False,2.4487727635202374e-05,False,2.574339709120239e-08,False,0.10359250027511735,0.3858358792098745,0.019157182443549928,0.0012573700620992724,0.00036699763917545755,False,False,1.0000008690293165,1.0000000253815016,1.0000000046897182,0.9999999932907255,1.0000000093794363,False,False,False,0.10359241025027587,0.3858358694167808,0.01915718235370814,0.0012573700705353133,0.0003669976357332266,3,middle,3,False,False,0.006640240759537082,0.00011451283888361088,0.008375317788096073,0.019475354320130235,7.014594805159852e-05,False,False,False,32768
press,fno_full,0.0008426641743426444,False,2.646109845835999e-05,False,0.042003127804646136,0.0015201005660537541,0.05542898248294881,0.08331519781746884,0.0030723720990950463,0.00019052660011208,False,2.0891319957126003e-05,False,3.630038535026845e-08,False,0.02006193867899128,0.01740746569620333,0.0034373100781832,0.0002507504093418318,1.1815100573579797e-05,False,False,0.9999995614861309,1.000000180193478,0.9999999768605412,1.0000000424867463,0.9999999537210826,False,False,False,0.02006194747643349,0.01740746255949211,0.003437310157720697,0.0002507503986882632,1.1815101120369884e-05,4,middle,3,False,False,0.042003109385692045,0.001520100839965962,0.055428981200352154,0.08331520135726052,0.003072371956908992,False,False,False,32768
press,fno_full,0.0003947089138091542,False,1.2979115270481969e-05,False,0.14542898112515956,0.05230180272547405,0.14676018648344588,0.2460190611626021,0.021538552336655817,7.866933335076615e-05,False,1.0081660117897262e-05,False,6.188864009853969e-09,False,0.0027141007985846954,0.00024815808622520726,0.0005360400203609705,4.097918295539694e-05,2.8733890342858964e-07,False,False,1.0000001717973321,1.0000000263596955,1.00000002068674,0.9999999928190897,1.0000000413734804,False,False,False,0.002714100332309499,0.0002481580796838358,0.0005360400092720501,4.097918324966478e-05,2.8733889154037963e-07,5,middle,3,False,False,0.14542900610947054,0.052301804104133647,0.1467601895194357,0.2460190593959613,0.02153855322778069,False,False,False,32768
press,fno_full,0.0002786625323824408,False,8.786691826958823e-06,False,0.31589971107411174,1.2538628312689049,0.3324826300442163,0.6329274435249974,0.11054469928111921,5.871279009270981e-05,False,7.285543888322119e-06,False,3.447191720470604e-09,False,0.0008821234164315683,7.0076978181630295e-06,0.00017658904492214134,1.1510867419093633e-05,3.1183690786514055e-08,False,False,0.9999998682435504,0.9999988530444334,0.9999999953665447,0.9999998338027665,0.9999999907330895,False,False,False,0.0008821235326570331,7.00770585569027e-06,0.0001765890457403588,1.1510869332168272e-05,3.118369107549053e-08,6,middle,3,False,False,0.31589966945228737,1.2538613931439506,0.3324826285036729,0.6329273383342073,0.11054469825671137,False,False,False,32768
press,fno_full,0.0027018339493315576,False,0.0003421904986136437,False,2.309819885539631,5.142320740360267,2.397462717967681,2.774309374002635,5.74782748404498,0.0007213074432164746,False,5.874453998232288e-05,False,5.202844276394878e-07,False,0.0011697162909740655,6.654398196672385e-05,0.00030086284045656566,2.1174473378060642e-05,9.051844876759288e-08,False,False,0.9999999996525393,0.999999566925843,0.9999999665569259,0.999999935124704,0.9999999331138527,False,False,False,0.001169716291380496,6.654401078521523e-05,0.0003008628505183443,2.117447475176096e-05,9.051845482202358e-08,7,outer,3,False,False,2.3098198847370592,5.142318513354048,2.3974626377891575,2.774309194018493,5.747827099594945,False,False,False,32768
press,fno_full,0.0021364632075529496,False,0.00025804038735221336,False,1.9657078677572533,2.8993607863565294,2.023793018096326,1.985883093252377,4.095738180095437,0.0004937031621371989,False,3.4094251909868015e-05,False,2.4374281230426934e-07,False,0.0010868670989196971,8.899906095387281e-05,0.00024394943441478965,1.716830765401714e-05,5.9511326551295755e-08,False,False,1.0000002142741622,1.0000004314008557,0.9999999507329104,1.0000000289428426,0.9999999014658232,False,False,False,0.00108686686603221,8.899902255961832e-05,0.0002439494464334689,1.716830715711753e-05,5.9511332415195906e-08,8,outer,3,False,False,1.9657082889576596,2.8993620371432534,2.023792918389934,1.9858831507294785,4.095737776525247,False,False,False,32768
press,localno_plain,0.013586116747756016,False,0.08897200008017342,False,0.004029718441682534,4.565777652071224e-05,0.0042114144695595416,0.014220212773446253,1.7736011834415478e-05,0.0026394925448256262,False,0.0007621462382106766,False,6.9669208941900606e-06,False,3.3714804010186343,1948.671329621408,0.6267472755066262,0.05359597991626754,0.3928121473549788,False,False,1.0000000489323588,0.9999998975718017,0.9999999936384375,1.0000000120989794,0.9999999872768749,False,False,False,3.3714802360441536,1948.6715292203216,0.6267472794937182,0.0535959792678109,0.392812152352777,1,inner,3,False,False,0.004029718638866163,4.5657771844068456e-05,0.0042114144427683655,0.014220212945496313,1.773601160875798e-05,False,False,False,32768
press,localno_plain,0.001508186846767785,False,0.0009336299180216957,False,0.0034647224573927412,4.4055225173572683e-05,0.003778586722818341,0.013492235613986794,1.4277717621859054e-05,0.00032010424253054197,False,9.100636267882923e-05,False,1.0246672608605203e-07,False,0.4352980261232005,21.19226299135455,0.08471533565644492,0.006745091420171097,0.0071766880953841265,False,False,1.0000000463771295,1.0000001472730724,1.0000000233784754,1.0000000351550942,1.0000000467569512,False,False,False,0.4352980059353285,21.192259870305328,0.08471533367592957,0.006745091183046781,0.007176687759824087,2,inner,3,False,False,0.0034647226180766232,4.405523166172105e-05,0.0037785868111559384,0.013492236088307607,1.4277718289441602e-05,False,False,False,32768
press,localno_plain,0.0016085417739122915,False,0.00038694521801423625,False,0.015527589059443321,0.0010028751571954208,0.01863264545554672,0.05775077547775424,0.00034717547667210594,0.00035694898839789,False,7.261409614874499e-05,False,1.2741258031827701e-07,False,0.10359250027511735,0.3858358792098745,0.019157182443549928,0.0012573700620992724,0.00036699763917545755,False,False,1.0000008690293165,1.0000000253815016,1.0000000046897182,0.9999999932907255,1.0000000093794363,False,False,False,0.10359241025027587,0.3858358694167808,0.01915718235370814,0.0012573700705353133,0.0003669976357332266,3,middle,3,False,False,0.01552760255337343,0.001002875182649898,0.018632645542928577,0.05775077509028844,0.0003471754799284162,False,False,False,32768
press,localno_plain,0.0024399533989117117,False,0.0006455361608933668,False,0.1216210176869304,0.037083868046005226,0.15220316716713744,0.3061604366228335,0.023165804095707596,0.0005231694804350039,False,7.676985480744944e-05,False,2.73706305258632e-07,False,0.02006193867899128,0.01740746569620333,0.0034373100781832,0.0002507504093418318,1.1815100573579797e-05,False,False,0.9999995614861309,1.000000180193478,0.9999999768605412,1.0000000424867463,0.9999999537210826,False,False,False,0.02006194747643349,0.01740746255949211,0.003437310157720697,0.0002507503986882632,1.1815101120369884e-05,4,middle,3,False,False,0.12162096435442737,0.037083874728276386,0.15220316364523853,0.30616044963059424,0.02316580302361926,False,False,False,32768
press,localno_plain,0.0011694817730722202,False,8.374460846055853e-05,False,0.43089106111389164,0.3374647577857246,0.3831620766503974,0.574626947438347,0.14681317698304505,0.00020539020736923077,False,2.3547742810177283e-05,False,4.218513728317562e-08,False,0.0027141007985846954,0.00024815808622520726,0.0005360400203609705,4.097918295539694e-05,2.8733890342858964e-07,False,False,1.0000001717973321,1.0000000263596955,1.00000002068674,0.9999999928190897,1.0000000413734804,False,False,False,0.002714100332309499,0.0002481580796838358,0.0005360400092720501,4.097918324966478e-05,2.8733889154037963e-07,5,middle,3,False,False,0.4308911351398264,0.3374647666811929,0.3831620845767717,0.5746269433120025,0.14681318305721716,False,False,False,32768
press,localno_plain,0.0001479629351842959,False,6.089754738074409e-07,False,0.16773495910906283,0.08690093231889319,0.20484803289497544,0.3393563694314792,0.04196271658094094,3.6173918483103106e-05,False,3.9062861763507166e-06,False,1.3085523784221886e-09,False,0.0008821234164315683,7.0076978181630295e-06,0.00017658904492214134,1.1510867419093633e-05,3.1183690786514055e-08,False,False,0.9999998682435504,0.9999988530444334,0.9999999953665447,0.9999998338027665,0.9999999907330895,False,False,False,0.0008821235326570331,7.00770585569027e-06,0.0001765890457403588,1.1510869332168272e-05,3.118369107549053e-08,6,middle,3,False,False,0.16773493700890013,0.08690083264738513,0.20484803194582124,0.3393563130313894,0.041962716192076206,False,False,False,32768
press,localno_plain,0.00021092685974167578,False,1.6019127314766853e-06,False,0.18032309318871612,0.02407299178876524,0.2021268517056176,0.3081824634504216,0.04085526418042473,6.0812458736695135e-05,False,6.525601367916099e-06,False,3.6981551376022485e-09,False,0.0011697162909740655,6.654398196672385e-05,0.00030086284045656566,2.1174473378060642e-05,9.051844876759288e-08,False,False,0.9999999996525393,0.999999566925843,0.9999999665569259,0.999999935124704,0.9999999331138527,False,False,False,0.001169716291380496,6.654401078521523e-05,0.0003008628505183443,2.117447475176096e-05,9.051845482202358e-08,7,outer,3,False,False,0.1803230931260609,0.024072981363374612,0.20212684494587432,0.3081824434569931,0.04085526144777352,False,False,False,32768
press,localno_plain,0.00017894479988228795,False,4.278434565414889e-06,False,0.16464276088599242,0.04807280570783047,0.2029076910492401,0.44778660860724384,0.041171531086933874,4.9499216469873e-05,False,7.687738259918121e-06,False,2.4501724311313464e-09,False,0.0010868670989196971,8.899906095387281e-05,0.00024394943441478965,1.716830765401714e-05,5.9511326551295755e-08,False,False,1.0000002142741622,1.0000004314008557,0.9999999507329104,1.0000000289428426,0.9999999014658232,False,False,False,0.00108686686603221,8.899902255961832e-05,0.0002439494464334689,1.716830715711753e-05,5.9511332415195906e-08,8,outer,3,False,False,0.16464279616468205,0.04807282644647999,0.2029076810525687,0.44778662156746113,0.04117152703013095,False,False,False,32768
vel1,persistence,1.221684423983097,False,156.40473916850172,False,1.3588051876109632,1.7484585047682006,1.4161112595820562,1.110998979945649,2.0053710995150777,0.31742622985237123,False,0.037523924214963304,False,0.10075941139829042,False,0.8990872533619404,89.45293167780201,0.22415345383670968,0.03377494029454375,0.05024477086692594,False,False,0.9999999670598635,0.999999998277673,0.9999999999078325,0.9999999984113852,0.9999999998156651,False,False,False,0.8990872829779982,89.45293183186921,0.22415345385736934,0.03377494034819912,0.050244770876187804,1,inner,3,False,False,1.358805142851735,1.7484585017567835,1.4161112594515368,1.1109989781806997,2.005371099145418,False,False,False,32768
vel1,persistence,0.716162918433547,False,31.01538857979237,False,1.560218661395249,2.0044482428985106,1.4156651429714884,1.0095010883420303,2.004107797024485,0.15281092532357146,False,0.0194141650252893,False,0.023351178898246137,False,0.4590144549310207,15.47327983632189,0.1079428465709204,0.01923144536394156,0.011651658125833263,False,False,0.9999999646960742,0.9999999967053609,0.9999999987122385,0.9999999971669803,0.999999997424477,False,False,False,0.45901447113603355,15.473279887300762,0.10794284670992504,0.019231445418424625,0.011651658155842376,2,inner,3,False,False,1.5602186063134051,2.0044482362945772,1.4156651411484493,1.0095010854820938,2.004107791862859,False,False,False,32768
vel1,persistence,0.4965108504891395,False,14.050299930686032,False,0.9101404685155192,1.3210867113850766,0.8211505311465157,0.9328733419513809,0.6742881948022048,0.10955862621565572,False,0.015959909180069596,False,0.012003092578261765,False,0.5455321103334427,10.635410839879825,0.13342087968047295,0.017108334499820434,0.01780113113471124,False,False,0.9999999816307226,0.9999999929487718,0.9999999991374632,0.9999999991411253,0.9999999982749264,False,False,False,0.5455321203544736,10.635410914872534,0.13342087979555337,0.01710833451451435,0.017801131165419502,3,middle,3,False,False,0.9101404517968964,1.3210867020697927,0.8211505304382432,0.9328733411501596,0.6742881936390079,False,False,False,32768
vel1,persistence,0.6340854650735855,False,5.964090416205573,False,0.8509898073308957,0.7073173518356736,0.854539508377016,0.8131647311270318,0.7302377713772323,0.18732150771330114,False,0.015886395507983427,False,0.03508934725198434,False,0.7451152288913727,8.431986576785086,0.21920754497246298,0.019536503367485167,0.048051947772854375,False,False,0.9999999902007519,1.0000000284844506,0.9999999995219743,0.9999999980686103,0.9999999990439485,False,False,False,0.7451152361929417,8.431986336604588,0.21920754507724982,0.01953650340521777,0.04805194781879451,4,middle,3,False,False,0.8509897989918356,0.7073173719832196,0.8545395079685242,0.8131647295564938,0.7302377706790875,False,False,False,32768
vel1,persistence,0.6918955636024475,False,4.451990590438049,False,0.8534391884990048,0.48387419384622415,0.8388598141083591,0.7559763386453249,0.7036857877259107,0.22499692059148396,False,0.015206483110155903,False,0.05062361427565054,False,0.8107145452499389,9.200719209780585,0.26821754577746426,0.020115025210187435,0.07194065186288615,False,False,1.0000000252728871,1.000000002760451,0.9999999999394583,0.9999999958090546,0.999999999878917,False,False,False,0.8107145247608423,9.20071918438245,0.2682175457937026,0.020115025294488408,0.07194065187159694,5,middle,3,False,False,0.853439210067877,0.4838741951819352,0.838859814057573,0.7559763354770693,0.7036857876407062,False,False,False,32768
vel1,persistence,0.6867284005880356,False,2.0529986188852107,False,0.8502672930975078,0.4264236621951753,0.8515944721470187,0.7839830757564165,0.7252131449913594,0.23581110336805172,False,0.012285543938935642,False,0.055606876471657976,False,0.8076617860794068,4.814457547493102,0.2769053946223144,0.015670674940376852,0.07667659757093966,False,False,0.9999999467148073,1.0000000425634648,1.0000000008355658,1.0000000135055194,1.0000000016711315,False,False,False,0.807661829115823,4.8144573425731165,0.2769053943909417,0.01567067472873625,0.07667659744280297,6,middle,3,False,False,0.8502672477908513,0.42642368034524386,0.8515944728585819,0.7839830863445151,0.7252131462032859,False,False,False,32768
vel1,persistence,0.6359860438108444,False,3.226759542557939,False,0.8507439863169439,0.5735475459518654,0.8793170424266596,0.8252706704864902,0.773198461101968,0.20895891128883937,False,0.010589520867460312,False,0.04366382660701704,False,0.7475645482540131,5.625966958332592,0.23763773611412495,0.012831573017393042,0.05647169362544648,False,False,0.9999999987541911,1.0000000026256075,1.000000001255509,0.9999999939524827,1.000000002511018,False,False,False,0.7475645491853357,5.625966943561011,0.2376377358157686,0.012831573094992202,0.05647169348364504,7,outer,3,False,False,0.8507439852570795,0.5735475474577763,0.8793170435306502,0.8252706654956515,0.7731984630434834,False,False,False,32768
vel1,persistence,0.5442226278781891,False,3.0208606970417073,False,0.8953800429904268,0.6408857439714674,0.9264357118256767,0.8961953528331277,0.8582831281459484,0.1707138852479906,False,0.008920216002879127,False,0.029143230616464108,False,0.6078118807077407,4.713571374394931,0.1842695430118664,0.00995342809430979,0.03395526448180208,False,False,1.0000000476837667,1.0000000169915275,0.999999999616757,0.9999999906693534,0.9999999992335141,False,False,False,0.6078118517249822,4.713571294304154,0.18426954308248641,0.00995342818718171,0.03395526450782831,8,outer,3,False,False,0.89538008568552,0.6408857548610952,0.9264357114706268,0.8961953444710457,0.8582831274880866,False,False,False,32768
vel1,fno_plain,0.6888227015733719,False,47.313370293788,False,0.766135543572295,0.5289191690687645,0.7359918902908705,0.6206548886179817,0.5416840625739286,0.16497512420450733,False,0.02096258180658903,False,0.027216791606292617,False,0.8990872533619404,89.45293167780201,0.22415345383670968,0.03377494029454375,0.05024477086692594,False,False,0.9999999670598635,0.999999998277673,0.9999999999078325,0.9999999984113852,0.9999999998156651,False,False,False,0.8990872829779982,89.45293183186921,0.22415345385736934,0.03377494034819912,0.050244770876187804,1,inner,3,False,False,0.7661355183356856,0.5289191681577927,0.7359918902230359,0.620654887632,0.5416840624740774,False,False,False,32768
vel1,fno_plain,0.3216950136423111,False,8.501611920784404,False,0.7008385252064763,0.5494382581272632,0.6534764519271544,0.6278957229642838,0.4270314732233027,0.07053810838808228,False,0.01207534229044021,False,0.004975624734968844,False,0.4590144549310207,15.47327983632189,0.1079428465709204,0.01923144536394156,0.011651658125833263,False,False,0.9999999646960742,0.9999999967053609,0.9999999987122385,0.9999999971669803,0.999999997424477,False,False,False,0.45901447113603355,15.473279887300762,0.10794284670992504,0.019231445418424625,0.011651658155842376,2,inner,3,False,False,0.700838500464125,0.5494382563170624,0.6534764510856327,0.6278957211854428,0.4270314721234733,False,False,False,32768
vel1,fno_plain,0.40903145901858806,False,13.416305076265285,False,0.7497843871528991,1.2614750175853935,0.6342163107502977,0.8154676580718023,0.40223032882171816,0.08461769808800891,False,0.013951293468077589,False,0.007160154829713427,False,0.5455321103334427,10.635410839879825,0.13342087968047295,0.017108334499820434,0.01780113113471124,False,False,0.9999999816307226,0.9999999929487718,0.9999999991374632,0.9999999991411253,0.9999999982749264,False,False,False,0.5455321203544736,10.635410914872534,0.13342087979555337,0.01710833451451435,0.017801131165419502,3,middle,3,False,False,0.7497843733799016,1.2614750086904452,0.6342163102032627,0.8154676573714177,0.4022303281278412,False,False,False,32768
vel1,fno_plain,0.3884238603711128,False,6.598814163429271,False,0.5212936809103113,0.7825930583899531,0.3933148802817397,0.6041735003951952,0.15469659505103928,0.08621758930769835,False,0.011803437625016034,False,0.007433472706030942,False,0.7451152288913727,8.431986576785086,0.21920754497246298,0.019536503367485167,0.048051947772854375,False,False,0.9999999902007519,1.0000000284844506,0.9999999995219743,0.9999999980686103,0.9999999990439485,False,False,False,0.7451152361929417,8.431986336604588,0.21920754507724982,0.01953650340521777,0.04805194781879451,4,middle,3,False,False,0.5212936758020252,0.7825930806816863,0.39331488009372506,0.6041734992283008,0.1546965949031414,False,False,False,32768
vel1,fno_plain,0.4471188008785248,False,11.917740591758283,False,0.5515120007384109,1.2953053255977467,0.4854318692394763,0.6893251996671728,0.23564409967333194,0.13020134460957927,False,0.013865793769322668,False,0.016952390138142415,False,0.8107145452499389,9.200719209780585,0.26821754577746426,0.020115025210187435,0.07194065186288615,False,False,1.0000000252728871,1.000000002760451,0.9999999999394583,0.9999999958090546,0.999999999878917,False,False,False,0.8107145247608423,9.20071918438245,0.2682175457937026,0.020115025294488408,0.07194065187159694,5,middle,3,False,False,0.5515120146767114,1.2953053291733736,0.4854318692100874,0.6893251967782486,0.2356440996447994,False,False,False,32768
vel1,fno_plain,0.5694645693898202,False,4.045396226097867,False,0.7050780155814282,0.8402600264290029,0.6048426295397521,0.5921700858546718,0.36583460650856187,0.16748418701710338,False,0.009279704924843615,False,0.02805095290078006,False,0.8076617860794068,4.814457547493102,0.2769053946223144,0.015670674940376852,0.07667659757093966,False,False,0.9999999467148073,1.0000000425634648,1.0000000008355658,1.0000000135055194,1.0000000016711315,False,False,False,0.807661829115823,4.8144573425731165,0.2769053943909417,0.01567067472873625,0.07667659744280297,6,middle,3,False,False,0.7050779780112103,0.840260062193381,0.604842630045138,0.5921700938522364,0.3658346071199196,False,False,False,32768
vel1,fno_plain,0.5460973083972931,False,2.046361556583512,False,0.7305018806372504,0.36373508265146415,0.7005832243764676,0.6544395661265885,0.49081685427772787,0.1664850114003578,False,0.008397489078224343,False,0.02771725902097726,False,0.7475645482540131,5.625966958332592,0.23763773611412495,0.012831573017393042,0.05647169362544648,False,False,0.9999999987541911,1.0000000026256075,1.000000001255509,0.9999999939524827,1.000000002511018,False,False,False,0.7475645491853357,5.625966943561011,0.2376377358157686,0.012831573094992202,0.05647169348364504,7,outer,3,False,False,0.7305018797271846,0.36373508360648976,0.7005832252560562,0.6544395621688539,0.49081685551017784,False,False,False,32768
vel1,fno_plain,0.4868889966607094,False,12.272544004907335,False,0.8010521217416352,2.6036614342097937,0.685345562904606,1.2143951849906545,0.46969854059303123,0.1262883136816421,False,0.012087395151880514,False,0.015948738172552827,False,0.6078118807077407,4.713571374394931,0.1842695430118664,0.00995342809430979,0.03395526448180208,False,False,1.0000000476837667,1.0000000169915275,0.999999999616757,0.9999999906693534,0.9999999992335141,False,False,False,0.6078118517249822,4.713571294304154,0.18426954308248641,0.00995342818718171,0.03395526450782831,8,outer,3,False,False,0.8010521599388177,2.603661478449979,0.6853455626419521,1.2143951736595622,0.46969854023301394,False,False,False,32768
vel1,fno_full,0.5766987779736519,False,67.07272870046118,False,0.6414269313875964,0.749810290645907,0.5781032836330278,0.6352510195776578,0.334203406547289,0.12958384770068618,False,0.021455565258283436,False,0.016791973584914632,False,0.8990872533619404,89.45293167780201,0.22415345383670968,0.03377494029454375,0.05024477086692594,False,False,0.9999999670598635,0.999999998277673,0.9999999999078325,0.9999999984113852,0.9999999998156651,False,False,False,0.8990872829779982,89.45293183186921,0.22415345385736934,0.03377494034819912,0.050244770876187804,1,inner,3,False,False,0.6414269102589057,0.7498102893544885,0.5781032835797455,0.6352510185684886,0.33420340648568364,False,False,False,32768
vel1,fno_full,0.2665967886149882,False,5.268951638644734,False,0.5808025994629114,0.3405193788505283,0.557965283654709,0.6079562323043195,0.3113252577638798,0.06022836100544033,False,0.011691877065228284,False,0.0036274554694016455,False,0.4590144549310207,15.47327983632189,0.1079428465709204,0.01923144536394156,0.011651658125833263,False,False,0.9999999646960742,0.9999999967053609,0.9999999987122385,0.9999999971669803,0.999999997424477,False,False,False,0.45901447113603355,15.473279887300762,0.10794284670992504,0.019231445418424625,0.011651658155842376,2,inner,3,False,False,0.5808025789582995,0.3405193777286398,0.5579652829361827,0.6079562305819676,0.3113252569620545,False,False,False,32768
vel1,fno_full,0.2897125501930713,False,6.649703958014231,False,0.5310641568211114,0.6252418508441344,0.4556327712065044,0.6406771166476553,0.2076012221973188,0.06079092514562349,False,0.01096091841798856,False,0.0036955365800607977,False,0.5455321103334427,10.635410839879825,0.13342087968047295,0.017108334499820434,0.01780113113471124,False,False,0.9999999816307226,0.9999999929487718,0.9999999991374632,0.9999999991411253,0.9999999982749264,False,False,False,0.5455321203544736,10.635410914872534,0.13342087979555337,0.01710833451451435,0.017801131165419502,3,middle,3,False,False,0.5310641470658466,0.6252418464354115,0.4556327708135044,0.6406771160973939,0.20760122183919139,False,False,False,32768
vel1,fno_full,0.30148704349994654,False,4.598108959767771,False,0.4046180131743074,0.5453173955977667,0.31436709825507214,0.4959458952418401,0.0988266724653142,0.06891163982861141,False,0.009689048652482655,False,0.0047488141038682635,False,0.7451152288913727,8.431986576785086,0.21920754497246298,0.019536503367485167,0.048051947772854375,False,False,0.9999999902007519,1.0000000284844506,0.9999999995219743,0.9999999980686103,0.9999999990439485,False,False,False,0.7451152361929417,8.431986336604588,0.21920754507724982,0.01953650340521777,0.04805194781879451,4,middle,3,False,False,0.40461800920935515,0.5453174111308331,0.31436709810479657,0.4959458942839753,0.09882667237083081,False,False,False,32768
vel1,fno_full,0.4117687377333641,False,7.189448370680334,False,0.5079084125799396,0.7814006934412017,0.35530194069830484,0.6094400425060782,0.12623946906398173,0.09529821454406948,False,0.012258901819107465,False,0.009081749695287494,False,0.8107145452499389,9.200719209780585,0.26821754577746426,0.020115025210187435,0.07194065186288615,False,False,1.0000000252728871,1.000000002760451,0.9999999999394583,0.9999999958090546,0.999999999878917,False,False,False,0.8107145247608423,9.20071918438245,0.2682175457937026,0.020115025294488408,0.07194065187159694,5,middle,3,False,False,0.5079084254162516,0.78140069559822,0.35530194067679427,0.6094400399519483,0.12623946904869626,False,False,False,32768
vel1,fno_full,0.43968531489372253,False,3.606856425148751,False,0.5443928665092174,0.7491719242652474,0.4040272116168143,0.7110428188843388,0.16323798772685807,0.11187731447090729,False,0.011142520883425724,False,0.012516533493222282,False,0.8076617860794068,4.814457547493102,0.2769053946223144,0.015670674940376852,0.07667659757093966,False,False,0.9999999467148073,1.0000000425634648,1.0000000008355658,1.0000000135055194,1.0000000016711315,False,False,False,0.807661829115823,4.8144573425731165,0.2769053943909417,0.01567067472873625,0.07667659744280297,6,middle,3,False,False,0.5443928375011385,0.7491719561526002,0.40402721195440566,0.7110428284873413,0.16323798799965022,False,False,False,32768
vel1,fno_full,0.4035967987775801,False,4.4017288139539605,False,0.5398822077908956,0.782395070314905,0.4366004818449648,0.9674065999755833,0.19061998074725545,0.10375275009197354,False,0.01241334842509464,False,0.010764633151647517,False,0.7475645482540131,5.625966958332592,0.23763773611412495,0.012831573017393042,0.05647169362544648,False,False,0.9999999987541911,1.0000000026256075,1.000000001255509,0.9999999939524827,1.000000002511018,False,False,False,0.7475645491853357,5.625966943561011,0.2376377358157686,0.012831573094992202,0.05647169348364504,7,outer,3,False,False,0.5398822071183055,0.7823950723691674,0.43660048239312066,0.9674065941251752,0.19061998122590568,False,False,False,32768
vel1,fno_full,0.6752567291259766,False,7.778719199194157,False,1.1109633598140638,1.650281406886024,0.9427835722958946,1.375466042978741,0.8888408641910082,0.1737262980260594,False,0.013690602354953717,False,0.030180826625839208,False,0.6078118807077407,4.713571374394931,0.1842695430118664,0.00995342809430979,0.03395526448180208,False,False,1.0000000476837667,1.0000000169915275,0.999999999616757,0.9999999906693534,0.9999999992335141,False,False,False,0.6078118517249822,4.713571294304154,0.18426954308248641,0.00995342818718171,0.03395526450782831,8,outer,3,False,False,1.1109634127889814,1.6502814349268262,0.9427835719345794,1.3754660301447534,0.8888408635097242,False,False,False,32768
vel1,localno_plain,1.3355970558524133,False,227.0867877502877,False,1.485503271076572,2.538617611418541,1.0352363547374956,1.707102048383356,1.0717143101701778,0.23205180445173484,False,0.057657269760841186,False,0.05384803994930618,False,0.8990872533619404,89.45293167780201,0.22415345383670968,0.03377494029454375,0.05024477086692594,False,False,0.9999999670598635,0.999999998277673,0.9999999999078325,0.9999999984113852,0.9999999998156651,False,False,False,0.8990872829779982,89.45293183186921,0.22415345385736934,0.03377494034819912,0.050244770876187804,1,inner,3,False,False,1.4855032221438917,2.5386176070462114,1.0352363546420806,1.7071020456714285,1.0717143099726236,False,False,False,32768
vel1,localno_plain,0.4087620587646961,False,36.53957248886832,False,0.8905211031450494,2.361462655325055,0.8572473484612961,1.2305441714363425,0.7348730164439229,0.09253371900828603,False,0.02366514300089476,False,0.008562489153504434,False,0.4590144549310207,15.47327983632189,0.1079428465709204,0.01923144536394156,0.011651658125833263,False,False,0.9999999646960742,0.9999999967053609,0.9999999987122385,0.9999999971669803,0.999999997424477,False,False,False,0.45901447113603355,15.473279887300762,0.10794284670992504,0.019231445418424625,0.011651658155842376,2,inner,3,False,False,0.8905210717061585,2.361462647544888,0.857247347357366,1.2305441679501867,0.7348730145512405,False,False,False,32768
vel1,localno_plain,0.38629766359925266,False,28.113032221428757,False,0.7081116881701757,2.643342381848826,0.6410616731092503,1.3682549569258555,0.41096006872963126,0.08553101235567197,False,0.02340856348412494,False,0.00731555407458611,False,0.5455321103334427,10.635410839879825,0.13342087968047295,0.017108334499820434,0.01780113113471124,False,False,0.9999999816307226,0.9999999929487718,0.9999999991374632,0.9999999991411253,0.9999999982749264,False,False,False,0.5455321203544736,10.635410914872534,0.13342087979555337,0.01710833451451435,0.017801131165419502,3,middle,3,False,False,0.7081116751626756,2.6433423632100155,0.6410616725563111,1.368254955750696,0.41096006802069485,False,False,False,32768
vel1,localno_plain,0.5100491183996201,False,20.71617981186174,False,0.6845238140663181,2.4568563556419134,0.6605720444460419,0.9561466479473822,0.43635542590362353,0.14480237614045754,False,0.018679762207433687,False,0.020967728135922546,False,0.7451152288913727,8.431986576785086,0.21920754497246298,0.019536503367485167,0.048051947772854375,False,False,0.9999999902007519,1.0000000284844506,0.9999999995219743,0.9999999980686103,0.9999999990439485,False,False,False,0.7451152361929417,8.431986336604588,0.21920754507724982,0.01953650340521777,0.04805194781879451,4,middle,3,False,False,0.6845238073584995,2.456856425624117,0.6605720441302715,0.9561466461006904,0.4363554254864453,False,False,False,32768
vel1,localno_plain,0.43179726958274844,False,10.314017056602392,False,0.5326132016659794,1.1210011762600411,0.4857552283052624,0.683515432827127,0.23595814182589764,0.13028807518460933,False,0.013748930162869835,False,0.016974982535310417,False,0.8107145452499389,9.200719209780585,0.26821754577746426,0.020115025210187435,0.07194065186288615,False,False,1.0000000252728871,1.000000002760451,0.9999999999394583,0.9999999958090546,0.999999999878917,False,False,False,0.8107145247608423,9.20071918438245,0.2682175457937026,0.020115025294488408,0.07194065187159694,5,middle,3,False,False,0.5326132151266526,1.12100117935451,0.485755228275854,0.6835154299625511,0.2359581417973271,False,False,False,32768
vel1,localno_plain,0.3258348923921585,False,8.273763462861499,False,0.4034298737517878,1.7185245443008765,0.33525309648009,0.6555878826902366,0.11239463869948854,0.09283339097917216,False,0.01027350460448861,False,0.008618038480691844,False,0.8076617860794068,4.814457547493102,0.2769053946223144,0.015670674940376852,0.07667659757093966,False,False,0.9999999467148073,1.0000000425634648,1.0000000008355658,1.0000000135055194,1.0000000016711315,False,False,False,0.807661829115823,4.8144573425731165,0.2769053943909417,0.01567067472873625,0.07667659744280297,6,middle,3,False,False,0.40342985225494926,1.7185246174472355,0.33525309676021603,0.6555878915442914,0.11239463888731477,False,False,False,32768
vel1,localno_plain,0.3544508169591427,False,8.35204880228763,False,0.47414075184141125,1.4845534757216183,0.4291692961685741,0.828937219646841,0.18418628477382926,0.10198681995119234,False,0.010636568460733214,False,0.010401311443756923,False,0.7475645482540131,5.625966958332592,0.23763773611412495,0.012831573017393042,0.05647169362544648,False,False,0.9999999987541911,1.0000000026256075,1.000000001255509,0.9999999939524827,1.000000002511018,False,False,False,0.7475645491853357,5.625966943561011,0.2376377358157686,0.012831573094992202,0.05647169348364504,7,outer,3,False,False,0.47414075125072247,1.484553479619473,0.4291692967074,0.8289372146338289,0.18418628523632435,False,False,False,32768
vel1,localno_plain,0.3780457520484924,False,19.268679006212935,False,0.6219782206433561,4.087914974807484,0.5151214860329751,1.8009768664389436,0.26535014537282064,0.09492120082688986,False,0.01792589373961539,False,0.009010034366418757,False,0.6078118807077407,4.713571374394931,0.1842695430118664,0.00995342809430979,0.03395526448180208,False,False,1.0000000476837667,1.0000000169915275,0.999999999616757,0.9999999906693534,0.9999999992335141,False,False,False,0.6078118517249822,4.713571294304154,0.18426954308248641,0.00995342818718171,0.03395526450782831,8,outer,3,False,False,0.6219782503016205,4.087915044267405,0.5151214858355585,1.8009768496346652,0.2653501451694335,False,False,False,32768
vel2,persistence,0.07146307080984116,False,1.7839205699087917,False,1.0,3.2395955194651345,1.0690541973458692,1.5387518362897217,1.1428768768628204,0.027107959468245124,False,0.0035498549191007264,False,0.0007348414665320206,False,0.07146307080984116,0.55066151289261,0.025356955274621066,0.002306970386895023,0.0006429751807991331,False,False,0.3384778602514014,0.19504086812398985,0.615732092132932,0.4972731395309471,0.3791260092823974,False,False,False,0.21113070957362645,2.8233134839337763,0.0411817990301319,0.0046392419045015645,0.001695940571358173,1,inner,3,False,False,0.3384778602514014,0.6318535224870676,0.6582509775352643,0.7651799565907997,0.43329434942613104,False,False,False,32768
vel2,persistence,0.07146307080984116,False,0.33963678296112265,False,1.9924698422008893,7.3577621592895275,2.841395450895816,1.9755528983745414,8.073528108371438,0.022748711508761538,False,0.0018297884441525597,False,0.0005175038753088596,False,0.03586657589301467,0.046160337288466836,0.00800617580407172,0.0009262158688122628,6.409885100570344e-05,False,False,0.999999878477691,0.999999986401928,1.0000000017780712,1.0000000060367586,1.0000000035561423,False,False,False,0.035866580251604316,0.046160337916158437,0.00800617578983617,0.0009262158632209212,6.409885077775881e-05,2,inner,3,False,False,1.9924696000713535,7.357762059238148,2.8413954559480197,1.9755529103004774,8.073528137082052,False,False,False,32768
vel2,persistence,0.023873443705961044,False,0.04446530785031046,False,1.17293959770746,1.9220448787803004,1.2947647317287998,1.7522943655512004,1.676415710528751,0.004722518034099861,False,0.0008700969132483987,False,2.2302176582398413e-05,False,0.020353515008464454,0.02313437544628378,0.0036473947106933054,0.00049654722993685,1.33034881755935e-05,False,False,1.0,1.000000007095487,0.9999999997413154,1.0000000011114767,0.9999999994826307,False,False,False,0.020353515008464454,0.023134375282134117,0.00364739471163683,0.0004965472293849494,1.3303488182476316e-05,3,middle,3,False,False,1.17293959770746,1.922044892418145,1.2947647313938642,1.7522943674988347,1.676415709661425,False,False,False,32768
vel2,persistence,0.012971869688481092,False,0.004488706466125,False,1.0801604575089765,3.3582619746531432,1.0337140444851105,1.034708334816444,1.0685647257657649,0.0027064226806195724,False,0.0002907904846208072,False,7.324723726172033e-06,False,0.012009206223301589,0.0013366159340766183,0.002618154116274615,0.0002810361865620741,6.854730976565711e-06,False,False,0.99999997402051,1.0000000184375248,0.9999999996018913,0.9999999980122777,0.9999999992037828,False,False,False,0.01200920653529465,0.0013366159094327292,0.002618154117316925,0.00028103618712069597,6.854730982023566e-06,4,middle,3,False,False,1.0801604294469587,3.3582620365711824,1.03371404407358,1.0347083327597313,1.0685647249149552,False,False,False,32768
vel2,persistence,0.005062888616230339,False,0.0006568706258341807,False,0.7595743803382212,0.6078581044378312,0.8761125712131956,0.7055469089523936,0.7675732374377967,0.0012850265268545362,False,0.00010811216271037576,False,1.6512931747198319e-06,False,0.006665428359992802,0.0010806315175178557,0.0014667367745620835,0.00015323171477131447,2.151316765852784e-06,False,False,1.0000000234038275,1.0000000026362057,1.0000000010069694,1.0000000047715587,1.000000002013939,False,False,False,0.0066654282039962705,0.0010806315146690887,0.0014667367730851243,0.00015323171404016034,2.151316761520163e-06,5,middle,3,False,False,0.759574398115169,0.6078581060402702,0.8761125720954143,0.7055469123189522,0.7675732389836425,False,False,False,32768
vel2,persistence,0.0016851219430100172,False,0.0001894394065963678,False,1.013355701549016,0.9022583447013616,0.908074540251702,0.8799275298079229,0.8245993706533398,0.00039531011395420697,False,4.696932574363477e-05,False,1.5627008619448809e-07,False,0.00166291257890407,0.0002099613793642112,0.00043532782434868626,5.337862966270368e-05,1.8951031465216066e-07,False,False,1.0,1.0000000063332286,1.0000000009744334,1.0000000052470308,1.0000000019488668,False,False,False,0.00166291257890407,0.0002099613780344778,0.0004353278239244883,5.337862938262437e-05,1.895103142828303e-07,6,middle,3,False,False,1.013355701549016,0.9022583504155699,0.9080745411365602,0.8799275344249297,0.8245993722603742,False,False,False,32768
vel2,persistence,0.0010243285004980862,False,7.564393729817884e-05,False,0.9882859929669949,0.9587827348004118,0.909386723987413,0.87650708758785,0.8269842137645596,0.0002289544581330022,False,3.547881813348367e-05,False,5.242014389897666e-08,False,0.001036469714017585,7.889580668546927e-05,0.00025176797955560565,4.047750284726331e-05,6.338711552951185e-08,False,False,0.9999999438404645,1.0000000113172398,1.0000000032237062,0.9999999987438782,1.0000000064474122,False,False,False,0.001036469772225246,7.889580579258653e-05,0.00025176797874397965,4.047750289810798e-05,6.338711512082899e-08,7,outer,3,False,False,0.9882859374653127,0.9587827456511858,0.9093867269190087,0.8765070864868504,0.8269842190964677,False,False,False,32768
vel2,persistence,0.0010938381357118486,False,2.762972688290032e-05,False,1.1555637915114683,1.2511894274459423,1.1125130802816778,1.0256760044516193,1.2376853537978267,0.00017300799294866674,False,1.99931856541824e-05,False,2.993176562412592e-08,False,0.0009465839478070847,2.208276882526172e-05,0.00015551097422141118,1.9492691227452293e-05,2.4183663103292414e-08,False,False,0.9999999895463026,1.0000000380828098,1.000000001915822,1.0000000025500142,1.0000000038316437,False,False,False,0.000946583957702387,2.2082767984287868e-05,0.00015551097392347985,1.9492691177745652e-05,2.4183663010629233e-08,8,outer,3,False,False,1.155563779431554,1.2511894750947514,1.1125130824130547,1.0256760070671078,1.237685358540196,False,False,False,32768
vel2,fno_plain,0.07146307080984116,False,0.7516929732309737,False,1.0,1.3650726546737413,0.6350301313747511,0.9883803729553379,0.4032632677538336,0.016102430639306303,False,0.002280164251396223,False,0.00025928827249367036,False,0.07146307080984116,0.55066151289261,0.025356955274621066,0.002306970386895023,0.0006429751807991331,False,False,0.3384778602514014,0.19504086812398985,0.615732092132932,0.4972731395309471,0.3791260092823974,False,False,False,0.21113070957362645,2.8233134839337763,0.0411817990301319,0.0046392419045015645,0.001695940571358173,1,inner,3,False,False,0.3384778602514014,0.2662449556198859,0.3910084313588262,0.4914950111102693,0.15288759339368982,False,False,False,32768
vel2,fno_plain,0.06533629698678851,False,0.2953221334107102,False,1.8216485783777685,6.397746436841926,1.6547422908057432,1.6159684355398356,2.738172048981039,0.01324815769062315,False,0.0014967356084967219,False,0.00017551368219561732,False,0.03586657589301467,0.046160337288466836,0.00800617580407172,0.0009262158688122628,6.409885100570344e-05,False,False,0.999999878477691,0.999999986401928,1.0000000017780712,1.0000000060367586,1.0000000035561423,False,False,False,0.035866580251604316,0.046160337916158437,0.00800617578983617,0.0009262158632209212,6.409885077775881e-05,2,inner,3,False,False,1.8216483570068271,6.397746349844908,1.6547422937479928,1.6159684452950471,2.738172058718368,False,False,False,32768
vel2,fno_plain,0.0180146906664595,False,0.015393836507524695,False,0.8850899050590375,0.6654096430339339,1.1665417533893263,1.103700244681081,1.360819662400644,0.004254838221115123,False,0.0005480392991770144,False,1.8103648287862106e-05,False,0.020353515008464454,0.02313437544628378,0.0036473947106933054,0.00049654722993685,1.33034881755935e-05,False,False,1.0,1.000000007095487,0.9999999997413154,1.0000000011114767,0.9999999994826307,False,False,False,0.020353515008464454,0.023134375282134117,0.00364739471163683,0.0004965472293849494,1.3303488182476316e-05,3,middle,3,False,False,0.8850899050590375,0.6654096477553395,1.16654175308756,1.103700245907818,1.3608196616965977,False,False,False,32768
vel2,fno_plain,0.010266576264984902,False,0.014755420765443675,False,0.8548921614040199,11.039387148737863,0.950700950886508,1.5791027760410457,0.9038322980165105,0.0024890816079097015,False,0.00044378502236816036,False,6.195527250834346e-06,False,0.012009206223301589,0.0013366159340766183,0.002618154116274615,0.0002810361865620741,6.854730976565711e-06,False,False,0.99999997402051,1.0000000184375248,0.9999999996018913,0.9999999980122777,0.9999999992037828,False,False,False,0.01200920653529465,0.0013366159094327292,0.002618154117316925,0.00028103618712069597,6.854730982023566e-06,4,middle,3,False,False,0.8548921391943575,11.039387352276838,0.9507009505080256,1.5791027729022278,0.9038322972968637,False,False,False,32768
vel2,fno_plain,0.008102522031404078,False,0.005445538055260543,False,1.215604098310769,5.039218241356323,1.18063629140322,1.8810117279655019,1.393902052578349,0.001731682665983699,False,0.00028823065258110715,False,2.9987248556684113e-06,False,0.006665428359992802,0.0010806315175178557,0.0014667367745620835,0.00015323171477131447,2.151316765852784e-06,False,False,1.0000000234038275,1.0000000026362057,1.0000000010069694,1.0000000047715587,1.000000002013939,False,False,False,0.0066654282039962705,0.0010806315146690887,0.0014667367730851243,0.00015323171404016034,2.151316761520163e-06,5,middle,3,False,False,1.2156041267605575,5.039218254640739,1.1806362925920848,1.8810117369408599,1.393902055385583,False,False,False,32768
vel2,fno_plain,0.00475839083082974,False,0.0008063734976361163,False,2.8614798463823763,3.840580110865694,1.949843423860641,1.9236121180357504,3.8018893775725866,0.0008488210955298461,False,0.00010267977886331936,False,7.204972522164882e-07,False,0.00166291257890407,0.0002099613793642112,0.00043532782434868626,5.337862966270368e-05,1.8951031465216066e-07,False,False,1.0,1.0000000063332286,1.0000000009744334,1.0000000052470308,1.0000000019488668,False,False,False,0.00166291257890407,0.0002099613780344778,0.0004353278239244883,5.337862938262437e-05,1.895103142828303e-07,6,middle,3,False,False,2.8614798463823763,3.840580135188966,1.9498434257606334,1.9236121281290024,3.801889384981963,False,False,False,32768
vel2,fno_plain,0.007864704409148543,False,0.0038184176880843228,False,7.587973196692083,48.398233676817,3.9340238867731743,3.4040748721383016,15.476543941701916,0.0009904612454963728,False,0.0001377884503292756,False,9.81013478830226e-07,False,0.001036469714017585,7.889580668546927e-05,0.00025176797955560565,4.047750284726331e-05,6.338711552951185e-08,False,False,0.9999999438404645,1.0000000113172398,1.0000000032237062,0.9999999987438782,1.0000000064474122,False,False,False,0.001036469772225246,7.889580579258653e-05,0.00025176797874397965,4.047750289810798e-05,6.338711512082899e-08,7,outer,3,False,False,7.587972770555033,48.39823422455141,3.9340238994553114,3.404074867862369,15.476544041485575,False,False,False,32768
vel2,fno_plain,0.0035668378870468585,False,0.00093274050409616,False,3.7681157548783886,42.23838557007153,4.309877948843518,4.67681057559017,18.575047933927603,0.0006702333186000328,False,9.116362447926262e-05,False,4.4921270136161296e-07,False,0.0009465839478070847,2.208276882526172e-05,0.00015551097422141118,1.9492691227452293e-05,2.4183663103292414e-08,False,False,0.9999999895463026,1.0000000380828098,1.000000001915822,1.0000000025500142,1.0000000038316437,False,False,False,0.000946583957702387,2.2082767984287868e-05,0.00015551097392347985,1.9492691177745652e-05,2.4183663010629233e-08,8,outer,3,False,False,3.768115715487647,42.23838717862793,4.309877957100476,4.676810587516104,18.57504800510057,False,False,False,32768
vel2,fno_full,0.07146307080984116,False,0.8298248395571348,False,1.0,1.5069599384167733,0.7891188358803309,1.116251810167068,0.6227085371411285,0.020009651027778592,False,0.0025751598703733906,False,0.0004003861342534808,False,0.07146307080984116,0.55066151289261,0.025356955274621066,0.002306970386895023,0.0006429751807991331,False,False,0.3384778602514014,0.19504086812398985,0.615732092132932,0.4972731395309471,0.3791260092823974,False,False,False,0.21113070957362645,2.8233134839337763,0.0411817990301319,0.0046392419045015645,0.001695940571358173,1,inner,3,False,False,0.3384778602514014,0.29391877461688176,0.4858857917580999,0.5550820421488806,0.23608500263239562,False,False,False,32768
vel2,fno_full,0.07146307080984116,False,0.37234027582050466,False,1.9924698422008893,8.066238196953858,1.5881404602021776,1.7768829362539813,2.522190121331184,0.012714931725938,False,0.0016457771725801658,False,0.00016166948879526465,False,0.03586657589301467,0.046160337288466836,0.00800617580407172,0.0009262158688122628,6.409885100570344e-05,False,False,0.999999878477691,0.999999986401928,1.0000000017780712,1.0000000060367586,1.0000000035561423,False,False,False,0.035866580251604316,0.046160337916158437,0.00800617578983617,0.0009262158632209212,6.409885077775881e-05,2,inner,3,False,False,1.9924696000713535,8.06623808726857,1.5881404630260043,1.7768829469805947,2.522190130300451,False,False,False,32768
vel2,fno_full,0.035403348989784714,False,0.029740491973358603,False,1.7394218627623512,1.2855541331735414,1.8901012742222705,1.8307992554760482,3.57248282681665,0.006893945390272986,False,0.0009090782988770791,False,4.752648304406615e-05,False,0.020353515008464454,0.02313437544628378,0.0036473947106933054,0.00049654722993685,1.33034881755935e-05,False,False,1.0,1.000000007095487,0.9999999997413154,1.0000000011114767,0.9999999994826307,False,False,False,0.020353515008464454,0.023134375282134117,0.00364739471163683,0.0004965472293849494,1.3303488182476316e-05,3,middle,3,False,False,1.7394218627623512,1.2855541422951742,1.8901012737333305,1.8307992575109389,3.5724828249683576,False,False,False,32768
vel2,fno_full,0.018960441052913668,False,0.022469123674377593,False,1.578825502731773,16.810456243662887,1.3582581227280985,1.7895735765582603,1.8448651279568589,0.0035561290949840028,False,0.0005029349335281854,False,1.2646054140191744e-05,False,0.012009206223301589,0.0013366159340766183,0.002618154116274615,0.0002810361865620741,6.854730976565711e-06,False,False,0.99999997402051,1.0000000184375248,0.9999999996018913,0.9999999980122777,0.9999999992037828,False,False,False,0.01200920653529465,0.0013366159094327292,0.002618154117316925,0.00028103618712069597,6.854730982023566e-06,4,middle,3,False,False,1.5788254617146915,16.810456553606095,1.3582581221873642,1.789573573001085,1.8448651264879454,False,False,False,32768
vel2,fno_full,0.009818349936977028,False,0.00470378460712163,False,1.4730260992539765,4.3528108618615295,1.6054061736585452,1.7283844200342198,2.5773289824209713,0.002354708273013991,False,0.00026484330846586734,False,5.544651051000531e-06,False,0.006665428359992802,0.0010806315175178557,0.0014667367745620835,0.00015323171477131447,2.151316765852784e-06,False,False,1.0000000234038275,1.0000000026362057,1.0000000010069694,1.0000000047715587,1.000000002013939,False,False,False,0.0066654282039962705,0.0010806315146690887,0.0014667367730851243,0.00015323171404016034,2.151316761520163e-06,5,middle,3,False,False,1.4730261337284252,4.352810873336434,1.6054061752751403,1.7283844282813074,2.577328987611555,False,False,False,32768
vel2,fno_full,0.004729339181212706,False,0.001956190156809652,False,2.844009505496399,9.316904674246453,2.4131252806723693,2.7835796993082393,5.8231736202201,0.0010505005783159153,False,0.00014858366990599457,False,1.1035514650420727e-06,False,0.00166291257890407,0.0002099613793642112,0.00043532782434868626,5.337862966270368e-05,1.8951031465216066e-07,False,False,1.0,1.0000000063332286,1.0000000009744334,1.0000000052470308,1.0000000019488668,False,False,False,0.00166291257890407,0.0002099613780344778,0.0004353278239244883,5.337862938262437e-05,1.895103142828303e-07,6,middle,3,False,False,2.844009505496399,9.31690473325254,2.413125283023799,2.7835797139137677,5.82317363156869,False,False,False,32768
vel2,fno_full,0.008140805276343598,False,0.0034264170512055283,False,7.854359048069087,43.42964721642922,8.681071410327588,4.668211582636322,75.36100083120702,0.0021856158093561087,False,0.00018895754762778927,False,4.776916466107358e-06,False,0.001036469714017585,7.889580668546927e-05,0.00025176797955560565,4.047750284726331e-05,6.338711552951185e-08,False,False,0.9999999438404645,1.0000000113172398,1.0000000032237062,0.9999999987438782,1.0000000064474122,False,False,False,0.001036469772225246,7.889580579258653e-05,0.00025176797874397965,4.047750289810798e-05,6.338711512082899e-08,7,outer,3,False,False,7.854358606971932,43.42964770793294,8.681071438312811,4.668211576772479,75.36100131709047,False,False,False,32768
vel2,fno_full,0.006252384693361818,False,0.004018802500476451,False,6.605208875395026,181.9881615515133,8.799950375036113,8.486935503007848,77.43912660309823,0.0013684888559219387,False,0.0001654332132274345,False,1.8727617487825367e-06,False,0.0009465839478070847,2.208276882526172e-05,0.00015551097422141118,1.9492691227452293e-05,2.4183663103292414e-08,False,False,0.9999999895463026,1.0000000380828098,1.000000001915822,1.0000000025500142,1.0000000038316437,False,False,False,0.000946583957702387,2.2082767984287868e-05,0.00015551097392347985,1.9492691177745652e-05,2.4183663010629233e-08,8,outer,3,False,False,6.605208806346171,181.98816848213383,8.799950391895251,8.486935524649656,77.43912689981738,False,False,False,32768
vel2,localno_plain,0.04562129266560075,False,0.32960168306073967,False,0.6383897605939186,0.5985558738785847,0.38699448195804953,0.8257936607877492,0.14976472906597912,0.009813001770535412,False,0.0019050815211229713,False,9.629500374853112e-05,False,0.07146307080984116,0.55066151289261,0.025356955274621066,0.002306970386895023,0.0006429751807991331,False,False,0.3384778602514014,0.19504086812398985,0.615732092132932,0.4972731395309471,0.3791260092823974,False,False,False,0.21113070957362645,2.8233134839337763,0.0411817990301319,0.0046392419045015645,0.001695940571358173,1,inner,3,False,False,0.216080800172234,0.11674285726199252,0.23828492201993007,0.410645006304678,0.05677970406204414,False,False,False,32768
vel2,localno_plain,0.053797667901963,False,0.197831668537161,False,1.4999387748201682,4.285750065058326,1.185840783370746,1.639414410852359,1.406218363505345,0.009494049787304322,False,0.0015184516428909615,False,9.013698136381323e-05,False,0.03586657589301467,0.046160337288466836,0.00800617580407172,0.0009262158688122628,6.409885100570344e-05,False,False,0.999999878477691,0.999999986401928,1.0000000017780712,1.0000000060367586,1.0000000035561423,False,False,False,0.035866580251604316,0.046160337916158437,0.00800617578983617,0.0009262158632209212,6.409885077775881e-05,2,inner,3,False,False,1.4999385925441449,4.285750006780387,1.1858407854792554,1.639414420749108,1.4062183685060574,False,False,False,32768
vel2,localno_plain,0.024141643224284054,False,0.040282169148213,False,1.1861166591738195,1.7412257029261524,1.5462591112132853,2.053670148203485,2.3909172390100992,0.005639817303600668,False,0.0010197442232944406,False,3.1807539217993514e-05,False,0.020353515008464454,0.02313437544628378,0.0036473947106933054,0.00049654722993685,1.33034881755935e-05,False,False,1.0,1.000000007095487,0.9999999997413154,1.0000000011114767,0.9999999994826307,False,False,False,0.020353515008464454,0.023134375282134117,0.00364739471163683,0.0004965472293849494,1.3303488182476316e-05,3,middle,3,False,False,1.1861166591738195,1.7412257152809971,1.546259110813292,2.053670150486091,2.3909172377731123,False,False,False,32768
vel2,localno_plain,0.011837568902410566,False,0.011746782665524095,False,0.9857078546492113,8.788450269103809,0.9441395394874716,1.7244367803905363,0.8913994700236152,0.0024719028216467435,False,0.00048462913672833713,False,6.110303559665133e-06,False,0.012009206223301589,0.0013366159340766183,0.002618154116274615,0.0002810361865620741,6.854730976565711e-06,False,False,0.99999997402051,1.0000000184375248,0.9999999996018913,0.9999999980122777,0.9999999992037828,False,False,False,0.01200920653529465,0.0013366159094327292,0.002618154117316925,0.00028103618712069597,6.854730982023566e-06,4,middle,3,False,False,0.9857078290410239,8.78845043114108,0.9441395391116015,1.7244367769628348,0.8913994693138676,False,False,False,32768
vel2,localno_plain,0.006388075808063149,False,0.0059743016384943785,False,0.9583893882058089,5.528528033512277,0.9943230197790046,1.8293890035237976,0.9886782676624386,0.001458410138903488,False,0.00028032041399373776,False,2.1269601332564907e-06,False,0.006665428359992802,0.0010806315175178557,0.0014667367745620835,0.00015323171477131447,2.151316765852784e-06,False,False,1.0000000234038275,1.0000000026362057,1.0000000010069694,1.0000000047715587,1.000000002013939,False,False,False,0.0066654282039962705,0.0010806315146690887,0.0014667367730851243,0.00015323171404016034,2.151316761520163e-06,5,middle,3,False,False,0.9583894106357888,5.528528048086614,0.9943230207802576,1.8293890122528347,0.9886782696535765,False,False,False,32768
vel2,localno_plain,0.002923377007246017,False,0.0024422876965274963,False,1.7579859845504606,11.632080642273559,1.5943798468785637,3.472950780293571,2.542047096132512,0.0006940779099270367,False,0.0001853813535380883,False,4.817441450486837e-07,False,0.00166291257890407,0.0002099613793642112,0.00043532782434868626,5.337862966270368e-05,1.8951031465216066e-07,False,False,1.0,1.0000000063332286,1.0000000009744334,1.0000000052470308,1.0000000019488668,False,False,False,0.00166291257890407,0.0002099613780344778,0.0004353278239244883,5.337862938262437e-05,1.895103142828303e-07,6,middle,3,False,False,1.7579859845504606,11.632080715942186,1.5943798484321805,3.4729507985162504,2.5420471010866232,False,False,False,32768
vel2,localno_plain,0.004459119532257318,False,0.004886388656203881,False,4.302218841467917,61.93470681761642,3.2477351239057146,5.162016592238035,10.547783435050867,0.0008176757102775163,False,0.00020894554130993553,False,6.685935671778407e-07,False,0.001036469714017585,7.889580668546927e-05,0.00025176797955560565,4.047750284726331e-05,6.338711552951185e-08,False,False,0.9999999438404645,1.0000000113172398,1.0000000032237062,0.9999999987438782,1.0000000064474122,False,False,False,0.001036469772225246,7.889580579258653e-05,0.00025176797874397965,4.047750289810798e-05,6.338711512082899e-08,7,outer,3,False,False,4.302218599857306,61.93470751854635,3.2477351343754584,5.162016585753914,10.547783503056776,False,False,False,32768
vel2,localno_plain,0.005747978063300252,False,0.0059057627015237394,False,6.072338408670858,267.43760025091626,7.934348946585869,18.457888426431655,62.95389320618828,0.001233878334496196,False,0.00035979391980719755,False,1.5224557443391065e-06,False,0.0009465839478070847,2.208276882526172e-05,0.00015551097422141118,1.9492691227452293e-05,2.4183663103292414e-08,False,False,0.9999999895463026,1.0000000380828098,1.000000001915822,1.0000000025500142,1.0000000038316437,False,False,False,0.000946583957702387,2.2082767984287868e-05,0.00015551097392347985,1.9492691177745652e-05,2.4183663010629233e-08,8,outer,3,False,False,6.07233834519247,267.4376104356915,7.934348961786669,18.457888473499537,62.95389344740517,False,False,False,32768
vel3,persistence,0.07675067499279976,True,0.9391260768439798,True,,,,,,0.010883834425966993,True,0.0008119383955470758,True,0.00011845785181186427,True,0.0,0.0,0.0,0.0,0.0,False,False,0.0,0.0,0.0,0.0,0.0,False,False,False,1.2960541576147058,264.629598512356,0.2698954094699822,0.043377793992852,0.07284353205296934,1,inner,3,False,False,0.05921872519127892,0.003548832338194136,0.04032611909680329,0.018717835113534607,0.0016261958814095636,False,False,False,32768
vel3,persistence,0.14099662087857723,True,2.4966776017925842,False,,10900.995901493097,515.9230443849698,595.6815593804383,266176.5877274555,0.05381198983004947,False,0.004234392765672282,False,0.002895730249469348,False,0.0,0.00022903206499239368,0.00010430235752349186,7.108483885377325e-06,1.0878981784958318e-08,False,False,0.0,8.286403959642092e-06,0.0008267575355586045,0.0004566801392430702,6.835280226029374e-07,False,False,False,0.5242653180658816,27.639500331852766,0.12615833909880148,0.015565563891522333,0.015915926524168178,2,inner,3,False,False,0.2689413471002462,0.09033005560217462,0.42654326471361015,0.27203593748238775,0.18193915667254495,False,False,False,32768
vel3,persistence,0.1044483856484294,False,0.7242584104645692,False,1.5739709659686378,0.8245223889010812,1.9595282971551997,1.032072144648013,3.8397511473519574,0.04185191275574793,False,0.002880464390266502,False,0.001751582601314736,False,0.06635979183018208,0.878397506500529,0.021358156866888637,0.0027909525561789876,0.0004561708647506222,False,False,0.21797449903758312,0.1350078877778301,0.2699538603652866,0.33982183470644906,0.07287508672612064,False,False,False,0.3044383270666003,6.506268048175273,0.07911780493891794,0.008212987722198363,0.006259627058352668,3,middle,3,False,False,0.3430855328067146,0.11131702615106556,0.5289822283120627,0.3507206497437075,0.2798221978699951,False,False,False,32768
vel3,persistence,0.09812243954278528,False,0.3084231538222768,False,1.1025396709967068,0.6017188717062554,1.0921187850114664,0.9100510454205056,1.1927234405749219,0.034440868631636014,False,0.0023492251080426438,False,0.0011861734321016097,False,0.08899674281477929,0.5125701857209517,0.03153582660083483,0.0025814212508894394,0.0009945083593979214,False,False,0.5320683182041013,0.3758095233558471,0.6343691573761191,0.6263507033001854,0.4024242278300873,False,False,False,0.16726563069038092,1.363909517629782,0.049712105694535144,0.004121367210554987,0.0024712934525846332,4,middle,3,False,False,0.5866264285005209,0.22613168237014594,0.6928064734023548,0.5700111123382027,0.4799808095882079,False,False,False,32768
vel3,persistence,0.10011007013497875,False,0.15536209062022638,False,1.0259704419410336,0.7024592722237241,0.959121401301321,0.9109834756359606,0.9199138624342098,0.030760500335744043,False,0.001818125513883236,False,0.0009462083809053095,False,0.0975759788416326,0.22116882325206977,0.03207153994688126,0.0019957831975096984,0.0010285836745644,False,False,0.7353728626394711,0.45966410031508764,0.8671476122022928,0.7712145451560168,0.7519449813481379,False,False,False,0.1326891211234033,0.4811531357364309,0.036985098610176924,0.0025878443424662734,0.0013678975192045108,5,middle,3,False,False,0.7544708208736611,0.32289530937470934,0.8316998329505575,0.7025637068072347,0.6917246121299854,False,False,False,32768
vel3,persistence,0.08464301754953339,False,0.13180563899775732,False,0.8852963086309261,0.6765407935978138,0.8682278649791322,0.8746595044545376,0.7538196255262221,0.02123361499021177,False,0.0013294382043612385,False,0.00045086640555254604,False,0.09560981642454863,0.1948228994393979,0.024456269888000107,0.0015199494175625677,0.0005981091368347008,False,False,1.000000336547093,0.9684415427707022,0.9984381572745326,0.9940612946849238,0.9968787539017644,False,False,False,0.09560978424735367,0.20117156362583477,0.024494526486006044,0.0015290298754105788,0.0005999818277736516,6,middle,3,False,False,0.8852966065748253,0.655190209899182,0.8668718296041664,0.8694651594065516,0.7514667689612748,False,False,False,32768
vel3,persistence,0.056612339904531836,False,0.04526299113739143,False,0.8690467391935363,0.7167579513594178,0.8709590410621303,0.8678582866840593,0.7585696512078656,0.012084979593226797,False,0.0007770889493425659,False,0.00014604673176870812,False,0.06514303241856396,0.0631496184333145,0.01387548555496849,0.0008954099549036886,0.00019252909938613922,False,False,0.9999999955323188,0.9999999479992765,0.9999999929413581,0.9999999860273315,0.9999999858827163,False,False,False,0.06514303270960227,0.06314962171714052,0.013875485652910574,0.0008954099674149552,0.00019252910210412717,7,outer,3,False,False,0.8690467353109125,0.7167579140874858,0.8709590349143423,0.8678582745577631,0.7585696404989226,False,False,False,32768
vel3,persistence,0.02943920310586691,False,0.02384250000335497,False,0.8657860532602872,0.7950296692347687,0.8652465387348863,0.88041882191007,0.7486515727927011,0.0052829200547337965,False,0.0003997209698845547,False,2.7909244304708536e-05,False,0.03400286132469773,0.029989446842032745,0.006105681812328516,0.00045401229498633327,3.727935039339923e-05,False,False,0.999999998288154,0.9999999735192933,1.0000000003629157,1.000000001480568,1.0000000007258312,False,False,False,0.03400286138290539,0.029989447636174515,0.006105681810112669,0.00045401229431413725,3.727935036634072e-05,8,outer,3,False,False,0.8657860517781949,0.7950296481818211,0.8652465390488978,0.8804188232135899,0.7486515733360958,False,False,False,32768
vel3,fno_plain,0.09591223679482937,True,0.9635333548966715,True,,,,,,0.022515328557757917,True,0.005078555691224084,True,0.0005069400200637892,True,0.0,0.0,0.0,0.0,0.0,False,False,0.0,0.0,0.0,0.0,0.0,False,False,False,1.2960541576147058,264.629598512356,0.2698954094699822,0.043377793992852,0.07284353205296934,1,inner,3,False,False,0.07400326308226882,0.0036410641905262253,0.08342242130747346,0.11707731592023682,0.006959300376801603,False,False,False,32768
vel3,fno_plain,0.10783835500478745,True,1.026415716759669,False,,4481.537189099513,336.9721213986092,422.84354197871164,113550.21059987905,0.03514698668156724,False,0.003005776504191542,False,0.001235310672794265,False,0.0,0.00022903206499239368,0.00010430235752349186,7.108483885377325e-06,1.0878981784958318e-08,False,False,0.0,8.286403959642092e-06,0.0008267575355586045,0.0004566801392430702,6.835280226029374e-07,False,False,False,0.5242653180658816,27.639500331852766,0.12615833909880148,0.015565563891522333,0.015915926524168178,2,inner,3,False,False,0.20569423780047943,0.037135827509037496,0.2785942406394691,0.19310424762887105,0.07761475091748243,False,False,False,32768
vel3,fno_plain,0.10718810142949224,False,0.42074180884775,False,1.6152567461904008,0.47898793625218083,1.5844729887375248,0.9324738529632545,2.5105546520388247,0.03384142264480393,False,0.0026024902834978643,False,0.001145241886624248,False,0.06635979183018208,0.878397506500529,0.021358156866888637,0.0027909525561789876,0.0004561708647506222,False,False,0.21797449903758312,0.1350078877778301,0.2699538603652866,0.33982183470644906,0.07287508672612064,False,False,False,0.3044383270666003,6.506268048175273,0.07911780493891794,0.008212987722198363,0.006259627058352668,3,middle,3,False,False,0.35208478006792915,0.06466714954446887,0.4277345999542181,0.3168749755297647,0.18295688799799498,False,False,False,32768
vel3,fno_plain,0.0982448854483664,False,0.28476551464346916,False,1.103915518041311,0.555563945341328,0.7825500956875391,0.9256389681158023,0.6123846522605768,0.024678364124068937,False,0.002389464102945504,False,0.0006090216558401328,False,0.08899674281477929,0.5125701857209517,0.03153582660083483,0.0025814212508894394,0.0009945083593979214,False,False,0.5320683182041013,0.3758095233558471,0.6343691573761191,0.6263507033001854,0.4024242278300873,False,False,False,0.16726563069038092,1.363909517629782,0.049712105694535144,0.004121367210554987,0.0024712934525846332,4,middle,3,False,False,0.5873584731236496,0.20878622149241838,0.4964256448059055,0.5797746186813906,0.2464384208209591,False,False,False,32768
vel3,fno_plain,0.10233195032924414,False,0.25124448255692666,False,1.0487412121720097,1.135985076298838,0.7058765239380869,0.9171688209116766,0.4982616670469166,0.022638547135046035,False,0.0018304701220553058,False,0.0005125038163857011,False,0.0975759788416326,0.22116882325206977,0.03207153994688126,0.0019957831975096984,0.0010285836745644,False,False,0.7353728626394711,0.45966410031508764,0.8671476122022928,0.7712145451560168,0.7519449813481379,False,False,False,0.1326891211234033,0.4811531357364309,0.036985098610176924,0.0025878443424662734,0.0013678975192045108,5,middle,3,False,False,0.7712158273629196,0.5221715580682715,0.6120991422425666,0.7073339350506789,0.3746653599340858,False,False,False,32768
vel3,fno_plain,0.07787780828308315,False,0.06961886897814078,False,0.8145377869702441,0.3573443839428978,0.8703143835005577,0.775301471890318,0.7574471261279558,0.021284643450298065,False,0.0011784190206350902,False,0.0004530360468063164,False,0.09560981642454863,0.1948228994393979,0.024456269888000107,0.0015199494175625677,0.0005981091368347008,False,False,1.000000336547093,0.9684415427707022,0.9984381572745326,0.9940612946849238,0.9968787539017644,False,False,False,0.09560978424735367,0.20117156362583477,0.024494526486006044,0.0015290298754105788,0.0005999818277736516,6,middle,3,False,False,0.8145380611005686,0.3460671464861061,0.8689550893118176,0.7706971849184165,0.7550829472409092,False,False,False,32768
vel3,fno_plain,0.10381493531167507,False,0.33757295400945597,False,1.5936460348457877,5.345605601179211,1.4956362087389494,1.4160809087943105,2.236927668891018,0.02075267860984513,False,0.001267972942683488,False,0.00043067366948352354,False,0.06514303241856396,0.0631496184333145,0.01387548555496849,0.0008954099549036886,0.00019252909938613922,False,False,0.9999999955323188,0.9999999479992765,0.9999999929413581,0.9999999860273315,0.9999999858827163,False,False,False,0.06514303270960227,0.06314962171714052,0.013875485652910574,0.0008954099674149552,0.00019252910210412717,7,outer,3,False,False,1.5936460277258853,5.345605323203853,1.495636198181789,1.4160808890078813,2.2369276373116755,False,False,False,32768
vel3,fno_plain,0.013654038375243536,False,0.024159602688962615,False,0.4015555704227169,0.805603478324278,0.40166354782014957,0.5808098154149918,0.1613336056474696,0.0024524298186008324,False,0.000263694797247149,False,6.014412015162512e-06,False,0.03400286132469773,0.029989446842032745,0.006105681812328516,0.00045401229498633327,3.727935039339923e-05,False,False,0.999999998288154,0.9999999735192933,1.0000000003629157,1.000000001480568,1.0000000007258312,False,False,False,0.03400286138290539,0.029989447636174515,0.006105681810112669,0.00045401229431413725,3.727935036634072e-05,8,outer,3,False,False,0.40155556973531564,0.8056034569913285,0.4016635479659195,0.5808098162749201,0.16133360576457056,False,False,False,32768
vel3,fno_full,0.07966230023652315,True,1.1946161715063168,True,,,,,,0.02107476367372575,True,0.003008804508152015,True,0.00044414566390339044,True,0.0,0.0,0.0,0.0,0.0,False,False,0.0,0.0,0.0,0.0,0.0,False,False,False,1.2960541576147058,264.629598512356,0.2698954094699822,0.043377793992852,0.07284353205296934,1,inner,3,False,False,0.061465255729078384,0.00451429537066897,0.07808492821390386,0.06936278291717232,0.006097256014170521,False,False,False,32768
vel3,fno_full,0.10188248794758692,True,1.6253326093996636,False,,7096.528643068568,425.60270718614987,406.8037345332057,181137.66436417965,0.04439136572789582,False,0.002891757791440608,False,0.0019705933511878037,False,0.0,0.00022903206499239368,0.00010430235752349186,7.108483885377325e-06,1.0878981784958318e-08,False,False,0.0,8.286403959642092e-06,0.0008267575355586045,0.0004566801392430702,6.835280226029374e-07,False,False,False,0.5242653180658816,27.639500331852766,0.12615833909880148,0.015565563891522333,0.015915926524168178,2,inner,3,False,False,0.19433383143377014,0.05880470304763691,0.3518702453202917,0.18577918613122535,0.12381266954176227,False,False,False,32768
vel3,fno_full,0.10194523097015917,False,0.5085783268420104,False,1.5362500116191136,0.5789842560780358,1.653613744244812,0.905750178986669,2.734438415155347,0.03531814174682376,False,0.0025279057773024195,False,0.0012473711364487355,False,0.06635979183018208,0.878397506500529,0.021358156866888637,0.0027909525561789876,0.0004561708647506222,False,False,0.21797449903758312,0.1350078877778301,0.2699538603652866,0.33982183470644906,0.07287508672612064,False,False,False,0.3044383270666003,6.506268048175273,0.07911780493891794,0.008212987722198363,0.006259627058352668,3,middle,3,False,False,0.3348633266791575,0.07816744146971391,0.4463994138119827,0.3077936876089445,0.19927243665168182,False,False,False,32768
vel3,fno_full,0.09556168313138187,False,0.23559493936934942,False,1.0737660740041417,0.45963449676257534,0.7031209423250934,0.7978209247317165,0.4943790595361273,0.02217350011657973,False,0.002059511889506717,False,0.0004916641074199613,False,0.08899674281477929,0.5125701857209517,0.03153582660083483,0.0025814212508894394,0.0009945083593979214,False,False,0.5320683182041013,0.3758095233558471,0.6343691573761191,0.6263507033001854,0.4024242278300873,False,False,False,0.16726563069038092,1.363909517629782,0.049712105694535144,0.004121367210554987,0.0024712934525846332,4,middle,3,False,False,0.5713169091400043,0.17273502114624809,0.44603823971627227,0.4997156973133149,0.1989501112891908,False,False,False,32768
vel3,fno_full,0.10284766741096973,False,0.26793997059109076,False,1.0540264994716904,1.2114726056380702,0.7920509378166214,0.9050742406701899,0.6273446880961896,0.025402293292150536,False,0.001806331962028414,False,0.0006452765045004361,False,0.0975759788416326,0.22116882325206977,0.03207153994688126,0.0019957831975096984,0.0010285836745644,False,False,0.7353728626394711,0.45966410031508764,0.8671476122022928,0.7712145451560168,0.7519449813481379,False,False,False,0.1326891211234033,0.4811531357364309,0.036985098610176924,0.0025878443424662734,0.0013678975192045108,5,middle,3,False,False,0.7751024842143579,0.5568704653269985,0.6868250794702699,0.6980064188508878,0.4717286897893426,False,False,False,32768
vel3,fno_full,0.08011620678007603,False,0.18389170507884625,False,0.8379495932125387,0.9438916349566395,0.808474757534268,0.8646254406076529,0.6536314335700935,0.019772276867893505,False,0.0013141869348613805,False,0.00039094293254063664,False,0.09560981642454863,0.1948228994393979,0.024456269888000107,0.0015199494175625677,0.0005981091368347008,False,False,1.000000336547093,0.9684415427707022,0.9984381572745326,0.9940612946849238,0.9968787539017644,False,False,False,0.09560978424735367,0.20117156362583477,0.024494526486006044,0.0015290298754105788,0.0005999818277736516,6,middle,3,False,False,0.8379498752220385,0.9141038711657684,0.8072120471154891,0.8594906849079662,0.6515912890083786,False,False,False,32768
vel3,fno_full,0.05561160668730735,False,0.0819001283534268,False,0.8536846478067788,1.296921982828965,0.8140134952296104,0.9263388768414431,0.6626179704159271,0.011294832494607871,False,0.0008294530519381301,False,0.00012757324108124987,False,0.06514303241856396,0.0631496184333145,0.01387548555496849,0.0008954099549036886,0.00019252909938613922,False,False,0.9999999955323188,0.9999999479992765,0.9999999929413581,0.9999999860273315,0.9999999858827163,False,False,False,0.06514303270960227,0.06314962171714052,0.013875485652910574,0.0008954099674149552,0.00019252910210412717,7,outer,3,False,False,0.8536846439927879,1.2969219153880838,0.8140134894837807,0.926338863898017,0.6626179610615612,False,False,False,32768
vel3,fno_full,0.023515645032748573,False,0.012292507364074405,False,0.6915784177159278,0.40989443482650095,0.6787806224392662,0.93257294126096,0.4607431333990376,0.004144418500988457,False,0.00042339958130404345,False,1.7176204711335407e-05,False,0.03400286132469773,0.029989446842032745,0.006105681812328516,0.00045401229498633327,3.727935039339923e-05,False,False,0.999999998288154,0.9999999735192933,1.0000000003629157,1.000000001480568,1.0000000007258312,False,False,False,0.03400286138290539,0.029989447636174515,0.006105681810112669,0.00045401229431413725,3.727935036634072e-05,8,outer,3,False,False,0.6915784165320521,0.4098944239722066,0.6787806226856062,0.9325729426416977,0.4607431337334593,False,False,False,32768
vel3,localno_plain,0.08399183368310331,True,2.7653288322142573,True,,,,,,0.015263274536172962,True,0.005833354375962273,True,0.00023296754956658594,True,0.0,0.0,0.0,0.0,0.0,False,False,0.0,0.0,0.0,0.0,0.0,False,False,False,1.2960541576147058,264.629598512356,0.2698954094699822,0.043377793992852,0.07284353205296934,1,inner,3,False,False,0.0648058055210318,0.010449809272129245,0.05655255332481135,0.1344778938487172,0.0031981912875556316,False,False,False,32768
vel3,localno_plain,0.0824699270632118,True,0.7784315453335369,False,,3398.788485618331,245.86488030886045,490.25718708904236,60449.53936929029,0.025644286648445296,False,0.003484985314112874,False,0.0006576294377076298,False,0.0,0.00022903206499239368,0.00010430235752349186,7.108483885377325e-06,1.0878981784958318e-08,False,False,0.0,8.286403959642092e-06,0.0008267575355586045,0.0004566801392430702,6.835280226029374e-07,False,False,False,0.5242653180658816,27.639500331852766,0.12615833909880148,0.015565563891522333,0.015915926524168178,2,inner,3,False,False,0.15730570804771077,0.02816373436521369,0.20327064252456475,0.22389072046473982,0.041318954112349406,False,False,False,32768
vel3,localno_plain,0.10849453237839043,False,0.9487648461148243,False,1.6349438324947312,1.0801087652156864,1.3003308949761887,1.209913669733506,1.6908604364295763,0.027772671233763133,False,0.003376811649298628,False,0.0007713212674586942,False,0.06635979183018208,0.878397506500529,0.021358156866888637,0.0027909525561789876,0.0004561708647506222,False,False,0.21797449903758312,0.1350078877778301,0.2699538603652866,0.33982183470644906,0.07287508672612064,False,False,False,0.3044383270666003,6.506268048175273,0.07911780493891794,0.008212987722198363,0.006259627058352668,3,middle,3,False,False,0.35637606284262524,0.14582320296209003,0.35102934485107024,0.4111550830852526,0.12322160094657159,False,False,False,32768
vel3,localno_plain,0.10498978995718061,False,0.5188451542993644,False,1.1797037356264395,1.0122421645917363,0.9373605981779646,1.0570677914767357,0.8786448910165517,0.0295604412865951,False,0.0027287372605488123,False,0.0008738196890582363,False,0.08899674281477929,0.5125701857209517,0.03153582660083483,0.0025814212508894394,0.0009945083593979214,False,False,0.5320683182041013,0.3758095233558471,0.6343691573761191,0.6263507033001854,0.4024242278300873,False,False,False,0.16726563069038092,1.363909517629782,0.049712105694535144,0.004121367210554987,0.0024712934525846332,4,middle,3,False,False,0.6276829825938554,0.38041024539591134,0.5946326528237302,0.6620951546274271,0.353587991804187,False,False,False,32768
vel3,localno_plain,0.10443574427161366,False,0.4318496263500521,False,1.0703017844290814,1.9525791203304723,0.9001007991583616,1.1399449055063207,0.8101814486455214,0.02886761873642714,False,0.0022750828884962955,False,0.0008333394115117192,False,0.0975759788416326,0.22116882325206977,0.03207153994688126,0.0019957831975096984,0.0010285836745644,False,False,0.7353728626394711,0.45966410031508764,0.8671476122022928,0.7712145451560168,0.7519449813481379,False,False,False,0.1326891211234033,0.4811531357364309,0.036985098610176924,0.0025878443424662734,0.0013678975192045108,5,middle,3,False,False,0.7870708871037476,0.8975305246407318,0.7805202587315488,0.8791420918029755,0.6092118742903639,False,False,False,32768
vel3,localno_plain,0.07266966680297628,False,0.21125902956715692,False,0.7600649130031979,1.0843644672933928,0.6330017656947182,0.8382319063186529,0.40069123537263096,0.015480862021410637,False,0.0012740700977913971,False,0.00023965708892595422,False,0.09560981642454863,0.1948228994393979,0.024456269888000107,0.0015199494175625677,0.0005981091368347008,False,False,1.000000336547093,0.9684415427707022,0.9984381572745326,0.9940612946849238,0.9968787539017644,False,False,False,0.09560978424735367,0.20117156362583477,0.024494526486006044,0.0015290298754105788,0.0005999818277736516,6,middle,3,False,False,0.760065168800835,1.0501435976313438,0.63201311649176,0.8332538940413318,0.3994405794176269,False,False,False,32768
vel3,localno_plain,0.04020509615773335,False,0.08450608341734388,False,0.6171818330378493,1.3381883456125967,0.5511653365136844,0.9479747312558505,0.3037832281742429,0.0076476866651949745,False,0.0008488260113636374,False,5.848711132900103e-05,False,0.06514303241856396,0.0631496184333145,0.01387548555496849,0.0008954099549036886,0.00019252909938613922,False,False,0.9999999955323188,0.9999999479992765,0.9999999929413581,0.9999999860273315,0.9999999858827163,False,False,False,0.06514303270960227,0.06314962171714052,0.013875485652910574,0.0008954099674149552,0.00019252910210412717,7,outer,3,False,False,0.6171818302804776,1.3381882760258346,0.5511653326232057,0.9479747180101138,0.30378322388564893,False,False,False,32768
vel3,localno_plain,0.013291173810139296,False,0.04434163444269024,False,0.3908839812985194,1.4785746024678819,0.41999439866796046,1.6855216122880294,0.17639529491246173,0.002564352161226818,False,0.0007652475354439529,False,6.575902006788654e-06,False,0.03400286132469773,0.029989446842032745,0.006105681812328516,0.00045401229498633327,3.727935039339923e-05,False,False,0.999999998288154,0.9999999735192933,1.0000000003629157,1.000000001480568,1.0000000007258312,False,False,False,0.03400286138290539,0.029989447636174515,0.006105681810112669,0.00045401229431413725,3.727935036634072e-05,8,outer,3,False,False,0.39088398062938623,1.4785745633141814,0.419994398820383,1.6855216147835586,0.17639529504049492,False,False,False,32768
Bcc1,persistence,1.999531110525131,False,300.24185527845805,False,0.1366425762958947,0.020293848378695283,0.14522913178449368,0.14757428289839478,0.021091500718877828,0.5213503510950894,False,0.028210532626417262,False,0.27180618858697303,False,14.633294868469228,14794.722502886905,3.589846917688141,0.1911615768842345,12.887000892435047,False,False,1.0000000566992402,0.9999999999351673,1.0000000018083357,1.0000000101463953,1.0000000036166714,False,False,False,14.633294038772574,14794.722503846087,3.5898469111964926,0.1911615749446336,12.887000845827,1,inner,5,False,False,0.13664258404342497,0.02029384837737958,0.1452291320471167,0.14757428439574177,0.021091500795158858,False,False,False,32768
Bcc1,persistence,0.9081604242324829,False,54.097768224864275,False,0.20389184263728619,0.03614550678130144,0.24456702250661536,0.11646659081295704,0.05981302849775129,0.2923127211146622,False,0.008102741322077644,False,0.0854467269254583,False,4.454128289222717,1496.6664750942095,1.195225415588299,0.06957137892952049,1.4285637940682225,False,False,1.000000251579553,1.0000000270715028,0.999999999311001,1.0000000245125915,0.9999999986220022,False,False,False,4.454127168655395,1496.6664345772,1.1952254164118081,0.06957137722414575,1.4285637960367803,2,inner,5,False,False,0.20389189393230478,0.03614550775981463,0.24456702233810892,0.11646659366785499,0.05981302841532907,False,False,False,32768
Bcc1,persistence,0.5698485234379769,False,23.4879154632471,False,0.39794632752974296,0.15309730241755312,0.5643727217435464,0.4470163309266559,0.3185165690482184,0.21774344109097143,False,0.010458171183235589,False,0.04741220613813735,False,1.4319733190536499,153.41821895193712,0.3858149635905243,0.023395501371406297,0.14885318613035758,False,False,0.9999997082149281,0.9999999293876255,0.9999999998039992,0.9999999957215128,0.9999999996079985,False,False,False,1.4319737368822096,153.41822978516262,0.3858149636661443,0.02339550147150365,0.14885318618870827,3,middle,5,False,False,0.3979462114149452,0.15309729160698907,0.5643727216329288,0.4470163290141022,0.3185165689233594,False,False,False,32768
Bcc1,persistence,0.29667066007852555,False,7.229485110140794,False,0.656946537012634,0.4795434663508734,0.7716383937052312,0.7291837254916069,0.5954258106399895,0.09533637847454464,False,0.0055162874467722485,False,0.009089025060641617,False,0.451590263992548,15.07576605131162,0.12355058956665069,0.007565017229441365,0.015264748182266972,False,False,1.0000003088527876,0.9999999783875988,1.000000001785908,0.9999999884831695,1.0000000035718162,False,False,False,0.4515901245176792,15.075766377135132,0.12355058934600069,0.007565017316566387,0.015264748127744098,4,middle,5,False,False,0.6569467399124032,0.4795434559867876,0.7716383950833066,0.7291837170937214,0.595425812766741,False,False,False,32768
Bcc1,persistence,0.11564509198069572,False,1.1157619830767913,False,0.8052162621173432,0.6083653130102958,0.8456779748545205,0.767655093793169,0.7151712371540427,0.03533917173412253,False,0.002212023580279833,False,0.0012488570588538046,False,0.14361991606652735,1.8340328733665134,0.04178797696629361,0.002881533123618956,0.0017462350189354856,False,False,0.9999999979249172,0.9999999584531107,1.0000000004321152,0.9999999696549683,1.0000000008642307,False,False,False,0.14361991636455057,1.8340329495648773,0.04178797694823639,0.0028815332110591727,0.0017462350174263356,5,middle,5,False,False,0.8052162604464528,0.6083652877346096,0.8456779752199508,0.7676550704986508,0.7151712377721158,False,False,False,32768
Bcc1,persistence,0.047802817076444626,False,0.15763786842011965,False,0.9246830213379809,0.6945407826983331,0.9365878616014314,0.8940002468102716,0.8771968224991418,0.014082118212161673,False,0.0009226030181674071,False,0.00019830605334129547,False,0.05169643647968769,0.2269670440484243,0.015035554900405462,0.0010319941425734368,0.0002260679111631067,False,False,1.0,1.000000070771071,0.9999999946500893,1.0000000145542456,0.9999999893001785,False,False,False,0.05169643647968769,0.22696702798572466,0.01503555498084434,0.001031994127553541,0.00022606791358199303,6,middle,5,False,False,0.9246830213379809,0.6945408318517281,0.9365878565907698,0.8940002598217706,0.8771968131132923,False,False,False,32768
Bcc1,persistence,0.03077322244644165,False,0.022258930695510108,False,1.0145997988640287,0.6752253675973483,0.9897447272287551,0.9686989400662762,0.9795946250771229,0.007528848025310413,False,0.0006192195660644838,False,5.668355258822051e-05,False,0.03033040463924408,0.03296518727475239,0.007606858433477974,0.0006392280825889188,5.786429522697498e-05,False,False,0.9999995701174912,1.000000018198851,1.0000000349276064,1.0000001215396546,1.000000069855214,False,False,False,0.030330417677760124,0.032965186674823864,0.007606858167788626,0.0006392280048973679,5.786429118485253e-05,7,outer,5,False,False,1.0145993627053218,0.6752253798856742,0.9897447617981694,0.9686990578016108,0.9795946935069152,False,False,False,32768
Bcc1,persistence,0.020167140290141106,False,0.007909540549795794,False,1.0050950282883844,0.8620648367171805,1.0011161001239877,0.9813750735079642,1.002233445927462,0.004286991233762355,False,0.0003379921507340972,False,1.837829383835528e-05,False,0.020064909011125565,0.009175110981113703,0.004282211856578287,0.0003444067002088517,1.833733838461966e-05,False,False,1.0000002784930149,1.0000002351615682,1.0000000048335596,1.000000047617281,1.0000000096671189,False,False,False,0.020064903423190117,0.009175108823480724,0.004282211835879961,0.00034440668380914186,1.833733820735043e-05,8,outer,5,False,False,1.0050953082003289,0.8620650394416993,1.001116104962942,0.9813751202383768,1.0022334556161718,False,False,False,32768
Bcc1,fno_plain,1.2700729608535766,False,13.519284732959694,False,0.08679336897599449,0.0009137910312492624,0.06932339572278144,0.126066878251393,0.004805733194537353,0.24886037845910222,False,0.024099143239409097,False,0.06193148796680759,False,14.633294868469228,14794.722502886905,3.589846917688141,0.1911615768842345,12.887000892435047,False,False,1.0000000566992402,0.9999999999351673,1.0000000018083357,1.0000000101463953,1.0000000036166714,False,False,False,14.633294038772574,14794.722503846087,3.5898469111964926,0.1911615749446336,12.887000845827,1,inner,5,False,False,0.08679337389711257,0.0009137910311900188,0.06932339584814141,0.1260668795305174,0.00480573321191811,False,False,False,32768
Bcc1,fno_plain,0.8504492491483688,False,18.59569800180148,False,0.19093505932600327,0.012424744130539138,0.11284747024651452,0.16212118200677345,0.012734551541037979,0.13487816452347853,False,0.011278994185894994,False,0.018192119265222545,False,4.454128289222717,1496.6664750942095,1.195225415588299,0.06957137892952049,1.4285637940682225,False,False,1.000000251579553,1.0000000270715028,0.999999999311001,1.0000000245125915,0.9999999986220022,False,False,False,4.454127168655395,1496.6664345772,1.1952254164118081,0.06957137722414575,1.4285637960367803,2,inner,5,False,False,0.19093510736136013,0.012424744466895631,0.11284747016876273,0.16212118598078373,0.012734551523489795,False,False,False,32768
Bcc1,fno_plain,0.34869374334812164,False,4.832473387827035,False,0.24350575440788474,0.03149869305509897,0.15755914233875906,0.29323722887067005,0.02482488333452534,0.060788674764782565,False,0.006860431990191144,False,0.0036952629796585127,False,1.4319733190536499,153.41821895193712,0.3858149635905243,0.023395501371406297,0.14885318613035758,False,False,0.9999997082149281,0.9999999293876255,0.9999999998039992,0.9999999957215128,0.9999999996079985,False,False,False,1.4319737368822096,153.41822978516262,0.3858149636661443,0.02339550147150365,0.14885318618870827,3,middle,5,False,False,0.2435056833565407,0.031498690830901455,0.15755914230787735,0.2932372276160583,0.024824883324793948,False,False,False,32768
Bcc1,fno_plain,0.4775297855585813,False,7.529540132193802,False,1.0574403915104365,0.49944660235283483,0.8681339270727559,1.4615464629812354,0.7536565153347653,0.10725845851265073,False,0.011056624174082132,False,0.011504376922510018,False,0.451590263992548,15.07576605131162,0.12355058956665069,0.007565017229441365,0.015264748182266972,False,False,1.0000003088527876,0.9999999783875988,1.000000001785908,0.9999999884831695,1.0000000035718162,False,False,False,0.4515901245176792,15.075766377135132,0.12355058934600069,0.007565017316566387,0.015264748127744098,4,middle,5,False,False,1.057440718103849,0.49944659155859444,0.8681339286231633,1.4615464461488525,0.7536565180266878,False,False,False,32768
Bcc1,fno_plain,0.32386314034461977,False,7.158953686610717,False,2.2550015987657344,3.9033944214259844,1.388893953737834,1.8504703368763433,1.9290264147295122,0.05803906854742107,False,0.005332191569983512,False,0.0033685334778522417,False,0.14361991606652735,1.8340328733665134,0.04178797696629361,0.002881533123618956,0.0017462350189354856,False,False,0.9999999979249172,0.9999999584531107,1.0000000004321152,0.9999999696549683,1.0000000008642307,False,False,False,0.14361991636455057,1.8340329495648773,0.04178797694823639,0.0028815332110591727,0.0017462350174263356,5,middle,5,False,False,2.255001594086419,3.9033942592520883,1.3888939543379963,1.8504702807237625,1.9290264163966362,False,False,False,32768
Bcc1,fno_plain,0.31070460647344583,False,4.336083847065376,False,6.01017454260172,19.104464550105593,2.8637049344557406,2.6991751734143308,8.200805951626156,0.043057392760571314,False,0.00278553296874323,False,0.0018539390713380988,False,0.05169643647968769,0.2269670440484243,0.015035554900405462,0.0010319941425734368,0.0002260679111631067,False,False,1.0,1.000000070771071,0.9999999946500893,1.0000000145542456,0.9999999893001785,False,False,False,0.05169643647968769,0.22696702798572466,0.01503555498084434,0.001031994127553541,0.00022606791358199303,6,middle,5,False,False,6.01017454260172,19.10446590214901,2.863704919135175,2.699175212698789,8.200805863878998,False,False,False,32768
Bcc1,fno_plain,0.058995110187679514,False,0.16845203680768586,False,1.9450815407634416,5.1099978715031025,1.5091274537000643,1.6321964378319442,2.277465671511239,0.011479718898371474,False,0.0010433457993637772,False,0.00013178394598562716,False,0.03033040463924408,0.03296518727475239,0.007606858433477974,0.0006392280825889188,5.786429522697498e-05,False,False,0.9999995701174912,1.000000018198851,1.0000000349276064,1.0000001215396546,1.000000069855214,False,False,False,0.030330417677760124,0.032965186674823864,0.007606858167788626,0.0006392280048973679,5.786429118485253e-05,7,outer,5,False,False,1.9450807046069092,5.109997964499193,1.5091275064102738,1.6321966362085356,2.277465830604091,False,False,False,32768
Bcc1,fno_plain,0.14886982530355453,False,0.7258698812476535,False,7.419411930600302,79.11292656206598,5.1113537454684765,5.774643066890586,26.125937111314624,0.021887899612010944,False,0.0019888257635517098,False,0.0004790801494254689,False,0.020064909011125565,0.009175110981113703,0.004282211856578287,0.0003444067002088517,1.833733838461966e-05,False,False,1.0000002784930149,1.0000002351615682,1.0000000048335596,1.000000047617281,1.0000000096671189,False,False,False,0.020064903423190117,0.009175108823480724,0.004282211835879961,0.00034440668380914186,1.833733820735043e-05,8,outer,5,False,False,7.4194139968547,79.11294516638584,5.111353770174509,5.774643341863387,26.125937363877167,False,False,False,32768
Bcc1,fno_full,1.0751231354475022,False,59.299731616614395,False,0.07347102242599513,0.004008167885882496,0.0635266637252411,0.11189932748931876,0.0040356370040598635,0.2280509979650678,False,0.02139085189514354,False,0.05200725767286336,False,14.633294868469228,14794.722502886905,3.589846917688141,0.1911615768842345,12.887000892435047,False,False,1.0000000566992402,0.9999999999351673,1.0000000018083357,1.0000000101463953,1.0000000036166714,False,False,False,14.633294038772574,14794.722503846087,3.5898469111964926,0.1911615749446336,12.887000845827,1,inner,5,False,False,0.07347102659174629,0.004008167885622635,0.06352666384011864,0.11189932862469357,0.0040356370186554365,False,False,False,32768
Bcc1,fno_full,0.6358099579811096,False,19.848211764506914,False,0.1427462158015354,0.013261613121425429,0.08213356654966127,0.11312094769199912,0.006745922754167635,0.09816812621306811,False,0.007869980316746537,False,0.00963698100418487,False,4.454128289222717,1496.6664750942095,1.195225415588299,0.06957137892952049,1.4285637940682225,False,False,1.000000251579553,1.0000000270715028,0.999999999311001,1.0000000245125915,0.9999999986220022,False,False,False,4.454127168655395,1496.6664345772,1.1952254164118081,0.06957137722414575,1.4285637960367803,2,inner,5,False,False,0.14274625171356456,0.013261613480437225,0.08213356649307132,0.1131209504648867,0.006745922744871769,False,False,False,32768
Bcc1,fno_full,0.10678669847548009,False,0.9390376427337116,False,0.07457310625455811,0.00612077006986956,0.05291680621902322,0.07582624678660294,0.002800188380421655,0.020416095664719275,False,0.0017739930606845613,False,0.0004168169621909692,False,1.4319733190536499,153.41821895193712,0.3858149635905243,0.023395501371406297,0.14885318613035758,False,False,0.9999997082149281,0.9999999293876255,0.9999999998039992,0.9999999957215128,0.9999999996079985,False,False,False,1.4319737368822096,153.41822978516262,0.3858149636661443,0.02339550147150365,0.14885318618870827,3,middle,5,False,False,0.07457308449523894,0.006120769637667451,0.05291680620865149,0.07582624646218131,0.0028001883793239766,False,False,False,32768
Bcc1,fno_full,0.1592610664665699,False,0.7906282278737552,False,0.35266718342979597,0.052443651963209464,0.23221991545766124,0.3364824756277187,0.05392608913516335,0.028690907463911827,False,0.002545495725528776,False,0.0008231681711027514,False,0.451590263992548,15.07576605131162,0.12355058956665069,0.007565017229441365,0.015264748182266972,False,False,1.0000003088527876,0.9999999783875988,1.000000001785908,0.9999999884831695,1.0000000035718162,False,False,False,0.4515901245176792,15.075766377135132,0.12355058934600069,0.007565017316566387,0.015264748127744098,4,middle,5,False,False,0.35266729235203864,0.052443650829776214,0.2322199158723847,0.33648247175250706,0.05392608932777743,False,False,False,32768
Bcc1,fno_full,0.1997917390614748,False,0.9367046377495555,False,1.3911144396500525,0.510734922668076,0.7453589965551003,1.013929434548967,0.5555600337456259,0.03114704457966425,False,0.0029216712506650866,False,0.0009701383860475921,False,0.14361991606652735,1.8340328733665134,0.04178797696629361,0.002881533123618956,0.0017462350189354856,False,False,0.9999999979249172,0.9999999584531107,1.0000000004321152,0.9999999696549683,1.0000000008642307,False,False,False,0.14361991636455057,1.8340329495648773,0.04178797694823639,0.0028815332110591727,0.0017462350174263356,5,middle,5,False,False,1.391114436763375,0.5107349014486288,0.7453589968771812,1.013929403781246,0.555560034225758,False,False,False,32768
Bcc1,fno_full,0.10985017966479063,False,0.6916422663240198,False,2.1249081589589336,3.0473246423232054,1.1227274181008788,1.3585426494172526,1.2605168553554655,0.016880829733046242,False,0.0014020080566348027,False,0.000284962412476098,False,0.05169643647968769,0.2269670440484243,0.015035554900405462,0.0010319941425734368,0.0002260679111631067,False,False,1.0,1.000000070771071,0.9999999946500893,1.0000000145542456,0.9999999893001785,False,False,False,0.05169643647968769,0.22696702798572466,0.01503555498084434,0.001031994127553541,0.00022606791358199303,6,middle,5,False,False,2.1249081589589336,3.0473248579856342,1.1227274120943873,1.3585426691898157,1.2605168418681603,False,False,False,32768
Bcc1,fno_full,0.14291174463927747,False,3.6629592561777913,False,4.711831125865231,111.11598504350692,3.8353331725641913,4.209379353373268,14.709780544571304,0.029174836488917753,False,0.002690753492946177,False,0.0008511710841550867,False,0.03033040463924408,0.03296518727475239,0.007606858433477974,0.0006392280825889188,5.786429522697498e-05,False,False,0.9999995701174912,1.000000018198851,1.0000000349276064,1.0000001215396546,1.000000069855214,False,False,False,0.030330417677760124,0.032965186674823864,0.007606858167788626,0.0006392280048973679,5.786429118485253e-05,7,outer,5,False,False,4.711829100331446,111.11598706569019,3.8353333065231987,4.2093798649797805,14.709781572126174,False,False,False,32768
Bcc1,fno_full,1.3995441181492059,False,67.49830447878111,False,69.75083302760997,7356.67444434421,49.21423204424983,46.422575516362635,2422.0406357052675,0.2107457679722817,False,0.015988246048786684,False,0.0444137787182268,False,0.020064909011125565,0.009175110981113703,0.004282211856578287,0.0003444067002088517,1.833733838461966e-05,False,False,1.0000002784930149,1.0000002351615682,1.0000000048335596,1.000000047617281,1.0000000096671189,False,False,False,0.020064903423190117,0.009175108823480724,0.004282211835879961,0.00034440668380914186,1.833733820735043e-05,8,outer,5,False,False,69.75085245272975,7356.676174351309,49.21423228212976,46.42257772687945,2422.0406591194223,False,False,False,32768
Bcc1,localno_plain,0.21119236581027503,False,10.804412936608657,False,0.014432318060188697,0.0007302883129102545,0.010090719708701392,0.04811128637550492,0.0001018226242395747,0.03622413904353667,False,0.009197029369470507,False,0.0013121882494454777,False,14.633294868469228,14794.722502886905,3.589846917688141,0.1911615768842345,12.887000892435047,False,False,1.0000000566992402,0.9999999999351673,1.0000000018083357,1.0000000101463953,1.0000000036166714,False,False,False,14.633294038772574,14794.722503846087,3.5898469111964926,0.1911615749446336,12.887000845827,1,inner,5,False,False,0.014432318878490167,0.0007302883128629079,0.010090719726948801,0.04811128686366105,0.00010182262460783368,False,False,False,32768
Bcc1,localno_plain,0.17223514556884761,False,2.244643084489759,False,0.03866865397334662,0.0014997617183537617,0.023644533492164426,0.06890491605155516,0.0005590639640620851,0.028260547369563682,False,0.004793810024729543,False,0.0007986585376273527,False,4.454128289222717,1496.6664750942095,1.195225415588299,0.06957137892952049,1.4285637940682225,False,False,1.000000251579553,1.0000000270715028,0.999999999311001,1.0000000245125915,0.9999999986220022,False,False,False,4.454127168655395,1496.6664345772,1.1952254164118081,0.06957137722414575,1.4285637960367803,2,inner,5,False,False,0.038668663701589306,0.001499761758954565,0.023644533475873367,0.06890491774059321,0.0005590639632916962,False,False,False,32768
Bcc1,localno_plain,0.25314465202391134,False,12.472136584717816,False,0.17678028539750126,0.08129501613250437,0.119876370608213,0.3921403662449578,0.014370344230197634,0.0462500975615719,False,0.009174320476267678,False,0.0021390715244549185,False,1.4319733190536499,153.41821895193712,0.3858149635905243,0.023395501371406297,0.14885318613035758,False,False,0.9999997082149281,0.9999999293876255,0.9999999998039992,0.9999999957215128,0.9999999996079985,False,False,False,1.4319737368822096,153.41822978516262,0.3858149636661443,0.02339550147150365,0.14885318618870827,3,middle,5,False,False,0.17678023381565297,0.08129501039207025,0.11987637058471715,0.39214036456719026,0.014370344224564435,False,False,False,32768
Bcc1,localno_plain,0.2756776850670576,False,15.454727489016365,False,0.6104597619748656,1.0251371264594396,0.3437024969235142,0.9987319784785199,0.11813140639145829,0.04246464613043012,False,0.0075554246247840655,False,0.001803246170982654,False,0.451590263992548,15.07576605131162,0.12355058956665069,0.007565017229441365,0.015264748182266972,False,False,1.0000003088527876,0.9999999783875988,1.000000001785908,0.9999999884831695,1.0000000035718162,False,False,False,0.4515901245176792,15.075766377135132,0.12355058934600069,0.007565017316566387,0.015264748127744098,4,middle,5,False,False,0.6104599505170648,1.0251371043037647,0.3437024975373352,0.998731966976293,0.11813140681340195,False,False,False,32768
Bcc1,localno_plain,0.18811499193310738,False,5.2337241201640925,False,1.30981132063863,2.8536697439654803,0.7991513801693617,2.232169069149255,0.6386429284265955,0.033394919467099035,False,0.006432069110271271,False,0.00111522064621403,False,0.14361991606652735,1.8340328733665134,0.04178797696629361,0.002881533123618956,0.0017462350189354856,False,False,0.9999999979249172,0.9999999584531107,1.0000000004321152,0.9999999696549683,1.0000000008642307,False,False,False,0.14361991636455057,1.8340329495648773,0.04178797694823639,0.0028815332110591727,0.0017462350174263356,5,middle,5,False,False,1.309811317920663,2.8536696254043794,0.7991513805146871,2.232169001414014,0.6386429289785305,False,False,False,32768
Bcc1,localno_plain,0.06425156751647591,False,1.1776044920716318,False,1.242862601210846,5.188438246657454,0.7516331694001724,2.1298097082271976,0.5649524213425484,0.011301221783482052,False,0.0021979511436865085,False,0.00012771761379944927,False,0.05169643647968769,0.2269670440484243,0.015035554900405462,0.0010319941425734368,0.0002260679111631067,False,False,1.0,1.000000070771071,0.9999999946500893,1.0000000145542456,0.9999999893001785,False,False,False,0.05169643647968769,0.22696702798572466,0.01503555498084434,0.001031994127553541,0.00022606791358199303,6,middle,5,False,False,1.242862601210846,5.188438613848786,0.751633165379002,2.129809739224971,0.5649524152976584,False,False,False,32768
Bcc1,localno_plain,0.03813392181880772,False,0.13907915921409245,False,1.2572836489450185,4.218970699450914,1.0123226711257038,1.8052130162793565,1.02479719047508,0.007700595248253511,False,0.0011539428550608117,False,5.929916717742455e-05,False,0.03033040463924408,0.03296518727475239,0.007606858433477974,0.0006392280825889188,5.786429522697498e-05,False,False,0.9999995701174912,1.000000018198851,1.0000000349276064,1.0000001215396546,1.000000069855214,False,False,False,0.030330417677760124,0.032965186674823864,0.007606858167788626,0.0006392280048973679,5.786429118485253e-05,7,outer,5,False,False,1.2572831084607694,4.218970776231333,1.0123227064837117,1.8052132356843227,1.0247972620625072,False,False,False,32768
Bcc1,localno_plain,0.041906108278781176,False,0.07673679959013191,False,2.088527202168977,8.363582712850997,1.586847494646788,3.216344127572321,2.5180849712667883,0.006795217156158026,False,0.001107730467713301,False,4.6174976199344364e-05,False,0.020064909011125565,0.009175110981113703,0.004282211856578287,0.0003444067002088517,1.833733838461966e-05,False,False,1.0000002784930149,1.0000002351615682,1.0000000048335596,1.000000047617281,1.0000000096671189,False,False,False,0.020064903423190117,0.009175108823480724,0.004282211835879961,0.00034440668380914186,1.833733820735043e-05,8,outer,5,False,False,2.0885277838092144,8.363584679644223,1.58684750231691,3.216344280725883,2.5180849956094153,False,False,False,32768
Bcc2,persistence,0.13481904193758965,False,3.444033518644556,False,1.0,2.332676490852884,0.7587676689795748,1.2621793258336624,0.5757283754886976,0.042859209275949973,False,0.0043605975982806645,False,0.0018369118197596765,False,0.13481904193758965,1.4764299859623193,0.05648528664062477,0.0034548162127441867,0.003190587606873543,False,False,0.0667210158180603,0.005224191540750266,0.15814604197080306,0.07238181483516654,0.025010170591030997,False,False,False,2.0206383293867107,282.61406084476823,0.3571716745908386,0.047730444734105676,0.1275716051300239,1,inner,5,False,False,0.0667210158180603,0.012186348790820653,0.11999610362453222,0.09135883025126748,0.014399064885069477,False,False,False,32768
Bcc2,persistence,0.075022772916127,False,0.1703300091161281,False,0.7304767009410297,0.30879253220899544,1.357958399849624,0.6440647991296576,1.8440510157221515,0.02675873638115763,False,0.0014020710515780964,False,0.0007160299727162891,False,0.10270385464653373,0.5516001565764751,0.019705122324896556,0.0021769099219096483,0.0003882918458391367,False,False,0.9411753406755163,0.7676159131498704,0.9606542723252148,0.946848306205813,0.9228566309366883,False,False,False,0.10912297656759619,0.7185887461777775,0.020512189340709752,0.002299111597540801,0.00042074991154912676,2,inner,5,False,False,0.6875066578637008,0.2370340615854688,1.3045285384554537,0.6098316641427035,1.7017947076447226,False,False,False,32768
Bcc2,persistence,0.07614955334254774,False,0.8886163332217055,False,4.591528244662481,31.766137877808884,5.24865403987095,3.6435347674103156,27.54836923025365,0.021778071138634007,False,0.002218236028673499,False,0.0004742843825194035,False,0.01658479470992461,0.027973697546734917,0.004149267788122204,0.0006088142889467021,1.7216423177548524e-05,False,False,0.9999999643940906,1.0000000530163249,1.0000000075197646,1.0000000239732973,1.0000000150395292,False,False,False,0.016584795300441327,0.027973696063672355,0.004149267756920687,0.0006088142743514165,1.7216422918621628e-05,3,middle,5,False,False,4.591528081176942,31.766139561932775,5.248654079339594,3.6435348547578577,27.548369644568155,False,False,False,32768
Bcc2,persistence,0.007504119373297726,False,0.009473027905978995,False,1.5959374397148465,3.2151256547747598,1.5782405542415578,1.6266772625468093,2.4908432470526995,0.0018303743405192305,False,0.00022760432227029214,False,3.350270226431208e-06,False,0.004702013491605612,0.002946394300922787,0.001159756246029832,0.00013991977850230915,1.3450345502052081e-06,False,False,1.0000000890884528,0.9999999976059337,0.9999999905322471,0.9999999872700699,0.9999999810644941,False,False,False,0.004702013072710542,0.00294639430797665,0.0011597562570101177,0.00013991978028347817,1.3450345756741184e-06,4,middle,5,False,False,1.595937581894444,3.215125647077536,1.578240539299166,1.6266772418393214,2.4908431998873226,False,False,False,32768
Bcc2,persistence,0.0013640916466010821,False,0.00014293678401747548,False,0.949583950856266,1.1336575230458568,0.9840561558932495,0.8598571302336133,0.968366517951399,0.0003100347653178235,False,3.053324406166872e-05,False,9.612155570567787e-08,False,0.001436515060486272,0.00012608462530503902,0.0003150580009698716,3.5509671302456015e-05,9.926154397513161e-08,False,False,1.0000002497048655,1.000000030245751,0.9999999944601665,1.000000003330217,0.9999999889203331,False,False,False,0.0014365147017815615,0.00012608462149151496,0.00031505800271524047,3.550967118420111e-05,9.926154507491646e-08,5,middle,5,False,False,0.9495841879719988,1.1336575573341798,0.9840561504417421,0.8598571330971241,0.9683665072222206,False,False,False,32768
Bcc2,persistence,0.0004404283936310094,False,1.4773301094108424e-05,False,1.031451833980538,1.2625937706069006,1.004592516703509,1.087921526009814,1.00920612461669,0.0001076798205518494,False,9.118671697614213e-06,False,1.159494375407849e-08,False,0.00042699850746430457,1.1700755570025684e-05,0.00010718755989263412,8.381736623099003e-06,1.1489172995737027e-08,False,False,1.0000000425994342,1.0000000441385417,0.9999999801665124,0.9999999966744727,0.9999999603330254,False,False,False,0.00042699848927441053,1.1700755053571419e-05,0.0001071875620185373,8.381736650972697e-06,1.1489173451477779e-08,6,middle,5,False,False,1.0314518779198025,1.2625938263359486,1.0045924967789357,1.0879215223919012,1.009206084584536,False,False,False,32768
Bcc2,persistence,0.0002030903269769624,False,6.781269766776067e-07,False,1.0207861332498152,1.048298287280005,1.0201016567609789,1.0015744680663254,1.0406073901264938,4.287639981846965e-05,False,4.036332872209e-06,False,1.8383856613932637e-09,False,0.00019895482546417043,6.468836064180996e-07,4.2031497090800296e-05,4.029987785133626e-06,1.7666467476939537e-09,False,False,1.0,0.9999983094738818,0.9999999490282522,0.9999998049960162,0.9999998980565068,False,False,False,0.00019895482546417043,6.468846999935804e-07,4.2031499233219276e-05,4.029988570997452e-06,1.7666469277921127e-09,7,outer,5,False,False,1.0207861332498152,1.0482965151043708,1.0201016047646145,1.001574272755314,1.0406072840433416,False,False,False,32768
Bcc2,persistence,5.656230860040523e-05,False,2.809038228452023e-07,False,0.9882817398616186,0.9422280497271749,0.9902974458813575,0.9753222168773273,0.9806890313191402,1.2868283447193274e-05,False,1.0536439095332662e-06,False,1.6559271887730843e-10,False,5.723297954318696e-05,2.981272133922769e-07,1.2994361947223439e-05,1.08030340260955e-06,1.6885344241544852e-10,False,False,1.0000004131686346,0.9999995716712997,1.0000001029339316,0.9999999061314668,1.0000002058678736,False,False,False,5.723295589632471e-05,2.981273410887734e-07,1.2994360609662814e-05,1.0803035040160554e-06,1.6885340765395653e-10,8,outer,5,False,False,0.9882821481886357,0.9422276461438589,0.990297547816567,0.9753221253252614,0.9806892332115058,False,False,False,32768
Bcc2,fno_plain,0.07814041175879538,False,3.789591241547806,False,0.5795947711523428,2.566726006365819,0.5827100293568906,1.636980876335022,0.3395509783131084,0.032914543036590846,False,0.0056554680715144206,False,0.0010833671433075908,False,0.13481904193758965,1.4764299859623193,0.05648528664062477,0.0034548162127441867,0.003190587606873543,False,False,0.0667210158180603,0.005224191540750266,0.15814604197080306,0.07238181483516654,0.025010170591030997,False,False,False,2.0206383293867107,282.61406084476823,0.3571716745908386,0.047730444734105676,0.1275716051300239,1,inner,5,False,False,0.0386711518941205,0.013409068289880026,0.09215328475948271,0.11848764667959022,0.008492227891962308,False,False,False,32768
Bcc2,fno_plain,0.07467172550968826,False,2.1443567114902176,False,0.7270586461109855,3.8875201283466625,1.61411574246422,2.266351192045173,2.6053696300708205,0.03180634815179868,False,0.004933642396494895,False,0.0010116437827534276,False,0.10270385464653373,0.5516001565764751,0.019705122324896556,0.0021769099219096483,0.0003882918458391367,False,False,0.9411753406755163,0.7676159131498704,0.9606542723252148,0.946848306205813,0.9228566309366883,False,False,False,0.10912297656759619,0.7185887461777775,0.020512189340709752,0.002299111597540801,0.00042074991154912676,2,inner,5,False,False,0.6842896689445864,2.984122313209325,1.5506071840256392,2.145890787455497,2.404382639151923,False,False,False,32768
Bcc2,fno_plain,0.07655396098198253,False,1.733041686054226,False,4.615912486162485,61.95254249671067,5.78082631092781,6.135601844770202,33.41795283711522,0.02398619640066207,False,0.0037354420743838444,False,0.000575337617771134,False,0.01658479470992461,0.027973697546734917,0.004149267788122204,0.0006088142889467021,1.7216423177548524e-05,False,False,0.9999999643940906,1.0000000530163249,1.0000000075197646,1.0000000239732973,1.0000000150395292,False,False,False,0.016584795300441327,0.027973696063672355,0.004149267756920687,0.0006088142743514165,1.7216422918621628e-05,3,middle,5,False,False,4.6159123218087235,61.952545781206794,5.780826354398263,6.135601991860809,33.417953339705505,False,False,False,32768
Bcc2,fno_plain,0.008319961663801223,False,0.018207590616679203,False,1.7694465740378338,6.179617782649367,1.4559994376993728,1.9012374124034634,2.1199343625808895,0.0016886044420877707,False,0.000266020717623796,False,2.8513849618385515e-06,False,0.004702013491605612,0.002946394300922787,0.001159756246029832,0.00013991977850230915,1.3450345502052081e-06,False,False,1.0000000890884528,0.9999999976059337,0.9999999905322471,0.9999999872700699,0.9999999810644941,False,False,False,0.004702013072710542,0.00294639430797665,0.0011597562570101177,0.00013991978028347817,1.3450345756741184e-06,4,middle,5,False,False,1.7694467316750915,6.179617767854952,1.4559994239143297,1.9012373882008442,2.11993432243886,False,False,False,32768
Bcc2,fno_plain,0.0020313228032318876,False,0.00028065863312005723,False,1.414063005050757,2.2259544527419917,1.2426715477568973,1.4234947106608684,1.5442325756045225,0.00039151361369842434,False,5.0547829276352166e-05,False,1.5328290971119906e-07,False,0.001436515060486272,0.00012608462530503902,0.0003150580009698716,3.5509671302456015e-05,9.926154397513161e-08,False,False,1.0000002497048655,1.000000030245751,0.9999999944601665,1.000000003330217,0.9999999889203331,False,False,False,0.0014365147017815615,0.00012608462149151496,0.00031505800271524047,3.550967118420111e-05,9.926154507491646e-08,5,middle,5,False,False,1.4140633581491695,2.225954520067656,1.2426715408727036,1.4234947154014146,1.5442325584949401,False,False,False,32768
Bcc2,fno_plain,0.000789142101712059,False,3.708769169840519e-05,False,1.8481144264374934,3.1696834855190277,1.4515638831182942,2.3015580924870034,2.1070377067734603,0.0001555895906597267,False,1.9291053753988198e-05,False,2.420812072166131e-08,False,0.00042699850746430457,1.1700755570025684e-05,0.00010718755989263412,8.381736623099003e-06,1.1489172995737027e-08,False,False,1.0000000425994342,1.0000000441385417,0.9999999801665124,0.9999999966744727,0.9999999603330254,False,False,False,0.00042699848927441053,1.1700755053571419e-05,0.0001071875620185373,8.381736650972697e-06,1.1489173451477779e-08,6,middle,5,False,False,1.8481145051661223,3.1696836254242347,1.4515638543287197,2.301558084833109,2.1070376231936487,False,False,False,32768
Bcc2,fno_plain,0.0006684341670188587,False,2.5663906858832746e-05,False,3.359728347675771,39.673144603150476,2.97081005980906,3.855189766642686,8.825712411462714,0.00012486759438618477,False,1.553636766894218e-05,False,1.5591916127792765e-08,False,0.00019895482546417043,6.468836064180996e-07,4.2031497090800296e-05,4.029987785133626e-06,1.7666467476939537e-09,False,False,1.0,0.9999983094738818,0.9999999490282522,0.9999998049960162,0.9999998980565068,False,False,False,0.00019895482546417043,6.468846999935804e-07,4.2031499233219276e-05,4.029988570997452e-06,1.7666469277921127e-09,7,outer,5,False,False,3.359728347675771,39.673077534663335,2.9708099083816792,3.8551890148653234,8.825711511738762,False,False,False,32768
Bcc2,fno_plain,0.0003368557659268835,False,2.036286764027774e-05,False,5.885693329537357,68.3026128630673,5.008937593294977,11.242465084010876,25.089455813523678,6.50879480583292e-05,False,1.214527328397601e-05,False,4.2364409824437605e-09,False,5.723297954318696e-05,2.981272133922769e-07,1.2994361947223439e-05,1.08030340260955e-06,1.6885344241544852e-10,False,False,1.0000004131686346,0.9999995716712997,1.0000001029339316,0.9999999061314668,1.0000002058678736,False,False,False,5.723295589632471e-05,2.981273410887734e-07,1.2994360609662814e-05,1.0803035040160554e-06,1.6885340765395653e-10,8,outer,5,False,False,5.885695761321235,68.3025836070979,5.008938108884616,11.242464028697169,25.0894609786366,False,False,False,32768
Bcc2,fno_full,0.0670857671648264,False,0.4776558665576668,False,0.49759860477188156,0.3235208381698753,0.13253052684928485,0.21289024484236824,0.017564340546949015,0.007486024797714872,False,0.0007354966694164932,False,5.6040567272002e-05,False,0.13481904193758965,1.4764299859623193,0.05648528664062477,0.0034548162127441867,0.003190587606873543,False,False,0.0667210158180603,0.005224191540750266,0.15814604197080306,0.07238181483516654,0.025010170591030997,False,False,False,2.0206383293867107,282.61406084476823,0.3571716745908386,0.047730444734105676,0.1275716051300239,1,inner,5,False,False,0.03320028438002944,0.0016901348260234986,0.020959178261519645,0.015409382282393564,0.0004392871533981576,False,False,False,32768
Bcc2,fno_full,0.003930854290956631,False,0.00139683489586373,False,0.03827367828096702,0.002532332304858709,0.0435054030525583,0.0712472788687093,0.001892720094765549,0.0008572792889445894,False,0.0001550989082783569,False,7.349277792533408e-07,False,0.10270385464653373,0.5516001565764751,0.019705122324896556,0.0021769099219096483,0.0003882918458391367,False,False,0.9411753406755163,0.7676159131498704,0.9606542723252148,0.946848306205813,0.9228566309366883,False,False,False,0.10912297656759619,0.7185887461777775,0.020512189340709752,0.002299111597540801,0.00042074991154912676,2,inner,5,False,False,0.03602224219499424,0.001943858574593034,0.04179365131167058,0.06746036531861062,0.001746709289961504,False,False,False,32768
Bcc2,fno_full,0.006506641298765317,False,0.0007843537463473159,False,0.3923257063213232,0.028038972861450184,0.3466065333712876,0.29010818546776546,0.12013608897566151,0.0014381633240701872,False,0.00017662200865317562,False,2.0683137467006104e-06,False,0.01658479470992461,0.027973697546734917,0.004149267788122204,0.0006088142889467021,1.7216423177548524e-05,False,False,0.9999999643940906,1.0000000530163249,1.0000000075197646,1.0000000239732973,1.0000000150395292,False,False,False,0.016584795300441327,0.027973696063672355,0.004149267756920687,0.0006088142743514165,1.7216422918621628e-05,3,middle,5,False,False,0.39232569235220965,0.02803897434797348,0.34660653597768715,0.29010819242261526,0.12013609078245173,False,False,False,32768
Bcc2,fno_full,0.0026420540059916677,False,0.0005920522609856924,False,0.5618984315354393,0.2009412863717074,0.5291892982412773,0.5901935992565451,0.2800413133730955,0.0006137305939674649,False,8.25797576814564e-05,False,3.7666524197165727e-07,False,0.004702013491605612,0.002946394300922787,0.001159756246029832,0.00013991977850230915,1.3450345502052081e-06,False,False,1.0000000890884528,0.9999999976059337,0.9999999905322471,0.9999999872700699,0.9999999810644941,False,False,False,0.004702013072710542,0.00294639430797665,0.0011597562570101177,0.00013991978028347817,1.3450345756741184e-06,4,middle,5,False,False,0.5618984815941012,0.20094128589064067,0.5291892932310437,0.5901935917434219,0.28004130807037153,False,False,False,32768
Bcc2,fno_full,0.001762556791654788,False,7.581501611923194e-05,False,1.2269671513629299,0.6013026246127248,1.1072155282722371,1.3383375010957124,1.2259262260471693,0.00034883711098025136,False,4.752392475565911e-05,False,1.2168732999704822e-07,False,0.001436515060486272,0.00012608462530503902,0.0003150580009698716,3.5509671302456015e-05,9.926154397513161e-08,False,False,1.0000002497048655,1.000000030245751,0.9999999944601665,1.000000003330217,0.9999999889203331,False,False,False,0.0014365147017815615,0.00012608462149151496,0.00031505800271524047,3.550967118420111e-05,9.926154507491646e-08,5,middle,5,False,False,1.2269674577425973,0.6013026427995742,1.1072155221384474,1.3383375055526665,1.225926212464315,False,False,False,32768
Bcc2,fno_full,0.0011513809880125336,False,0.00010288270524728232,False,2.6964520200548585,8.792825782194893,2.159818679821299,3.6176265178837497,4.6648167297050165,0.0002315056941005754,False,3.0321992673640346e-05,False,5.359488640098919e-08,False,0.00042699850746430457,1.1700755570025684e-05,0.00010718755989263412,8.381736623099003e-06,1.1489172995737027e-08,False,False,1.0000000425994342,1.0000000441385417,0.9999999801665124,0.9999999966744727,0.9999999603330254,False,False,False,0.00042699848927441053,1.1700755053571419e-05,0.0001071875620185373,8.381736650972697e-06,1.1489173451477779e-08,6,middle,5,False,False,2.696452134922189,8.792826170297399,2.1598186369845616,3.617626505853234,4.66481654466585,False,False,False,32768
Bcc2,fno_full,0.0006388268327282275,False,3.1077343901221845e-05,False,3.2109139913435936,48.041631590112765,3.569074974821028,5.997197095757211,12.738296175893721,0.00015001356442103818,False,2.4168631040940415e-05,False,2.250406951030497e-08,False,0.00019895482546417043,6.468836064180996e-07,4.2031497090800296e-05,4.029987785133626e-06,1.7666467476939537e-09,False,False,1.0,0.9999983094738818,0.9999999490282522,0.9999998049960162,0.9999998980565068,False,False,False,0.00019895482546417043,6.468846999935804e-07,4.2031499233219276e-05,4.029988570997452e-06,1.7666469277921127e-09,7,outer,5,False,False,3.2109139913435936,48.0415503744798,3.569074792899038,5.997195926279885,12.738294877307313,False,False,False,32768
Bcc2,fno_full,0.0008572673340677283,False,3.1741938603164666e-05,False,14.97855503784929,106.47112097545589,11.155700822719728,23.01328980490967,124.44966084602964,0.00014496121426535845,False,2.4861335281483585e-05,False,2.1013753641287165e-08,False,5.723297954318696e-05,2.981272133922769e-07,1.2994361947223439e-05,1.08030340260955e-06,1.6885344241544852e-10,False,False,1.0000004131686346,0.9999995716712997,1.0000001029339316,0.9999999061314668,1.0000002058678736,False,False,False,5.723295589632471e-05,2.981273410887734e-07,1.2994360609662814e-05,1.0803035040160554e-06,1.6885340765395653e-10,8,outer,5,False,False,14.978561226518424,106.47107537081902,11.155701971019873,23.013287644685914,124.44968646621669,False,False,False,32768
Bcc2,localno_plain,0.07797995269298554,False,2.130619816951283,False,0.5784045901252137,1.4430889627065997,0.2900503873059332,0.9695757291468118,0.08412922717632183,0.01638357926719987,False,0.003349705948539672,False,0.00026842166960462134,False,0.13481904193758965,1.4764299859623193,0.05648528664062477,0.0034548162127441867,0.003190587606873543,False,False,0.0667210158180603,0.005224191540750266,0.15814604197080306,0.07238181483516654,0.025010170591030997,False,False,False,2.0206383293867107,282.61406084476823,0.3571716745908386,0.047730444734105676,0.1275716051300239,1,inner,5,False,False,0.03859174180698306,0.007538973151521895,0.045870320724531795,0.07017965089577612,0.00210408632337141,False,False,False,32768
Bcc2,localno_plain,0.07546366980066523,False,3.1363470136463794,False,0.7347695961401011,5.685906677605428,1.4263376339949192,2.474317914688199,2.0344390461502235,0.028106157554473415,False,0.005386367218443531,False,0.000789956092476883,False,0.10270385464653373,0.5516001565764751,0.019705122324896556,0.0021769099219096483,0.0003882918458391367,False,False,0.9411753406755163,0.7676159131498704,0.9606542723252148,0.946848306205813,0.9228566309366883,False,False,False,0.10912297656759619,0.7185887461777775,0.020512189340709752,0.002299111597540801,0.00042074991154912676,2,inner,5,False,False,0.6915470249651712,4.3645924464150365,1.3702173418754577,2.3428037265372206,1.8774955639762452,False,False,False,32768
Bcc2,localno_plain,0.07612150782515528,False,2.7133639789368345,False,4.589837206703737,96.99697275998959,4.785075221975288,6.476187902985876,22.89694487996185,0.019854558482283766,False,0.00394279573324158,False,0.0003942034925264262,False,0.01658479470992461,0.027973697546734917,0.004149267788122204,0.0006088142889467021,1.7216423177548524e-05,False,False,0.9999999643940906,1.0000000530163249,1.0000000075197646,1.0000000239732973,1.0000000150395292,False,False,False,0.016584795300441327,0.027973696063672355,0.004149267756920687,0.0006088142743514165,1.7216422918621628e-05,3,middle,5,False,False,4.5898370432784095,96.99697790241262,4.785075257957928,6.476188058241454,22.896945224321122,False,False,False,32768
Bcc2,localno_plain,0.003887182164253318,False,0.0027740580419621324,False,0.8267058721105347,0.9415094378553881,0.7095885082016493,1.1713553428007588,0.503515850971842,0.0008229497044978534,False,0.00016389578011217858,False,6.772462161331042e-07,False,0.004702013491605612,0.002946394300922787,0.001159756246029832,0.00013991977850230915,1.3450345502052081e-06,False,False,1.0000000890884528,0.9999999976059337,0.9999999905322471,0.9999999872700699,0.9999999810644941,False,False,False,0.004702013072710542,0.00294639430797665,0.0011597562570101177,0.00013991978028347817,1.3450345756741184e-06,4,middle,5,False,False,0.8267059457604818,0.9415094356013521,0.7095885014834405,1.1713553278894873,0.5035158414375147,False,False,False,32768
Bcc2,localno_plain,0.001030084698286373,False,0.00017256057634924487,False,0.7170719796962526,1.3686091855510985,0.6111296499917551,1.2765378743746252,0.3734794490990452,0.0001925412858598197,False,4.532944032417883e-05,False,3.70721467605528e-08,False,0.001436515060486272,0.00012608462530503902,0.0003150580009698716,3.5509671302456015e-05,9.926154397513161e-08,False,False,1.0000002497048655,1.000000030245751,0.9999999944601665,1.000000003330217,0.9999999889203331,False,False,False,0.0014365147017815615,0.00012608462149151496,0.00031505800271524047,3.550967118420111e-05,9.926154507491646e-08,5,middle,5,False,False,0.7170721587526149,1.368609226945711,0.6111296466061986,1.2765378786257733,0.37347944496101726,False,False,False,32768
Bcc2,localno_plain,0.0009115323607693425,False,0.00017182880796283635,False,2.1347436696732323,14.685274547826417,1.7856217789886166,4.564680517537023,3.1884451375984715,0.00019139644138093422,False,3.825994986658658e-05,False,3.663259777328539e-08,False,0.00042699850746430457,1.1700755570025684e-05,0.00010718755989263412,8.381736623099003e-06,1.1489172995737027e-08,False,False,1.0000000425994342,1.0000000441385417,0.9999999801665124,0.9999999966744727,0.9999999603330254,False,False,False,0.00042699848927441053,1.1700755053571419e-05,0.0001071875620185373,8.381736650972697e-06,1.1489173451477779e-08,6,middle,5,False,False,2.1347437606121047,14.68527519601302,1.7856217435735091,4.564680502357053,3.188445011122499,False,False,False,32768
Bcc2,localno_plain,0.0009779846082892617,False,0.0002264574599493706,False,4.915611400766884,350.07450753513854,5.4579409905317435,13.211882813769144,29.78911985612663,0.00022940543086529466,False,5.324372635810653e-05,False,5.262685171049149e-08,False,0.00019895482546417043,6.468836064180996e-07,4.2031497090800296e-05,4.029987785133626e-06,1.7666467476939537e-09,False,False,1.0,0.9999983094738818,0.9999999490282522,0.9999998049960162,0.9999998980565068,False,False,False,0.00019895482546417043,6.468846999935804e-07,4.2031499233219276e-05,4.029988570997452e-06,1.7666469277921127e-09,7,outer,5,False,False,4.915611400766884,350.07391572504025,5.457940712330951,13.211880237399361,29.78911681931969,False,False,False,32768
Bcc2,localno_plain,0.001586951581411995,False,0.00023676074408452493,False,27.72792180449928,794.1601217497521,23.6419306896544,47.09728234408971,558.9408867344227,0.00030721180451253916,False,5.08793543699828e-05,False,9.437909283185057e-08,False,5.723297954318696e-05,2.981272133922769e-07,1.2994361947223439e-05,1.08030340260955e-06,1.6885344241544852e-10,False,False,1.0000004131686346,0.9999995716712997,1.0000001029339316,0.9999999061314668,1.0000002058678736,False,False,False,5.723295589632471e-05,2.981273410887734e-07,1.2994360609662814e-05,1.0803035040160554e-06,1.6885340765395653e-10,8,outer,5,False,False,27.72793326080688,794.1597815881793,23.641933123211277,47.0972779231369,558.9410018023946,False,False,False,32768
Bcc3,persistence,0.010797557421028614,False,0.0503971823393108,False,1.0,2.6566200471246706,0.9979545415143032,4.0417395913001855,0.9959132669290232,0.005387735732788486,False,0.00023090431385136762,False,2.902769632636589e-05,False,0.010797557421028614,0.01897041407703634,0.005398778710514307,5.7129933444595844e-05,2.9146811565102524e-05,False,False,0.00034493228747677724,2.69666707104907e-07,0.0009124315308020617,0.00010703176097390677,8.325312984017938e-07,False,False,False,31.30341175079345,70347.63126935199,5.916913793814838,0.5337661730009612,35.009868843436294,1,inner,5,False,False,0.00034493228747677724,7.164019801369929e-07,0.0009105651899847653,0.0004325945058548171,8.291289652119919e-07,False,False,False,32768
Bcc3,persistence,0.010797557421028614,False,0.04968162389506616,False,1.0,2.618900340989694,0.9866599834759743,5.900090727451553,0.9734979229928097,0.005326758913306488,False,0.0003370717905763843,False,2.8374360520490112e-05,False,0.010797557421028614,0.01897041407703634,0.005398778710514307,5.7129933444595844e-05,2.9146811565102524e-05,False,False,0.0032530692986947143,2.1720330748650746e-05,0.0070514408349093526,0.0009902174684069203,4.972281784822711e-05,False,False,False,3.3191907179355526,873.3943463643974,0.7656277400480677,0.05769433005106193,0.5861858363311114,2,inner,5,False,False,0.0032530692986947143,5.688338160405037e-05,0.006957374497653472,0.0058423729035082216,4.84050599005989e-05,False,False,False,32768
Bcc3,persistence,0.010797557421028614,False,0.03339779571917259,False,1.0,1.936575283928933,0.9124266137012664,7.756839052318984,0.8325223253903602,0.004916999978068124,False,0.000461714121661713,False,2.417688878432193e-05,False,0.010797557421028614,0.017245802936932557,0.005388926522125731,5.952348869784516e-05,2.9040529060870126e-05,False,False,0.017506643467193925,0.000529011472000935,0.03671748592349273,0.005645009443554393,0.0013481737725418864,False,False,False,0.6167691391706462,32.60005472414798,0.1467673068181873,0.010544444485528806,0.021540642350663934,3,middle,5,False,False,0.017506643467193925,0.0010244705415918733,0.03350201134479639,0.04378742970247217,0.001122384764146866,False,False,False,32768
Bcc3,persistence,0.010797557421028614,False,0.013557726929751617,False,1.0,1.2233021644616646,0.7268968172751751,3.625928552669508,0.5283789829647793,0.003858169881007193,False,0.00027744657067974195,False,1.4885474830711057e-05,False,0.010797557421028614,0.011082892946337531,0.005307727024407425,7.651738489868428e-05,2.81719661656249e-05,False,False,0.08197582943041622,0.009295339399817491,0.1803516462172202,0.03447532856176914,0.03252671629326136,False,False,False,0.13171635463833808,1.1923064311729314,0.029429878438784314,0.0022194823977265007,0.0008661177449216218,4,middle,5,False,False,0.08197582943041622,0.011371008807202527,0.13109703762563574,0.12500507819478132,0.01718643327421735,False,False,False,32768
Bcc3,persistence,0.010797557421028614,False,0.011189709145907369,False,1.0,0.7538667524330971,0.6849495884174878,0.7041228807518295,0.4691559386732858,0.0025828183902915462,False,0.00017504176034496434,False,6.670950837228213e-06,False,0.010797557421028614,0.014843086141937814,0.003770815303734845,0.000248595472651113,1.4219048054880911e-05,False,False,0.2960899472884974,0.14461627903693963,0.5696891283526104,0.46953644996557714,0.3245457029631571,False,False,False,0.03646715303882957,0.10263772682290086,0.006619075415111116,0.0005294487204759889,4.381215935092839e-05,5,middle,5,False,False,0.2960899472884974,0.10902140462653627,0.39020833399103794,0.3306113577677494,0.1522625439160614,False,False,False,32768
Bcc3,persistence,0.008225936957169324,False,0.005525215172021204,False,0.7618331291435441,0.7644026887918575,0.7477016257178472,0.746781371444412,0.5590577211011115,0.001149646941381253,False,8.589468492160115e-05,False,1.3216880898272698e-06,False,0.010797557421028614,0.007228147222707753,0.001537574484043029,0.00011501985481435495,2.3641352939801873e-06,False,False,0.9510862590645439,0.7233478666807744,0.950477921449734,0.9218629833170929,0.9034082791634068,False,False,False,0.011352868699468673,0.009992629488043622,0.0016176856393442735,0.00012476892650628495,2.6169068277406907e-06,6,middle,5,False,False,0.7245690208285689,0.552929054222638,0.7106738870768864,0.6884301029653758,0.505057373772971,False,False,False,32768
Bcc3,persistence,0.0021685082325711845,False,0.0005593956006779477,False,0.6755509425501384,0.46789009889531313,0.7396587433421702,0.7588623668921097,0.5470950566025184,0.0003230164400193819,False,2.817241801786488e-05,False,1.0433962052279495e-07,False,0.003209984763525426,0.0011955705025574995,0.0004367100949281319,3.71245422714054e-05,1.9071570701213798e-07,False,False,0.9999998313602104,1.0000000693135784,0.9999999513993814,0.9999998523979777,0.9999999027987652,False,False,False,0.0032099853048566723,0.0011955704196882353,0.0004367101161525137,3.712454775106372e-05,1.90715725549942e-07,7,outer,5,False,False,0.6755508286253695,0.46789013132645024,0.7396587073942977,0.7588622548824897,0.5470950034242034,False,False,False,32768
Bcc3,persistence,0.0004546673709410243,False,4.323275789966667e-05,False,0.6938635821783482,0.3539950344356572,0.6969030865882354,0.7385965111846607,0.48567391209620947,7.047504247486989e-05,False,7.484579649705961e-06,False,4.966731611834715e-09,False,0.0006552691085380501,0.00012212814783853907,0.00010112603004800581,1.0133516116534563e-05,1.0226473953270176e-08,False,False,0.9999998814117482,0.9999996510430397,1.0000000367174566,0.9999987196658727,1.0000000734349146,False,False,False,0.0006552691862452773,0.00012212819045602117,0.00010112602633491533,1.0133529090837688e-05,1.022647320228999e-08,8,outer,5,False,False,0.693863499894279,0.35399491090662605,0.6969031121767442,0.7385955655343412,0.4856739477616317,False,False,False,32768
Bcc3,fno_plain,0.010797557421028614,False,0.018290943296238205,False,1.0,0.9641826067665737,0.8115679829208949,4.931261977255136,0.6586425909022902,0.0043814759483283665,False,0.000281722668558452,False,1.919733148577996e-05,False,0.010797557421028614,0.01897041407703634,0.005398778710514307,5.7129933444595844e-05,2.9146811565102524e-05,False,False,0.00034493228747677724,2.69666707104907e-07,0.0009124315308020617,0.00010703176097390677,8.325312984017938e-07,False,False,False,31.30341175079345,70347.63126935199,5.916913793814838,0.5337661730009612,35.009868843436294,1,inner,5,False,False,0.00034493228747677724,2.600079486145674e-07,0.0007405002170064537,0.0005278016532492865,5.48340571386605e-07,False,False,False,32768
Bcc3,fno_plain,0.010797557421028614,False,0.016347638754039853,False,1.0,0.8617439075211671,0.7387498525706905,6.454544016292796,0.5457513446732168,0.003988346976454227,False,0.00036874767006602176,False,1.590691160459157e-05,False,0.010797557421028614,0.01897041407703634,0.005398778710514307,5.7129933444595844e-05,2.9146811565102524e-05,False,False,0.0032530692986947143,2.1720330748650746e-05,0.0070514408349093526,0.0009902174684069203,4.972281784822711e-05,False,False,False,3.3191907179355526,873.3943463643974,0.7656277400480677,0.05769433005106193,0.5861858363311114,2,inner,5,False,False,0.0032530692986947143,1.8717362691994453e-05,0.005209250877200231,0.006391402235534488,2.7136294701611373e-05,False,False,False,32768
Bcc3,fno_plain,0.010797557421028614,False,0.02239579999832379,False,1.0,1.2986232117011098,0.653835866995811,6.677849505118236,0.4275013409701639,0.003523473444770798,False,0.0003974888995438162,False,1.2414865116004994e-05,False,0.010797557421028614,0.017245802936932557,0.005388926522125731,5.952348869784516e-05,2.9040529060870126e-05,False,False,0.017506643467193925,0.000529011472000935,0.03671748592349273,0.005645009443554393,0.0013481737725418864,False,False,False,0.6167691391706462,32.60005472414798,0.1467673068181873,0.010544444485528806,0.021540642350663934,3,middle,5,False,False,0.017506643467193925,0.0006869865767965859,0.024007209242693357,0.037696523519027476,0.0005763460956224613,False,False,False,32768
Bcc3,fno_plain,0.010797557421028614,False,0.01595904916385273,False,1.0,1.439971426334726,0.7619655904230729,3.926332900355749,0.580591560988782,0.004044305355957103,False,0.00030043272577688824,False,1.635640581222331e-05,False,0.010797557421028614,0.011082892946337531,0.005307727024407425,7.651738489868428e-05,2.81719661656249e-05,False,False,0.08197582943041622,0.009295339399817491,0.1803516462172202,0.03447532856176914,0.03252671629326136,False,False,False,0.13171635463833808,1.1923064311729314,0.029429878438784314,0.0022194823977265007,0.0008661177449216218,4,middle,5,False,False,0.08197582943041622,0.013385023133820569,0.13742174859367734,0.1353616167826484,0.01888473698654386,False,False,False,32768
Bcc3,fno_plain,0.010797557421028614,False,0.009965303710232958,False,1.0,0.6713768022996837,0.6799606254461282,0.9996016299814937,0.46234645215708986,0.0025640059323693773,False,0.0002484964396680724,False,6.574126421225359e-06,False,0.010797557421028614,0.014843086141937814,0.003770815303734845,0.000248595472651113,1.4219048054880911e-05,False,False,0.2960899472884974,0.14461627903693963,0.5696891283526104,0.46953644996557714,0.3245457029631571,False,False,False,0.03646715303882957,0.10263772682290086,0.006619075415111116,0.0005294487204759889,4.381215935092839e-05,5,middle,5,False,False,0.2960899472884974,0.0970920149802993,0.38736617602450063,0.469349400721315,0.15005255432784442,False,False,False,32768
Bcc3,fno_plain,0.005680323047563433,False,0.0021247855083394366,False,0.5260748173008841,0.29395991017784856,0.5896446078823749,0.5286163107827234,0.34768076360475964,0.0009066225037334968,False,6.080137131872878e-05,False,8.219643642759945e-07,False,0.010797557421028614,0.007228147222707753,0.001537574484043029,0.00011501985481435495,2.3641352939801873e-06,False,False,0.9510862590645439,0.7233478666807744,0.950477921449734,0.9218629833170929,0.9034082791634068,False,False,False,0.011352868699468673,0.009992629488043622,0.0016176856393442735,0.00012476892650628495,2.6169068277406907e-06,6,middle,5,False,False,0.5003425299747613,0.21263527391681883,0.5604441812940831,0.4873118092882369,0.3140976803463952,False,False,False,32768
Bcc3,fno_plain,0.00303157907910645,False,0.0006899688231153217,False,0.9444216413591202,0.5771042541108014,0.9478461001577427,0.9122306260078065,0.8984122295842416,0.00041393396037714745,False,3.386614443649742e-05,False,1.7134132355350986e-07,False,0.003209984763525426,0.0011955705025574995,0.0004367100949281319,3.71245422714054e-05,1.9071570701213798e-07,False,False,0.9999998313602104,1.0000000693135784,0.9999999513993814,0.9999998523979777,0.9999999027987652,False,False,False,0.0032099853048566723,0.0011955704196882353,0.0004367101161525137,3.712454775106372e-05,1.90715725549942e-07,7,outer,5,False,False,0.9444214820920533,0.5771042941119624,0.9478460540918359,0.9122304913607213,0.8984121422574635,False,False,False,32768
Bcc3,fno_plain,0.0006291687459452078,False,7.32726585198768e-05,False,0.9601684830663328,0.5999653627495257,1.2685202042659338,1.7884541920390455,1.6091435086308863,0.0001282804122930993,False,1.812332937871147e-05,False,1.645586417808754e-08,False,0.0006552691085380501,0.00012212814783853907,0.00010112603004800581,1.0133516116534563e-05,1.0226473953270176e-08,False,False,0.9999998814117482,0.9999996510430397,1.0000000367174566,0.9999987196658727,1.0000000734349146,False,False,False,0.0006552691862452773,0.00012212819045602117,0.00010112602633491533,1.0133529090837688e-05,1.022647320228999e-08,8,outer,5,False,False,0.9601683692016311,0.5999651533874365,1.2685202508427693,1.7884519022201084,1.6091436267982022,False,False,False,32768
Bcc3,fno_full,0.010797557421028614,False,0.01698668390924654,False,1.0,0.8954303179817724,0.8106905512501523,5.346911153026352,0.6572191698862758,0.00437673888890443,False,0.0003054686783065627,False,1.9155843301648383e-05,False,0.010797557421028614,0.01897041407703634,0.005398778710514307,5.7129933444595844e-05,2.9146811565102524e-05,False,False,0.00034493228747677724,2.69666707104907e-07,0.0009124315308020617,0.00010703176097390677,8.325312984017938e-07,False,False,False,31.30341175079345,70347.63126935199,5.916913793814838,0.5337661730009612,35.009868843436294,1,inner,5,False,False,0.00034493228747677724,2.414677452920444e-07,0.0007396996206839437,0.0005722893164794327,5.471555288399702e-07,False,False,False,32768
Bcc3,fno_full,0.010797557421028614,False,0.01845066193391029,False,1.0,0.9726019610844863,0.7953782254239298,5.274301389812763,0.6326265214785195,0.004294071030225361,False,0.0003013204873667425,False,1.8439046012620693e-05,False,0.010797557421028614,0.01897041407703634,0.005398778710514307,5.7129933444595844e-05,2.9146811565102524e-05,False,False,0.0032530692986947143,2.1720330748650746e-05,0.0070514408349093526,0.0009902174684069203,4.972281784822711e-05,False,False,False,3.3191907179355526,873.3943463643974,0.7656277400480677,0.05769433005106193,0.5861858363311114,2,inner,5,False,False,0.0032530692986947143,2.1125236281541382e-05,0.005608562497952035,0.005222705369835495,3.145597329343396e-05,False,False,False,32768
Bcc3,fno_full,0.010797557421028614,False,0.017366129376987026,False,1.0,1.0069771433950916,0.7039964661372031,5.7346887386544925,0.49561102433367027,0.003793785227849563,False,0.0003413486803209606,False,1.4392806355049562e-05,False,0.010797557421028614,0.017245802936932557,0.005388926522125731,5.952348869784516e-05,2.9040529060870126e-05,False,False,0.017506643467193925,0.000529011472000935,0.03671748592349273,0.005645009443554393,0.0013481737725418864,False,False,False,0.6167691391706462,32.60005472414798,0.1467673068181873,0.010544444485528806,0.021540642350663934,3,middle,5,False,False,0.017506643467193925,0.0005327024608987339,0.025848980335581383,0.03237237208554964,0.000668169784389273,False,False,False,32768
Bcc3,fno_full,0.010797557421028614,False,0.006793130213795327,False,1.0,0.6129383588461165,0.6088274905391633,3.554671583072465,0.3706709132362149,0.003231490124736873,False,0.0002719941737103712,False,1.044252842627193e-05,False,0.010797557421028614,0.011082892946337531,0.005307727024407425,7.651738489868428e-05,2.81719661656249e-05,False,False,0.08197582943041622,0.009295339399817491,0.1803516462172202,0.03447532856176914,0.03252671629326136,False,False,False,0.13171635463833808,1.1923064311729314,0.029429878438784314,0.0022194823977265007,0.0008661177449216218,4,middle,5,False,False,0.08197582943041622,0.005697470076641778,0.10980304018103715,0.12254847075560728,0.012056707632998459,False,False,False,32768
Bcc3,fno_full,0.010797557421028614,False,0.006822554860652828,False,1.0,0.4596453052560484,0.6394075978522762,0.8499721332978943,0.4088420761912182,0.0024110879553056984,False,0.00021129922421746488,False,5.813345128220214e-06,False,0.010797557421028614,0.014843086141937814,0.003770815303734845,0.000248595472651113,1.4219048054880911e-05,False,False,0.2960899472884974,0.14461627903693963,0.5696891283526104,0.46953644996557714,0.3245457029631571,False,False,False,0.03646715303882957,0.10263772682290086,0.006619075415111116,0.0005294487204759889,4.381215935092839e-05,5,middle,5,False,False,0.2960899472884974,0.066472193722928,0.3642635570824997,0.3990928980383616,0.13268793901839554,False,False,False,32768
Bcc3,fno_full,0.007712725084275007,False,0.004594509514078745,False,0.7143027615907104,0.6356413853393519,0.9167877354954166,0.7783316013757446,0.8404997519548137,0.0014096294293813422,False,8.952358778766254e-05,False,1.9870551281779683e-06,False,0.010797557421028614,0.007228147222707753,0.001537574484043029,0.00011501985481435495,2.3641352939801873e-06,False,False,0.9510862590645439,0.7233478666807744,0.950477921449734,0.9218629833170929,0.9034082791634068,False,False,False,0.011352868699468673,0.009992629488043622,0.0016176856393442735,0.00012476892650628495,2.6169068277406907e-06,6,middle,5,False,False,0.6793635413607815,0.45978984005923224,0.8713865012442921,0.7175150920542143,0.7593144345507686,False,False,False,32768
Bcc3,fno_full,0.005909775587497279,False,0.0036689274444696566,False,1.8410603236031429,3.0687671171388775,3.3707511387323095,3.1953491915702514,11.361963239265162,0.0014720410497748957,False,0.00011862587613435086,False,2.166904852222377e-06,False,0.003209984763525426,0.0011955705025574995,0.0004367100949281319,3.71245422714054e-05,1.9071570701213798e-07,False,False,0.9999998313602104,1.0000000693135784,0.9999999513993814,0.9999998523979777,0.9999999027987652,False,False,False,0.0032099853048566723,0.0011955704196882353,0.0004367101161525137,3.712454775106372e-05,1.90715725549942e-07,7,outer,5,False,False,1.8410600131271173,3.068767329846108,3.370750974911719,3.1953487199302484,11.361962134868305,False,False,False,32768
Bcc3,fno_full,0.005756099009886384,False,0.0017768227628494264,False,8.784328354389592,14.548839021111624,11.063936649603955,8.105151061982738,122.41069418644958,0.0011188519900770823,False,8.21336789135493e-05,False,1.2518297756994476e-06,False,0.0006552691085380501,0.00012212814783853907,0.00010112603004800581,1.0133516116534563e-05,1.0226473953270176e-08,False,False,0.9999998814117482,0.9999996510430397,1.0000000367174566,0.9999987196658727,1.0000000734349146,False,False,False,0.0006552691862452773,0.00012212819045602117,0.00010112602633491533,1.0133529090837688e-05,1.022647320228999e-08,8,outer,5,False,False,8.784327312671449,14.548833944192983,11.063937055843567,8.105140684681226,122.41070317566844,False,False,False,32768
Bcc3,localno_plain,0.010797557421028614,False,0.011969142871148341,False,1.0,0.6309373544796247,0.35831089829577606,7.315412151855849,0.12838669983752593,0.0019344412494644928,False,0.0004179290093553123,False,3.7420629476297475e-06,False,0.010797557421028614,0.01897041407703634,0.005398778710514307,5.7129933444595844e-05,2.9146811565102524e-05,False,False,0.00034493228747677724,2.69666707104907e-07,0.0009124315308020617,0.00010703176097390677,8.325312984017938e-07,False,False,False,31.30341175079345,70347.63126935199,5.916913793814838,0.5337661730009612,35.009868843436294,1,inner,5,False,False,0.00034493228747677724,1.7014279877200187e-07,0.00032693416143507676,0.0007829814448630482,1.0688594591325684e-07,False,False,False,32768
Bcc3,localno_plain,0.010797557421028614,False,0.013742613504070184,False,1.0,0.7244234863964092,0.42888643965126627,7.896195108547169,0.18394357811673925,0.0023154629796175354,False,0.00045110910101684305,False,5.361368809979315e-06,False,0.010797557421028614,0.01897041407703634,0.005398778710514307,5.7129933444595844e-05,2.9146811565102524e-05,False,False,0.0032530692986947143,2.1720330748650746e-05,0.0070514408349093526,0.0009902174684069203,4.972281784822711e-05,False,False,False,3.3191907179355526,873.3943463643974,0.7656277400480677,0.05769433005106193,0.5861858363311114,2,inner,5,False,False,0.0032530692986947143,1.5734717726620702e-05,0.0030242673540958245,0.007818950330432685,9.14619302904976e-06,False,False,False,32768
Bcc3,localno_plain,0.010797557421028614,False,0.021585690237699958,False,1.0,1.2516488978007143,0.5033558571396343,7.603608163527468,0.25336711891677594,0.0027125477286071057,False,0.0004525932845845704,False,7.357915179971569e-06,False,0.010797557421028614,0.017245802936932557,0.005388926522125731,5.952348869784516e-05,2.9040529060870126e-05,False,False,0.017506643467193925,0.000529011472000935,0.03671748592349273,0.005645009443554393,0.0013481737725418864,False,False,False,0.6167691391706462,32.60005472414798,0.1467673068181873,0.010544444485528806,0.021540642350663934,3,middle,5,False,False,0.017506643467193925,0.0006621366258539038,0.018481961599032138,0.04292243988819983,0.00034158290454809864,False,False,False,32768
Bcc3,localno_plain,0.010797557421028614,False,0.019743396672148524,False,1.0,1.7814298818678886,0.6156522800776197,4.6191480147696655,0.37902772996477185,0.0032677142446060313,False,0.00035344512655012387,False,1.0677956384401164e-05,False,0.010797557421028614,0.011082892946337531,0.005307727024407425,7.651738489868428e-05,2.81719661656249e-05,False,False,0.08197582943041622,0.009295339399817491,0.1803516462172202,0.03447532856176914,0.03252671629326136,False,False,False,0.13171635463833808,1.1923064311729314,0.029429878438784314,0.0022194823977265007,0.0008661177449216218,4,middle,5,False,False,0.08197582943041622,0.016558995368938803,0.11103390220938383,0.15924664548462786,0.012328527439843012,False,False,False,32768
Bcc3,localno_plain,0.010797557421028614,False,0.02021059276182693,False,1.0,1.3616166185766252,0.5193990445704553,1.2129128348366645,0.26977536750070175,0.0019585578660115295,False,0.000301524639460822,False,3.8359489145156366e-06,False,0.010797557421028614,0.014843086141937814,0.003770815303734845,0.000248595472651113,1.4219048054880911e-05,False,False,0.2960899472884974,0.14461627903693963,0.5696891283526104,0.46953644996557714,0.3245457029631571,False,False,False,0.03646715303882957,0.10263772682290086,0.006619075415111116,0.0005294487204759889,4.381215935092839e-05,5,middle,5,False,False,0.2960899472884974,0.1969119288534114,0.2958959889685213,0.5695067865868918,0.08755443628765931,False,False,False,32768
Bcc3,localno_plain,0.0027823106863070273,False,0.0010377738500958005,False,0.25767963788628545,0.14357397796707266,0.3173750246582407,0.634658587283578,0.10072690627681886,0.00048798773978703805,False,7.299833856604077e-05,False,2.3813203418246196e-07,False,0.010797557421028614,0.007228147222707753,0.001537574484043029,0.00011501985481435495,2.3641352939801873e-06,False,False,0.9510862590645439,0.7233478666807744,0.950477921449734,0.9218629833170929,0.9034082791634068,False,False,False,0.011352868699468673,0.009992629488043622,0.0016176856393442735,0.00012476892650628495,2.6169068277406907e-06,6,middle,5,False,False,0.24507556283437354,0.10385393067335452,0.30165795375722265,0.5850682586610508,0.0909975210649947,False,False,False,32768
Bcc3,localno_plain,0.0021962105674901977,False,0.0012941959637842086,False,0.6841809943914401,1.0824923841929313,0.8038975501851262,1.5453895782862488,0.6462512711936476,0.00035107017545383916,False,5.737188072487721e-05,False,1.2325026809318941e-07,False,0.003209984763525426,0.0011955705025574995,0.0004367100949281319,3.71245422714054e-05,1.9071570701213798e-07,False,False,0.9999998313602104,1.0000000693135784,0.9999999513993814,0.9999998523979777,0.9999999027987652,False,False,False,0.0032099853048566723,0.0011955704196882353,0.0004367101161525137,3.712454775106372e-05,1.90715725549942e-07,7,outer,5,False,False,0.6841808790113012,1.082492459224352,0.803897511115208,1.5453893501836218,0.646251208377226,False,False,False,32768
Bcc3,localno_plain,0.001191854805801995,False,0.0002715718543380611,False,1.8188783665708035,2.223663087866491,2.1928215295108453,5.337778247769256,4.808466260286283,0.00022175133588322782,False,5.4090461900257374e-05,False,4.917365496599612e-08,False,0.0006552691085380501,0.00012212814783853907,0.00010112603004800581,1.0133516116534563e-05,1.0226473953270176e-08,False,False,0.9999998814117482,0.9999996510430397,1.0000000367174566,0.9999987196658727,1.0000000734349146,False,False,False,0.0006552691862452773,0.00012212819045602117,0.00010112602633491533,1.0133529090837688e-05,1.022647320228999e-08,8,outer,5,False,False,1.8188781508731977,2.2236623119037793,2.1928216100256748,5.337771413629601,4.808466613395591,False,False,False,32768
rho,persistence,0.03964628899469971,False,0.11936033756979948,False,0.0005430675282501121,7.943817146240328e-07,0.000575511767021955,0.000787300616407821,3.3121379398073287e-07,0.007018044613484077,False,0.0007803732639467372,False,4.925295019685286e-05,False,73.00434463914485,150255.6458343086,12.194441565981654,0.9912011342088224,148.7044051061411,False,False,0.9999993781047768,0.999999741500176,1.0000000122156103,1.0000000961490212,1.0000000244312208,False,False,False,73.00439004022628,150255.68467537666,12.19444141701911,0.9912010389058127,148.70440147311103,1,inner,5,False,False,0.0005430671905190104,7.943815092764993e-07,0.0005755117740521824,0.0007873006921060047,3.3121380207269024e-07,False,False,False,32768
rho,persistence,0.010582140255719423,False,0.012217228964758214,False,0.000616425480243805,1.4005624726066291e-06,0.0006345249927615498,0.0009704935580441171,4.026219664390449e-07,0.002074123156824136,False,0.00021251334956778683,False,4.30198686967412e-06,False,17.16694165778812,8723.087476433922,3.2687808683425295,0.21897450818331585,10.68492836524214,False,False,1.000000786585416,0.9999997732082955,0.9999999744714436,0.9999999361612386,0.9999999489428877,False,False,False,17.166928154532798,8723.089454758248,3.2687809517897883,0.21897452216237812,10.684928910783755,2,inner,5,False,False,0.0006164259651150977,1.4005621549706787e-06,0.0006345249765630427,0.0009704934960890104,4.026219458823299e-07,False,False,False,32768
rho,persistence,4.884547402354656,False,517.5777975524331,False,0.801898305301547,0.7169454624887965,0.7041579938744154,1.1920385404148062,0.4958384803372411,0.8609199519931096,False,0.08882389486000337,False,0.7411831637398181,False,6.091230484042317,721.9207382326116,1.2226232741549368,0.07451428108112544,1.4948076705053377,False,False,1.0000006505318035,1.0000003660218277,1.000000000304857,0.9999999696029462,1.0000000006097138,False,False,False,6.0912265215057415,721.9204739939603,1.2226232737822116,0.07451428334614012,1.4948076695939327,3,middle,5,False,False,0.8018988269618978,0.716945724906485,0.7041579940890828,1.1920385041803465,0.4958384806395607,False,False,False,32768
rho,persistence,1.523294763333979,False,79.35274702829497,False,0.7272579917108835,0.7036491810311324,0.7689431721628803,1.1915182833768654,0.591273602015913,0.3394991168318375,False,0.03082364012610837,False,0.11525965032959763,False,2.0945727385551436,112.77316760606601,0.4415139234241403,0.02586921288253464,0.19493454457737763,False,False,1.0000000000208422,0.9999999431060167,1.000000009873893,1.0000000670245244,1.000000019747786,False,False,False,2.094572738511488,112.7731740221811,0.44151391906467913,0.025869211148663068,0.19493454072785202,4,middle,5,False,False,0.7272579917260412,0.7036491409977276,0.7689431797553429,1.1915183632378117,0.5912736136922576,False,False,False,32768
rho,persistence,0.7137580384296598,False,16.12262630698001,False,0.8936811173628374,1.033537497881035,0.8750149410512706,1.092139490418714,0.7656511470629587,0.1603381287208346,False,0.011026252841029533,False,0.025708315521698933,False,0.7986719474793063,15.599459468122557,0.1832404467610568,0.010096011487325847,0.03357706132919169,False,False,0.9999999253703094,0.9999991285311675,0.9999999949483886,0.9999996593152678,0.9999999898967774,False,False,False,0.798672007083951,15.599473062577136,0.18324044768671632,0.010096014926883988,0.03357706166842822,5,middle,5,False,False,0.8936810506676921,1.0335365971853183,0.8750149366310352,1.092139118343464,0.7656511393274148,False,False,False,32768
rho,persistence,0.46420604947161337,False,1.3631643637149653,False,0.8399858028554352,1.1842501607845473,0.9108553532817087,0.89610099835506,0.8296574746019464,0.12197108995038013,False,0.006541461405659457,False,0.014876946783683719,False,0.5526355896654422,1.1510780482494427,0.13390829785534233,0.007299915319442094,0.01793143223451508,False,False,0.9999997843158961,1.000001294741881,1.0000000984279112,1.000000008707251,1.0000001968558323,False,False,False,0.5526357088601799,1.151076557902415,0.13390828467502958,0.0072999152558799,0.01793142870460876,6,middle,5,False,False,0.83998562168385,1.184251694082828,0.9108554429352986,0.8961010061576362,0.829657637924859,False,False,False,32768
rho,persistence,0.9303857517127199,False,35.416145655923266,False,1.0375141646582584,0.989553768012294,1.0253403025263101,1.023717455892753,1.051322735984745,0.2544743875120437,False,0.01677905447310531,False,0.06475721389962978,False,0.8967451080720185,35.790016470821286,0.24818529700339553,0.016390317832836798,0.06159594164866365,False,False,0.9999992688578376,0.9999980818745101,1.0000000171860837,0.9999998639360785,1.0000000343721676,False,False,False,0.8967457637206553,35.79008512069584,0.24818529273806234,0.01639032006296802,0.0615959395314777,7,outer,5,False,False,1.0375134060879085,0.9895518699239879,1.0253403201478943,1.0237173166017417,1.0513227721209863,False,False,False,32768
rho,persistence,0.8520616897912987,False,43.97383362143997,False,0.9927326074962832,0.959966109542156,0.9927620326835644,0.9798289433129459,0.9855764535380027,0.2135194947133973,False,0.01370873142578436,False,0.0455905746226645,False,0.858299287599948,45.80769381787108,0.2150762092867577,0.01399094354105638,0.0462577758011612,False,False,1.000000555559547,0.9999994937818335,1.0000000705089414,0.9999998952668608,1.0000001410178876,False,False,False,0.8582988107638494,45.8077170065696,0.21507619412196294,0.013990945006371972,0.04625776927798829,8,outer,5,False,False,0.9927331590183611,0.9599656235898721,0.9927621026821644,0.9798288406923847,0.9855765925219123,False,False,False,32768
rho,fno_plain,0.004789845487684943,False,0.003490554722628703,False,6.561041690547049e-05,2.323077248277141e-08,7.851356371322535e-05,0.0001955012208147731,6.1643796869506965e-09,0.0009574290648379041,False,0.00019378103181081252,False,9.166704141963837e-07,False,73.00434463914485,150255.6458343086,12.194441565981654,0.9912011342088224,148.7044051061411,False,False,0.9999993781047768,0.999999741500176,1.0000000122156103,1.0000000961490212,1.0000000244312208,False,False,False,73.00439004022628,150255.68467537666,12.19444141701911,0.9912010389058127,148.70440147311103,1,inner,5,False,False,6.561037610266563e-05,2.323076647762081e-08,7.851356467231645e-05,0.00019550123961202412,6.164379837554018e-09,False,False,False,32768
rho,fno_plain,0.0030198944080621,False,0.0005751324235409832,False,0.00017591336117182328,6.593220864685202e-08,0.00023896807586880442,0.0005783491075969034,5.710574128443867e-08,0.000781134274544574,False,0.00012664371139429155,False,6.101707548682778e-07,False,17.16694165778812,8723.087476433922,3.2687808683425295,0.21897450818331585,10.68492836524214,False,False,1.000000786585416,0.9999997732082955,0.9999999744714436,0.9999999361612386,0.9999999489428877,False,False,False,17.166928154532798,8723.089454758248,3.2687809517897883,0.21897452216237812,10.684928910783755,2,inner,5,False,False,0.00017591349954270764,6.593219369397404e-08,0.00023896806976829443,0.0005783490706758128,5.710573836878442e-08,False,False,False,32768
rho,fno_plain,0.005956850509392098,False,0.007013956675259339,False,0.0009779387801853393,9.715688030282568e-06,0.0011056464974659877,0.0034047997231109583,1.2224541773588068e-06,0.001351789140789804,False,0.000253706203592828,False,1.8273338811572369e-06,False,6.091230484042317,721.9207382326116,1.2226232741549368,0.07451428108112544,1.4948076705053377,False,False,1.0000006505318035,1.0000003660218277,1.000000000304857,0.9999999696029462,1.0000000006097138,False,False,False,6.0912265215057415,721.9204739939603,1.2226232737822116,0.07451428334614012,1.4948076695939327,3,middle,5,False,False,0.000977939416365618,9.715691586436457e-06,0.0011056464978030519,0.003404799619615078,1.222454178104154e-06,False,False,False,32768
rho,fno_plain,0.01859001647797413,False,0.02698793360923552,False,0.008875326282914243,0.00023931165703803333,0.01019715418245995,0.015233351129439566,0.00010398195342086044,0.004502185550858774,False,0.00039407480328187164,False,2.0269674734361525e-05,False,2.0945727385551436,112.77316760606601,0.4415139234241403,0.02586921288253464,0.19493454457737763,False,False,1.0000000000208422,0.9999999431060167,1.000000009873893,1.0000000670245244,1.000000019747786,False,False,False,2.094572738511488,112.7731740221811,0.44151391906467913,0.025869211148663068,0.19493454072785202,4,middle,5,False,False,0.008875326283099226,0.0002393116434226399,0.010197154283145559,0.01523335215044768,0.00010398195547427382,False,False,False,32768
rho,fno_plain,0.011476073538724447,False,0.017891031001973517,False,0.014368945315963779,0.0011469007011771003,0.016454822794739157,0.03542111464240533,0.0002707611932062674,0.0030151890802820247,False,0.0003576119803236099,False,9.09136518985196e-06,False,0.7986719474793063,15.599459468122557,0.1832404467610568,0.010096011487325847,0.03357706132919169,False,False,0.9999999253703094,0.9999991285311675,0.9999999949483886,0.9999996593152678,0.9999999898967774,False,False,False,0.798672007083951,15.599473062577136,0.18324044768671632,0.010096014926883988,0.03357706166842822,5,middle,5,False,False,0.014368944243613836,0.0011468997016888852,0.016454822711615788,0.03542110257497237,0.00027076119047070676,False,False,False,32768
rho,fno_plain,0.07945217073211097,False,0.5495520200640527,False,0.14376955125204693,0.47742376887458704,0.11593435886413571,0.19374190276983957,0.0134407755652382,0.015524572658446832,False,0.0014142994840474126,False,0.00024101235622739494,False,0.5526355896654422,1.1510780482494427,0.13390829785534233,0.007299915319442094,0.01793143223451508,False,False,0.9999997843158961,1.000001294741881,1.0000000984279112,1.000000008707251,1.0000001968558323,False,False,False,0.5526357088601799,1.151076557902415,0.13390828467502958,0.0072999152558799,0.01793142870460876,6,middle,5,False,False,0.1437695202432401,0.4774243870151356,0.11593437027531249,0.19374190445679892,0.013440778211133262,False,False,False,32768
rho,fno_plain,0.6445178045872945,False,25.312942302147334,False,0.7187302152927191,0.7072626614403587,0.5643618453697299,0.6869133934649378,0.3185042925091269,0.1400663122104708,False,0.011258728842522811,False,0.01961857181624108,False,0.8967451080720185,35.790016470821286,0.24818529700339553,0.016390317832836798,0.06159594164866365,False,False,0.9999992688578376,0.9999980818745101,1.0000000171860837,0.9999998639360785,1.0000000343721676,False,False,False,0.8967457637206553,35.79008512069584,0.24818529273806234,0.01639032006296802,0.0615959395314777,7,outer,5,False,False,0.7187296897987553,0.7072613048218197,0.5643618550688998,0.6869133000008079,0.3185043034568098,False,False,False,32768
rho,fno_plain,0.9579623365247426,False,46.006745001220295,False,1.1161168957782561,1.004345365740101,1.2244626528256057,1.993880884614232,1.4993087881647198,0.2633527857829385,False,0.027896274884229272,False,0.0693546897796343,False,0.858299287599948,45.80769381787108,0.2150762092867577,0.01399094354105638,0.0462577758011612,False,False,1.000000555559547,0.9999994937818335,1.0000000705089414,0.9999998952668608,1.0000001410178876,False,False,False,0.8582988107638494,45.8077170065696,0.21507619412196294,0.013990945006371972,0.04625776927798829,8,outer,5,False,False,1.1161175158476533,1.0043448573222313,1.224462739161171,1.9938806757888277,1.499308999594078,False,False,False,32768
rho,fno_full,0.052151099749899,False,0.04307693722505492,False,0.0007143561113749885,2.866909724813745e-07,0.0007989847590673989,0.0012622480136767176,6.383766452219894e-07,0.009743172956557326,False,0.0012511416628091957,False,9.492941926139004e-05,False,73.00434463914485,150255.6458343086,12.194441565981654,0.9912011342088224,148.7044051061411,False,False,0.9999993781047768,0.999999741500176,1.0000000122156103,1.0000000961490212,1.0000000244312208,False,False,False,73.00439004022628,150255.68467537666,12.19444141701911,0.9912010389058127,148.70440147311103,1,inner,5,False,False,0.0007143556671203353,2.8669089837180856e-07,0.0007989847688274853,0.0012622481350406287,6.383766608183102e-07,False,False,False,32768
rho,fno_full,0.017586278408998623,False,0.006803876277249867,False,0.001024426992272107,7.799848729742824e-07,0.001176222398788814,0.0019159046822348827,1.3834991314125123e-06,0.0038448132740768327,False,0.00041953428551849546,False,1.4782589112517415e-05,False,17.16694165778812,8723.087476433922,3.2687808683425295,0.21897450818331585,10.68492836524214,False,False,1.000000786585416,0.9999997732082955,0.9999999744714436,0.9999999361612386,0.9999999489428877,False,False,False,17.166928154532798,8723.089454758248,3.2687809517897883,0.21897452216237812,10.684928910783755,2,inner,5,False,False,0.0010244277980714389,7.799846960801835e-07,0.0011762223687615543,0.0019159045599259007,1.3834990607750417e-06,False,False,False,32768
rho,fno_full,0.00886390923289582,False,0.00796344841515476,False,0.0014551918953185751,1.1030917929647894e-05,0.0015054307999198989,0.004687522864951196,2.2663218933474664e-06,0.0018405747336117523,False,0.00034928739633317585,False,3.3877153500099727e-06,False,6.091230484042317,721.9207382326116,1.2226232741549368,0.07451428108112544,1.4948076705053377,False,False,1.0000006505318035,1.0000003660218277,1.000000000304857,0.9999999696029462,1.0000000006097138,False,False,False,6.0912265215057415,721.9204739939603,1.2226232737822116,0.07451428334614012,1.4948076695939327,3,middle,5,False,False,0.0014551928419671834,1.1030921967204636e-05,0.00150543080037884,0.004687522722464312,2.2663218947292744e-06,False,False,False,32768
rho,fno_full,0.01516320777722285,False,0.0054346556715538065,False,0.007239284412573123,4.819103503891895e-05,0.007892189120088005,0.01267768593791254,6.228664910723546e-05,0.0034845113828153684,False,0.00032796175638577534,False,1.214181957696987e-05,False,2.0945727385551436,112.77316760606601,0.4415139234241403,0.02586921288253464,0.19493454457737763,False,False,1.0000000000208422,0.9999999431060167,1.000000009873893,1.0000000670245244,1.000000019747786,False,False,False,2.094572738511488,112.7731740221811,0.44151391906467913,0.025869211148663068,0.19493454072785202,4,middle,5,False,False,0.007239284412724006,4.8191032297139e-05,0.007892189198014635,0.012677686787628411,6.228665033725889e-05,False,False,False,32768
rho,fno_full,0.008147183330147528,False,0.0063521186971068925,False,0.010200913348541797,0.00040720120527813324,0.010040741925054036,0.024537414777609425,0.00010081649840553785,0.0018398700361593752,False,0.00024773002146402374,False,3.3851217499571007e-06,False,0.7986719474793063,15.599459468122557,0.1832404467610568,0.010096011487325847,0.03357706132919169,False,False,0.9999999253703094,0.9999991285311675,0.9999999949483886,0.9999996593152678,0.9999999898967774,False,False,False,0.798672007083951,15.599473062577136,0.18324044768671632,0.010096014926883988,0.03357706166842822,5,middle,5,False,False,0.01020091258725079,0.00040720085041497426,0.01004074187433211,0.024537406418086844,0.00010081649738696632,False,False,False,32768
rho,fno_full,0.048967525635744094,False,1.095772726143228,False,0.08860726046505318,0.9519534559882165,0.09764743875283612,0.1848978725092983,0.00953502229498888,0.013075802313326076,False,0.0013497388120628777,False,0.00017097660613718356,False,0.5526355896654422,1.1510780482494427,0.13390829785534233,0.007299915319442094,0.01793143223451508,False,False,0.9999997843158961,1.000001294741881,1.0000000984279112,1.000000008707251,1.0000001968558323,False,False,False,0.5526357088601799,1.151076557902415,0.13390828467502958,0.0072999152558799,0.01793142870460876,6,middle,5,False,False,0.08860724135387561,0.9519546885222248,0.09764744836406955,0.18489787411925046,0.009535024172013629,False,False,False,32768
rho,fno_full,0.379890758118563,False,10.819235242767842,False,0.4236329305830499,0.3022975765207735,0.3561140050487802,0.5172209206425109,0.12681718459188265,0.08838226011010021,False,0.008477415279123213,False,0.007811423902169412,False,0.8967451080720185,35.790016470821286,0.24818529700339553,0.016390317832836798,0.06159594164866365,False,False,0.9999992688578376,0.9999980818745101,1.0000000171860837,0.9999998639360785,1.0000000343721676,False,False,False,0.8967457637206553,35.79008512069584,0.24818529273806234,0.01639032006296802,0.0615959395314777,7,outer,5,False,False,0.423632620847153,0.30229699667608645,0.3561140111689853,0.5172208502674042,0.1268171889508642,False,False,False,32768
rho,fno_full,1.2092352691397537,False,47.36501290057917,False,1.4088736721675765,1.0339968890138826,1.6028120980288079,1.764155560227704,2.5690066215875076,0.34472675024299104,False,0.024682200840786494,False,0.1188365323330935,False,0.858299287599948,45.80769381787108,0.2150762092867577,0.01399094354105638,0.0462577758011612,False,False,1.000000555559547,0.9999994937818335,1.0000000705089414,0.9999998952668608,1.0000001410178876,False,False,False,0.8582988107638494,45.8077170065696,0.21507619412196294,0.013990945006371972,0.04625776927798829,8,outer,5,False,False,1.4088744548807959,1.0339963655858735,1.602812211041392,1.764155375462154,2.569006983863395,False,False,False,32768
rho,localno_plain,0.022873886951128932,False,0.2562173493621855,False,0.0003133222695744053,1.7052094644398522e-06,0.00032829385665959977,0.0013036057290036465,1.0777685632043384e-07,0.0040033602515062465,False,0.0012921354771495332,False,1.602689330334016e-05,False,73.00434463914485,150255.6458343086,12.194441565981654,0.9912011342088224,148.7044051061411,False,False,0.9999993781047768,0.999999741500176,1.0000000122156103,1.0000000961490212,1.0000000244312208,False,False,False,73.00439004022628,150255.68467537666,12.19444141701911,0.9912010389058127,148.70440147311103,1,inner,5,False,False,0.00031332207472078256,1.7052090236435056e-06,0.0003282938606699096,0.0013036058543440614,1.0777685895355402e-07,False,False,False,32768
rho,localno_plain,0.03310073781263776,False,0.13533401199722606,False,0.0019281674320609672,1.5514462323442368e-05,0.0018701111778078711,0.005346214620736451,3.4973158173619427e-06,0.0061129836396918835,False,0.0011706847172182169,False,3.736856897914062e-05,False,17.16694165778812,8723.087476433922,3.2687808683425295,0.21897450818331585,10.68492836524214,False,False,1.000000786585416,0.9999997732082955,0.9999999744714436,0.9999999361612386,0.9999999489428877,False,False,False,17.166928154532798,8723.089454758248,3.2687809517897883,0.21897452216237812,10.684928910783755,2,inner,5,False,False,0.0019281689487293486,1.5514458804891012e-05,0.0018701111300666324,0.005346214279440732,3.4973156387990965e-06,False,False,False,32768
rho,localno_plain,0.0179024607152678,False,59.01419961711877,False,0.002939054885900034,0.08174609273809735,0.04464474690826713,0.049097436502297094,0.0019931534265032274,0.05458370663880405,False,0.003658460183894874,False,0.002979381030431021,False,6.091230484042317,721.9207382326116,1.2226232741549368,0.07451428108112544,1.4948076705053377,False,False,1.0000006505318035,1.0000003660218277,1.000000000304857,0.9999999696029462,1.0000000006097138,False,False,False,6.0912265215057415,721.9204739939603,1.2226232737822116,0.07451428334614012,1.4948076695939327,3,middle,5,False,False,0.0029390567978487096,0.08174612265895162,0.044644746921877386,0.049097435009879675,0.0019931534277184805,False,False,False,32768
rho,localno_plain,0.8984075308924365,False,219.79923532291016,False,0.4289216193619357,1.9490384103663971,0.31210968895601754,0.7741916224747113,0.097412457940222,0.13780077330965937,False,0.020027727893673197,False,0.01898905312474013,False,2.0945727385551436,112.77316760606601,0.4415139234241403,0.02586921288253464,0.19493454457737763,False,False,1.0000000000208422,0.9999999431060167,1.000000009873893,1.0000000670245244,1.000000019747786,False,False,False,2.094572738511488,112.7731740221811,0.44151391906467913,0.025869211148663068,0.19493454072785202,4,middle,5,False,False,0.4289216193708754,1.9490382994778381,0.3121096920377552,0.7741916743645366,0.09741245986390239,False,False,False,32768
rho,localno_plain,0.1403122958107996,False,31.757423984471604,False,0.17568201343948558,2.0358028462055233,0.28904242822618426,0.6870542534021618,0.08354552531488889,0.0529642636810667,False,0.006936507634764309,False,0.0028052132272775613,False,0.7986719474793063,15.599459468122557,0.1832404467610568,0.010096011487325847,0.03357706132919169,False,False,0.9999999253703094,0.9999991285311675,0.9999999949483886,0.9999996593152678,0.9999999898967774,False,False,False,0.798672007083951,15.599473062577136,0.18324044768671632,0.010096014926883988,0.03357706166842822,5,middle,5,False,False,0.17568200032839126,2.0358010720667936,0.28904242676605424,0.6870540193332675,0.08354552447080985,False,False,False,32768
rho,localno_plain,0.020680015210164097,False,0.07633667248408926,False,0.037420708323695706,0.0663175469293172,0.033566879887427625,0.1017184131494502,0.0011267354253769932,0.004494883750040158,False,0.0007425358024190117,False,2.020397992637508e-05,False,0.5526355896654422,1.1510780482494427,0.13390829785534233,0.007299915319442094,0.01793143223451508,False,False,0.9999997843158961,1.000001294741881,1.0000000984279112,1.000000008707251,1.0000001968558323,False,False,False,0.5526357088601799,1.151076557902415,0.13390828467502958,0.0072999152558799,0.01793142870460876,6,middle,5,False,False,0.03742070025264376,0.06631763279342265,0.0335668831913455,0.10171841403513794,0.0011267356471814332,False,False,False,32768
rho,localno_plain,0.04949453263510803,False,0.07723804193318508,False,0.05519353514124002,0.0021580890301113815,0.04883423194766167,0.09902311160282566,0.00238478220991802,0.012119938359863119,False,0.0016230202719667818,False,0.0001468929058468815,False,0.8967451080720185,35.790016470821286,0.24818529700339553,0.016390317832836798,0.06159594164866365,False,False,0.9999992688578376,0.9999980818745101,1.0000000171860837,0.9999998639360785,1.0000000343721676,False,False,False,0.8967457637206553,35.79008512069584,0.24818529273806234,0.01639032006296802,0.0615959395314777,7,outer,5,False,False,0.055193494786919386,0.0021580848906258034,0.048834232786930866,0.09902309812935277,0.0023847822918881536,False,False,False,32768
rho,localno_plain,0.022282701732183344,False,0.1915297375822344,False,0.025961458962050633,0.004181169616260236,0.02525358560479989,0.0652297708285585,0.0006377435858989561,0.005431445462778992,False,0.0009126260408584085,False,2.95005998151425e-05,False,0.858299287599948,45.80769381787108,0.2150762092867577,0.01399094354105638,0.0462577758011612,False,False,1.000000555559547,0.9999994937818335,1.0000000705089414,0.9999998952668608,1.0000001410178876,False,False,False,0.8582988107638494,45.8077170065696,0.21507619412196294,0.013990945006371972,0.04625776927798829,8,outer,5,False,False,0.025961473385187016,0.004181167499676219,0.025253587385403474,0.06522976399683983,0.0006377436758322094,False,False,False,32768
press,persistence,0.07995639977045357,False,1.250276585253331,False,0.01147616922178776,0.0002706065470128509,0.01285012924865709,0.01347616934484014,0.00016512582170719243,0.015592571700674306,False,0.0014062603740096762,False,0.00024312829224066923,False,6.967168070217594,4620.274709000135,1.2134174994624134,0.10435164014528475,1.4723820280016158,False,False,1.0000008418869168,0.9999999474308165,0.999999932996322,0.9999999217162868,0.9999998659926485,False,False,False,6.967162204654887,4620.2749518842165,1.2134175807658543,0.10435164831431926,1.4723822253116583,1,inner,5,False,False,0.011476178883424483,0.0002706065327872857,0.012850128387651167,0.013476168289875566,0.0001651257995791184,False,False,False,32768
press,persistence,0.006140749494079496,False,0.0044160532118151,False,0.009552668103114911,0.00011296232771552925,0.008622761352909462,0.011645056025773511,7.435201334922901e-05,0.0010668329183375453,False,0.0001136246098986651,False,1.1381324756486035e-06,False,0.6428308225297952,39.09314991220752,0.12372288582213611,0.009757326168906748,0.015307352476157329,False,False,1.0000005914919476,1.0000001734612927,1.0000000285781097,1.0000000437723493,1.0000000571562202,False,False,False,0.6428304423007648,39.09314313106038,0.12372288228637,0.009757325741805677,0.01530735160124697,2,inner,5,False,False,0.009552673753441173,0.00011296234731012064,0.008622761599331683,0.011645056535504973,7.435201759890906e-05,False,False,False,32768
press,persistence,0.08231219320441596,False,0.04518203480292189,False,0.7529934489745127,0.06634867217648173,0.8578739763932167,1.2352440387508232,0.7359477593727095,0.01693661666243151,False,0.0018054858797940264,False,0.00028684898397015273,False,0.10931329258775804,0.680978734325558,0.019742546257946414,0.0014616430625480912,0.0003897681327471539,False,False,0.9999999089131676,0.9999999418918044,1.0000000079984863,0.9999999993136044,1.0000000159969722,False,False,False,0.10931330254476052,0.6809787738960058,0.01974254610003593,0.0014616430635513566,0.000389768126512044,3,middle,5,False,False,0.7529933803867246,0.0663486683210801,0.8578739832549099,1.2352440379029572,0.7359477711456455,False,False,False,32768
press,persistence,0.016745594952735702,False,0.016163072748962327,False,0.8715872574587124,1.5137721333801217,0.9851425745871902,1.0490432019407305,0.9705058922642777,0.0031049022669529117,False,0.0002539379127708901,False,9.64041808732933e-06,False,0.0192127578844611,0.010677348586719976,0.003151728843161586,0.0002420662107157311,9.933394700816669e-06,False,False,1.0000001948652721,0.9999999881911799,1.0000000082627574,1.0000000016871997,1.0000000165255145,False,False,False,0.019212754140562536,0.010677348712806867,0.003151728817119616,0.00024206621030731704,9.933394536662212e-06,4,middle,5,False,False,0.8715874273008004,1.513772115504259,0.9851425827271842,1.0490432037106758,0.9705059083023871,False,False,False,32768
press,persistence,0.0027017960189823498,False,0.00027724748302408817,False,0.9272690900396521,1.0679158729658762,0.9493588045479471,0.9741749841887889,0.9012821397727071,0.0005273220187944951,False,4.097496549493142e-05,False,2.780685115055019e-07,False,0.002913713018156159,0.0002596154716327053,0.0005554507065909483,4.206119656116188e-05,3.0852548745238374e-07,False,False,1.0000000002622,1.0000001186683234,0.9999999836512531,0.9999999358521393,0.9999999673025066,False,False,False,0.0029137130173921832,0.0002596154408245762,0.0005554507156718715,4.206119925929783e-05,3.0852549754039415e-07,5,middle,5,False,False,0.927269090282782,1.0679159996936625,0.9493587890271202,0.9741749216975477,0.9012821103030403,False,False,False,32768
press,persistence,0.0008115390014302192,False,6.028574271580375e-06,False,0.8718896736442401,0.7529281552798202,0.9174803070229586,0.9078058620462952,0.8417701137749423,0.00016767786974503505,False,1.0886393157385617e-05,False,2.811586800223294e-08,False,0.0009307817559511023,8.006838672861025e-06,0.00018275909407703414,1.1991983762746892e-05,3.340088646785822e-08,False,False,1.000000125480597,0.9999997521028722,1.0000000447009343,1.0000000142966718,1.0000000894018706,False,False,False,0.0009307816391560664,8.006840657733827e-06,0.00018275908590753226,1.1991983591301439e-05,3.340088348175675e-08,6,middle,5,False,False,0.871889783049477,0.752927968631093,0.9174803480351854,0.9078058750248976,0.8417701890307651,False,False,False,32768
press,persistence,0.001214635743062047,False,6.551345749576887e-05,False,1.0520548004762265,0.9934578138815718,1.0341908505768382,1.0288001394130981,1.0695507154168447,0.0003069992257553626,False,2.1497628804436015e-05,False,9.424852461439211e-08,False,0.001154536572155962,6.594488118201927e-05,0.00029684968261334775,2.089582609961524e-05,8.811973406764528e-08,False,False,0.999999697583727,1.000000051634135,0.9999999332245237,0.9999999510220966,0.9999998664490516,False,False,False,0.0011545369213067148,6.594487777701255e-05,0.000296849702435628,2.0895827123049043e-05,8.811974583612091e-08,7,outer,5,False,False,1.0520544823177347,0.9934578651779067,1.0341907815182516,1.0288000890246243,1.0695505725773322,False,False,False,32768
press,persistence,0.001077986361707417,False,8.683164571239345e-05,False,0.9902799903734884,0.9673120612574251,0.9894951598013698,0.9746127042867734,0.9791006712703382,0.00024236625215370134,False,1.6902912385475153e-05,False,5.874140018303154e-08,False,0.0010885672458158524,8.976590822150976e-05,0.00024493930036237235,1.7343209575587045e-05,5.999526086200847e-08,False,False,1.000000106908906,0.9999999167294965,1.0000000296718292,1.0000000486453247,1.0000000593436593,False,False,False,0.0010885671294383315,8.976591569636276e-05,0.00024493929309457547,1.7343208731921026e-05,5.999525730167036e-08,8,outer,5,False,False,0.9902800962432388,0.9673119807088627,0.9894951891615011,0.9746127516971248,0.9791007293737549,False,False,False,32768
press,fno_plain,0.007524510379589629,False,0.006131993523294054,False,0.001079995531004124,1.3271924094359893e-06,0.0012309164934488396,0.0023321283994200428,1.5151554138443877e-06,0.0014936156135277332,False,0.0002433614235088792,False,2.230887600973827e-06,False,6.967168070217594,4620.274709000135,1.2134174994624134,0.10435164014528475,1.4723820280016158,False,False,1.0000008418869168,0.9999999474308165,0.999999932996322,0.9999999217162868,0.9999998659926485,False,False,False,6.967162204654887,4620.2749518842165,1.2134175807658543,0.10435164831431926,1.4723822253116583,1,inner,5,False,False,0.0010799964402382317,1.3271923396665682e-06,0.0012309164109729073,0.0023321282168523717,1.5151552108024234e-06,False,False,False,32768
press,fno_plain,0.0027663579321597354,False,0.0010291862997044866,False,0.004303399642962072,2.6326512496837843e-05,0.0055178600349860265,0.009443114857856186,3.0446779365696e-05,0.0006826855670911042,False,9.21395517185523e-05,False,4.6605958351450253e-07,False,0.6428308225297952,39.09314991220752,0.12372288582213611,0.009757326168906748,0.015307352476157329,False,False,1.0000005914919476,1.0000001734612927,1.0000000285781097,1.0000000437723493,1.0000000571562202,False,False,False,0.6428304423007648,39.09314313106038,0.12372288228637,0.009757325741805677,0.01530735160124697,2,inner,5,False,False,0.004303402188388308,2.6326517063468734e-05,0.005517860192676036,0.00944311527120351,3.0446781105918827e-05,False,False,False,32768
press,fno_plain,0.004305858505395006,False,0.0036253335580559254,False,0.03939007236414739,0.005323710382302113,0.05375441477144261,0.13511975155439127,0.002889537107420288,0.0010612490201940437,False,0.00019749684747269764,False,1.1262494828628179e-06,False,0.10931329258775804,0.680978734325558,0.019742546257946414,0.0014616430625480912,0.0003897681327471539,False,False,0.9999999089131676,0.9999999418918044,1.0000000079984863,0.9999999993136044,1.0000000159969722,False,False,False,0.10931330254476052,0.6809787738960058,0.01974254610003593,0.0014616430635513566,0.000389768126512044,3,middle,5,False,False,0.039390068776230476,0.005323710072950909,0.05375441520139655,0.13511975146164565,0.0028895371536441328,False,False,False,32768
press,fno_plain,0.00422093576140469,False,0.00089204802558319,False,0.2196944231946263,0.08354583709036911,0.3202175713024622,0.36688565355386243,0.10253929297084749,0.001009238955561122,False,8.881061992174798e-05,False,1.0185632694221044e-06,False,0.0192127578844611,0.010677348586719976,0.003151728843161586,0.0002420662107157311,9.933394700816669e-06,False,False,1.0000001948652721,0.9999999881911799,1.0000000082627574,1.0000000016871997,1.0000000165255145,False,False,False,0.019212754140562536,0.010677348712806867,0.003151728817119616,0.00024206621030731704,9.933394536662212e-06,4,middle,5,False,False,0.21969446600543985,0.08354583610379135,0.32021757394834227,0.36688565417287183,0.10253929466536207,False,False,False,32768
press,fno_plain,0.0009961948135241983,False,0.00011860849997457722,False,0.3418987413367859,0.45686221714235997,0.35414433192557987,0.44436744893463387,0.12541820783501528,0.00019670971940324267,False,1.86906266150217e-05,False,3.869471370770247e-08,False,0.002913713018156159,0.0002596154716327053,0.0005554507065909483,4.206119656116188e-05,3.0852548745238374e-07,False,False,1.0000000002622,1.0000001186683234,0.9999999836512531,0.9999999358521393,0.9999999673025066,False,False,False,0.0029137130173921832,0.0002596154408245762,0.0005554507156718715,4.206119925929783e-05,3.0852549754039415e-07,5,middle,5,False,False,0.34189874142643173,0.45686227135743335,0.3541443261357638,0.44436742042941263,0.12541820373415427,False,False,False,32768
press,fno_plain,0.00010809795558543556,False,2.936740624353136e-07,False,0.116136736559665,0.03667790428083862,0.14495636332073805,0.1917945434113568,0.021012347267173815,2.6492093641199507e-05,False,2.2999970503724447e-06,False,7.018310254940834e-10,False,0.0009307817559511023,8.006838672861025e-06,0.00018275909407703414,1.1991983762746892e-05,3.340088646785822e-08,False,False,1.000000125480597,0.9999997521028722,1.0000000447009343,1.0000000142966718,1.0000000894018706,False,False,False,0.0009307816391560664,8.006840657733827e-06,0.00018275908590753226,1.1991983591301439e-05,3.340088348175675e-08,6,middle,5,False,False,0.11613675113257205,0.036677895188491495,0.14495636980042292,0.19179454615338043,0.021012349145716966,False,False,False,32768
press,fno_plain,0.000418857885991315,False,1.043083550295608e-05,False,0.3627930860684187,0.1581750594737622,0.3767749259305308,0.37927952302632356,0.14195934480995698,0.00011184551717914567,False,7.925358956303071e-06,False,1.2509419713070568e-08,False,0.001154536572155962,6.594488118201927e-05,0.00029684968261334775,2.089582609961524e-05,8.811973406764528e-08,False,False,0.999999697583727,1.000000051634135,0.9999999332245237,0.9999999510220966,0.9999998664490516,False,False,False,0.0011545369213067148,6.594487777701255e-05,0.000296849702435628,2.0895827123049043e-05,8.811974583612091e-08,7,outer,5,False,False,0.36279297635388574,0.15817506764099457,0.3767749007712056,0.3792795044500077,0.14195932585115184,False,False,False,32768
press,fno_plain,0.0004778860050933531,False,1.8062502813579172e-05,False,0.43900457866081594,0.20121784730353814,0.5221346077495927,0.6458486279639022,0.27262454860982105,0.00012789128551716697,False,1.1201088108883303e-05,False,1.6356180911233524e-08,False,0.0010885672458158524,8.976590822150976e-05,0.00024493930036237235,1.7343209575587045e-05,5.999526086200847e-08,False,False,1.000000106908906,0.9999999167294965,1.0000000296718292,1.0000000486453247,1.0000000593436593,False,False,False,0.0010885671294383315,8.976591569636276e-05,0.00024493929309457547,1.7343208731921026e-05,5.999525730167036e-08,8,outer,5,False,False,0.43900462559431513,0.2012178305480267,0.5221346232422817,0.6458486593814183,0.27262456478835945,False,False,False,32768
press,fno_full,0.01797362990459078,False,0.03222404210841723,False,0.002579761206195423,6.974486180582707e-06,0.002361891442554589,0.0041329075746014705,5.5785311864125985e-06,0.0028659604082262617,False,0.00043127568397853424,False,8.213729061520442e-06,False,6.967168070217594,4620.274709000135,1.2134174994624134,0.10435164014528475,1.4723820280016158,False,False,1.0000008418869168,0.9999999474308165,0.999999932996322,0.9999999217162868,0.9999998659926485,False,False,False,6.967162204654887,4620.2749518842165,1.2134175807658543,0.10435164831431926,1.4723822253116583,1,inner,5,False,False,0.002579763378062631,6.974485813939663e-06,0.002361891284299175,0.00413290725106212,5.578530438848409e-06,False,False,False,32768
press,fno_full,0.0028672857105266304,False,0.0004253108017724335,False,0.004460404837532089,1.087942012162143e-05,0.00497809369747234,0.006462390486248868,2.478141686081383e-05,0.0006159041181442657,False,6.305565180517008e-05,False,3.793378827470656e-07,False,0.6428308225297952,39.09314991220752,0.12372288582213611,0.009757326168906748,0.015307352476157329,False,False,1.0000005914919476,1.0000001734612927,1.0000000285781097,1.0000000437723493,1.0000000571562202,False,False,False,0.6428304423007648,39.09314313106038,0.12372288228637,0.009757325741805677,0.01530735160124697,2,inner,5,False,False,0.0044604074758256345,1.0879422008779706e-05,0.004978093839736847,0.006462390769122883,2.478141827722595e-05,False,False,False,32768
press,fno_full,0.0008535030062557777,False,5.5236991506971284e-05,False,0.007807861112321497,8.111412107703782e-05,0.010878426715228068,0.02096196141999639,0.00011834016779858774,0.00021476784263907019,False,3.0638905486938455e-05,False,4.612522623184041e-08,False,0.10931329258775804,0.680978734325558,0.019742546257946414,0.0014616430625480912,0.0003897681327471539,False,False,0.9999999089131676,0.9999999418918044,1.0000000079984863,0.9999999993136044,1.0000000159969722,False,False,False,0.10931330254476052,0.6809787738960058,0.01974254610003593,0.0014616430635513566,0.000389768126512044,3,middle,5,False,False,0.00780786040112816,8.111411636364261e-05,0.010878426802239013,0.02096196140560819,0.00011834016969167213,False,False,False,32768
press,fno_full,0.0006111928887548856,False,3.1607690467845995e-05,False,0.031811824852547924,0.002960256491687297,0.050776884718464935,0.09049342802794004,0.002578292021712278,0.0001600349721330767,False,2.190540121740018e-05,False,2.561119230563464e-08,False,0.0192127578844611,0.010677348586719976,0.003151728843161586,0.0002420662107157311,9.933394700816669e-06,False,False,1.0000001948652721,0.9999999881911799,1.0000000082627574,1.0000000016871997,1.0000000165255145,False,False,False,0.019212754140562536,0.010677348712806867,0.003151728817119616,0.00024206621030731704,9.933394536662212e-06,4,middle,5,False,False,0.031811831051567825,0.0029602564567301603,0.05077688513802201,0.09049342818062053,0.0025782920643198804,False,False,False,32768
press,fno_full,0.000369590605059784,False,1.4763416994312363e-05,False,0.12684523244285276,0.056866476028821264,0.14202859970945939,0.26690790741845516,0.020172123135429845,7.888988606474216e-05,False,1.122646595765604e-05,False,6.223614123308e-09,False,0.002913713018156159,0.0002596154716327053,0.0005554507065909483,4.206119656116188e-05,3.0852548745238374e-07,False,False,1.0000000002622,1.0000001186683234,0.9999999836512531,0.9999999358521393,0.9999999673025066,False,False,False,0.0029137130173921832,0.0002596154408245762,0.0005554507156718715,4.206119925929783e-05,3.0852549754039415e-07,5,middle,5,False,False,0.12684523247611157,0.05686648277707063,0.14202859738746976,0.2669078902968839,0.020172122475851983,False,False,False,32768
press,fno_full,0.0002465863011411784,False,7.414930460910207e-06,False,0.26492386594879985,0.9260746674018704,0.2791583208673562,0.6246681660795959,0.07792936810948181,5.101872182578404e-05,False,7.4910105047313925e-06,False,2.6029099767367328e-09,False,0.0009307817559511023,8.006838672861025e-06,0.00018275909407703414,1.1991983762746892e-05,3.340088646785822e-08,False,False,1.000000125480597,0.9999997521028722,1.0000000447009343,1.0000000142966718,1.0000000894018706,False,False,False,0.0009307816391560664,8.006840657733827e-06,0.00018275908590753226,1.1991983591301439e-05,3.340088348175675e-08,6,middle,5,False,False,0.26492389919160475,0.9260744378306203,0.279158333345994,0.6246681750102716,0.0779293750765131,False,False,False,32768
press,fno_full,0.005646555600769714,False,0.0021642218256772267,False,4.890755076060892,32.81864773861068,4.202132297302731,4.520378625768911,17.657915844034726,0.0012474016387536133,False,9.445704566848488e-05,False,1.5560108483652001e-06,False,0.001154536572155962,6.594488118201927e-05,0.00029684968261334775,2.089582609961524e-05,8.811973406764528e-08,False,False,0.999999697583727,1.000000051634135,0.9999999332245237,0.9999999510220966,0.9999998664490516,False,False,False,0.0011545369213067148,6.594487777701255e-05,0.000296849702435628,2.0895827123049043e-05,8.811974583612091e-08,7,outer,5,False,False,4.89075359701697,32.818649433173164,4.202132016703345,4.520378404370243,17.657913485803316,False,False,False,32768
press,fno_full,0.004828492415370533,False,0.001338273635481654,False,4.435639997372607,14.908484323238607,3.9649880526975094,3.90232615276166,15.721130258033984,0.0009711813995728931,False,6.767886029963978e-05,False,9.431933108763634e-07,False,0.0010885672458158524,8.976590822150976e-05,0.00024493930036237235,1.7343209575587045e-05,5.999526086200847e-08,False,False,1.000000106908906,0.9999999167294965,1.0000000296718292,1.0000000486453247,1.0000000593436593,False,False,False,0.0010885671294383315,8.976591569636276e-05,0.00024493929309457547,1.7343208731921026e-05,5.999525730167036e-08,8,outer,5,False,False,4.435640471582026,14.908483081801611,3.9649881703459577,3.9023263425915826,15.721131190983384,False,False,False,32768
press,localno_plain,0.0036124276399641516,False,0.007776458788995165,False,0.0005184929663755521,1.6831161086259423e-06,0.0006581080159636622,0.002594080594652415,4.3310616067562793e-07,0.000798559783106797,False,0.0002706965647210351,False,6.376977271955747e-07,False,6.967168070217594,4620.274709000135,1.2134174994624134,0.10435164014528475,1.4723820280016158,False,False,1.0000008418869168,0.9999999474308165,0.999999932996322,0.9999999217162868,0.9999998659926485,False,False,False,6.967162204654887,4620.2749518842165,1.2134175807658543,0.10435164831431926,1.4723822253116583,1,inner,5,False,False,0.000518493402887997,1.6831160201459028e-06,0.0006581079718680046,0.002594080391578154,4.3310610263621834e-07,False,False,False,32768
press,localno_plain,0.001174865047159983,False,0.0004907776435174854,False,0.0018276426798211406,1.2554057286753233e-05,0.0019227696606651597,0.007078389540543654,3.6970431679744126e-06,0.00023789061118874294,False,6.906615549766241e-05,False,5.659194289175366e-08,False,0.6428308225297952,39.09314991220752,0.12372288582213611,0.009757326168906748,0.015307352476157329,False,False,1.0000005914919476,1.0000001734612927,1.0000000285781097,1.0000000437723493,1.0000000571562202,False,False,False,0.6428304423007648,39.09314313106038,0.12372288228637,0.009757325741805677,0.01530735160124697,2,inner,5,False,False,0.001827643760857069,1.2554059464396239e-05,0.001922769715614282,0.007078389850381395,3.6970433792834264e-06,False,False,False,32768
press,localno_plain,0.0015542503470715016,False,0.00059057980756087,False,0.014218310603202538,0.0008672514687933403,0.01778850031009584,0.05794043737852407,0.0003164307432822799,0.00035119029023156125,False,8.468823833532181e-05,False,1.2333461995292825e-07,False,0.10931329258775804,0.680978734325558,0.019742546257946414,0.0014616430625480912,0.0003897681327471539,False,False,0.9999999089131676,0.9999999418918044,1.0000000079984863,0.9999999993136044,1.0000000159969722,False,False,False,0.10931330254476052,0.6809787738960058,0.01974254610003593,0.0014616430635513566,0.000389768126512044,3,middle,5,False,False,0.014218309308101662,0.0008672514183989223,0.017788500452376916,0.05794043733875401,0.0003164307483442137,False,False,False,32768
press,localno_plain,0.001937608483813164,False,0.0006282697304434248,False,0.10085009635083486,0.05884136172390583,0.11773550267468094,0.3331508688118989,0.013861648590059804,0.00037107037964391996,False,8.064456840995e-05,False,1.376932266490829e-07,False,0.0192127578844611,0.010677348586719976,0.003151728843161586,0.0002420662107157311,9.933394700816669e-06,False,False,1.0000001948652721,0.9999999881911799,1.0000000082627574,1.0000000016871997,1.0000000165255145,False,False,False,0.019212754140562536,0.010677348712806867,0.003151728817119616,0.00024206621030731704,9.933394536662212e-06,4,middle,5,False,False,0.10085011600301633,0.05884136102905877,0.11773550364750082,0.33315086937399097,0.013861648819130679,False,False,False,32768
press,localno_plain,0.0008184284983235554,False,0.00019529593381377664,False,0.2808885065974923,0.7522507521819591,0.32429755909482544,0.7893224993633863,0.10516890683486177,0.00018013130834494058,False,3.319984879587096e-05,False,3.244728824606006e-08,False,0.002913713018156159,0.0002596154716327053,0.0005554507065909483,4.206119656116188e-05,3.0852548745238374e-07,False,False,1.0000000002622,1.0000001186683234,0.9999999836512531,0.9999999358521393,0.9999999673025066,False,False,False,0.0029137130173921832,0.0002596154408245762,0.0005554507156718715,4.206119925929783e-05,3.0852549754039415e-07,5,middle,5,False,False,0.2808885066711413,0.7522508414502946,0.3242975537929667,0.7893224487300365,0.10516890339610213,False,False,False,32768
press,localno_plain,0.00013224345392245595,False,8.390327533358746e-07,False,0.14207783196967091,0.10478951651414617,0.17939391331855156,0.37676051159007123,0.03218217613574399,3.278586908103247e-05,False,4.518105937432347e-06,False,1.0749132113986011e-09,False,0.0009307817559511023,8.006838672861025e-06,0.00018275909407703414,1.1991983762746892e-05,3.340088646785822e-08,False,False,1.000000125480597,0.9999997521028722,1.0000000447009343,1.0000000142966718,1.0000000894018706,False,False,False,0.0009307816391560664,8.006840657733827e-06,0.00018275908590753226,1.1991983591301439e-05,3.340088348175675e-08,6,middle,5,False,False,0.14207784979768212,0.104789490537126,0.17939392133762708,0.3767605169764926,0.032182179012890735,False,False,False,32768
press,localno_plain,0.00015036274680142015,False,1.555444256000795e-06,False,0.13023645194767222,0.023587035538171642,0.1291266003736451,0.25181854265782555,0.016673678924055045,3.833119033785714e-05,False,5.261956476036465e-06,False,1.4692801527170325e-09,False,0.001154536572155962,6.594488118201927e-05,0.00029684968261334775,2.089582609961524e-05,8.811973406764528e-08,False,False,0.999999697583727,1.000000051634135,0.9999999332245237,0.9999999510220966,0.9999998664490516,False,False,False,0.0011545369213067148,6.594487777701255e-05,0.000296849702435628,2.0895827123049043e-05,8.811974583612091e-08,7,outer,5,False,False,0.13023641256204982,0.023587036756067818,0.12912659175115485,0.25181853032428125,0.01667367669726941,False,False,False,32768
press,localno_plain,0.0001390030104221296,False,4.363812896550725e-06,False,0.12769354484660292,0.04861325399596487,0.14989447391489993,0.3938977063297471,0.022468353310224613,3.6715047568901465e-05,False,6.831450472219843e-06,False,1.3479947179866971e-09,False,0.0010885672458158524,8.976590822150976e-05,0.00024493930036237235,1.7343209575587045e-05,5.999526086200847e-08,False,False,1.000000106908906,0.9999999167294965,1.0000000296718292,1.0000000486453247,1.0000000593436593,False,False,False,0.0010885671294383315,8.976591569636276e-05,0.00024493929309457547,1.7343208731921026e-05,5.999525730167036e-08,8,outer,5,False,False,0.12769355849818012,0.04861324994791473,0.1498944783625432,0.39389772549102886,0.02246835464357892,False,False,False,32768
vel1,persistence,1.221684423983097,False,156.40473916850172,False,0.7438525690928841,0.7139109507351056,0.783721377707302,0.7998026686361066,0.6142191978754316,0.31742622985237123,False,0.037523924214963304,False,0.10075941139829042,False,1.6423744095861912,219.08158014308876,0.4050243350270344,0.046916477884416635,0.1640447119640914,False,False,0.999999854833013,0.9999999979147947,0.9999999998208523,0.9999999997347583,0.9999999996417046,False,False,False,1.6423746480047703,219.08158059991885,0.40502433509959357,0.04691647789686084,0.16404471202286786,1,inner,5,False,False,0.743852461110048,0.7139109492464546,0.7837213775669001,0.7998026684239656,0.6142191976553596,False,False,False,32768
vel1,persistence,0.716162918433547,False,31.01538857979237,False,0.9698030601509922,1.4531787307625441,0.7425553781882965,0.7857551694983164,0.5513884896763642,0.15281092532357146,False,0.0194141650252893,False,0.023351178898246137,False,0.7384622175991535,21.343134139815884,0.20579061146443114,0.02470765166926579,0.042349775766904456,False,False,1.0000000607377018,1.0000000277090788,1.0000000005622671,0.9999999976850448,1.0000000011245342,False,False,False,0.7384621727466584,21.343133548417317,0.20579061134872184,0.024707651726462897,0.04234977571928068,2,inner,5,False,False,0.9698031190546011,1.4531787710287878,0.742555378605811,0.7857551676793283,0.5513884902964195,False,False,False,32768
vel1,persistence,0.4965108504891395,False,14.050299930686032,False,0.7921172601542604,0.7952520718190539,0.6280720250259599,0.7442463538137575,0.39447446862021013,0.10955862621565572,False,0.015959909180069596,False,0.012003092578261765,False,0.6268148359656331,17.667731312598125,0.17443640514179462,0.02144439015157534,0.03042805943879231,False,False,0.9999999920361027,0.9999999921809445,0.9999999994393883,1.0000000050907598,0.9999999988787767,False,False,False,0.6268148409575222,17.667731450743098,0.1744364052395857,0.0214443900424071,0.03042805947290896,3,middle,5,False,False,0.7921172538459199,0.7952520656009339,0.6280720246738555,0.7442463576025369,0.39447446817791615,False,False,False,32768
vel1,persistence,0.6340854650735855,False,5.964090416205573,False,0.8586648684960346,0.21527033770309353,0.8004222264790326,0.6185821259653094,0.6406757406416518,0.18732150771330114,False,0.015886395507983427,False,0.03508934725198434,False,0.7384551160037518,27.70511943188105,0.2340283684241346,0.02568195044949351,0.05476927722726248,False,False,0.9999999868585363,1.0000000028500946,1.0000000011809957,1.0000000006144996,1.0000000023619917,False,False,False,0.738455125708133,27.70511935291884,0.23402836814774808,0.025681950433711964,0.0547692770978979,4,middle,5,False,False,0.8586648572119215,0.21527033831663436,0.8004222274243279,0.6185821263454278,0.6406757421549226,False,False,False,32768
vel1,persistence,0.6918955636024475,False,4.451990590438049,False,0.7501234888927791,0.25157329131648587,0.7445283050081287,0.6195358060425226,0.554322396958277,0.22499692059148396,False,0.015206483110155903,False,0.05062361427565054,False,0.9223755472898483,17.696594766243795,0.3022006269983617,0.0245449624732621,0.09132521895820295,False,False,1.0000000020194,0.9999999867900542,0.9999999997957405,0.9999999925848652,0.9999999995914813,False,False,False,0.9223755454272031,17.696595000014856,0.30220062706008904,0.024544962655266307,0.091325218995511,5,middle,5,False,False,0.7501234904075784,0.2515732879932163,0.7445283048560517,0.619535801448581,0.5543223967318259,False,False,False,32768
vel1,persistence,0.6867284005880356,False,2.0529986188852107,False,0.733395894551834,0.1919457973744601,0.7273382413895881,0.6216649178330736,0.5290209173876987,0.23581110336805172,False,0.012285543938935642,False,0.055606876471657976,False,0.9363679367303849,10.695720599081886,0.3242110615791793,0.01976232466480358,0.10511281245029838,False,False,1.000000041823427,0.9999999994443166,1.0000000007959557,0.9999999981880308,1.0000000015919115,False,False,False,0.9363678975682705,10.69572060502532,0.3242110613211216,0.019762324700612306,0.10511281228296808,6,middle,5,False,False,0.7333959252249636,0.191945797267799,0.7273382419685173,0.6216649167066359,0.5290209182298533,False,False,False,32768
vel1,persistence,0.6359860438108444,False,3.226759542557939,False,0.7631590763395332,0.37818197729434355,0.7837740006915789,0.7027122370283142,0.6143016841600831,0.20895891128883937,False,0.010589520867460312,False,0.04366382660701704,False,0.8333597326278684,8.532293277546945,0.2666060766298196,0.015069498308784441,0.07107880009594524,False,False,1.000000079206482,0.9999999774272251,0.999999998597043,0.9999999784521681,0.9999999971940857,False,False,False,0.833359666620381,8.532293470144484,0.26660607700385647,0.015069498633499464,0.07107880029538625,7,outer,5,False,False,0.7631591367866789,0.3781819687577269,0.7837739995919777,0.702712221886389,0.6143016824364053,False,False,False,32768
vel1,persistence,0.5442226278781891,False,3.0208606970417073,False,0.8280093005712058,0.49913352088811974,0.868375016102324,0.820192961046903,0.7540751685907116,0.1707138852479906,False,0.008920216002879127,False,0.029143230616464108,False,0.6572663223743438,6.052209620517212,0.19659004702165997,0.010875752934398839,0.03864764658797848,False,False,0.9999999406575603,1.0000000062281027,1.0000000035104624,1.0000000005490992,1.0000000070209247,False,False,False,0.6572663613781332,6.052209582823429,0.196590046331538,0.010875752928426971,0.03864764631663626,8,outer,5,False,False,0.8280092514351138,0.49913352399677463,0.8683750191507218,0.8201929614972703,0.7540751738850165,False,False,False,32768
vel1,fno_plain,0.5885038077831268,False,35.57613037348608,False,0.3583249984584239,0.16238759255912907,0.36175776989510233,0.4163150225745822,0.1308686840794778,0.14652070019262675,False,0.0195320345495708,False,0.02146831558493761,False,1.6423744095861912,219.08158014308876,0.4050243350270344,0.046916477884416635,0.1640447119640914,False,False,0.999999854833013,0.9999999979147947,0.9999999998208523,0.9999999997347583,0.9999999996417046,False,False,False,1.6423746480047703,219.08158059991885,0.40502433509959357,0.04691647789686084,0.16404471202286786,1,inner,5,False,False,0.3583249464414635,0.1623875922205176,0.3617577698302943,0.41631502246415814,0.13086868403258817,False,False,False,32768
vel1,fno_plain,0.3427373301982879,False,7.920572625883355,False,0.46412304113889,0.37110635082911403,0.33774981870521553,0.47828282526995947,0.11407494003540597,0.06950574171334707,False,0.011817245446162472,False,0.004831048131122515,False,0.7384622175991535,21.343134139815884,0.20579061146443114,0.02470765166926579,0.042349775766904456,False,False,1.0000000607377018,1.0000000277090788,1.0000000005622671,0.9999999976850448,1.0000000011245342,False,False,False,0.7384621727466584,21.343133548417317,0.20579061134872184,0.024707651726462897,0.04234977571928068,2,inner,5,False,False,0.4641230693286568,0.37110636111212914,0.3377498188951212,0.47828282416275614,0.11407494016368715,False,False,False,32768
vel1,fno_plain,0.3879856318235396,False,11.013809481754013,False,0.6189796564496314,0.6233856111395878,0.47156032796034986,0.642720401468061,0.2223691429060728,0.08225728841688913,False,0.013782747047458235,False,0.006766261497699284,False,0.6268148359656331,17.667731312598125,0.17443640514179462,0.02144439015157534,0.03042805943879231,False,False,0.9999999920361027,0.9999999921809445,0.9999999994393883,1.0000000050907598,0.9999999988787767,False,False,False,0.6268148409575222,17.667731450743098,0.1744364052395857,0.0214443900424071,0.03042805947290896,3,middle,5,False,False,0.6189796515201409,0.623385606265301,0.47156032769598766,0.6427204047399961,0.22236914265674732,False,False,False,32768
vel1,fno_plain,0.3781408733129501,False,6.979336611392115,False,0.5120702194593895,0.25191505232642303,0.3578663039397513,0.4639243202433137,0.12806829149549845,0.08375086722499545,False,0.011914481404803742,False,0.007014207760938816,False,0.7384551160037518,27.70511943188105,0.2340283684241346,0.02568195044949351,0.05476927722726248,False,False,0.9999999868585363,1.0000000028500946,1.0000000011809957,1.0000000006144996,1.0000000023619917,False,False,False,0.738455125708133,27.70511935291884,0.23402836814774808,0.025681950433711964,0.0547692770978979,4,middle,5,False,False,0.5120702127300373,0.25191505304440476,0.35786630436238986,0.463924320528395,0.12806829179799467,False,False,False,32768
vel1,fno_plain,0.41882408618927003,False,15.854540300164302,False,0.4540711073920722,0.8959091005692685,0.4117208151718261,0.579541311028153,0.169514029645753,0.12442228849320244,False,0.014224819730891134,False,0.015480905873885696,False,0.9223755472898483,17.696594766243795,0.3022006269983617,0.0245449624732621,0.09132521895820295,False,False,1.0000000020194,0.9999999867900542,0.9999999997957405,0.9999999925848652,0.9999999995914813,False,False,False,0.9223755454272031,17.696595000014856,0.30220062706008904,0.024544962655266307,0.091325218995511,5,middle,5,False,False,0.45407110830902336,0.8959090887343578,0.41172081508772823,0.5795413067307761,0.16951402957650333,False,False,False,32768
vel1,fno_plain,0.5798452714085579,False,4.230470725909625,False,0.6192493876213501,0.3955292854483097,0.5064155407996555,0.47678130971293986,0.25645669996340753,0.16418552008285048,False,0.009422307036657387,False,0.0269568850048761,False,0.9363679367303849,10.695720599081886,0.3242110615791793,0.01976232466480358,0.10511281245029838,False,False,1.000000041823427,0.9999999994443166,1.0000000007959557,0.9999999981880308,1.0000000015919115,False,False,False,0.9363678975682705,10.69572060502532,0.3242110613211216,0.019762324700612306,0.10511281228296808,6,middle,5,False,False,0.6192494135204816,0.39552928522852066,0.5064155412027399,0.4767813088490268,0.2564567003716639,False,False,False,32768
vel1,fno_plain,0.537376195192337,False,2.704578026914638,False,0.6448310065304044,0.31698137170599117,0.6163623196506589,0.5763239383814562,0.37990250908514106,0.16432593982451693,False,0.008684912614751343,False,0.02700301449921076,False,0.8333597326278684,8.532293277546945,0.2666060766298196,0.015069498308784441,0.07107880009594524,False,False,1.000000079206482,0.9999999774272251,0.999999998597043,0.9999999784521681,0.9999999971940857,False,False,False,0.833359666620381,8.532293470144484,0.26660607700385647,0.015069498633499464,0.07107880029538625,7,outer,5,False,False,0.6448310576051999,0.316981364550842,0.6163623187859291,0.5763239259629249,0.3799025080191672,False,False,False,32768
vel1,fno_plain,0.42928923457860946,False,14.97666773682734,False,0.6531435127055076,2.4745784888309035,0.5849727679775197,1.1245315629192743,0.3421931392752811,0.11499982396309119,False,0.01223012744524341,False,0.013224959511541963,False,0.6572663223743438,6.052209620517212,0.19659004702165997,0.010875752934398839,0.03864764658797848,False,False,0.9999999406575603,1.0000000062281027,1.0000000035104624,1.0000000005490992,1.0000000070209247,False,False,False,0.6572663613781332,6.052209582823429,0.196590046331538,0.010875752928426971,0.03864764631663626,8,outer,5,False,False,0.6531434739463781,2.4745785042428325,0.5849727700310446,1.1245315635367537,0.3421931416777934,False,False,False,32768
vel1,fno_full,0.45248693227767944,False,44.331970323437524,False,0.27550778290054273,0.20235370903607225,0.27400805690866936,0.40997496106432674,0.0750804152508646,0.11097993104148361,False,0.019234581193939056,False,0.012316545093972458,False,1.6423744095861912,219.08158014308876,0.4050243350270344,0.046916477884416635,0.1640447119640914,False,False,0.999999854833013,0.9999999979147947,0.9999999998208523,0.9999999997347583,0.9999999996417046,False,False,False,1.6423746480047703,219.08158059991885,0.40502433509959357,0.04691647789686084,0.16404471202286786,1,inner,5,False,False,0.275507742905908,0.2023537086141232,0.27400805685958146,0.4099749609555843,0.07508041522396364,False,False,False,32768
vel1,fno_full,0.30694499611854553,False,5.4442460154920544,False,0.4156542999809356,0.2550818441109708,0.34824346810206197,0.5116405048694763,0.12127351307575189,0.07166523623921746,False,0.012641435374202308,False,0.005135906085222848,False,0.7384622175991535,21.343134139815884,0.20579061146443114,0.02470765166926579,0.042349775766904456,False,False,1.0000000607377018,1.0000000277090788,1.0000000005622671,0.9999999976850448,1.0000000011245342,False,False,False,0.7384621727466584,21.343133548417317,0.20579061134872184,0.024707651726462897,0.04234977571928068,2,inner,5,False,False,0.4156543252268225,0.2550818511790537,0.34824346829786784,0.5116405036850514,0.1212735132121281,False,False,False,32768
vel1,fno_full,0.3242840909957886,False,9.038030570764356,False,0.5173522903238499,0.5115558082049682,0.39194716801667473,0.5452692072961391,0.15362258251629143,0.06836985499433572,False,0.011692965618898618,False,0.004674437071946492,False,0.6268148359656331,17.667731312598125,0.17443640514179462,0.02144439015157534,0.03042805943879231,False,False,0.9999999920361027,0.9999999921809445,0.9999999994393883,1.0000000050907598,0.9999999988787767,False,False,False,0.6268148409575222,17.667731450743098,0.1744364052395857,0.0214443900424071,0.03042805947290896,3,middle,5,False,False,0.5173522862037094,0.5115558042050848,0.39194716779694455,0.5452692100719737,0.15362258234404622,False,False,False,32768
vel1,fno_full,0.3070833683013916,False,5.028700518166222,False,0.41584567788386945,0.1815079891833838,0.2999654745338239,0.4026562718538983,0.08997928591230216,0.07020043058872211,False,0.010340998421929605,False,0.00492810045484199,False,0.7384551160037518,27.70511943188105,0.2340283684241346,0.02568195044949351,0.05476927722726248,False,False,0.9999999868585363,1.0000000028500946,1.0000000011809957,1.0000000006144996,1.0000000023619917,False,False,False,0.738455125708133,27.70511935291884,0.23402836814774808,0.025681950433711964,0.0547692770978979,4,middle,5,False,False,0.4158456724190486,0.18150798970069873,0.2999654748880819,0.40265627210133037,0.08997928612483248,False,False,False,32768
vel1,fno_full,0.44156050741672503,False,10.802336197338963,False,0.47872095993235236,0.6104189161829252,0.30728582370726404,0.5385194728269603,0.09442457745145173,0.09286196859204322,False,0.01321794025165863,False,0.008623345210789623,False,0.9223755472898483,17.696594766243795,0.3022006269983617,0.0245449624732621,0.09132521895820295,False,False,1.0000000020194,0.9999999867900542,0.9999999997957405,0.9999999925848652,0.9999999995914813,False,False,False,0.9223755454272031,17.696595000014856,0.30220062706008904,0.024544962655266307,0.091325218995511,5,middle,5,False,False,0.47872096089908145,0.6104189081193243,0.30728582364449797,0.5385194688337659,0.09442457741287753,False,False,False,32768
vel1,fno_full,0.5111682415008545,False,4.047867071611447,False,0.5459053235908042,0.3784566952841787,0.39721725962777404,0.6814604383100831,0.15778155134619845,0.1287822294214931,False,0.013467242428103215,False,0.01658486261477008,False,0.9363679367303849,10.695720599081886,0.3242110615791793,0.01976232466480358,0.10511281245029838,False,False,1.000000041823427,0.9999999994443166,1.0000000007959557,0.9999999981880308,1.0000000015919115,False,False,False,0.9363678975682705,10.69572060502532,0.3242110613211216,0.019762324700612306,0.10511281228296808,6,middle,5,False,False,0.5459053464224357,0.37845669507387664,0.3972172599439414,0.6814604370752978,0.15778155159737273,False,False,False,32768
vel1,fno_full,0.4220877581834793,False,7.903414901152148,False,0.506489264669043,0.9262943319060875,0.442266051821579,0.9798957415425281,0.19559926059384763,0.11791081690271167,False,0.014766537219960204,False,0.013902960742664795,False,0.8333597326278684,8.532293277546945,0.2666060766298196,0.015069498308784441,0.07107880009594524,False,False,1.000000079206482,0.9999999774272251,0.999999998597043,0.9999999784521681,0.9999999971940857,False,False,False,0.833359666620381,8.532293470144484,0.26660607700385647,0.015069498633499464,0.07107880029538625,7,outer,5,False,False,0.5064893047862757,0.9262943109970541,0.4422660512010988,0.9798957204278995,0.19559926004501288,False,False,False,32768
vel1,fno_full,0.5720365244150162,False,11.589573152295651,False,0.8703268446016845,1.9149325418284544,0.7220097728953743,1.5733198751095343,0.5212981121564298,0.14193993520359965,False,0.01711103824847053,False,0.02014694520560207,False,0.6572663223743438,6.052209620517212,0.19659004702165997,0.010875752934398839,0.03864764658797848,False,False,0.9999999406575603,1.0000000062281027,1.0000000035104624,1.0000000005490992,1.0000000070209247,False,False,False,0.6572663613781332,6.052209582823429,0.196590046331538,0.010875752928426971,0.03864764631663626,8,outer,5,False,False,0.8703267929543662,1.9149325537548512,0.7220097754299624,1.5733198759734428,0.5212981158164247,False,False,False,32768
vel1,localno_plain,0.9098536911606789,False,202.7749437845831,False,0.5539867680901844,0.9255681999926452,0.4410376266599069,1.1828892718033455,0.19451418812980348,0.17863097145983026,False,0.05549699836027536,False,0.031909023964682696,False,1.6423744095861912,219.08158014308876,0.4050243350270344,0.046916477884416635,0.1640447119640914,False,False,0.999999854833013,0.9999999979147947,0.9999999998208523,0.9999999997347583,0.9999999996417046,False,False,False,1.6423746480047703,219.08158059991885,0.40502433509959357,0.04691647789686084,0.16404471202286786,1,inner,5,False,False,0.5539866876695946,0.9255681980626453,0.44103762658089607,1.182889271489594,0.19451418806010995,False,False,False,32768
vel1,localno_plain,0.3664320166409015,False,38.89377170298108,False,0.4962095661877252,1.8223083567855323,0.42145105916022807,0.9599972130034391,0.17762099526727806,0.08673067116691548,False,0.02371927674235493,False,0.007522209321063624,False,0.7384622175991535,21.343134139815884,0.20579061146443114,0.02470765166926579,0.042349775766904456,False,False,1.0000000607377018,1.0000000277090788,1.0000000005622671,0.9999999976850448,1.0000000011245342,False,False,False,0.7384621727466584,21.343133548417317,0.20579061134872184,0.024707651726462897,0.04234977571928068,2,inner,5,False,False,0.49620959632635386,1.822308407280018,0.4214510593971961,0.9599972107810886,0.17762099546701896,False,False,False,32768
vel1,localno_plain,0.40182015776634217,False,30.38790962630771,False,0.6410508091234348,1.7199667058916248,0.5050381242561403,1.1729650620251757,0.25506350695216057,0.08809703485479609,False,0.025153520424234636,False,0.007761087550207157,False,0.6268148359656331,17.667731312598125,0.17443640514179462,0.02144439015157534,0.03042805943879231,False,False,0.9999999920361027,0.9999999921809445,0.9999999994393883,1.0000000050907598,0.9999999988787767,False,False,False,0.6268148409575222,17.667731450743098,0.1744364052395857,0.0214443900424071,0.03042805947290896,3,middle,5,False,False,0.6410508040181719,1.7199666924431096,0.50503812397301,1.1729650679964592,0.2550635066661774,False,False,False,32768
vel1,localno_plain,0.5135207131505012,False,22.80169727859373,False,0.6953986803280434,0.8230138597545688,0.6070450227465897,0.7827042294924191,0.3685036596414076,0.14206575623337606,False,0.020101371238433304,False,0.020182679094161028,False,0.7384551160037518,27.70511943188105,0.2340283684241346,0.02568195044949351,0.05476927722726248,False,False,0.9999999868585363,1.0000000028500946,1.0000000011809957,1.0000000006144996,1.0000000023619917,False,False,False,0.738455125708133,27.70511935291884,0.23402836814774808,0.025681950433711964,0.0547692770978979,4,middle,5,False,False,0.695398671189487,0.8230138621002361,0.6070450234635073,0.7827042299733905,0.36850366051181016,False,False,False,32768
vel1,localno_plain,0.4410546660423278,False,19.48266702487942,False,0.47817254841398166,1.100927454249139,0.38705010941529,0.7008463779502057,0.14980778719838794,0.11696678574508514,False,0.017202248046309463,False,0.013681228967536652,False,0.9223755472898483,17.696594766243795,0.3022006269983617,0.0245449624732621,0.09132521895820295,False,False,1.0000000020194,0.9999999867900542,0.9999999997957405,0.9999999925848652,0.9999999995914813,False,False,False,0.9223755454272031,17.696595000014856,0.30220062706008904,0.024544962655266307,0.091325218995511,5,middle,5,False,False,0.4781725493796033,1.100927439705947,0.38705010933623135,0.7008463727533353,0.14980778713718867,False,False,False,32768
vel1,localno_plain,0.27485176250338555,False,15.477420924607639,False,0.29352966042719764,1.4470666825324712,0.21808055285833286,0.644551799972365,0.047559127534996117,0.07070412755197442,False,0.012737841934337413,False,0.004999073652885868,False,0.9363679367303849,10.695720599081886,0.3242110615791793,0.01976232466480358,0.10511281245029838,False,False,1.000000041823427,0.9999999994443166,1.0000000007959557,0.9999999981880308,1.0000000015919115,False,False,False,0.9363678975682705,10.69572060502532,0.3242110613211216,0.019762324700612306,0.10511281228296808,6,middle,5,False,False,0.29352967270361396,1.4470666817283602,0.21808055303191534,0.6445517988044569,0.04755912761070604,False,False,False,32768
vel1,localno_plain,0.33136743247509004,False,19.69296553942417,False,0.3976283224414685,2.308050707920104,0.33616439385922947,0.8775557943448067,0.11300649969874317,0.08962347014945059,False,0.013224325558743052,False,0.008032366401629461,False,0.8333597326278684,8.532293277546945,0.2666060766298196,0.015069498308784441,0.07107880009594524,False,False,1.000000079206482,0.9999999774272251,0.999999998597043,0.9999999784521681,0.9999999971940857,False,False,False,0.833359666620381,8.532293470144484,0.26660607700385647,0.015069498633499464,0.07107880029538625,7,outer,5,False,False,0.39762835393620904,2.308050655820995,0.3361643933876053,0.8775557754353821,0.11300649938165662,False,False,False,32768
vel1,localno_plain,0.5034181888401508,False,24.155491577972885,False,0.7659272530830062,3.9911855491727986,0.5193457509570566,1.6686586605634852,0.26972000903714904,0.10209820560114706,False,0.01814791932413336,False,0.010424043586974097,False,0.6572663223743438,6.052209620517212,0.19659004702165997,0.010875752934398839,0.03864764658797848,False,False,0.9999999406575603,1.0000000062281027,1.0000000035104624,1.0000000005490992,1.0000000070209247,False,False,False,0.6572663613781332,6.052209582823429,0.196590046331538,0.010875752928426971,0.03864764631663626,8,outer,5,False,False,0.7659272076310144,3.9911855740303124,0.5193457527802003,1.6686586614797445,0.2697200109308329,False,False,False,32768
vel2,persistence,0.07146307080984116,False,1.7839205699087917,False,1.0,3.686271499298299,1.092051751463222,1.4621297653657506,1.192577027873891,0.027107959468245124,False,0.0035498549191007264,False,0.0007348414665320206,False,0.07146307080984116,0.4839362945047239,0.024822962311011013,0.0024278658455549143,0.0006161794578938731,False,False,0.41352932666572234,0.22529811139976436,0.6912238349419266,0.5631361033454136,0.4777903899918239,False,False,False,0.17281258232891555,2.1479820292236593,0.03591161221038699,0.004311330477892876,0.0012896438915492156,1,inner,5,False,False,0.41352932666572234,0.8305100068986845,0.754852199601456,0.8233780586534127,0.5698018432431566,False,False,False,32768
vel2,persistence,0.07146307080984116,False,0.33963678296112265,False,3.5753398653969644,12.463322643202458,3.943547255950094,2.552997279695115,15.551564959911515,0.022748711508761538,False,0.0018297884441525597,False,0.0005175038753088596,False,0.01998776997439563,0.027250901921115057,0.00576859107607697,0.0007167216583838575,3.327664300299486e-05,False,False,0.9999999221869882,0.9999999904966503,0.9999999996011073,0.9999999977959999,0.9999999992022146,False,False,False,0.01998777152970433,0.02725090218008991,0.005768591078378019,0.0007167216599635121,3.327664302954248e-05,2,inner,5,False,False,3.5753395871890015,12.463322524759144,3.943547254377042,2.5529972740683085,15.551564947504703,False,False,False,32768
vel2,persistence,0.023873443705961044,False,0.04446530785031046,False,0.8286683040957503,3.090636983854602,0.6246080141131979,1.3083156571427552,0.3901351712944328,0.004722518034099861,False,0.0008700969132483987,False,2.2302176582398413e-05,False,0.028809408526867628,0.014387101455976855,0.007560770799274435,0.0006650512118372203,5.716525507916098e-05,False,False,1.0000000649773317,0.99999999678953,0.99999999952826,0.9999999993765388,0.9999999990565199,False,False,False,0.028809406654909255,0.014387101502166212,0.0075607708028411534,0.000665051212251854,5.716525513309526e-05,3,middle,5,False,False,0.8286683579404056,3.090636973932205,0.6246080138185454,1.3083156563270713,0.39013517092634803,False,False,False,32768
vel2,persistence,0.012971869688481092,False,0.004488706466125,False,0.47312102658651634,0.37885027621092243,0.4781565552162598,0.578891784593284,0.22863369129628014,0.0027064226806195724,False,0.0002907904846208072,False,7.324723726172033e-06,False,0.02741765628568828,0.01184823332061118,0.005660118325462497,0.000502322700649673,3.203693945823638e-05,False,False,1.0000000339679875,1.0000000144590409,1.0000000009036014,1.0000000053481464,1.000000001807203,False,False,False,0.027417655354365706,0.011848233149297092,0.0056601183203480055,0.0005023226979631776,3.203693940033912e-05,4,middle,5,False,False,0.47312104265748545,0.3788502816887341,0.47815655564832277,0.5788917876892822,0.22863369170946765,False,False,False,32768
vel2,persistence,0.005062888616230339,False,0.0006568706258341807,False,0.44406004650594155,0.17024922690782518,0.6052258364934171,0.46953148481189666,0.36629831315915645,0.0012850265268545362,False,0.00010811216271037576,False,1.6512931747198319e-06,False,0.011401360370218754,0.003858288450201409,0.00212321822594319,0.00023025540609632934,4.508055634977346e-06,False,False,0.9999999595658202,0.99999998937184,1.000000000283513,0.9999999986744403,1.0000000005670255,False,False,False,0.011401360831223428,0.0038582884912079164,0.00212321822534123,0.00023025540640154662,4.5080556324211635e-06,5,middle,5,False,False,0.4440600285507378,0.17024922509838913,0.6052258366650065,0.46953148418950463,0.366298313366857,False,False,False,32768
vel2,persistence,0.0016851219430100172,False,0.0001894394065963678,False,0.7341937670255655,0.5957531680827631,0.7588802189732073,0.7121291851450051,0.5758991867488229,0.00039531011395420697,False,4.696932574363477e-05,False,1.5627008619448809e-07,False,0.0022952005569823086,0.00031798304523669865,0.0005209123970698248,6.595618705624428e-05,2.7134972542103087e-07,False,False,1.0000000167379957,0.9999999979228855,1.0000000005633671,0.9999999990840122,1.0000000011267343,False,False,False,0.002295200518565252,0.0003179830458971858,0.0005209123967763599,6.595618711665934e-05,2.7134972511529184e-07,6,middle,5,False,False,0.7341937793144976,0.5957531668453157,0.7588802194007355,0.7121291844927033,0.5758991873977083,False,False,False,32768
vel2,persistence,0.0010243285004980862,False,7.564393729817884e-05,False,0.7566613894405676,0.842899503062378,0.8006516153225532,0.7617922608907298,0.6410430091186137,0.0002289544581330022,False,3.547881813348367e-05,False,5.242014389897666e-08,False,0.0013537475478369743,8.974253398341472e-05,0.00028596015264487393,4.657282563096646e-05,8.177320890067961e-08,False,False,1.0000000004299743,1.0000000110373575,0.9999999996648894,0.9999999975593991,0.9999999993297788,False,False,False,0.0013537475472548978,8.974253299289431e-05,0.0002859601527407022,4.657282574463214e-05,8.177320895548575e-08,7,outer,5,False,False,0.7566613897659125,0.8428995123657611,0.8006516150542463,0.7617922590314989,0.641043008688973,False,False,False,32768
vel2,persistence,0.0010938381357118486,False,2.762972688290032e-05,False,1.3450410227111735,1.371820621013813,1.2043966904894194,1.075808310294838,1.4505713880618663,0.00017300799294866674,False,1.99931856541824e-05,False,2.993176562412592e-08,False,0.0008132377505535259,2.0140918178122438e-05,0.0001436470178927203,1.8584338364799423e-05,2.0634465749471504e-08,False,False,0.9999999520446132,1.0000000057362717,0.9999999962175601,0.9999999942748772,0.9999999924351204,False,False,False,0.0008132377895526586,2.014091806258866e-05,0.0001436470184360565,1.8584338471197044e-05,2.0634465905568755e-08,8,outer,5,False,False,1.345040958209211,1.3718206288829489,1.2043966859338613,1.0758083041357032,1.4505713770884683,False,False,False,32768
vel2,fno_plain,0.07146307080984116,False,0.5530910314755947,False,1.0,1.1429004969376102,0.6551553807189262,0.8542597055839731,0.4292285728849613,0.016262897323441976,False,0.002074027962421125,False,0.00026448182935281624,False,0.07146307080984116,0.4839362945047239,0.024822962311011013,0.0024278658455549143,0.0006161794578938731,False,False,0.41352932666572234,0.22529811139976436,0.6912238349419266,0.5631361033454136,0.4777903899918239,False,False,False,0.17281258232891555,2.1479820292236593,0.03591161221038699,0.004311330477892876,0.0012896438915492156,1,inner,5,False,False,0.41352932666572234,0.2574933234778958,0.45285901474337414,0.48106448184755896,0.20508128723433963,False,False,False,32768
vel2,fno_plain,0.07146307080984116,False,0.31345791344111373,False,3.5753398653969644,11.502661979720912,2.0795630123191944,2.0989856691399686,4.324582322206081,0.011996148635004247,False,0.0015043884897099492,False,0.00014390758207311424,False,0.01998776997439563,0.027250901921115057,0.00576859107607697,0.0007167216583838575,3.327664300299486e-05,False,False,0.9999999221869882,0.9999999904966503,0.9999999996011073,0.9999999977959999,0.9999999992022146,False,False,False,0.01998777152970433,0.02725090218008991,0.005768591078378019,0.0007167216599635121,3.327664302954248e-05,2,inner,5,False,False,3.5753395871890015,11.502661870407094,2.0795630114896717,2.098985664513804,4.324582318755992,False,False,False,32768
vel2,fno_plain,0.022004992701113224,False,0.019335701374596455,False,0.7638127204378871,1.3439608689604254,0.6851010136963218,0.9512903463965716,0.46936339896772766,0.005179891738908465,False,0.0006326567976800891,False,2.6831278426812155e-05,False,0.028809408526867628,0.014387101455976855,0.007560770799274435,0.0006650512118372203,5.716525507916098e-05,False,False,1.0000000649773317,0.99999999678953,0.99999999952826,0.9999999993765388,0.9999999990565199,False,False,False,0.028809406654909255,0.014387101502166212,0.0075607708028411534,0.000665051212251854,5.716525513309526e-05,3,middle,5,False,False,0.7638127700683996,1.3439608646456793,0.6851010133731322,0.951290345803479,0.4693633985248926,False,False,False,32768
vel2,fno_plain,0.0130162900313735,False,0.024832145716864953,False,0.4747411629843745,2.0958521869810722,0.5000555987399027,1.0477325170969383,0.2500556018311226,0.0028303738581778445,False,0.0005262998275466137,False,8.011016177056536e-06,False,0.02741765628568828,0.01184823332061118,0.005660118325462497,0.000502322700649673,3.203693945823638e-05,False,False,1.0000000339679875,1.0000000144590409,1.0000000009036014,1.0000000053481464,1.000000001807203,False,False,False,0.027417655354365706,0.011848233149297092,0.0056601183203480055,0.0005023226979631776,3.203693940033912e-05,4,middle,5,False,False,0.47474117911037644,2.095852217285085,0.5000555991917537,1.0477325227003653,0.2500556022830238,False,False,False,32768
vel2,fno_plain,0.011354660615324974,False,0.010909919842955767,False,0.9959040190488353,2.8276579068074215,1.130145858964048,1.656100519487939,1.2772296625335862,0.0023995462857266886,False,0.0003813260976510374,False,5.757822377344748e-06,False,0.011401360370218754,0.003858288450201409,0.00212321822594319,0.00023025540609632934,4.508055634977346e-06,False,False,0.9999999595658202,0.99999998937184,1.000000000283513,0.9999999986744403,1.0000000005670255,False,False,False,0.011401360831223428,0.0038582884912079164,0.00212321822534123,0.00023025540640154662,4.5080556324211635e-06,5,middle,5,False,False,0.9959039787802731,2.8276578767546208,1.130145859284459,1.656100517292679,1.2772296632578082,False,False,False,32768
vel2,fno_plain,0.005202861499274149,False,0.0010805049002548806,False,2.266843951151173,3.397995322205244,1.9281079508640622,1.7096139276854574,3.717600270185213,0.0010043753344939866,False,0.00011275961600838251,False,1.0087698125399076e-06,False,0.0022952005569823086,0.00031798304523669865,0.0005209123970698248,6.595618705624428e-05,2.7134972542103087e-07,False,False,1.0000000167379957,0.9999999979228855,1.0000000005633671,0.9999999990840122,1.0000000011267343,False,False,False,0.002295200518565252,0.0003179830458971858,0.0005209123967763599,6.595618711665934e-05,2.7134972511529184e-07,6,middle,5,False,False,2.2668439890935974,3.397995315147219,1.9281079519502946,1.7096139261194718,3.7176002743739605,False,False,False,32768
vel2,fno_plain,0.009841540991328657,False,0.00520159346973901,False,7.269849542518861,57.96129481590429,4.27565933963631,3.4825196477452134,18.28126278861921,0.0012226681974198802,False,0.00016219078031085257,False,1.4949175209819792e-06,False,0.0013537475478369743,8.974253398341472e-05,0.00028596015264487393,4.657282563096646e-05,8.177320890067961e-08,False,False,1.0000000004299743,1.0000000110373575,0.9999999996648894,0.9999999975593991,0.9999999993297788,False,False,False,0.0013537475472548978,8.974253299289431e-05,0.0002859601527407022,4.657282574463214e-05,8.177320895548575e-08,7,outer,5,False,False,7.269849545644708,57.961295455643814,4.275659338203492,3.4825196392457727,18.281262776366717,False,False,False,32768
vel2,fno_plain,0.0024936724119470456,False,0.0008904218466287484,False,3.0663510274206294,44.20959554842671,4.266235620078572,4.88216756272682,18.200766366027196,0.0006128320244519872,False,9.073185393936334e-05,False,3.755630901939211e-07,False,0.0008132377505535259,2.0140918178122438e-05,0.0001436470178927203,1.8584338364799423e-05,2.0634465749471504e-08,False,False,0.9999999520446132,1.0000000057362717,0.9999999962175601,0.9999999942748772,0.9999999924351204,False,False,False,0.0008132377895526586,2.014091806258866e-05,0.0001436470184360565,1.8584338471197044e-05,2.0634465905568755e-08,8,outer,5,False,False,3.06635088037258,44.20959580202497,4.266235603941792,4.882167534775811,18.200766228340587,False,False,False,32768
vel2,fno_full,0.07146307080984116,False,0.5259735093644688,False,1.0,1.0868651831596288,0.8527001369290611,1.0251186366437075,0.7270975235188395,0.021166543361584012,False,0.002488850525549076,False,0.00044802255787781617,False,0.07146307080984116,0.4839362945047239,0.024822962311011013,0.0024278658455549143,0.0006161794578938731,False,False,0.41352932666572234,0.22529811139976436,0.6912238349419266,0.5631361033454136,0.4777903899918239,False,False,False,0.17281258232891555,2.1479820292236593,0.03591161221038699,0.004311330477892876,0.0012896438915492156,1,inner,5,False,False,0.41352932666572234,0.24486867311202337,0.5894066587036115,0.5772813145063005,0.34740020932415566,False,False,False,32768
vel2,fno_full,0.060101935639977455,False,0.3792162704367502,False,3.006935526923121,13.915732827283735,2.05095798107178,2.2641360914964643,4.206428640122032,0.01183113790701951,False,0.0016227553743040914,False,0.000139975824174914,False,0.01998776997439563,0.027250901921115057,0.00576859107607697,0.0007167216583838575,3.327664300299486e-05,False,False,0.9999999221869882,0.9999999904966503,0.9999999996011073,0.9999999977959999,0.9999999992022146,False,False,False,0.01998777152970433,0.02725090218008991,0.005768591078378019,0.0007167216599635121,3.327664302954248e-05,2,inner,5,False,False,3.0069352929444113,13.915732695037661,2.050957980253668,2.2641360865063085,4.206428636766205,False,False,False,32768
vel2,fno_full,0.05438574589788914,False,0.03549433491337415,False,1.8877772463523173,2.4670942247806757,1.373674440303425,1.6894504714790881,1.8869814679429278,0.010386037595955789,False,0.0011235710833961308,False,0.00010786977694460709,False,0.028809408526867628,0.014387101455976855,0.007560770799274435,0.0006650512118372203,5.716525507916098e-05,False,False,1.0000000649773317,0.99999999678953,0.99999999952826,0.9999999993765388,0.9999999990565199,False,False,False,0.028809406654909255,0.014387101502166212,0.0075607708028411534,0.000665051212251854,5.716525513309526e-05,3,middle,5,False,False,1.8877773690150457,2.4670942168601435,1.3736744396554077,1.6894504704257813,1.8869814661625983,False,False,False,32768
vel2,fno_full,0.02226646989583969,False,0.05284090126519701,False,0.8121215637042816,4.459812685598874,0.7908014707073723,1.3673210470564439,0.6253669660729432,0.004476029896153492,False,0.0006868364010125315,False,2.0034843631259843e-05,False,0.02741765628568828,0.01184823332061118,0.005660118325462497,0.000502322700649673,3.203693945823638e-05,False,False,1.0000000339679875,1.0000000144590409,1.0000000009036014,1.0000000053481464,1.000000001807203,False,False,False,0.027417655354365706,0.011848233149297092,0.0056601183203480055,0.0005023226979631776,3.203693940033912e-05,4,middle,5,False,False,0.8121215912904167,4.459812750083488,0.7908014714219417,1.367321054369077,0.6253669672031082,False,False,False,32768
vel2,fno_full,0.016814997228793795,False,0.008144224635608308,False,1.4748237651285792,2.110838715333263,1.784827273547772,1.5822476967118857,3.1856083963999735,0.003789577797357121,False,0.000364321085951377,False,1.4360899882222049e-05,False,0.011401360370218754,0.003858288450201409,0.00212321822594319,0.00023025540609632934,4.508055634977346e-06,False,False,0.9999999595658202,0.99999998937184,1.000000000283513,0.9999999986744403,1.0000000005670255,False,False,False,0.011401360831223428,0.0038582884912079164,0.00212321822534123,0.00023025540640154662,4.5080556324211635e-06,5,middle,5,False,False,1.47482370549529,2.1108386928989313,1.7848272740537936,1.582247694614522,3.1856083982062953,False,False,False,32768
vel2,fno_full,0.00902830583974719,False,0.007846513327436693,False,3.9335585782610023,24.675885852957805,3.7054012054970085,4.000420331841737,13.729998093698685,0.0019301894240608653,False,0.00026385247171055643,False,3.7256312127564153e-06,False,0.0022952005569823086,0.00031798304523669865,0.0005209123970698248,6.595618705624428e-05,2.7134972542103087e-07,False,False,1.0000000167379957,0.9999999979228855,1.0000000005633671,0.9999999990840122,1.0000000011267343,False,False,False,0.002295200518565252,0.0003179830458971858,0.0005209123967763599,6.595618711665934e-05,2.7134972511529184e-07,6,middle,5,False,False,3.9335586441008887,24.675885801703163,3.7054012075845097,4.000420328177401,13.729998109168744,False,False,False,32768
vel2,fno_full,0.014480530233122409,False,0.009100580584067604,False,10.696625272754499,101.40766234380543,14.645508217776372,7.926794995609601,214.49091095695528,0.004188031765517087,False,0.0003691732411429435,False,1.7539610068980172e-05,False,0.0013537475478369743,8.974253398341472e-05,0.00028596015264487393,4.657282563096646e-05,8.177320890067961e-08,False,False,1.0000000004299743,1.0000000110373575,0.9999999996648894,0.9999999975593991,0.9999999993297788,False,False,False,0.0013537475472548978,8.974253299289431e-05,0.0002859601527407022,4.657282574463214e-05,8.177320895548575e-08,7,outer,5,False,False,10.696625277353771,101.40766346307804,14.645508212868508,7.926794976263458,214.49091081319892,False,False,False,32768
vel2,fno_full,0.00962605804670602,False,0.011433908217213129,False,11.836708318267439,567.695480220605,15.961156234662075,16.05490896917302,254.75850834729204,0.0022927724952290073,False,0.0002983698606991645,False,5.256805714878648e-06,False,0.0008132377505535259,2.0140918178122438e-05,0.0001436470178927203,1.8584338364799423e-05,2.0634465749471504e-08,False,False,0.9999999520446132,1.0000000057362717,0.9999999962175601,0.9999999942748772,0.9999999924351204,False,False,False,0.0008132377895526586,2.014091806258866e-05,0.0001436470184360565,1.8584338471197044e-05,2.0634465905568755e-08,8,outer,5,False,False,11.836707750633515,567.6954834770605,15.961156174289963,16.054908877256693,254.7585064200746,False,False,False,32768
vel2,localno_plain,0.051154107041656974,False,0.25806909888354607,False,0.7158117676999203,0.533270808191112,0.3549523211794874,0.7470566515824686,0.12599115031070596,0.008810968090844291,False,0.001813753329071693,False,7.763315869787629e-05,False,0.07146307080984116,0.4839362945047239,0.024822962311011013,0.0024278658455549143,0.0006161794578938731,False,False,0.41352932666572234,0.22529811139976436,0.6912238349419266,0.5631361033454136,0.4777903899918239,False,False,False,0.17281258232891555,2.1479820292236593,0.03591161221038699,0.004311330477892876,0.0012896438915492156,1,inner,5,False,False,0.2960091583163485,0.12014490595008351,0.24535150466722372,0.42069457175042374,0.0601973608424707,False,False,False,32768
vel2,localno_plain,0.05469258911907673,False,0.19160599481150523,False,2.7363027085631884,7.031179935481015,1.4083562156768135,2.002128718410173,1.9834672302355147,0.008124231097690799,False,0.0014349690153568865,False,6.600313092868624e-05,False,0.01998776997439563,0.027250901921115057,0.00576859107607697,0.0007167216583838575,3.327664300299486e-05,False,False,0.9999999221869882,0.9999999904966503,0.9999999996011073,0.9999999977959999,0.9999999992022146,False,False,False,0.01998777152970433,0.02725090218008991,0.005768591078378019,0.0007167216599635121,3.327664302954248e-05,2,inner,5,False,False,2.7363024956432334,7.031179868661253,1.4083562151150304,2.002128713997481,1.9834672286531336,False,False,False,32768
vel2,localno_plain,0.025298386914655566,False,0.039153609938412465,False,0.8781293406653008,2.721438370210896,0.770024999178511,1.542412533247297,0.592938499359866,0.005821982528500207,False,0.0010257833243890319,False,3.3895480562161665e-05,False,0.028809408526867628,0.014387101455976855,0.007560770799274435,0.0006650512118372203,5.716525507916098e-05,False,False,1.0000000649773317,0.99999999678953,0.99999999952826,0.9999999993765388,0.9999999990565199,False,False,False,0.028809406654909255,0.014387101502166212,0.0075607708028411534,0.000665051212251854,5.716525513309526e-05,3,middle,5,False,False,0.8781293977238023,2.7214383614738002,0.7700249988152594,1.5424125322856628,0.5929384988004403,False,False,False,32768
vel2,localno_plain,0.01134567053988576,False,0.013871983981168292,False,0.41380891282848553,1.1708061114087445,0.4258686354877221,1.0680170797769681,0.18136409469217424,0.002410466867963764,False,0.0005364892238535439,False,5.810350521551036e-06,False,0.02741765628568828,0.01184823332061118,0.005660118325462497,0.000502322700649673,3.203693945823638e-05,False,False,1.0000000339679875,1.0000000144590409,1.0000000009036014,1.0000000053481464,1.000000001807203,False,False,False,0.027417655354365706,0.011848233149297092,0.0056601183203480055,0.0005023226979631776,3.203693940033912e-05,4,middle,5,False,False,0.4138089268847415,1.170806128337478,0.4258686358725376,1.06801708548888,0.181364095019936,False,False,False,32768
vel2,localno_plain,0.007882484509609638,False,0.015527884091969887,False,0.6913635087089524,4.024552412912339,0.7593585363681655,1.709400414175379,0.5766253867552027,0.0016122838844424337,False,0.00039359868654718547,False,2.5994593240327832e-06,False,0.011401360370218754,0.003858288450201409,0.00212321822594319,0.00023025540609632934,4.508055634977346e-06,False,False,0.9999999595658202,0.99999998937184,1.000000000283513,0.9999999986744403,1.0000000005670255,False,False,False,0.011401360831223428,0.0038582884912079164,0.00212321822534123,0.00023025540640154662,4.5080556324211635e-06,5,middle,5,False,False,0.6913634807542359,4.0245523701387516,0.7593585365834535,1.7094004119094668,0.576625387082164,False,False,False,32768
vel2,localno_plain,0.004421802044380456,False,0.008159087082976857,False,1.926542772451296,25.658874601013512,1.70977261988147,4.169275529588437,2.923322411696345,0.000890641753866811,False,0.0002749895167185569,False,7.93242733730949e-07,False,0.0022952005569823086,0.00031798304523669865,0.0005209123970698248,6.595618705624428e-05,2.7134972542103087e-07,False,False,1.0000000167379957,0.9999999979228855,1.0000000005633671,0.9999999990840122,1.0000000011267343,False,False,False,0.002295200518565252,0.0003179830458971858,0.0005209123967763599,6.595618711665934e-05,2.7134972511529184e-07,6,middle,5,False,False,1.9265428046977606,25.65887454771709,1.7097726208446995,4.169275525769431,2.9233224149901527,False,False,False,32768
vel2,localno_plain,0.006313103297725317,False,0.011996878264065331,False,4.663427319083555,133.6810733055796,4.3771159234660635,6.126641145314033,19.159143807460172,0.0012516807376186639,False,0.00028533498976421513,False,1.5667046689256026e-06,False,0.0013537475478369743,8.974253398341472e-05,0.00028596015264487393,4.657282563096646e-05,8.177320890067961e-08,False,False,1.0000000004299743,1.0000000110373575,0.9999999996648894,0.9999999975593991,0.9999999993297788,False,False,False,0.0013537475472548978,8.974253299289431e-05,0.0002859601527407022,4.657282574463214e-05,8.177320895548575e-08,7,outer,5,False,False,4.663427321088708,133.68107478106538,4.377115921999246,6.126641130361347,19.159143794619304,False,False,False,32768
vel2,localno_plain,0.0071388015872798855,False,0.0064773106533565486,False,8.778246684221065,321.5995713836107,9.763364960615766,20.902306599721726,95.32329535417969,0.0014024782611907313,False,0.00038845553845400866,False,1.966945273112577e-06,False,0.0008132377505535259,2.0140918178122438e-05,0.0001436470178927203,1.8584338364799423e-05,2.0634465749471504e-08,False,False,0.9999999520446132,1.0000000057362717,0.9999999962175601,0.9999999942748772,0.9999999924351204,False,False,False,0.0008132377895526586,2.014091806258866e-05,0.0001436470184360565,1.8584338471197044e-05,2.0634465905568755e-08,8,outer,5,False,False,8.77824626325685,321.5995732283932,9.763364923686426,20.902306480053454,95.32329463307043,False,False,False,32768
vel3,persistence,0.07675067499279976,True,0.9391260768439798,True,,,,,,0.010883834425966993,True,0.0008119383955470758,True,0.00011845785181186427,True,0.0,0.0,0.0,0.0,0.0,False,False,0.0,0.0,0.0,0.0,0.0,False,False,False,1.2526306402683234,415.7558668073258,0.2835289429400764,0.05633724077040189,0.0803886614847171,1,inner,5,False,False,0.06127159317798514,0.002258840227693528,0.038387031366555344,0.01441210794927051,0.0014735641771369038,False,False,False,32768
vel3,persistence,0.14099662087857723,True,2.4966776017925842,True,,,,,,0.05381198983004947,True,0.004234392765672282,True,0.002895730249469348,True,0.0,0.0,0.0,0.0,0.0,False,False,0.0,0.0,0.0,0.0,0.0,False,False,False,0.4974280704557895,39.32997126770642,0.11098618520673582,0.01887076251591559,0.012317933306743864,2,inner,5,False,False,0.28345127517508834,0.06348028033884148,0.4848530448164605,0.22438906547104268,0.2350824750677927,False,False,False,32768
vel3,persistence,0.1044483856484294,False,0.7242584104645692,False,1.7469306552130504,2.605149651670412,3.2784919729665645,2.889547553757011,10.748509616806196,0.04185191275574793,False,0.002880464390266502,False,0.001751582601314736,False,0.059789657555520535,0.27801029011910217,0.012765598665742029,0.0009968565447283611,0.00016296050929479468,False,False,0.2030936746262193,0.03188310543930413,0.1836666162365861,0.11210126914483909,0.03373342591979739,False,False,False,0.2943944840505718,8.719674143673062,0.06950418604815099,0.008892464396994334,0.004830831878215987,3,middle,5,False,False,0.35479056608440734,0.08306026102937417,0.6021495270335779,0.32392194803052604,0.36258405290676166,False,False,False,32768
vel3,persistence,0.09812243954278528,False,0.3084231538222768,False,1.1348185181864507,0.3480494138377521,1.1079691808122147,0.940181724148345,1.2275957056296904,0.034440868631636014,False,0.0023492251080426438,False,0.0011861734321016097,False,0.08646531403064728,0.8861476030700985,0.031084681079656545,0.002498692590701726,0.0009662573978239576,False,False,0.4861219976368433,0.3357088703009215,0.6147059499011599,0.5108861993853904,0.37786340484388725,False,False,False,0.17786751978099347,2.6396311848292147,0.050568375146937704,0.004890898587019418,0.002557160565001427,4,middle,5,False,False,0.5516602450160798,0.11684327552836966,0.6810752477523824,0.48032586778175146,0.46386349310096914,False,False,False,32768
vel3,persistence,0.10011007013497875,False,0.15536209062022638,False,1.029117542613577,0.22948531498338853,0.9115700523609968,0.740033082886753,0.8309599603614306,0.030760500335744043,False,0.001818125513883236,False,0.0009462083809053095,False,0.09727758588269353,0.6770023198716326,0.03374452710032907,0.0024568165341892737,0.0011386931092248428,False,False,0.7270752437045337,0.6393888737097962,0.8578073873835678,0.7762337756838086,0.7358335138498224,False,False,False,0.13379301073029637,1.0588271828122369,0.039338116687540524,0.00316504719473845,0.001547487424522554,5,middle,5,False,False,0.7482458880963773,0.14673035708016663,0.7819515250328888,0.5744386740601132,0.6114481875012606,False,False,False,32768
vel3,persistence,0.08464301754953339,False,0.13180563899775732,False,0.8379241748432725,0.5028180751788645,0.8058164384437047,0.7909282873056616,0.6493401324660967,0.02123361499021177,False,0.0013294382043612385,False,0.00045086640555254604,False,0.10101512772962451,0.2621338521907171,0.026350436622043644,0.0016808580824565513,0.0006943455101723389,False,False,0.9914563512522744,0.9173221979066326,0.994773886779626,0.9817669894652835,0.9895750858186441,False,False,False,0.101885602530092,0.28575984838142743,0.026488870458137692,0.0017120743521556226,0.0007016602581479998,6,middle,5,False,False,0.8307652450161838,0.46124618187025834,0.8016051505015592,0.7765072835110122,0.6425708173106274,False,False,False,32768
vel3,persistence,0.056612339904531836,False,0.04526299113739143,False,0.8038488693321182,0.5466895147297992,0.8022854555548025,0.7837681225417591,0.643661952194777,0.012084979593226797,False,0.0007770889493425659,False,0.00014604673176870812,False,0.07042659642174838,0.08279469409572017,0.015063191672681765,0.0009914781259825513,0.00022689974336794928,False,False,0.9999999991734989,1.0000000162902132,1.0000000015024024,0.9999999966362195,1.000000003004805,False,False,False,0.07042659647995604,0.08279469274697698,0.015063191650050788,0.000991478129317666,0.00022689974268615977,7,outer,5,False,False,0.8038488686677362,0.5466895236354878,0.8022854567601582,0.7837681199053352,0.6436619541288556,False,False,False,32768
vel3,persistence,0.02943920310586691,False,0.02384250000335497,False,0.8051413448607285,0.7223824179231404,0.7973098307170918,0.8220812303604654,0.6357029661581176,0.0052829200547337965,False,0.0003997209698845547,False,2.7909244304708536e-05,False,0.03656401859596371,0.03300537140965099,0.006625931164027409,0.0004862305026831539,4.3902963790429606e-05,False,False,0.9999999864685248,0.9999999760255722,0.9999999999177899,0.9999999911831603,0.9999999998355796,False,False,False,0.03656401909072883,0.033005372200935905,0.0066259311645721275,0.0004862305069701703,4.390296379764815e-05,8,outer,5,False,False,0.8051413339659783,0.7223824006044353,0.7973098306515449,0.822081223112307,0.6357029660535951,False,False,False,32768
vel3,fno_plain,0.09872405163478107,True,0.7481943804950056,True,,,,,,0.020918867339956314,True,0.004202153425601697,True,0.00043759901078669087,True,0.0,0.0,0.0,0.0,0.0,False,False,0.0,0.0,0.0,0.0,0.0,False,False,False,1.2526306402683234,415.7558668073258,0.2835289429400764,0.05633724077040189,0.0803886614847171,1,inner,5,False,False,0.07881337759200398,0.001799600294857035,0.07378035950417061,0.07458926578827763,0.005443541448564658,False,False,False,32768
vel3,fno_plain,0.10660454630851746,True,0.8995157104459433,True,,,,,,0.0319291215806624,True,0.0026430589157193838,True,0.001019468804912721,True,0.0,0.0,0.0,0.0,0.0,False,False,0.0,0.0,0.0,0.0,0.0,False,False,False,0.4974280704557895,39.32997126770642,0.11098618520673582,0.01887076251591559,0.012317933306743864,2,inner,5,False,False,0.2143114806746562,0.022870998412971882,0.2876855486219973,0.14006105548147454,0.08276297488593957,False,False,False,32768
vel3,fno_plain,0.10573228541761637,False,0.39119868626656606,False,1.7684042648920277,1.4071374340099891,2.5656732750564712,2.580018684958499,6.582679354339,0.03275235533679087,False,0.0025719085116223395,False,0.0010727167801074136,False,0.059789657555520535,0.27801029011910217,0.012765598665742029,0.0009968565447283611,0.00016296050929479468,False,False,0.2030936746262193,0.03188310543930413,0.1836666162365861,0.11210126914483909,0.03373342591979739,False,False,False,0.2943944840505718,8.719674143673062,0.06950418604815099,0.008892464396994334,0.004830831878215987,3,middle,5,False,False,0.35915172038160004,0.04486391117613234,0.4712285287982619,0.2892233690012465,0.22205632635337436,False,False,False,32768
vel3,fno_plain,0.09802791167981922,False,0.3614627204996575,False,1.1337252721371442,0.40790351319278356,0.7019729879370623,1.001890930775773,0.492766075793287,0.021820606456557173,False,0.0025034174454206803,False,0.00047613886613194457,False,0.08646531403064728,0.8861476030700985,0.031084681079656545,0.002498692590701726,0.0009662573978239576,False,False,0.4861219976368433,0.3357088703009215,0.6147059499011599,0.5108861993853904,0.37786340484388725,False,False,False,0.17786751978099347,2.6396311848292147,0.050568375146937704,0.004890898587019418,0.002557160565001427,4,middle,5,False,False,0.5511287940626823,0.1369368276057264,0.43150697235480734,0.5118522498227259,0.18619826719081242,False,False,False,32768
vel3,fno_plain,0.10281594377011061,False,0.3278740644941433,False,1.056933545761464,0.4843027193116738,0.6378813748422526,0.7968332257321695,0.40689264837064243,0.021525005340159557,False,0.001957673043970168,False,0.0004633258548938975,False,0.09727758588269353,0.6770023198716326,0.03374452710032907,0.0024568165341892737,0.0011386931092248428,False,False,0.7270752437045337,0.6393888737097962,0.8578073873835678,0.7762337756838086,0.7358335138498224,False,False,False,0.13379301073029637,1.0588271828122369,0.039338116687540524,0.00316504719473845,0.001547487424522554,5,middle,5,False,False,0.7684702153640134,0.3096577702352827,0.5471793556140709,0.6185288634003905,0.29940524721023004,False,False,False,32768
vel3,fno_plain,0.08631893801502884,False,0.06910301058398666,False,0.8545149618190727,0.2636172703619765,0.7734682791867084,0.6643133792754048,0.5982531789080479,0.020381226869870518,False,0.0011166165128390886,False,0.00041539440872113205,False,0.10101512772962451,0.2621338521907171,0.026350436622043644,0.0016808580824565513,0.0006943455101723389,False,False,0.9914563512522744,0.9173221979066326,0.994773886779626,0.9817669894652835,0.9895750858186441,False,False,False,0.101885602530092,0.28575984838142743,0.026488870458137692,0.0017120743521556226,0.0007016602581479998,6,middle,5,False,False,0.8472142861356143,0.24182197385459528,0.7694260463873108,0.6522009464327233,0.5920164408592081,False,False,False,32768
vel3,fno_plain,0.10410579053685069,False,0.4403834102384015,False,1.4782169780492453,5.31898106573433,1.520880777498507,1.379072995315231,2.3130783393644627,0.022909318662757278,False,0.0013673207089882889,False,0.0005248368815917589,False,0.07042659642174838,0.08279469409572017,0.015063191672681765,0.0009914781259825513,0.00022689974336794928,False,False,0.9999999991734989,1.0000000162902132,1.0000000015024024,0.9999999966362195,1.000000003004805,False,False,False,0.07042659647995604,0.08279469274697698,0.015063191650050788,0.000991478129317666,0.00022689974268615977,7,outer,5,False,False,1.4782169768274975,5.318981152381665,1.520880779783482,1.3790729906763322,2.3130783463148124,False,False,False,32768
vel3,fno_plain,0.007516401503235099,False,0.02421741068687084,False,0.20556825512786583,0.7337414988091758,0.30645130519507047,0.4778507995941029,0.09391240245576221,0.002030525253348892,False,0.0002323456344941877,False,4.123032804487581e-06,False,0.03656401859596371,0.03300537140965099,0.006625931164027409,0.0004862305026831539,4.3902963790429606e-05,False,False,0.9999999864685248,0.9999999760255722,0.9999999999177899,0.9999999911831603,0.9999999998355796,False,False,False,0.03656401909072883,0.033005372200935905,0.0066259311645721275,0.0004862305069701703,4.390296379764815e-05,8,outer,5,False,False,0.20556825234622408,0.7337414812181432,0.30645130516987706,0.47785079538096903,0.0939124024403211,False,False,False,32768
vel3,fno_full,0.08371304089203477,True,1.2454394420592478,True,,,,,,0.026276031983268944,True,0.0038291141264854708,True,0.0006904298567857724,True,0.0,0.0,0.0,0.0,0.0,False,False,0.0,0.0,0.0,0.0,0.0,False,False,False,1.2526306402683234,415.7558668073258,0.2835289429400764,0.05633724077040189,0.0803886614847171,1,inner,5,False,False,0.0668297886072009,0.002995602808021043,0.09267495484163801,0.06796772568416569,0.008588647254899646,False,False,False,32768
vel3,fno_full,0.10203953243792058,True,1.4016739473213524,True,,,,,,0.04332431352532078,True,0.0029179606378748855,True,0.0018769961424402936,True,0.0,0.0,0.0,0.0,0.0,False,False,0.0,0.0,0.0,0.0,0.0,False,False,False,0.4974280704557895,39.32997126770642,0.11098618520673582,0.01887076251591559,0.012317933306743864,2,inner,5,False,False,0.2051342465342226,0.035638824594623024,0.39035771384177104,0.15462865559427602,0.15237914475577405,False,False,False,32768
vel3,fno_full,0.10362722165882587,False,0.6363498181567573,False,1.7331964405816822,2.2889433980452276,2.6651862748971307,2.6742359831341362,7.1032178799000425,0.03402269835478078,False,0.0026658296419353467,False,0.0011575440033404025,False,0.059789657555520535,0.27801029011910217,0.012765598665742029,0.0009968565447283611,0.00016296050929479468,False,False,0.2030936746262193,0.03188310543930413,0.1836666162365861,0.11210126914483909,0.03373342591979739,False,False,False,0.2943944840505718,8.719674143673062,0.06950418604815099,0.008892464396994334,0.004830831878215987,3,middle,5,False,False,0.3520012339668176,0.07297862370447507,0.4895057447505477,0.29978524770213316,0.23961587414378835,False,False,False,32768
vel3,fno_full,0.09728905428666622,False,0.2857926596038492,False,1.1251801416251437,0.3225113498176913,0.6375375814713519,0.8797713692959994,0.4064541677883406,0.019817652396332524,False,0.002198278201971426,False,0.0003927393465018642,False,0.08646531403064728,0.8861476030700985,0.031084681079656545,0.002498692590701726,0.0009662573978239576,False,False,0.4861219976368433,0.3357088703009215,0.6147059499011599,0.5108861993853904,0.37786340484388725,False,False,False,0.17786751978099347,2.6396311848292147,0.050568375146937704,0.004890898587019418,0.002557160565001427,4,middle,5,False,False,0.546974818148121,0.10826992090652245,0.39189814461603545,0.44946305118771385,0.15358415575349102,False,False,False,32768
vel3,fno_full,0.10303575918078423,False,0.23795165663610543,False,1.0591932174903522,0.35147834749107476,0.6583716799778313,0.8006443628602485,0.43345326899683195,0.022216440997101104,False,0.001967036308680495,False,0.0004935702505776747,False,0.09727758588269353,0.6770023198716326,0.03374452710032907,0.0024568165341892737,0.0011386931092248428,False,False,0.7270752437045337,0.6393888737097962,0.8578073873835678,0.7762337756838086,0.7358335138498224,False,False,False,0.13379301073029637,1.0588271828122369,0.039338116687540524,0.00316504719473845,0.001547487424522554,5,middle,5,False,False,0.770113166736987,0.22473134473569867,0.5647560907291138,0.6214871967629679,0.3189494420156312,False,False,False,32768
vel3,fno_full,0.07217936366796485,False,0.13314050178373116,False,0.7145401415633408,0.5079103697254026,0.6991301255998478,0.7723537741152476,0.4887829325212589,0.0184223840651802,False,0.0012982170837374356,False,0.0003393842346450054,False,0.10101512772962451,0.2621338521907171,0.026350436622043644,0.0016808580824565513,0.0006943455101723389,False,False,0.9914563512522744,0.9173221979066326,0.994773886779626,0.9817669894652835,0.9895750858186441,False,False,False,0.101885602530092,0.28575984838142743,0.026488870458137692,0.0017120743521556226,0.0007016602581479998,6,middle,5,False,False,0.7084353615776734,0.4659174566960767,0.6954763924076887,0.7582714396152763,0.4836874123964133,False,False,False,32768
vel3,fno_full,0.054716380564495924,False,0.07965546049566229,False,0.776927799219884,0.9620841210376528,0.8137455989352962,1.0116511684473164,0.6621818997865638,0.012257605929563589,False,0.0010030300046402036,False,0.00015024890312447244,False,0.07042659642174838,0.08279469409572017,0.015063191672681765,0.0009914781259825513,0.00022689974336794928,False,False,0.9999999991734989,1.0000000162902132,1.0000000015024024,0.9999999966362195,1.000000003004805,False,False,False,0.07042659647995604,0.08279469274697698,0.015063191650050788,0.000991478129317666,0.00022689974268615977,7,outer,5,False,False,0.7769277985777523,0.9620841367102082,0.8137456001578697,1.011651165044344,0.6621819017762913,False,False,False,32768
vel3,fno_full,0.027422100044786926,False,0.022732199319768914,False,0.7499750054227913,0.6887424182453485,0.8161344779601478,1.2421342822987311,0.6660754861152831,0.005407650871553384,False,0.0006039635764820906,False,2.9242687948612074e-05,False,0.03656401859596371,0.03300537140965099,0.006625931164027409,0.0004862305026831539,4.3902963790429606e-05,False,False,0.9999999864685248,0.9999999760255722,0.9999999999177899,0.9999999911831603,0.9999999998355796,False,False,False,0.03656401909072883,0.033005372200935905,0.0066259311645721275,0.0004862305069701703,4.390296379764815e-05,8,outer,5,False,False,0.749974995274523,0.6887424017331432,0.8161344778930534,1.2421342713470322,0.6660754860057667,False,False,False,32768
vel3,localno_plain,0.046179388863965866,True,1.1904020780079614,True,,,,,,0.010417756108540151,True,0.003913701715587363,True,0.00010852964233702561,True,0.0,0.0,0.0,0.0,0.0,False,False,0.0,0.0,0.0,0.0,0.0,False,False,False,1.2526306402683234,415.7558668073258,0.2835289429400764,0.05633724077040189,0.0803886614847171,1,inner,5,False,False,0.0368659262989718,0.0028632237643434885,0.03674318396038296,0.06946917637548766,0.0013500615675465435,False,False,False,32768
vel3,localno_plain,0.07698751792311669,True,0.7406015078523049,True,,,,,,0.020033498109862456,True,0.0031606087843709836,True,0.00040134104651786263,True,0.0,0.0,0.0,0.0,0.0,False,False,0.0,0.0,0.0,0.0,0.0,False,False,False,0.4974280704557895,39.32997126770642,0.11098618520673582,0.01887076251591559,0.012317933306743864,2,inner,5,False,False,0.15477115686811485,0.018830461451681962,0.1805044301013295,0.1674870732809725,0.03258184928620575,False,False,False,32768
vel3,localno_plain,0.1071889971382916,False,0.925149982694451,False,1.7927682064202517,3.327754459369501,1.8244226996355295,3.552843471205186,3.3285181869453937,0.023289847980216785,False,0.0035416752666663186,False,0.000542417018941608,False,0.059789657555520535,0.27801029011910217,0.012765598665742029,0.0009968565447283611,0.00016296050929479468,False,False,0.2030936746262193,0.03188310543930413,0.1836666162365861,0.11210126914483909,0.03373342591979739,False,False,False,0.2943944840505718,8.719674143673062,0.06950418604815099,0.008892464396994334,0.004830831878215987,3,middle,5,False,False,0.3640998827949454,0.10609914630419232,0.3350855438272751,0.39827826219505696,0.11228232168202076,False,False,False,32768
vel3,localno_plain,0.10489143872633576,False,0.9545431565535456,False,1.2131042361004716,1.0771830259953168,0.8634953970565005,1.377279889930054,0.7456243007377634,0.026841479031252717,False,0.003441399056290715,False,0.0007204649965851793,False,0.08646531403064728,0.8861476030700985,0.031084681079656545,0.002498692590701726,0.0009662573978239576,False,False,0.4861219976368433,0.3357088703009215,0.6147059499011599,0.5108861993853904,0.37786340484388725,False,False,False,0.17786751978099347,2.6396311848292147,0.050568375146937704,0.004890898587019418,0.002557160565001427,4,middle,5,False,False,0.589716654594878,0.36161989676421596,0.5307957582828954,0.703633288456294,0.28174413701111384,False,False,False,32768
vel3,localno_plain,0.1036609008256346,False,1.21930869895754,False,1.0656195863108555,1.8010406510700507,0.822681788047706,1.2180895036860135,0.6768053243853706,0.027761007891722988,False,0.0029926224327782042,False,0.0007706735591643059,False,0.09727758588269353,0.6770023198716326,0.03374452710032907,0.0024568165341892737,0.0011386931092248428,False,False,0.7270752437045337,0.6393888737097962,0.8578073873835678,0.7762337756838086,0.7358335138498224,False,False,False,0.13379301073029637,1.0588271828122369,0.039338116687540524,0.00316504719473845,0.001547487424522554,5,middle,5,False,False,0.7747856204132897,1.1515653533932377,0.7057025152532448,0.9455222145670108,0.49801604003475614,False,False,False,32768
vel3,localno_plain,0.051749990463722494,False,0.39494441886471465,False,0.5122994112548737,1.5066517184410444,0.4637251917937822,0.8776360584588796,0.2150410535041801,0.012219361276407091,False,0.0014751816623159181,False,0.00014931279000335716,False,0.10101512772962451,0.2621338521907171,0.026350436622043644,0.0016808580824565513,0.0006943455101723389,False,False,0.9914563512522744,0.9173221979066326,0.994773886779626,0.9817669894652835,0.9895750858186441,False,False,False,0.101885602530092,0.28575984838142743,0.026488870458137692,0.0017120743521556226,0.0007016602581479998,6,middle,5,False,False,0.5079225050314453,1.3820850658401438,0.46130171143832827,0.8616341109593518,0.21279926897593066,False,False,False,32768
vel3,localno_plain,0.03721044594887643,False,0.08461686359812642,False,0.5283578625047043,1.0220082883608412,0.5153900265028937,0.96266477278589,0.2656268794186535,0.0077634187554016226,False,0.0009544610648711728,False,6.027067077172168e-05,False,0.07042659642174838,0.08279469409572017,0.015063191672681765,0.0009914781259825513,0.00022689974336794928,False,False,0.9999999991734989,1.0000000162902132,1.0000000015024024,0.9999999966362195,1.000000003004805,False,False,False,0.07042659647995604,0.08279469274697698,0.015063191650050788,0.000991478129317666,0.00022689974268615977,7,outer,5,False,False,0.5283578620680159,1.022008305009574,0.5153900272772169,0.9626647695476971,0.26562688021681047,False,False,False,32768
vel3,localno_plain,0.012470230490434915,False,0.03805559369447233,False,0.3410519677345175,1.1530121331506853,0.38183859776573303,1.560118829176822,0.1458007147437013,0.002530036264564497,False,0.0007585773625560996,False,6.401083500011473e-06,False,0.03656401859596371,0.03300537140965099,0.006625931164027409,0.0004862305026831539,4.3902963790429606e-05,False,False,0.9999999864685248,0.9999999760255722,0.9999999999177899,0.9999999911831603,0.9999999998355796,False,False,False,0.03656401909072883,0.033005372200935905,0.0066259311645721275,0.0004862305069701703,4.390296379764815e-05,8,outer,5,False,False,0.3410519631195813,1.1530121055078792,0.38183859773434203,1.5601188154215042,0.14580071471972866,False,False,False,32768
Bcc1,persistence,1.999531110525131,False,300.24185527845805,False,0.10273060330127902,0.01131821853285768,0.11139736329362594,0.10880034702784355,0.01240937254877208,0.5213503510950894,False,0.028210532626417262,False,0.27180618858697303,False,19.463831090927084,26527.306784794117,4.680095970681926,0.2592871566778899,21.9032982947932,False,False,0.9999996452599919,1.0000000536036016,1.0000000046807056,1.0000000519949346,1.0000000093614116,False,False,False,19.463837995529133,26527.30536283501,4.680095948775774,0.25928714319627183,21.90329808974741,1,inner,10,False,False,0.10273056685862396,0.011318219139554957,0.11139736381504421,0.10880035268491048,0.012409372664941324,False,False,False,32768
Bcc1,persistence,0.9081604242324829,False,54.097768224864275,False,0.1582809130344488,0.02199268826035599,0.19413087631578949,0.09306207645922075,0.03768679713913636,0.2923127211146622,False,0.008102741322077644,False,0.0854467269254583,False,5.7376496434211735,2459.8069860509454,1.505750793805525,0.08706813377013156,2.2672854530459685,False,False,0.9999998591341542,0.9999999750551702,0.9999999902615974,0.9999999805328219,0.9999999805231948,False,False,False,5.737650451660157,2459.8070474104134,1.5057508084691327,0.08706813546510246,2.2672854972054464,2,inner,10,False,False,0.1582808907380741,0.021992687711752126,0.19413087442526486,0.09306207464756475,0.037686796405117955,False,False,False,32768
Bcc1,persistence,0.5698485234379769,False,23.4879154632471,False,0.30637958305732615,0.09154654281635087,0.44637988420088465,0.35549449176338926,0.19925500101919516,0.21774344109097143,False,0.010458171183235589,False,0.04741220613813735,False,1.8599428778886795,256.5680225671175,0.4877985070514069,0.029418658869674864,0.2379473834815815,False,False,0.9999998596363843,1.0000000492048284,1.000000002875527,0.9999999998285739,1.000000005751054,False,False,False,1.8599431389570236,256.5680099427326,0.4877985056487292,0.02941865887471799,0.23794738211313327,3,middle,10,False,False,0.30637954005278006,0.0915465473208828,0.44637988548446206,0.35549449170244823,0.19925500216512143,False,False,False,32768
Bcc1,persistence,0.29667066007852555,False,7.229485110140794,False,0.42262406593162244,0.19743591036018787,0.5355415738830089,0.522254899351424,0.2868047773570903,0.09533637847454464,False,0.0055162874467722485,False,0.009089025060641617,False,0.7019729447364806,36.61687023881239,0.17801863221056155,0.0105624426953635,0.03169063341411918,False,False,1.0000004109654104,1.0000000188388987,1.0000000061051564,1.0000000030164602,1.000000012210313,False,False,False,0.7019726562499999,36.61686954899089,0.17801863112372995,0.010562442663502312,0.03169063302716663,4,middle,10,False,False,0.4226242396154951,0.197435914079663,0.535541577152574,0.5222549009267852,0.28680478085906635,False,False,False,32768
Bcc1,persistence,0.11564509198069572,False,1.1157619830767913,False,0.2945627804363886,0.11340524126018836,0.45978351466290557,0.37218960302005727,0.21140088035577426,0.03533917173412253,False,0.002212023580279833,False,0.0012488570588538046,False,0.39259913221001624,9.838716188759493,0.0768604584703994,0.005943270747841463,0.005907530076279992,False,False,1.0000000512394627,1.0000000689791155,1.0000000003500251,1.0000000126232493,1.0000000007000505,False,False,False,0.39259911209344867,9.8387155100936,0.07686045844349632,0.005943270672818075,0.0059075300721444235,5,middle,10,False,False,0.2945627955296272,0.1134052490827816,0.45978351482384133,0.3721896077182994,0.21140088050376551,False,False,False,32768
Bcc1,persistence,0.047802817076444626,False,0.15763786842011965,False,0.4326803046455904,0.17036654425110156,0.6596291599901944,0.4579645916873725,0.4351106287093695,0.014082118212161673,False,0.0009226030181674071,False,0.00019830605334129547,False,0.11048068646341562,0.92528652918955,0.02134853803669172,0.002014572818322203,0.0004557600763040731,False,False,1.0000001584789862,0.9999999711175428,1.0000000036977825,0.9999999887330809,1.0000000073955648,False,False,False,0.11048066895455122,0.9252865559140994,0.02134853795774947,0.0020145728410202323,0.00045576007293346996,6,middle,10,False,False,0.4326803732163264,0.17036653933049714,0.6596291624293595,0.45796458652752253,0.43511063192725835,False,False,False,32768
Bcc1,persistence,0.03077322244644165,False,0.022258930695510108,False,1.0176750395120062,0.340251500230489,0.9538806813037083,0.8788473752114848,0.9098883541644267,0.007528848025310413,False,0.0006192195660644838,False,5.668355258822051e-05,False,0.03023875132203102,0.0654190523199214,0.007892861416398982,0.0007045814592271787,6.229726133847975e-05,False,False,0.9999995688145227,0.9999999598985168,1.0000000239347147,0.9999998574610853,1.00000004786943,False,False,False,0.030238764360547066,0.06541905494332254,0.0078928612274856,0.0007045815596574695,6.22972583563455e-05,7,outer,10,False,False,1.0176746007053086,0.34025148658589915,0.9538807041345702,0.8788472499415337,0.9098883977202635,False,False,False,32768
Bcc1,persistence,0.020167140290141106,False,0.007909540549795794,False,1.0094768480408431,0.6516392273832633,0.999802580408391,0.9430552168542526,0.9996051997912769,0.004286991233762355,False,0.0003379921507340972,False,1.837829383835528e-05,False,0.019977813586592674,0.012137913461038123,0.004287837736937267,0.0003584012311193579,1.8385552458303305e-05,False,False,1.0000000932356945,1.0000002097683371,1.0000000354992327,1.0000000862765208,1.0000000709984664,False,False,False,0.019977811723947525,0.012137910914888732,0.004287837584722324,0.00035840120019774933,1.8385551152957367e-05,8,outer,10,False,False,1.0094769421601182,0.6516393640765406,0.9998026159006154,0.9430552982177757,0.9996052707617132,False,False,False,32768
Bcc1,fno_plain,1.1723283752799034,False,22.65678440164671,False,0.06023112149932165,0.0008540929007777732,0.054215062291604096,0.08007725955363809,0.0029392729792825124,0.2537316945812059,False,0.020763004944220214,False,0.06437977283505038,False,19.463831090927084,26527.306784794117,4.680095970681926,0.2592871566778899,21.9032982947932,False,False,0.9999996452599919,1.0000000536036016,1.0000000046807056,1.0000000519949346,1.0000000093614116,False,False,False,19.463837995529133,26527.30536283501,4.680095948775774,0.25928714319627183,21.90329808974741,1,inner,10,False,False,0.06023110013293312,0.0008540929465602287,0.05421506254536884,0.08007726371724996,0.0029392730067982565,False,False,False,32768
Bcc1,fno_plain,0.7862691730260849,False,28.65559826686314,False,0.13703680459604678,0.011649531214994952,0.08518834758613722,0.11922056627016174,0.0072570545644565325,0.1282724220008071,False,0.010380312212161277,False,0.016453814245953144,False,5.7376496434211735,2459.8069860509454,1.505750793805525,0.08706813377013156,2.2672854530459685,False,False,0.9999998591341542,0.9999999750551702,0.9999999902615974,0.9999999805328219,0.9999999805231948,False,False,False,5.737650451660157,2459.8070474104134,1.5057508084691327,0.08706813546510246,2.2672854972054464,2,inner,10,False,False,0.13703678529224142,0.01164953092439938,0.08518834675653879,0.11922056394927374,0.007257054423112295,False,False,False,32768
Bcc1,fno_plain,0.28710476726293566,False,2.4568271976732423,False,0.15436214234108286,0.009575734236446176,0.09364417798024696,0.16676902209580463,0.00876923206959617,0.0456794902128207,False,0.004906120971065746,False,0.0020866158261031824,False,1.8599428778886795,256.5680225671175,0.4877985070514069,0.029418658869674864,0.2379473834815815,False,False,0.9999998596363843,1.0000000492048284,1.000000002875527,0.9999999998285739,1.000000005751054,False,False,False,1.8599431389570236,256.5680099427326,0.4877985056487292,0.02941865887471799,0.23794738211313327,3,middle,10,False,False,0.15436212067425442,0.009575734707618536,0.09364417824952331,0.16676902206721606,0.008769232120028496,False,False,False,32768
Bcc1,fno_plain,0.4984002614021301,False,5.856852970971822,False,0.709999245895764,0.15994957878087016,0.5072594568844935,0.9864736330257741,0.2573121565987514,0.09030163469044986,False,0.01041957121932178,False,0.008154385227767458,False,0.7019729447364806,36.61687023881239,0.17801863221056155,0.0105624426953635,0.03169063341411918,False,False,1.0000004109654104,1.0000000188388987,1.0000000061051564,1.0000000030164602,1.000000012210313,False,False,False,0.7019726562499999,36.61686954899089,0.17801863112372995,0.010562442663502312,0.03169063302716663,4,middle,10,False,False,0.7099995376808955,0.15994958179414406,0.5072594599813919,0.9864736360014325,0.25731215974061333,False,False,False,32768
Bcc1,fno_plain,0.3801257535815239,False,7.80678963076355,False,0.9682287157430092,0.7934764537351557,0.7053151862427981,0.8167753532937698,0.497469511944713,0.05421084858075661,False,0.004854317064788738,False,0.002938816103845721,False,0.39259913221001624,9.838716188759493,0.0768604584703994,0.005943270747841463,0.005907530076279992,False,False,1.0000000512394627,1.0000000689791155,1.0000000003500251,1.0000000126232493,1.0000000007000505,False,False,False,0.39259911209344867,9.8387155100936,0.07686045844349632,0.005943270672818075,0.0059075300721444235,5,middle,10,False,False,0.9682287653545284,0.7934765084684597,0.7053151864896762,0.8167753636041287,0.49746951229296676,False,False,False,32768
Bcc1,fno_plain,0.2462190617620945,False,4.515702364265298,False,2.228616327828729,4.880328656919452,1.8003550733673876,1.3671365187540876,3.2412783901996916,0.03843494876333459,False,0.0027541960696176276,False,0.0014772452864401547,False,0.11048068646341562,0.92528652918955,0.02134853803669172,0.002014572818322203,0.0004557600763040731,False,False,1.0000001584789862,0.9999999711175428,1.0000000036977825,0.9999999887330809,1.0000000073955648,False,False,False,0.11048066895455122,0.9252865559140994,0.02134853795774947,0.0020145728410202323,0.00045576007293346996,6,middle,10,False,False,2.228616681017585,4.880328515963568,1.800355080024709,1.367136503350671,3.241278414170776,False,False,False,32768
Bcc1,fno_plain,0.08659432960674167,False,0.40422224200144813,False,2.8636873488771246,6.178968170077793,1.9578696460039589,1.9421023245569722,3.833253550743667,0.015453193787283381,False,0.0013683692898048471,False,0.00023880119822733368,False,0.03023875132203102,0.0654190523199214,0.007892861416398982,0.0007045814592271787,6.229726133847975e-05,False,False,0.9999995688145227,0.9999999598985168,1.0000000239347147,0.9999998574610853,1.00000004786943,False,False,False,0.030238764360547066,0.06541905494332254,0.0078928612274856,0.0007045815596574695,6.22972583563455e-05,7,outer,10,False,False,2.8636861140967285,6.178967922292005,1.9578696928650103,1.9421020477318145,3.83325373423933,False,False,False,32768
Bcc1,fno_plain,0.10319853201508522,False,0.5095320750784469,False,5.1656569708080005,41.9785555988688,4.007538869157711,5.306892222593947,16.060367787809867,0.017183676395417336,False,0.0019019967059954162,False,0.0002952787344624229,False,0.019977813586592674,0.012137913461038123,0.004287837736937267,0.0003584012311193579,1.8385552458303305e-05,False,False,1.0000000932356945,1.0000002097683371,1.0000000354992327,1.0000000862765208,1.0000000709984664,False,False,False,0.019977811723947525,0.012137910914888732,0.004287837584722324,0.00035840120019774933,1.8385551152957367e-05,8,outer,10,False,False,5.165657452431615,41.97856440464061,4.007539011422265,5.306892680454144,16.06036892807135,False,False,False,32768
Bcc1,fno_full,0.6446920186281204,False,10.562730656914459,False,0.0331225654197461,0.00039818330381617136,0.027409961279742854,0.05033316774268086,0.0007513059773570024,0.12828124934187213,False,0.013050743950591005,False,0.016456078932711567,False,19.463831090927084,26527.306784794117,4.680095970681926,0.2592871566778899,21.9032982947932,False,False,0.9999996452599919,1.0000000536036016,1.0000000046807056,1.0000000519949346,1.0000000093614116,False,False,False,19.463837995529133,26527.30536283501,4.680095948775774,0.25928714319627183,21.90329808974741,1,inner,10,False,False,0.033122553669846976,0.0003981833251602305,0.027409961408040813,0.05033317035975063,0.0007513059843902868,False,False,False,32768
Bcc1,fno_full,0.3155638012290001,False,5.615883638630615,False,0.05499879233491149,0.0022830586588610917,0.03534893262617528,0.05220132951036376,0.0012495470378098789,0.05322668336204144,False,0.0045450723407870685,False,0.002833079821723019,False,5.7376496434211735,2459.8069860509454,1.505750793805525,0.08706813377013156,2.2672854530459685,False,False,0.9999998591341542,0.9999999750551702,0.9999999902615974,0.9999999805328219,0.9999999805231948,False,False,False,5.737650451660157,2459.8070474104134,1.5057508084691327,0.08706813546510246,2.2672854972054464,2,inner,10,False,False,0.054998784587460096,0.0022830586019105823,0.035348932281933136,0.052201328494151183,0.0012495470134726947,False,False,False,32768
Bcc1,fno_full,0.11024948362261056,False,0.6651612812635584,False,0.05927573633216125,0.002592533841934858,0.04688134369507384,0.09537066938831606,0.002197860386655639,0.022868649463020908,False,0.0028056771889074135,False,0.0005229751282625264,False,1.8599428778886795,256.5680225671175,0.4877985070514069,0.029418658869674864,0.2379473834815815,False,False,0.9999998596363843,1.0000000492048284,1.000000002875527,0.9999999998285739,1.000000005751054,False,False,False,1.8599431389570236,256.5680099427326,0.4877985056487292,0.02941865887471799,0.23794738211313327,3,middle,10,False,False,0.05927572801200457,0.0025925339695000407,0.046881343829882405,0.09537066937196705,0.0021978603992956532,False,False,False,32768
Bcc1,fno_full,0.14135929942131042,False,0.6459137765191768,False,0.20137428440974522,0.01763978658761869,0.16764846580981532,0.31093035427580473,0.028106008088384815,0.029844550575662415,False,0.0032841840492872586,False,0.0008906971990632717,False,0.7019729447364806,36.61687023881239,0.17801863221056155,0.0105624426953635,0.03169063341411918,False,False,1.0000004109654104,1.0000000188388987,1.0000000061051564,1.0000000030164602,1.000000012210313,False,False,False,0.7019726562499999,36.61686954899089,0.17801863112372995,0.010562442663502312,0.03169063302716663,4,middle,10,False,False,0.20137436716761065,0.017639786919932846,0.16764846683333542,0.31093035521371376,0.028106008431567967,False,False,False,32768
Bcc1,fno_full,0.1697004529088735,False,0.8867099769243709,False,0.4322486704277641,0.09012456096024161,0.42779417229065114,0.5768298032682363,0.18300785384584334,0.03288045621322448,False,0.0034282556962472546,False,0.0010811244007897726,False,0.39259913221001624,9.838716188759493,0.0768604584703994,0.005943270747841463,0.005907530076279992,False,False,1.0000000512394627,1.0000000689791155,1.0000000003500251,1.0000000126232493,1.0000000007000505,False,False,False,0.39259911209344867,9.8387155100936,0.07686045844349632,0.005943270672818075,0.0059075300721444235,5,middle,10,False,False,0.4322486925759538,0.0901245671769541,0.42779417244038986,0.5768298105497027,0.18300785397395808,False,False,False,32768
Bcc1,fno_full,0.10010322280228139,False,0.5633190863085838,False,0.9060698843089592,0.6088050225933689,0.8752690280848018,1.0421990882668521,0.7660958715245135,0.018685714138406584,False,0.0020995859545025826,False,0.0003491559128622477,False,0.11048068646341562,0.92528652918955,0.02134853803669172,0.002014572818322203,0.0004557600763040731,False,False,1.0000001584789862,0.9999999711175428,1.0000000036977825,0.9999999887330809,1.0000000073955648,False,False,False,0.11048066895455122,0.9252865559140994,0.02134853795774947,0.0020145728410202323,0.00045576007293346996,6,middle,10,False,False,0.9060700279019958,0.6088050050095839,0.8752690313213563,1.0421990765244793,0.7660958771902252,False,False,False,32768
Bcc1,fno_full,0.0966524089127779,False,0.7298681460445778,False,3.196309526258776,11.156813193735589,2.460668048797986,2.934970294127505,6.054887246375287,0.019421711900923393,False,0.0020679256526247793,False,0.0003772028931624693,False,0.03023875132203102,0.0654190523199214,0.007892861416398982,0.0007045814592271787,6.229726133847975e-05,False,False,0.9999995688145227,0.9999999598985168,1.0000000239347147,0.9999998574610853,1.00000004786943,False,False,False,0.030238764360547066,0.06541905494332254,0.0078928612274856,0.0007045815596574695,6.22972583563455e-05,7,outer,10,False,False,3.196308148056527,11.15681274633083,2.460668107693374,2.9349698757800247,6.054887536219288,False,False,False,32768
Bcc1,fno_full,0.3448153434693813,False,3.853079228187161,False,17.259913952785634,317.4416460090347,14.6587434505927,16.10516017729342,214.8787595502944,0.06285431334353339,False,0.005772109234916418,False,0.00395066470588708,False,0.019977813586592674,0.012137913461038123,0.004287837736937267,0.0003584012311193579,1.8385552458303305e-05,False,False,1.0000000932356945,1.0000002097683371,1.0000000354992327,1.0000000862765208,1.0000000709984664,False,False,False,0.019977811723947525,0.012137910914888732,0.004287837584722324,0.00035840120019774933,1.8385551152957367e-05,8,outer,10,False,False,17.259915562025697,317.44171259824094,14.658743970966842,16.105161566790606,214.87877480635683,False,False,False,32768
Bcc1,localno_plain,0.30210893016308543,False,169.12778053462642,False,0.015521555276130155,0.006375610683236536,0.02213238466870988,0.049959971741593744,0.000489842451123744,0.10358168430961154,False,0.012953979020585567,False,0.010729165324416024,False,19.463831090927084,26527.306784794117,4.680095970681926,0.2592871566778899,21.9032982947932,False,False,0.9999996452599919,1.0000000536036016,1.0000000046807056,1.0000000519949346,1.0000000093614116,False,False,False,19.463837995529133,26527.30536283501,4.680095948775774,0.25928714319627183,21.90329808974741,1,inner,10,False,False,0.01552154977001351,0.006375611024992231,0.022132384772305058,0.0499599743392592,0.0004898424557093609,False,False,False,32768
Bcc1,localno_plain,0.10643372081220143,False,2.706924610439789,False,0.018550055759197326,0.0011004622012174923,0.011194118212563395,0.04455726783091014,0.00012530828255684354,0.016855552384520217,False,0.0038795181559332635,False,0.0002841096461873052,False,5.7376496434211735,2459.8069860509454,1.505750793805525,0.08706813377013156,2.2672854530459685,False,False,0.9999998591341542,0.9999999750551702,0.9999999902615974,0.9999999805328219,0.9999999805231948,False,False,False,5.737650451660157,2459.8070474104134,1.5057508084691327,0.08706813546510246,2.2672854972054464,2,inner,10,False,False,0.018550053146128034,0.0011004621737666501,0.011194118103550565,0.04455726696350587,0.00012530828011623853,False,False,False,32768
Bcc1,localno_plain,0.16261665061116218,False,5.922269829136348,False,0.08743099185699564,0.02308264985589581,0.04947381261775911,0.2157771249829739,0.0024476581349371406,0.024133251933083952,False,0.006347873631753307,False,0.0005824138488657003,False,1.8599428778886795,256.5680225671175,0.4877985070514069,0.029418658869674864,0.2379473834815815,False,False,0.9999998596363843,1.0000000492048284,1.000000002875527,0.9999999998285739,1.000000005751054,False,False,False,1.8599431389570236,256.5680099427326,0.4877985056487292,0.02941865887471799,0.23794738211313327,3,middle,10,False,False,0.0874309795848655,0.023082650991673635,0.04947381276002239,0.21577712494598408,0.0024476581490137546,False,False,False,32768
Bcc1,localno_plain,0.6267241249978539,False,113.46095280451387,False,0.8928038177213867,3.0985977792348263,0.457285533799762,1.4614251728538983,0.2091100594225333,0.08140534525671014,False,0.015436219641830997,False,0.006626830236364181,False,0.7019729447364806,36.61687023881239,0.17801863221056155,0.0105624426953635,0.03169063341411918,False,False,1.0000004109654104,1.0000000188388987,1.0000000061051564,1.0000000030164602,1.000000012210313,False,False,False,0.7019726562499999,36.61686954899089,0.17801863112372995,0.010562442663502312,0.03169063302716663,4,middle,10,False,False,0.8928041846328739,3.0985978376089958,0.45728553659156174,1.461425177262229,0.20911006197583257,False,False,False,32768
Bcc1,localno_plain,0.279648309201002,False,226.41905908620456,False,0.7122998658372159,23.013069463766332,1.471981951016731,2.6920275714752173,2.1667308641190215,0.11313720761529894,False,0.015999448717931353,False,0.012800027746987255,False,0.39259913221001624,9.838716188759493,0.0768604584703994,0.005943270747841463,0.005907530076279992,False,False,1.0000000512394627,1.0000000689791155,1.0000000003500251,1.0000000126232493,1.0000000007000505,False,False,False,0.39259911209344867,9.8387155100936,0.07686045844349632,0.005943270672818075,0.0059075300721444235,5,middle,10,False,False,0.7122999023350783,23.013071051187506,1.4719819515319617,2.6920276054573526,2.166730865635842,False,False,False,32768
Bcc1,localno_plain,0.11122644241899252,False,240.4461179662046,False,1.006750102478987,259.8612541963722,4.977694530040625,5.043112735463172,24.77744283439636,0.1062665010096046,False,0.010159717836598636,False,0.011292569236824295,False,0.11048068646341562,0.92528652918955,0.02134853803669172,0.002014572818322203,0.0004557600763040731,False,False,1.0000001584789862,0.9999999711175428,1.0000000036977825,0.9999999887330809,1.0000000073955648,False,False,False,0.11048066895455122,0.9252865559140994,0.02134853795774947,0.0020145728410202323,0.00045576007293346996,6,middle,10,False,False,1.0067502620277227,259.8612466909406,4.977694548447056,5.043112678642828,24.777443017639545,False,False,False,32768
Bcc1,localno_plain,0.19932076252996916,False,27.097867826634122,False,6.591567237921964,414.21981618009903,4.82654991257377,8.926774856182908,23.295584058565876,0.038095289579277394,False,0.0062896400543618405,False,0.001451251088129001,False,0.03023875132203102,0.0654190523199214,0.007892861416398982,0.0007045814592271787,6.229726133847975e-05,False,False,0.9999995688145227,0.9999999598985168,1.0000000239347147,0.9999998574610853,1.00000004786943,False,False,False,0.030238764360547066,0.06541905494332254,0.0078928612274856,0.0007045815596574695,6.22972583563455e-05,7,outer,10,False,False,6.591564395733898,414.21979956927,4.826550028095865,8.926773583770107,23.295585173712205,False,False,False,32768
Bcc1,localno_plain,0.04201392754912377,False,0.15925633797673425,False,2.1030293113416456,13.120569568067548,1.4332187991560172,2.9451067891175153,2.0541161262542165,0.006145409652309085,False,0.0010555298989976967,False,3.776605979469367e-05,False,0.019977813586592674,0.012137913461038123,0.004287837736937267,0.0003584012311193579,1.8385552458303305e-05,False,False,1.0000000932356945,1.0000002097683371,1.0000000354992327,1.0000000862765208,1.0000000709984664,False,False,False,0.019977811723947525,0.012137910914888732,0.004287837584722324,0.00035840120019774933,1.8385551152957367e-05,8,outer,10,False,False,2.103029507419044,13.12057232034761,1.433218850034185,2.9451070432110824,2.0541162720933115,False,False,False,32768
Bcc2,persistence,0.13481904193758965,False,3.444033518644556,False,1.0,2.268555935969825,0.8401908883834585,1.369535137932441,0.7059207289225852,0.042859209275949973,False,0.0043605975982806645,False,0.0018369118197596765,False,0.13481904193758965,1.518161163247758,0.051011275971359106,0.0031839983345471287,0.002602150276226159,False,False,0.06945229510307123,0.002455626991520912,0.1250266388954088,0.05695252702857157,0.015631660433482953,False,False,False,1.9411747550964351,618.2376918358732,0.4080032577220016,0.055906181879336124,0.16646665831176602,1,inner,10,False,False,0.06945229510307123,0.005570727188142488,0.10504624280513138,0.07799848695967584,0.01103471312747462,False,False,False,32768
Bcc2,persistence,0.075022772916127,False,0.1703300091161281,False,0.6430305924689184,0.17981820537803236,1.1958612062050737,0.5397093314403809,1.430084024506254,0.02675873638115763,False,0.0014020710515780964,False,0.0007160299727162891,False,0.11667061224579811,0.9472345069735448,0.022376122113763827,0.002597826218487342,0.0005006908408500705,False,False,0.9711781658742664,0.895030365831939,0.9802574997905504,0.967784080035768,0.9609047658956208,False,False,False,0.12013306759297848,1.0583266703952348,0.02282677981912394,0.0026843035260420175,0.000521061876910764,2,inner,10,False,False,0.6244972713950069,0.16094275414274303,1.1722519160910974,0.5223220988147484,1.3741745547792492,False,False,False,32768
Bcc2,persistence,0.07614955334254774,False,0.8886163332217055,False,4.204049286474544,16.505455290549715,4.696115840481231,3.268981289524194,22.053503987218736,0.021778071138634007,False,0.002218236028673499,False,0.0004742843825194035,False,0.01811338263505604,0.053837735317152226,0.004637464636392427,0.000678571038562404,2.1506078253790343e-05,False,False,0.9999998250883066,0.9999999936653972,1.000000004284965,0.9999999832801031,1.00000000856993,False,False,False,0.018113385803299024,0.0538377356581929,0.004637464616521053,0.000678571049908042,2.1506078069484756e-05,3,middle,10,False,False,4.204048551137164,16.50545518599421,4.696115860603923,3.268981234867164,22.05350417621573,False,False,False,32768
Bcc2,persistence,0.007504119373297726,False,0.009473027905978995,False,0.96634372375206,1.262532318061893,0.9187770320378774,0.7781062385041481,0.8441512346003309,0.0018303743405192305,False,0.00022760432227029214,False,3.350270226431208e-06,False,0.0077654763919417745,0.0075031963700707425,0.001992185564825669,0.00029251059946241363,3.968803324699769e-06,False,False,1.0000000019114028,1.0000000083751515,0.9999999984133989,1.000000004697403,0.9999999968267979,False,False,False,0.007765476377098821,0.007503196307230338,0.0019921855679864726,0.0002925105980883735,3.968803337293585e-06,4,middle,10,False,False,0.9663437255991322,1.2625323286357921,0.9187770305801448,0.7781062421592266,0.8441512319216683,False,False,False,32768
Bcc2,persistence,0.0013640916466010821,False,0.00014293678401747548,False,0.38924515189994513,0.13873573281917329,0.4819021361028312,0.21854800867306842,0.23222966878047163,0.0003100347653178235,False,3.053324406166872e-05,False,9.612155570567787e-08,False,0.003504453786881641,0.0010302809601602625,0.0006433562793995716,0.00013970955053333012,4.139073022428597e-07,False,False,0.9999999777431038,0.9999999649381894,0.9999999905218286,0.9999999939971659,0.9999999810436576,False,False,False,0.0035044538648799067,0.0010302809962837796,0.0006433562854974127,0.00013970955137198338,4.1390731008902837e-07,5,middle,10,False,False,0.3892451432365562,0.1387357279548473,0.4819021315352802,0.218548007361161,0.23222966437824652,False,False,False,32768
Bcc2,persistence,0.0004404283936310094,False,1.4773301094108424e-05,False,0.5665087661605895,0.30253866133571305,0.6858816390514744,0.47999012020104365,0.47043362278793704,0.0001076798205518494,False,9.118671697614213e-06,False,1.159494375407849e-08,False,0.0007774432099540718,4.8831118075567804e-05,0.00015699475597679354,1.8997623729827733e-05,2.464735340421295e-08,False,False,0.9999999251293782,0.9999999754222373,0.999999999853661,0.9999999777821821,0.9999999997073218,False,False,False,0.0007774432681617327,4.8831119275727465e-05,0.000156994755999768,1.8997624151913487e-05,2.4647353411426692e-08,6,middle,10,False,False,0.566508723745726,0.30253865389998963,0.6858816389511031,0.47999010953671056,0.47043362265025135,False,False,False,32768
Bcc2,persistence,0.0002030903269769624,False,6.781269766776067e-07,False,1.0457648831660966,0.6492306179864401,1.0015265365309656,0.8554270470553281,1.0030554033757113,4.287639981846965e-05,False,4.036332872209e-06,False,1.8383856613932637e-09,False,0.00019420266471570358,1.0445086197271278e-06,4.281104719100369e-05,4.71850040994546e-06,1.8327857615903449e-09,False,False,0.9999997752052685,0.9999993016656055,1.0000000058554732,0.9999998077409004,1.0000000117109464,False,False,False,0.00019420270837144926,1.0445093491439317e-06,4.281104694032475e-05,4.718501317120275e-06,1.8327857401266892e-09,7,outer,10,False,False,1.0457646480836604,0.6492301646063695,1.0015265423953774,0.8554268825916943,1.0030554151224396,False,False,False,32768
Bcc2,persistence,5.656230860040523e-05,False,2.809038228452023e-07,False,0.977907993767489,0.8841809523851079,0.9779828451735908,0.930442465678961,0.9564504454538317,1.2868283447193274e-05,False,1.0536439095332662e-06,False,1.6559271887730843e-10,False,5.7840112731355475e-05,3.17699473266705e-07,1.3157984836542986e-05,1.1324116733691887e-06,1.7313256495869515e-10,False,False,1.0000012972556016,0.9999984391838913,0.9999999463436704,1.0000000477351534,0.9999998926873437,False,False,False,5.784003769804258e-05,3.1769996913793454e-07,1.3157985542552195e-05,1.1324116193133463e-06,1.731325835380126e-10,8,outer,10,False,False,0.9779092623641117,0.8841795723412343,0.9779827926986209,0.9304425100937749,0.9564503428145937,False,False,False,32768
Bcc2,fno_plain,0.07650364420844198,False,3.5974936407041795,False,0.5674542936142285,2.369638828731573,0.6310856642312942,1.7851286703770273,0.3982691155982538,0.03219248497967102,False,0.005683846713432785,False,0.001036356089166344,False,0.13481904193758965,1.518161163247758,0.051011275971359106,0.0031839983345471287,0.002602150276226159,False,False,0.06945229510307123,0.002455626991520912,0.1250266388954088,0.05695252702857157,0.015631660433482953,False,False,False,1.9411747550964351,618.2376918358732,0.4080032577220016,0.055906181879336124,0.16646665831176602,1,inner,10,False,False,0.03941100305760023,0.00581894906798925,0.07890251945391523,0.10166758884912568,0.006225607576175471,False,False,False,32768
Bcc2,fno_plain,0.07466916227713227,False,2.521123091151786,False,0.6399997466356099,2.661561706833172,1.4036149543196836,1.8367526513968668,1.9701349399898476,0.031407459618562276,False,0.004771564194674922,False,0.00098642851969162,False,0.11667061224579811,0.9472345069735448,0.022376122113763827,0.002597826218487342,0.0005006908408500705,False,False,0.9711781658742664,0.895030365831939,0.9802574997905504,0.967784080035768,0.9609047658956208,False,False,False,0.12013306759297848,1.0583266703952348,0.02282677981912394,0.0026843035260420175,0.000521061876910764,2,inner,10,False,False,0.6215537800975668,2.3821785481511735,1.3759040857900406,1.7775799749853745,1.8931120532937276,False,False,False,32768
Bcc2,fno_plain,0.07686149097920861,False,1.7087528417005966,False,4.243353796902265,31.73894354274971,5.26505661934722,5.483622664669065,27.720821204931976,0.024416513880826596,False,0.003721027526648825,False,0.0005961661500925978,False,0.01811338263505604,0.053837735317152226,0.004637464636392427,0.000678571038562404,2.1506078253790343e-05,False,False,0.9999998250883066,0.9999999936653972,1.000000004284965,0.9999999832801031,1.00000000856993,False,False,False,0.018113385803299024,0.0538377356581929,0.004637464616521053,0.000678571049908042,2.1506078069484756e-05,3,middle,10,False,False,4.2433530546900675,31.738943341696107,5.265056641907804,5.483622572983459,27.72082144249748,False,False,False,32768
Bcc2,fno_plain,0.004132067057071254,False,0.0056050799510470005,False,0.5321073490557636,0.7470256240933428,0.49447046078252166,0.5811378805859773,0.24450103658647931,0.0009850769142036367,False,0.00016998898982052075,False,9.70376526896959e-07,False,0.0077654763919417745,0.0075031963700707425,0.001992185564825669,0.00029251059946241363,3.968803324699769e-06,False,False,1.0000000019114028,1.0000000083751515,0.9999999984133989,1.000000004697403,0.9999999968267979,False,False,False,0.007765476377098821,0.007503196307230338,0.0019921855679864726,0.0002925105980883735,3.968803337293585e-06,4,middle,10,False,False,0.532107350072835,0.7470256303497954,0.4944704599979943,0.5811378833158161,0.24450103581062807,False,False,False,32768
Bcc2,fno_plain,0.0027075300947763024,False,0.00048704481025394267,False,0.7725968893958614,0.47273008925466486,0.7457404874484256,0.41970181358706343,0.5561288746198153,0.000479776825402442,False,5.863635173427214e-05,False,2.301858021932453e-07,False,0.003504453786881641,0.0010302809601602625,0.0006433562793995716,0.00013970955053333012,4.139073022428597e-07,False,False,0.9999999777431038,0.9999999649381894,0.9999999905218286,0.9999999939971659,0.9999999810436576,False,False,False,0.0035044538648799067,0.0010302809962837796,0.0006433562854974127,0.00013970955137198338,4.1390731008902837e-07,5,middle,10,False,False,0.7725968722002525,0.472730072679892,0.7457404803801695,0.4197018110676631,0.556128864077646,False,False,False,32768
Bcc2,fno_plain,0.0009895037772366777,False,0.0001011447203891238,False,1.2727666337135204,2.071316905596938,1.0953452558147136,1.167326354697732,1.199781229435801,0.00017196346114696948,False,2.2176426856458938e-05,False,2.9571431969645287e-08,False,0.0007774432099540718,4.8831118075567804e-05,0.00015699475597679354,1.8997623729827733e-05,2.464735340421295e-08,False,False,0.9999999251293782,0.9999999754222373,0.999999999853661,0.9999999777821821,0.9999999997073218,False,False,False,0.0007774432681617327,4.8831119275727465e-05,0.000156994755999768,1.8997624151913487e-05,2.4647353411426692e-08,6,middle,10,False,False,1.2727665384206912,2.0713168546886025,1.0953452556544219,1.1673263287622875,1.1997812290846512,False,False,False,32768
Bcc2,fno_plain,0.0010873441195872146,False,7.911437897467013e-05,False,5.599017506680432,75.74315566236145,4.12995343116213,5.1724285304896735,17.056515343567856,0.00017680763123812957,False,2.440610614152912e-05,False,3.1260938464038415e-08,False,0.00019420266471570358,1.0445086197271278e-06,4.281104719100369e-05,4.71850040994546e-06,1.8327857615903449e-09,False,False,0.9999997752052685,0.9999993016656055,1.0000000058554732,0.9999998077409004,1.0000000117109464,False,False,False,0.00019420270837144926,1.0445093491439317e-06,4.281104694032475e-05,4.718501317120275e-06,1.8327857401266892e-09,7,outer,10,False,False,5.599016248050795,75.74310276831069,4.129953455344962,5.172427536043222,17.056515543315793,False,False,False,32768
Bcc2,fno_plain,0.00045933085348224265,False,3.475025178289972e-05,False,7.941389319478913,109.38089202850927,6.32017821068401,12.2012083416054,39.94465261480493,8.316080906042958e-05,False,1.3816790755243474e-05,False,6.915720163585226e-09,False,5.7840112731355475e-05,3.17699473266705e-07,1.3157984836542986e-05,1.1324116733691887e-06,1.7313256495869515e-10,False,False,1.0000012972556016,0.9999984391838913,0.9999999463436704,1.0000000477351534,0.9999998926873437,False,False,False,5.784003769804258e-05,3.1769996913793454e-07,1.3157985542552195e-05,1.1324116193133463e-06,1.731325835380126e-10,8,outer,10,False,False,7.9413996214906915,109.38072130505101,6.320177871566445,12.20120892403195,39.94464832823815,False,False,False,32768
Bcc2,fno_full,0.009147813676390795,False,0.004134954199523299,False,0.06785253436695905,0.00272365958214707,0.03526707580832629,0.08402139831706283,0.0012437666360702337,0.001799018536761375,False,0.000267523992307849,False,3.236467695611039e-06,False,0.13481904193758965,1.518161163247758,0.051011275971359106,0.0031839983345471287,0.002602150276226159,False,False,0.06945229510307123,0.002455626991520912,0.1250266388954088,0.05695252702857157,0.015631660433482953,False,False,False,1.9411747550964351,618.2376918358732,0.4080032577220016,0.055906181879336124,0.16646665831176602,1,inner,10,False,False,0.004712514240345323,6.688291985634915e-06,0.004409323951984619,0.004785230958630899,1.9442137713545264e-05,False,False,False,32768
Bcc2,fno_full,0.007542242261069987,False,0.004630801438265349,False,0.06464560454332938,0.004888759229286272,0.06459447737133595,0.07894618956257815,0.004172446506876031,0.0014453739135357672,False,0.00020508848109533726,False,2.0891057499296996e-06,False,0.11667061224579811,0.9472345069735448,0.022376122113763827,0.002597826218487342,0.0005006908408500705,False,False,0.9711781658742664,0.895030365831939,0.9802574997905504,0.967784080035768,0.9609047658956208,False,False,False,0.12013306759297848,1.0583266703952348,0.02282677981912394,0.0026843035260420175,0.000521061876910764,2,inner,10,False,False,0.06278239965222378,0.00437558796145236,0.06331922088830305,0.07640286543814905,0.004009323733901714,False,False,False,32768
Bcc2,fno_full,0.014578493643784895,False,0.003857010770516035,False,0.8048465566873281,0.07164140073490843,0.5775381602746629,0.37451845083339463,0.33355032657344214,0.00267831279444089,False,0.00025413737414279924,False,7.173359424865771e-06,False,0.01811338263505604,0.053837735317152226,0.004637464636392427,0.000678571038562404,2.1506078253790343e-05,False,False,0.9999998250883066,0.9999999936653972,1.000000004284965,0.9999999832801031,1.00000000856993,False,False,False,0.018113385803299024,0.0538377356581929,0.004637464616521053,0.000678571049908042,2.1506078069484756e-05,3,middle,10,False,False,0.804846415910254,0.0716414002810886,0.5775381627493936,0.37451844457148475,0.3335503294319451,False,False,False,32768
Bcc2,fno_full,0.0027946355985477567,False,0.0006529602937873041,False,0.3598794790552382,0.08702428426262124,0.3202859413253224,0.34980387842780575,0.10258308421064789,0.0006380690289249085,False,0.00010232134217319471,False,4.0713208567317574e-07,False,0.0077654763919417745,0.0075031963700707425,0.001992185564825669,0.00029251059946241363,3.968803324699769e-06,False,False,1.0000000019114028,1.0000000083751515,0.9999999984133989,1.000000004697403,0.9999999968267979,False,False,False,0.007765476377098821,0.007503196307230338,0.0019921855679864726,0.0002925105980883735,3.968803337293585e-06,4,middle,10,False,False,0.35987947974311285,0.0870242849914628,0.3202859408171564,0.3498038800709755,0.10258308388513102,False,False,False,32768
Bcc2,fno_full,0.002118822558841201,False,0.00025308556247545305,False,0.6046085032630969,0.24564713147381181,0.7435162345359441,0.5016818415019765,0.552816391018509,0.00047834583832422425,False,7.008974458697449e-05,False,2.288147410421049e-07,False,0.003504453786881641,0.0010302809601602625,0.0006433562793995716,0.00013970955053333012,4.139073022428597e-07,False,False,0.9999999777431038,0.9999999649381894,0.9999999905218286,0.9999999939971659,0.9999999810436576,False,False,False,0.0035044538648799067,0.0010302809962837796,0.0006433562854974127,0.00013970955137198338,4.1390731008902837e-07,5,middle,10,False,False,0.6046084898063883,0.2456471228609786,0.7435162274887699,0.5016818384904635,0.5528163805391322,False,False,False,32768
Bcc2,fno_full,0.0022292117355391383,False,0.0003351759460223013,False,2.867362795117641,6.863982624841913,2.646733629969104,3.363708390540339,7.005198908009433,0.0004155233003725725,False,6.39024663403498e-05,False,1.7265961315251512e-07,False,0.0007774432099540718,4.8831118075567804e-05,0.00015699475597679354,1.8997623729827733e-05,2.464735340421295e-08,False,False,0.9999999251293782,0.9999999754222373,0.999999999853661,0.9999999777821821,0.9999999997073218,False,False,False,0.0007774432681617327,4.8831119275727465e-05,0.000156994755999768,1.8997624151913487e-05,2.4647353411426692e-08,6,middle,10,False,False,2.8673625804364056,6.863982456140577,2.646733629581784,3.3637083158060785,7.005198905959164,False,False,False,32768
Bcc2,fno_full,0.002871683112462051,False,0.0002600359197615148,False,14.787042786801893,248.9552645620558,15.335810540051794,17.918650664802385,235.18708492036373,0.0006565421087424492,False,8.454916050753954e-05,False,4.3104754055198195e-07,False,0.00019420266471570358,1.0445086197271278e-06,4.281104719100369e-05,4.71850040994546e-06,1.8327857615903449e-09,False,False,0.9999997752052685,0.9999993016656055,1.0000000058554732,0.9999998077409004,1.0000000117109464,False,False,False,0.00019420270837144926,1.0445093491439317e-06,4.281104694032475e-05,4.718501317120275e-06,1.8327857401266892e-09,7,outer,10,False,False,14.78703946275258,248.95509070803183,15.335810629850224,17.91864721977874,235.1870876746271,False,False,False,32768
Bcc2,fno_full,0.0021789209393318744,False,0.00048629006138374217,False,37.67145042493439,1530.660584304801,30.791353678494048,68.68235390854095,948.1074613541091,0.0004051521647982568,False,7.777669932050569e-05,False,1.6414827664071384e-07,False,5.7840112731355475e-05,3.17699473266705e-07,1.3157984836542986e-05,1.1324116733691887e-06,1.7313256495869515e-10,False,False,1.0000012972556016,0.9999984391838913,0.9999999463436704,1.0000000477351534,0.9999998926873437,False,False,False,5.784003769804258e-05,3.1769996913793454e-07,1.3157985542552195e-05,1.1324116193133463e-06,1.731325835380126e-10,8,outer,10,False,False,37.671499294434476,1530.6581952251042,30.791352026343027,68.68235718710365,948.107359610179,False,False,False,32768
Bcc2,localno_plain,0.07645796471195354,False,1.2935836430457595,False,0.5671154728079689,0.8520726747339746,0.21538565693890133,0.5163423450904975,0.0463909812150021,0.010987097186382773,False,0.001644033166824303,False,0.00012071630458302025,False,0.13481904193758965,1.518161163247758,0.051011275971359106,0.0031839983345471287,0.002602150276226159,False,False,0.06945229510307123,0.002455626991520912,0.1250266388954088,0.05695252702857157,0.015631660433482953,False,False,False,1.9411747550964351,618.2376918358732,0.4080032577220016,0.055906181879336124,0.16646665831176602,1,inner,10,False,False,0.039387471174976825,0.0020923726588141667,0.02692894475335042,0.029407001364762587,0.0007251680655289991,False,False,False,32768
Bcc2,localno_plain,0.07535004428471438,False,5.213490897949832,False,0.6458356807622574,5.503907279103631,1.2604449620499825,2.548138149518645,1.5887215023571821,0.02820387038850882,False,0.006619620093147355,False,0.0007954583048918047,False,0.11667061224579811,0.9472345069735448,0.022376122113763827,0.002597826218487342,0.0005006908408500705,False,False,0.9711781658742664,0.895030365831939,0.9802574997905504,0.967784080035768,0.9609047658956208,False,False,False,0.12013306759297848,1.0583266703952348,0.02282677981912394,0.0026843035260420175,0.000521061876910764,2,inner,10,False,False,0.6272215118988473,4.926164145521194,1.235560627122711,2.466047534835946,1.526610063295867,False,False,False,32768
Bcc2,localno_plain,0.07594009692664258,False,3.60438614421611,False,4.192485658624062,66.94906691344026,4.367839334039438,6.699199233857405,19.078020447982084,0.02025570044905174,False,0.00454588258165508,False,0.00041029340068171496,False,0.01811338263505604,0.053837735317152226,0.004637464636392427,0.000678571038562404,2.1506078253790343e-05,False,False,0.9999998250883066,0.9999999936653972,1.000000004284965,0.9999999832801031,1.00000000856993,False,False,False,0.018113385803299024,0.0538377356581929,0.004637464616521053,0.000678571049908042,2.1506078069484756e-05,3,middle,10,False,False,4.192484925309296,66.9490664893445,4.367839352755477,6.699199121847484,19.078020611479385,False,False,False,32768
Bcc2,localno_plain,0.003521834898419911,False,0.0032753613352626823,False,0.4535246417173472,0.43652880368794095,0.3428643348745298,0.6947694366931408,0.11755595212895369,0.0006830493786305924,False,0.00020322742441527405,False,4.6655645364763834e-07,False,0.0077654763919417745,0.0075031963700707425,0.001992185564825669,0.00029251059946241363,3.968803324699769e-06,False,False,1.0000000019114028,1.0000000083751515,0.9999999984133989,1.000000004697403,0.9999999968267979,False,False,False,0.007765476377098821,0.007503196307230338,0.0019921855679864726,0.0002925105980883735,3.968803337293585e-06,4,middle,10,False,False,0.45352464258421543,0.43652880734393573,0.34286433433054087,0.6947694399567528,0.11755595175592488,False,False,False,32768
Bcc2,localno_plain,0.0010668252708273937,False,0.0005388360711158359,False,0.30441984277860434,0.5229991545529665,0.34818050881204426,0.6390120751465995,0.12122966671661403,0.00022400411670876654,False,8.927608980410198e-05,False,5.017784430247471e-08,False,0.003504453786881641,0.0010302809601602625,0.0006433562793995716,0.00013970955053333012,4.139073022428597e-07,False,False,0.9999999777431038,0.9999999649381894,0.9999999905218286,0.9999999939971659,0.9999999810436576,False,False,False,0.0035044538648799067,0.0010302809962837796,0.0006433562854974127,0.00013970955137198338,4.1390731008902837e-07,5,middle,10,False,False,0.3044198360031635,0.5229991362156693,0.34818050551192975,0.639012071310716,0.12122966441854295,False,False,False,32768
Bcc2,localno_plain,0.0015807759034214537,False,0.001149270909772219,False,2.033300803430825,23.53562554094468,2.146606582830588,6.119050284765486,4.607919821451615,0.0003370059766496668,False,0.00011624741489386995,False,1.1357302829759579e-07,False,0.0007774432099540718,4.8831118075567804e-05,0.00015699475597679354,1.8997623729827733e-05,2.464735340421295e-08,False,False,0.9999999251293782,0.9999999754222373,0.999999999853661,0.9999999777821821,0.9999999997073218,False,False,False,0.0007774432681617327,4.8831119275727465e-05,0.000156994755999768,1.8997624151913487e-05,2.4647353411426692e-08,6,middle,10,False,False,2.0333006511963294,23.535624962491656,2.1466065825164558,6.119050148813542,4.607919820102977,False,False,False,32768
Bcc2,localno_plain,0.0024307814714848064,False,0.0016035473882049154,False,12.516725633210372,1535.2169986149406,10.423670798162421,27.14823786172577,108.652912908464,0.0004462482624436185,False,0.0001280989714798499,False,1.9913751173394862e-07,False,0.00019420266471570358,1.0445086197271278e-06,4.281104719100369e-05,4.71850040994546e-06,1.8327857615903449e-09,False,False,0.9999997752052685,0.9999993016656055,1.0000000058554732,0.9999998077409004,1.0000000117109464,False,False,False,0.00019420270837144926,1.0445093491439317e-06,4.281104694032475e-05,4.718501317120275e-06,1.8327857401266892e-09,7,outer,10,False,False,12.516722819516394,1535.2159265201074,10.423670859197946,27.148232642230003,108.65291418089245,False,False,False,32768
Bcc2,localno_plain,0.00249789304623846,False,0.0005128785296148156,False,43.18617181540065,1614.3512116693378,38.258916884737694,66.94479630106513,1463.7447211932667,0.000503410248231937,False,7.580906880264863e-05,False,2.534218780249404e-07,False,5.7840112731355475e-05,3.17699473266705e-07,1.3157984836542986e-05,1.1324116733691887e-06,1.7313256495869515e-10,False,False,1.0000012972556016,0.9999984391838913,0.9999999463436704,1.0000000477351534,0.9999998926873437,False,False,False,5.784003769804258e-05,3.1769996913793454e-07,1.3157985542552195e-05,1.1324116193133463e-06,1.731325835380126e-10,8,outer,10,False,False,43.18622783890394,1614.3486919639615,38.25891483190464,66.94479949668525,1463.7445641149327,False,False,False,32768
Bcc3,persistence,0.010797557421028614,False,0.0503971823393108,False,1.0,2.6566200471246706,0.9979545415143032,4.0417395913001855,0.9959132669290232,0.005387735732788486,False,0.00023090431385136762,False,2.902769632636589e-05,False,0.010797557421028614,0.01897041407703634,0.005398778710514307,5.7129933444595844e-05,2.9146811565102524e-05,False,False,0.0002530138879515881,1.5158636641805382e-07,0.0006881655622786827,8.06100107670301e-05,4.735718411063356e-07,False,False,False,42.67574996948242,125145.91203221148,7.84517419418322,0.7087200820467111,61.54675813707833,1,inner,10,False,False,0.0002530138879515881,4.027073798969878e-07,0.0006867579481897555,0.00032580467197223986,4.7163647940180294e-07,False,False,False,32768
Bcc3,persistence,0.010797557421028614,False,0.04968162389506616,False,1.0,2.618900340989694,0.9866599834759743,5.900090727451553,0.9734979229928097,0.005326758913306488,False,0.0003370717905763843,False,2.8374360520490112e-05,False,0.010797557421028614,0.01897041407703634,0.005398778710514307,5.7129933444595844e-05,2.9146811565102524e-05,False,False,0.0024872319650947948,1.4384850990363846e-05,0.005393126248708782,0.0007438400570150654,2.9085810734511657e-05,False,False,False,4.341194376945494,1318.7772393154632,1.001048086312995,0.07680405606798178,1.0020972711109093,2,inner,10,False,False,0.0024872319650947948,3.767249116374981e-05,0.00532118185543485,0.004388723823101621,2.8314976338609068e-05,False,False,False,32768
Bcc3,persistence,0.010797557421028614,False,0.03339779571917259,False,1.0,1.760520122731563,0.910761533620946,8.081824952754053,0.8294865711235777,0.004916999978068124,False,0.000461714121661713,False,2.417688878432193e-05,False,0.010797557421028614,0.01897041407703634,0.005398778710514307,5.7129933444595844e-05,2.9146811565102524e-05,False,False,0.013184977779569618,0.00038282438903501143,0.027148242279568087,0.004226385095571325,0.0007370270588701283,False,False,False,0.8189287537336347,49.55382838814219,0.1988629191871275,0.013517446269735387,0.039546460627626005,3,middle,10,False,False,0.013184977779569618,0.000673970040368554,0.02472557477365244,0.03415690452533616,0.000611354047887478,False,False,False,32768
Bcc3,persistence,0.010797557421028614,False,0.013557726929751617,False,1.0,1.012002417959647,0.7191088201975049,4.59761752897289,0.5171174952858475,0.003858169881007193,False,0.00027744657067974195,False,1.4885474830711057e-05,False,0.010797557421028614,0.013396931360189915,0.00536521006646468,6.0345726657633404e-05,2.8785479057293932e-05,False,False,0.05059719596517165,0.00566798490048672,0.10072922317152848,0.01955612090913814,0.010146376400739591,False,False,False,0.21340228870511052,2.3636145112241738,0.05326368949881049,0.003085771812212267,0.0028370206190256944,4,middle,10,False,False,0.05059719596517165,0.00573601442425133,0.07243527283428902,0.08991156429056676,0.00524686875057789,False,False,False,32768
Bcc3,persistence,0.010797557421028614,False,0.011189709145907369,False,1.0,0.9678760852500701,0.5244450842506649,1.3477651852871197,0.27504264639468695,0.0025828183902915462,False,0.00017504176034496434,False,6.670950837228213e-06,False,0.010797557421028614,0.011561096835052272,0.004924859566530052,0.0001298755616006467,2.4254241750042573e-05,False,False,0.10934704580177457,0.01527963183289618,0.2519417484279351,0.10509661522308303,0.06347464460092493,False,False,False,0.0987457625567913,0.756634515902529,0.01954761208596895,0.0012357730201392949,0.00038210913826351934,5,middle,10,False,False,0.10934704580177457,0.014788790242485908,0.13212961148054822,0.14164555908918763,0.01745823423000062,False,False,False,32768
Bcc3,persistence,0.008225936957169324,False,0.005525215172021204,False,0.7618331291435441,0.4097363570512402,0.42312591110769693,0.4762872058310206,0.1790355366507186,0.001149646941381253,False,8.589468492160115e-05,False,1.3216880898272698e-06,False,0.010797557421028614,0.013484805721866267,0.0027170327110708115,0.00018034220501836297,7.382266753028803e-06,False,False,0.42194778037911423,0.2311804168279283,0.6506496477117052,0.56087059469745,0.42334496406736605,False,False,False,0.025589795522391795,0.058330224968420434,0.004175876711263041,0.0003215397753480815,1.7437946307669028e-05,6,middle,10,False,False,0.3214537978613935,0.09472302181266257,0.27530672499991726,0.2671354883812313,0.07579379283018008,False,False,False,32768
Bcc3,persistence,0.0021685082325711845,False,0.0005593956006779477,False,0.415793364301399,0.19302150180244781,0.4626419721130914,0.4777304086175076,0.21403759436069042,0.0003230164400193819,False,2.817241801786488e-05,False,1.0433962052279495e-07,False,0.005215350745711476,0.002898099929045592,0.0006981996003173304,5.8971372786154344e-05,4.874826818832799e-07,False,False,0.999999835712559,1.000000055404703,1.0000000048536968,0.9999999434536672,1.0000000097073936,False,False,False,0.005215351602528244,0.0028980997684772353,0.0006981995969284813,5.8971376120769406e-05,4.874826771510937e-07,7,outer,10,False,False,0.4157932959917712,0.1930215124967468,0.4626419743586152,0.47773038160360487,0.2140375964384376,False,False,False,32768
Bcc3,persistence,0.0004546673709410243,False,4.323275789966667e-05,False,0.42859785142198376,0.12757320584135004,0.4531505283244236,0.5147063714537138,0.2053454013207042,7.047504247486989e-05,False,7.484579649705961e-06,False,4.966731611834715e-09,False,0.0010608251288067548,0.00033888587822611356,0.0001555223663436066,1.4541455215654017e-05,2.4187206433114984e-08,False,False,0.9999996142628155,1.0000000642477835,1.0000000189170366,1.00000003986465,1.0000000378340739,False,False,False,0.001060825538006611,0.0003388858564534484,0.00015552236340158436,1.4541454635964016e-05,2.4187205518014466e-08,8,outer,10,False,False,0.42859768609585525,0.12757321403764577,0.4531505368966887,0.5147063919723033,0.20534540908975726,False,False,False,32768
Bcc3,fno_plain,0.010797557421028614,False,0.015574846292302163,False,1.0,0.8210071867200565,0.7547055466190185,5.3914899666436,0.5695804620975113,0.00407448823779382,False,0.00030801546296155513,False,1.6601454399920183e-05,False,0.010797557421028614,0.01897041407703634,0.005398778710514307,5.7129933444595844e-05,2.9146811565102524e-05,False,False,0.0002530138879515881,1.5158636641805382e-07,0.0006881655622786827,8.06100107670301e-05,4.735718411063356e-07,False,False,False,42.67574996948242,125145.91203221148,7.84517419418322,0.7087200820467111,61.54675813707833,1,inner,10,False,False,0.0002530138879515881,1.2445349623800203e-07,0.0005193623668439174,0.0004346080642614754,2.6973726809371585e-07,False,False,False,32768
Bcc3,fno_plain,0.010797557421028614,False,0.013989927226928173,False,1.0,0.7374602984477265,0.7072932333083495,6.5301242656814535,0.5002637178837793,0.003818519650075946,False,0.00037306556468332176,False,1.4581092318016124e-05,False,0.010797557421028614,0.01897041407703634,0.005398778710514307,5.7129933444595844e-05,2.9146811565102524e-05,False,False,0.0024872319650947948,1.4384850990363846e-05,0.005393126248708782,0.0007438400570150654,2.9085810734511657e-05,False,False,False,4.341194376945494,1318.7772393154632,1.001048086312995,0.07680405606798178,1.0020972711109093,2,inner,10,False,False,0.0024872319650947948,1.0608256504479797e-05,0.003814521702089364,0.004857368006099954,1.4550575815710739e-05,False,False,False,32768
Bcc3,fno_plain,0.010797557421028614,False,0.023577615635707885,False,1.0,1.2428624667844523,0.6480049671302429,7.594584316259509,0.4199104374254673,0.003498435420850279,False,0.0004338780965272772,False,1.2239050393859869e-05,False,0.010797557421028614,0.01897041407703634,0.005398778710514307,5.7129933444595844e-05,2.9146811565102524e-05,False,False,0.013184977779569618,0.00038282438903501143,0.027148242279568087,0.004226385095571325,0.0007370270588701283,False,False,False,0.8189287537336347,49.55382838814219,0.1988629191871275,0.013517446269735387,0.039546460627626005,3,middle,10,False,False,0.013184977779569618,0.00047579806450130516,0.01759219584601539,0.03209763796129893,0.0003094853546845612,False,False,False,32768
Bcc3,fno_plain,0.010797557421028614,False,0.01643305047517212,False,1.0,1.2266279518311398,0.8115574118619339,5.5954602309578725,0.6586254327480405,0.0043541759956356695,False,0.00033766211362104207,False,1.8958848600969873e-05,False,0.010797557421028614,0.013396931360189915,0.00536521006646468,6.0345726657633404e-05,2.8785479057293932e-05,False,False,0.05059719596517165,0.00566798490048672,0.10072922317152848,0.01955612090913814,0.010146376400739591,False,False,False,0.21340228870511052,2.3636145112241738,0.05326368949881049,0.003085771812212267,0.0028370206190256944,4,middle,10,False,False,0.05059719596517165,0.006952508709493852,0.08174754765594879,0.10942549681888619,0.0066826615477616185,False,False,False,32768
Bcc3,fno_plain,0.010797557421028614,False,0.008646595286459025,False,1.0,0.7479044081910357,0.45569638816891794,1.9452657026987055,0.20765919819019713,0.0022442407167068876,False,0.00025264247560047103,False,5.0366163945250445e-06,False,0.010797557421028614,0.011561096835052272,0.004924859566530052,0.0001298755616006467,2.4254241750042573e-05,False,False,0.10934704580177457,0.01527963183289618,0.2519417484279351,0.10509661522308303,0.06347464460092493,False,False,False,0.0987457625567913,0.756634515902529,0.01954761208596895,0.0012357730201392949,0.00038210913826351934,5,middle,10,False,False,0.10934704580177457,0.011427704003359128,0.11480894478757217,0.20444084106318608,0.013181093803235795,False,False,False,32768
Bcc3,fno_plain,0.005139875286258757,False,0.0013914775253705092,False,0.47602203774797003,0.10318854821276073,0.273859193791313,0.32675480752640046,0.07499885802402792,0.0007440843877584779,False,5.892768248966184e-05,False,5.536615761059088e-07,False,0.010797557421028614,0.013484805721866267,0.0027170327110708115,0.00018034220501836297,7.382266753028803e-06,False,False,0.42194778037911423,0.2311804168279283,0.6506496477117052,0.56087059469745,0.42334496406736605,False,False,False,0.025589795522391795,0.058330224968420434,0.004175876711263041,0.0003215397753480815,1.7437946307669028e-05,6,middle,10,False,False,0.20085644223929888,0.023855171587694804,0.1781863879629294,0.18326716321758305,0.03175038885527559,False,False,False,32768
Bcc3,fno_plain,0.004558740765787661,False,0.0013717101130019272,False,0.8741005136684742,0.47331360083696683,0.8672161720813575,0.8379182992299417,0.7520638891194429,0.000605489984735929,False,4.941319238822931e-05,False,3.6661812161551565e-07,False,0.005215350745711476,0.002898099929045592,0.0006981996003173304,5.8971372786154344e-05,4.874826818832799e-07,False,False,0.999999835712559,1.000000055404703,1.0000000048536968,0.9999999434536672,1.0000000097073936,False,False,False,0.005215351602528244,0.0028980997684772353,0.0006981995969284813,5.8971376120769406e-05,4.874826771510937e-07,7,outer,10,False,False,0.8741003700647377,0.47331362706076624,0.8672161762905618,0.8379182518487346,0.752063896420023,False,False,False,32768
Bcc3,fno_plain,0.0007340275915339589,False,0.00012655399779712518,False,0.6919402374636555,0.37344134391072215,0.9707608876070974,1.4247717984029573,0.9423767009077195,0.00015097503039447572,False,2.0718255299003438e-05,False,2.279345980261287e-08,False,0.0010608251288067548,0.00033888587822611356,0.0001555223663436066,1.4541455215654017e-05,2.4187206433114984e-08,False,False,0.9999996142628155,1.0000000642477835,1.0000000189170366,1.00000003986465,1.0000000378340739,False,False,False,0.001060825538006611,0.0003388858564534484,0.00015552236340158436,1.4541454635964016e-05,2.4187205518014466e-08,8,outer,10,False,False,0.6919399705565765,0.3734413679035008,0.9707609059710167,1.4247718552009865,0.9423767365616692,False,False,False,32768
Bcc3,fno_full,0.010797557421028614,False,0.016406727705445427,False,1.0,0.8648587025470228,0.7823727901542041,7.131378637000156,0.6121071827736744,0.004223857563170195,False,0.0004074151869000316,False,1.7840972713950055e-05,False,0.010797557421028614,0.01897041407703634,0.005398778710514307,5.7129933444595844e-05,2.9146811565102524e-05,False,False,0.0002530138879515881,1.5158636641805382e-07,0.0006881655622786827,8.06100107670301e-05,4.735718411063356e-07,False,False,False,42.67574996948242,125145.91203221148,7.84517419418322,0.7087200820467111,61.54675813707833,1,inner,10,False,False,0.0002530138879515881,1.3110078818413562e-07,0.0005384020110480097,0.0005748605087123512,2.8987672550054123e-07,False,False,False,32768
Bcc3,fno_full,0.010797557421028614,False,0.010742011307868594,False,1.0,0.5662507557424266,0.762898252587751,5.528727726897864,0.582013743801444,0.004118718844359316,False,0.0003158558470709666,False,1.6963844918880544e-05,False,0.010797557421028614,0.01897041407703634,0.005398778710514307,5.7129933444595844e-05,2.9146811565102524e-05,False,False,0.0024872319650947948,1.4384850990363846e-05,0.005393126248708782,0.0007438400570150654,2.9085810734511657e-05,False,False,False,4.341194376945494,1318.7772393154632,1.001048086312995,0.07680405606798178,1.0020972711109093,2,inner,10,False,False,0.0024872319650947948,8.14543274453572e-06,0.004114406591125062,0.00411248914759648,1.6928341597093356e-05,False,False,False,32768
Bcc3,fno_full,0.010797557421028614,False,0.013258907736892384,False,1.0,0.6989255839672088,0.6539111375218305,6.326989591628445,0.4275997757750942,0.0035303215278210515,False,0.0003614604942743837,False,1.2463170089796762e-05,False,0.010797557421028614,0.01897041407703634,0.005398778710514307,5.7129933444595844e-05,2.9146811565102524e-05,False,False,0.013184977779569618,0.00038282438903501143,0.027148242279568087,0.004226385095571325,0.0007370270588701283,False,False,False,0.8189287537336347,49.55382838814219,0.1988629191871275,0.013517446269735387,0.039546460627626005,3,middle,10,False,False,0.013184977779569618,0.0002675657596631853,0.01775253799075062,0.026740294509893365,0.00031515260511304406,False,False,False,32768
Bcc3,fno_full,0.010797557421028614,False,0.008166081837236905,False,1.0,0.6095486807899225,0.5427813321203909,4.93565150670821,0.2946115744983861,0.00291213586698143,False,0.0002978454767011501,False,8.480535307759684e-06,False,0.010797557421028614,0.013396931360189915,0.00536521006646468,6.0345726657633404e-05,2.8785479057293932e-05,False,False,0.05059719596517165,0.00566798490048672,0.10072922317152848,0.01955612090913814,0.010146376400739591,False,False,False,0.21340228870511052,2.3636145112241738,0.05326368949881049,0.003085771812212267,0.0028370206190256944,4,middle,10,False,False,0.05059719596517165,0.00345491271882888,0.05467394193649438,0.0965221976305556,0.0029892399268751585,False,False,False,32768
Bcc3,fno_full,0.010797557421028614,False,0.006437927067921887,False,1.0,0.5568612701523816,0.5264372833904015,1.8125614267713615,0.2771362133434659,0.002592629691283311,False,0.00023540743323760004,False,6.7217287161237955e-06,False,0.010797557421028614,0.011561096835052272,0.004924859566530052,0.0001298755616006467,2.4254241750042573e-05,False,False,0.10934704580177457,0.01527963183289618,0.2519417484279351,0.10509661522308303,0.06347464460092493,False,False,False,0.0987457625567913,0.756634515902529,0.01954761208596895,0.0012357730201392949,0.00038210913826351934,5,middle,10,False,False,0.10934704580177457,0.00850863518992733,0.13263152961503008,0.19049407083759215,0.017591122648022605,False,False,False,32768
Bcc3,fno_full,0.007121579416561872,False,0.006953459527620446,False,0.6595546695303839,0.5156514428936172,0.5885205118625992,0.7974462722377025,0.3463563928830159,0.0015990294818668197,False,0.00014381321911902104,False,2.55689528387927e-06,False,0.010797557421028614,0.013484805721866267,0.0027170327110708115,0.00018034220501836297,7.382266753028803e-06,False,False,0.42194778037911423,0.2311804168279283,0.6506496477117052,0.56087059469745,0.42334496406736605,False,False,False,0.025589795522391795,0.058330224968420434,0.004175876711263041,0.0003215397753480815,1.7437946307669028e-05,6,middle,10,False,False,0.2782976288470257,0.11920851550606909,0.3829206637145126,0.4472641649492249,0.14662823469956288,False,False,False,32768
Bcc3,fno_full,0.006493168883025646,False,0.004127373481604459,False,1.2450109685077089,1.4241653437270168,2.988585718772475,2.418000281674146,8.931644598450793,0.0020866293543610236,False,0.00014259279600763227,False,4.354022062481103e-06,False,0.005215350745711476,0.002898099929045592,0.0006981996003173304,5.8971372786154344e-05,4.874826818832799e-07,False,False,0.999999835712559,1.000000055404703,1.0000000048536968,0.9999999434536672,1.0000000097073936,False,False,False,0.005215351602528244,0.0028980997684772353,0.0006981995969284813,5.8971376120769406e-05,4.874826771510937e-07,7,outer,10,False,False,1.2450107639680428,1.4241654226324747,2.9885857332781636,2.418000144945097,8.931644685153781,False,False,False,32768
Bcc3,fno_full,0.006184577709063888,False,0.0021321901087811867,False,5.829969088326999,6.291764413265204,11.089348518705636,9.08772602229914,122.97365056931888,0.0017246417228380692,False,0.00013214876096539658,False,2.9743890721538636e-06,False,0.0010608251288067548,0.00033888587822611356,0.0001555223663436066,1.4541455215654017e-05,2.4187206433114984e-08,False,False,0.9999996142628155,1.0000000642477835,1.0000000189170366,1.00000003986465,1.0000000378340739,False,False,False,0.001060825538006611,0.0003388858564534484,0.00015552236340158436,1.4541454635964016e-05,2.4187205518014466e-08,8,outer,10,False,False,5.829966839491137,6.291764817497122,11.089348728483248,9.08772638457816,122.97365522191303,False,False,False,32768
Bcc3,localno_plain,0.008155834882054477,False,0.012417586869011921,False,0.7553407279104354,0.6545764799116005,0.23865248237509187,6.885717357958402,0.05695500734379354,0.0012884319410580369,False,0.00039338057437846187,False,1.6600568667385806e-06,False,0.010797557421028614,0.01897041407703634,0.005398778710514307,5.7129933444595844e-05,2.9146811565102524e-05,False,False,0.0002530138879515881,1.5158636641805382e-07,0.0006881655622786827,8.06100107670301e-05,4.735718411063356e-07,False,False,False,42.67574996948242,125145.91203221148,7.84517419418322,0.7087200820467111,61.54675813707833,1,inner,10,False,False,0.0001911116942968019,9.922487013251972e-08,0.00016423241972285852,0.000555057750363753,2.6972287688025167e-08,False,False,False,32768
Bcc3,localno_plain,0.010797557421028614,False,0.012773138135345951,False,1.0,0.673318889270204,0.3728123288270621,7.626239133734063,0.13898903252545744,0.002012731263888802,False,0.0004356865341427993,False,4.051087140635414e-06,False,0.010797557421028614,0.01897041407703634,0.005398778710514307,5.7129933444595844e-05,2.9146811565102524e-05,False,False,0.0024872319650947948,1.4384850990363846e-05,0.005393126248708782,0.0007438400570150654,2.9085810734511657e-05,False,False,False,4.341194376945494,1318.7772393154632,1.001048086312995,0.07680405606798178,1.0020972711109093,2,inner,10,False,False,0.0024872319650947948,9.685591891149179e-06,0.0020106239564394784,0.005672702152047268,4.04260869420834e-06,False,False,False,32768
Bcc3,localno_plain,0.010797557421028614,False,0.034130016054373165,False,1.0,1.7991181381584866,0.5280244379161638,12.031291839030335,0.2788098070366808,0.002850687094053069,False,0.0006873469020163121,False,8.126416908200731e-06,False,0.010797557421028614,0.01897041407703634,0.005398778710514307,5.7129933444595844e-05,2.9146811565102524e-05,False,False,0.013184977779569618,0.00038282438903501143,0.027148242279568087,0.004226385095571325,0.0007370270588701283,False,False,False,0.8189287537336347,49.55382838814219,0.1988629191871275,0.013517446269735387,0.039546460627626005,3,middle,10,False,False,0.013184977779569618,0.0006887463020423299,0.014334935370080775,0.05084887250894672,0.00020549037206439287,False,False,False,32768
Bcc3,localno_plain,0.010797557421028614,False,0.04877999130068176,False,1.0,3.6411316882338833,0.5948299489944983,10.383572860604746,0.3538226682207973,0.0031913876301799537,False,0.0006266042495756746,False,1.018495500606562e-05,False,0.010797557421028614,0.013396931360189915,0.00536521006646468,6.0345726657633404e-05,2.8785479057293932e-05,False,False,0.05059719596517165,0.00566798490048672,0.10072922317152848,0.01955612090913814,0.010146376400739591,False,False,False,0.21340228870511052,2.3636145112241738,0.05326368949881049,0.003085771812212267,0.0028370206190256944,4,middle,10,False,False,0.05059719596517165,0.02063787942959337,0.05991675868137571,0.2030624063308318,0.003590017970882212,False,False,False,32768
Bcc3,localno_plain,0.010797557421028614,False,0.0266299993065398,False,1.0,2.303414605593466,0.3816448504381701,3.511945950190225,0.1456527918659732,0.001879547292697353,False,0.00045611595259207233,False,3.5326980254859487e-06,False,0.010797557421028614,0.011561096835052272,0.004924859566530052,0.0001298755616006467,2.4254241750042573e-05,False,False,0.10934704580177457,0.01527963183289618,0.2519417484279351,0.10509661522308303,0.06347464460092493,False,False,False,0.0987457625567913,0.756634515902529,0.01954761208596895,0.0012357730201392949,0.00038210913826351934,5,middle,10,False,False,0.10934704580177457,0.03519532713198392,0.09615227089791036,0.36909363221140684,0.009245259198825137,False,False,False,32768
Bcc3,localno_plain,0.003088461720617488,False,0.0036037250641718847,False,0.28603336849152594,0.2672433803275541,0.21402502258135803,0.8796088653955401,0.04580671029095082,0.0005815129873412188,False,0.00015863060233913212,False,3.3815735444650854e-07,False,0.010797557421028614,0.013484805721866267,0.0027170327110708115,0.00018034220501836297,7.382266753028803e-06,False,False,0.42194778037911423,0.2311804168279283,0.6506496477117052,0.56087059469745,0.42334496406736605,False,False,False,0.025589795522391795,0.058330224968420434,0.004175876711263041,0.0003215397753480815,1.7437946307669028e-05,6,middle,10,False,False,0.12069114494936063,0.061781436058628535,0.13925530554405033,0.49334674743554585,0.01939204012216682,False,False,False,32768
Bcc3,localno_plain,0.004067632957594469,False,0.006119566278729542,False,0.7799346881778254,2.111578768350079,0.8814143374709891,2.3715768230091636,0.7768912342994226,0.0006154031381362091,False,0.00013985514092067696,False,3.787210224278941e-07,False,0.005215350745711476,0.002898099929045592,0.0006981996003173304,5.8971372786154344e-05,4.874826818832799e-07,False,False,0.999999835712559,1.000000055404703,1.0000000048536968,0.9999999434536672,1.0000000097073936,False,False,False,0.005215351602528244,0.0028980997684772353,0.0006981995969284813,5.8971376120769406e-05,4.874826771510937e-07,7,outer,10,False,False,0.7799345600443514,2.111578885341473,0.8814143417491069,2.3715766889051912,0.7768912418410115,False,False,False,32768
Bcc3,localno_plain,0.0016489745175931603,False,0.0003518892326281168,False,1.5544263355148573,1.0383708948571975,1.8233172100781931,4.30021130274878,3.3244856485673244,0.00028356660710638346,False,6.25313300767706e-05,False,8.041002066582603e-08,False,0.0010608251288067548,0.00033888587822611356,0.0001555223663436066,1.4541455215654017e-05,2.4187206433114984e-08,False,False,0.9999996142628155,1.0000000642477835,1.0000000189170366,1.00000003986465,1.0000000378340739,False,False,False,0.001060825538006611,0.0003388858564534484,0.00015552236340158436,1.4541454635964016e-05,2.4187205518014466e-08,8,outer,10,False,False,1.554425735914819,1.038370961570226,1.8233172445699515,4.300211474175199,3.3244857743461598,False,False,False,32768
rho,persistence,0.03964628899469971,False,0.11936033756979948,False,0.0006678059876774732,3.7276463419758434e-07,0.0006826589834175082,0.0009417633559267068,4.660232876406256e-07,0.007018044613484077,False,0.0007803732639467372,False,4.925295019685286e-05,False,59.36797472059726,320202.95548351936,10.280454493326287,0.8286298877904845,105.68774458935266,False,False,0.999999979954155,1.0000002777535761,1.0000000453296258,1.0000000376764078,1.000000090659254,False,False,False,59.3679759106785,320202.86654602806,10.280454027317152,0.8286298565706881,105.68773500778144,1,inner,10,False,False,0.0006678059742907379,3.727647377342946e-07,0.0006826590143621845,0.0009417633914089671,4.660233298899492e-07,False,False,False,32768
rho,persistence,0.010582140255719423,False,0.012217228964758214,False,0.0005301626988022328,3.6253889414142065e-07,0.0005710567228180639,0.0007694724940161476,3.2610578067570713e-07,0.002074123156824136,False,0.00021251334956778683,False,4.30198686967412e-06,False,19.960175017267467,33699.08487664904,3.632079045648399,0.2761805668434032,13.191998193838185,False,False,0.9999994590969901,1.0000001092437765,1.0000000059771519,1.0000000087723324,1.0000000119543038,False,False,False,19.96018581379205,33699.08119523415,3.632079023938911,0.27618056442065547,13.191998036137033,2,inner,10,False,False,0.0005301624120356333,3.6253893374653853e-07,0.0005710567262313568,0.0007694725007662161,3.2610578457407473e-07,False,False,False,32768
rho,persistence,4.884547402354656,False,517.5777975524331,False,0.6914716265950029,0.19785042301884645,0.6659284840345847,0.9429700837324497,0.4434607458486001,0.8609199519931096,False,0.08882389486000337,False,0.7411831637398181,False,7.063988187639043,2616.005513938834,1.292811424399738,0.094195877888747,1.6713613790584791,False,False,0.9999996442562926,0.999999991423424,0.9999999947633122,0.9999999883497073,0.9999999895266242,False,False,False,7.063990700609284,2616.0055363752044,1.2928114311697878,0.09419587898615657,1.6713613965632752,3,middle,10,False,False,0.6914713806083229,0.19785042132196726,0.6659284805473251,0.9429700727465722,0.4434607412040691,False,False,False,32768
rho,persistence,1.523294763333979,False,79.35274702829497,False,0.6175415941448866,0.5659886630530847,0.6760532197603146,0.8908779716738813,0.4570479559482883,0.3394991168318375,False,0.03082364012610837,False,0.11525965032959763,False,2.4667079558313705,140.20200793465784,0.50217809324568,0.034599171947414374,0.2521828373358669,False,False,0.9999999932658009,0.9999998066880559,0.9999999697458185,0.9999999621842801,0.9999999394916381,False,False,False,2.466707972442673,140.2020350373858,0.5021781084386676,0.03459917325580702,0.2521828525950382,4,middle,10,False,False,0.6175415899862385,0.565988553640716,0.6760531993068779,0.8908779379846894,0.4570479282930651,False,False,False,32768
rho,persistence,0.7137580384296598,False,16.12262630698001,False,0.6048786745933477,0.3649489172908177,0.6646740576624995,0.6271929527142486,0.4417916029295318,0.1603381287208346,False,0.011026252841029533,False,0.025708315521698933,False,1.1800019878523744,44.177761717079804,0.2412282033162324,0.01758032004873807,0.058191046075177555,False,False,1.0000002020431777,0.9999999120806427,1.0000000023179556,1.000000043384519,1.000000004635911,False,False,False,1.1800017494410713,44.177765601160566,0.24122820275707615,0.01758031928602437,0.05819104580540905,5,middle,10,False,False,0.6048787968049573,0.3649488852047434,0.6646740592031845,0.6271929799247132,0.44179160497763836,False,False,False,32768
rho,persistence,0.46420604947161337,False,1.3631643637149653,False,0.7617721188152861,0.8603536743157527,0.8355905075961023,0.7648587074226935,0.6982114963847119,0.12197108995038013,False,0.006541461405659457,False,0.014876946783683719,False,0.6093765287623683,1.5844232487286145,0.1459699324508567,0.008552509557878861,0.02130722117970767,False,False,0.9999999021785495,1.000004051190569,0.9999998536520112,0.9999996739933134,0.9999997073040435,False,False,False,0.60937658837247,1.5844168299540955,0.14596995381326588,0.008552512346055073,0.02130722741624698,6,middle,10,False,False,0.7617720442976325,0.8603571597724442,0.835590385309112,0.7648584580736405,0.6982112920210302,False,False,False,32768
rho,persistence,0.9303857517127199,False,35.416145655923266,False,1.0709072234465487,1.0568727456146882,1.0503085758799298,1.0603510632771789,1.103148104566926,0.2544743875120437,False,0.01677905447310531,False,0.06475721389962978,False,0.8687827772030687,33.51032165686595,0.2422853562809859,0.01582405587565221,0.05870219386820428,False,False,0.9999997255735253,0.9999998397409989,1.0000000873689938,1.0000000389812267,1.0000001747379952,False,False,False,0.8687830156201289,33.510327027197484,0.24228533511276,0.015824055258811125,0.0587021836107024,7,outer,10,False,False,1.0709069295612548,1.0568725762413178,1.0503086676443332,1.060351104610964,1.1031482973288143,False,False,False,32768
rho,persistence,0.8520616897912987,False,43.97383362143997,False,0.9979075432607322,0.9510391001190802,0.9862713719394055,0.9622534381107065,0.9727312191072373,0.2135194947133973,False,0.01370873142578436,False,0.0455905746226645,False,0.8538483304847341,46.237671632989624,0.21649162774899594,0.01424648734194201,0.046868624885409826,False,False,1.0000002094187477,1.0000015738951264,1.0000000296299427,0.9999999421992799,1.0000000592598863,False,False,False,0.8538481516729235,46.23759885985812,0.2164916213343616,0.014246488165399284,0.04686862210798061,8,outer,10,False,False,0.9979077522412801,0.951040596954885,0.9862714011625697,0.9622533824917648,0.9727312767511787,False,False,False,32768
rho,fno_plain,0.0037314799922751212,False,0.0022614026243188354,False,6.285341566453189e-05,7.062403970956565e-09,7.797091366210443e-05,0.00021049733540978892,6.079463377303342e-09,0.0008015764297063375,False,0.00017442438342080938,False,6.425247726607589e-07,False,59.36797472059726,320202.95548351936,10.280454493326287,0.8286298877904845,105.68774458935266,False,False,0.999999979954155,1.0000002777535761,1.0000000453296258,1.0000000376764078,1.000000090659254,False,False,False,59.3679759106785,320202.86654602806,10.280454027317152,0.8286298565706881,105.68773500778144,1,inner,10,False,False,6.285341440458206e-05,7.062405932564525e-09,7.797091719649679e-05,0.0002104973433405724,6.0794639284629565e-09,False,False,False,32768
rho,fno_plain,0.003585568559356033,False,0.0011327601269802813,False,0.00017963612825309258,3.361397293506922e-08,0.0002454477917297778,0.0005215266507971583,6.024461846502437e-08,0.0008914857811423983,False,0.00014403552604110077,False,7.94746897979072e-07,False,19.960175017267467,33699.08487664904,3.632079045648399,0.2761805668434032,13.191998193838185,False,False,0.9999994590969901,1.0000001092437765,1.0000000059771519,1.0000000087723324,1.0000000119543038,False,False,False,19.96018581379205,33699.08119523415,3.632079023938911,0.27618056442065547,13.191998036137033,2,inner,10,False,False,0.00017963603108737012,3.3613976607186567e-08,0.00024544779319685654,0.0005215266553721635,6.024461918520684e-08,False,False,False,32768
rho,fno_plain,0.007270249468274414,False,0.017850976655849508,False,0.001029198984363578,6.823753451869402e-06,0.00127587346470604,0.0034746270086590185,1.6278530979409949e-06,0.0016494637912604444,False,0.0003272955414165872,False,2.7207307986792787e-06,False,7.063988187639043,2616.005513938834,1.292811424399738,0.094195877888747,1.6713613790584791,False,False,0.9999996442562926,0.999999991423424,0.9999999947633122,0.9999999883497073,0.9999999895266242,False,False,False,7.063990700609284,2616.0055363752044,1.2928114311697878,0.09419587898615657,1.6713613965632752,3,middle,10,False,False,0.0010291986182325156,6.823753393344961e-06,0.001275873458024689,0.003474626968178597,1.6278530808918776e-06,False,False,False,32768
rho,fno_plain,0.021727369074942545,False,0.016032397097265533,False,0.00880824542831607,0.00011435212186645392,0.009813593767324238,0.011424769432368996,9.63066226300651e-05,0.004928171805962575,False,0.0003952875620500986,False,2.4286877349084422e-05,False,2.4667079558313705,140.20200793465784,0.50217809324568,0.034599171947414374,0.2521828373358669,False,False,0.9999999932658009,0.9999998066880559,0.9999999697458185,0.9999999621842801,0.9999999394916381,False,False,False,2.466707972442673,140.2020350373858,0.5021781084386676,0.03459917325580702,0.2521828525950382,4,middle,10,False,False,0.00880824536899959,0.00011435209976082293,0.00981359347042199,0.011424769000333115,9.630661680270912e-05,False,False,False,32768
rho,fno_plain,0.010001196983212139,False,0.02075577803483258,False,0.008475576385608048,0.00046982412028375977,0.010543802463009505,0.018682596578874115,0.00011117177037896529,0.002543462524273049,False,0.0003284460271980659,False,6.469201612381428e-06,False,1.1800019878523744,44.177761717079804,0.2412282033162324,0.01758032004873807,0.058191046075177555,False,False,1.0000002020431777,0.9999999120806427,1.0000000023179556,1.000000043384519,1.000000004635911,False,False,False,1.1800017494410713,44.177765601160566,0.24122820275707615,0.01758031928602437,0.05819104580540905,5,middle,10,False,False,0.008475578098040433,0.00046982407897712506,0.01054380248744957,0.018682597389409583,0.00011117177089434772,False,False,False,32768
rho,fno_plain,0.1020844589762055,False,0.7151913226213683,False,0.16752279445934196,0.4513890610954225,0.13443569672061084,0.18089985579354367,0.018072956552756057,0.019623569569291423,False,0.00154714774569319,False,0.0003850844826408204,False,0.6093765287623683,1.5844232487286145,0.1459699324508567,0.008552509557878861,0.02130722117970767,False,False,0.9999999021785495,1.000004051190569,0.9999998536520112,0.9999996739933134,0.9999997073040435,False,False,False,0.60937658837247,1.5844168299540955,0.14596995381326588,0.008552512346055073,0.02130722741624698,6,middle,10,False,False,0.1675227780720192,0.45139088975852976,0.134435677046217,0.18089979681898108,0.01807295126287475,False,False,False,32768
rho,fno_plain,0.4962684654497203,False,14.037228557437938,False,0.5712227250261463,0.4188926833103628,0.4249071647881938,0.5184997145630004,0.18054609868834126,0.10294878380705112,False,0.00820476845475464,False,0.01059845208735095,False,0.8687827772030687,33.51032165686595,0.2422853562809859,0.01582405587565221,0.05870219386820428,False,False,0.9999997255735253,0.9999998397409989,1.0000000873689938,1.0000000389812267,1.0000001747379952,False,False,False,0.8687830156201289,33.510327027197484,0.24228533511276,0.015824055258811125,0.0587021836107024,7,outer,10,False,False,0.5712225682675077,0.4188926161790398,0.4249072019119052,0.5184997347747553,0.18054613023660457,False,False,False,32768
rho,fno_plain,0.7541659246385279,False,29.89622654366321,False,0.8832551376078513,0.6465772494117734,0.9393779190093118,1.6166472662281994,0.8824308747222653,0.2033674547577904,False,0.023031544814705197,False,0.041358321654661925,False,0.8538483304847341,46.237671632989624,0.21649162774899594,0.01424648734194201,0.046868624885409826,False,False,1.0000002094187477,1.0000015738951264,1.0000000296299427,0.9999999421992799,1.0000000592598863,False,False,False,0.8538481516729235,46.23759885985812,0.2164916213343616,0.014246488165399284,0.04686862210798061,8,outer,10,False,False,0.8832553225780361,0.6465782670565551,0.9393779468430258,1.6166471727848233,0.8824309270150186,False,False,False,32768
rho,fno_full,0.14215489681795587,False,1.0488697761911667,False,0.0023944710508818543,3.275640521828823e-06,0.002414204122445621,0.002478269315340688,5.828381544833432e-06,0.024819115618402932,False,0.0020535680246853553,False,0.0006159885000796524,False,59.36797472059726,320202.95548351936,10.280454493326287,0.8286298877904845,105.68774458935266,False,False,0.999999979954155,1.0000002777535761,1.0000000453296258,1.0000000376764078,1.000000090659254,False,False,False,59.3679759106785,320202.86654602806,10.280454027317152,0.8286298565706881,105.68773500778144,1,inner,10,False,False,0.0023944710028826585,3.275641431649692e-06,0.0024142042318805908,0.0024782694087129736,5.8283820732301546e-06,False,False,False,32768
rho,fno_full,0.04140939562814305,False,0.1222465009353086,False,0.0020746008285157796,3.627591116577066e-06,0.002401262830711933,0.003784526630663507,5.766063182158687e-06,0.008721576410523171,False,0.0010452127100906022,False,7.606589508459425e-05,False,19.960175017267467,33699.08487664904,3.632079045648399,0.2761805668434032,13.191998193838185,False,False,0.9999994590969901,1.0000001092437765,1.0000000059771519,1.0000000087723324,1.0000000119543038,False,False,False,19.96018581379205,33699.08119523415,3.632079023938911,0.27618056442065547,13.191998036137033,2,inner,10,False,False,0.0020745997063579473,3.627591512868819e-06,0.002401262845064646,0.0037845266638626327,5.766063251087957e-06,False,False,False,32768
rho,fno_full,0.03814461751608173,False,0.16474466560536932,False,0.005399869946389391,6.297565686599745e-05,0.006240058950934844,0.010703170440239471,3.893833571114207e-05,0.00806721950069641,False,0.0010081945358112437,False,6.508003047241644e-05,False,7.063988187639043,2616.005513938834,1.292811424399738,0.094195877888747,1.6713613790584791,False,False,0.9999996442562926,0.999999991423424,0.9999999947633122,0.9999999883497073,0.9999999895266242,False,False,False,7.063990700609284,2616.0055363752044,1.2928114311697878,0.09419587898615657,1.6713613965632752,3,middle,10,False,False,0.005399868025419637,6.297565632588195e-05,0.006240058918257603,0.010703170315544401,3.893833530332625e-05,False,False,False,32768
rho,fno_full,0.01819421570689883,False,0.008495479300712282,False,0.007375909930434678,6.05945622738275e-05,0.0077723833425729395,0.013735018407624519,6.040994282390529e-05,0.0039031206469477635,False,0.0004752202635863023,False,1.5234350784629927e-05,False,2.4667079558313705,140.20200793465784,0.50217809324568,0.034599171947414374,0.2521828373358669,False,False,0.9999999932658009,0.9999998066880559,0.9999999697458185,0.9999999621842801,0.9999999394916381,False,False,False,2.466707972442673,140.2020350373858,0.5021781084386676,0.03459917325580702,0.2521828525950382,4,middle,10,False,False,0.0073759098807638325,6.0594550560174866e-05,0.007772383107425843,0.01373501788822491,6.040993916859861e-05,False,False,False,32768
rho,fno_full,0.01273423881502822,False,0.007140265425389552,False,0.010791709629408992,0.0001616257851884111,0.010411929693474084,0.019566621028626642,0.00010840827994184733,0.0025116510930116836,False,0.00034398745995562483,False,6.308391213026785e-06,False,1.1800019878523744,44.177761717079804,0.2412282033162324,0.01758032004873807,0.058191046075177555,False,False,1.0000002020431777,0.9999999120806427,1.0000000023179556,1.000000043384519,1.000000004635911,False,False,False,1.1800017494410713,44.177765601160566,0.24122820275707615,0.01758031928602437,0.05819104580540905,5,middle,10,False,False,0.010791711809800297,0.00016162577097837593,0.010411929717608473,0.019566621877515084,0.00010840828044441846,False,False,False,32768
rho,fno_full,0.020272861859848487,False,0.04880006208499074,False,0.033268202667769746,0.030799890196100868,0.02905439584826879,0.05666466210298831,0.0008441579181078986,0.004241068199372247,False,0.0004846250642297836,False,1.798665947172655e-05,False,0.6093765287623683,1.5844232487286145,0.1459699324508567,0.008552509557878861,0.02130722117970767,False,False,0.9999999021785495,1.000004051190569,0.9999998536520112,0.9999996739933134,0.9999997073040435,False,False,False,0.60937658837247,1.5844168299540955,0.14596995381326588,0.008552512346055073,0.02130722741624698,6,middle,10,False,False,0.03326819941342591,0.03080001497232556,0.029054391596216388,0.05666464362992957,0.0008441576710262893,False,False,False,32768
rho,fno_full,0.043564489810378255,False,0.05744863718108694,False,0.05014428341987668,0.0017143564830365112,0.038532178180714534,0.04844572831180232,0.0014847287553503333,0.009335782518796852,False,0.0007666079117426262,False,8.71568352382729e-05,False,0.8687827772030687,33.51032165686595,0.2422853562809859,0.01582405587565221,0.05870219386820428,False,False,0.9999997255735253,0.9999998397409989,1.0000000873689938,1.0000000389812267,1.0000001747379952,False,False,False,0.8687830156201289,33.510327027197484,0.24228533511276,0.015824055258811125,0.0587021836107024,7,outer,10,False,False,0.050144269658957755,0.0017143562082954538,0.03853218154723217,0.04844573020027624,0.0014847290147888593,False,False,False,32768
rho,fno_full,0.41067819326279276,False,30.253949746578073,False,0.48097323447320983,0.6543138674178504,0.29363727171561427,0.5497409583786961,0.08622284734058949,0.06357001092148754,False,0.007831877604889162,False,0.004041146288558045,False,0.8538483304847341,46.237671632989624,0.21649162774899594,0.01424648734194201,0.046868624885409826,False,False,1.0000002094187477,1.0000015738951264,1.0000000296299427,0.9999999421992799,1.0000000592598863,False,False,False,0.8538481516729235,46.23759885985812,0.2164916213343616,0.014246488165399284,0.04686862210798061,8,outer,10,False,False,0.4809733351980222,0.6543148972392575,0.2936372804160698,0.5497409266032728,0.08622285245014563,False,False,False,32768
rho,localno_plain,0.023547880720361715,False,0.41340010045307246,False,0.0003966428167911202,1.2910564795656607e-06,0.0004917427950444915,0.0014155658345403345,2.418109764781687e-07,0.00505533942687597,False,0.001172980158635201,False,2.555645672092666e-05,False,59.36797472059726,320202.95548351936,10.280454493326287,0.8286298877904845,105.68774458935266,False,False,0.999999979954155,1.0000002777535761,1.0000000453296258,1.0000000376764078,1.000000090659254,False,False,False,59.3679759106785,320202.86654602806,10.280454027317152,0.8286298565706881,105.68773500778144,1,inner,10,False,False,0.00039664280884007977,1.2910568381612149e-06,0.0004917428173350085,0.0014155658878737703,2.4181099840057145e-07,False,False,False,32768
rho,localno_plain,0.013775903936766549,False,0.08493662244734136,False,0.000690169496251865,2.52044299595198e-06,0.0008522154237744732,0.0033079662585159112,7.262711285191049e-07,0.0030953137830696345,False,0.000913595996375776,False,9.580967415660851e-06,False,19.960175017267467,33699.08487664904,3.632079045648399,0.2761805668434032,13.191998193838185,False,False,0.9999994590969901,1.0000001092437765,1.0000000059771519,1.0000000087723324,1.0000000119543038,False,False,False,19.96018581379205,33699.08119523415,3.632079023938911,0.27618056442065547,13.191998036137033,2,inner,10,False,False,0.0006901691229371071,2.5204432712946912e-06,0.0008522154288682942,0.003307966287534491,7.262711372011705e-07,False,False,False,32768
rho,localno_plain,0.08789580721335369,False,19.489327015726996,False,0.01244280212234197,0.0074500328504210804,0.02841609792576899,0.045235512253358305,0.0008074746213268929,0.03673665603529585,False,0.004260998788452258,False,0.001349581896655639,False,7.063988187639043,2616.005513938834,1.292811424399738,0.094195877888747,1.6713613790584791,False,False,0.9999996442562926,0.999999991423424,0.9999999947633122,0.9999999883497073,0.9999999895266242,False,False,False,7.063990700609284,2616.0055363752044,1.2928114311697878,0.09419587898615657,1.6713613965632752,3,middle,10,False,False,0.012442797695893413,0.007450032786525307,0.02841609777696276,0.045235511726351346,0.0008074746128699077,False,False,False,32768
rho,localno_plain,1.209224809670377,False,506.1196774731795,False,0.4902180685037051,3.6099317329967215,0.33075973012346443,0.775426664846245,0.109401999071347,0.16610029059585707,False,0.026829120509625288,False,0.02758930653602816,False,2.4667079558313705,140.20200793465784,0.50217809324568,0.034599171947414374,0.2521828373358669,False,False,0.9999999932658009,0.9999998066880559,0.9999999697458185,0.9999999621842801,0.9999999394916381,False,False,False,2.466707972442673,140.2020350373858,0.5021781084386676,0.03459917325580702,0.2521828525950382,4,middle,10,False,False,0.490218065202479,3.6099310351538003,0.33075972011659954,0.7754266355229275,0.10940199245161125,False,False,False,32768
rho,localno_plain,0.31609692159479214,False,107.92752805582732,False,0.2678782958409201,2.4430284346909517,0.2905162934261216,0.7548225468637303,0.0843997167460524,0.07008072349727469,False,0.013270021953867969,False,0.00491130780590147,False,1.1800019878523744,44.177761717079804,0.2412282033162324,0.01758032004873807,0.058191046075177555,False,False,1.0000002020431777,0.9999999120806427,1.0000000023179556,1.000000043384519,1.000000004635911,False,False,False,1.1800017494410713,44.177765601160566,0.24122820275707615,0.01758031928602437,0.05819104580540905,5,middle,10,False,False,0.2678783499639022,2.4430282199014615,0.29051629409952545,0.7548225796113435,0.08439971713732197,False,False,False,32768
rho,localno_plain,0.014194691391458035,False,0.11307405426892275,False,0.02329379410179643,0.07136606608092663,0.019741804593305132,0.1309878052654338,0.0003897388486002436,0.002881709882942763,False,0.0011202744564981976,False,8.304251849449992e-06,False,0.6093765287623683,1.5844232487286145,0.1459699324508567,0.008552509557878861,0.02130722117970767,False,False,0.9999999021785495,1.000004051190569,0.9999998536520112,0.9999996739933134,0.9999997073040435,False,False,False,0.60937658837247,1.5844168299540955,0.14596995381326588,0.008552512346055073,0.02130722741624698,6,middle,10,False,False,0.0232937918231637,0.07136635519846049,0.019741801704131732,0.13098776256253342,0.00038973873452525853,False,False,False,32768
rho,localno_plain,0.02039172062723082,False,0.14085278366816267,False,0.023471598611656725,0.0042032656418654005,0.02077704662515462,0.07822384189179929,0.0004316856664638489,0.005033974144042243,False,0.001237818444904016,False,2.534089568288583e-05,False,0.8687827772030687,33.51032165686595,0.2422853562809859,0.01582405587565221,0.05870219386820428,False,False,0.9999997255735253,0.9999998397409989,1.0000000873689938,1.0000000389812267,1.0000001747379952,False,False,False,0.8687830156201289,33.510327027197484,0.24228533511276,0.015824055258811125,0.0587021836107024,7,outer,10,False,False,0.023471592170428664,0.004203264968254248,0.020777048440424276,0.0782238449410606,0.0004316857418957368,False,False,False,32768
rho,localno_plain,0.0054254723133635675,False,0.031071234281723932,False,0.00635414056531972,0.0006719895960235863,0.007252107726303756,0.020408537377270903,5.259306647391463e-05,0.00157002060627857,False,0.0002907499694128403,False,2.4649647041393284e-06,False,0.8538483304847341,46.237671632989624,0.21649162774899594,0.01424648734194201,0.046868624885409826,False,False,1.0000002094187477,1.0000015738951264,1.0000000296299427,0.9999999421992799,1.0000000592598863,False,False,False,0.8538481516729235,46.23759885985812,0.2164916213343616,0.014246488165399284,0.04686862210798061,8,outer,10,False,False,0.00635414189599588,0.0006719906536647365,0.007252107941183293,0.020408536197642747,5.259306959057377e-05,False,False,False,32768
press,persistence,0.07995639977045357,False,1.250276585253331,False,0.00991313916260262,9.216197253286731e-05,0.010286221819736222,0.010068877805947255,0.00010580635932481752,0.015592571700674306,False,0.0014062603740096762,False,0.00024312829224066923,False,8.065699316730022,13566.078838074463,1.515869672454153,0.13966406198504647,2.297860863866261,False,False,1.000000513168635,0.9999997334761922,0.9999999728340933,0.9999999595491134,0.9999999456681875,False,False,False,8.065695177668237,13566.082453758416,1.5158697136341281,0.13966406763458183,2.2978609887132135,1,inner,10,False,False,0.009913144249714713,9.216194796950744e-05,0.010286221540301678,0.010068877398652221,0.00010580635357616624,False,False,False,32768
press,persistence,0.006140749494079496,False,0.0044160532118151,False,0.007896485374647794,4.0026257002557994e-05,0.007335885521027209,0.009406666415514926,5.3815216377616636e-05,0.0010668329183375453,False,0.0001136246098986651,False,1.1381324756486035e-06,False,0.7776560333784436,110.32890763512759,0.14542660395662252,0.01207915800131467,0.021148897138356337,False,False,1.0000002030635984,0.9999996840864313,0.9999999313937562,0.9999999334652727,0.9999998627875172,False,False,False,0.7776558754648432,110.32894248953755,0.14542661393379624,0.012079158804998207,0.02114890004024942,2,inner,10,False,False,0.00789648697813653,4.0026244357720296e-05,0.007335885017739658,0.009406665789644941,5.381520899349718e-05,False,False,False,32768
press,persistence,0.08231219320441596,False,0.04518203480292189,False,0.818283384240511,0.03672309409153637,0.9357401736861451,1.247247344958418,0.8756096726501771,0.01693661666243151,False,0.0018054858797940264,False,0.00028684898397015273,False,0.10059130466252099,1.2303438999530019,0.018099700257298335,0.001447576446718529,0.0003275991494040455,False,False,0.9999998761143208,1.000000218771834,1.0000000679745742,1.000000069341914,1.0000001359491533,False,False,False,0.10059131712434463,1.2303436307884694,0.018099699026979,0.0014475763463408144,0.00032759910486722453,3,middle,10,False,False,0.8182832828669181,0.03672310212551501,0.9357402372926851,1.2472474314449364,0.8756097916885708,False,False,False,32768
press,persistence,0.016745594952735702,False,0.016163072748962327,False,1.0482812865731341,0.8728939497969986,0.9947693215598474,1.0677764653692743,0.9895660031166392,0.0031049022669529117,False,0.0002539379127708901,False,9.64041808732933e-06,False,0.015974333575559285,0.01851665113811504,0.0031212284090991783,0.00023781935733437382,9.742066781767788e-06,False,False,0.9999999579855716,1.000000019283521,0.9999999980985821,0.9999999954762889,0.9999999961971641,False,False,False,0.015974334246711807,0.018516650781048815,0.003121228415033938,0.00023781935841019988,9.74206681881527e-06,4,middle,10,False,False,1.048281242530195,0.8728939666294675,0.9947693196683752,1.0677764605389621,0.9895659993534821,False,False,False,32768
press,persistence,0.0027017960189823498,False,0.00027724748302408817,False,0.6765535324833292,0.10817379736272849,0.6336089670005371,0.5298844276339555,0.4014603230634878,0.0005273220187944951,False,4.097496549493142e-05,False,2.780685115055019e-07,False,0.003993469680167437,0.002562981884553998,0.0008322515088301269,7.732811790279097e-05,6.926425739500228e-07,False,False,0.999999923939276,0.9999999267183869,0.9999999725141043,0.9999999730426422,0.9999999450282095,False,False,False,0.003993469983913655,0.0025629820723734585,0.0008322515317053056,7.732811998735277e-05,6.926426120258273e-07,5,middle,10,False,False,0.6765534810241776,0.10817378943557814,0.6336089495852272,0.5298844133496714,0.40146030099449503,False,False,False,32768
press,persistence,0.0008115390014302192,False,6.028574271580375e-06,False,0.834958752391708,0.31838164244611733,0.8426640632358078,0.6437463573671951,0.7100827234690814,0.00016767786974503505,False,1.0886393157385617e-05,False,2.811586800223294e-08,False,0.0009719510084846661,1.893505613345985e-05,0.00019898542854806985,1.691099768223773e-05,3.9595200774459015e-08,False,False,1.0000002388480242,0.9999998663694103,0.9999999859183186,1.000000006383452,0.9999999718366374,False,False,False,0.0009719507763361434,1.8935058663762905e-05,0.0001989854313501193,1.691099757428719e-05,3.9595201889593044e-08,6,middle,10,False,False,0.8349589518199564,0.31838159990059073,0.8426640513696809,0.643746361476519,0.7100827034707642,False,False,False,32768
press,persistence,0.001214635743062047,False,6.551345749576887e-05,False,1.0974471360242948,1.0752037087296498,1.0684693110822503,1.0697728864952387,1.1416266687245789,0.0003069992257553626,False,2.1497628804436015e-05,False,9.424852461439211e-08,False,0.0011067829175465248,6.093120490922863e-05,0.0002873261988633101,2.0095507257494597e-05,8.255634455323842e-08,False,False,1.0000002104199817,1.0000006313480743,1.0000000293335998,1.000000120470229,1.0000000586672004,False,False,False,0.0011067826846573325,6.093116644045403e-05,0.00028732619043499863,2.009550483658453e-05,8.25563397098891e-08,7,outer,10,False,False,1.0974473669491012,1.0752043875574409,1.0684693424243015,1.0697730153710232,1.1416267357006193,False,False,False,32768
press,persistence,0.001077986361707417,False,8.683164571239345e-05,False,0.9971490308947111,0.9739955982113525,0.9810375661907726,0.9547738945446247,0.9624347062775149,0.00024236625215370134,False,1.6902912385475153e-05,False,5.874140018303154e-08,False,0.0010810684544718186,8.914993648005315e-05,0.00024705093923648054,1.7703576189142588e-05,6.103416657762719e-08,False,False,0.9999998923269376,0.9999994415003707,0.999999964147602,0.9999999618802818,0.9999999282952049,False,False,False,0.0010810685708737822,8.914998627028744e-05,0.0002470509480938495,1.770357686399795e-05,6.103417095406992e-08,8,outer,10,False,False,0.9971489235286214,0.973995054235172,0.9810375310182233,0.9547738581489129,0.9624346372663314,False,False,False,32768
press,fno_plain,0.004343942667910593,False,0.0019316522832751746,False,0.0005385698743939422,1.4238840171367813e-07,0.0006715855192129456,0.0011780119089013165,4.510271096165216e-07,0.00101803612103428,False,0.0001645259282639164,False,1.0363975437305232e-06,False,8.065699316730022,13566.078838074463,1.515869672454153,0.13966406198504647,2.297860863866261,False,False,1.000000513168635,0.9999997334761922,0.9999999728340933,0.9999999595491134,0.9999999456681875,False,False,False,8.065695177668237,13566.082453758416,1.5158697136341281,0.13966406763458183,2.2978609887132135,1,inner,10,False,False,0.0005385701507711095,1.4238836376377912e-07,0.000671585500968716,0.0011780118612496903,4.5102708511140124e-07,False,False,False,32768
press,fno_plain,0.0029101343534421176,False,0.000689945658961702,False,0.0037421870705475653,6.2535347602955e-06,0.005621587841019925,0.0080727736573516,3.160224985430306e-05,0.0008175284285633692,False,9.751230851600088e-05,False,6.683527315092919e-07,False,0.7776560333784436,110.32890763512759,0.14542660395662252,0.01207915800131467,0.021148897138356337,False,False,1.0000002030635984,0.9999996840864313,0.9999999313937562,0.9999999334652727,0.9999998627875172,False,False,False,0.7776558754648432,110.32894248953755,0.14542661393379624,0.012079158804998207,0.02114890004024942,2,inner,10,False,False,0.0037421878304495382,6.2535327847190165e-06,0.005621587455343899,0.008072773120231807,3.160224551807989e-05,False,False,False,32768
press,fno_plain,0.0054981106986815576,False,0.006235390338785598,False,0.05465791220351954,0.0050680060583254685,0.06782110543948441,0.1529668477886132,0.004599702343033661,0.0012275416795732937,False,0.00022143120598757478,False,1.5068585750896225e-06,False,0.10059130466252099,1.2303438999530019,0.018099700257298335,0.001447576446718529,0.0003275991494040455,False,False,0.9999998761143208,1.000000218771834,1.0000000679745742,1.000000069341914,1.0000001359491533,False,False,False,0.10059131712434463,1.2303436307884694,0.018099699026979,0.0014475763463408144,0.00032759910486722453,3,middle,10,False,False,0.05465790543218696,0.005068007167062448,0.06782111004959519,0.1529668583956272,0.0045997029683593005,False,False,False,32768
press,fno_plain,0.005249751307856059,False,0.0009869578543071796,False,0.3286366397085994,0.053301098937680265,0.3598227534410043,0.41882645988358563,0.12947241389386577,0.0011230890002803518,False,9.960503952414523e-05,False,1.2613289025507198e-06,False,0.015974333575559285,0.01851665113811504,0.0031212284090991783,0.00023781935733437382,9.742066781767788e-06,False,False,0.9999999579855716,1.000000019283521,0.9999999980985821,0.9999999954762889,0.9999999961971641,False,False,False,0.015974334246711807,0.018516650781048815,0.003121228415033938,0.00023781935841019988,9.74206681881527e-06,4,middle,10,False,False,0.3286366259011188,0.053301099965513125,0.3598227527568309,0.41882645798893575,0.12947241340150342,False,False,False,32768
press,fno_plain,0.0009697924361080368,False,0.00012508604017125158,False,0.24284457220854014,0.04880488657570776,0.22262487232934017,0.24914914558273163,0.04956183377965501,0.00018527988589920772,False,1.9266234505001102e-05,False,3.4328636118823435e-08,False,0.003993469680167437,0.002562981884553998,0.0008322515088301269,7.732811790279097e-05,6.926425739500228e-07,False,False,0.999999923939276,0.9999999267183869,0.9999999725141043,0.9999999730426422,0.9999999450282095,False,False,False,0.003993469983913655,0.0025629820723734585,0.0008322515317053056,7.732811998735277e-05,6.926426120258273e-07,5,middle,10,False,False,0.24284455373760616,0.04880488299920694,0.22262486621029617,0.24914913886632897,0.04956183105515227,False,False,False,32768
press,fno_plain,0.00012798400511314866,False,3.1393554652896975e-07,False,0.13167742406346583,0.01657959418320493,0.15518263954506026,0.14244663178299816,0.024081651616172102,3.087908403309447e-05,False,2.408914659924853e-06,False,9.535178307229098e-10,False,0.0009719510084846661,1.893505613345985e-05,0.00019898542854806985,1.691099768223773e-05,3.9595200774459015e-08,False,False,1.0000002388480242,0.9999998663694103,0.9999999859183186,1.000000006383452,0.9999999718366374,False,False,False,0.0009719507763361434,1.8935058663762905e-05,0.0001989854313501193,1.691099757428719e-05,3.9595201889593044e-08,6,middle,10,False,False,0.13167745551435842,0.01657959196766398,0.15518263735982776,0.14244663269229937,0.024081650937951816,False,False,False,32768
press,fno_plain,0.00035651286385302684,False,5.759135874255138e-06,False,0.3221163411550761,0.09451866055881754,0.3160229626605706,0.33256452064673075,0.09987051292876443,9.080167661478354e-05,False,6.68305273824159e-06,False,8.24494447605573e-09,False,0.0011067829175465248,6.093120490922863e-05,0.0002873261988633101,2.0095507257494597e-05,8.255634455323842e-08,False,False,1.0000002104199817,1.0000006313480743,1.0000000293335998,1.000000120470229,1.0000000586672004,False,False,False,0.0011067826846573325,6.093116644045403e-05,0.00028732619043499863,2.009550483658453e-05,8.25563397098891e-08,7,outer,10,False,False,0.3221164089347907,0.09451872023299188,0.31602297193066176,0.33256456071085466,0.09987051878788783,False,False,False,32768
press,fno_plain,0.0003407283679877082,False,1.1644653333029611e-05,False,0.315177421539119,0.13061875075631763,0.3888832186166927,0.5087995875041158,0.15123015772167844,9.607396441255954e-05,False,9.007572262383434e-06,False,9.230206637945756e-09,False,0.0010810684544718186,8.914993648005315e-05,0.00024705093923648054,1.7703576189142588e-05,6.103416657762719e-08,False,False,0.9999998923269376,0.9999994415003707,0.999999964147602,0.9999999618802818,0.9999999282952049,False,False,False,0.0010810685708737822,8.914998627028744e-05,0.0002470509480938495,1.770357686399795e-05,6.103417095406992e-08,8,outer,10,False,False,0.31517738760300085,0.13061867780579375,0.38888320467429677,0.5087995681088189,0.15123014687775096,False,False,False,32768
press,fno_full,0.014473864358733404,False,0.007395009253186888,False,0.0017944959005242666,5.451102961625216e-07,0.0018259757585946555,0.002153332372679225,3.334187470975327e-06,0.002767941275090104,False,0.0003007431459722785,False,7.66149890234743e-06,False,8.065699316730022,13566.078838074463,1.515869672454153,0.13966406198504647,2.297860863866261,False,False,1.000000513168635,0.9999997334761922,0.9999999728340933,0.9999999595491134,0.9999999456681875,False,False,False,8.065695177668237,13566.082453758416,1.5158697136341281,0.13966406763458183,2.2978609887132135,1,inner,10,False,False,0.0017944968214032785,5.451101508776499e-07,0.0018259757089903684,0.0021533322855750215,3.3341872898228787e-06,False,False,False,32768
press,fno_full,0.0033786742824304383,False,0.0007126659029038159,False,0.004344689859541305,6.459466681757577e-06,0.00466027057963096,0.006778512726562166,2.1718121875373876e-05,0.0006777273239146912,False,8.18787262380667e-05,False,4.5931432558056874e-07,False,0.7776560333784436,110.32890763512759,0.14542660395662252,0.01207915800131467,0.021148897138356337,False,False,1.0000002030635984,0.9999996840864313,0.9999999313937562,0.9999999334652727,0.9999998627875172,False,False,False,0.7776558754648432,110.32894248953755,0.14542661393379624,0.012079158804998207,0.02114890004024942,2,inner,10,False,False,0.004344690741789662,6.459464641124405e-06,0.0046602702599073,0.006778512275555671,2.1718118895376452e-05,False,False,False,32768
press,fno_full,0.002620482303227617,False,0.0003352315743495456,False,0.026050783534612754,0.0002724698146285369,0.034523285914756924,0.06427484556055495,0.0011918572703520534,0.0006248611269541099,False,9.304275254993035e-05,False,3.9045142797836016e-07,False,0.10059130466252099,1.2303438999530019,0.018099700257298335,0.001447576446718529,0.0003275991494040455,False,False,0.9999998761143208,1.000000218771834,1.0000000679745742,1.000000069341914,1.0000001359491533,False,False,False,0.10059131712434463,1.2303436307884694,0.018099699026979,0.0014475763463408144,0.00032759910486722453,3,middle,10,False,False,0.02605078030729374,0.00027246987423725795,0.03452328826146259,0.06427485001749576,0.0011918574323840402,False,False,False,32768
press,fno_full,0.001931587319559185,False,7.370572370911483e-05,False,0.12091817855328323,0.003980510469163483,0.1235246365061333,0.20786198886612156,0.015258335823972359,0.0003855486046865927,False,4.9433604606385796e-05,False,1.4864772657577854e-07,False,0.015974333575559285,0.01851665113811504,0.0031212284090991783,0.00023781935733437382,9.742066781767788e-06,False,False,0.9999999579855716,1.000000019283521,0.9999999980985821,0.9999999954762889,0.9999999961971641,False,False,False,0.015974334246711807,0.018516650781048815,0.003121228415033938,0.00023781935841019988,9.74206681881527e-06,4,middle,10,False,False,0.12091817347297508,0.00398051054592174,0.12352463627126134,0.20786198792581398,0.015258335765947411,False,False,False,32768
press,fno_full,0.0008806932681181933,False,2.2413520498474803e-05,False,0.2205333553656198,0.008745095169634854,0.2315232013309588,0.2877179822026902,0.05360299275453567,0.0001926855336368717,False,2.224869005052274e-05,False,3.712771487292601e-08,False,0.003993469680167437,0.002562981884553998,0.0008322515088301269,7.732811790279097e-05,6.926425739500228e-07,False,False,0.999999923939276,0.9999999267183869,0.9999999725141043,0.9999999730426422,0.9999999450282095,False,False,False,0.003993469983913655,0.0025629820723734585,0.0008322515317053056,7.732811998735277e-05,6.926426120258273e-07,5,middle,10,False,False,0.2205333385916931,0.008745094528780174,0.23152319496733625,0.2877179744465736,0.05360298980788319,False,False,False,32768
press,fno_full,0.0023195182932363415,False,0.0008599327572611752,False,2.386455976677898,45.4148512262185,1.878438996462723,2.174273668795518,3.528533063431882,0.0003737819887125412,False,3.676913697355153e-05,False,1.397129750859023e-07,False,0.0009719510084846661,1.893505613345985e-05,0.00019898542854806985,1.691099768223773e-05,3.9595200774459015e-08,False,False,1.0000002388480242,0.9999998663694103,0.9999999859183186,1.000000006383452,0.9999999718366374,False,False,False,0.0009719507763361434,1.8935058663762905e-05,0.0001989854313501193,1.691099757428719e-05,3.9595201889593044e-08,6,middle,10,False,False,2.386456546678193,45.41484515740515,1.8784389700111435,2.17427368267489,3.5285329640565255,False,False,False,32768
press,fno_full,0.00852203167089101,False,0.0012984537775078482,False,7.699822192578047,21.310160851770462,7.757436016407375,7.262375556608262,60.177813548654335,0.00222891460351967,False,0.0001459411207044727,False,4.968060309783247e-06,False,0.0011067829175465248,6.093120490922863e-05,0.0002873261988633101,2.0095507257494597e-05,8.255634455323842e-08,False,False,1.0000002104199817,1.0000006313480743,1.0000000293335998,1.000000120470229,1.0000000586672004,False,False,False,0.0011067826846573325,6.093116644045403e-05,0.00028732619043499863,2.009550483658453e-05,8.25563397098891e-08,7,outer,10,False,False,7.6998238127744925,21.31017430589948,7.757436243960899,7.262376431508308,60.177817079118185,False,False,False,32768
press,fno_full,0.004506404582457435,False,0.0021927098852233054,False,4.168472924926058,24.595753758208375,3.9636513112204312,5.2368751826802304,15.710531716939448,0.0009792237792429152,False,9.271141878960946e-05,False,9.588792098347776e-07,False,0.0010810684544718186,8.914993648005315e-05,0.00024705093923648054,1.7703576189142588e-05,6.103416657762719e-08,False,False,0.9999998923269376,0.9999994415003707,0.999999964147602,0.9999999618802818,0.9999999282952049,False,False,False,0.0010810685708737822,8.914998627028744e-05,0.0002470509480938495,1.770357686399795e-05,6.103417095406992e-08,8,outer,10,False,False,4.168472476093814,24.595740021489018,3.9636511691140264,5.236874983052024,15.710530590418989,False,False,False,32768
press,localno_plain,0.0050552885243541805,False,0.012941017754353855,False,0.000626763821193831,9.539247050543215e-07,0.0006107540590813888,0.0012500162477799637,3.7302052068439253e-07,0.0009258235554897492,False,0.00017458234671225605,False,8.571492558996808e-07,False,8.065699316730022,13566.078838074463,1.515869672454153,0.13966406198504647,2.297860863866261,False,False,1.000000513168635,0.9999997334761922,0.9999999728340933,0.9999999595491134,0.9999999456681875,False,False,False,8.065695177668237,13566.082453758416,1.5158697136341281,0.13966406763458183,2.2978609887132135,1,inner,10,False,False,0.0006267641428293657,9.539244508106767e-07,0.000610754042489701,0.001250016197215698,3.7302050041751154e-07,False,False,False,32768
press,localno_plain,0.0013796376914615382,False,0.0009137781928122375,False,0.0017740975858797747,8.282309798935233e-06,0.002174975596499455,0.006718839720010256,4.73051884536816e-06,0.0003162993146874451,False,8.11579265635127e-05,False,1.000452564717474e-07,False,0.7776560333784436,110.32890763512759,0.14542660395662252,0.01207915800131467,0.021148897138356337,False,False,1.0000002030635984,0.9999996840864313,0.9999999313937562,0.9999999334652727,0.9999998627875172,False,False,False,0.7776558754648432,110.32894248953755,0.14542661393379624,0.012079158804998207,0.02114890004024942,2,inner,10,False,False,0.0017740979461344144,8.282307182441186e-06,0.002174975447282549,0.0067188392729740885,4.730518196281924e-06,False,False,False,32768
press,localno_plain,0.0016826033156758056,False,0.0013518342197858509,False,0.01672712488739319,0.0010987450092917028,0.01971332963013452,0.08084153920761235,0.00038861536510633945,0.00035680535737875265,False,0.00011702430807341213,False,1.273100630541794e-07,False,0.10059130466252099,1.2303438999530019,0.018099700257298335,0.001447576446718529,0.0003275991494040455,False,False,0.9999998761143208,1.000000218771834,1.0000000679745742,1.000000069341914,1.0000001359491533,False,False,False,0.10059131712434463,1.2303436307884694,0.018099699026979,0.0014475763463408144,0.00032759910486722453,3,middle,10,False,False,0.016727122815141965,0.0010987452496661635,0.01971333097013971,0.08084154481331941,0.00038861541793826937,False,False,False,32768
press,localno_plain,0.002444231208746711,False,0.005848022224441208,False,0.15300990161407313,0.3158250474570709,0.18993184665149185,0.7772124824173136,0.03607410637244581,0.000592820675561305,False,0.00018483617308073883,False,3.5143635337296203e-07,False,0.015974333575559285,0.01851665113811504,0.0031212284090991783,0.00023781935733437382,9.742066781767788e-06,False,False,0.9999999579855716,1.000000019283521,0.9999999980985821,0.9999999954762889,0.9999999961971641,False,False,False,0.015974334246711807,0.018516650781048815,0.003121228415033938,0.00023781935841019988,9.74206681881527e-06,4,middle,10,False,False,0.15300989518544958,0.31582505354728985,0.18993184629035204,0.7772124789014289,0.03607410623526191,False,False,False,32768
press,localno_plain,0.0014552924994313795,False,0.0015402123424015186,False,0.3644180664895802,0.600945465780981,0.36124765831336714,1.0475132983358726,0.13049987063689122,0.0003006489086926499,False,8.100223183845781e-05,False,9.038976629808135e-08,False,0.003993469680167437,0.002562981884553998,0.0008322515088301269,7.732811790279097e-05,6.926425739500228e-07,False,False,0.999999923939276,0.9999999267183869,0.9999999725141043,0.9999999730426422,0.9999999450282095,False,False,False,0.003993469983913655,0.0025629820723734585,0.0008322515317053056,7.732811998735277e-05,6.926426120258273e-07,5,middle,10,False,False,0.3644180387716782,0.6009454217427278,0.3612476483841517,1.047513270097682,0.1304998634630797,False,False,False,32768
press,localno_plain,0.00030257862146754617,False,2.719215474009966e-05,False,0.3113105689753701,1.4360746832986049,0.2607417029191995,0.8771388519642938,0.0679862356412041,5.1883799495730434e-05,False,1.4833293092568836e-05,False,2.6919286501131573e-09,False,0.0009719510084846661,1.893505613345985e-05,0.00019898542854806985,1.691099768223773e-05,3.9595200774459015e-08,False,False,1.0000002388480242,0.9999998663694103,0.9999999859183186,1.000000006383452,0.9999999718366374,False,False,False,0.0009719507763361434,1.8935058663762905e-05,0.0001989854313501193,1.691099757428719e-05,3.9595201889593044e-08,6,middle,10,False,False,0.31131064333128444,1.4360744913950982,0.26074169924751794,0.8771388575634675,0.06798623372648309,False,False,False,32768
press,localno_plain,0.0004656165701271675,False,6.741967504991108e-05,False,0.4206936723954224,1.106488459408419,0.2603551262007264,0.8912891242794964,0.0677847917389962,7.480684876583213e-05,False,1.7910907065484623e-05,False,5.596064622274079e-09,False,0.0011067829175465248,6.093120490922863e-05,0.0002873261988633101,2.0095507257494597e-05,8.255634455323842e-08,False,False,1.0000002104199817,1.0000006313480743,1.0000000293335998,1.000000120470229,1.0000000586672004,False,False,False,0.0011067826846573325,6.093116644045403e-05,0.00028732619043499863,2.009550483658453e-05,8.25563397098891e-08,7,outer,10,False,False,0.42069376091777727,1.1064891579877771,0.2603551338378795,0.8912892316533011,0.06778479571574014,False,False,False,32768
press,localno_plain,0.00015243497784467764,False,7.4056170518463214e-06,False,0.14100400137857444,0.08306923531575697,0.11954585063542773,0.43690916000148106,0.014291210404148,2.9533914681306435e-05,False,7.73485460182051e-06,False,8.722521164026879e-10,False,0.0010810684544718186,8.914993648005315e-05,0.00024705093923648054,1.7703576189142588e-05,6.103416657762719e-08,False,False,0.9999998923269376,0.9999994415003707,0.999999964147602,0.9999999618802818,0.9999999282952049,False,False,False,0.0010810685708737822,8.914998627028744e-05,0.0002470509480938495,1.770357686399795e-05,6.103417095406992e-08,8,outer,10,False,False,0.1410039861962418,0.08306918892161982,0.11954584634942231,0.436909143346627,0.014291209379399686,False,False,False,32768
vel1,persistence,1.221684423983097,False,156.40473916850172,False,0.7658135101873584,0.940735842367438,0.7967613690971947,0.8307790147099375,0.6348286792856362,0.31742622985237123,False,0.037523924214963304,False,0.10075941139829042,False,1.5952766668796539,166.2578718962132,0.3983956077238595,0.045167154623019214,0.15871906025366334,False,False,0.999999924502985,1.000000009617902,0.9999999997202229,1.0000000040114714,0.9999999994404459,False,False,False,1.5952767873182894,166.2578702971613,0.39839560783532146,0.04516715444183247,0.15871906034247524,1,inner,10,False,False,0.7658134523707244,0.9407358514153431,0.7967613688742792,0.8307790180425838,0.6348286789304153,False,False,False,32768
vel1,persistence,0.716162918433547,False,31.01538857979237,False,0.921907627581595,1.7343536468757912,0.6230399020462619,0.7410722188024821,0.3881787195418157,0.15281092532357146,False,0.0194141650252893,False,0.023351178898246137,False,0.7768271972239017,17.88296673845181,0.2452666752509616,0.02619739956877773,0.060155741988660666,False,False,1.0000000096389952,0.9999999941276395,1.000000000073799,1.000000003200208,1.000000000147598,False,False,False,0.7768271897360682,17.882966843467038,0.24526667523286116,0.0261973994849406,0.060155741979781796,2,inner,10,False,False,0.921907636467858,1.7343536366910413,0.6230399020922417,0.7410722211740673,0.38817871959911016,False,False,False,32768
vel1,persistence,0.4965108504891395,False,14.050299930686032,False,0.6592096574307917,0.9680744077418489,0.4422716778236426,0.6703389034999951,0.1956042370049399,0.10955862621565572,False,0.015959909180069596,False,0.012003092578261765,False,0.7531911052763461,14.513657027108135,0.24771793381565485,0.023808716899376126,0.06136417473389716,False,False,1.0000000082598357,0.9999999985115078,0.9999999993726618,1.0000000003334926,0.9999999987453236,False,False,False,0.7531910990551114,14.5136570487116,0.24771793397105776,0.023808716891436096,0.061364174810889335,3,middle,10,False,False,0.6592096628757552,0.9680744063008777,0.4422716775461887,0.6703389037235482,0.1956042367595199,False,False,False,32768
vel1,persistence,0.6340854650735855,False,5.964090416205573,False,0.8241367508665279,0.36891031670489505,0.6994496791152632,0.6753655340345628,0.4892298536144448,0.18732150771330114,False,0.015886395507983427,False,0.03508934725198434,False,0.7693935070931912,16.166775896854272,0.2678127009082982,0.023522662480390092,0.07172364276779758,False,False,0.9999999998547444,0.9999999775177448,1.0000000002641967,0.9999999976081128,1.0000000005283933,False,False,False,0.7693935072049499,16.16677626031986,0.26781270083754294,0.02352266253665365,0.07172364272989928,4,middle,10,False,False,0.8241367507468175,0.3689103084109592,0.6994496793000556,0.6753655324191645,0.4892298538729506,False,False,False,32768
vel1,persistence,0.6918955636024475,False,4.451990590438049,False,0.4998166491356531,0.06669796993861934,0.6652996911994309,0.4035506777904361,0.4426236791100582,0.22499692059148396,False,0.015206483110155903,False,0.05062361427565054,False,1.3842987519502639,66.74851715179813,0.3381888246270637,0.037681718671409674,0.11437168110263482,False,False,1.0000000626320587,1.000000001882032,1.0000000007560843,1.0000000011697772,1.0000000015121684,False,False,False,1.3842986652487888,66.74851702617528,0.33818882437136444,0.03768171862733046,0.11437168092968558,5,middle,10,False,False,0.4998166804401988,0.06669797006414706,0.6652996917024535,0.4035506782625004,0.4426236797793797,False,False,False,32768
vel1,persistence,0.6867284005880356,False,2.0529986188852107,False,0.36272105209860017,0.06401772105600836,0.3659821280139804,0.25157349606945767,0.13394291802564154,0.23581110336805172,False,0.012285543938935642,False,0.055606876471657976,False,1.893268660902977,32.06922372461628,0.6443240948613858,0.048834810227956965,0.41515353921894405,False,False,0.9999998506184852,0.999999999521965,0.9999999999530098,1.0000000024394322,0.9999999999060198,False,False,False,1.8932689437223598,32.06922373994649,0.6443240948916626,0.04883481010882775,0.4151535392579602,6,middle,10,False,False,0.3627209979147799,0.06401772102540566,0.3659821279967828,0.25157349668315415,0.13394291801305355,False,False,False,32768
vel1,persistence,0.6359860438108444,False,3.226759542557939,False,0.4114187383003164,0.028572523094640263,0.4625315257563821,0.33997068227751076,0.21393541231852675,0.20895891128883937,False,0.010589520867460312,False,0.04366382660701704,False,1.545836357474327,112.93225774531707,0.4517722569226539,0.031148335487400394,0.2040981721249884,False,False,0.9999999493298779,0.9999999600800523,0.9999999975552919,0.999999992105335,0.9999999951105838,False,False,False,1.545836435802048,112.93226225356707,0.4517722580271052,0.03114833573330607,0.20409817312290932,7,outer,10,False,False,0.41141871745367864,0.028572521954026635,0.4625315246256275,0.3399706795935561,0.21393541127250748,False,False,False,32768
vel1,persistence,0.5442226278781891,False,3.0208606970417073,False,0.6536778150924337,0.1617481137039249,0.6957950782629502,0.606473598514405,0.48413079093494504,0.1707138852479906,False,0.008920216002879127,False,0.029143230616464108,False,0.8325548386573789,18.676327209424542,0.24535080885334398,0.014708333593959828,0.060197019404990136,False,False,0.9999999809832545,0.999999998336401,0.9999999954192551,0.9999999855784628,0.9999999908385102,False,False,False,0.8325548544898627,18.676327240494462,0.24535080997723346,0.01470833380607661,0.06019701995648452,8,outer,10,False,False,0.653677802661609,0.16174811343484088,0.6957950750756904,0.6064735897681234,0.4841307864995857,False,False,False,32768
vel1,fno_plain,0.4617943358421326,False,15.842741476631417,False,0.2894760171885407,0.095290173607667,0.2868313462127371,0.33570908836887237,0.08227222117021105,0.11427234848867614,False,0.01516302430270968,False,0.013058169629117444,False,1.5952766668796539,166.2578718962132,0.3983956077238595,0.045167154623019214,0.15871906025366334,False,False,0.999999924502985,1.000000009617902,0.9999999997202229,1.0000000040114714,0.9999999994404459,False,False,False,1.5952767873182894,166.2578702971613,0.39839560783532146,0.04516715444183247,0.15871906034247524,1,inner,10,False,False,0.2894759953339655,0.09529017452415856,0.28683134613248823,0.33570908971555974,0.08227222112417529,False,False,False,32768
vel1,fno_plain,0.35575285151600844,False,6.238546976544299,False,0.45795622602728114,0.34885413968422957,0.295526278421097,0.45841278479348646,0.08733578123742378,0.07248274775763247,False,0.01200922289067108,False,0.0052537487224965755,False,0.7768271972239017,17.88296673845181,0.2452666752509616,0.02619739956877773,0.060155741988660666,False,False,1.0000000096389952,0.9999999941276395,1.000000000073799,1.000000003200208,1.000000000147598,False,False,False,0.7768271897360682,17.882966843467038,0.24526667523286116,0.0261973994849406,0.060155741979781796,2,inner,10,False,False,0.45795623044151895,0.34885413763563233,0.2955262784429066,0.45841278626050275,0.08733578125031437,False,False,False,32768
vel1,fno_plain,0.35829369813203804,False,9.577588454330204,False,0.4757009152419291,0.6599018039658439,0.31401535265107705,0.563599509458648,0.0986056417005803,0.07778723434511903,False,0.013418581165328207,False,0.0060508538270624655,False,0.7531911052763461,14.513657027108135,0.24771793381565485,0.023808716899376126,0.06136417473389716,False,False,1.0000000082598357,0.9999999985115078,0.9999999993726618,1.0000000003334926,0.9999999987453236,False,False,False,0.7531910990551114,14.5136570487116,0.24771793397105776,0.023808716891436096,0.061364174810889335,3,middle,10,False,False,0.47570091917114055,0.6599018029835851,0.31401535245408324,0.5635995096466042,0.09860564157686214,False,False,False,32768
vel1,fno_plain,0.3403834703564643,False,8.117831485990376,False,0.4424049166238104,0.5021305137018657,0.28192546123571,0.5087405078535323,0.07948196569296782,0.07550321922835321,False,0.011966931256340884,False,0.005700736113844767,False,0.7693935070931912,16.166775896854272,0.2678127009082982,0.023522662480390092,0.07172364276779758,False,False,0.9999999998547444,0.9999999775177448,1.0000000002641967,0.9999999976081128,1.0000000005283933,False,False,False,0.7693935072049499,16.16677626031986,0.26781270083754294,0.02352266253665365,0.07172364272989928,4,middle,10,False,False,0.4424049165595486,0.5021305024128394,0.28192546131019375,0.5087405066366824,0.07948196573496556,False,False,False,32768
vel1,fno_plain,0.4089832642674446,False,20.576744417241578,False,0.29544436393607243,0.3082726822297245,0.33348215559713235,0.3661379920144971,0.11121034810171003,0.11277993823549376,False,0.013796708810005122,False,0.012719314468401789,False,1.3842987519502639,66.74851715179813,0.3381888246270637,0.037681718671409674,0.11437168110263482,False,False,1.0000000626320587,1.000000001882032,1.0000000007560843,1.0000000011697772,1.0000000015121684,False,False,False,1.3842986652487888,66.74851702617528,0.33818882437136444,0.03768171862733046,0.11437168092968558,5,middle,10,False,False,0.29544438244036114,0.30827268280990355,0.333482155849273,0.36613799244279693,0.1112103482698788,False,False,False,32768
vel1,fno_plain,0.5788619637489317,False,5.659789284455216,False,0.30574739639584425,0.1764866319514548,0.24270282421268827,0.20749849496863895,0.05890466088081506,0.1563792775311424,False,0.010133149624380167,False,0.024454478441162053,False,1.893268660902977,32.06922372461628,0.6443240948613858,0.048834810227956965,0.41515353921894405,False,False,0.9999998506184852,0.999999999521965,0.9999999999530098,1.0000000024394322,0.9999999999060198,False,False,False,1.8932689437223598,32.06922373994649,0.6443240948916626,0.04883481010882775,0.4151535392579602,6,middle,10,False,False,0.30574735072283504,0.17648663186708805,0.24270282420128364,0.2074984954748175,0.05890466087527919,False,False,False,32768
vel1,fno_plain,0.552894320487976,False,4.180015212268561,False,0.35766678524195494,0.03701347423421978,0.35260090870290073,0.3045294485807188,0.1243274008181113,0.1592953083176881,False,0.009485585430185276,False,0.025374995252027306,False,1.545836357474327,112.93225774531707,0.4517722569226539,0.031148335487400394,0.2040981721249884,False,False,0.9999999493298779,0.9999999600800523,0.9999999975552919,0.999999992105335,0.9999999951105838,False,False,False,1.545836435802048,112.93226225356707,0.4517722580271052,0.03114833573330607,0.20409817312290932,7,outer,10,False,False,0.3576667671189353,0.03701347275664383,0.35260090784089443,0.30452944617656075,0.1243274002102229,False,False,False,32768
vel1,fno_plain,0.3701827269792557,False,20.973168602818102,False,0.4446346472218353,1.1229814281811532,0.3933181437773624,0.8789968902289115,0.15469916222446992,0.09650092471247171,False,0.012928579489540118,False,0.009312428470362132,False,0.8325548386573789,18.676327209424542,0.24535080885334398,0.014708333593959828,0.060197019404990136,False,False,0.9999999809832545,0.999999998336401,0.9999999954192551,0.9999999855784628,0.9999999908385102,False,False,False,0.8325548544898627,18.676327240494462,0.24535080997723346,0.01470833380607661,0.06019701995648452,8,outer,10,False,False,0.4446346387663314,1.1229814263129623,0.39331814197567233,0.8789968775524252,0.15469916080719512,False,False,False,32768
vel1,fno_full,0.42184148728847504,False,25.475486698439514,False,0.26443155350199726,0.1532287548726874,0.29359976067349186,0.41211251777047503,0.0862008194675317,0.1169688550810955,False,0.0186139498122208,False,0.01368171305898232,False,1.5952766668796539,166.2578718962132,0.3983956077238595,0.045167154623019214,0.15871906025366334,False,False,0.999999924502985,1.000000009617902,0.9999999997202229,1.0000000040114714,0.9999999994404459,False,False,False,1.5952767873182894,166.2578702971613,0.39839560783532146,0.04516715444183247,0.15871906034247524,1,inner,10,False,False,0.2644315335382043,0.15322875634642652,0.2935997605913494,0.41211251942365257,0.08620081941929769,False,False,False,32768
vel1,fno_full,0.3425453838706016,False,9.665324145227592,False,0.44095441701157534,0.5404765488069321,0.3223037988238121,0.5243509999710745,0.10387973873626033,0.07905038115827118,False,0.013736632660530398,False,0.006248962761267955,False,0.7768271972239017,17.88296673845181,0.2452666752509616,0.02619739956877773,0.060155741988660666,False,False,1.0000000096389952,0.9999999941276395,1.000000000073799,1.000000003200208,1.000000000147598,False,False,False,0.7768271897360682,17.882966843467038,0.24526667523286116,0.0261973994849406,0.060155741979781796,2,inner,10,False,False,0.4409544212619328,0.5404765456330589,0.3223037988475978,0.5243510016491068,0.10387973875159277,False,False,False,32768
vel1,fno_full,0.37700276970863345,False,14.571288316078217,False,0.5005406557082361,1.0039708316699534,0.32455288252424824,0.540726720933025,0.10533457355479849,0.08039756947282173,False,0.01287400941862235,False,0.006463769177137197,False,0.7531911052763461,14.513657027108135,0.24771793381565485,0.023808716899376126,0.06136417473389716,False,False,1.0000000082598357,0.9999999985115078,0.9999999993726618,1.0000000003334926,0.9999999987453236,False,False,False,0.7531910990551114,14.5136570487116,0.24771793397105776,0.023808716891436096,0.061364174810889335,3,middle,10,False,False,0.5005406598426198,1.0039708301755506,0.32455288232064383,0.5407267211133534,0.10533457342263769,False,False,False,32768
vel1,fno_full,0.4120047657191753,False,9.575097694784247,False,0.5354929069725982,0.5922700825368259,0.3359142703727521,0.5864923053230746,0.11283839704005841,0.08996210802216707,False,0.013795860545460578,False,0.008093180879792057,False,0.7693935070931912,16.166775896854272,0.2678127009082982,0.023522662480390092,0.07172364276779758,False,False,0.9999999998547444,0.9999999775177448,1.0000000002641967,0.9999999976081128,1.0000000005283933,False,False,False,0.7693935072049499,16.16677626031986,0.26781270083754294,0.02352266253665365,0.07172364272989928,4,middle,10,False,False,0.5354929068948149,0.5922700692212588,0.3359142704614996,0.5864923039202512,0.11283839709968146,False,False,False,32768
vel1,fno_full,0.40957145392894745,False,15.417463457322347,False,0.29586926474644604,0.23097836648955458,0.27060688039224273,0.35187363637429486,0.07322808371562159,0.09151622281584898,False,0.013259203373742085,False,0.008375219038480118,False,1.3842987519502639,66.74851715179813,0.3381888246270637,0.037681718671409674,0.11437168110263482,False,False,1.0000000626320587,1.000000001882032,1.0000000007560843,1.0000000011697772,1.0000000015121684,False,False,False,1.3842986652487888,66.74851702617528,0.33818882437136444,0.03768171862733046,0.11437168092968558,5,middle,10,False,False,0.2958692832773472,0.23097836692426327,0.27060688059684435,0.3518736367859086,0.07322808382635478,False,False,False,32768
vel1,fno_full,0.6167135190963745,False,10.824116977487671,False,0.3257400979754446,0.3375235107165721,0.2636024126756483,0.3753516075470221,0.06948623196842278,0.16984538595051457,False,0.018330224523317406,False,0.028847455128679252,False,1.893268660902977,32.06922372461628,0.6443240948613858,0.048834810227956965,0.41515353921894405,False,False,0.9999998506184852,0.999999999521965,0.9999999999530098,1.0000000024394322,0.9999999999060198,False,False,False,1.8932689437223598,32.06922373994649,0.6443240948916626,0.04883481010882775,0.4151535392579602,6,middle,10,False,False,0.32574004931589534,0.3375235105552241,0.26360241266326156,0.37535160846266696,0.06948623196189246,False,False,False,32768
vel1,fno_full,0.6438148379325866,False,17.167772906894474,False,0.41648317742020696,0.15201832717814734,0.4035050070781519,0.5960178514619661,0.16281629073713938,0.1822923677272881,False,0.018564963993816894,False,0.03323050733162083,False,1.545836357474327,112.93225774531707,0.4517722569226539,0.031148335487400394,0.2040981721249884,False,False,0.9999999493298779,0.9999999600800523,0.9999999975552919,0.999999992105335,0.9999999951105838,False,False,False,1.545836435802048,112.93226225356707,0.4517722580271052,0.03114833573330607,0.20409817312290932,7,outer,10,False,False,0.41648315631695354,0.15201832110958366,0.4035050060916999,0.5960178467566047,0.16281628994106276,False,False,False,32768
vel1,fno_full,0.7110312724113464,False,23.24074206522551,False,0.854035361271808,1.24439574251503,0.7153551807009112,1.901125830199353,0.5117330345556335,0.17551297220239861,False,0.02796239291466591,False,0.030804803411319952,False,0.8325548386573789,18.676327209424542,0.24535080885334398,0.014708333593959828,0.060197019404990136,False,False,0.9999999809832545,0.999999998336401,0.9999999954192551,0.9999999855784628,0.9999999908385102,False,False,False,0.8325548544898627,18.676327240494462,0.24535080997723346,0.01470833380607661,0.06019701995648452,8,outer,10,False,False,0.854035345030835,1.2443957404448545,0.7153551774240516,1.9011258027821962,0.5117330298673964,False,False,False,32768
vel1,localno_plain,0.5552106368541717,False,89.81431513650412,False,0.3480340735755626,0.5402109031719766,0.3013840244483818,0.9044866213098207,0.09083233019270283,0.12007007157837561,False,0.040853087079152896,False,0.014416822088836243,False,1.5952766668796539,166.2578718962132,0.3983956077238595,0.045167154623019214,0.15871906025366334,False,False,0.999999924502985,1.000000009617902,0.9999999997202229,1.0000000040114714,0.9999999994404459,False,False,False,1.5952767873182894,166.2578702971613,0.39839560783532146,0.04516715444183247,0.15871906034247524,1,inner,10,False,False,0.3480340473000289,0.5402109083676722,0.3013840243640615,0.9044866249381428,0.09083233014187722,False,False,False,32768
vel1,localno_plain,0.44902382314205147,False,45.767847280911774,False,0.5780227890407281,2.5592983507877425,0.4136464772478061,1.1305238554431059,0.17110340813951977,0.10145369620384194,False,0.029616785163078158,False,0.010292852473421453,False,0.7768271972239017,17.88296673845181,0.2452666752509616,0.02619739956877773,0.060155741988660666,False,False,1.0000000096389952,0.9999999941276395,1.000000000073799,1.000000003200208,1.000000000147598,False,False,False,0.7768271897360682,17.882966843467038,0.24526667523286116,0.0261973994849406,0.060155741979781796,2,inner,10,False,False,0.578022794612287,2.55929833575862,0.4136464772783328,1.1305238590610174,0.17110340816477432,False,False,False,32768
vel1,localno_plain,0.5298227861523629,False,95.54543035871207,False,0.7034373911757371,6.583139602944691,0.46322051015717935,1.6850557913573467,0.2145732410302775,0.11474802767717003,False,0.04011901629608127,False,0.01316710985580058,False,0.7531911052763461,14.513657027108135,0.24771793381565485,0.023808716899376126,0.06136417473389716,False,False,1.0000000082598357,0.9999999985115078,0.9999999993726618,1.0000000003334926,0.9999999987453236,False,False,False,0.7531910990551114,14.5136570487116,0.24771793397105776,0.023808716891436096,0.061364174810889335,3,middle,10,False,False,0.7034373969860144,6.583139593145739,0.4632205098665835,1.6850557919193003,0.21457324076105752,False,False,False,32768
vel1,localno_plain,0.5824748620390892,False,55.60895577299,False,0.7570571582280562,3.439705982675889,0.4834756772188431,1.3863721067162247,0.23374873046221895,0.12948092693944693,False,0.03261116313851311,False,0.016765310441098396,False,0.7693935070931912,16.166775896854272,0.2678127009082982,0.023522662480390092,0.07172364276779758,False,False,0.9999999998547444,0.9999999775177448,1.0000000002641967,0.9999999976081128,1.0000000005283933,False,False,False,0.7693935072049499,16.16677626031986,0.26781270083754294,0.02352266253665365,0.07172364272989928,4,middle,10,False,False,0.7570571581180895,3.4397059053435415,0.48347567734657576,1.386372103400179,0.23374873058573023,False,False,False,32768
vel1,localno_plain,0.4975928121805191,False,85.03314222796914,False,0.35945478638876716,1.2739330528435333,0.2794507460116203,0.9001899653966491,0.07809271944645109,0.09450711933482596,False,0.03392070502690254,False,0.008931595604967034,False,1.3842987519502639,66.74851715179813,0.3381888246270637,0.037681718671409674,0.11437168110263482,False,False,1.0000000626320587,1.000000001882032,1.0000000007560843,1.0000000011697772,1.0000000015121684,False,False,False,1.3842986652487888,66.74851702617528,0.33818882437136444,0.03768171862733046,0.11437168092968558,5,middle,10,False,False,0.3594548089021604,1.273933055241116,0.27945074622290855,0.9001899664496706,0.07809271956454043,False,False,False,32768
vel1,localno_plain,0.3515505392849445,False,84.88500881140682,False,0.18568444433938697,2.646930575567666,0.11377313970738366,0.6686188687416866,0.01294432731887584,0.07330677526149797,False,0.03265187556983153,False,0.0053738832992397696,False,1.893268660902977,32.06922372461628,0.6443240948613858,0.048834810227956965,0.41515353921894405,False,False,0.9999998506184852,0.999999999521965,0.9999999999530098,1.0000000024394322,0.9999999999060198,False,False,False,1.8932689437223598,32.06922373994649,0.6443240948916626,0.04883481010882775,0.4151535392579602,6,middle,10,False,False,0.18568441660156337,2.646930574302341,0.11377313970203745,0.668618870372737,0.01294432731765933,False,False,False,32768
vel1,localno_plain,0.3111478851735592,False,38.65779224591414,False,0.20128125701605945,0.3423095669715073,0.17195213300570086,0.7546987805068288,0.029567536045210233,0.07768320321064984,False,0.023507610807158658,False,0.006034680061067117,False,1.545836357474327,112.93225774531707,0.4517722569226539,0.031148335487400394,0.2040981721249884,False,False,0.9999999493298779,0.9999999600800523,0.9999999975552919,0.999999992105335,0.9999999951105838,False,False,False,1.545836435802048,112.93226225356707,0.4517722580271052,0.03114833573330607,0.20409817312290932,7,outer,10,False,False,0.2012812468171136,0.3423095533065273,0.17195213258532807,0.7546987745487348,0.029567535900642244,False,False,False,32768
vel1,localno_plain,0.5639312867820263,False,19.529872524779517,False,0.6773503204803315,1.0457019897854571,0.5404303545843216,1.1954506244786665,0.2920649681561357,0.13259502462616282,False,0.017583086579939827,False,0.017581440555612726,False,0.8325548386573789,18.676327209424542,0.24535080885334398,0.014708333593959828,0.060197019404990136,False,False,0.9999999809832545,0.999999998336401,0.9999999954192551,0.9999999855784628,0.9999999908385102,False,False,False,0.8325548544898627,18.676327240494462,0.24535080997723346,0.01470833380607661,0.06019701995648452,8,outer,10,False,False,0.6773503075993329,1.0457019880458283,0.5404303521087481,1.195450607238431,0.29206496548038546,False,False,False,32768
vel2,persistence,0.07146307080984116,False,1.7839205699087917,False,1.0,2.376781436690926,1.1787448149233353,1.434198987754203,1.389439338708648,0.027107959468245124,False,0.0035498549191007264,False,0.0007348414665320206,False,0.07146307080984116,0.7505614703859582,0.022997309617016817,0.002475148113623624,0.0005288762496209341,False,False,0.4396008889024472,0.3201416907290714,0.7084478382892123,0.5932248468350911,0.5018983395766579,False,False,False,0.16256352663040152,2.3444665038054704,0.03246154250756361,0.004172360828830359,0.0010537517419703592,1,inner,10,False,False,0.4396008889024472,0.7609068276357044,0.8350792160270545,0.8508024748415298,0.69735729704036,False,False,False,32768
vel2,persistence,0.07146307080984116,False,0.33963678296112265,False,3.824624479188604,5.310468511458458,5.591679886387105,2.6012287696029546,31.2668839518261,0.022748711508761538,False,0.0018297884441525597,False,0.0005175038753088596,False,0.018684990173205733,0.06395608640335303,0.004068314347561826,0.0007034323414898469,1.6551181630577404e-05,False,False,0.9999998669182634,0.9999999955190755,0.9999999985491117,0.9999999982466405,0.9999999970982234,False,False,False,0.018684992659837005,0.06395608668993542,0.0040683143534644955,0.0007034323427232166,1.6551181678605236e-05,2,inner,10,False,False,3.824623970200936,5.310468487662649,5.591679878274202,2.6012287650420656,31.266883861096588,False,False,False,32768
vel2,persistence,0.023873443705961044,False,0.04446530785031046,False,0.738425051706674,1.9548881554104265,0.5425469988782453,1.2798932583249396,0.29435724599179075,0.004722518034099861,False,0.0008700969132483987,False,2.2302176582398413e-05,False,0.032330219093710186,0.022745704263052852,0.008704348275566917,0.0006798199049717147,7.576567890236476e-05,False,False,0.9999999227984103,1.0000000037579873,0.999999999758727,0.9999999948122593,0.999999999517454,False,False,False,0.032330221589654685,0.022745704177574787,0.008704348277667041,0.000679819908498444,7.576567893892519e-05,3,middle,10,False,False,0.7384249946990862,1.954888162756871,0.5425469987473435,1.2798932516851853,0.2943572458497498,False,False,False,32768
vel2,persistence,0.012971869688481092,False,0.004488706466125,False,0.3822940353192292,0.5295097334030889,0.25480038307333136,0.5232782239035435,0.0649232352143164,0.0027064226806195724,False,0.0002907904846208072,False,7.324723726172033e-06,False,0.03393165597692132,0.008477099065349901,0.010621737094644266,0.0005557091263067904,0.00011282129890774202,False,False,1.0,0.9999999460650629,0.9999999998756222,1.00000000231869,0.9999999997512444,False,False,False,0.03393165597692132,0.00847709952256173,0.010621737095965374,0.0005557091250182732,0.00011282129893580694,4,middle,10,False,False,0.3822940353192292,0.5295097048440147,0.2548003830416398,0.5232782251168635,0.06492323519816638,False,False,False,32768
vel2,persistence,0.005062888616230339,False,0.0006568706258341807,False,0.1793482201567319,0.019059672277040664,0.20426919474119062,0.17307412850590884,0.04172590392021445,0.0012850265268545362,False,0.00010811216271037576,False,1.6512931747198319e-06,False,0.02822937753051519,0.03446389928883767,0.006290848350788609,0.0006246581372020876,3.957477297261977e-05,False,False,1.0000000554253103,0.999999981477317,0.9999999982498777,0.9999999954775721,0.9999999964997557,False,False,False,0.028229375965893266,0.034463899927201565,0.006290848361798363,0.000624658140027059,3.957477311114114e-05,5,middle,10,False,False,0.17934823009716266,0.019059671924004394,0.20426919438369456,0.17307412772319358,0.04172590377416359,False,False,False,32768
vel2,persistence,0.0016851219430100172,False,0.0001894394065963678,False,0.16332498175087054,0.0757628526271848,0.2161877965351041,0.1800677243078239,0.046737163370703556,0.00039531011395420697,False,4.696932574363477e-05,False,1.5627008619448809e-07,False,0.01031760068144649,0.002500426000702015,0.0018285496234752428,0.00026084255756651423,3.343593725511452e-06,False,False,0.9999999702124116,0.9999999956121676,0.9999999999998797,1.0000000014904513,0.9999999999997591,False,False,False,0.01031760098878294,0.002500426011673465,0.001828549623475463,0.0002608425571777411,3.3435937255122576e-06,6,middle,10,False,False,0.1633249768858132,0.07576285229475009,0.21618779653507805,0.18006772457620604,0.0467371633706923,False,False,False,32768
vel2,persistence,0.0010243285004980862,False,7.564393729817884e-05,False,0.25100541507533874,0.12305506542431537,0.3674148512968711,0.3606871454475933,0.13499367295350193,0.0002289544581330022,False,3.547881813348367e-05,False,5.242014389897666e-08,False,0.004080902000423521,0.0006147161600974761,0.0006231497102658135,9.836452055827045e-05,3.883155614043673e-07,False,False,1.0000000570537242,1.0000000016802195,1.0000000012227368,1.000000001320562,1.0000000024454732,False,False,False,0.004080901767592878,0.000614716159064618,0.0006231497095038655,9.836452042837399e-05,3.8831556045475204e-07,7,outer,10,False,False,0.25100542939613246,0.12305506563107489,0.36741485174612276,0.36068714592390305,0.13499367328362533,False,False,False,32768
vel2,persistence,0.0010938381357118486,False,2.762972688290032e-05,False,1.5362440201641012,1.1608283582050214,1.352948545083743,0.9700051284985356,1.830469765644217,0.00017300799294866674,False,1.99931856541824e-05,False,2.993176562412592e-08,False,0.0007120210860739462,2.3801733208537326e-05,0.00012787477659614773,2.0611422627352205e-05,1.635195848951469e-08,False,False,0.9999999995912504,0.9999999940570413,0.9999999990998448,0.9999999995239531,0.9999999981996897,False,False,False,0.0007120210863649846,2.3801733349990043e-05,0.00012787477671125487,2.0611422637164208e-05,1.635195851895329e-08,8,outer,10,False,False,1.536244019536162,1.1608283513062665,1.3529485438658793,0.9700051280367676,1.8304697623488033,False,False,False,32768
vel2,fno_plain,0.07146307080984116,False,0.3181587737460084,False,1.0,0.42389435948850784,0.8219789105061324,0.7262334228350671,0.6756493293168485,0.018903303503567684,False,0.0017975352865806438,False,0.0003573348833479943,False,0.07146307080984116,0.7505614703859582,0.022997309617016817,0.002475148113623624,0.0005288762496209341,False,False,0.4396008889024472,0.3201416907290714,0.7084478382892123,0.5932248468350911,0.5018983395766579,False,False,False,0.16256352663040152,2.3444665038054704,0.03246154250756361,0.004172360828830359,0.0010537517419703592,1,inner,10,False,False,0.4396008889024472,0.1357062569371677,0.5823291822673914,0.43081971102785666,0.3391072765202088,False,False,False,32768
vel2,fno_plain,0.06875788792967796,False,0.42812356796023743,False,3.6798460846009298,6.694023853495079,2.5844005908857453,2.3232174082508426,6.679126414170589,0.010514154003747738,False,0.0016342262612758637,False,0.00011054743441452457,False,0.018684990173205733,0.06395608640335303,0.004068314347561826,0.0007034323414898469,1.6551181630577404e-05,False,False,0.9999998669182634,0.9999999955190755,0.9999999985491117,0.9999999982466405,0.9999999970982234,False,False,False,0.018684992659837005,0.06395608668993542,0.0040683143534644955,0.0007034323427232166,1.6551181678605236e-05,2,inner,10,False,False,3.6798455948806224,6.694023823499663,2.5844005871360687,2.3232174041774076,6.679126394789256,False,False,False,32768
vel2,fno_plain,0.04781042877584696,False,0.04053716971631032,False,1.4788154895352514,1.782190133464329,0.9200206305929406,1.356706337613286,0.846437960716632,0.00800817998938765,False,0.0009223159735107871,False,6.413094674242878e-05,False,0.032330219093710186,0.022745704263052852,0.008704348275566917,0.0006798199049717147,7.576567890236476e-05,False,False,0.9999999227984103,1.0000000037579873,0.999999999758727,0.9999999948122593,0.999999999517454,False,False,False,0.032330221589654685,0.022745704177574787,0.008704348277667041,0.000679819908498444,7.576567893892519e-05,3,middle,10,False,False,1.4788153753683448,1.7821901401617768,0.9200206303709646,1.3567063305750453,0.8464379603081869,False,False,False,32768
vel2,fno_plain,0.01975922241806984,False,0.03577250114186592,False,0.5823241409587883,4.219898914250729,0.3571307372896492,1.0667266266715034,0.1275423635170484,0.003793348799907123,False,0.000592789721715811,False,1.4389495117756809e-05,False,0.03393165597692132,0.008477099065349901,0.010621737094644266,0.0005557091263067904,0.00011282129890774202,False,False,1.0,0.9999999460650629,0.9999999998756222,1.00000000231869,0.9999999997512444,False,False,False,0.03393165597692132,0.00847709952256173,0.010621737095965374,0.0005557091250182732,0.00011282129893580694,4,middle,10,False,False,0.5823241409587883,4.2198986866507475,0.3571307372452301,1.0667266291449118,0.12754236348532152,False,False,False,32768
vel2,fno_plain,0.014969139592722058,False,0.02054365872525016,False,0.5302681427013693,0.596092118105276,0.508597076111626,0.8023678077565423,0.258670985829295,0.003199507077472731,False,0.0005012055801441245,False,1.0236845538798095e-05,False,0.02822937753051519,0.03446389928883767,0.006290848350788609,0.0006246581372020876,3.957477297261977e-05,False,False,1.0000000554253103,0.999999981477317,0.9999999982498777,0.9999999954775721,0.9999999964997557,False,False,False,0.028229375965893266,0.034463899927201565,0.006290848361798363,0.000624658140027059,3.957477311114114e-05,5,middle,10,False,False,0.5302681720916458,0.5960921070640506,0.5085970752215189,0.8023678041278918,0.25867098492388335,False,False,False,32768
vel2,fno_plain,0.0051632853252522185,False,0.0011228764934927183,False,0.5004346925867211,0.44907407504859637,0.5811218699212094,0.49184390324688076,0.33770262770072307,0.0010626101764376564,False,0.00012829382164641356,False,1.1291403870688676e-06,False,0.01031760068144649,0.002500426000702015,0.0018285496234752428,0.00026084255756651423,3.343593725511452e-06,False,False,0.9999999702124116,0.9999999956121676,0.9999999999998797,1.0000000014904513,0.9999999999997591,False,False,False,0.01031760098878294,0.002500426011673465,0.001828549623475463,0.0002608425571777411,3.3435937255122576e-06,6,middle,10,False,False,0.5004346776799785,0.44907407307813463,0.5811218699211395,0.49184390397995015,0.33770262770064174,False,False,False,32768
vel2,fno_plain,0.012250511622987672,False,0.008196067514222834,False,3.0019127197164495,13.3330926470571,2.627206389969796,2.0570906789336147,6.90221341549813,0.0016371429007181724,False,0.00020234473837819206,False,2.680236877371912e-06,False,0.004080902000423521,0.0006147161600974761,0.0006231497102658135,9.836452055827045e-05,3.883155614043673e-07,False,False,1.0000000570537242,1.0000000016802195,1.0000000012227368,1.000000001320562,1.0000000024454732,False,False,False,0.004080901767592878,0.000614716159064618,0.0006231497095038655,9.836452042837399e-05,3.8831556045475204e-07,7,outer,10,False,False,3.0019128909867496,13.333092669459624,2.6272063931821776,2.0570906816501306,6.902213432377307,False,False,False,32768
vel2,fno_plain,0.0023229370843910148,False,0.000716809996842036,False,3.262455466311525,30.115873939168722,4.486980715043706,4.855607915150427,20.132995937174123,0.0005737716565274371,False,0.00010008098685188197,False,3.292139138342392e-07,False,0.0007120210860739462,2.3801733208537326e-05,0.00012787477659614773,2.0611422627352205e-05,1.635195848951469e-08,False,False,0.9999999995912504,0.9999999940570413,0.9999999990998448,0.9999999995239531,0.9999999981996897,False,False,False,0.0007120210863649846,2.3801733349990043e-05,0.00012787477671125487,2.0611422637164208e-05,1.635195851895329e-08,8,outer,10,False,False,3.2624554649779975,30.11587376019133,4.486980711004727,4.85560791283893,20.13299590092848,False,False,False,32768
vel2,fno_full,0.07146307080984116,False,0.4038202266661169,False,1.0,0.5380241893558192,1.027945263885,0.8815624519087055,1.056671465543602,0.0236399755029094,False,0.002181997639883249,False,0.0005588484417781564,False,0.07146307080984116,0.7505614703859582,0.022997309617016817,0.002475148113623624,0.0005288762496209341,False,False,0.4396008889024472,0.3201416907290714,0.7084478382892123,0.5932248468350911,0.5018983395766579,False,False,False,0.16256352663040152,2.3444665038054704,0.03246154250756361,0.004172360828830359,0.0010537517419703592,1,inner,10,False,False,0.4396008889024472,0.17224397363351004,0.7282456000789621,0.5229647505091092,0.5303416540343676,False,False,False,32768
vel2,fno_full,0.07146307080984116,False,0.45046341449524097,False,3.824624479188604,7.043323627626228,2.9589233531053805,2.5879730421767992,8.755227409552388,0.012037830330774366,False,0.0018204639367710282,False,0.00014490935907251129,False,0.018684990173205733,0.06395608640335303,0.004068314347561826,0.0007034323414898469,1.6551181630577404e-05,False,False,0.9999998669182634,0.9999999955190755,0.9999999985491117,0.9999999982466405,0.9999999970982234,False,False,False,0.018684992659837005,0.06395608668993542,0.0040683143534644955,0.0007034323427232166,1.6551181678605236e-05,2,inner,10,False,False,3.824623970200936,7.043323596065627,2.9589233488123132,2.5879730376391525,8.755227384146675,False,False,False,32768
vel2,fno_full,0.07146307080984116,False,0.15345454924558158,False,2.210410965750128,6.746528815766174,2.017597669574105,2.315749176214749,4.070700356270859,0.01756187279594519,False,0.001574292384912637,False,0.0003084193761009597,False,0.032330219093710186,0.022745704263052852,0.008704348275566917,0.0006798199049717147,7.576567890236476e-05,False,False,0.9999999227984103,1.0000000037579873,0.999999999758727,0.9999999948122593,0.999999999517454,False,False,False,0.032330221589654685,0.022745704177574787,0.008704348277667041,0.000679819908498444,7.576567893892519e-05,3,middle,10,False,False,2.2104107951028875,6.746528841119543,2.017597669087313,2.3157491642012427,4.070700354306559,False,False,False,32768
vel2,fno_full,0.04493508342653513,False,0.2129290506500926,False,1.324282064426735,25.11815056172211,0.7742060086203587,2.0510281985200924,0.5993949437838669,0.008223412680659343,False,0.0011397750882301907,False,6.762451611642888e-05,False,0.03393165597692132,0.008477099065349901,0.010621737094644266,0.0005557091263067904,0.00011282129890774202,False,False,1.0,0.9999999460650629,0.9999999998756222,1.00000000231869,0.9999999997512444,False,False,False,0.03393165597692132,0.00847709952256173,0.010621737095965374,0.0005557091250182732,0.00011282129893580694,4,middle,10,False,False,1.324282064426735,25.11814920697624,0.7742060085240647,2.051028203275791,0.5993949436347642,False,False,False,32768
vel2,fno_full,0.03605714067816734,False,0.028971209446162726,False,1.2772913833891857,0.8406248289944969,1.1953199448112986,1.1482139938475915,1.4287897704636856,0.007519576503480888,False,0.0007172412145062057,False,5.654403079170186e-05,False,0.02822937753051519,0.03446389928883767,0.006290848350788609,0.0006246581372020876,3.957477297261977e-05,False,False,1.0000000554253103,0.999999981477317,0.9999999982498777,0.9999999954775721,0.9999999964997557,False,False,False,0.028229375965893266,0.034463899927201565,0.006290848361798363,0.000624658140027059,3.957477311114114e-05,5,middle,10,False,False,1.277291454183457,0.8406248134238695,1.1953199427193424,1.1482139886548763,1.4287897654625723,False,False,False,32768
vel2,fno_full,0.02912073754239825,False,0.11196268021015854,False,2.822433087061054,44.77744199537363,3.1811901898055237,3.2088196394678774,10.119971023714905,0.0058169641237720265,False,0.0008369967215284612,False,3.383707161725086e-05,False,0.01031760068144649,0.002500426000702015,0.0018285496234752428,0.00026084255756651423,3.343593725511452e-06,False,False,0.9999999702124116,0.9999999956121676,0.9999999999998797,1.0000000014904513,0.9999999999997591,False,False,False,0.01031760098878294,0.002500426011673465,0.001828549623475463,0.0002608425571777411,3.3435937255122576e-06,6,middle,10,False,False,2.822433002987579,44.77744179889772,3.1811901898051405,3.2088196442504664,10.119971023712466,False,False,False,32768
vel2,fno_full,0.040965895634144545,False,0.08921698156842399,False,10.038441410720731,145.13524673611437,26.164776764703856,10.092090092602003,684.5955431467868,0.016304573060094897,False,0.0009927036033896672,False,0.00026583910267197224,False,0.004080902000423521,0.0006147161600974761,0.0006231497102658135,9.836452055827045e-05,3.883155614043673e-07,False,False,1.0000000570537242,1.0000000016802195,1.0000000012227368,1.000000001320562,1.0000000024454732,False,False,False,0.004080901767592878,0.000614716159064618,0.0006231497095038655,9.836452042837399e-05,3.8831556045475204e-07,7,outer,10,False,False,10.038441983451197,145.13524697997346,26.164776796696486,10.092090105929234,684.5955448209467,False,False,False,32768
vel2,fno_full,0.04359699171036482,False,0.18716405023426821,False,61.229916589629056,7863.463076173598,65.44255884117754,48.026895076224065,4282.728507680987,0.008368452591695831,False,0.000989902631895555,False,7.003099877946069e-05,False,0.0007120210860739462,2.3801733208537326e-05,0.00012787477659614773,2.0611422627352205e-05,1.635195848951469e-08,False,False,0.9999999995912504,0.9999999940570413,0.9999999990998448,0.9999999995239531,0.9999999981996897,False,False,False,0.0007120210863649846,2.3801733349990043e-05,0.00012787477671125487,2.0611422637164208e-05,1.635195851895329e-08,8,outer,10,False,False,61.229916564601346,7863.463029441363,65.44255878226909,48.02689505336102,4282.728499970746,False,False,False,32768
vel2,localno_plain,0.03715138949453822,False,0.1973854429806573,False,0.5198683610083842,0.2629837138844292,0.34858761661677073,0.7370716626304209,0.12151332645856074,0.008016577347993832,False,0.0018243615353651145,False,6.426551237636782e-05,False,0.07146307080984116,0.7505614703859582,0.022997309617016817,0.002475148113623624,0.0005288762496209341,False,False,0.4396008889024472,0.3201416907290714,0.7084478382892123,0.5932248468350911,0.5018983395766579,False,False,False,0.16256352663040152,2.3444665038054704,0.03246154250756361,0.004172360828830359,0.0010537517419703592,1,inner,10,False,False,0.228534593611544,0.08419205079717153,0.2469561434465399,0.43724922417041745,0.060987336785988,False,False,False,32768
vel2,localno_plain,0.023588826740160582,False,0.15647448686207144,False,1.2624479071970265,2.4465925865949787,1.2648282417510879,2.0914915050954463,1.599790481131148,0.005145718883117348,False,0.0014712227666354137,False,2.6478422824070447e-05,False,0.018684990173205733,0.06395608640335303,0.004068314347561826,0.0007034323414898469,1.6551181630577404e-05,False,False,0.9999998669182634,0.9999999955190755,0.9999999985491117,0.9999999982466405,0.9999999970982234,False,False,False,0.018684992659837005,0.06395608668993542,0.0040683143534644955,0.0007034323427232166,1.6551181678605236e-05,2,inner,10,False,False,1.2624477391882665,2.446592575631982,1.2648282399159634,2.09149150142831,1.5997904764889135,False,False,False,32768
vel2,localno_plain,0.030676452498882997,False,0.14583127261887377,False,0.948847652716683,6.411376448596311,0.8015411456462224,2.4831926848403345,0.6424682081638586,0.006976893288901627,False,0.001688123815034613,False,4.867703996472056e-05,False,0.032330219093710186,0.022745704263052852,0.008704348275566917,0.0006798199049717147,7.576567890236476e-05,False,False,0.9999999227984103,1.0000000037579873,0.999999999758727,0.9999999948122593,0.999999999517454,False,False,False,0.032330221589654685,0.022745704177574787,0.008704348277667041,0.000679819908498444,7.576567893892519e-05,3,middle,10,False,False,0.9488475794641359,6.411376472690182,0.8015411454528322,2.4831926719581747,0.6424682078538383,False,False,False,32768
vel2,localno_plain,0.014692111564800141,False,0.06632840980317227,False,0.43299129210767107,7.824423106518751,0.26948329626949263,1.852610404258105,0.07262124696827114,0.0028623807243726806,False,0.0010295125091371413,False,8.193223411260272e-06,False,0.03393165597692132,0.008477099065349901,0.010621737094644266,0.0005557091263067904,0.00011282129890774202,False,False,1.0,0.9999999460650629,0.9999999998756222,1.00000000231869,0.9999999997512444,False,False,False,0.03393165597692132,0.00847709952256173,0.010621737095965374,0.0005557091250182732,0.00011282129893580694,4,middle,10,False,False,0.43299129210767107,7.824422684508983,0.2694832962359749,1.8526104085537343,0.0726212469502062,False,False,False,32768
vel2,localno_plain,0.013500547036528587,False,0.05981585977161723,False,0.47824458835250133,1.7356091738287627,0.35641390596310746,1.3372102843384481,0.1270308723638788,0.002242145832526141,False,0.0008352992852623289,False,5.027217934314342e-06,False,0.02822937753051519,0.03446389928883767,0.006290848350788609,0.0006246581372020876,3.957477297261977e-05,False,False,1.0000000554253103,0.999999981477317,0.9999999982498777,0.9999999954775721,0.9999999964997557,False,False,False,0.028229375965893266,0.034463899927201565,0.006290848361798363,0.000624658140027059,3.957477311114114e-05,5,middle,10,False,False,0.47824461485935604,1.735609141680624,0.35641390533933953,1.3372102782910111,0.1270308719192397,False,False,False,32768
vel2,localno_plain,0.007678701842669396,False,0.018256606844509953,False,0.7442332844376829,7.30139857743611,0.7563136601827036,1.9712907039253602,0.5720103525789583,0.0013829570585562655,False,0.0005141965089189852,False,1.9125702258105983e-06,False,0.01031760068144649,0.002500426000702015,0.0018285496234752428,0.00026084255756651423,3.343593725511452e-06,False,False,0.9999999702124116,0.9999999956121676,0.9999999999998797,1.0000000014904513,0.9999999999997591,False,False,False,0.01031760098878294,0.002500426011673465,0.001828549623475463,0.0002608425571777411,3.3435937255122576e-06,6,middle,10,False,False,0.7442332622687682,7.301398545398797,0.7563136601826126,1.9712907068634729,0.5720103525788205,False,False,False,32768
vel2,localno_plain,0.010465567158535121,False,0.03138607139967914,False,2.564523028842396,51.05782707046813,3.775314942497277,5.604997244772806,14.25300291504322,0.0023525864125793746,False,0.0005513328667125038,False,5.534662828653092e-06,False,0.004080902000423521,0.0006147161600974761,0.0006231497102658135,9.836452055827045e-05,3.883155614043673e-07,False,False,1.0000000570537242,1.0000000016802195,1.0000000012227368,1.000000001320562,1.0000000024454732,False,False,False,0.004080901767592878,0.000614716159064618,0.0006231497095038655,9.836452042837399e-05,3.8831556045475204e-07,7,outer,10,False,False,2.5645231751579853,51.057827156256494,3.775314947113493,5.604997252174552,14.253002949898557,False,False,False,32768
vel2,localno_plain,0.010432191330473871,False,0.019392813227801897,False,14.651520207072135,814.7647508646969,17.092561004831374,20.44604517941719,292.1556417038821,0.002185707419948838,False,0.00042142207825090496,False,4.777316925619407e-06,False,0.0007120210860739462,2.3801733208537326e-05,0.00012787477659614773,2.0611422627352205e-05,1.635195848951469e-08,False,False,0.9999999995912504,0.9999999940570413,0.9999999990998448,0.9999999995239531,0.9999999981996897,False,False,False,0.0007120210863649846,2.3801733349990043e-05,0.00012787477671125487,2.0611422637164208e-05,1.635195851895329e-08,8,outer,10,False,False,14.651520201083331,814.7647460225837,17.092560989445417,20.446045169683916,292.15564117791126,False,False,False,32768
vel3,persistence,0.07675067499279976,True,0.9391260768439798,True,,,,,,0.010883834425966993,True,0.0008119383955470758,True,0.00011845785181186427,True,0.0,0.0,0.0,0.0,0.0,False,False,0.0,0.0,0.0,0.0,0.0,False,False,False,1.0846018898487086,345.40035098890166,0.25666571336706595,0.05387926063503117,0.06587728841822485,1,inner,10,False,False,0.07076391412475386,0.002718949399313597,0.04240470720918484,0.015069590524766228,0.0017981591934966936,False,False,False,32768
vel3,persistence,0.14099662087857723,True,2.4966776017925842,True,,,,,,0.05381198983004947,True,0.004234392765672282,True,0.002895730249469348,True,0.0,0.0,0.0,0.0,0.0,False,False,0.0,0.0,0.0,0.0,0.0,False,False,False,0.4864145718514919,36.29428855010255,0.10792200240511368,0.018875073881991694,0.011647158603129364,2,inner,10,False,False,0.28986923714453433,0.06878982069991643,0.4986192679047224,0.22433781145154752,0.24862117432584133,False,False,False,32768
vel3,persistence,0.1044483856484294,False,0.7242584104645692,False,1.9643444975276052,2.918910035618543,3.8208958687924484,3.058139060431357,14.599245240155199,0.04185191275574793,False,0.002880464390266502,False,0.001751582601314736,False,0.05317213237285614,0.24812632168400914,0.010953429298499767,0.00094190104941147,0.0001199776133972331,False,False,0.17480193421131057,0.03534915532636771,0.1497931324648669,0.1106671216078045,0.022437982533637154,False,False,False,0.3041850344091652,7.019299878402646,0.07312370813173849,0.008511119072469353,0.0053470766909356785,3,middle,10,False,False,0.3433712176251703,0.10318100423277339,0.5723439610084898,0.33843544729433395,0.32757760970288774,False,False,False,32768
vel3,persistence,0.09812243954278528,False,0.3084231538222768,False,1.1494601010249954,0.3659661739003515,1.1432630013658234,1.0089909005619928,1.307050290291991,0.034440868631636014,False,0.0023492251080426438,False,0.0011861734321016097,False,0.0853639369085431,0.842764101761648,0.030125061854088253,0.0023282916691658574,0.0009075193517126432,False,False,0.3811175902732845,0.5425732977193591,0.47919648893849526,0.5072080905009378,0.22962927501098138,False,False,False,0.22398319859057664,1.5532723510428994,0.06286578167720006,0.0045904071973030805,0.0039521065058853826,4,middle,10,False,False,0.4380794638179324,0.1985634738268502,0.5478476161877887,0.51176834800687,0.30013701056264264,False,False,False,32768
vel3,persistence,0.10011007013497875,False,0.15536209062022638,False,1.0303911015616312,0.4583737376511474,0.8625695188316828,0.9193751883549176,0.744026174817521,0.030760500335744043,False,0.001818125513883236,False,0.0009462083809053095,False,0.0971573512069881,0.33894195469476734,0.03566147384550286,0.0019775664352401066,0.0012717407168334844,False,False,0.5097279431434697,0.42322014252055973,0.7151557602686655,0.5951558898870885,0.5114477614454528,False,False,False,0.1906062881462276,0.8008644217076738,0.04986532420868116,0.0033227705023893585,0.0024865505584368832,5,middle,10,False,False,0.5252191368323442,0.19399299857640026,0.616871560024649,0.5471715583654806,0.3805305215672442,False,False,False,32768
vel3,persistence,0.08464301754953339,False,0.13180563899775732,False,0.8379642134074922,0.49662656033587504,0.6807117053411594,0.6979491047234684,0.46336842578846954,0.02123361499021177,False,0.0013294382043612385,False,0.00045086640555254604,False,0.10101030115038157,0.2654019126738116,0.031193256739385576,0.0019047781498164826,0.0009730192660092236,False,False,0.88408615425892,0.7414206975387511,0.973584268444649,0.9247193299163856,0.9478663277629026,False,False,False,0.11425391141325231,0.3579639920423723,0.03203960638067664,0.0020598446341428974,0.0010265363770286951,6,middle,10,False,False,0.7408325588380308,0.3682092107804951,0.6627302076662822,0.6454070284356269,0.43921132815339364,False,False,False,32768
vel3,persistence,0.056612339904531836,False,0.04526299113739143,False,0.6948033739804981,0.22790411220986337,0.6619988072243005,0.6066824640211567,0.4382424207663966,0.012084979593226797,False,0.0007770889493425659,False,0.00014604673176870812,False,0.08147965600714087,0.1986054165433901,0.018255289075063432,0.001280882496902806,0.00033325557921413035,False,False,1.0000000909266449,0.9999999420727789,0.9999999977139256,0.9999999882366918,0.9999999954278512,False,False,False,0.08147964859846979,0.19860542804805065,0.018255289116796383,0.0012808825119702218,0.00033325558073782444,7,outer,10,False,False,0.6948034371566378,0.22790409900801145,0.661998805710922,0.6066824568845639,0.43824241876268705,False,False,False,32768
vel3,persistence,0.02943920310586691,False,0.02384250000335497,False,0.7313214919188261,0.5170384152383495,0.6752390495065107,0.6932025872512286,0.455947773978456,0.0052829200547337965,False,0.0003997209698845547,False,2.7909244304708536e-05,False,0.040254803709685795,0.046113594852258355,0.007823777458656674,0.0005766293681470189,6.121149372258428e-05,False,False,1.0000000627266377,0.9999999798626353,1.0000000012893844,1.0000000027600755,1.0000000025787688,False,False,False,0.040254801184637465,0.04611359578086465,0.007823777448568818,0.0005766293665554783,6.1211493564734e-05,8,outer,10,False,False,0.7313215377921644,0.5170384048265584,0.6752390503771534,0.6932025891645202,0.45594777515423984,False,False,False,32768
vel3,fno_plain,0.0987959816120565,True,0.7343867585957475,True,,,,,,0.0202687661173275,True,0.0034845742971364654,True,0.00041082287991892324,True,0.0,0.0,0.0,0.0,0.0,False,False,0.0,0.0,0.0,0.0,0.0,False,False,False,1.0846018898487086,345.40035098890166,0.25666571336706595,0.05387926063503117,0.06587728841822485,1,inner,10,False,False,0.09108962702050756,0.0021261899604130535,0.07896951194388975,0.06467375862375639,0.006236183816656147,False,False,False,32768
vel3,fno_plain,0.10482781426981091,True,0.5170834480795238,True,,,,,,0.029287279128207656,True,0.002446291407383096,True,0.0008577447187335478,True,0.0,0.0,0.0,0.0,0.0,False,False,0.0,0.0,0.0,0.0,0.0,False,False,False,0.4864145718514919,36.29428855010255,0.10792200240511368,0.018875073881991694,0.011647158603129364,2,inner,10,False,False,0.21551125384832442,0.014246964708116941,0.27137449709532013,0.1296043354679025,0.07364411767373792,False,False,False,32768
vel3,fno_plain,0.10236077522393316,False,0.5582328886926247,False,1.9250831338896492,2.2497931090258887,2.7332003371611284,3.1833184304089324,7.470384083057707,0.029937916651730147,False,0.002998370970213047,False,0.0008962788534459412,False,0.05317213237285614,0.24812632168400914,0.010953429298499767,0.00094190104941147,0.0001199776133972331,False,False,0.17480193421131057,0.03534915532636771,0.1497931324648669,0.1106671216078045,0.022437982533637154,False,False,False,0.3041850344091652,7.019299878402646,0.07312370813173849,0.008511119072469353,0.0053470766909356785,3,middle,10,False,False,0.33650825532148204,0.07952828606314787,0.40941464015739576,0.3522886878544306,0.16762034757520983,False,False,False,32768
vel3,fno_plain,0.09028864465653896,False,0.4464839022125316,False,1.0576907289699171,0.5297851454270972,0.5986260184381359,1.2485848695371347,0.3583531099510953,0.018033645832915418,False,0.0029070697499898497,False,0.0003252123820270276,False,0.0853639369085431,0.842764101761648,0.030125061854088253,0.0023282916691658574,0.0009075193517126432,False,False,0.3811175902732845,0.5425732977193591,0.47919648893849526,0.5072080905009378,0.22962927501098138,False,False,False,0.22398319859057664,1.5532723510428994,0.06286578167720006,0.0045904071973030805,0.0039521065058853826,4,middle,10,False,False,0.4031045418794085,0.28744727343711035,0.2868594862227856,0.6332923475062927,0.08228836483600052,False,False,False,32768
vel3,fno_plain,0.08015392817324027,False,0.4701122391376067,False,0.8249908748796267,1.3869992564389504,0.5247011093101485,1.0547969453207273,0.27531125411130036,0.018711614886370197,False,0.0020859310350600643,False,0.00035012453165583074,False,0.0971573512069881,0.33894195469476734,0.03566147384550286,0.0019775664352401066,0.0012717407168334844,False,False,0.5097279431434697,0.42322014252055973,0.7151557602686655,0.5951558898870885,0.5114477614454528,False,False,False,0.1906062881462276,0.8008644217076738,0.04986532420868116,0.0033227705023893585,0.0024865505584368832,5,middle,10,False,False,0.42052090176452367,0.5870060229860029,0.37524302074251137,0.62776861464254,0.1408073246159648,False,False,False,32768
vel3,fno_plain,0.06978764842730016,False,0.08833597810537336,False,0.6908963504959963,0.3328385135413151,0.5695253000881584,0.5602864631121907,0.3243590674405069,0.01776534890522554,False,0.0010672214125740595,False,0.0003156076217243983,False,0.10101030115038157,0.2654019126738116,0.031193256739385576,0.0019047781498164826,0.0009730192660092236,False,False,0.88408615425892,0.7414206975387511,0.973584268444649,0.9247193299163856,0.9478663277629026,False,False,False,0.11425391141325231,0.3579639920423723,0.03203960638067664,0.0020598446341428974,0.0010265363770286951,6,middle,10,False,False,0.6108118975015283,0.24677336287756285,0.5544808726470489,0.5181077227303267,0.30744903813143293,False,False,False,32768
vel3,fno_plain,0.10449513767845929,False,0.3566886808187358,False,1.2824690579118467,1.7959665301515513,1.3537296894367672,1.1586261598835839,1.8325840720625663,0.02471272681016403,False,0.0014840639686485944,False,0.0006107188663938001,False,0.08147965600714087,0.1986054165433901,0.018255289075063432,0.001280882496902806,0.00033325557921413035,False,False,1.0000000909266449,0.9999999420727789,0.9999999977139256,0.9999999882366918,0.9999999954278512,False,False,False,0.08147964859846979,0.19860542804805065,0.018255289116796383,0.0012808825119702218,0.00033325558073782444,7,outer,10,False,False,1.2824691745224555,1.7959664261162007,1.3537296863420405,1.158626146254307,1.8325840636837194,False,False,False,32768
vel3,fno_plain,0.004642428979277608,False,0.026521066334260112,False,0.11532608661461646,0.5751246767733025,0.20412495827604674,0.34935653469195865,0.04166699859119783,0.0015970282473093686,False,0.0002014492378574562,False,2.550499222704034e-06,False,0.040254803709685795,0.046113594852258355,0.007823777458656674,0.0005766293681470189,6.121149372258428e-05,False,False,1.0000000627266377,0.9999999798626353,1.0000000012893844,1.0000000027600755,1.0000000025787688,False,False,False,0.040254801184637465,0.04611359578086465,0.007823777448568818,0.0005766293665554783,6.1211493564734e-05,8,outer,10,False,False,0.11532609384863413,0.5751246651918072,0.20412495853924226,0.34935653565620906,0.04166699869864739,False,False,False,32768
vel3,fno_full,0.09194750245660543,True,2.0029617475302723,True,,,,,,0.03326400041188434,True,0.004449837797265761,True,0.0011064937234018415,True,0.0,0.0,0.0,0.0,0.0,False,False,0.0,0.0,0.0,0.0,0.0,False,False,False,1.0846018898487086,345.40035098890166,0.25666571336706595,0.05387926063503117,0.06587728841822485,1,inner,10,False,False,0.0847753478185726,0.0057989568968174875,0.12960048296093377,0.08258906571506605,0.016796285183707283,False,False,False,32768
vel3,fno_full,0.10477875545620918,True,0.9656866590457969,True,,,,,,0.03938742689520344,True,0.0026771291246021705,True,0.0015513693974249956,True,0.0,0.0,0.0,0.0,0.0,False,False,0.0,0.0,0.0,0.0,0.0,False,False,False,0.4864145718514919,36.29428855010255,0.10792200240511368,0.018875073881991694,0.011647158603129364,2,inner,10,False,False,0.21541039582218638,0.0266071246365034,0.36496197269721103,0.1418341004300048,0.1331972415150398,False,False,False,32768
vel3,fno_full,0.104818195104599,False,0.6639289754957524,False,1.9712994462886668,2.6757700311266097,3.0496843500706237,2.810333609232039,9.300574635065681,0.03340450191123979,False,0.0026470561757319815,False,0.0011158607479380227,False,0.05317213237285614,0.24812632168400914,0.010953429298499767,0.00094190104941147,0.0001199776133972331,False,False,0.17480193421131057,0.03534915532636771,0.1497931324648669,0.1106671216078045,0.022437982533637154,False,False,False,0.3041850344091652,7.019299878402646,0.07312370813173849,0.008511119072469353,0.0053470766909356785,3,middle,10,False,False,0.3445869561209445,0.0945862104479343,0.45682177182616035,0.31101153129138215,0.2086861312143925,False,False,False,32768
vel3,fno_full,0.10401625028811395,False,0.6899101036432301,False,1.2185034342963177,0.8186277775727469,0.7435812930665937,1.3952504988256302,0.5529131393985874,0.02240043244717406,False,0.003248550112815222,False,0.0005017793738204084,False,0.0853639369085431,0.842764101761648,0.030125061854088253,0.0023282916691658574,0.0009075193517126432,False,False,0.3811175902732845,0.5425732977193591,0.47919648893849526,0.5072080905009378,0.22962927501098138,False,False,False,0.22398319859057664,1.5532723510428994,0.06286578167720006,0.0045904071973030805,0.0039521065058853826,4,middle,10,False,False,0.464393092618734,0.4441655728823153,0.35632154487785794,0.707682341279829,0.12696504334414332,False,False,False,32768
vel3,fno_full,0.10413258774206043,False,0.6928955454406452,False,1.0717931937050444,2.0442896957522687,0.7557653285056608,1.725957647542054,0.5711812317712696,0.026951705495842502,False,0.0034131959124251397,False,0.0007263944291346269,False,0.0971573512069881,0.33894195469476734,0.03566147384550286,0.0019775664352401066,0.0012717407168334844,False,False,0.5097279431434697,0.42322014252055973,0.7151557602686655,0.5951558898870885,0.5114477614454528,False,False,False,0.1906062881462276,0.8008644217076738,0.04986532420868116,0.0033227705023893585,0.0024865505584368832,5,middle,10,False,False,0.5463229401024426,0.8651845763895869,0.5404899280921636,1.0272138596303169,0.2921293623690721,False,False,False,32768
vel3,fno_full,0.10736810069531202,False,0.27061133345952937,False,1.0629420907820593,1.0196284221663479,0.8556965758203222,1.1545311061829417,0.7322166298706243,0.026691962980576425,False,0.0021991256243407207,False,0.0007124608877564622,False,0.10101030115038157,0.2654019126738116,0.031193256739385576,0.0019047781498164826,0.0009730192660092236,False,False,0.88408615425892,0.7414206975387511,0.973584268444649,0.9247193299163856,0.9478663277629026,False,False,False,0.11425391141325231,0.3579639920423723,0.03203960638067664,0.0020598446341428974,0.0010265363770286951,6,middle,10,False,False,0.9397323852394466,0.7559736159929098,0.8330927247806195,1.0676172308771132,0.694043488082397,False,False,False,32768
vel3,fno_full,0.10696343518793583,False,0.4928389669679184,False,1.3127624787537342,2.4814981159400857,1.3072441047891443,1.6457748991601997,1.7088871495059714,0.023864119024598344,False,0.00210804426217628,False,0.0005694961768201967,False,0.08147965600714087,0.1986054165433901,0.018255289075063432,0.001280882496902806,0.00033325557921413035,False,False,1.0000000909266449,0.9999999420727789,0.9999999977139256,0.9999999882366918,0.9999999954278512,False,False,False,0.08147964859846979,0.19860542804805065,0.018255289116796383,0.0012808825119702218,0.00033325558073782444,7,outer,10,False,False,1.312762598118822,2.4814979721937953,1.307244101800687,1.6457748798004421,1.7088871416926852,False,False,False,32768
vel3,fno_full,0.05591911742463707,False,0.10259528971810926,False,1.3891290547066375,2.224838250993238,1.6340459806460188,2.4402845084429674,2.67010626686541,0.012784412109786862,False,0.001407139714202427,False,0.00016344119299286497,False,0.040254803709685795,0.046113594852258355,0.007823777458656674,0.0005766293681470189,6.121149372258428e-05,False,False,1.0000000627266377,0.9999999798626353,1.0000000012893844,1.0000000027600755,1.0000000025787688,False,False,False,0.040254801184637465,0.04611359578086465,0.007823777448568818,0.0005766293665554783,6.1211493564734e-05,8,outer,10,False,False,1.3891291418420324,2.2248382061908587,1.6340459827529321,2.440284515178337,2.670106273750996,False,False,False,32768
vel3,localno_plain,0.044915456082671876,True,0.726533842738133,True,,,,,,0.009555837534434418,True,0.0032421867334802355,True,9.131403098450567e-05,True,0.0,0.0,0.0,0.0,0.0,False,False,0.0,0.0,0.0,0.0,0.0,False,False,False,1.0846018898487086,345.40035098890166,0.25666571336706595,0.05387926063503117,0.06587728841822485,1,inner,10,False,False,0.04141192865608702,0.002103454268815951,0.03723067412891377,0.060175041291717975,0.001386123096093369,False,False,False,32768
vel3,localno_plain,0.061422730693593615,True,0.5495026792851843,True,,,,,,0.013739025568266592,True,0.0030385130060316657,True,0.00018876082356548315,True,0.0,0.0,0.0,0.0,0.0,False,False,0.0,0.0,0.0,0.0,0.0,False,False,False,0.4864145718514919,36.29428855010255,0.10792200240511368,0.018875073881991694,0.011647158603129364,2,inner,10,False,False,0.12627650207886185,0.015140197018233924,0.12730513947187097,0.1609801913904372,0.01620659853595252,False,False,False,32768
vel3,localno_plain,0.06492331531364472,False,0.7864569390526843,False,1.2210026646737877,3.1695828709952165,1.227553753882102,3.8824563385565662,1.5068882186700403,0.013445923253255589,False,0.0036568896995806434,False,0.00018079285213243936,False,0.05317213237285614,0.24812632168400914,0.010953429298499767,0.00094190104941147,0.0001199776133972331,False,False,0.17480193421131057,0.03534915532636771,0.1497931324648669,0.1106671216078045,0.022437982533637154,False,False,False,0.3041850344091652,7.019299878402646,0.07312370813173849,0.008511119072469353,0.0053470766909356785,3,middle,10,False,False,0.21343362746214234,0.11204207722660443,0.1838791220630063,0.4296602677560309,0.03381153153066197,False,False,False,32768
vel3,localno_plain,0.10416537087410688,False,4.205956563063888,False,1.2202503146698491,4.990668864836657,0.6266747611975547,2.757676225446633,0.39272125632201227,0.018878615943472322,False,0.006420674581964142,False,0.0003564021399411274,False,0.0853639369085431,0.842764101761648,0.030125061854088253,0.0023282916691658574,0.0009075193517126432,False,False,0.3811175902732845,0.5425732977193591,0.47919648893849526,0.5072080905009378,0.22962927501098138,False,False,False,0.22398319859057664,1.5532723510428994,0.06286578167720006,0.0045904071973030805,0.0039521065058853826,4,middle,10,False,False,0.4650588594571901,2.7078036638197553,0.3003003452722382,1.3987156925286206,0.09018029737062547,False,False,False,32768
vel3,localno_plain,0.1047330629779026,False,2.9569903711112264,False,1.077973634282957,8.724179258876733,0.6463992774258294,2.749715566301567,0.41783202585663426,0.02305155092567316,False,0.005437745210375221,False,0.0005313740000789031,False,0.0971573512069881,0.33894195469476734,0.03566147384550286,0.0019775664352401066,0.0012717407168334844,False,False,0.5097279431434697,0.42322014252055973,0.7151557602686655,0.5951558898870885,0.5114477614454528,False,False,False,0.1906062881462276,0.8008644217076738,0.04986532420868116,0.0033227705023893585,0.0024865505584368832,5,middle,10,False,False,0.5494732833659425,3.6922483893167217,0.46227616668458493,1.6365094147985884,0.21369925428459413,False,False,False,32768
vel3,localno_plain,0.05679822369245813,False,1.0299534902713647,False,0.5623013004178492,3.880731227198104,0.3845797845294228,1.578287272369117,0.14790161066869728,0.011996295955603871,False,0.0030062871105421495,False,0.00014391111665443778,False,0.10101030115038157,0.2654019126738116,0.031193256739385576,0.0019047781498164826,0.0009730192660092236,False,False,0.88408615425892,0.7414206975387511,0.973584268444649,0.9247193299163856,0.9478663277629026,False,False,False,0.11425391141325231,0.3579639920423723,0.03203960638067664,0.0020598446341428974,0.0010265363770286951,6,middle,10,False,False,0.49712279422120603,2.8772544534296314,0.37442082817967887,1.4594727489207298,0.1401909565747566,False,False,False,32768
vel3,localno_plain,0.04269134433940053,False,0.2605255193762247,False,0.5239509643445115,1.3117744919072067,0.486411363835072,1.3310942383350048,0.23659601486789478,0.008879580056205094,False,0.0017049753116114795,False,7.884694197455527e-05,False,0.08147965600714087,0.1986054165433901,0.018255289075063432,0.001280882496902806,0.00033325557921413035,False,False,1.0000000909266449,0.9999999420727789,0.9999999977139256,0.9999999882366918,0.9999999954278512,False,False,False,0.08147964859846979,0.19860542804805065,0.018255289116796383,0.0012808825119702218,0.00033325558073782444,7,outer,10,False,False,0.5239510119856148,1.3117744159197557,0.4864113627230994,1.331094222676933,0.2365960137861426,False,False,False,32768
vel3,localno_plain,0.014879672341048715,False,0.06990235420712229,False,0.3696371853744373,1.5158730181648137,0.42532457589628286,1.7720217245181098,0.1809009948613529,0.0033276448295100477,False,0.0010217997673516684,False,1.1073220111364953e-05,False,0.040254803709685795,0.046113594852258355,0.007823777458656674,0.0005766293681470189,6.121149372258428e-05,False,False,1.0000000627266377,0.9999999798626353,1.0000000012893844,1.0000000027600755,1.0000000025787688,False,False,False,0.040254801184637465,0.04611359578086465,0.007823777448568818,0.0005766293665554783,6.1211493564734e-05,8,outer,10,False,False,0.3696372085605351,1.515872987639126,0.42532457644468974,1.7720217294090235,0.1809009953278547,False,False,False,32768
Bcc1,persistence,1.999531110525131,False,300.24185527845805,False,0.08452413915598996,0.007719680006763938,0.09154476743646921,0.08905657262232582,0.008380444444997234,0.5213503510950894,False,0.028210532626417262,False,0.27180618858697303,False,23.65633214950561,38893.04414371942,5.69503168443679,0.3167709220750439,32.43338588673894,False,False,1.0000006147843281,1.0000000160675013,0.9999999998003949,0.999999959000319,0.9999999996007897,False,False,False,23.656317605972284,38893.04351880539,5.695031685573547,0.3167709350625512,32.433385899686684,1,inner,19,False,False,0.08452419112010605,0.007719680130799907,0.09154476741819641,0.08905656897103474,0.008380444441651674,False,False,False,32768
Bcc1,persistence,0.9081604242324829,False,54.097768224864275,False,0.1340235765095889,0.01567452259225302,0.1625396304867614,0.07769572868564235,0.026419131478772936,0.2923127211146622,False,0.008102741322077644,False,0.0854467269254583,False,6.776124379634856,3451.3183994261854,1.7984089187311807,0.1042881180104689,3.2342746389718546,False,False,1.000000024629567,0.9999999860247247,1.000000004900997,1.0000000473529913,1.000000009801994,False,False,False,6.776124212741851,3451.3184476593106,1.798408909917184,0.10428811307211479,3.2342746072695143,2,inner,19,False,False,0.13402357981053156,0.015674522373197254,0.16253963128336762,0.07769573236476753,0.026419131737733102,False,False,False,32768
Bcc1,persistence,0.5698485234379769,False,23.4879154632471,False,0.2749379492936981,0.07273065648111698,0.3923819443308396,0.3201786895868571,0.1539635902368501,0.21774344109097143,False,0.010458171183235589,False,0.04741220613813735,False,2.0726441180706026,322.9438121371179,0.5549272698118329,0.03266354546184914,0.3079442747808148,False,False,0.9999997314024016,1.000000086287395,0.9999999994516662,1.0000000196678245,0.9999999989033326,False,False,False,2.0726446747779845,322.94378427114003,0.5549272701161183,0.03266354481942827,0.3079442751185273,3,middle,19,False,False,0.27493787544602516,0.07273066275685586,0.39238194411568333,0.3201786958840753,0.15396359006800325,False,False,False,32768
Bcc1,persistence,0.29667066007852555,False,7.229485110140794,False,0.440061327051985,0.2236172085835447,0.5340743062174954,0.4922099893910046,0.28523536456169907,0.09533637847454464,False,0.0055162874467722485,False,0.009089025060641617,False,0.6741575363278389,32.32973506795125,0.17850770457345316,0.011207183043150692,0.031865000592083234,False,False,1.0000000291764646,1.000000017842474,0.999999994920397,0.9999999924570803,0.9999999898407944,False,False,False,0.674157516658306,32.3297344911088,0.17850770548020142,0.011207183127685575,0.03186500091580633,4,middle,19,False,False,0.44006133989141866,0.22361721257342893,0.53407430350461,0.49220998567830415,0.2852353616639343,False,False,False,32768
Bcc1,persistence,0.11564509198069572,False,1.1157619830767913,False,0.3696597332880521,0.11905966513386002,0.4552955844633504,0.4296998013625518,0.20729406923182378,0.03533917173412253,False,0.002212023580279833,False,0.0012488570588538046,False,0.31284200459718703,9.371452387526276,0.07761808578876565,0.005147834775035132,0.006024567241512185,False,False,1.0000000633500148,0.9999999726862613,0.9999999900007955,0.9999999885618115,0.9999999800015914,False,False,False,0.31284198477864267,9.371452643495685,0.07761808656488477,0.005147834833917037,0.006024567361993945,5,middle,19,False,False,0.36965975670600165,0.11905966188189543,0.45529557991075675,0.4296997964475645,0.2072940650862723,False,False,False,32768
Bcc1,persistence,0.047802817076444626,False,0.15763786842011965,False,0.1462153007512258,0.019143155279767933,0.25457097384582067,0.24295131488172,0.0648063807248095,0.014082118212161673,False,0.0009226030181674071,False,0.00019830605334129547,False,0.32693443730473515,8.234685772346232,0.055317061483570476,0.003797481065770618,0.0030599772911771165,False,False,0.9999999083873464,1.0000000005697827,0.9999999953767555,1.0000000062179477,0.9999999907535112,False,False,False,0.32693446725606923,8.23468576765425,0.05531706173931478,0.0037974810421580797,0.0030599773194711624,6,middle,19,False,False,0.1462152873560541,0.01914315529067537,0.2545709726688768,0.24295131639237855,0.06480638012557803,False,False,False,32768
Bcc1,persistence,0.03077322244644165,False,0.022258930695510108,False,0.24207322812558865,0.019075280996773133,0.4271777747774066,0.38217458145865113,0.18248085126377672,0.007528848025310413,False,0.0006192195660644838,False,5.668355258822051e-05,False,0.1271236091852188,1.1668992293888376,0.01762462485140651,0.0016202531411196937,0.00031062740115281594,False,False,0.9999997649781867,0.9999999998084178,0.9999999992307248,1.000000009743184,0.9999999984614498,False,False,False,0.127123639062047,1.1668992296123948,0.017624624864964696,0.0016202531253332695,0.00031062740163073177,7,outer,19,False,False,0.2420731712330996,0.01907528099311865,0.42717777444878935,0.3821745851822484,0.18248085098302078,False,False,False,32768
Bcc1,persistence,0.020167140290141106,False,0.007909540549795794,False,0.932558976512925,0.15604687629351444,0.9114140274973052,0.7167596683215428,0.8306755295188584,0.004286991233762355,False,0.0003379921507340972,False,1.837829383835528e-05,False,0.02162559237331152,0.05068695213685945,0.004703670455384812,0.00047155576083903177,2.212451575285997e-05,False,False,1.0000002583946277,1.0000000764256785,1.0000000037649504,1.0000000151912964,1.000000007529901,False,False,False,0.021625586785376072,0.050686948263075036,0.0047036704376757265,0.0004715557536754886,2.212451558626456e-05,8,outer,19,False,False,0.9325592174811546,0.15604688821950283,0.9114140309287337,0.7167596792100513,0.8306755357737627,False,False,False,32768
Bcc1,fno_plain,0.639001594223082,False,11.821083599373857,False,0.027011862624546232,0.00030393824550456965,0.028415229712982566,0.04290112426039046,0.0008074252796415671,0.16182563353598542,False,0.013589828690019923,False,0.026187535669323046,False,23.65633214950561,38893.04414371942,5.69503168443679,0.3167709220750439,32.43338588673894,False,False,1.0000006147843281,1.0000000160675013,0.9999999998003949,0.999999959000319,0.9999999996007897,False,False,False,23.656317605972284,38893.04351880539,5.695031685573547,0.3167709350625512,32.433385899686684,1,inner,19,False,False,0.02701187923101605,0.0003039382503880978,0.028415229707310738,0.04290112250145805,0.0008074252793192346,False,False,False,32768
Bcc1,fno_plain,0.3755870708823204,False,10.319641403289815,False,0.0554280071970225,0.0029900577718374385,0.03935214947503764,0.056501824640084464,0.001548591668305705,0.07077125658715024,False,0.005892468955871948,False,0.005008570758924256,False,6.776124379634856,3451.3183994261854,1.7984089187311807,0.1042881180104689,3.2342746389718546,False,False,1.000000024629567,0.9999999860247247,1.000000004900997,1.0000000473529913,1.000000009801994,False,False,False,6.776124212741851,3451.3184476593106,1.798408909917184,0.10428811307211479,3.2342746072695143,2,inner,19,False,False,0.05542800856219031,0.002990057730050558,0.0393521496679024,0.05650182731561487,0.0015485916834849912,False,False,False,32768
Bcc1,fno_plain,0.26387806020677057,False,1.5234006610274515,False,0.12731469812213167,0.0047172313070381255,0.06751041588391336,0.1185317990101348,0.004557656252818941,0.03746337077032144,False,0.003871668805642303,False,0.001403504149474575,False,2.0726441180706026,322.9438121371179,0.5549272698118329,0.03266354546184914,0.3079442747808148,False,False,0.9999997314024016,1.000000086287395,0.9999999994516662,1.0000000196678245,0.9999999989033326,False,False,False,2.0726446747779845,322.94378427114003,0.5549272701161183,0.03266354481942827,0.3079442751185273,3,middle,19,False,False,0.1273146639257095,0.004717231714075726,0.06751041584689511,0.11853180134139743,0.004557656247820708,False,False,False,32768
Bcc1,fno_plain,0.3901338329911229,False,3.656110167670711,False,0.5786983189659146,0.11308815738781124,0.4104905168592606,0.8079309929249713,0.1685024644313829,0.07327571991371698,False,0.00905463052394464,False,0.0053693311288735,False,0.6741575363278389,32.32973506795125,0.17850770457345316,0.011207183043150692,0.031865000592083234,False,False,1.0000000291764646,1.000000017842474,0.999999994920397,0.9999999924570803,0.9999999898407944,False,False,False,0.674157516658306,32.3297344911088,0.17850770548020142,0.011207183127685575,0.03186500091580633,4,middle,19,False,False,0.5786983358502856,0.11308815940558374,0.41049051477413173,0.8079309868308127,0.1685024627195317,False,False,False,32768
Bcc1,fno_plain,0.285651885420084,False,2.300532601216849,False,0.9130867377860182,0.24548303785643055,0.5629227605812213,1.0033140103639409,0.3168820343803829,0.04369298712324202,False,0.005164894752831453,False,0.001909077123751793,False,0.31284200459718703,9.371452387526276,0.07761808578876565,0.005147834775035132,0.006024567241512185,False,False,1.0000000633500148,0.9999999726862613,0.9999999900007955,0.9999999885618115,0.9999999800015914,False,False,False,0.31284198477864267,9.371452643495685,0.07761808656488477,0.005147834833917037,0.006024567361993945,5,middle,19,False,False,0.9130867956300766,0.245483031151371,0.5629227549524416,1.003313998887846,0.3168820280432465,False,False,False,32768
Bcc1,fno_plain,0.11597142294049263,False,1.0874270435605107,False,0.3547237907898819,0.13205446736198656,0.3738218038430966,0.6203093837396002,0.13974274102850662,0.020678723707087798,False,0.002355613139670972,False,0.00042760961415407495,False,0.32693443730473515,8.234685772346232,0.055317061483570476,0.003797481065770618,0.0030599772911771165,False,False,0.9999999083873464,1.0000000005697827,0.9999999953767555,1.0000000062179477,0.9999999907535112,False,False,False,0.32693446725606923,8.23468576765425,0.05531706173931478,0.0037974810421580797,0.0030599773194711624,6,middle,19,False,False,0.35472375829269415,0.13205446743722893,0.373821802114827,0.6203093875966514,0.13974273973637694,False,False,False,32768
Bcc1,fno_plain,0.08713169328868389,False,0.6546279732077197,False,0.6854092158580332,0.5609978623009122,1.0241967834609846,1.0723937506079386,1.0489790512518269,0.018051084082517082,False,0.0017375493429396419,False,0.00032584163655410153,False,0.1271236091852188,1.1668992293888376,0.01762462485140651,0.0016202531411196937,0.00031062740115281594,False,False,0.9999997649781867,0.9999999998084178,0.9999999992307248,1.000000009743184,0.9999999984614498,False,False,False,0.127123639062047,1.1668992296123948,0.017624624864964696,0.0016202531253332695,0.00031062740163073177,7,outer,19,False,False,0.6854090547719164,0.560997862193435,1.0241967826730956,1.0723937610564682,1.04897904963792,False,False,False,32768
Bcc1,fno_plain,0.09597766865044832,False,1.5043133410014338,False,4.438152120581717,29.678512468843046,3.404366348240493,4.2303569451879595,11.589710233032308,0.01601301741152509,False,0.0019948491879087905,False,0.00025641672662180567,False,0.02162559237331152,0.05068695213685945,0.004703670455384812,0.00047155576083903177,2.212451575285997e-05,False,False,1.0000002583946277,1.0000000764256785,1.0000000037649504,1.0000000151912964,1.000000007529901,False,False,False,0.021625586785376072,0.050686948263075036,0.0047036704376757265,0.0004715557536754886,2.212451558626456e-05,8,outer,19,False,False,4.438153267376382,29.678514737043496,3.4043663610577632,4.2303570094525655,11.589710320301677,False,False,False,32768
Bcc1,fno_full,0.6924206465482712,False,7.399959065690899,False,0.02926999173719084,0.00019026433205758387,0.020448185161203624,0.039885685279628526,0.0004181282763868682,0.11645306238228485,False,0.012634625303622934,False,0.013561315738212329,False,23.65633214950561,38893.04414371942,5.69503168443679,0.3167709220750439,32.43338588673894,False,False,1.0000006147843281,1.0000000160675013,0.9999999998003949,0.999999959000319,0.9999999996007897,False,False,False,23.656317605972284,38893.04351880539,5.695031685573547,0.3167709350625512,32.433385899686684,1,inner,19,False,False,0.029270009731923043,0.0001902643351146563,0.020448185157122063,0.03988568364432815,0.000418128276219947,False,False,False,32768
Bcc1,fno_full,0.14980941824614996,False,1.3817734906623673,False,0.022108422138234527,0.00040036105938301734,0.015735084051934717,0.037690488360347746,0.00024759287012145024,0.02829811549598416,False,0.00393067009799615,False,0.0008007833406240587,False,6.776124379634856,3451.3183994261854,1.7984089187311807,0.1042881180104689,3.2342746389718546,False,False,1.000000024629567,0.9999999860247247,1.000000004900997,1.0000000473529913,1.000000009801994,False,False,False,6.776124212741851,3451.3184476593106,1.798408909917184,0.10428811307211479,3.2342746072695143,2,inner,19,False,False,0.022108422682755393,0.00040036105378786133,0.015735084129052317,0.037690490145105116,0.00024759287254835403,False,False,False,32768
Bcc1,fno_full,0.34368550032377243,False,4.498577648342272,False,0.1658198324195206,0.013929908173723523,0.10307833452184363,0.19740933062466418,0.010625143047797101,0.057200978752957495,False,0.006448088645451926,False,0.003271951970296295,False,2.0726441180706026,322.9438121371179,0.5549272698118329,0.03266354546184914,0.3079442747808148,False,False,0.9999997314024016,1.000000086287395,0.9999999994516662,1.0000000196678245,0.9999999989033326,False,False,False,2.0726446747779845,322.94378427114003,0.5549272701161183,0.03266354481942827,0.3079442751185273,3,middle,19,False,False,0.16581978788071186,0.01392990937569901,0.1030783344653223,0.19740933450727624,0.010625143036144853,False,False,False,32768
Bcc1,fno_full,0.33061251044273376,False,9.77709539747912,False,0.4904083876946512,0.30241804880025885,0.2854157535417615,0.6663617533497534,0.08146215236981155,0.05094891101384229,False,0.007468038142745521,False,0.00259579153349642,False,0.6741575363278389,32.32973506795125,0.17850770457345316,0.011207183043150692,0.031865000592083234,False,False,1.0000000291764646,1.000000017842474,0.999999994920397,0.9999999924570803,0.9999999898407944,False,False,False,0.674157516658306,32.3297344911088,0.17850770548020142,0.011207183127685575,0.03186500091580633,4,middle,19,False,False,0.4904084020030342,0.30241805419614504,0.28541575209196285,0.6663617483234403,0.08146215154222079,False,False,False,32768
Bcc1,fno_full,0.39959943763911726,False,5.1036626516416925,False,1.2773202823375283,0.5445967647912123,0.9169046991998514,1.5725961993767965,0.8407142274147698,0.07116838760261643,False,0.008095465402239954,False,0.005064939393956247,False,0.31284200459718703,9.371452387526276,0.07761808578876565,0.005147834775035132,0.006024567241512185,False,False,1.0000000633500148,0.9999999726862613,0.9999999900007955,0.9999999885618115,0.9999999800015914,False,False,False,0.31284198477864267,9.371452643495685,0.07761808656488477,0.005147834833917037,0.006024567361993945,5,middle,19,False,False,1.277320363255787,0.5445967499162386,0.9169046900315339,1.5725961813891447,0.840714210601823,False,False,False,32768
Bcc1,fno_full,0.22613238140940664,False,2.164364334316658,False,0.6916750137234058,0.2628350849263779,0.7051709581202621,1.0814841192595903,0.4972660801762484,0.03900798524676684,False,0.004106915465819907,False,0.0015216229130119794,False,0.32693443730473515,8.234685772346232,0.055317061483570476,0.003797481065770618,0.0030599772911771165,False,False,0.9999999083873464,1.0000000005697827,0.9999999953767555,1.0000000062179477,0.9999999907535112,False,False,False,0.32693446725606923,8.23468576765425,0.05531706173931478,0.0037974810421580797,0.0030599773194711624,6,middle,19,False,False,0.6916749503572224,0.26283508507613684,0.7051709548600843,1.0814841259842018,0.4972660755782832,False,False,False,32768
Bcc1,fno_full,0.24639428734779356,False,3.21428201502957,False,1.9382260221136236,2.7545497795152776,2.161679082913565,2.855708723228223,4.672856457506029,0.038098782885484045,False,0.004626971028933439,False,0.0014515172573552517,False,0.1271236091852188,1.1668992293888376,0.01762462485140651,0.0016202531411196937,0.00031062740115281594,False,False,0.9999997649781867,0.9999999998084178,0.9999999992307248,1.000000009743184,0.9999999984614498,False,False,False,0.127123639062047,1.1668992296123948,0.017624624864964696,0.0016202531253332695,0.00031062740163073177,7,outer,19,False,False,1.938225566588229,2.754549778987555,2.1616790812506386,2.855708751051919,4.672856450316605,False,False,False,32768
Bcc1,fno_full,0.378426765948534,False,6.334734428197044,False,17.49902427715952,124.97761575982467,11.985637930996631,13.699608453155742,143.6555166129452,0.0563764910249684,False,0.006460129287324687,False,0.003178308740288343,False,0.02162559237331152,0.05068695213685945,0.004703670455384812,0.00047155576083903177,2.212451575285997e-05,False,False,1.0000002583946277,1.0000000764256785,1.0000000037649504,1.0000000151912964,1.000000007529901,False,False,False,0.021625586785376072,0.050686948263075036,0.0047036704376757265,0.0004715557536754886,2.212451558626456e-05,8,outer,19,False,False,17.499028798813384,124.97762531132375,11.985637976121962,13.699608661270553,143.655517694657,False,False,False,32768
Bcc1,localno_plain,0.0716703147627413,False,0.8906817774826923,False,0.003029646113767435,2.2900798769862365e-05,0.0019787079479801073,0.00795052681543477,3.9152851433996475e-06,0.011268804457993616,False,0.0025184957103076343,False,0.00012698595391249677,False,23.65633214950561,38893.04414371942,5.69503168443679,0.3167709220750439,32.43338588673894,False,False,1.0000006147843281,1.0000000160675013,0.9999999998003949,0.999999959000319,0.9999999996007897,False,False,False,23.656317605972284,38893.04351880539,5.695031685573547,0.3167709350625512,32.433385899686684,1,inner,19,False,False,0.0030296479763463856,2.2900799137820978e-05,0.001978707947585147,0.007950526489465705,3.915285141836625e-06,False,False,False,32768
Bcc1,localno_plain,0.17499509818851938,False,8.481679816316282,False,0.025825248827257997,0.0024575187898417143,0.01433850107858757,0.06912736194495384,0.00020559261318065693,0.025786488220968542,False,0.007209162480267743,False,0.0006649429747701493,False,6.776124379634856,3451.3183994261854,1.7984089187311807,0.1042881180104689,3.2342746389718546,False,False,1.000000024629567,0.9999999860247247,1.000000004900997,1.0000000473529913,1.000000009801994,False,False,False,6.776124212741851,3451.3184476593106,1.798408909917184,0.10428811307211479,3.2342746072695143,2,inner,19,False,False,0.02582524946332269,0.002457518755497213,0.014338501148860521,0.0691273652183412,0.0002055926151958745,False,False,False,32768
Bcc1,localno_plain,0.15100641496479483,False,30.166228641219153,False,0.07285689503963891,0.0934101459990537,0.07731964163019578,0.2810102409514458,0.005978326981821905,0.042906777632673886,False,0.00917879078056273,False,0.0018409915668197241,False,2.0726441180706026,322.9438121371179,0.5549272698118329,0.03266354546184914,0.3079442747808148,False,False,0.9999997314024016,1.000000086287395,0.9999999994516662,1.0000000196678245,0.9999999989033326,False,False,False,2.0726446747779845,322.94378427114003,0.5549272701161183,0.03266354481942827,0.3079442751185273,3,middle,19,False,False,0.07285687547045187,0.09341015405917186,0.0773196415877988,0.2810102464783059,0.0059783269752656685,False,False,False,32768
Bcc1,localno_plain,0.09897296890616417,False,3.775768637332415,False,0.14680985314689737,0.1167893466926479,0.08908826123255777,0.47239103040567804,0.007936718289440455,0.01590294101706404,False,0.005294172745698998,False,0.0002529035329922179,False,0.6741575363278389,32.32973506795125,0.17850770457345316,0.011207183043150692,0.031865000592083234,False,False,1.0000000291764646,1.000000017842474,0.999999994920397,0.9999999924570803,0.9999999898407944,False,False,False,0.674157516658306,32.3297344911088,0.17850770548020142,0.011207183127685575,0.03186500091580633,4,middle,19,False,False,0.14680985743028985,0.11678934877645879,0.08908826078002477,0.4723910268424704,0.007936718208809701,False,False,False,32768
Bcc1,localno_plain,0.3306800546497105,False,75.49342557449812,False,1.0570193573445856,8.055680427399114,0.8210106040234562,3.0649711660331564,0.6740584119189604,0.06372527149657893,False,0.01577796515298546,False,0.004060910227312696,False,0.31284200459718703,9.371452387526276,0.07761808578876565,0.005147834775035132,0.006024567241512185,False,False,1.0000000633500148,0.9999999726862613,0.9999999900007955,0.9999999885618115,0.9999999800015914,False,False,False,0.31284198477864267,9.371452643495685,0.07761808656488477,0.005147834833917037,0.006024567361993945,5,middle,19,False,False,1.0570194243067774,8.055680207368363,0.8210105958140034,3.064971130975438,0.6740583984388648,False,False,False,32768
Bcc1,localno_plain,0.14464588377624749,False,13.996252903997643,False,0.4424308585192671,1.6996705510002503,0.5069985093327833,1.8599831337233577,0.25704748846566444,0.028045667712840158,False,0.00706325073296715,False,0.0007865594774590449,False,0.32693443730473515,8.234685772346232,0.055317061483570476,0.003797481065770618,0.0030599772911771165,False,False,0.9999999083873464,1.0000000005697827,0.9999999953767555,1.0000000062179477,0.9999999907535112,False,False,False,0.32693446725606923,8.23468576765425,0.05531706173931478,0.0037974810421580797,0.0030599773194711624,6,middle,19,False,False,0.4424308179870022,1.6996705519686934,0.5069985069888053,1.8599831452886353,0.2570474860888777,False,False,False,32768
Bcc1,localno_plain,0.7877851131185887,False,724.7842645806662,False,6.197000841683055,621.1198416509978,10.914036705429044,18.025931411823333,119.11619720745246,0.19235580254766757,False,0.029206571991614912,False,0.03700075477375727,False,0.1271236091852188,1.1668992293888376,0.01762462485140651,0.0016202531411196937,0.00031062740115281594,False,False,0.9999997649781867,0.9999999998084178,0.9999999992307248,1.000000009743184,0.9999999984614498,False,False,False,0.127123639062047,1.1668992296123948,0.017624624864964696,0.0016202531253332695,0.00031062740163073177,7,outer,19,False,False,6.1969993852526795,621.1198415320023,10.914036697033147,18.0259315874533,119.11619702418622,False,False,False,32768
Bcc1,localno_plain,0.028970189001411198,False,0.23316808277053375,False,1.3396252228060934,4.6001598624624025,1.14562893418796,1.9432500541122268,1.3124656548486409,0.005388660970573899,False,0.0009163507577673808,False,2.903766705578643e-05,False,0.02162559237331152,0.05068695213685945,0.004703670455384812,0.00047155576083903177,2.212451575285997e-05,False,False,1.0000002583946277,1.0000000764256785,1.0000000037649504,1.0000000151912964,1.000000007529901,False,False,False,0.021625586785376072,0.050686948263075036,0.0047036704376757265,0.0004715557536754886,2.212451558626456e-05,8,outer,19,False,False,1.339625568958054,4.600160214032742,1.1456289385011962,1.9432500836327142,1.3124656647313773,False,False,False,32768
Bcc2,persistence,0.13481904193758965,False,3.444033518644556,False,1.0,2.364366462311113,0.8609990366614407,1.568834303320472,0.7413193411319291,0.042859209275949973,False,0.0043605975982806645,False,0.0018369118197596765,False,0.13481904193758965,1.4566411652101061,0.04977846368114223,0.00277951443887437,0.002477895446454796,False,False,0.05573464093441952,0.0014607741592173487,0.09651869885667591,0.03897477638781087,0.009315859228985693,False,False,False,2.418945195972918,997.1706824212602,0.5157390668419605,0.07131572510429197,0.2659867850670161,1,inner,19,False,False,0.05573464093441952,0.003453805431064213,0.08310250673541365,0.06114496616144245,0.006906026625709474,False,False,False,32768
Bcc2,persistence,0.075022772916127,False,0.1703300091161281,False,0.556470153161721,0.1211974366535477,0.9425126780448018,0.43570466558581766,0.8883301482751843,0.02675873638115763,False,0.0014020710515780964,False,0.0007160299727162891,False,0.13481904193758965,1.4053928351886658,0.02839085033494443,0.0032179390360508784,0.0008060403827412142,False,False,0.832113242238368,0.7085038445148271,0.9398525658969722,0.8985499238172125,0.8833228456231225,False,False,False,0.16202006541192532,1.983606505552638,0.03020777020260502,0.0035812579254143784,0.0009125093806133919,2,inner,19,False,False,0.4630461833562809,0.08586884981438077,0.8858229588508338,0.3915023940689405,0.784682314427246,False,False,False,32768
Bcc2,persistence,0.07614955334254774,False,0.8886163332217055,False,4.435622569455521,24.63502855472921,5.2036170351017565,4.527968517128044,27.0776302480012,0.021778071138634007,False,0.002218236028673499,False,0.0004742843825194035,False,0.017167726097104603,0.03607125241391762,0.004185179461080025,0.0004898965220898798,1.7515727121446086e-05,False,False,1.0000003974378833,1.0000000614169284,1.000000019882899,1.0000000457523237,1.0000000397657989,False,False,False,0.017167719274002593,0.03607125019853223,0.004185179377866525,0.0004898964996759766,1.751572642491923e-05,3,middle,19,False,False,4.435624332339967,24.635030067736995,5.203617138564749,4.5279687242931255,27.0776313247648,False,False,False,32768
Bcc2,persistence,0.007504119373297726,False,0.009473027905978995,False,1.420229093054796,2.224765470690323,1.3868101294444977,1.1066525434226764,1.9232423351298644,0.0018303743405192305,False,0.00022760432227029214,False,3.350270226431208e-06,False,0.005283738665821147,0.004257989451373321,0.0013198449460795382,0.0002056691810117321,1.7419906816916994e-06,False,False,0.9999999945055816,0.999999960234217,0.9999999963324903,0.999999997491911,0.9999999926649807,False,False,False,0.005283738694852218,0.004257989620695612,0.0013198449509200824,0.0002056691815275687,1.7419906944692346e-06,4,middle,19,False,False,1.4202290852514634,2.224765382220782,1.3868101243583582,1.1066525406470933,1.9232423210228449,False,False,False,32768
Bcc2,persistence,0.0013640916466010821,False,0.00014293678401747548,False,0.6752964683494326,0.2649218487364446,0.5010146545374321,0.33540912111549837,0.25101568406126235,0.0003100347653178235,False,3.053324406166872e-05,False,9.612155570567787e-08,False,0.0020199893091921695,0.0005395432075505219,0.0006188137662441568,9.10328376286302e-05,3.8293047729327805e-07,False,False,0.9999998559208896,1.000000013237997,0.9999999982137722,1.0000000069901784,0.9999999964275443,False,False,False,0.002019989600230474,0.0005395432004080507,0.0006188137673494992,9.103283699229442e-05,3.829304786612802e-07,5,middle,19,False,False,0.6752963710533182,0.2649218522434792,0.5010146536425057,0.33540912346006796,0.25101568316451994,False,False,False,32768
Bcc2,persistence,0.0004404283936310094,False,1.4773301094108424e-05,False,0.35107576706127314,0.08859043919777752,0.3834332911821364,0.18594750325252768,0.14702108878676506,0.0001076798205518494,False,9.118671697614213e-06,False,1.159494375407849e-08,False,0.0012545109487837182,0.00016675954231502494,0.0002808306504108427,4.9038957437522135e-05,7.886585421017692e-08,False,False,1.0000000074237902,0.9999999836055858,0.9999999979945396,1.0000000054538887,0.9999999959890793,False,False,False,0.0012545109394704922,0.00016675954504894998,0.0002808306509740374,4.903895717006912e-05,7.886585452650161e-08,6,middle,19,False,False,0.35107576966758597,0.08859043774538918,0.3834332904131762,0.18594750426666465,0.14702108819707513,False,False,False,32768
Bcc2,persistence,0.0002030903269769624,False,6.781269766776067e-07,False,0.7853326075148556,0.22585217782512781,0.7705151700870908,0.4849716250830531,0.5936936273343383,4.287639981846965e-05,False,4.036332872209e-06,False,1.8383856613932637e-09,False,0.0002586042207258288,3.0025257370007074e-06,5.564640578539597e-05,8.322822745594165e-06,3.0965224768329503e-09,False,False,1.00000019751121,0.9999998431768992,0.9999999653842954,0.9999999026574499,0.9999999307685921,False,False,False,0.0002586041696486063,3.0025262078661775e-06,5.564640771163558e-05,8.322823555759034e-06,3.096522691209576e-09,7,outer,19,False,False,0.7853327626268493,0.22585214240628895,0.7705151434151652,0.4849715778746784,0.5936935862320926,False,False,False,32768
Bcc2,persistence,5.656230860040523e-05,False,2.809038228452023e-07,False,0.8266255650510951,0.8213652301747624,0.869701015731224,0.6102754199511198,0.7563798567639228,1.2868283447193274e-05,False,1.0536439095332662e-06,False,1.6559271887730843e-10,False,6.842554959803236e-05,3.4199624299342967e-07,1.4796215267581269e-05,1.726505566318988e-06,2.1892798624460504e-10,False,False,1.0000009293594136,1.0000017279384605,1.0000001593454946,1.0000001735405497,1.0000003186910142,False,False,False,6.842548600616281e-05,3.4199565204598915e-07,1.4796212909871406e-05,1.726505266700315e-06,2.189279164742453e-10,8,outer,19,False,False,0.8266263332833454,0.8213666494433338,0.8697011543141624,0.6102755258586516,0.7563800978153865,False,False,False,32768
Bcc2,fno_plain,0.07643420424152282,False,0.9789169282520203,False,0.5669392330862706,0.6720371163688904,0.36100834891586264,0.7846687490844929,0.13032702798695722,0.01797044098509739,False,0.002180998117813838,False,0.00032293674919886805,False,0.13481904193758965,1.4566411652101061,0.04977846368114223,0.00277951443887437,0.002477895446454796,False,False,0.05573464093441952,0.0014607741592173487,0.09651869885667591,0.03897477638781087,0.009315859228985693,False,False,False,2.418945195972918,997.1706824212602,0.5157390668419605,0.07131572510429197,0.2659867850670161,1,inner,19,False,False,0.03159815458769847,0.0009816944536266174,0.03484405611375593,0.03058228903407139,0.001214108246458572,False,False,False,32768
Bcc2,fno_plain,0.07496845689718612,False,2.3529989935326054,False,0.5560672722469758,1.6742642588018666,1.0247279464716108,1.4804728322006944,1.0500673642799243,0.029092897762310447,False,0.004764071318551416,False,0.0008463967002082483,False,0.13481904193758965,1.4053928351886658,0.02839085033494443,0.0032179390360508784,0.0008060403827412142,False,False,0.832113242238368,0.7085038445148271,0.9398525658969722,0.8985499238172125,0.8833228456231225,False,False,False,0.16202006541192532,1.983606505552638,0.03020777020260502,0.0035812579254143784,0.0009125093806133919,2,inner,19,False,False,0.46271094081207637,1.18622266409489,0.9630931898376786,1.3302787505873868,0.9275484923117148,False,False,False,32768
Bcc2,fno_plain,0.07687537040299502,False,1.570894801630031,False,4.477900565757531,43.549771535626576,5.437189117872849,6.877474173500711,29.563025503514933,0.022755612222129264,False,0.003369250678360969,False,0.0005178178876039188,False,0.017167726097104603,0.03607125241391762,0.004185179461080025,0.0004898965220898798,1.7515727121446086e-05,False,False,1.0000003974378833,1.0000000614169284,1.000000019882899,1.0000000457523237,1.0000000397657989,False,False,False,0.017167719274002593,0.03607125019853223,0.004185179377866525,0.0004898964996759766,1.751572642491923e-05,3,middle,19,False,False,4.477902345444853,43.549774210319775,5.437189225979932,6.877474488161136,29.56302667911226,False,False,False,32768
Bcc2,fno_plain,0.0037362933531403545,False,0.001992804449641006,False,0.7071306113811547,0.46801535616728007,0.7187883442901525,0.6575203894387501,0.5166566838873786,0.0009486891635122368,False,0.00013523167999438288,False,9.000111289655476e-07,False,0.005283738665821147,0.004257989451373321,0.0013198449460795382,0.0002056691810117321,1.7419906816916994e-06,False,False,0.9999999945055816,0.999999960234217,0.9999999963324903,0.999999997491911,0.9999999926649807,False,False,False,0.005283738694852218,0.004257989620695612,0.0013198449509200824,0.0002056691815275687,1.7419906944692346e-06,4,middle,19,False,False,0.7071306074958833,0.46801533755628294,0.7187883416539892,0.6575203877896305,0.516656680097692,False,False,False,32768
Bcc2,fno_plain,0.0021679777480312626,False,0.0003000626516478005,False,1.0732619911232482,0.5561420243061871,0.6231860758466878,0.5851249882577015,0.3883608851291937,0.00038563612266560567,False,5.326558804851749e-05,False,1.4871521910456208e-07,False,0.0020199893091921695,0.0005395432075505219,0.0006188137662441568,9.10328376286302e-05,3.8293047729327805e-07,False,False,0.9999998559208896,1.000000013237997,0.9999999982137722,1.0000000069901784,0.9999999964275443,False,False,False,0.002019989600230474,0.0005395432004080507,0.0006188137673494992,9.103283699229442e-05,3.829304786612802e-07,5,middle,19,False,False,1.0732618364886153,0.5561420316683935,0.6231860747335355,0.5851249923478296,0.3883608837417917,False,False,False,32768
Bcc2,fno_plain,0.0009419978447840549,False,4.1657702074908536e-05,False,0.7508885001739897,0.24980700652327947,0.546240678514499,0.4413369285160393,0.29837887886398023,0.00015340112502808676,False,2.16427028531048e-05,False,2.3531905159882705e-08,False,0.0012545109487837182,0.00016675954231502494,0.0002808306504108427,4.9038957437522135e-05,7.886585421017692e-08,False,False,1.0000000074237902,0.9999999836055858,0.9999999979945396,1.0000000054538887,0.9999999959890793,False,False,False,0.0012545109394704922,0.00016675954504894998,0.0002808306509740374,4.903895717006912e-05,7.886585452650161e-08,6,middle,19,False,False,0.7508885057484282,0.24980700242783996,0.5462406774190349,0.4413369309230417,0.2983788776672062,False,False,False,32768
Bcc2,fno_plain,0.0016613932975451454,False,0.00021390704976724617,False,6.424463192758745,71.24237009236194,4.644713193056779,4.416595608658368,21.5733606457557,0.0002584615950976197,False,3.675854238983317e-05,False,6.680239614040593e-08,False,0.0002586042207258288,3.0025257370007074e-06,5.564640578539597e-05,8.322822745594165e-06,3.0965224768329503e-09,False,False,1.00000019751121,0.9999998431768992,0.9999999653842954,0.9999999026574499,0.9999999307685921,False,False,False,0.0002586041696486063,3.0025262078661775e-06,5.564640771163558e-05,8.322823555759034e-06,3.096522691209576e-09,7,outer,19,False,False,6.424464461662245,71.24235891991255,4.6447130322767585,4.4165951787356885,21.573359152201565,False,False,False,32768
Bcc2,fno_plain,0.0006116290045611094,False,5.5472568667812154e-05,False,8.938605654673431,162.20227503750056,6.876103541923281,9.338432896110083,47.280799919249894,0.0001017403082084749,False,1.6122856375830407e-05,False,1.0351090314355463e-08,False,6.842554959803236e-05,3.4199624299342967e-07,1.4796215267581269e-05,1.726505566318988e-06,2.1892798624460504e-10,False,False,1.0000009293594136,1.0000017279384605,1.0000001593454946,1.0000001735405497,1.0000003186910142,False,False,False,6.842548600616281e-05,3.4199565204598915e-07,1.4796212909871406e-05,1.726505266700315e-06,2.189279164742453e-10,8,outer,19,False,False,8.938613961850741,162.20255531305,6.876104637599401,9.338434516706862,47.280814987215976,False,False,False,32768
Bcc2,fno_full,0.004668121629802045,False,0.0019762801591660813,False,0.034625091253526405,0.0013567378201075502,0.021615513567934744,0.06679152841650574,0.000467230426805571,0.0010759870570906766,False,0.00018564801762816546,False,1.157748147026655e-06,False,0.13481904193758965,1.4566411652101061,0.04977846368114223,0.00277951443887437,0.002477895446454796,False,False,0.05573464093441952,0.0014607741592173487,0.09651869885667591,0.03897477638781087,0.009315859228985693,False,False,False,2.418945195972918,997.1706824212602,0.5157390668419605,0.07131572510429197,0.2659867850670161,1,inner,19,False,False,0.0019298170283368042,1.981887548445985e-06,0.0020863012446958856,0.0026031848846334265,4.352652883619602e-06,False,False,False,32768
Bcc2,fno_full,0.042892503304756247,False,0.18622812856482032,False,0.31814870279683505,0.1325096612861416,0.2704952097788942,0.19943367702020395,0.07316765851332797,0.007679589017151982,False,0.0006417654143864774,False,5.897608747236134e-05,False,0.13481904193758965,1.4053928351886658,0.02839085033494443,0.0032179390360508784,0.0008060403827412142,False,False,0.832113242238368,0.7085038445148271,0.9398525658969722,0.8985499238172125,0.8833228456231225,False,False,False,0.16202006541192532,1.983606505552638,0.03020777020260502,0.0035812579254143784,0.0009125093806133919,2,inner,19,False,False,0.26473574859820537,0.09388360445658887,0.25422561697353346,0.17920111529309085,0.06463066432557374,False,False,False,32768
Bcc2,fno_full,0.05142891762079671,False,0.2573886951712819,False,2.9956744026496542,7.1355630300203226,1.8940245520110053,1.2649997990765471,3.587329003620489,0.007926832653857754,False,0.0006197190020119971,False,6.283467592226556e-05,False,0.017167726097104603,0.03607125241391762,0.004185179461080025,0.0004898965220898798,1.7515727121446086e-05,False,False,1.0000003974378833,1.0000000614169284,1.000000019882899,1.0000000457523237,1.0000000397657989,False,False,False,0.017167719274002593,0.03607125019853223,0.004185179377866525,0.0004898964996759766,1.751572642491923e-05,3,middle,19,False,False,2.995675593244148,7.135563468264686,1.8940245896697046,1.2649998569532273,3.5873291462734924,False,False,False,32768
Bcc2,fno_full,0.0027719751309632553,False,0.0006954903680297381,False,0.5246238139850283,0.163337738614036,0.5451192647169257,0.6157714602991541,0.2971550127655217,0.0007194729065472283,False,0.00012664521193012532,False,5.176412632555168e-07,False,0.005283738665821147,0.004257989451373321,0.0013198449460795382,0.0002056691810117321,1.7419906816916994e-06,False,False,0.9999999945055816,0.999999960234217,0.9999999963324903,0.999999997491911,0.9999999926649807,False,False,False,0.005283738694852218,0.004257989620695612,0.0013198449509200824,0.0002056691815275687,1.7419906944692346e-06,4,middle,19,False,False,0.5246238111025257,0.16333773211878294,0.5451192627176955,0.6157714587547445,0.297155010585884,False,False,False,32768
Bcc2,fno_full,0.004543183595087612,False,0.0006064110001583502,False,2.249112693029308,1.1239340828909739,1.3746451545723566,1.5650584404344217,1.8896493009892577,0.0008506493453502011,False,0.00014247171088738392,False,7.236043087447257e-07,False,0.0020199893091921695,0.0005395432075505219,0.0006188137662441568,9.10328376286302e-05,3.8293047729327805e-07,False,False,0.9999998559208896,1.000000013237997,0.9999999982137722,1.0000000069901784,0.9999999964275443,False,False,False,0.002019989600230474,0.0005395432004080507,0.0006188137673494992,9.103283699229442e-05,3.829304786612802e-07,5,middle,19,False,False,2.2491123689791523,1.1239340977696097,1.3746451521169272,1.5650584513744596,1.8896492942385694,False,False,False,32768
Bcc2,fno_full,0.010206532962620259,False,0.006227704422306324,False,8.135865990261594,37.34541565568456,6.169328486452818,3.985628252232953,38.06061397375822,0.0017325365314486843,False,0.00019545105422303751,False,3.0016828328042383e-06,False,0.0012545109487837182,0.00016675954231502494,0.0002808306504108427,4.9038957437522135e-05,7.886585421017692e-08,False,False,1.0000000074237902,0.9999999836055858,0.9999999979945396,1.0000000054538887,0.9999999959890793,False,False,False,0.0012545109394704922,0.00016675954504894998,0.0002808306509740374,4.903895717006912e-05,7.886585452650161e-08,6,middle,19,False,False,8.135866050660557,37.34541504342835,6.169328474080474,3.9856282739701254,38.06061382110011,False,False,False,32768
Bcc2,fno_full,0.008898004651564406,False,0.006282479829897765,False,34.407809070517985,2092.3983273407275,32.27165837771682,32.674571445114275,1041.45993444806,0.0017958017974541035,False,0.00027194466642593867,False,3.2249040957393886e-06,False,0.0002586042207258288,3.0025257370007074e-06,5.564640578539597e-05,8.322822745594165e-06,3.0965224768329503e-09,False,False,1.00000019751121,0.9999998431768992,0.9999999653842954,0.9999999026574499,0.9999999307685921,False,False,False,0.0002586041696486063,3.0025262078661775e-06,5.564640771163558e-05,8.322823555759034e-06,3.096522691209576e-09,7,outer,19,False,False,34.407815866445986,2092.3979992043337,32.271657260610624,32.674568264488165,1041.4598623463223,False,False,False,32768
Bcc2,fno_full,0.003941865627130028,False,0.0019316321027367856,False,57.608095956650956,5648.109130759941,57.41538772776208,78.61190799919696,3296.5267479292534,0.0008495304364916116,False,0.00013572389673956973,False,7.217019625256281e-07,False,6.842554959803236e-05,3.4199624299342967e-07,1.4796215267581269e-05,1.726505566318988e-06,2.1892798624460504e-10,False,False,1.0000009293594136,1.0000017279384605,1.0000001593454946,1.0000001735405497,1.0000003186910142,False,False,False,6.842548600616281e-05,3.4199565204598915e-07,1.4796212909871406e-05,1.726505266700315e-06,2.189279164742453e-10,8,outer,19,False,False,57.60814949527723,5648.118890344937,57.41539687664543,78.61192164155068,3296.527798502706,False,False,False,32768
Bcc2,localno_plain,0.00327966073542484,False,0.003298211827432872,False,0.02432639105196326,0.002264258285572437,0.01289138041741792,0.053076132724832185,0.00016618768906658622,0.0006417131119082261,False,0.0001475258772682835,False,4.1179571799493945e-07,False,0.13481904193758965,1.4566411652101061,0.04977846368114223,0.00277951443887437,0.002477895446454796,False,False,0.05573464093441952,0.0014607741592173487,0.09651869885667591,0.03897477638781087,0.009315859228985693,False,False,False,2.418945195972918,997.1706824212602,0.5157390668419605,0.07131572510429197,0.2659867850670161,1,inner,19,False,False,0.0013558226705114482,3.307569993357992e-06,0.0012442592643556092,0.0020686304044801053,1.5481811169347618e-06,False,False,False,32768
Bcc2,localno_plain,0.07618020415102364,False,3.49461250524448,False,0.5650552255540351,2.486573446046741,0.7432959588644112,1.3814488186283485,0.5524888824641645,0.02110280432268851,False,0.004445418079770533,False,0.0004453283502816809,False,0.13481904193758965,1.4053928351886658,0.02839085033494443,0.0032179390360508784,0.0008060403827412142,False,False,0.832113242238368,0.7085038445148271,0.9398525658969722,0.8985499238172125,0.8833228456231225,False,False,False,0.16202006541192532,1.983606505552638,0.03020777020260502,0.0035812579254143784,0.0009125093806133919,2,inner,19,False,False,0.4701899357795005,1.761746846192598,0.6985886141595672,1.2413007307358808,0.4880260518333846,False,False,False,32768
Bcc2,localno_plain,0.07546676090918482,False,6.9811969499328255,False,4.395850707445324,193.53907842798444,6.692671105095889,17.075692714858345,44.79184652098542,0.028010029648811066,False,0.0083653224732846,False,0.0007845617609272749,False,0.017167726097104603,0.03607125241391762,0.004185179461080025,0.0004898965220898798,1.7515727121446086e-05,False,False,1.0000003974378833,1.0000000614169284,1.000000019882899,1.0000000457523237,1.0000000397657989,False,False,False,0.017167719274002593,0.03607125019853223,0.004185179377866525,0.0004898964996759766,1.751572642491923e-05,3,middle,19,False,False,4.395852454522925,193.53909031456016,6.692671238165594,17.075693496110965,44.79184830216899,False,False,False,32768
Bcc2,localno_plain,0.014521939994956483,False,0.27480314675279993,False,2.7484213193385907,64.53824038107192,3.26364302197853,4.655093183199595,10.651365774909152,0.004307502748366114,False,0.0009574092025219576,False,1.855457992718163e-05,False,0.005283738665821147,0.004257989451373321,0.0013198449460795382,0.0002056691810117321,1.7419906816916994e-06,False,False,0.9999999945055816,0.999999960234217,0.9999999963324903,0.999999997491911,0.9999999926649807,False,False,False,0.005283738694852218,0.004257989620695612,0.0013198449509200824,0.0002056691815275687,1.7419906944692346e-06,4,middle,19,False,False,2.748421304237614,64.53823781465826,3.2636430100090874,4.655093171524207,10.65136569678118,False,False,False,32768
Bcc2,localno_plain,0.0022415254014777016,False,0.0020046340822098426,False,1.1096719132509312,3.7154282625680763,0.7575804989714571,1.7438795450580031,0.5739282124218418,0.00046880124180165495,False,0.0001587503034691547,False,2.1977460431477374e-07,False,0.0020199893091921695,0.0005395432075505219,0.0006188137662441568,9.10328376286302e-05,3.8293047729327805e-07,False,False,0.9999998559208896,1.000000013237997,0.9999999982137722,1.0000000069901784,0.9999999964275443,False,False,False,0.002019989600230474,0.0005395432004080507,0.0006188137673494992,9.103283699229442e-05,3.829304786612802e-07,5,middle,19,False,False,1.1096717533703893,3.715428311752904,0.7575804976182458,1.7438795572480326,0.5739282103715087,False,False,False,32768
Bcc2,localno_plain,0.0027746371933608316,False,0.003492164624888772,False,2.2117281607234407,20.941318118346324,1.8173420519550703,4.386547783145203,3.302732133804266,0.0005103653504695178,False,0.0002151117300353147,False,2.604727909598738e-07,False,0.0012545109487837182,0.00016675954231502494,0.0002808306504108427,4.9038957437522135e-05,7.886585421017692e-08,False,False,1.0000000074237902,0.9999999836055858,0.9999999979945396,1.0000000054538887,0.9999999959890793,False,False,False,0.0012545109394704922,0.00016675954504894998,0.0002808306509740374,4.903895717006912e-05,7.886585452650161e-08,6,middle,19,False,False,2.2117281771428465,20.94131777502568,1.8173420483104628,4.386547807068947,3.3027321205572693,False,False,False,32768
Bcc2,localno_plain,0.005780470555764614,False,0.031664187783385415,False,22.35257622455067,10545.850579457649,23.757009634620854,52.75717224771613,564.3955067794681,0.0013219921983756737,False,0.000439088593176521,False,1.7476633725661466e-06,False,0.0002586042207258288,3.0025257370007074e-06,5.564640578539597e-05,8.322822745594165e-06,3.0965224768329503e-09,False,False,1.00000019751121,0.9999998431768992,0.9999999653842954,0.9999999026574499,0.9999999307685921,False,False,False,0.0002586041696486063,3.0025262078661775e-06,5.564640771163558e-05,8.322823555759034e-06,3.096522691209576e-09,7,outer,19,False,False,22.352580639435047,10545.848925624661,23.757008812255226,52.75716711219844,564.3954677055724,False,False,False,32768
Bcc2,localno_plain,0.001594967797063873,False,0.0006269086921186169,False,23.309535786465027,1833.0864884111047,26.00664457836929,43.069189425532336,676.3455622256247,0.0003847999115690273,False,7.435919528002847e-05,False,1.4807097194353123e-07,False,6.842554959803236e-05,3.4199624299342967e-07,1.4796215267581269e-05,1.726505566318988e-06,2.1892798624460504e-10,False,False,1.0000009293594136,1.0000017279384605,1.0000001593454946,1.0000001735405497,1.0000003186910142,False,False,False,6.842548600616281e-05,3.4199565204598915e-07,1.4796212909871406e-05,1.726505266700315e-06,2.189279164742453e-10,8,outer,19,False,False,23.309557449401538,1833.0896558717498,26.00664872241093,43.069196899783144,676.3457777708779,False,False,False,32768
Bcc3,persistence,0.010797557421028614,False,0.0503971823393108,False,1.0,2.6566200471246706,0.9979545415143032,4.0417395913001855,0.9959132669290232,0.005387735732788486,False,0.00023090431385136762,False,2.902769632636589e-05,False,0.010797557421028614,0.01897041407703634,0.005398778710514307,5.7129933444595844e-05,2.9146811565102524e-05,False,False,0.0002084694333158499,1.0449223612986138e-07,0.0005742101236936617,6.37818647019201e-05,3.297172661522902e-07,False,False,False,51.79443935394282,181548.55116183174,9.402096005876986,0.8957081093754226,88.39940930372799,1,inner,19,False,False,0.0002084694333158499,2.7759616927147456e-07,0.0005730356007235796,0.00025778968777270226,3.283697996966336e-07,False,False,False,32768
Bcc3,persistence,0.010797557421028614,False,0.04968162389506616,False,1.0,2.618900340989694,0.9866599834759743,5.900090727451553,0.9734979229928097,0.005326758913306488,False,0.0003370717905763843,False,2.8374360520490112e-05,False,0.010797557421028614,0.01897041407703634,0.005398778710514307,5.7129933444595844e-05,2.9146811565102524e-05,False,False,0.0021797938733613353,1.1942923458458832e-05,0.004658019003520975,0.0006163428173913086,2.169714103716254e-05,False,False,False,4.953476359844208,1588.4229806061544,1.1590289147453874,0.09269181343979992,1.3433480252158707,2,inner,19,False,False,0.0021797938733613353,3.127732631777165e-05,0.0045958809530447795,0.0036364785418218255,2.112212173455979e-05,False,False,False,32768
Bcc3,persistence,0.010797557421028614,False,0.03339779571917259,False,1.0,1.760520122731563,0.910761533620946,8.081824952754053,0.8294865711235777,0.004916999978068124,False,0.000461714121661713,False,2.417688878432193e-05,False,0.010797557421028614,0.01897041407703634,0.005398778710514307,5.7129933444595844e-05,2.9146811565102524e-05,False,False,0.012319825145922975,0.00041583583005839987,0.024988981235247246,0.003607378511540655,0.0006244491831755389,False,False,False,0.876437554359436,45.619960344379514,0.21604637098607557,0.01583696672301697,0.046676034416252996,3,middle,19,False,False,0.012319825145922975,0.0007320873465705955,0.02275900287343882,0.02915420166859804,0.0005179722117931966,False,False,False,32768
Bcc3,persistence,0.010797557421028614,False,0.013557726929751617,False,1.0,0.8885500906711169,0.7174999296553118,4.621498329858871,0.5148061490553774,0.003858169881007193,False,0.00027744657067974195,False,1.4885474830711057e-05,False,0.010797557421028614,0.015258258450586102,0.005377240779466925,6.003390045327886e-05,2.8914718400362068e-05,False,False,0.05503299684939749,0.00925194126261674,0.10705013141939601,0.018086727731203237,0.01145973063690996,False,False,False,0.19620151616632936,1.6491953437100169,0.05023105257479995,0.0033192239826615143,0.0025231586427723164,4,middle,19,False,False,0.05503299684939749,0.008220813247781952,0.07680846176300853,0.08358778200236788,0.005899539798399543,False,False,False,32768
Bcc3,persistence,0.010797557421028614,False,0.011189709145907369,False,1.0,1.0345969661807697,0.5197381015756287,1.5652128548389979,0.2701276942294385,0.0025828183902915462,False,0.00017504176034496434,False,6.670950837228213e-06,False,0.010797557421028614,0.010815524800168659,0.00496946131611579,0.00011183255989995662,2.4695545772371286e-05,False,False,0.1349053787706859,0.015578758686520332,0.25245588562233157,0.11126614125502876,0.06373397418535577,False,False,False,0.0800380052998662,0.6942481758528614,0.01968447399776607,0.0010050906649456783,0.00038747851656872846,5,middle,19,False,False,0.1349053787706859,0.016117736473936245,0.13121094272494466,0.17415519460070275,0.01721631149076871,False,False,False,32768
Bcc3,persistence,0.008225936957169324,False,0.005525215172021204,False,0.7618331291435441,0.44443114500120656,0.3267351473967031,0.5725902294341569,0.1067558565443453,0.001149646941381253,False,8.589468492160115e-05,False,1.3216880898272698e-06,False,0.010797557421028614,0.012432106152250431,0.0035185897524070693,0.00015001074154982297,1.2380473845744042e-05,False,False,0.13284611525360301,0.01975783886606115,0.2633170553339829,0.20236180116995928,0.06933587162975982,False,False,False,0.0812786839902401,0.6292239873261427,0.0133625592460929,0.0007412996953107381,0.00017855798960534285,6,middle,19,False,False,0.10120657167821627,0.008780998949992899,0.08603493688661473,0.11587039016061623,0.0074020103650837814,False,False,False,32768
Bcc3,persistence,0.0021685082325711845,False,0.0005593956006779477,False,0.2008332207011875,0.05635520087371708,0.16645700860729043,0.24911270446171624,0.027707935714487562,0.0003230164400193819,False,2.817241801786488e-05,False,1.0433962052279495e-07,False,0.010797557421028614,0.009926246238239183,0.0019405397388910816,0.00011309105281779971,3.7656944782154673e-06,False,False,0.4021121276376317,0.21040697460726077,0.5646850663080905,0.4854472746638047,0.3188692241113725,False,False,False,0.02685210586525499,0.04717641255365803,0.0034364991296446453,0.0002329625867116478,1.1809526268048405e-05,7,outer,19,False,False,0.08075747367647257,0.011857527319223269,0.09399578694285418,0.12093108346506998,0.008835207963006436,False,False,False,32768
Bcc3,persistence,0.0004546673709410243,False,4.323275789966667e-05,False,0.10851289760669103,0.015685424283177853,0.13671015077452497,0.17599854189729755,0.018689665324793357,7.047504247486989e-05,False,7.484579649705961e-06,False,4.966731611834715e-09,False,0.004189984609838573,0.0027562377095551385,0.0005155070203316785,4.25263730541218e-05,2.657474880112456e-07,False,False,0.9999999077565028,1.0000000886697495,1.000000015167808,1.0000002479187056,1.0000000303356158,False,False,False,0.004189984996337442,0.0027562374651602527,0.0005155070125125672,4.2526362511041055e-05,2.657474799496321e-07,8,outer,19,False,False,0.10851288759708186,0.015685425674000494,0.1367101528481183,0.17599858553062822,0.018689665891755865,False,False,False,32768
Bcc3,fno_plain,0.010797557421028614,False,0.01063416948410957,False,1.0,0.5605660182706406,0.7007298272136967,5.589807053566755,0.49102229074693715,0.0037830852729836746,False,0.0003193453049384011,False,1.4311734182665962e-05,False,0.010797557421028614,0.01897041407703634,0.005398778710514307,5.7129933444595844e-05,2.9146811565102524e-05,False,False,0.0002084694333158499,1.0449223612986138e-07,0.0005742101236936617,6.37818647019201e-05,3.297172661522902e-07,False,False,False,51.79443935394282,181548.55116183174,9.402096005876986,0.8957081093754226,88.39940930372799,1,inner,19,False,False,0.0002084694333158499,5.8574796747511964e-08,0.00040236616076021496,0.00035652831720043334,1.618985273249151e-07,False,False,False,32768
Bcc3,fno_plain,0.010797557421028614,False,0.013147606680748977,False,1.0,0.6930584976879411,0.6568772780814117,6.822578752435675,0.4314877584596443,0.003546335064326512,False,0.00038977347004716384,False,1.2576492388471726e-05,False,0.010797557421028614,0.01897041407703634,0.005398778710514307,5.7129933444595844e-05,2.9146811565102524e-05,False,False,0.0021797938733613353,1.1942923458458832e-05,0.004658019003520975,0.0006163428173913086,2.169714103716254e-05,False,False,False,4.953476359844208,1588.4229806061544,1.1590289147453874,0.09269181343979992,1.3433480252158707,2,inner,19,False,False,0.0021797938733613353,8.277144590121548e-06,0.003059746844284348,0.0042050474101502835,9.362050751108026e-06,False,False,False,32768
Bcc3,fno_plain,0.010797557421028614,False,0.02613164268962525,False,1.0,1.377494586228224,0.7120591825649532,7.59040742976257,0.5070282794750692,0.003844249955457889,False,0.00043363947127970145,False,1.4778257720037981e-05,False,0.010797557421028614,0.01897041407703634,0.005398778710514307,5.7129933444595844e-05,2.9146811565102524e-05,False,False,0.012319825145922975,0.00041583583005839987,0.024988981235247246,0.003607378511540655,0.0006244491831755389,False,False,False,0.876437554359436,45.619960344379514,0.21604637098607557,0.01583696672301697,0.046676034416252996,3,middle,19,False,False,0.012319825145922975,0.0005728116046651656,0.017793633551501105,0.02738147265596403,0.0003166133949651058,False,False,False,32768
Bcc3,fno_plain,0.010797557421028614,False,0.02176305250358909,False,1.0,1.42631300774389,0.8382449588142692,6.037870373431772,0.7026546109775358,0.0045074449757186615,False,0.00036247690894840464,False,2.0317060209131404e-05,False,0.010797557421028614,0.015258258450586102,0.005377240779466925,6.003390045327886e-05,2.8914718400362068e-05,False,False,0.05503299684939749,0.00925194126261674,0.10705013141939601,0.018086727731203237,0.01145973063690996,False,False,False,0.19620151616632936,1.6491953437100169,0.05023105257479995,0.0033192239826615143,0.0025231586427723164,4,middle,19,False,False,0.05503299684939749,0.013196164169752686,0.08973423300271371,0.10920531752055887,0.008052232572585315,False,False,False,32768
Bcc3,fno_plain,0.010797557421028614,False,0.005992892388662846,False,1.0,0.5541009335551976,0.3602014936146121,2.1040642334776716,0.12974511600219743,0.001790007388524944,False,0.00023530288942374804,False,3.2041264509738892e-06,False,0.010797557421028614,0.010815524800168659,0.00496946131611579,0.00011183255989995662,2.4695545772371286e-05,False,False,0.1349053787706859,0.015578758686520332,0.25245588562233157,0.11126614125502876,0.06373397418535577,False,False,False,0.0800380052998662,0.6942481758528614,0.01968447399776607,0.0010050906649456783,0.00038747851656872846,5,middle,19,False,False,0.1349053787706859,0.008632204731832061,0.09093498707296352,0.2341111082117804,0.008269171873960042,False,False,False,32768
Bcc3,fno_plain,0.003998385618906468,False,0.0011807294401302176,False,0.3703046404846595,0.09497420836585156,0.17385366846308395,0.41715808569010926,0.030225098038071916,0.0006117197362725833,False,6.257819377787788e-05,False,3.742010357453989e-07,False,0.010797557421028614,0.012432106152250431,0.0035185897524070693,0.00015001074154982297,1.2380473845744042e-05,False,False,0.13284611525360301,0.01975783886606115,0.2633170553339829,0.20236180116995928,0.06933587162975982,False,False,False,0.0812786839902401,0.6292239873261427,0.0133625592460929,0.0007412996953107381,0.00017855798960534285,6,middle,19,False,False,0.049193532948769096,0.001876485105324212,0.0457786360387098,0.08441686159286271,0.00209568351756466,False,False,False,32768
Bcc3,fno_plain,0.006668993163621053,False,0.0022306560639779515,False,0.6176390551656581,0.22472302322953935,0.45567639038568347,0.6614783925228445,0.20764097275492577,0.0008842581436178647,False,7.480728782663425e-05,False,7.819124645545122e-07,False,0.010797557421028614,0.009926246238239183,0.0019405397388910816,0.00011309105281779971,3.7656944782154673e-06,False,False,0.4021121276376317,0.21040697460726077,0.5646850663080905,0.4854472746638047,0.3188692241113725,False,False,False,0.02685210586525499,0.04717641255365803,0.0034364991296446453,0.0002329625867116478,1.1809526268048405e-05,7,outer,19,False,False,0.24836015458475938,0.04728329144232456,0.257313652719971,0.3211128828992093,0.06621031587609381,False,False,False,32768
Bcc3,fno_plain,0.0012762289575766748,False,0.0016398952832461164,False,0.30459036879990925,0.5949759984637893,0.7422517876704215,0.8614791727284925,0.5509377162999366,0.00038263600739784075,False,3.6635584677808106e-05,False,1.4641031415736043e-07,False,0.004189984609838573,0.0027562377095551385,0.0005155070203316785,4.25263730541218e-05,2.657474880112456e-07,False,False,0.9999999077565028,1.0000000886697495,1.000000015167808,1.0000002479187056,1.0000000303356158,False,False,False,0.004189984996337442,0.0027562374651602527,0.0005155070125125672,4.2526362511041055e-05,2.657474799496321e-07,8,outer,19,False,False,0.30459034070342844,0.5949760512201622,0.7422517989287541,0.8614793863052939,0.5509377330129716,False,False,False,32768
Bcc3,fno_full,0.010797557421028614,False,0.016066961195618453,False,1.0,0.8469483655112983,0.6127210512512585,6.30192761986388,0.37542708664644736,0.00330794536697924,False,0.0003600287054954838,False,1.0942502550919419e-05,False,0.010797557421028614,0.01897041407703634,0.005398778710514307,5.7129933444595844e-05,2.9146811565102524e-05,False,False,0.0002084694333158499,1.0449223612986138e-07,0.0005742101236936617,6.37818647019201e-05,3.297172661522902e-07,False,False,False,51.79443935394282,181548.55116183174,9.402096005876986,0.8957081093754226,88.39940930372799,1,inner,19,False,False,0.0002084694333158499,8.849952859880673e-08,0.0003518306306286956,0.00040194869481145133,1.237847926485856e-07,False,False,False,32768
Bcc3,fno_full,0.010797557421028614,False,0.01176551698652353,False,1.0,0.6202034883764436,0.6490843686691052,6.4081405992878295,0.42131051765057104,0.0035042628708983853,False,0.00036609664594092623,False,1.2279858268356994e-05,False,0.010797557421028614,0.01897041407703634,0.005398778710514307,5.7129933444595844e-05,2.9146811565102524e-05,False,False,0.0021797938733613353,1.1942923458458832e-05,0.004658019003520975,0.0006163428173913086,2.169714103716254e-05,False,False,False,4.953476359844208,1588.4229806061544,1.1590289147453874,0.09269181343979992,1.3433480252158707,2,inner,19,False,False,0.0021797938733613353,7.4070427903490275e-06,0.003023447324149107,0.00394961143120469,9.141233721904395e-06,False,False,False,32768
Bcc3,fno_full,0.010797557421028614,False,0.012886250850273782,False,1.0,0.6792814747187079,0.6291746851869809,6.309602865252968,0.39586078448013656,0.003396774895582014,False,0.0003604671917537333,False,1.1538079691256202e-05,False,0.010797557421028614,0.01897041407703634,0.005398778710514307,5.7129933444595844e-05,2.9146811565102524e-05,False,False,0.012319825145922975,0.00041583583005839987,0.024988981235247246,0.003607378511540655,0.0006244491831755389,False,False,False,0.876437554359436,45.619960344379514,0.21604637098607557,0.01583696672301697,0.046676034416252996,3,middle,19,False,False,0.012319825145922975,0.00028246957588294786,0.01572243440183006,0.022761125792468903,0.00024719494351984933,False,False,False,32768
Bcc3,fno_full,0.010797557421028614,False,0.021703633647400675,False,1.0,1.422418798166772,0.5973915086594853,7.02901766220201,0.3568766146184559,0.003212317981671053,False,0.0004219793466169744,False,1.0318986815367189e-05,False,0.010797557421028614,0.015258258450586102,0.005377240779466925,6.003390045327886e-05,2.8914718400362068e-05,False,False,0.05503299684939749,0.00925194126261674,0.10705013141939601,0.018086727731203237,0.01145973063690996,False,False,False,0.19620151616632936,1.6491953437100169,0.05023105257479995,0.0033192239826615143,0.0025231586427723164,4,middle,19,False,False,0.05503299684939749,0.01316013517148087,0.06395083951082915,0.12713192867406645,0.004089709874139828,False,False,False,32768
Bcc3,fno_full,0.010797557421028614,False,0.011736051367888328,False,1.0,1.0851115951123624,0.6973792394499493,3.0199537480333043,0.48633780361578954,0.0034655991531087737,False,0.000337729158422033,False,1.2010377490028248e-05,False,0.010797557421028614,0.010815524800168659,0.00496946131611579,0.00011183255989995662,2.4695545772371286e-05,False,False,0.1349053787706859,0.015578758686520332,0.25245588562233157,0.11126614125502876,0.06373397418535577,False,False,False,0.0800380052998662,0.6942481758528614,0.01968447399776607,0.0010050906649456783,0.00038747851656872846,5,middle,19,False,False,0.1349053787706859,0.01690469168820065,0.17605749350996497,0.33601860031232716,0.030996241021011353,False,False,False,32768
Bcc3,fno_full,0.008927851682528853,False,0.013753924454144853,False,0.8268399355896506,1.106322958130079,0.6094643248965275,1.600663513505611,0.37144676332158,0.0021444549280386143,False,0.00024011672063272178,False,4.5986869383890985e-06,False,0.010797557421028614,0.012432106152250431,0.0035185897524070693,0.00015001074154982297,1.2380473845744042e-05,False,False,0.13284611525360301,0.01975783886606115,0.2633170553339829,0.20236180116995928,0.06933587162975982,False,False,False,0.0812786839902401,0.6292239873261427,0.0133625592460929,0.0007412996953107381,0.00017855798960534285,6,middle,19,False,False,0.10984247337962441,0.02185855074055822,0.16048235136286748,0.3239131516600309,0.02575458509895485,False,False,False,32768
Bcc3,fno_full,0.010797557421028614,False,0.010535908600266859,False,1.0,1.0614192260996966,1.484964194530323,2.507459552861704,2.2051186590370904,0.002881632030316478,False,0.0002835712407311794,False,8.303803158145867e-06,False,0.010797557421028614,0.009926246238239183,0.0019405397388910816,0.00011309105281779971,3.7656944782154673e-06,False,False,0.4021121276376317,0.21040697460726077,0.5646850663080905,0.4854472746638047,0.3188692241113725,False,False,False,0.02685210586525499,0.04717641255365803,0.0034364991296446453,0.0002329625867116478,1.1809526268048405e-05,7,outer,19,False,False,0.4021121276376317,0.22333000815361725,0.8385371046534954,1.2172394062664365,0.7031444758806672,False,False,False,32768
Bcc3,fno_full,0.008293989580124617,False,0.006080071033287533,False,1.979479724257068,2.2059312998329403,4.854176277627181,5.393317100401053,23.56302733427847,0.0025023619490443065,False,0.00022935821501082968,False,6.26181532402482e-06,False,0.004189984609838573,0.0027562377095551385,0.0005155070203316785,4.25263730541218e-05,2.657474880112456e-07,False,False,0.9999999077565028,1.0000000886697495,1.000000015167808,1.0000002479187056,1.0000000303356158,False,False,False,0.004189984996337442,0.0027562374651602527,0.0005155070125125672,4.2526362511041055e-05,2.657474799496321e-07,8,outer,19,False,False,1.9794795416629356,2.205931495432316,4.854176351254394,5.393318437505248,23.563028049077417,False,False,False,32768
Bcc3,localno_plain,0.002592085471842436,False,0.0013645730431501178,False,0.24006220766136055,0.07193164248333048,0.09336602040159196,2.421993611272711,0.008717213765630486,0.0005040624832295591,False,0.00013836833381524632,False,2.540789869995496e-07,False,0.010797557421028614,0.01897041407703634,0.005398778710514307,5.7129933444595844e-05,2.9146811565102524e-05,False,False,0.0002084694333158499,1.0449223612986138e-07,0.0005742101236936617,6.37818647019201e-05,3.297172661522902e-07,False,False,False,51.79443935394282,181548.55116183174,9.402096005876986,0.8957081093754226,88.39940930372799,1,inner,19,False,False,5.0045632391715714e-05,7.516298171576936e-09,5.361171412358306e-05,0.0001544792688231109,2.874215891268795e-09,False,False,False,32768
Bcc3,localno_plain,0.010797557421028614,False,0.01480869072219188,False,1.0,0.780620320782443,0.30090568658646805,9.049625667967712,0.09054423222007374,0.0016245232146157142,False,0.0005170045121095016,False,2.639075674825374e-06,False,0.010797557421028614,0.01897041407703634,0.005398778710514307,5.7129933444595844e-05,2.9146811565102524e-05,False,False,0.0021797938733613353,1.1942923458458832e-05,0.004658019003520975,0.0006163428173913086,2.169714103716254e-05,False,False,False,4.953476359844208,1588.4229806061544,1.1590289147453874,0.09269181343979992,1.3433480252158707,2,inner,19,False,False,0.0021797938733613353,9.322888741222297e-06,0.0014016244063872949,0.005577671780531922,1.9645509765805363e-06,False,False,False,32768
Bcc3,localno_plain,0.010797557421028614,False,0.03933398956236826,False,1.0,2.073438639907286,0.567108096222012,13.968615614888844,0.32161159280055485,0.0030616911164436976,False,0.0007980260803917418,False,9.373952492510256e-06,False,0.010797557421028614,0.01897041407703634,0.005398778710514307,5.7129933444595844e-05,2.9146811565102524e-05,False,False,0.012319825145922975,0.00041583583005839987,0.024988981235247246,0.003607378511540655,0.0006244491831755389,False,False,False,0.876437554359436,45.619960344379514,0.21604637098607557,0.01583696672301697,0.046676034416252996,3,middle,19,False,False,0.012319825145922975,0.0008622100779010059,0.014171453574848647,0.050390083805121264,0.0002008300964240905,False,False,False,32768
Bcc3,localno_plain,0.010797557421028614,False,0.03731290139835045,False,1.0,2.445423343639666,0.47536252832772263,13.115484646224655,0.2259695333381249,0.0025561387723543314,False,0.0007873736996479582,False,6.533845423533109e-06,False,0.010797557421028614,0.015258258450586102,0.005377240779466925,6.003390045327886e-05,2.8914718400362068e-05,False,False,0.05503299684939749,0.00925194126261674,0.10705013141939601,0.018086727731203237,0.01145973063690996,False,False,False,0.19620151616632936,1.6491953437100169,0.05023105257479995,0.0033192239826615143,0.0025231586427723164,4,middle,19,False,False,0.05503299684939749,0.02262491313758602,0.05088762112933907,0.23721619985904174,0.002589549984203156,False,False,False,32768
Bcc3,localno_plain,0.00870641994988545,False,0.031254237856294095,False,0.8063323592916856,2.8897569404867633,0.3600628792437795,5.705706516229865,0.12964527700932052,0.0017893185497712333,False,0.0006380837657478493,False,3.2016608725554297e-06,False,0.010797557421028614,0.010815524800168659,0.00496946131611579,0.00011183255989995662,2.4695545772371286e-05,False,False,0.1349053787706859,0.015578758686520332,0.25245588562233157,0.11126614125502876,0.06373397418535577,False,False,False,0.0800380052998662,0.6942481758528614,0.01968447399776607,0.0010050906649456783,0.00038747851656872846,5,middle,19,False,False,0.10877857234530562,0.04501882603854058,0.09089999305921498,0.6348519471945703,0.008262808738165331,False,False,False,32768
Bcc3,localno_plain,0.005869976549874991,False,0.01619770827564483,False,0.5436392992403087,1.302893337402268,0.2807464762732823,2.4279727808994793,0.07881858393986466,0.0009878316744395656,False,0.00036422199732551674,False,9.758114170260758e-07,False,0.010797557421028614,0.012432106152250431,0.0035185897524070693,0.00015001074154982297,1.2380473845744042e-05,False,False,0.13284611525360301,0.01975783886606115,0.2633170553339829,0.20236180116995928,0.06933587162975982,False,False,False,0.0812786839902401,0.6292239873261427,0.0133625592460929,0.0007412996953107381,0.00017855798960534285,6,middle,19,False,False,0.07222036900326602,0.02574235662005865,0.0739253354276726,0.4913289451344535,0.005464955218093905,False,False,False,32768
Bcc3,localno_plain,0.009072781435679644,False,0.02244730047762619,False,0.8402623928639722,2.2614087882639624,0.5786374325073507,3.1188007436410268,0.33482127829869884,0.00112286893219042,False,0.0003527084596273004,False,1.2608346388784544e-06,False,0.010797557421028614,0.009926246238239183,0.0019405397388910816,0.00011309105281779971,3.7656944782154673e-06,False,False,0.4021121276376317,0.21040697460726077,0.5646850663080905,0.4854472746638047,0.3188692241113725,False,False,False,0.02685210586525499,0.04717641255365803,0.0034364991296446453,0.0002329625867116478,1.1809526268048405e-05,7,outer,19,False,False,0.33787969856841943,0.47581618148889193,0.3267479169437565,1.514013321219984,0.10676420122708402,False,False,False,32768
Bcc3,localno_plain,0.0007509070279775186,False,0.00015142756893510946,False,0.17921474609102414,0.05493995253390178,0.32148475113700603,0.9386444698180534,0.10335244521362269,0.00016572764614070917,False,3.991714488867091e-05,False,2.746565269534011e-08,False,0.004189984609838573,0.0027562377095551385,0.0005155070203316785,4.25263730541218e-05,2.657474880112456e-07,False,False,0.9999999077565028,1.0000000886697495,1.000000015167808,1.0000002479187056,1.0000000303356158,False,False,False,0.004189984996337442,0.0027562374651602527,0.0005155070125125672,4.2526362511041055e-05,2.657474799496321e-07,8,outer,19,False,False,0.1792147295596292,0.05493995740541361,0.32148475601322496,0.9386447025255753,0.10335244834888277,False,False,False,32768
rho,persistence,0.03964628899469971,False,0.11936033756979948,False,0.0006457117251817717,3.416070352921162e-07,0.0006680058577240187,0.0008999986094906649,4.4623182595360176e-07,0.007018044613484077,False,0.0007803732639467372,False,4.925295019685286e-05,False,61.399363599195986,349408.3120030934,10.505962683314563,0.8670827440370967,110.37525190319813,False,False,0.9999997521030849,1.0000001920908643,1.0000000279839758,1.0000000385181769,1.0000000559679525,False,False,False,61.399378819912585,349408.2448849617,10.505962389315965,0.8670827106386515,110.37524572572163,1,inner,19,False,False,0.000645711565111827,3.4160710091170684e-07,0.0006680058764174785,0.0008999986441569705,4.462318509282834e-07,False,False,False,32768
rho,persistence,0.010582140255719423,False,0.012217228964758214,False,0.00043644181736731096,2.428008886217523e-07,0.0004957846305888624,0.0006568614145828112,2.458023999281347e-07,0.002074123156824136,False,0.00021251334956778683,False,4.30198686967412e-06,False,24.246393985692386,50317.892303066656,4.183516448181583,0.32352844123559804,17.501809872205854,False,False,1.0000002400834798,1.0000001917151922,1.000000039385612,1.0000000422290132,1.0000000787712255,False,False,False,24.246388164535144,50317.88265636411,4.183516283411234,0.3235284275733118,17.501808493566948,2,inner,19,False,False,0.0004364419221497812,2.4280093517037134e-07,0.0004957846501156435,0.0006568614423214205,2.4580241929029103e-07,False,False,False,32768
rho,persistence,4.884547402354656,False,517.5777975524331,False,0.5925371254772525,0.11093103955079758,0.5801179767359315,0.8025771645337587,0.33653686693219076,0.8609199519931096,False,0.08882389486000337,False,0.7411831637398181,False,8.243445334198176,4665.761716903624,1.4840428783764419,0.11067333931884775,2.2023832648598347,False,False,1.000000386395947,0.9999999967088723,1.0000000158725189,1.0000000088786276,1.0000000317450382,False,False,False,8.24344214896554,4665.761732259241,1.4840428548209437,0.11067333833622038,2.2023831949450963,3,middle,19,False,False,0.5925373544311962,0.11093103918570937,0.5801179859438651,0.8025771716595426,0.33653687761556644,False,False,False,32768
rho,persistence,1.523294763333979,False,79.35274702829497,False,0.5010053613593283,0.19666306566015818,0.5962926191230508,0.7544100472939309,0.35556488762062766,0.3394991168318375,False,0.03082364012610837,False,0.11525965032959763,False,3.0404759725544137,403.49593230393225,0.5693498560004455,0.04085793957367453,0.3241592585277281,False,False,0.999999291923646,0.9999996470575643,0.9999999864612883,0.9999999706202682,0.9999999729225767,False,False,False,3.040478125445079,403.49607471481966,0.5693498637087092,0.040857940774069866,0.3241592673051258,4,middle,19,False,False,0.5010050066092787,0.19666299624941677,0.5962926110500169,0.7544100251295661,0.3555648779928467,False,False,False,32768
rho,persistence,0.7137580384296598,False,16.12262630698001,False,0.5048538042792385,0.3713068802235966,0.6059336317015573,0.5993841762398963,0.3671555660270386,0.1603381287208346,False,0.011026252841029533,False,0.025708315521698933,False,1.4137915419864295,43.421296953267216,0.264613350921915,0.01839596919324812,0.07002022548612455,False,False,0.999999913998271,1.00000000842174,0.9999999933721267,1.0000000173234174,0.9999999867442538,False,False,False,1.413791663574957,43.421296587584344,0.26461335267573877,0.018395968874567074,0.0700202264142949,5,middle,19,False,False,0.5048537608609385,0.3713068833506466,0.6059336276855061,0.5993841866232784,0.3671555611601176,False,False,False,32768
rho,persistence,0.46420604947161337,False,1.3631643637149653,False,0.5525196480812017,0.041376492046383696,0.6397611223324825,0.43915452644470937,0.40929429364811754,0.12197108995038013,False,0.006541461405659457,False,0.014876946783683719,False,0.840162066785706,32.94538266286172,0.19065098783384968,0.014895580056108207,0.0363477991620227,False,False,1.0000003022342578,1.0000000041537438,0.9999998655632782,1.0000000133360973,0.9999997311265746,False,False,False,0.840161812860024,32.94538252601504,0.19065101346434693,0.014895579857459304,0.036347808934982594,6,middle,19,False,False,0.5525198150715676,0.04137649221825105,0.6397610363250944,0.43915453230131685,0.4092941835997588,False,False,False,32768
rho,persistence,0.9303857517127199,False,35.416145655923266,False,1.1437825346503696,1.425843220411134,1.0963095109976775,1.1413676127733423,1.2018945439039663,0.2544743875120437,False,0.01677905447310531,False,0.06475721389962978,False,0.8134288848859887,24.838737631835297,0.23211910957560125,0.014700832830129873,0.053879281030169986,False,False,0.9999986077633897,1.0000018652064473,0.9999999469755411,0.9999999792728776,0.9999998939510851,False,False,False,0.8134300173730389,24.838691302548135,0.2321191218835921,0.01470083313483584,0.05387928674400988,7,outer,19,False,False,1.1437809422344505,1.4258458799031017,1.0963094528664588,1.1413675891160762,1.2018944164443541,False,False,False,32768
rho,persistence,0.8520616897912987,False,43.97383362143997,False,1.0224794828204136,1.0734181895810917,0.9806948182561229,0.9598431375352787,0.9617623265544101,0.2135194947133973,False,0.01370873142578436,False,0.0455905746226645,False,0.8333288873836046,40.96617147749382,0.21772267043592508,0.014282262267338969,0.047403161221750444,False,False,1.0000000715263262,1.0000007344860882,1.000000054126631,0.9999999986859136,1.0000001082532646,False,False,False,0.833328827778655,40.96614138843289,0.21772265865133109,0.014282262286107095,0.04740315609020404,8,outer,19,False,False,1.0224795559546147,1.0734189779918186,0.9806948713378294,0.9598431362739619,0.9617624306683218,False,False,False,32768
rho,fno_plain,0.005423460369056556,False,0.00897882274216384,False,8.83308889723993e-05,2.5697221370292837e-08,0.00012953001791957364,0.00028086093786861086,1.6778025542245066e-08,0.0013608375346321072,False,0.00024352967269994762,False,1.8518787956635915e-06,False,61.399363599195986,349408.3120030934,10.505962683314563,0.8670827440370967,110.37525190319813,False,False,0.9999997521030849,1.0000001920908643,1.0000000279839758,1.0000000385181769,1.0000000559679525,False,False,False,61.399378819912585,349408.2448849617,10.505962389315965,0.8670827106386515,110.37524572572163,1,inner,19,False,False,8.833086707544442e-05,2.56972263064943e-08,0.00012953002154433854,0.0002808609486868621,1.67780264812768e-08,False,False,False,32768
rho,fno_plain,0.004829322728328404,False,0.0025453517571755904,False,0.00019917694693809526,5.0585420824958965e-08,0.0003069251803713609,0.0006718319977459099,9.420306634599242e-08,0.0012840265404446877,False,0.00021735675900293205,False,1.648724156566353e-06,False,24.246393985692386,50317.892303066656,4.183516448181583,0.32352844123559804,17.501809872205854,False,False,1.0000002400834798,1.0000001917151922,1.000000039385612,1.0000000422290132,1.0000000787712255,False,False,False,24.246388164535144,50317.88265636411,4.183516283411234,0.3235284275733118,17.501808493566948,2,inner,19,False,False,0.00019917699475718975,5.058543052295264e-08,0.000306925192459797,0.0006718320261167122,9.420307376648341e-08,False,False,False,32768
rho,fno_plain,0.006911006842856294,False,0.016395136345029725,False,0.0008383638833857221,3.513924915117645e-06,0.0011581169966441028,0.0032016954223962907,1.3412349779159568e-06,0.0017186952811963944,False,0.00035434232387846626,False,2.9539134696067533e-06,False,8.243445334198176,4665.761716903624,1.4840428783764419,0.11067333931884775,2.2023832648598347,False,False,1.000000386395947,0.9999999967088723,1.0000000158725189,1.0000000088786276,1.0000000317450382,False,False,False,8.24344214896554,4665.761732259241,1.4840428548209437,0.11067333833622038,2.2023831949450963,3,middle,19,False,False,0.0008383642073261287,3.5139249035528696e-06,0.0011581170150263367,0.0032016954508229524,1.3412350204935123e-06,False,False,False,32768
rho,fno_plain,0.021393179135920946,False,0.01194656661267068,False,0.007036128332876698,2.9607650675575983e-05,0.00838959552863966,0.009715662766431397,7.038531313417055e-05,0.004776615006132971,False,0.0003969619622290535,False,2.281605091681469e-05,False,3.0404759725544137,403.49593230393225,0.5693498560004455,0.04085793957367453,0.3241592585277281,False,False,0.999999291923646,0.9999996470575643,0.9999999864612883,0.9999999706202682,0.9999999729225767,False,False,False,3.040478125445079,403.49607471481966,0.5693498637087092,0.040857940774069866,0.3241592673051258,4,middle,19,False,False,0.007036123350760603,2.9607640225779638e-05,0.008389595415055344,0.009715662480987831,7.038531122831764e-05,False,False,False,32768
rho,fno_plain,0.0071418436224485035,False,0.010207424232992977,False,0.0050515535072546466,0.00023507875050298157,0.0067226452669735025,0.014514900794939655,4.519395938556123e-05,0.0017789016911532105,False,0.00026701566786676255,False,3.164491226787752e-06,False,1.4137915419864295,43.421296953267216,0.264613350921915,0.01839596919324812,0.07002022548612455,False,False,0.999999913998271,1.00000000842174,0.9999999933721267,1.0000000173234174,0.9999999867442538,False,False,False,1.413791663574957,43.421296587584344,0.26461335267573877,0.018395968874567074,0.0700202264142949,5,middle,19,False,False,0.005051553072812311,0.00023507875248275368,0.006722645222416662,0.01451490104638734,4.519395878648158e-05,False,False,False,32768
rho,fno_plain,0.08311048365365423,False,0.4279209210540547,False,0.09892196629588206,0.01298879801861996,0.07971655512363647,0.08946648669142057,0.0063547291607797705,0.015198039981032823,False,0.0013326552148507946,False,0.00023098041926507216,False,0.840162066785706,32.94538266286172,0.19065098783384968,0.014895580056108207,0.0363477991620227,False,False,1.0000003022342578,1.0000000041537438,0.9999998655632782,1.0000000133360973,0.9999997311265746,False,False,False,0.840161812860024,32.94538252601504,0.19065101346434693,0.014895579857459304,0.036347808934982594,6,middle,19,False,False,0.09892199619348914,0.012988798072572102,0.07971654440680412,0.08946648788455434,0.006354727452161974,False,False,False,32768
rho,fno_plain,0.26446354688949214,False,4.1330721837148126,False,0.3251219028527118,0.16639622532255985,0.22758747446957717,0.30690677953245893,0.051796058535440434,0.05282740192443813,False,0.004511785260340203,False,0.00279073439408613,False,0.8134288848859887,24.838737631835297,0.23211910957560125,0.014700832830129873,0.053879281030169986,False,False,0.9999986077633897,1.0000018652064473,0.9999999469755411,0.9999999792728776,0.9999998939510851,False,False,False,0.8134300173730389,24.838691302548135,0.2321191218835921,0.01470083313483584,0.05387928674400988,7,outer,19,False,False,0.32512145020609584,0.16639653568587215,0.22758746240187447,0.30690677317116455,0.05179605304252463,False,False,False,32768
rho,fno_plain,0.37321435366307015,False,10.684208425126151,False,0.44785961378927835,0.2608056364504525,0.4534066012215601,0.7895922305960169,0.20557754603128683,0.09871689601123464,False,0.011277163321625502,False,0.009745025558092913,False,0.8333288873836046,40.96617147749382,0.21772267043592508,0.014282262267338969,0.047403161221750444,False,False,1.0000000715263262,1.0000007344860882,1.000000054126631,0.9999999986859136,1.0000001082532646,False,False,False,0.833328827778655,40.96614138843289,0.21772265865133109,0.014282262286107095,0.04740315609020404,8,outer,19,False,False,0.4478596458230311,0.2608058280085642,0.4534066257629319,0.7895922295584245,0.20557756828572735,False,False,False,32768
rho,fno_full,0.11669667174690403,False,0.5313932809623829,False,0.0019006169593007336,1.5208375493874293e-06,0.002451130373953038,0.0023610646970394266,6.00804011011516e-06,0.025751484240689487,False,0.0020472384563580623,False,0.0006631389405984791,False,61.399363599195986,349408.3120030934,10.505962683314563,0.8670827440370967,110.37525190319813,False,False,0.9999997521030849,1.0000001920908643,1.0000000279839758,1.0000000385181769,1.0000000559679525,False,False,False,61.399378819912585,349408.2448849617,10.505962389315965,0.8670827106386515,110.37524572572163,1,inner,19,False,False,0.0019006164881436526,1.5208378415264285e-06,0.0024511304425454115,0.002361064787983334,6.008040446372863e-06,False,False,False,32768
rho,fno_full,0.2408729321928692,False,1.7880090865493856,False,0.009934381678983131,3.553426037362885e-05,0.010816308919828554,0.01826013417819939,0.00011699253864916273,0.04525020627471593,False,0.005907672747425717,False,0.002047581167904341,False,24.246393985692386,50317.892303066656,4.183516448181583,0.32352844123559804,17.501809872205854,False,False,1.0000002400834798,1.0000001917151922,1.000000039385612,1.0000000422290132,1.0000000787712255,False,False,False,24.246388164535144,50317.88265636411,4.183516283411234,0.3235284275733118,17.501808493566948,2,inner,19,False,False,0.009934384064064054,3.553426718608641e-05,0.0108163093458355,0.01826013494930684,0.00011699254786480839,False,False,False,32768
rho,fno_full,0.1261765932914567,False,1.1378946415371445,False,0.015306293446019394,0.00024388185907879892,0.01946381353105392,0.030035353632092417,0.00037884003717163765,0.028885133856807594,False,0.0033241128840861504,False,0.0008343509579256924,False,8.243445334198176,4665.761716903624,1.4840428783764419,0.11067333931884775,2.2023832648598347,False,False,1.000000386395947,0.9999999967088723,1.0000000158725189,1.0000000088786276,1.0000000317450382,False,False,False,8.24344214896554,4665.761732259241,1.4840428548209437,0.11067333833622038,2.2023831949450963,3,middle,19,False,False,0.015306299360309146,0.0002438818582761526,0.019463813839993665,0.03003535389876514,0.00037884004919792907,False,False,False,32768
rho,fno_full,0.1223960311662813,False,0.8679354096249615,False,0.0402555495491885,0.002151038808914662,0.04011354687738822,0.060685184037958424,0.001609096643084422,0.022838642138308104,False,0.0024794715824402232,False,0.0005216035747217026,False,3.0404759725544137,403.49593230393225,0.5693498560004455,0.04085793957367453,0.3241592585277281,False,False,0.999999291923646,0.9999996470575643,0.9999999864612883,0.9999999706202682,0.9999999729225767,False,False,False,3.040478125445079,403.49607471481966,0.5693498637087092,0.040857940774069866,0.3241592673051258,4,middle,19,False,False,0.04025552104518575,0.0021510380497217854,0.04011354633430247,0.060685182255044,0.001609096599514231,False,False,False,32768
rho,fno_full,0.02404253812812385,False,0.0415492681830344,False,0.017005716482320438,0.0009568868527292583,0.019752438095596864,0.04600163067749705,0.0003901588107203863,0.005226758833353576,False,0.0008462445807824135,False,2.731900790203964e-05,False,1.4137915419864295,43.421296953267216,0.264613350921915,0.01839596919324812,0.07002022548612455,False,False,0.999999913998271,1.00000000842174,0.9999999933721267,1.0000000173234174,0.9999999867442538,False,False,False,1.413791663574957,43.421296587584344,0.26461335267573877,0.018395968874567074,0.0700202264142949,5,middle,19,False,False,0.017005715019799417,0.0009568868607879107,0.01975243796468021,0.046001631474402505,0.0003901588055485402,False,False,False,32768
rho,fno_full,0.03977881871625865,False,0.10650682880513358,False,0.04734660167227562,0.0032328302237386165,0.04304414827848256,0.08819692337576143,0.0018527987010199926,0.0082064093897594,False,0.0013137443328460957,False,6.734515507233124e-05,False,0.840162066785706,32.94538266286172,0.19065098783384968,0.014895580056108207,0.0363477991620227,False,False,1.0000003022342578,1.0000000041537438,0.9999998655632782,1.0000000133360973,0.9999997311265746,False,False,False,0.840161812860024,32.94538252601504,0.19065101346434693,0.014895579857459304,0.036347808934982594,6,middle,19,False,False,0.04734661598204064,0.0032328302371669652,0.04304414249176837,0.08819692455196418,0.0018527982028516594,False,False,False,32768
rho,fno_full,0.029165866532275684,False,0.04471470529247375,False,0.035855459615702745,0.0018002003948527493,0.028429668312071457,0.041834675464509974,0.0008082460403344,0.0065990692941277134,False,0.0006150045705064969,False,4.354771554869924e-05,False,0.8134288848859887,24.838737631835297,0.23211910957560125,0.014700832830129873,0.053879281030169986,False,False,0.9999986077633897,1.0000018652064473,0.9999999469755411,0.9999999792728776,0.9999998939510851,False,False,False,0.8134300173730389,24.838691302548135,0.2321191218835921,0.01470083313483584,0.05387928674400988,7,outer,19,False,False,0.035855409696419184,0.0018002037525981325,0.028429666804603678,0.041834674597397536,0.0008082459546207844,False,False,False,32768
rho,fno_full,0.10297324887869763,False,1.299392141565855,False,0.12356855790995298,0.031718661878855844,0.09003854806481591,0.26570149388637915,0.008106940137620165,0.019603433126845114,False,0.0037948184205090284,False,0.00038429459035868845,False,0.8333288873836046,40.96617147749382,0.21772267043592508,0.014282262267338969,0.047403161221750444,False,False,1.0000000715263262,1.0000007344860882,1.000000054126631,0.9999999986859136,1.0000001082532646,False,False,False,0.833328827778655,40.96614138843289,0.21772265865133109,0.014282262286107095,0.04740315609020404,8,outer,19,False,False,0.12356856674835796,0.03171868517577173,0.09003855293829917,0.26570149353722444,0.008106941015222902,False,False,False,32768
rho,localno_plain,0.008817998998529216,False,0.015677315163261873,False,0.00014361710743602377,4.4868180362930456e-08,0.00017502274611265066,0.0004354389415929014,3.0632961656813367e-08,0.0018387824393907466,False,0.00037756159233698203,False,3.381120859411785e-06,False,61.399363599195986,349408.3120030934,10.505962683314563,0.8670827440370967,110.37525190319813,False,False,0.9999997521030849,1.0000001920908643,1.0000000279839758,1.0000000385181769,1.0000000559679525,False,False,False,61.399378819912585,349408.2448849617,10.505962389315965,0.8670827106386515,110.37524572572163,1,inner,19,False,False,0.00014361707183378587,4.4868188981698e-08,0.00017502275101048296,0.0004354389583652156,3.063296337127751e-08,False,False,False,32768
rho,localno_plain,0.01407234684338576,False,0.1433894167965569,False,0.0005803892674386857,2.8496705691271162e-06,0.0006884014911393547,0.0033172466997439566,4.738966130028869e-07,0.002879938961134219,False,0.0010732236539620942,False,8.294048419858843e-06,False,24.246393985692386,50317.892303066656,4.183516448181583,0.32352844123559804,17.501809872205854,False,False,1.0000002400834798,1.0000001917151922,1.000000039385612,1.0000000422290132,1.0000000787712255,False,False,False,24.246388164535144,50317.88265636411,4.183516283411234,0.3235284275733118,17.501808493566948,2,inner,19,False,False,0.0005803894067805607,2.849671115452257e-06,0.0006884015182524688,0.003317246839828011,4.7389665033230394e-07,False,False,False,32768
rho,localno_plain,0.02297871267553996,False,0.3163293441258836,False,0.0027875131991489154,6.779800669628104e-05,0.0032321609492098904,0.013568564283244622,1.0446864401597377e-05,0.004796665438441378,False,0.0015016783189891302,False,2.3007999328338015e-05,False,8.243445334198176,4665.761716903624,1.4840428783764419,0.11067333931884775,2.2023832648598347,False,False,1.000000386395947,0.9999999967088723,1.0000000158725189,1.0000000088786276,1.0000000317450382,False,False,False,8.24344214896554,4665.761732259241,1.4840428548209437,0.11067333833622038,2.2023831949450963,3,middle,19,False,False,0.0027875142762327177,6.779800647314914e-05,0.003232161000512426,0.013568564403714853,1.0446864733233486e-05,False,False,False,32768
rho,localno_plain,0.10979672599576587,False,21.222686911451714,False,0.03611169007315709,0.05259702815409247,0.057577998799464396,0.14339961321732234,0.0033152259457511235,0.03278202532526888,False,0.005859012731721655,False,0.0010746611844265703,False,3.0404759725544137,403.49593230393225,0.5693498560004455,0.04085793957367453,0.3241592585277281,False,False,0.999999291923646,0.9999996470575643,0.9999999864612883,0.9999999706202682,0.9999999729225767,False,False,False,3.040478125445079,403.49607471481966,0.5693498637087092,0.040857940774069866,0.3241592673051258,4,middle,19,False,False,0.036111664503323246,0.05259700959036924,0.05757799801993247,0.14339960900428017,0.0033152258559833473,False,False,False,32768
rho,localno_plain,0.08509574186966344,False,8.0277072739475,False,0.060189737555015194,0.18487949087719407,0.07418086235216458,0.4243270990239992,0.005502800339310787,0.0196292465612836,False,0.007805908241505834,False,0.00038530732056366404,False,1.4137915419864295,43.421296953267216,0.264613350921915,0.01839596919324812,0.07002022548612455,False,False,0.999999913998271,1.00000000842174,0.9999999933721267,1.0000000173234174,0.9999999867442538,False,False,False,1.413791663574957,43.421296587584344,0.26461335267573877,0.018395968874567074,0.0700202264142949,5,middle,19,False,False,0.0601897323785937,0.18487949243420107,0.07418086186050322,0.42432710637479465,0.005502800266367063,False,False,False,32768
rho,localno_plain,0.16990872537688062,False,28.25270927690197,False,0.20223327390501908,0.8575620312569734,0.19866251177408983,0.7650064954645205,0.03946679358439038,0.03787520411528402,False,0.011395215496634544,False,0.0014345310867744277,False,0.840162066785706,32.94538266286172,0.19065098783384968,0.014895580056108207,0.0363477991620227,False,False,1.0000003022342578,1.0000000041537438,0.9999998655632782,1.0000000133360973,0.9999997311265746,False,False,False,0.840161812860024,32.94538252601504,0.19065101346434693,0.014895579857459304,0.036347808934982594,6,middle,19,False,False,0.20223333502684254,0.8575620348190665,0.198662485066553,0.7650065056667216,0.0394667829728184,False,False,False,32768
rho,localno_plain,0.08518332372666892,False,79.2807206686025,False,0.10472129194011635,3.1918176295316245,0.26418208073784577,0.6091508159459476,0.06979217178297766,0.06132170934669836,False,0.008955024313558586,False,0.003760352037200953,False,0.8134288848859887,24.838737631835297,0.23211910957560125,0.014700832830129873,0.053879281030169986,False,False,0.9999986077633897,1.0000018652064473,0.9999999469755411,0.9999999792728776,0.9999998939510851,False,False,False,0.8134300173730389,24.838691302548135,0.2321191218835921,0.01470083313483584,0.05387928674400988,7,outer,19,False,False,0.10472114614329983,3.191823582930446,0.2641820667297339,0.609150803320004,0.06979216438159357,False,False,False,32768
rho,localno_plain,0.047172503121182666,False,2.0074276409012763,False,0.056607305753301994,0.049002080704664476,0.05698105004140118,0.15678251924071188,0.0032468400638206653,0.012406066379256944,False,0.002239209058729965,False,0.0001539104830065295,False,0.8333288873836046,40.96617147749382,0.21772267043592508,0.014282262267338969,0.047403161221750444,False,False,1.0000000715263262,1.0000007344860882,1.000000054126631,0.9999999986859136,1.0000001082532646,False,False,False,0.833328827778655,40.96614138843289,0.21772265865133109,0.014282262286107095,0.04740315609020404,8,outer,19,False,False,0.05660730980221461,0.049002116696011046,0.05698105312559344,0.1567825190346861,0.003246840415301702,False,False,False,32768
press,persistence,0.07995639977045357,False,1.250276585253331,False,0.006826883723336011,4.1169527298255236e-05,0.006974812855050073,0.0067927122464781445,4.864801436297175e-05,0.015592571700674306,False,0.0014062603740096762,False,0.00024312829224066923,False,11.7119908600673,30368.980828845168,2.235554132378562,0.2070248706234815,4.997702278794865,False,False,1.000001194458549,0.9999998400117044,0.9999999707273649,0.9999999749138714,0.9999999414547305,False,False,False,11.7119768705964,30368.985687527427,2.2355541978191242,0.20702487581693416,4.997702571386709,1,inner,19,False,False,0.006826891877765638,4.1169520711612736e-05,0.0069748126508789214,0.006792712076075291,4.864801151486064e-05,False,False,False,32768
press,persistence,0.006140749494079496,False,0.0044160532118151,False,0.005528069456297918,1.8057327077012887e-05,0.005058724828069466,0.00640188609187395,2.5590696886126446e-05,0.0010668329183375453,False,0.0001136246098986651,False,1.1381324756486035e-06,False,1.1108307416585685,244.55741389525852,0.2108896914926039,0.0177486147469714,0.044474461977845645,False,False,0.9999999978191072,0.9999999979965735,1.0000000065971875,1.0000000074408417,1.0000000131943751,False,False,False,1.1108307440811713,244.55741438521133,0.21088969010132505,0.017748614614906767,0.044474461391032914,2,inner,19,False,False,0.005528069444241791,1.805732704083636e-05,0.005058724861442822,0.006401886139509372,2.5590697223779702e-05,False,False,False,32768
press,persistence,0.08231219320441596,False,0.04518203480292189,False,0.6424266525999093,0.019992644210755688,0.7509531521367924,0.9887534120673591,0.5639306367041845,0.01693661666243151,False,0.0018054858797940264,False,0.00028684898397015273,False,0.12812698986148444,2.2599329196592595,0.022553493003177865,0.0018260224012971872,0.000508660046644393,False,False,0.9999997266009499,1.0000000271543963,1.000000002206301,0.9999999905567147,1.0000000044126018,False,False,False,0.12812702489129132,2.259932858292147,0.022553492953418075,0.0018260224185408377,0.0005086600443998787,3,middle,19,False,False,0.6424264769610728,0.01999264475364387,0.7509531537936209,0.9887534027302787,0.5639306391925859,False,False,False,32768
press,persistence,0.016745594952735702,False,0.016163072748962327,False,0.8706653301384029,0.4521261239392032,0.9066396104170653,0.9400174811669645,0.8219953831772081,0.0031049022669529117,False,0.0002539379127708901,False,9.64041808732933e-06,False,0.019233101828085637,0.035749035265070755,0.0034246267549733664,0.00027014169189241494,1.1728068410879409e-05,False,False,0.9999999637887512,0.9999999650418805,1.0000000047144322,0.9999999955699396,1.0000000094288646,False,False,False,0.0192331025245403,0.03574903651478985,0.0034246267388281957,0.000270141693089159,1.1728068300297042e-05,4,middle,19,False,False,0.870665298610524,0.4521261081337241,0.9066396146913563,0.9400174770026303,0.8219953909276912,False,False,False,32768
press,persistence,0.0027017960189823498,False,0.00027724748302408817,False,0.6748636343369898,0.25441075814956104,0.6832705252054027,0.6574763825947694,0.4668586106144669,0.0005273220187944951,False,4.097496549493142e-05,False,2.780685115055019e-07,False,0.004003469562612736,0.001089763204357506,0.000771761695173333,6.23215777473577e-05,5.956161141368165e-07,False,False,1.000000196128434,0.9999999747880975,0.9999999906017148,0.9999999920440972,0.9999999812034297,False,False,False,0.004003468777418674,0.0010897632318325103,0.0007717617024265695,6.232157824318213e-05,5.956161253323569e-07,5,middle,19,False,False,0.6748637666969375,0.25441075173538186,0.6832705187838315,0.6574763773639511,0.4668586018391262,False,False,False,32768
press,persistence,0.0008115390014302192,False,6.028574271580375e-06,False,0.6010144075051117,0.01940553414741466,0.5381076053849345,0.289653515844588,0.28955979497310835,0.00016767786974503505,False,1.0886393157385617e-05,False,2.811586800223294e-08,False,0.00135028210854216,0.00031066262983456933,0.0003116065784372011,3.7584191324736596e-05,9.709865972533957e-08,False,False,0.9999999134274657,1.0000000773550268,1.000000018700483,1.0000000169684378,1.0000000374009663,False,False,False,0.0013502822254395142,0.0003106626058032551,0.0003116065726100077,3.758419068699159e-05,9.7098656093756e-08,6,middle,19,False,False,0.6010143554737714,0.019405535648530273,0.5381076154478066,0.28965352075955564,0.2895598058029245,False,False,False,32768
press,persistence,0.001214635743062047,False,6.551345749576887e-05,False,1.196737607138511,1.4562118252886045,1.1456976550557743,1.0502840804495,1.3126231168003002,0.0003069992257553626,False,2.1497628804436015e-05,False,9.424852461439211e-08,False,0.0010149557729420167,4.498896132970549e-05,0.0002679583260039207,2.046839441309581e-05,7.180166447482343e-08,False,False,0.9999997703583152,1.0000005210840333,1.000000054101464,1.000000062385746,1.0000001082029308,False,False,False,0.001014956006018224,4.498893788668828e-05,0.0002679583115069837,2.0468393136159838e-05,7.180165670567373e-08,7,outer,19,False,False,1.1967373323176707,1.4562125840973357,1.1456977170396947,1.0502841459722556,1.3126232588299684,False,False,False,32768
press,persistence,0.001077986361707417,False,8.683164571239345e-05,False,1.0299297859629253,1.1343652016897368,0.9773754372415258,0.9408835770087223,0.9552627453230637,0.00024236625215370134,False,1.6902912385475153e-05,False,5.874140018303154e-08,False,0.0010466600504223321,7.654646456277931e-05,0.0002479766146341251,1.796493508709469e-05,6.149240140540138e-08,False,False,0.9999998886518762,0.999999575084029,0.9999999801590451,0.9999999723818104,0.9999999603180909,False,False,False,0.001046660166965978,7.654649708860844e-05,0.000247976619554218,1.7964935583253688e-05,6.149240384553736e-08,8,outer,19,False,False,1.029929671282176,1.1343647196798459,0.9773754178494638,0.9408835510232212,0.9552627074164142,False,False,False,32768
press,fno_plain,0.002590636150382578,False,0.0010626305639502092,False,0.00022119519911986097,3.499065608882396e-08,0.00031988441220026057,0.0005267141450900972,1.023260371687062e-07,0.0007151189195777797,False,0.00010904292774283505,False,5.11395069138091e-07,False,11.7119908600673,30368.980828845168,2.235554132378562,0.2070248706234815,4.997702278794865,False,False,1.000001194458549,0.9999998400117044,0.9999999707273649,0.9999999749138714,0.9999999414547305,False,False,False,11.7119768705964,30368.985687527427,2.2355541978191242,0.20702487581693416,4.997702571386709,1,inner,19,False,False,0.00022119546332835755,3.4990650490728524e-08,0.0003198844028364009,0.0005267141318768785,1.0232603117800078e-07,False,False,False,32768
press,fno_plain,0.00423565185352345,False,0.0009665061208539066,False,0.0038130488243413637,3.952062239535504e-06,0.00583559423397167,0.008485659570811068,3.40541600635634e-05,0.0012306666676783035,False,0.00015060870259627632,False,1.51454044693442e-06,False,1.1108307416585685,244.55741389525852,0.2108896914926039,0.0177486147469714,0.044474461977845645,False,False,0.9999999978191072,0.9999999979965735,1.0000000065971875,1.0000000074408417,1.0000000131943751,False,False,False,1.1108307440811713,244.55741438521133,0.21088969010132505,0.017748614614906767,0.044474461391032914,2,inner,19,False,False,0.003813048816025513,3.952062231617838e-06,0.00583559427247018,0.008485659633951518,3.4054160512886765e-05,False,False,False,32768
press,fno_plain,0.006060046637430787,False,0.006533171823619061,False,0.04729719042008389,0.0028908697982965342,0.055359254967302776,0.12835586722259099,0.0030646471105348376,0.0012485445695662027,False,0.00023438068888637849,False,1.5588635421932545e-06,False,0.12812698986148444,2.2599329196592595,0.022553493003177865,0.0018260224012971872,0.000508660046644393,False,False,0.9999997266009499,1.0000000271543963,1.000000002206301,0.9999999905567147,1.0000000044126018,False,False,False,0.12812702489129132,2.259932858292147,0.022553492953418075,0.0018260224185408377,0.0005086600443998787,3,middle,19,False,False,0.04729717748907696,0.002890869876796358,0.05535925508944195,0.1283558660104899,0.0030646471240579048,False,False,False,32768
press,fno_plain,0.004514876823232043,False,0.0008869269639377673,False,0.23474512138437686,0.024809815351978334,0.2650539641506722,0.3213332103068365,0.07025360391198586,0.0009077108971421437,False,8.680549709351e-05,False,8.239390727905955e-07,False,0.019233101828085637,0.035749035265070755,0.0034246267549733664,0.00027014169189241494,1.1728068410879409e-05,False,False,0.9999999637887512,0.9999999650418805,1.0000000047144322,0.9999999955699396,1.0000000094288646,False,False,False,0.0192331025245403,0.03574903651478985,0.0034246267388281957,0.000270141693089159,1.1728068300297042e-05,4,middle,19,False,False,0.23474511288396285,0.024809814484673842,0.2650539654002512,0.32133320888331096,0.07025360457439758,False,False,False,32768
press,fno_plain,0.0005449078019091756,False,3.8381808008611575e-05,False,0.13610889089751416,0.035220319290593424,0.13091427108158005,0.19869101783908896,0.017138546372821424,0.00010103461977230145,False,1.2382737715960418e-05,False,1.0207994392533528e-08,False,0.004003469562612736,0.001089763204357506,0.000771761695173333,6.23215777473577e-05,5.956161141368165e-07,False,False,1.000000196128434,0.9999999747880975,0.9999999906017148,0.9999999920440972,0.9999999812034297,False,False,False,0.004003468777418674,0.0010897632318325103,0.0007717617024265695,6.232157824318213e-05,5.956161253323569e-07,5,middle,19,False,False,0.13610891759233779,0.03522031840262217,0.13091426985121038,0.1986910162583225,0.01713854605067553,False,False,False,32768
press,fno_plain,0.00015652489480089566,False,3.8246524934378e-07,False,0.11592014276919411,0.001231127315015154,0.11428462759292234,0.08107034093651112,0.013060976104052947,3.561184177220027e-05,False,3.0469632045194596e-06,False,1.2682032744082284e-09,False,0.00135028210854216,0.00031066262983456933,0.0003116065784372011,3.7584191324736596e-05,9.709865972533957e-08,False,False,0.9999999134274657,1.0000000773550268,1.000000018700483,1.0000000169684378,1.0000000374009663,False,False,False,0.0013502822254395142,0.0003106626058032551,0.0003116065726100077,3.758419068699159e-05,9.7098656093756e-08,6,middle,19,False,False,0.11592013273369359,0.0012311274102490405,0.11428462973010006,0.08107034231214817,0.013060976592546075,False,False,False,32768
press,fno_plain,0.00026477635303422174,False,2.0262888441304623e-06,False,0.2608747692194743,0.04503968938692826,0.23578246692628327,0.2706075810868362,0.05559337170984387,6.317987513864166e-05,False,5.538902700859169e-06,False,3.99169662253435e-09,False,0.0010149557729420167,4.498896132970549e-05,0.0002679583260039207,2.046839441309581e-05,7.180166447482343e-08,False,False,0.9999997703583152,1.0000005210840333,1.000000054101464,1.000000062385746,1.0000001082029308,False,False,False,0.001014956006018224,4.498893788668828e-05,0.0002679583115069837,2.0468393136159838e-05,7.180165670567373e-08,7,outer,19,False,False,0.2608747093117528,0.045039712856391266,0.23578247968245994,0.27060759796889194,0.05559337772520962,False,False,False,32768
press,fno_plain,0.0002437967967736654,False,5.62870426321324e-06,False,0.2329283482973218,0.07353317093563319,0.248819918495654,0.36254902464991723,0.06191135184018388,6.17015210420912e-05,False,6.513169693725256e-06,False,3.8070776989076225e-09,False,0.0010466600504223321,7.654646456277931e-05,0.0002479766146341251,1.796493508709469e-05,6.149240140540138e-08,False,False,0.9999998886518762,0.999999575084029,0.9999999801590451,0.9999999723818104,0.9999999603180909,False,False,False,0.001046660166965978,7.654649708860844e-05,0.000247976619554218,1.7964935583253688e-05,6.149240384553736e-08,8,outer,19,False,False,0.23292832236118724,0.07353313969021447,0.2488199135588292,0.36254901463696954,0.06191134938342324,False,False,False,32768
press,fno_full,0.009154820695584931,False,0.0030990692373837124,False,0.0007816622131083464,1.0204719265521561e-07,0.000910153418704041,0.0010314327545233187,8.283792455786535e-07,0.0020346972362822943,False,0.0002135322325620112,False,4.139992843334807e-06,False,11.7119908600673,30368.980828845168,2.235554132378562,0.2070248706234815,4.997702278794865,False,False,1.000001194458549,0.9999998400117044,0.9999999707273649,0.9999999749138714,0.9999999414547305,False,False,False,11.7119768705964,30368.985687527427,2.2355541978191242,0.20702487581693416,4.997702571386709,1,inner,19,False,False,0.0007816631467714593,1.020471763288592e-07,0.000910153392061452,0.001031432728648664,8.283791970809673e-07,False,False,False,32768
press,fno_full,0.007605990657611983,False,0.0036333967204528316,False,0.006847119342642216,1.48570295317605e-05,0.0073014650337115605,0.01028549698319109,5.331139163851255e-05,0.0015398037084034656,False,0.00018255332343579522,False,2.370995460413065e-06,False,1.1108307416585685,244.55741389525852,0.2108896914926039,0.0177486147469714,0.044474461977845645,False,False,0.9999999978191072,0.9999999979965735,1.0000000065971875,1.0000000074408417,1.0000000131943751,False,False,False,1.1108307440811713,244.55741438521133,0.21088969010132505,0.017748614614906767,0.044474461391032914,2,inner,19,False,False,0.006847119327709383,1.4857029501995534e-05,0.007301465081880695,0.010285497059723845,5.331139234192306e-05,False,False,False,32768
press,fno_full,0.007167834023221053,False,0.0037208497669713745,False,0.05594320159218645,0.0016464425711947169,0.0754093304862053,0.11279061631228617,0.005686567124377731,0.0017007438074949585,False,0.00020595819204235048,False,2.8925294987324483e-06,False,0.12812698986148444,2.2599329196592595,0.022553493003177865,0.0018260224012971872,0.000508660046644393,False,False,0.9999997266009499,1.0000000271543963,1.000000002206301,0.9999999905567147,1.0000000044126018,False,False,False,0.12812702489129132,2.259932858292147,0.022553492953418075,0.0018260224185408377,0.0005086600443998787,3,middle,19,False,False,0.05594318629736828,0.0016464426159028707,0.07540933065258097,0.11279061524717221,0.005686567149470288,False,False,False,32768
press,fno_full,0.013319190028478258,False,0.0030149433872319734,False,0.6925138829675702,0.08433635662828022,0.7598437752036173,0.9707089261367505,0.5773625627156854,0.0026021813221622763,False,0.00026222895164165104,False,6.771347633410212e-06,False,0.019233101828085637,0.035749035265070755,0.0034246267549733664,0.00027014169189241494,1.1728068410879409e-05,False,False,0.9999999637887512,0.9999999650418805,1.0000000047144322,0.9999999955699396,1.0000000094288646,False,False,False,0.0192331025245403,0.03574903651478985,0.0034246267388281957,0.000270141693089159,1.1728068300297042e-05,4,middle,19,False,False,0.6925138578907777,0.08433635368003979,0.7598437787858494,0.9707089218364513,0.5773625681595589,False,False,False,32768
press,fno_full,0.0026894699955209945,False,0.0004946260937101269,False,0.6717847990246236,0.4538840105192803,0.8915735358206678,1.3068998364710191,0.7949033697757675,0.0006880823033766409,False,8.144805976663768e-05,False,4.7345725622010363e-07,False,0.004003469562612736,0.001089763204357506,0.000771761695173333,6.23215777473577e-05,5.956161141368165e-07,False,False,1.000000196128434,0.9999999747880975,0.9999999906017148,0.9999999920440972,0.9999999812034297,False,False,False,0.004003468777418674,0.0010897632318325103,0.0007717617024265695,6.232157824318213e-05,5.956161253323569e-07,5,middle,19,False,False,0.6717849307807242,0.4538839990760009,0.8915735274414055,1.3068998260734508,0.7949033548343105,False,False,False,32768
press,fno_full,0.0050997540601019865,False,0.0013911311848864222,False,3.776806363529445,4.477948266990504,3.1319599001023897,2.4510619553331385,9.809172815849369,0.0009759393082734238,False,9.212118147802366e-05,False,9.52457533433209e-07,False,0.00135028210854216,0.00031066262983456933,0.0003116065784372011,3.7584191324736596e-05,9.709865972533957e-08,False,False,0.9999999134274657,1.0000000773550268,1.000000018700483,1.0000000169684378,1.0000000374009663,False,False,False,0.0013502822254395142,0.0003106626058032551,0.0003116065726100077,3.758419068699159e-05,9.7098656093756e-08,6,middle,19,False,False,3.7768060365617466,4.4779486133823125,3.131959958671552,2.4510619969238308,9.809173182721914,False,False,False,32768
press,fno_full,0.0042936895088723755,False,0.0015286718046918562,False,4.230420303365937,33.978819681762666,4.317418021948099,5.8264103114865025,18.640098376242243,0.0011568881058203711,False,0.00011925726426803415,False,1.3383900893886464e-06,False,0.0010149557729420167,4.498896132970549e-05,0.0002679583260039207,2.046839441309581e-05,7.180166447482343e-08,False,False,0.9999997703583152,1.0000005210840333,1.000000054101464,1.000000062385746,1.0000001082029308,False,False,False,0.001014956006018224,4.498893788668828e-05,0.0002679583115069837,2.0468393136159838e-05,7.180165670567373e-08,7,outer,19,False,False,4.230419331885091,33.97883738758307,4.317418255526735,5.826410674971456,18.640100393155517,False,False,False,32768
press,fno_full,0.005080943768689394,False,0.004440663247737119,False,4.854435560657168,58.01264987353041,5.144048547315128,9.825257215444998,26.46123545713488,0.0012756037442767944,False,0.0001765101080894781,False,1.6271649124129777e-06,False,0.0010466600504223321,7.654646456277931e-05,0.0002479766146341251,1.796493508709469e-05,6.149240140540138e-08,False,False,0.9999998886518762,0.999999575084029,0.9999999801590451,0.9999999723818104,0.9999999603180909,False,False,False,0.001046660166965978,7.654649708860844e-05,0.000247976619554218,1.7964935583253688e-05,6.149240384553736e-08,8,outer,19,False,False,4.854435020124877,58.01262522302896,5.1440484452522925,9.82525694408918,26.461234407102538,False,False,False,32768
press,localno_plain,0.00040745213814943757,False,0.00012254454771551843,False,3.4789314901078766e-05,4.035188023139807e-09,4.753225157470253e-05,0.00010956667031508725,2.2593149397608106e-09,0.00010626092142908364,False,2.2683025746626588e-05,False,1.1291383422957886e-08,False,11.7119908600673,30368.980828845168,2.235554132378562,0.2070248706234815,4.997702278794865,False,False,1.000001194458549,0.9999998400117044,0.9999999707273649,0.9999999749138714,0.9999999414547305,False,False,False,11.7119768705964,30368.985687527427,2.2355541978191242,0.20702487581693416,4.997702571386709,1,inner,19,False,False,3.478935645547336e-05,4.0351873775569526e-09,4.753225018330827e-05,0.00010956666756648366,2.2593148074886088e-09,False,False,False,32768
press,localno_plain,0.0018549506695489971,False,0.0015032782907362949,False,0.0016698769668360021,6.146934033985712e-06,0.00169525694021142,0.007475027642013304,2.8738960933349865e-06,0.000357512213121882,False,0.00013267138584105619,False,1.27814982531306e-07,False,1.1108307416585685,244.55741389525852,0.2108896914926039,0.0177486147469714,0.044474461977845645,False,False,0.9999999978191072,0.9999999979965735,1.0000000065971875,1.0000000074408417,1.0000000131943751,False,False,False,1.1108307440811713,244.55741438521133,0.21088969010132505,0.017748614614906767,0.044474461391032914,2,inner,19,False,False,0.0016698769631941794,6.1469340216707815e-06,0.001695256951395348,0.007475027697633802,2.87389613125425e-06,False,False,False,32768
press,localno_plain,0.0016782377489835197,False,0.0017328034956819983,False,0.013098237543844817,0.0007667499688191015,0.0175408210694951,0.08558818743604595,0.0003076804037920431,0.00039560678526085255,False,0.00015628594754464237,False,1.565047285444263e-07,False,0.12812698986148444,2.2599329196592595,0.022553493003177865,0.0018260224012971872,0.000508660046644393,False,False,0.9999997266009499,1.0000000271543963,1.000000002206301,0.9999999905567147,1.0000000044126018,False,False,False,0.12812702489129132,2.259932858292147,0.022553492953418075,0.0018260224185408377,0.0005086600443998787,3,middle,19,False,False,0.013098233962799116,0.0007667499896397339,0.017540821108195426,0.08558818662781228,0.0003076804051497142,False,False,False,32768
press,localno_plain,0.0012586724797802149,False,0.011199513224799241,False,0.0654430310321659,0.3132815512854393,0.20616997775242954,0.5251958151245395,0.0425060597264373,0.0007060552218832339,False,0.00014187728607255908,False,4.985139763485827e-07,False,0.019233101828085637,0.035749035265070755,0.0034246267549733664,0.00027014169189241494,1.1728068410879409e-05,False,False,0.9999999637887512,0.9999999650418805,1.0000000047144322,0.9999999955699396,1.0000000094288646,False,False,False,0.0192331025245403,0.03574903651478985,0.0034246267388281957,0.000270141693089159,1.1728068300297042e-05,4,middle,19,False,False,0.065443028662392,0.31328154033370537,0.20616997872440393,0.5251958127978903,0.042506060127221176,False,False,False,32768
press,localno_plain,0.0021677474694706683,False,0.004824225809518387,False,0.541467203776106,4.426856944910904,0.6241028022459052,3.067978138169974,0.3895043077711915,0.00048165863662372725,False,0.00019120123806515375,False,2.3199504223422772e-07,False,0.004003469562612736,0.001089763204357506,0.000771761695173333,6.23215777473577e-05,5.956161141368165e-07,False,False,1.000000196128434,0.9999999747880975,0.9999999906017148,0.9999999920440972,0.9999999812034297,False,False,False,0.004003468777418674,0.0010897632318325103,0.0007717617024265695,6.232157824318213e-05,5.956161253323569e-07,5,middle,19,False,False,0.5414673099732208,4.426856833301419,0.6241027963804091,3.0679781137614377,0.3895043004498464,False,False,False,32768
press,localno_plain,0.0011685836439255545,False,0.0012549583396382876,False,0.8654366643332205,4.039617962117182,0.8334157427663743,2.352149573058143,0.6945818002908274,0.00025969782801912845,False,8.840363957821474e-05,False,6.744296187785282e-08,False,0.00135028210854216,0.00031066262983456933,0.0003116065784372011,3.7584191324736596e-05,9.709865972533957e-08,False,False,0.9999999134274657,1.0000000773550268,1.000000018700483,1.0000000169684378,1.0000000374009663,False,False,False,0.0013502822254395142,0.0003106626058032551,0.0003116065726100077,3.758419068699159e-05,9.7098656093756e-08,6,middle,19,False,False,0.8654365894101752,4.0396182746019385,0.8334157583516512,2.3521496129704467,0.694581826268858,False,False,False,32768
press,localno_plain,0.001956203522167925,False,0.0021458137023437156,False,1.9273780930350752,47.696449060424726,1.2784344508982686,4.749950297046037,1.6343946452435578,0.0003425671553684416,False,9.722385612253989e-05,False,1.17352255937226e-07,False,0.0010149557729420167,4.498896132970549e-05,0.0002679583260039207,2.046839441309581e-05,7.180166447482343e-08,False,False,0.9999997703583152,1.0000005210840333,1.000000054101464,1.000000062385746,1.0000001082029308,False,False,False,0.001014956006018224,4.498893788668828e-05,0.0002679583115069837,2.0468393136159838e-05,7.180165670567373e-08,7,outer,19,False,False,1.9273776504287226,47.69647391428278,1.2784345200634442,4.749950593375229,1.6343948220898485,False,False,False,32768
press,localno_plain,0.00030713036072938844,False,2.5942460578080195e-05,False,0.29343850527729604,0.33891128383602326,0.2589637302815869,0.5794206905340548,0.06706221360135448,6.421694914825258e-05,False,1.0409255093563875e-05,False,4.1238165579092575e-09,False,0.0010466600504223321,7.654646456277931e-05,0.0002479766146341251,1.796493508709469e-05,6.149240140540138e-08,False,False,0.9999998886518762,0.999999575084029,0.9999999801590451,0.9999999723818104,0.9999999603180909,False,False,False,0.001046660166965978,7.654649708860844e-05,0.000247976619554218,1.7964935583253688e-05,6.149240384553736e-08,8,outer,19,False,False,0.293438472603469,0.338911139827206,0.25896372514349925,0.5794206745315043,0.0670622109401978,False,False,False,32768
vel1,persistence,1.221684423983097,False,156.40473916850172,False,0.7709963001649649,1.007646142192946,0.79269893844623,0.8334300333170024,0.62837160701378,0.31742622985237123,False,0.037523924214963304,False,0.10075941139829042,False,1.584552900865674,155.21792087460108,0.4004373091183378,0.04502348453369301,0.1603500385339352,False,False,0.9999999783237431,0.9999999989239212,1.0000000012192378,1.0000000011321337,1.0000000024384756,False,False,False,1.5845529352128505,155.2179210416278,0.40043730863010946,0.0450234844827204,0.16035003814292553,1,inner,19,False,False,0.770996283452651,1.0076461411086395,0.7926989394127186,0.8334300342605566,0.628371608546049,False,False,False,32768
vel1,persistence,0.716162918433547,False,31.01538857979237,False,0.8130728610821965,1.8816271178741693,0.5486137284148913,0.6652588187283502,0.3009770230052881,0.15281092532357146,False,0.0194141650252893,False,0.023351178898246137,False,0.8808102603256702,16.48328103117106,0.2785401046471947,0.029182875113778567,0.07758458989687017,False,False,0.9999999748351289,0.9999999955387359,1.0000000008914458,0.999999995105555,1.0000000017828918,False,False,False,0.8808102824911475,16.48328110470733,0.27854010439889126,0.029182875256612544,0.07758458975854524,2,inner,19,False,False,0.8130728406213227,1.8816271094797339,0.5486137289039507,0.6652588154722776,0.3009770235418976,False,False,False,32768
vel1,persistence,0.4965108504891395,False,14.050299930686032,False,0.4438358187637251,0.51798850612059,0.3201629974125348,0.5077975788382261,0.10250434491217875,0.10955862621565572,False,0.015959909180069596,False,0.012003092578261765,False,1.118681344538927,27.12473300983837,0.3421964033978849,0.031429667736076576,0.11709837849844795,False,False,1.0000000109850777,0.9999999983091264,1.0000000006017284,1.0000000012772332,1.0000000012034567,False,False,False,1.1186813322501257,27.124733055702862,0.3421964031919756,0.03142966769593356,0.11709837835752512,3,middle,19,False,False,0.443835823639296,0.5179885052447369,0.32016299760518596,0.507797579486802,0.10250434503553829,False,False,False,32768
vel1,persistence,0.6340854650735855,False,5.964090416205573,False,0.35661640614144524,0.12232059615924035,0.38097840936087934,0.3734650178122992,0.14514454839914578,0.18732150771330114,False,0.015886395507983427,False,0.03508934725198434,False,1.7780602747201917,48.75785929330621,0.49168536355524034,0.042537840896166114,0.24175449673444888,False,False,0.999999965974881,0.9999999888724744,1.0000000010737964,1.0000000022424003,1.000000002147593,False,False,False,1.7780603352189062,48.75785983586054,0.49168536302727034,0.04253784080077925,0.24175449621525863,4,middle,19,False,False,0.3566163940075296,0.12232059479811479,0.3809784097699726,0.37346501864975723,0.14514454871085716,False,False,False,32768
vel1,persistence,0.6918955636024475,False,4.451990590438049,False,0.3539819440082499,0.048368468102985125,0.3987703853601322,0.30112540152464645,0.1590178202402683,0.22499692059148396,False,0.015206483110155903,False,0.05062361427565054,False,1.954606937766075,92.04324149689761,0.5642267551746295,0.05049883879992531,0.31835183125489136,False,False,1.0000000304944414,1.0000000125777082,1.0000000006008298,0.9999999983336745,1.0000000012016599,False,False,False,1.9546068781614303,92.04324033920459,0.5642267548356252,0.05049883888407281,0.3183518308723407,5,middle,19,False,False,0.3539819548027315,0.04836846871134961,0.39877038559972533,0.3011254010228735,0.15901782043135365,False,False,False,32768
vel1,persistence,0.6867284005880356,False,2.0529986188852107,False,0.4355763364961274,0.013955488507757123,0.5999979310214121,0.2868866512645515,0.3599975172299752,0.23581110336805172,False,0.012285543938935642,False,0.055606876471657976,False,1.5765971267223355,147.11048042095098,0.39301986086288077,0.04282368623560171,0.15446461103267817,False,False,1.0000000189029412,1.000000002364028,1.0000000017222044,1.0000000061744645,1.000000003444409,False,False,False,1.5765970969200132,147.11048007317768,0.3930198601860202,0.04282368597118839,0.15446461050063887,6,middle,19,False,False,0.43557634472980133,0.01395548854074829,0.5999979320547313,0.2868866530359229,0.3599975184699539,False,False,False,32768
vel1,persistence,0.6359860438108444,False,3.226759542557939,False,0.20353800116152235,0.00784024771387139,0.2451107578685611,0.1408165354976729,0.060079283622900374,0.20895891128883937,False,0.010589520867460312,False,0.04366382660701704,False,3.1246550530195236,411.56346844105207,0.8525081196186913,0.0752008336949556,0.726770094015797,False,False,0.9858564962696328,0.9261424987010518,0.9945770473213579,0.9806397441856012,0.9891835030584707,False,False,False,3.169482642598449,444.38460498064245,0.8571564384224497,0.07668548428802278,0.7347171599290587,7,outer,19,False,False,0.20065926068282286,0.007261186608160059,0.24378153382761378,0.13809029134754058,0.059429436235344,False,False,False,32768
vel1,persistence,0.5442226278781891,False,3.0208606970417073,False,0.21630663430981456,0.004112952366411217,0.25072453844486975,0.15563140964966285,0.06286279417839295,0.1707138852479906,False,0.008920216002879127,False,0.029143230616464108,False,2.5159775131940827,734.4750018774419,0.6808822395560131,0.05731629638875054,0.46360062414281206,False,False,0.9999998424881313,1.00000004355819,0.9999999998738504,1.0000000104107063,0.9999999997477008,False,False,False,2.5159779094904646,734.4749698850417,0.6808822396419062,0.057316295792047424,0.4636006242597781,8,outer,19,False,False,0.2163066002389524,0.004112952545563976,0.2507245384132409,0.15563141126989574,0.06286279416253272,False,False,False,32768
vel1,fno_plain,0.7089818347990513,False,32.832639249998074,False,0.44743336395504363,0.21152608580888813,0.3581499047559758,0.40967140823760734,0.12827135427671457,0.14341658412147193,False,0.018444834312682148,False,0.020568316601071238,False,1.584552900865674,155.21792087460108,0.4004373091183378,0.04502348453369301,0.1603500385339352,False,False,0.9999999783237431,0.9999999989239212,1.0000000012192378,1.0000000011321337,1.0000000024384756,False,False,False,1.5845529352128505,155.2179210416278,0.40043730863010946,0.0450234844827204,0.16035003814292553,1,inner,19,False,False,0.4474333542563631,0.2115260855812694,0.3581499051926458,0.40967140870141017,0.12827135458950117,False,False,False,32768
vel1,fno_plain,0.35619268476963045,False,7.3793659190242735,False,0.4043920703625001,0.4476879272439368,0.27822728876444514,0.4607441944365465,0.07741042421321397,0.07749745812815381,False,0.013445840285640246,False,0.006005856016324954,False,0.8808102603256702,16.48328103117106,0.2785401046471947,0.029182875113778567,0.07758458989687017,False,False,0.9999999748351289,0.9999999955387359,1.0000000008914458,0.999999995105555,1.0000000017828918,False,False,False,0.8808102824911475,16.48328110470733,0.27854010439889126,0.029182875256612544,0.07758458975854524,2,inner,19,False,False,0.40439206018602575,0.4476879252466827,0.27822728901246974,0.4607441921814594,0.07741042435122837,False,False,False,32768
vel1,fno_plain,0.28268251568078995,False,7.8329215697542764,False,0.25269261623138956,0.2887741445017435,0.18721768758424495,0.39437829586654166,0.03505046254439195,0.06406521934379747,False,0.012395178801405506,False,0.004104352329568882,False,1.118681344538927,27.12473300983837,0.3421964033978849,0.031429667736076576,0.11709837849844795,False,False,1.0000000109850777,0.9999999983091264,1.0000000006017284,1.0000000012772332,1.0000000012034567,False,False,False,1.1186813322501257,27.124733055702862,0.3421964031919756,0.03142966769593356,0.11709837835752512,3,middle,19,False,False,0.25269261900723755,0.2887741440134629,0.18721768769689914,0.3943782963702547,0.03505046258657367,False,False,False,32768
vel1,fno_plain,0.2843762450665235,False,9.385427502204362,False,0.15993622325951518,0.19249055717860142,0.1384007189727081,0.25603158819400373,0.01915475901216252,0.06804960782440263,False,0.010891030962989254,False,0.004630749125054999,False,1.7780602747201917,48.75785929330621,0.49168536355524034,0.042537840896166114,0.24175449673444888,False,False,0.999999965974881,0.9999999888724744,1.0000000010737964,1.0000000022424003,1.000000002147593,False,False,False,1.7780603352189062,48.75785983586054,0.49168536302727034,0.04253784080077925,0.24175449621525863,4,middle,19,False,False,0.15993621781766615,0.19249055503665782,0.1384007191213223,0.25603158876812904,0.019154759053299147,False,False,False,32768
vel1,fno_plain,0.36067046970129013,False,12.439072606174292,False,0.18452327305944247,0.13514379115595967,0.17358091164343728,0.2464302391228691,0.03013033288696677,0.09793899453683068,False,0.012444440920892814,False,0.009592046650885349,False,1.954606937766075,92.04324149689761,0.5642267551746295,0.05049883879992531,0.31835183125489136,False,False,1.0000000304944414,1.0000000125777082,1.0000000006008298,0.9999999983336745,1.0000000012016599,False,False,False,1.9546068781614303,92.04324033920459,0.5642267548356252,0.05049883888407281,0.3183518308723407,5,middle,19,False,False,0.18452327868637658,0.13514379285575887,0.17358091174772985,0.24643023871223613,0.030130332923173186,False,False,False,32768
vel1,fno_plain,0.5371442720293998,False,12.619052405830493,False,0.3406984973682498,0.08577942489020197,0.3239449892207385,0.3064379479902507,0.10494035604122434,0.12731681459076205,False,0.013122802535416133,False,0.016209571277538477,False,1.5765971267223355,147.11048042095098,0.39301986086288077,0.04282368623560171,0.15446461103267817,False,False,1.0000000189029412,1.000000002364028,1.0000000017222044,1.0000000061744645,1.000000003444409,False,False,False,1.5765970969200132,147.11048007317768,0.3930198601860202,0.04282368597118839,0.15446461050063887,6,middle,19,False,False,0.3406985038084535,0.08577942509298694,0.323944989778638,0.3064379498823409,0.10494035640268186,False,False,False,32768
vel1,fno_plain,0.5255089005827903,False,6.929446719103083,False,0.16818141256103217,0.016836884831763398,0.17273677917449784,0.14426427286271895,0.02983799487957924,0.14725950680304029,False,0.010848793591673024,False,0.02168536234387467,False,3.1246550530195236,411.56346844105207,0.8525081196186913,0.0752008336949556,0.726770094015797,False,False,0.9858564962696328,0.9261424987010518,0.9945770473213579,0.9806397441856012,0.9891835030584707,False,False,False,3.169482642598449,444.38460498064245,0.8571564384224497,0.07668548428802278,0.7347171599290587,7,outer,19,False,False,0.16580273812509677,0.015593354588431191,0.1718000357951735,0.14147127963521847,0.029515252299222902,False,False,False,32768
vel1,fno_plain,0.43070568054914443,False,41.45781457983257,False,0.17118820748217067,0.0564455079803389,0.1205990093316759,0.24087190622239424,0.014544121051781649,0.08211372356198801,False,0.013805885568766075,False,0.0067426635972145845,False,2.5159775131940827,734.4750018774419,0.6808822395560131,0.05731629638875054,0.46360062414281206,False,False,0.9999998424881313,1.00000004355819,0.9999999998738504,1.0000000104107063,0.9999999997477008,False,False,False,2.5159779094904646,734.4749698850417,0.6808822396419062,0.057316295792047424,0.4636006242597781,8,outer,19,False,False,0.17118818051799622,0.056445510439003053,0.12059900931646238,0.2408719087300409,0.01454412104811218,False,False,False,32768
vel1,fno_full,0.5903219440579415,False,34.09644776528635,False,0.3725479557895709,0.21966824174144498,0.3536711361526831,0.5022720558244229,0.12508327254752974,0.1416231180738057,False,0.022614038137117095,False,0.020057107572947114,False,1.584552900865674,155.21792087460108,0.4004373091183378,0.04502348453369301,0.1603500385339352,False,False,0.9999999783237431,0.9999999989239212,1.0000000012192378,1.0000000011321337,1.0000000024384756,False,False,False,1.5845529352128505,155.2179210416278,0.40043730863010946,0.0450234844827204,0.16035003814292553,1,inner,19,False,False,0.37254794771412575,0.21966824150506464,0.3536711365838924,0.502272056393062,0.12508327285254225,False,False,False,32768
vel1,fno_full,0.5221530784666538,False,15.67387588487359,False,0.5928099410122598,0.9508953863756355,0.4324706429930791,0.6111562328129504,0.18703085705084727,0.12046041815613183,False,0.01783529601718771,False,0.014510712342350135,False,0.8808102603256702,16.48328103117106,0.2785401046471947,0.029182875113778567,0.07758458989687017,False,False,0.9999999748351289,0.9999999955387359,1.0000000008914458,0.999999995105555,1.0000000017828918,False,False,False,0.8808102824911475,16.48328110470733,0.27854010439889126,0.029182875256612544,0.07758458975854524,2,inner,19,False,False,0.5928099260942741,0.9508953821334402,0.4324706433786033,0.6111562298216798,0.18703085738430308,False,False,False,32768
vel1,fno_full,0.575615867972374,False,31.138560810438786,False,0.5145485537792878,1.1479766749831075,0.32814702954457653,0.5592301653179722,0.10768047299892919,0.11229073329585355,False,0.017576418283935042,False,0.012609208784120515,False,1.118681344538927,27.12473300983837,0.3421964033978849,0.031429667736076576,0.11709837849844795,False,False,1.0000000109850777,0.9999999983091264,1.0000000006017284,1.0000000012772332,1.0000000012034567,False,False,False,1.1186813322501257,27.124733055702862,0.3421964031919756,0.03142966769593356,0.11709837835752512,3,middle,19,False,False,0.5145485594316436,1.147976673042024,0.3281470297420319,0.5592301660322395,0.10768047312851797,False,False,False,32768
vel1,fno_full,0.6254465512931346,False,18.804617716348254,False,0.3517577891961843,0.3856735711719376,0.2551018539242801,0.4939148429863615,0.06507695587560472,0.12542984779037547,False,0.021010071007208714,False,0.015732646716716755,False,1.7780602747201917,48.75785929330621,0.49168536355524034,0.042537840896166114,0.24175449673444888,False,False,0.999999965974881,0.9999999888724744,1.0000000010737964,1.0000000022424003,1.000000002147593,False,False,False,1.7780603352189062,48.75785983586054,0.49168536302727034,0.04253784080077925,0.24175449621525863,4,middle,19,False,False,0.3517577772275836,0.3856735668803451,0.2551018541982076,0.4939148440939163,0.06507695601536354,False,False,False,32768
vel1,fno_full,0.43061829686164854,False,11.615700728203336,False,0.22030940775939495,0.12619830135594315,0.15284470935357403,0.3043357178205078,0.023361505177378516,0.08623907440417641,False,0.015368600355277378,False,0.0074371779540890765,False,1.954606937766075,92.04324149689761,0.5642267551746295,0.05049883879992531,0.31835183125489136,False,False,1.0000000304944414,1.0000000125777082,1.0000000006008298,0.9999999983336745,1.0000000012016599,False,False,False,1.9546068781614303,92.04324033920459,0.5642267548356252,0.05049883888407281,0.3183518308723407,5,middle,19,False,False,0.22030941447760727,0.12619830294322856,0.15284470944540768,0.3043357173133854,0.023361505205451102,False,False,False,32768
vel1,fno_full,0.6721934974193573,False,19.118585777169287,False,0.426357175226377,0.12996073238604203,0.3925854462550194,0.5897126915018653,0.15412333261125272,0.1542938774639397,False,0.02525367127002807,False,0.023806600622857232,False,1.5765971267223355,147.11048042095098,0.39301986086288077,0.04282368623560171,0.15446461103267817,False,False,1.0000000189029412,1.000000002364028,1.0000000017222044,1.0000000061744645,1.000000003444409,False,False,False,1.5765970969200132,147.11048007317768,0.3930198601860202,0.04282368597118839,0.15446461050063887,6,middle,19,False,False,0.42635718328578165,0.12996073269327285,0.39258544693113184,0.5897126951430254,0.15412333314211651,False,False,False,32768
vel1,fno_full,0.5010247653722764,False,17.041996341001468,False,0.16034562435559374,0.04140794226842896,0.12588750427389728,0.2402449879997615,0.015847663732310502,0.10732011955203014,False,0.018066623388616667,False,0.01151760806066204,False,3.1246550530195236,411.56346844105207,0.8525081196186913,0.0752008336949556,0.726770094015797,False,False,0.9858564962696328,0.9261424987010518,0.9945770473213579,0.9806397441856012,0.9891835030584707,False,False,False,3.169482642598449,444.38460498064245,0.8571564384224497,0.07668548428802278,0.7347171599290587,7,outer,19,False,False,0.15807777541937232,0.03834965511855169,0.12520482229538757,0.2355937835739589,0.015676247526019583,False,False,False,32768
vel1,fno_full,0.6251456928253174,False,33.329018193066354,False,0.248470302117956,0.04537801573623577,0.21775192909860075,0.5137598225334155,0.047415902626162035,0.14826342115229746,False,0.029446810260957117,False,0.021982042051783522,False,2.5159775131940827,734.4750018774419,0.6808822395560131,0.05731629638875054,0.46360062414281206,False,False,0.9999998424881313,1.00000004355819,0.9999999998738504,1.0000000104107063,0.9999999997477008,False,False,False,2.5159779094904646,734.4749698850417,0.6808822396419062,0.057316295792047424,0.4636006242597781,8,outer,19,False,False,0.24847026298093444,0.04537801771282,0.21775192907113142,0.513759827882018,0.04741590261419905,False,False,False,32768
vel1,localno_plain,0.5038707651197909,False,73.23990623117984,False,0.31798923522497474,0.4718521277601031,0.28416152601109695,0.6736065911155416,0.08074777286495534,0.11378887683084421,False,0.030328115936884257,False,0.012947908490425035,False,1.584552900865674,155.21792087460108,0.4004373091183378,0.04502348453369301,0.1603500385339352,False,False,0.9999999783237431,0.9999999989239212,1.0000000012192378,1.0000000011321337,1.0000000024384756,False,False,False,1.5845529352128505,155.2179210416278,0.40043730863010946,0.0450234844827204,0.16035003814292553,1,inner,19,False,False,0.3179892283321584,0.47185212725235304,0.2841615263575574,0.6736065918781544,0.08074777306185682,False,False,False,32768
vel1,localno_plain,0.5693565026670624,False,72.57802716866448,False,0.646400851934387,4.403129876352545,0.4655190276445977,1.4931950112390102,0.21670796509917167,0.12966571867538657,False,0.043575723533505216,False,0.01681319859960449,False,0.8808102603256702,16.48328103117106,0.2785401046471947,0.029182875113778567,0.07758458989687017,False,False,0.9999999748351289,0.9999999955387359,1.0000000008914458,0.999999995105555,1.0000000017828918,False,False,False,0.8808102824911475,16.48328110470733,0.27854010439889126,0.029182875256612544,0.07758458975854524,2,inner,19,False,False,0.6464008356677928,4.403129856709019,0.46551902805958273,1.4931950039306492,0.21670796548553856,False,False,False,32768
vel1,localno_plain,0.6824960312992333,False,107.71717699731984,False,0.6100897584740981,3.9711792539395656,0.41783349041380274,1.5273284174956525,0.1745848257113814,0.1429811176387879,False,0.048003424685756,False,0.020443600001236906,False,1.118681344538927,27.12473300983837,0.3421964033978849,0.031429667736076576,0.11709837849844795,False,False,1.0000000109850777,0.9999999983091264,1.0000000006017284,1.0000000012772332,1.0000000012034567,False,False,False,1.1186813322501257,27.124733055702862,0.3421964031919756,0.03142966769593356,0.11709837835752512,3,middle,19,False,False,0.6100897651759815,3.9711792472248035,0.417833490665225,1.527328419446407,0.17458482592148666,False,False,False,32768
vel1,localno_plain,0.5635904000699519,False,144.85326409303474,False,0.31696923219244777,2.970870054439021,0.21544678462272973,1.1682913060811784,0.046417317004272894,0.10593203062403443,False,0.04969658969845527,False,0.01122159511213137,False,1.7780602747201917,48.75785929330621,0.49168536355524034,0.042537840896166114,0.24175449673444888,False,False,0.999999965974881,0.9999999888724744,1.0000000010737964,1.0000000022424003,1.000000002147593,False,False,False,1.7780603352189062,48.75785983586054,0.49168536302727034,0.04253784080077925,0.24175449621525863,4,middle,19,False,False,0.3169692214075319,2.970870021380588,0.21544678485407573,1.168291308700955,0.0464173171039584,False,False,False,32768
vel1,localno_plain,0.45457716315984725,False,106.77030674059326,False,0.23256704679426984,1.160001592775196,0.16374454663953592,0.868630324627222,0.02681227655418715,0.09238905422796613,False,0.04386482274007688,False,0.008535737341138067,False,1.954606937766075,92.04324149689761,0.5642267551746295,0.05049883879992531,0.31835183125489136,False,False,1.0000000304944414,1.0000000125777082,1.0000000006008298,0.9999999983336745,1.0000000012016599,False,False,False,1.9546068781614303,92.04324033920459,0.5642267548356252,0.05049883888407281,0.3183518308723407,5,middle,19,False,False,0.232567053886272,1.1600016073653576,0.16374454673791852,0.8686303231798013,0.026812276586406388,False,False,False,32768
vel1,localno_plain,0.44779379904270167,False,127.10403866084005,False,0.2840255075014896,0.8640039669310897,0.2653094770377117,1.116755248539704,0.07038911860602405,0.1042718937509651,False,0.047823576365425696,False,0.010872627826412556,False,1.5765971267223355,147.11048042095098,0.39301986086288077,0.04282368623560171,0.15446461103267817,False,False,1.0000000189029412,1.000000002364028,1.0000000017222044,1.0000000061744645,1.000000003444409,False,False,False,1.5765970969200132,147.11048007317768,0.3930198601860202,0.04282368597118839,0.15446461050063887,6,middle,19,False,False,0.2840255128704071,0.8640039689736193,0.26530947749462885,1.1167552554350697,0.07038911884847297,False,False,False,32768
vel1,localno_plain,0.43012470453977586,False,127.32644557357219,False,0.1376551002403043,0.3093725642265284,0.11976980075634022,0.5928370064890341,0.014344805173213435,0.10210472762989292,False,0.04458183713319717,False,0.01042537540437462,False,3.1246550530195236,411.56346844105207,0.8525081196186913,0.0752008336949556,0.726770094015797,False,False,0.9858564962696328,0.9261424987010518,0.9945770473213579,0.9806397441856012,0.9891835030584707,False,False,False,3.169482642598449,444.38460498064245,0.8571564384224497,0.07668548428802278,0.7347171599290587,7,outer,19,False,False,0.13570817481655148,0.28652307966230867,0.1191202947945082,0.5813595303871639,0.014189644631930539,False,False,False,32768
vel1,localno_plain,0.377168607711792,False,11.570162017712835,False,0.14990937150029177,0.015752969111457234,0.13842563832062943,0.22886228403869308,0.019161657344473712,0.09425155863172084,False,0.013117538504168145,False,0.008883356304508712,False,2.5159775131940827,734.4750018774419,0.6808822395560131,0.05731629638875054,0.46360062414281206,False,False,0.9999998424881313,1.00000004355819,0.9999999998738504,1.0000000104107063,0.9999999997477008,False,False,False,2.5159779094904646,734.4749698850417,0.6808822396419062,0.057316295792047424,0.4636006242597781,8,outer,19,False,False,0.14990934788778654,0.015752969797628052,0.1384256383031671,0.22886228642131107,0.019161657339639242,False,False,False,32768
vel2,persistence,0.07146307080984116,False,1.7839205699087917,False,1.0,2.4512357347963225,1.1677261014510194,1.42910014740779,1.3635842480099967,0.027107959468245124,False,0.0035498549191007264,False,0.0007348414665320206,False,0.07146307080984116,0.7277637742405958,0.02321431321485467,0.002483979114787527,0.0005389043380373761,False,False,0.4315659882741565,0.31451272449873885,0.702527656234138,0.5914976785011393,0.4935451077738311,False,False,False,0.16559013627469538,2.3139406375385425,0.03304398482942829,0.004199473987931708,0.001091904933407487,1,inner,19,False,False,0.4315659882741565,0.7709448293394594,0.8203598811758119,0.8453094195373437,0.6729903346427923,False,False,False,32768
vel2,persistence,0.07146307080984116,False,0.33963678296112265,False,3.510665944210737,5.255471873180903,5.301795451655957,2.5350800887147953,28.10903501119979,0.022748711508761538,False,0.0018297884441525597,False,0.0005175038753088596,False,0.020355987139046173,0.06462536403140441,0.00429075616292519,0.0007217872335860616,1.8410588449680498e-05,False,False,0.9999998929408543,0.9999999998192801,1.0000000013312278,1.0000000009678915,1.0000000026624554,False,False,False,0.020355989318340997,0.0646253640430835,0.004290756157213216,0.0007217872328874499,1.841058840066313e-05,2,inner,19,False,False,3.5106655683618406,5.255471872231134,5.301795458713854,2.535080091168478,28.10903508603884,False,False,False,32768
vel2,persistence,0.023873443705961044,False,0.04446530785031046,False,0.6139190475219526,1.580435445632119,0.513264223030759,1.2547886615500818,0.2634401626433688,0.004722518034099861,False,0.0008700969132483987,False,2.2302176582398413e-05,False,0.038886957168579095,0.028134845983871167,0.00920094918405573,0.0006934210834942828,8.46574658875758e-05,False,False,0.9999999841933406,1.0000000062879748,0.9999999994131583,0.9999999990796751,0.9999999988263166,False,False,False,0.03888695778325199,0.028134845806959966,0.009200949189455231,0.0006934210841324555,8.465746598693686e-05,3,middle,19,False,False,0.6139190378179433,1.5804354555698572,0.5132642227295542,1.2547886603952685,0.26344016233417344,False,False,False,32768
vel2,persistence,0.012971869688481092,False,0.004488706466125,False,0.28202181785976005,0.24983399337375908,0.20719352527296303,0.38263842444574936,0.04292915691503797,0.0027064226806195724,False,0.0002907904846208072,False,7.324723726172033e-06,False,0.04599597927182913,0.017966756266869423,0.013062293703695852,0.0007599615355985651,0.0001706235168016123,False,False,1.000000013768581,0.9999999969870667,0.9999999997249134,0.99999999909799,0.9999999994498265,False,False,False,0.04599597863852978,0.017966756321002062,0.013062293707289115,0.000759961536284058,0.00017062351689548484,4,middle,19,False,False,0.2820218217428002,0.24983399262102593,0.20719352521596685,0.38263842410060567,0.04292915689141949,False,False,False,32768
vel2,persistence,0.005062888616230339,False,0.0006568706258341807,False,0.11200732164667045,0.023314914037702267,0.11055239967207214,0.1412208096848287,0.012221833073253575,0.0012850265268545362,False,0.00010811216271037576,False,1.6512931747198319e-06,False,0.04520140774548054,0.028173838632729382,0.01162368732534316,0.0007655540493759838,0.0001351101070373432,False,False,0.999999944781712,0.9999999702223138,1.0000000019393978,0.9999999967055623,1.0000000038787955,False,False,False,0.04520141024142503,0.028173839471681134,0.011623687302800207,0.0007655540518980539,0.00013511010651327875,5,middle,19,False,False,0.11200731546181789,0.023314913343438073,0.1105523998864772,0.14122080921958555,0.012221833120659565,False,False,False,32768
vel2,persistence,0.0016851219430100172,False,0.0001894394065963678,False,0.056998197317009704,0.006887799219129889,0.0781785247169175,0.09609688562784624,0.00611188172691368,0.00039531011395420697,False,4.696932574363477e-05,False,1.5627008619448809e-07,False,0.02956447786651551,0.02750361916332094,0.005056505164117833,0.0004887705302493627,2.5568244474750312e-05,False,False,1.0000000526073483,1.0000000128466513,1.0000000007018268,1.0000000039569497,1.0000000014036532,False,False,False,0.02956447631120681,0.02750361880999154,0.005056505160569043,0.0004887705283153223,2.5568244438861364e-05,6,middle,19,False,False,0.05699820031553372,0.006887799307615044,0.07817852477178527,0.09609688600809678,0.006111881735492642,False,False,False,32768
vel2,persistence,0.0010243285004980862,False,7.564393729817884e-05,False,0.2539201266427219,0.14187350167202334,0.3372107615341828,0.2539534326787724,0.11371109769446348,0.0002289544581330022,False,3.547881813348367e-05,False,5.242014389897666e-08,False,0.004034057930111884,0.0005331787571793994,0.0006789654549912497,0.00013970599947889302,4.6099408907147466e-07,False,False,0.999999970853301,0.9999999966551252,1.0000000009914236,1.0000000004195402,1.000000001982847,False,False,False,0.00403405804769136,0.0005331787589628156,0.0006789654543181073,0.00013970599942028072,4.609940881573939e-07,7,outer,19,False,False,0.2539201192417884,0.14187350119747424,0.33721076186850146,0.2539534327853161,0.1137110979199352,False,False,False,32768
vel2,persistence,0.0010938381357118486,False,2.762972688290032e-05,False,0.36556434308371094,0.049850137000197865,0.3954439056366723,0.23433273148728312,0.15637588250518542,0.00017300799294866674,False,1.99931856541824e-05,False,2.993176562412592e-08,False,0.0029921904485672706,0.0005542557863540204,0.00043750324757216964,8.53196458185245e-05,1.9140909163619515e-07,False,False,1.0,1.0000000036134524,0.9999999998587089,0.9999999985680984,0.9999999997174178,False,False,False,0.0029921904485672706,0.0005542557843512436,0.00043750324763398493,8.531964594069384e-05,1.9140909169028394e-07,8,outer,19,False,False,0.36556434308371094,0.04985013718032896,0.3954439055807996,0.2343327311517417,0.15637588246099637,False,False,False,32768
vel2,fno_plain,0.07146307080984116,False,0.19076293774536116,False,1.0,0.26212205731786764,0.931467110180434,0.7982036673603844,0.867630977347889,0.02162336924506414,False,0.0019827212390700053,False,0.00046757009750838575,False,0.07146307080984116,0.7277637742405958,0.02321431321485467,0.002483979114787527,0.0005389043380373761,False,False,0.4315659882741565,0.31451272449873885,0.702527656234138,0.5914976785011393,0.4935451077738311,False,False,False,0.16559013627469538,2.3139406375385425,0.03304398482942829,0.004199473987931708,0.001091904933407487,1,inner,19,False,False,0.4315659882741565,0.08244072239825716,0.654381405774246,0.472135616214763,0.4282150242230783,False,False,False,32768
vel2,fno_plain,0.0496070087980479,False,0.35193927888674353,False,2.436973872069972,5.4458382426398435,2.560371677249577,2.2884846199344553,6.555503125661809,0.010985930553537726,False,0.0016517989829267401,False,0.0001206906701271537,False,0.020355987139046173,0.06462536403140441,0.00429075616292519,0.0007217872335860616,1.8410588449680498e-05,False,False,0.9999998929408543,0.9999999998192801,1.0000000013312278,1.0000000009678915,1.0000000026624554,False,False,False,0.020355989318340997,0.0646253640430835,0.004290756157213216,0.0007217872328874499,1.841058840066313e-05,2,inner,19,False,False,2.4369736111696314,5.445838241655672,2.5603716806580143,2.28848462214946,6.555503143115543,False,False,False,32768
vel2,fno_plain,0.05361052829772234,False,0.09896753812899221,False,1.378624922112445,3.517614355725538,0.9773883317959279,1.5659469051701422,0.9552879511308269,0.008992900373943334,False,0.001085860599677599,False,8.087225713567016e-05,False,0.038886957168579095,0.028134845983871167,0.00920094918405573,0.0006934210834942828,8.46574658875758e-05,False,False,0.9999999841933406,1.0000000062879748,0.9999999994131583,0.9999999990796751,0.9999999988263166,False,False,False,0.03888695778325199,0.028134845806959966,0.009200949189455231,0.0006934210841324555,8.465746598693686e-05,3,middle,19,False,False,1.3786249003209905,3.5176143778442084,0.9773883312223557,1.5659469037289622,0.9552879500096213,False,False,False,32768
vel2,fno_plain,0.021744826370850207,False,0.021536417098160687,False,0.47275493891197845,1.1986814302075046,0.3443895011985335,0.6993255157091451,0.1186041285357747,0.004498516813124559,False,0.0005314604928015805,False,2.023665351796434e-05,False,0.04599597927182913,0.017966756266869423,0.013062293703695852,0.0007599615355985651,0.0001706235168016123,False,False,1.000000013768581,0.9999999969870667,0.9999999997249134,0.99999999909799,0.9999999994498265,False,False,False,0.04599597863852978,0.017966756321002062,0.013062293707289115,0.000759961536284058,0.00017062351689548484,4,middle,19,False,False,0.47275494542114305,1.1986814265959573,0.3443895011037965,0.6993255150783466,0.11860412847052186,False,False,False,32768
vel2,fno_plain,0.014696197793819008,False,0.024772177668112027,False,0.3251269933133533,0.8792617147787002,0.3047134275355716,0.6839782500982349,0.09285027292047605,0.003541893605507095,False,0.0005236223190478031,False,1.2545010312732049e-05,False,0.04520140774548054,0.028173838632729382,0.01162368732534316,0.0007655540493759838,0.0001351101070373432,False,False,0.999999944781712,0.9999999702223138,1.0000000019393978,0.9999999967055623,1.0000000038787955,False,False,False,0.04520141024142503,0.028173839471681134,0.011623687302800207,0.0007655540518980539,0.00013511010651327875,5,middle,19,False,False,0.32512697536039736,0.8792616885963207,0.3047134281265321,0.6839782478449112,0.09285027328062326,False,False,False,32768
vel2,fno_plain,0.004804687837604433,False,0.0010084313387472678,False,0.16251556544640294,0.03666540511483377,0.20711115548418887,0.3091324443160456,0.04289503072599587,0.0010472586272522125,False,0.00015109482872563518,False,1.0967506323541888e-06,False,0.02956447786651551,0.02750361916332094,0.005056505164117833,0.0004887705302493627,2.5568244474750312e-05,False,False,1.0000000526073483,1.0000000128466513,1.0000000007018268,1.0000000039569497,1.0000000014036532,False,False,False,0.02956447631120681,0.02750361880999154,0.005056505160569043,0.0004887705283153223,2.5568244438861364e-05,6,middle,19,False,False,0.1625155739959159,0.03666540558586145,0.20711115562954502,0.3091324455392671,0.04289503078620562,False,False,False,32768
vel2,fno_plain,0.01334515496622771,False,0.010586137838649359,False,3.308121796321746,19.8547629591466,2.731117187918398,1.8146369235888393,7.459001094143299,0.0018543342241294375,False,0.0002535156651012824,False,3.438555414777723e-06,False,0.004034057930111884,0.0005331787571793994,0.0006789654549912497,0.00013970599947889302,4.6099408907147466e-07,False,False,0.999999970853301,0.9999999966551252,1.0000000009914236,1.0000000004195402,1.000000001982847,False,False,False,0.00403405804769136,0.0005331787589628156,0.0006789654543181073,0.00013970599942028072,4.609940881573939e-07,7,outer,19,False,False,3.3081216999009158,19.854762892734904,2.731117190626092,1.8146369243501528,7.459001108933357,False,False,False,32768
vel2,fno_plain,0.0049626565739526955,False,0.005886533400784331,False,1.6585363329158842,10.62060793177614,1.854711719107157,1.5658284073803417,3.439955560993426,0.0008114424004195428,False,0.00013359592513027504,False,6.584387691986297e-07,False,0.0029921904485672706,0.0005542557863540204,0.00043750324757216964,8.53196458185245e-05,1.9140909163619515e-07,False,False,1.0,1.0000000036134524,0.9999999998587089,0.9999999985680984,0.9999999997174178,False,False,False,0.0029921904485672706,0.0005542557843512436,0.00043750324763398493,8.531964594069384e-05,1.9140909169028394e-07,8,outer,19,False,False,1.6585363329158842,10.6206079701532,1.8547117188451028,1.5658284051382294,3.4399555600213554,False,False,False,32768
vel2,fno_full,0.07146307080984116,False,0.3519427021080348,False,1.0,0.4835946972975931,1.0236476743020888,0.7272963581600131,1.0478545611040753,0.023763277732906228,False,0.0018065889639305016,False,0.0005646933686112369,False,0.07146307080984116,0.7277637742405958,0.02321431321485467,0.002483979114787527,0.0005389043380373761,False,False,0.4315659882741565,0.31451272449873885,0.702527656234138,0.5914976785011393,0.4935451077738311,False,False,False,0.16559013627469538,2.3139406375385425,0.03304398482942829,0.004199473987931708,0.001091904933407487,1,inner,19,False,False,0.4315659882741565,0.1520966858002089,0.7191408014369728,0.43019410743398095,0.5171634922914113,False,False,False,32768
vel2,fno_full,0.07146307080984116,False,0.6723477319492217,False,3.510665944210737,10.403774772123485,3.7486884901372077,3.011112003991543,14.052665396087178,0.016084708241942948,False,0.002173382203378838,False,0.0002587178392284274,False,0.020355987139046173,0.06462536403140441,0.00429075616292519,0.0007217872335860616,1.8410588449680498e-05,False,False,0.9999998929408543,0.9999999998192801,1.0000000013312278,1.0000000009678915,1.0000000026624554,False,False,False,0.020355989318340997,0.0646253640430835,0.004290756157213216,0.0007217872328874499,1.841058840066313e-05,2,inner,19,False,False,3.5106655683618406,10.403774770243317,3.7486884951275656,3.0111120069059725,14.052665433501772,False,False,False,32768
vel2,fno_full,0.07146307080984116,False,0.23770014169734435,False,1.837713105194658,8.448602911621071,2.1022058701977038,2.5357167671107965,4.419269520693686,0.01934228938611273,False,0.0017583194680845886,False,0.00037412415869612925,False,0.038886957168579095,0.028134845983871167,0.00920094918405573,0.0006934210834942828,8.46574658875758e-05,False,False,0.9999999841933406,1.0000000062879748,0.9999999994131583,0.9999999990796751,0.9999999988263166,False,False,False,0.03888695778325199,0.028134845806959966,0.009200949189455231,0.0006934210841324555,8.465746598693686e-05,3,middle,19,False,False,1.837713076146553,8.448602964745673,2.1022058689640417,2.5357167647771135,4.419269515506864,False,False,False,32768
vel2,fno_full,0.07082896359264851,False,0.24618149773384204,False,1.5398946758815653,13.70205584565084,1.145692110234,2.3506767654117735,1.3126104114524362,0.014965366837883593,False,0.0017864239243381996,False,0.00022396220459242598,False,0.04599597927182913,0.017966756266869423,0.013062293703695852,0.0007599615355985651,0.0001706235168016123,False,False,1.000000013768581,0.9999999969870667,0.9999999997249134,0.99999999909799,0.9999999994498265,False,False,False,0.04599597863852978,0.017966756321002062,0.013062293707289115,0.000759961536284058,0.00017062351689548484,4,middle,19,False,False,1.5398946970837295,13.70205580436746,1.1456921099188353,2.35067676329144,1.3126104107302727,False,False,False,32768
vel2,fno_full,0.05166644375771284,False,0.2308640467981899,False,1.143027315623344,8.19427021669658,1.4046384832566094,2.0879649692390547,1.973009268645428,0.01632707853451909,False,0.0015984500371561596,False,0.000266573493472354,False,0.04520140774548054,0.028173838632729382,0.01162368732534316,0.0007655540493759838,0.0001351101070373432,False,False,0.999999944781712,0.9999999702223138,1.0000000019393978,0.9999999967055623,1.0000000038787955,False,False,False,0.04520141024142503,0.028173839471681134,0.011623687302800207,0.0007655540518980539,0.00013511010651327875,5,middle,19,False,False,1.1430272525073322,8.194269972690174,1.404638485980762,2.087964962360384,1.9730092762983271,False,False,False,32768
vel2,fno_full,0.041616498958319426,False,0.39888221805695157,False,1.4076520866094488,14.502899261668961,2.5404220207829784,3.2352347467172478,6.453744043679073,0.012845657067127793,False,0.0015812874026341517,False,0.0001650109054862502,False,0.02956447786651551,0.02750361916332094,0.005056505164117833,0.0004887705302493627,2.5568244474750312e-05,False,False,1.0000000526073483,1.0000000128466513,1.0000000007018268,1.0000000039569497,1.0000000014036532,False,False,False,0.02956447631120681,0.02750361880999154,0.005056505160569043,0.0004887705283153223,2.5568244438861364e-05,6,middle,19,False,False,1.4076521606622925,14.502899447982651,2.540422022565915,3.235234759518909,6.453744052737892,False,False,False,32768
vel2,fno_full,0.057440907116979356,False,0.18097380062249974,False,14.238989154869733,339.4242515959938,27.973525013606192,9.299826213092233,782.5181016868513,0.01899305713857223,False,0.0012992415160800591,False,0.0003607362194690696,False,0.004034057930111884,0.0005331787571793994,0.0006789654549912497,0.00013970599947889302,4.6099408907147466e-07,False,False,0.999999970853301,0.9999999966551252,1.0000000009914236,1.0000000004195402,1.000000001982847,False,False,False,0.00403405804769136,0.0005331787589628156,0.0006789654543181073,0.00013970599942028072,4.609940881573939e-07,7,outer,19,False,False,14.238988739850202,339.42425046066217,27.9735250413398,9.299826216993885,782.518103238465,False,False,False,32768
vel2,fno_full,0.07146307080984116,False,0.7362981023280069,False,23.883195952336294,1328.444592651867,34.931878896207024,23.818885109669424,1220.2361632192735,0.01528281046088831,False,0.0020322188413491224,False,0.0002335642955834371,False,0.0029921904485672706,0.0005542557863540204,0.00043750324757216964,8.53196458185245e-05,1.9140909163619515e-07,False,False,1.0,1.0000000036134524,0.9999999998587089,0.9999999985680984,0.9999999997174178,False,False,False,0.0029921904485672706,0.0005542557843512436,0.00043750324763398493,8.531964594069384e-05,1.9140909169028394e-07,8,outer,19,False,False,23.883195952336294,1328.4445974521382,34.93187889127146,23.818885075563127,1220.2361628744566,False,False,False,32768
vel2,localno_plain,0.017703391783870755,False,0.039120062766141224,False,0.24772783457596434,0.05375379230295171,0.15611546186927422,0.4224058505064218,0.02437203743465681,0.0036241132295150324,False,0.0010492473106220141,False,1.3134196700345878e-05,False,0.07146307080984116,0.7277637742405958,0.02321431321485467,0.002483979114787527,0.0005389043380373761,False,False,0.4315659882741565,0.31451272449873885,0.702527656234138,0.5914976785011393,0.4935451077738311,False,False,False,0.16559013627469538,2.3139406375385425,0.03304398482942829,0.004199473987931708,0.001091904933407487,1,inner,19,False,False,0.1069109077517928,0.01690625166934068,0.10967542952893115,0.24985207995984782,0.012028699842355542,False,False,False,32768
vel2,localno_plain,0.02873394092544912,False,0.21843737532222568,False,1.4115719728635825,3.3800564003953153,1.3118298311569703,2.694382505521377,1.7208975059133251,0.005628741932745881,False,0.0019447708948829561,False,3.168273574545184e-05,False,0.020355987139046173,0.06462536403140441,0.00429075616292519,0.0007217872335860616,1.8410588449680498e-05,False,False,0.9999998929408543,0.9999999998192801,1.0000000013312278,1.0000000009678915,1.0000000026624554,False,False,False,0.020355989318340997,0.0646253640430835,0.004290756157213216,0.0007217872328874499,1.841058840066313e-05,2,inner,19,False,False,1.411571821741893,3.380056399784472,1.3118298329033145,2.694382508129247,1.7208975104951378,False,False,False,32768
vel2,localno_plain,0.030056307576596733,False,0.22481926876024633,False,0.772914873393139,7.990776593876797,0.6663562390224521,2.7667816898151845,0.4440306372841474,0.0061311098937240766,False,0.001918544757143788,False,3.7590508528921254e-05,False,0.038886957168579095,0.028134845983871167,0.00920094918405573,0.0006934210834942828,8.46574658875758e-05,False,False,0.9999999841933406,1.0000000062879748,0.9999999994131583,0.9999999990796751,0.9999999988263166,False,False,False,0.03888695778325199,0.028134845806959966,0.009200949189455231,0.0006934210841324555,8.465746598693686e-05,3,middle,19,False,False,0.772914861175937,7.990776644122599,0.6663562386314066,2.7667816872688467,0.44403063676299603,False,False,False,32768
vel2,localno_plain,0.015120860179886222,False,0.12664604171815044,False,0.3287430862276956,7.04890965497678,0.2375211372972508,1.8817064546790547,0.05641629066297947,0.0031025708562125573,False,0.0014300245268436262,False,9.625945917819521e-06,False,0.04599597927182913,0.017966756266869423,0.013062293703695852,0.0007599615355985651,0.0001706235168016123,False,False,1.000000013768581,0.9999999969870667,0.9999999997249134,0.99999999909799,0.9999999994498265,False,False,False,0.04599597863852978,0.017966756321002062,0.013062293707289115,0.000759961536284058,0.00017062351689548484,4,middle,19,False,False,0.32874309075402136,7.048909633738885,0.2375211372319119,1.8817064529817367,0.05641629063194072,False,False,False,32768
vel2,localno_plain,0.011057193763554091,False,0.08429097041541958,False,0.2446205619483089,2.9918170368697736,0.2065173050510576,1.69579742243936,0.04264939728555157,0.002400492581186005,False,0.0012982245836698077,False,5.7623646323290474e-06,False,0.04520140774548054,0.028173838632729382,0.01162368732534316,0.0007655540493759838,0.0001351101070373432,False,False,0.999999944781712,0.9999999702223138,1.0000000019393978,0.9999999967055623,1.0000000038787955,False,False,False,0.04520141024142503,0.028173839471681134,0.011623687302800207,0.0007655540518980539,0.00013511010651327875,5,middle,19,False,False,0.24462054844078024,2.991816947780385,0.20651730545157676,1.695797416852661,0.042649397450979856,False,False,False,32768
vel2,localno_plain,0.010952262803912158,False,0.050054695666240684,False,0.37045344935100655,1.8199312377403063,0.421540916367411,2.16087625422033,0.17769674417187659,0.002131523820498777,False,0.0010561726325785273,False,4.543393797353703e-06,False,0.02956447786651551,0.02750361916332094,0.005056505164117833,0.0004887705302493627,2.5568244474750312e-05,False,False,1.0000000526073483,1.0000000128466513,1.0000000007018268,1.0000000039569497,1.0000000014036532,False,False,False,0.02956447631120681,0.02750361880999154,0.005056505160569043,0.0004887705283153223,2.5568244438861364e-05,6,middle,19,False,False,0.3704534688395802,1.8199312611203282,0.42154091666325966,2.1608762627708087,0.17769674442130118,False,False,False,32768
vel2,localno_plain,0.01071064572315663,False,0.049633485366949406,False,2.6550550112847713,93.08976529657419,3.4145082708464565,6.872723619822734,11.658866731678858,0.0023183331616866494,False,0.0009601607224495306,False,5.374668648576016e-06,False,0.004034057930111884,0.0005331787571793994,0.0006789654549912497,0.00013970599947889302,4.6099408907147466e-07,False,False,0.999999970853301,0.9999999966551252,1.0000000009914236,1.0000000004195402,1.000000001982847,False,False,False,0.00403405804769136,0.0005331787589628156,0.0006789654543181073,0.00013970599942028072,4.609940881573939e-07,7,outer,19,False,False,2.655054933898682,93.08976498520057,3.41450827423168,6.872723622706118,11.658866754796605,False,False,False,32768
vel2,localno_plain,0.0067458831658586856,False,0.006736744495854367,False,2.2544965909802865,12.154576752675341,3.6310046749597893,3.675285020525187,13.184194949579846,0.001588576337244638,False,0.0003135740162333375,False,2.5235747792535898e-06,False,0.0029921904485672706,0.0005542557863540204,0.00043750324757216964,8.53196458185245e-05,1.9140909163619515e-07,False,False,1.0,1.0000000036134524,0.9999999998587089,0.9999999985680984,0.9999999997174178,False,False,False,0.0029921904485672706,0.0005542557843512436,0.00043750324763398493,8.531964594069384e-05,1.9140909169028394e-07,8,outer,19,False,False,2.2544965909802865,12.154576796595325,3.6310046744467606,3.6752850152625403,13.184194945854227,False,False,False,32768
vel3,persistence,0.07675067499279976,True,0.9391260768439798,False,,11.10741712797966,5.724210684821419,15.238230405605586,32.7665879642237,0.010883834425966993,False,0.0008119383955470758,False,0.00011845785181186427,False,0.0,0.08454945609977271,0.0019013685947701173,5.32829845681027e-05,3.6152025331780907e-06,False,False,0.0,0.00023489186104440205,0.007361272319766921,0.00098339704324431,5.4188330165766665e-05,False,False,False,1.1255866497755043,359.9505564979545,0.2582934732171843,0.054182575526480765,0.0667155183065963,1,inner,19,False,False,0.06818726484372173,0.0026090418805876092,0.04213747366668996,0.014985230725148076,0.0017755666870109903,False,False,False,32768
vel3,persistence,0.14099662087857723,True,2.4966776017925842,True,,,,,,0.05381198983004947,True,0.004234392765672282,True,0.002895730249469348,True,0.0,0.0,0.0,0.0,0.0,False,False,0.0,0.0,0.0,0.0,0.0,False,False,False,0.4643984530866145,34.712072061600104,0.10553558916207553,0.01765780561563299,0.011137760579786396,2,inner,19,False,False,0.30361130607013476,0.07192534047987616,0.5098942475927063,0.23980288705429204,0.25999214372813206,False,False,False,32768
vel3,persistence,0.1044483856484294,False,0.7242584104645692,False,2.012888355923336,2.801581074679924,3.927983709044186,2.764725637919185,15.429056018516517,0.04185191275574793,False,0.002880464390266502,False,0.001751582601314736,False,0.0518898056820035,0.2585177409321679,0.010654808129520462,0.0010418626538416396,0.00011352493627689533,False,False,0.16071831703214817,0.04139629243501294,0.1331889240038483,0.12297976804646729,0.017739289477302876,False,False,False,0.3228618034347888,6.244949142196944,0.07999770408245514,0.008471821588149174,0.00639963265846406,3,middle,19,False,False,0.3235080289376062,0.11597506944784797,0.5231639237122402,0.3400053176634227,0.2737004910739867,False,False,False,32768
vel3,persistence,0.09812243954278528,False,0.3084231538222768,False,1.1499723802412647,0.42248502010524275,1.1866211630614907,0.9928462507215651,1.408069784625405,0.034440868631636014,False,0.0023492251080426438,False,0.0011861734321016097,False,0.08532590975984931,0.7300215135330652,0.029024316861818254,0.0023661519659618105,0.0008424109692952274,False,False,0.23923347642831444,0.40244989085977334,0.3456408962455913,0.3943871381286597,0.11946762915745562,False,False,False,0.35666375389322635,1.8139438725489143,0.08397246152606706,0.005999566763736367,0.007051374294746813,4,middle,19,False,False,0.2751118903216613,0.1700290502312441,0.41014480230455963,0.3915657914238478,0.1682187588574463,False,False,False,32768
vel3,persistence,0.10011007013497875,False,0.15536209062022638,False,1.0365909635147021,0.3049342026080301,0.9060623354255004,0.87960300840139,0.8209489556767122,0.030760500335744043,False,0.001818125513883236,False,0.0009462083809053095,False,0.09657625202089548,0.5094938163428411,0.03394965129115366,0.0020669841923205076,0.0011525788227909313,False,False,0.2356785157789717,0.08921419798202938,0.35325017603881703,0.3136744908292033,0.1247856868714552,False,False,False,0.4097796173812821,5.710905078645324,0.09610653750225757,0.006589583318861548,0.009236466550672843,5,middle,19,False,False,0.24430221975103922,0.02720446032296506,0.32006667949119977,0.27590902579214144,0.10244267932052238,False,False,False,32768
vel3,persistence,0.08464301754953339,False,0.13180563899775732,False,0.8380387401344229,0.48608467344962286,0.6485505308601922,0.7768412653021122,0.42061779107903713,0.02123361499021177,False,0.0013294382043612385,False,0.00045086640555254604,False,0.10100131831131876,0.2711577759947979,0.03274010887331938,0.0017113382923140963,0.0010719147290368062,False,False,0.3156540407164688,0.034695835530100194,0.563102221534527,0.3755862211378001,0.31708411189711955,False,False,False,0.31997473589144254,7.815283069334254,0.05814238982062317,0.004556445886459231,0.0033805374940533046,6,middle,19,False,False,0.26453031460036935,0.016865113883710574,0.3652002447047711,0.2917708752587275,0.13337121873242466,False,False,False,32768
vel3,persistence,0.056612339904531836,False,0.04526299113739143,False,0.5511781526468088,0.10603741689771194,0.5089795913319459,0.4871490024913895,0.25906022439243476,0.012084979593226797,False,0.0007770889493425659,False,0.00014604673176870812,False,0.10271150921471417,0.4268586736798198,0.02374354453309548,0.0015951771334198745,0.0005637559069950882,False,False,0.9911589352314554,0.4477621006472184,0.9496222590405999,0.8571637027921469,0.901782434865372,False,False,False,0.10362768831895662,0.9533157742980397,0.02500314657439001,0.001860994729739143,0.0006251573386204311,7,outer,19,False,False,0.5463051509002516,0.04747953653732435,0.48333834932620384,0.4175664427870202,0.23361595992937945,False,False,False,32768
vel3,persistence,0.02943920310586691,False,0.02384250000335497,False,0.5048619157899373,0.16473665009771724,0.45685025176513194,0.412609087287218,0.20871215253786446,0.0052829200547337965,False,0.0003997209698845547,False,2.7909244304708536e-05,False,0.058311396017670616,0.14473099938120787,0.011563789303655153,0.0009687643394201547,0.0001337212230593293,False,False,0.99999989430837,1.0000000203264037,0.9999999971159375,1.0000000008180518,0.9999999942318749,False,False,False,0.05831140218069776,0.14473099643934723,0.011563789337005845,0.0009687643386276553,0.00013372122383065006,8,outer,19,False,False,0.5048618624302585,0.16473665344622088,0.45685025044754723,0.4126090876247536,0.20871215133398663,False,False,False,32768
vel3,fno_plain,0.10239353734767065,True,1.5949427163996375,False,,18.864021011767633,13.942671132150645,76.07023471415069,194.39807829930692,0.026510157017879152,False,0.004053249142366042,False,0.0007027884251126072,False,0.0,0.08454945609977271,0.0019013685947701173,5.32829845681027e-05,3.6152025331780907e-06,False,False,0.0,0.00023489186104440205,0.007361272319766921,0.00098339704324431,5.4188330165766665e-05,False,False,False,1.1255866497755043,359.9505564979545,0.2582934732171843,0.054182575526480765,0.0667155183065963,1,inner,19,False,False,0.09096904033829187,0.0044310050022348035,0.10263579906871385,0.07480724389679647,0.010534107250473403,False,False,False,32768
vel3,fno_plain,0.10163388887885957,True,0.849837942282536,True,,,,,,0.0309442206896586,True,0.0034955177353567925,True,0.0009575447940902953,True,0.0,0.0,0.0,0.0,0.0,False,False,0.0,0.0,0.0,0.0,0.0,False,False,False,0.4643984530866145,34.712072061600104,0.10553558916207553,0.01765780561563299,0.011137760579786396,2,inner,19,False,False,0.21885061891001592,0.024482489572342787,0.29321123741618793,0.19795878442914247,0.08597282974713212,False,False,False,32768
vel3,fno_plain,0.0950092057697475,False,0.9728434818279348,False,1.8309801804229677,3.76315945791588,2.382344687380687,3.4975659107484938,5.675566209490983,0.025383425542423628,False,0.003643983301758477,False,0.0006443182922677642,False,0.0518898056820035,0.2585177409321679,0.010654808129520462,0.0010418626538416396,0.00011352493627689533,False,False,0.16071831703214817,0.04139629243501294,0.1331889240038483,0.12297976804646729,0.017739289477302876,False,False,False,0.3228618034347888,6.244949142196944,0.07999770408245514,0.008471821588149174,0.00639963265846406,3,middle,19,False,False,0.2942720531167984,0.1557808493994705,0.31730192551851805,0.4301298444310809,0.10068051193775916,False,False,False,32768
vel3,fno_plain,0.0957732988987118,False,0.4165919367668503,False,1.1224409932254666,0.5706570683796449,0.6480431579363691,1.2041183498579007,0.4199599345481419,0.01880900995607851,False,0.002849127000766963,False,0.0003537788555278605,False,0.08532590975984931,0.7300215135330652,0.029024316861818254,0.0023661519659618105,0.0008424109692952274,False,False,0.23923347642831444,0.40244989085977334,0.3456408962455913,0.3943871381286597,0.11946762915745562,False,False,False,0.35666375389322635,1.8139438725489143,0.08397246152606706,0.005999566763736367,0.007051374294746813,4,middle,19,False,False,0.26852546089497853,0.22966087488774634,0.2239902179149499,0.4748887899686617,0.05017161772158675,False,False,False,32768
vel3,fno_plain,0.04597510625608266,False,0.335371224337485,False,0.4760498082503281,0.6582439542540236,0.34096296999723286,0.8211977561993343,0.11625574690933389,0.011575573934602143,False,0.0016974027808330941,False,0.00013399391191544052,False,0.09657625202089548,0.5094938163428411,0.03394965129115366,0.0020669841923205076,0.0011525788227909313,False,False,0.2356785157789717,0.08921419798202938,0.35325017603881703,0.3136744908292033,0.1247856868714552,False,False,False,0.4097796173812821,5.710905078645324,0.09610653750225757,0.006589583318861548,0.009236466550672843,5,middle,19,False,False,0.1121947122453014,0.05872470645529236,0.1204452291742404,0.2575887880459104,0.014507053230835286,False,False,False,32768
vel3,fno_plain,0.058764303065836423,False,0.13508819531217803,False,0.5818171886104082,0.4981903794445108,0.39614173397824876,0.5588178176322086,0.15692827339929366,0.012969723499713388,False,0.000956326329741394,False,0.0001682137276590177,False,0.10100131831131876,0.2711577759947979,0.03274010887331938,0.0017113382923140963,0.0010719147290368062,False,False,0.3156540407164688,0.034695835530100194,0.563102221534527,0.3755862211378001,0.31708411189711955,False,False,False,0.31997473589144254,7.815283069334254,0.05814238982062317,0.004556445886459231,0.0033805374940533046,6,middle,19,False,False,0.1836529465431712,0.017285131467884955,0.22306829044569154,0.20988427242895355,0.049759462202363394,False,False,False,32768
vel3,fno_plain,0.10079809078481047,False,0.4837227411749447,False,0.9813709442638626,1.1332152091579093,0.9506821053531254,1.0427434483748819,0.9037964654386509,0.0225725629052689,False,0.001663360504870999,False,0.0005095205961123215,False,0.10271150921471417,0.4268586736798198,0.02374354453309548,0.0015951771334198745,0.0005637559069950882,False,False,0.9911589352314554,0.4477621006472184,0.9496222590405999,0.8571637027921469,0.901782434865372,False,False,False,0.10362768831895662,0.9533157742980397,0.02500314657439001,0.001860994729739143,0.0006251573386204311,7,outer,19,False,False,0.9726945801836581,0.5074108225379224,0.9027888885149085,0.8938018352712657,0.8150277772259836,False,False,False,32768
vel3,fno_plain,0.0053263741545379155,False,0.02901056456313265,False,0.09134362265866208,0.2004447194254601,0.13613214248356495,0.23806283760662011,0.018531960217165626,0.0015742034131351074,False,0.0002306267876144649,False,2.4781163859262217e-06,False,0.058311396017670616,0.14473099938120787,0.011563789303655153,0.0009687643394201547,0.0001337212230593293,False,False,0.99999989430837,1.0000000203264037,0.9999999971159375,1.0000000008180518,0.9999999942318749,False,False,False,0.05831140218069776,0.14473099643934723,0.011563789337005845,0.0009687643386276553,0.00013372122383065006,8,outer,19,False,False,0.09134361300440572,0.20044472349978038,0.1361321420909513,0.23806283780136786,0.018531960110270963,False,False,False,32768
vel3,fno_full,0.10395551472902298,True,2.7148456387526134,False,,32.10955769542687,21.284916326436186,87.83765267161256,453.0476630233897,0.0404704714453955,False,0.004680252291799897,False,0.0016378590590125724,False,0.0,0.08454945609977271,0.0019013685947701173,5.32829845681027e-05,3.6152025331780907e-06,False,False,0.0,0.00023489186104440205,0.007361272319766921,0.00098339704324431,5.4188330165766665e-05,False,False,False,1.1255866497755043,359.9505564979545,0.2582934732171843,0.054182575526480765,0.0667155183065963,1,inner,19,False,False,0.09235674103789049,0.0075422737643914195,0.1566840653823497,0.08637928792278446,0.024549896344740436,False,False,False,32768
vel3,fno_full,0.10407492006197572,True,0.7383759954518245,True,,,,,,0.03747153950027801,True,0.0027205413210386275,True,0.0014041162725208951,True,0.0,0.0,0.0,0.0,0.0,False,False,0.0,0.0,0.0,0.0,0.0,False,False,False,0.4643984530866145,34.712072061600104,0.10553558916207553,0.01765780561563299,0.011137760579786396,2,inner,19,False,False,0.2241069481826306,0.021271446836751813,0.35506069372229837,0.15407018178012163,0.12606809622655973,False,False,False,32768
vel3,fno_full,0.10313446098007262,False,1.393670316769995,False,1.9875669146288952,5.391004546707989,3.250357043387814,3.5140098364912626,10.56482090950077,0.03463193064973257,False,0.003661115613872413,False,0.0011993706205278864,False,0.0518898056820035,0.2585177409321679,0.010654808129520462,0.0010418626538416396,0.00011352493627689533,False,False,0.16071831703214817,0.04139629243501294,0.1331889240038483,0.12297976804646729,0.017739289477302876,False,False,False,0.3228618034347888,6.244949142196944,0.07999770408245514,0.008471821588149174,0.00639963265846406,3,middle,19,False,False,0.3194384095079354,0.22316760073400826,0.4329115572371525,0.43215211460469993,0.18741241638949643,False,False,False,32768
vel3,fno_full,0.10465146551374346,False,2.224639624039011,False,1.2264910600811187,3.0473617322214017,1.365885899009192,2.0718051578676917,1.8656442891121485,0.03964390512993227,False,0.004902205847378458,False,0.0015716392139510705,False,0.08532590975984931,0.7300215135330652,0.029024316861818254,0.0023661519659618105,0.0008424109692952274,False,False,0.23923347642831444,0.40244989085977334,0.3456408962455913,0.3943871381286597,0.11946762915745562,False,False,False,0.35666375389322635,1.8139438725489143,0.08397246152606706,0.005999566763736367,0.007051374294746813,4,middle,19,False,False,0.2934177201114547,1.2264103965427529,0.47210602630275234,0.817093306971635,0.22288410007137507,False,False,False,32768
vel3,fno_full,0.10501244801562279,False,2.48094745750638,False,1.087352696115211,4.869435855600134,1.1410606239171555,2.2348490407962713,1.302019347454208,0.038738610284053655,False,0.0046193976395485425,False,0.0015006799267397878,False,0.09657625202089548,0.5094938163428411,0.03394965129115366,0.0020669841923205076,0.0011525788227909313,False,False,0.2356785157789717,0.08921419798202938,0.35325017603881703,0.3136744908292033,0.1247856868714552,False,False,False,0.4097796173812821,5.710905078645324,0.09610653750225757,0.006589583318861548,0.009236466550672843,5,middle,19,False,False,0.2562656695486962,0.434422814482303,0.40307986626969755,0.7010151349519038,0.16247337859199726,False,False,False,32768
vel3,fno_full,0.10899446953088045,False,0.8987019565972679,False,1.079139078115042,3.314313791298057,1.0845313693142686,1.9138379170399118,1.176208291026683,0.035507675107879305,False,0.0032752241127130496,False,0.0012607949915667115,False,0.10100131831131876,0.2711577759947979,0.03274010887331938,0.0017113382923140963,0.0010719147290368062,False,False,0.3156540407164688,0.034695835530100194,0.563102221534527,0.3755862211378001,0.31708411189711955,False,False,False,0.31997473589144254,7.815283069334254,0.05814238982062317,0.004556445886459231,0.0033805374940533046,6,middle,19,False,False,0.3406346105020581,0.11499288619802021,0.6107020233847473,0.718811151131259,0.3729569613662244,False,False,False,32768
vel3,fno_full,0.10738167650997639,False,1.1494578817944583,False,1.0454687827193683,2.692830092651811,1.2967635110858629,2.1927386954630577,1.681595603683735,0.030789762174360438,False,0.0034978066265675956,False,0.0009480094547536769,False,0.10271150921471417,0.4268586736798198,0.02374354453309548,0.0015951771334198745,0.0005637559069950882,False,False,0.9911589352314554,0.4477621006472184,0.9496222590405999,0.8571637027921469,0.901782434865372,False,False,False,0.10362768831895662,0.9533157742980397,0.02500314657439001,0.001860994729739143,0.0006251573386204311,7,outer,19,False,False,1.0362257254978546,1.2057472589718186,1.2314354948387771,1.8795360194587363,1.5164333779488237,False,False,False,32768
vel3,fno_full,0.10490537388250232,False,1.119697337472118,False,1.7990544052608846,7.7364029976946425,2.111510462818523,3.2648774546553376,4.458476434592093,0.024417062104496776,False,0.0031628968506469345,False,0.0005961929218148525,False,0.058311396017670616,0.14473099938120787,0.011563789303655153,0.0009687643394201547,0.0001337212230593293,False,False,0.99999989430837,1.0000000203264037,0.9999999971159375,1.0000000008180518,0.9999999942318749,False,False,False,0.05831140218069776,0.14473099643934723,0.011563789337005845,0.0009687643386276553,0.00013372122383065006,8,outer,19,False,False,1.799054215115892,7.736403154947892,2.1115104567287943,3.2648774573261767,4.458476408875042,False,False,False,32768
vel3,localno_plain,0.019484278680756677,True,0.1524215363092054,False,,1.8027500511575159,2.234761014927214,30.416683379979055,4.994156793838511,0.004249104410599198,False,0.00162069167114829,False,1.8054888292173555e-05,False,0.0,0.08454945609977271,0.0019013685947701173,5.32829845681027e-05,3.6152025331780907e-06,False,False,0.0,0.00023489186104440205,0.007361272319766921,0.00098339704324431,5.4188330165766665e-05,False,False,False,1.1255866497755043,359.9505564979545,0.2582934732171843,0.054182575526480765,0.0667155183065963,1,inner,19,False,False,0.017310332069630334,0.0004234513145142799,0.01645068440047793,0.029911676501169753,0.00027062501724412787,False,False,False,32768
vel3,localno_plain,0.039370542760006934,True,0.42335538626288377,True,,,,,,0.008097393744820422,True,0.003331490833738345,True,6.55677854586569e-05,True,0.0,0.0,0.0,0.0,0.0,False,False,0.0,0.0,0.0,0.0,0.0,False,False,False,0.4643984530866145,34.712072061600104,0.10553558916207553,0.01765780561563299,0.011137760579786396,2,inner,19,False,False,0.08477750625208041,0.012196200374083015,0.07672666452247599,0.18866958365363787,0.005886981048744575,False,False,False,32768
vel3,localno_plain,0.043737806598655865,False,1.2123672043063027,False,0.8428978683538427,4.6896866727007875,0.9318224024327971,4.319573345354112,0.8682929896756297,0.009928388908710254,False,0.004500402149054244,False,9.857290632260081e-05,False,0.0518898056820035,0.2585177409321679,0.010654808129520462,0.0010418626538416396,0.00011352493627689533,False,False,0.16071831703214817,0.04139629243501294,0.1331889240038483,0.12297976804646729,0.017739289477302876,False,False,False,0.3228618034347888,6.244949142196944,0.07999770408245514,0.008471821588149174,0.00639963265846406,3,middle,19,False,False,0.1354691268318148,0.19413564093170463,0.12410842314270515,0.5312201280713514,0.015402900694968755,False,False,False,32768
vel3,localno_plain,0.06889317464083433,False,2.693552655352136,False,0.8074121311420518,3.689689420680526,0.4684837579786337,2.750635932537669,0.219477031489783,0.013597421036187239,False,0.006508422619419203,False,0.00018488985883534725,False,0.08532590975984931,0.7300215135330652,0.029024316861818254,0.0023661519659618105,0.0008424109692952274,False,False,0.23923347642831444,0.40244989085977334,0.3456408962455913,0.3943871381286597,0.11946762915745562,False,False,False,0.35666375389322635,1.8139438725489143,0.08397246152606706,0.005999566763736367,0.007051374294746813,4,middle,19,False,False,0.1931600110435072,1.484915104659338,0.16192714598423763,1.0848154334673883,0.026220400606600604,False,False,False,32768
vel3,localno_plain,0.06473921221680928,False,2.6413590261143796,False,0.6703429762712488,5.184280832050364,0.4178830301987065,3.0728197328108506,0.17462622692805305,0.01418698315573672,False,0.006351469813570554,False,0.00020127049106115742,False,0.09657625202089548,0.5094938163428411,0.03394965129115366,0.0020669841923205076,0.0011525788227909313,False,False,0.2356785157789717,0.08921419798202938,0.35325017603881703,0.3136744908292033,0.1247856868714552,False,False,False,0.4097796173812821,5.710905078645324,0.09610653750225757,0.006589583318861548,0.009236466550672843,5,middle,19,False,False,0.15798543771046636,0.4625114565449812,0.14761725398132738,0.963865165099372,0.02179085367298771,False,False,False,32768
vel3,localno_plain,0.0659782838984392,False,2.208396166000145,False,0.6532418091323597,8.144321725232444,0.4264008574402661,3.2473891679801086,0.18181769122579416,0.013960410496271048,False,0.005557381433210373,False,0.00019489306122439485,False,0.10100131831131876,0.2711577759947979,0.03274010887331938,0.0017113382923140963,0.0010719147290368062,False,False,0.3156540407164688,0.034695835530100194,0.563102221534527,0.3755862211378001,0.31708411189711955,False,False,False,0.31997473589144254,7.815283069334254,0.05814238982062317,0.004556445886459231,0.0033805374940533046,6,middle,19,False,False,0.20619841661756563,0.28257404708288675,0.24010727008884103,1.2196746261654738,0.05765150114951565,False,False,False,32768
vel3,localno_plain,0.07489072535187005,False,2.6666042412760476,False,0.7291366461699447,6.247042418719192,0.6115544991474345,3.897641970358449,0.3739989054274696,0.014520471484922014,False,0.006217429345373382,False,0.00021084409214443332,False,0.10271150921471417,0.4268586736798198,0.02374354453309548,0.0015951771334198745,0.0005637559069950882,False,False,0.9911589352314554,0.4477621006472184,0.9496222590405999,0.8571637027921469,0.901782434865372,False,False,False,0.10362768831895662,0.9533157742980397,0.02500314657439001,0.001860994729739143,0.0006251573386204311,7,outer,19,False,False,0.7226903018560368,2.7971888362379853,0.5807457650068294,3.340917223470527,0.3372656435733675,False,False,False,32768
vel3,localno_plain,0.025922826284077004,False,0.1392533808833336,False,0.4445584920693955,0.9621531080328775,0.5215374157838153,1.2103371837579353,0.2720012760624603,0.006030948790096834,False,0.0011725315022989066,False,3.637234330877046e-05,False,0.058311396017670616,0.14473099938120787,0.011563789303655153,0.0009687643394201547,0.0001337212230593293,False,False,0.99999989430837,1.0000000203264037,0.9999999971159375,1.0000000008180518,0.9999999942318749,False,False,False,0.05831140218069776,0.14473099643934723,0.011563789337005845,0.0009687643386276553,0.00013372122383065006,8,outer,19,False,False,0.44455844508328385,0.9621531275899898,0.5215374142796688,1.2103371847480537,0.27200127449352285,False,False,False,32768
