channel,model,model_dynamic_span_q99_q01,model_dynamic_span_q99_q01_undefined,model_high_k_energy,model_high_k_energy_undefined,model_retention_dynamic_span_q99_q01,model_retention_high_k_energy,model_retention_std,model_retention_total_variation,model_retention_variance,model_std,model_std_undefined,model_total_variation,model_total_variation_undefined,model_variance,model_variance_undefined,oracle_dynamic_span_q99_q01,oracle_high_k_energy,oracle_std,oracle_total_variation,oracle_variance,preprocessing_dynamic_span_q99_q01_undefined,preprocessing_high_k_energy_undefined,preprocessing_retention_dynamic_span_q99_q01,preprocessing_retention_high_k_energy,preprocessing_retention_std,preprocessing_retention_total_variation,preprocessing_retention_variance,preprocessing_std_undefined,preprocessing_total_variation_undefined,preprocessing_variance_undefined,raw_dynamic_span_q99_q01,raw_high_k_energy,raw_std,raw_total_variation,raw_variance,shell,shell_group,step,total_dynamic_span_q99_q01_undefined,total_high_k_energy_undefined,total_retention_dynamic_span_q99_q01,total_retention_high_k_energy,total_retention_std,total_retention_total_variation,total_retention_variance,total_std_undefined,total_total_variation_undefined,total_variance_undefined,voxel_count
Bcc3,persistence,0.010797557421028614,False,0.0503971823393108,False,1.0,0.8945890661310301,1.0012583100546886,0.7933705877664966,1.002518203453571,0.005387735732788486,False,0.00023090431385136762,False,2.902769632636589e-05,False,0.010797557421028614,0.05633556707469209,0.005380964810663303,0.0002910421906380615,2.8954782293596758e-05,False,False,0.0020249628730702614,3.0632144701949364e-05,0.005403614559665162,0.0033187888068927146,2.9199050309425313e-05,False,False,False,5.332224884033202,1839.0996654931255,0.9958084077330523,0.08769530318820011,0.9916343849118371,1,inner,1,False,False,0.0020249628730702614,2.740318172250746e-05,0.00541041398219725,0.002633029426397343,2.92725794587555e-05,False,False,False,32768
Bcc3,persistence,0.010797557421028614,False,0.04968162389506616,False,1.0,1.0904438700378198,0.9952112432226189,1.1608489453947999,0.9904454186367107,0.005326758913306488,False,0.0003370717905763843,False,2.8374360520490112e-05,False,0.010797557421028614,0.04556091813633934,0.005352390208191151,0.00029036662514410745,2.8648080940740517e-05,False,False,0.011752267915398594,0.0007168642326483073,0.027432967600277403,0.019791476511430164,0.00075256771135787,False,False,False,0.9187637227773666,63.55585348152175,0.1951079550043659,0.014671296756278498,0.038067114105985664,2,inner,1,False,False,0.011752267915398594,0.0007817002081407122,0.0273015977907579,0.022974914636099658,0.0007453772419283167,False,False,False,32768
Bcc3,persistence,0.010797557421028614,False,0.03339779571917259,False,1.0,0.8262433086328671,0.9931519987686931,0.9823101307525023,0.98635089265825,0.004916999978068124,False,0.000461714121661713,False,2.417688878432193e-05,False,0.010797557421028614,0.040421260142407475,0.004950903773203101,0.00047002887093103193,2.4511448171516703e-05,False,False,0.034869907654103596,0.006114311526178428,0.08810010633006081,0.10178005841857332,0.00776162873536802,False,False,False,0.3096525958180427,6.61092585311426,0.05619634276779293,0.004618084114257679,0.003158028940475273,3,middle,1,False,False,0.034869907654103596,0.005051908985401739,0.08749679669343428,0.09997958249314608,0.007655689431612172,False,False,False,32768
Bcc3,persistence,0.010797557421028614,False,0.013557726929751617,False,1.0,1.0813717987162492,0.943397668136973,1.0680060010422436,0.8899991602462785,0.003858169881007193,False,0.00027744657067974195,False,1.4885474830711057e-05,False,0.010797557421028614,0.012537525896131815,0.004089653823955626,0.0002597799735291636,1.6725268399794875e-05,False,False,0.1233155352386473,0.030702838304035546,0.27308170605219845,0.23123465971719334,0.07457361818037933,False,False,False,0.0875603986158967,0.4083507124643879,0.014975934796503379,0.0011234473839124377,0.00022427862302912068,4,middle,1,False,False,0.1233155352386473,0.033201183482529074,0.2576246447005104,0.24696000422692366,0.06637045755706421,False,False,False,32768
Bcc3,persistence,0.010797557421028614,False,0.011189709145907369,False,1.0,0.9667156748570479,0.9447272101209587,0.9276549014354246,0.8925095015429299,0.0025828183902915462,False,0.00017504176034496434,False,6.670950837228213e-06,False,0.010797557421028614,0.011574974355890149,0.0027339303479581726,0.0001886927564055449,7.4743751474866955e-06,False,False,0.38459183666990643,0.187411588749566,0.6223092938978394,0.5694449218539904,0.3872688572716275,False,False,False,0.028075368199497464,0.061762319145362635,0.004393201860820971,0.0003313626114905052,1.930022258992084e-05,5,middle,1,False,False,0.38459183666990643,0.1811737204940682,0.5879125230564496,0.5282483728553665,0.3456411347666003,False,False,False,32768
Bcc3,persistence,0.008225936957169324,False,0.005525215172021204,False,0.9407889961613102,0.9326848713948765,0.9456171907994587,0.9487775472542237,0.8941918715354596,0.001149646941381253,False,8.589468492160115e-05,False,1.3216880898272698e-06,False,0.008743657707236707,0.0059239892717011374,0.00121576358019602,9.053195363884995e-05,1.4780810829310447e-06,False,False,0.9999998769762636,0.8967704394173747,0.9863711255969028,0.9748255634150528,0.9729279974113012,False,False,False,0.00874365878291428,0.006605914971450119,0.001232562013066127,9.286990107408996e-05,1.5192091160536231e-06,6,middle,1,False,False,0.9407888804219328,0.836404221958721,0.9327294928726433,0.9248926070576504,0.8699843068744583,False,False,False,32768
Bcc3,persistence,0.0021685082325711845,False,0.0005593956006779477,False,0.9243853319244517,0.8555047359446059,0.9463154633514231,0.9499315119006709,0.8955129561780185,0.0003230164400193819,False,2.817241801786488e-05,False,1.0433962052279495e-07,False,0.0023458920838311317,0.0006538778538265961,0.0003413411832830071,2.9657314937890715e-05,1.1651380340504346e-07,False,False,0.999999849635721,1.000000093656628,0.9999999913406069,0.9999999859312574,0.999999982681214,False,False,False,0.0023458924365695566,0.0006538777925866069,0.0003413411862388146,2.965731535513185e-05,1.1651380542292112e-07,7,outer,1,False,False,0.9243851929299178,0.8555048160682946,0.9463154551569055,0.9499314985363291,0.8955129406688213,False,False,False,32768
Bcc3,persistence,0.0004546673709410243,False,4.323275789966667e-05,False,0.9300653764244614,0.8114752554743827,0.9341009146429039,0.9440141901130304,0.8725445187367097,7.047504247486989e-05,False,7.484579649705961e-06,False,4.966731611834715e-09,False,0.000488855281000724,5.32767420916527e-05,7.544692588360401e-05,7.928460957572898e-06,5.692238625286037e-09,False,False,0.999999487109211,1.0000001268389482,0.9999998879042279,1.0000008632592932,0.9999997758084684,False,False,False,0.0004888555317302234,5.327673533408762e-05,7.544693434088637e-05,7.928454113261203e-06,5.692239901438018e-09,8,outer,1,False,False,0.9300648994024967,0.8114753584010507,0.9341008099341407,0.944015005042053,0.8725443231196177,False,False,False,32768
Bcc3,fno_plain,0.010797557421028614,False,0.02251812235121917,False,1.0,0.3997141330158918,0.8876941966982537,0.9322704214617836,0.788000986851758,0.0047766512350633315,False,0.0002713300257293064,False,2.2816397021432054e-05,False,0.010797557421028614,0.05633556707469209,0.005380964810663303,0.0002910421906380615,2.8954782293596758e-05,False,False,0.0020249628730702614,3.0632144701949364e-05,0.005403614559665162,0.0033187888068927146,2.9199050309425313e-05,False,False,False,5.332224884033202,1839.0996654931255,0.9958084077330523,0.08769530318820011,0.9916343849118371,1,inner,1,False,False,0.0020249628730702614,1.2244101161957034e-05,0.004796757285808953,0.0030940086397445213,2.3008880458961277e-05,False,False,False,32768
Bcc3,fno_plain,0.010797557421028614,False,0.0249117043393592,False,1.0,0.5467779263098224,0.7942037112847888,1.299694949093458,0.6307595350185322,0.004250888167589776,False,0.00037738803608510993,False,1.8070050213354763e-05,False,0.010797557421028614,0.04556091813633934,0.005352390208191151,0.00029036662514410745,2.8648080940740517e-05,False,False,0.011752267915398594,0.0007168642326483073,0.027432967600277403,0.019791476511430164,0.00075256771135787,False,False,False,0.9187637227773666,63.55585348152175,0.1951079550043659,0.014671296756278498,0.038067114105985664,2,inner,1,False,False,0.011752267915398594,0.0003919655385731235,0.02178736467969568,0.025722882057007596,0.00047468925968605096,False,False,False,32768
Bcc3,fno_plain,0.010797557421028614,False,0.027097755707438356,False,1.0,0.6703837439003806,0.7906012787275262,0.873310812486812,0.6250503819255996,0.003914190853951306,False,0.0004104812951650384,False,1.5320890041156054e-05,False,0.010797557421028614,0.040421260142407475,0.004950903773203101,0.00047002887093103193,2.4511448171516703e-05,False,False,0.034869907654103596,0.006114311526178428,0.08810010633006081,0.10178005841857332,0.00776162873536802,False,False,False,0.3096525958180427,6.61092585311426,0.05619634276779293,0.004618084114257679,0.003158028940475273,3,middle,1,False,False,0.034869907654103596,0.0040989350522927445,0.0696520567205771,0.08888562551247946,0.00485140900540649,False,False,False,32768
Bcc3,fno_plain,0.010797557421028614,False,0.014162303932541906,False,1.0,1.129593194851257,0.9450578650064843,0.9889580140037824,0.8931343682106143,0.0038649595114831083,False,0.0002569114866993568,False,1.4937912025403749e-05,False,0.010797557421028614,0.012537525896131815,0.004089653823955626,0.0002597799735291636,1.6725268399794875e-05,False,False,0.1233155352386473,0.030702838304035546,0.27308170605219845,0.23123465971719334,0.07457361818037933,False,False,False,0.0875603986158967,0.4083507124643879,0.014975934796503379,0.0011234473839124377,0.00022427862302912068,4,middle,1,False,False,0.1233155352386473,0.03468171721085706,0.258078014094019,0.22868136984275594,0.06660426135871267,False,False,False,32768
Bcc3,fno_plain,0.010797557421028614,False,0.012228243171361347,False,1.0,1.0564380356608538,0.9787470434320943,1.0764323087040468,0.9579457750270657,0.0026758262450133382,False,0.00020311497941335102,False,7.160046093502181e-06,False,0.010797557421028614,0.011574974355890149,0.0027339303479581726,0.0001886927564055449,7.4743751474866955e-06,False,False,0.38459183666990643,0.187411588749566,0.6223092938978394,0.5694449218539904,0.3872688572716275,False,False,False,0.028075368199497464,0.061762319145362635,0.004393201860820971,0.0003313626114905052,1.930022258992084e-05,5,middle,1,False,False,0.38459183666990643,0.1979887306786713,0.6090833815028246,0.6129689119110864,0.37098256562291526,False,False,False,32768
Bcc3,fno_plain,0.00778375991620121,False,0.0032221786827495357,False,0.8902178215140976,0.5439204115614903,0.8823192728490854,0.8773102948394295,0.7784872992409387,0.0010726916380349532,False,7.942461493928901e-05,False,1.150667350310111e-06,False,0.008743657707236707,0.0059239892717011374,0.00121576358019602,9.053195363884995e-05,1.4780810829310447e-06,False,False,0.9999998769762636,0.8967704394173747,0.9863711255969028,0.9748255634150528,0.9729279974113012,False,False,False,0.00874365878291428,0.006605914971450119,0.001232562013066127,9.286990107408996e-05,1.5192091160536231e-06,6,middle,1,False,False,0.8902177119961749,0.4877717464840769,0.8702942542959932,0.8552245024566729,0.757412089060619,False,False,False,32768
Bcc3,fno_plain,0.002137517847586423,False,0.0004699262204606947,False,0.9111748414682368,0.7186758470417869,0.878108521075698,0.9086617464427169,0.7710745747857495,0.00029973460163487014,False,2.6948467586265453e-05,False,8.98408314172143e-08,False,0.0023458920838311317,0.0006538778538265961,0.0003413411832830071,2.9657314937890715e-05,1.1651380340504346e-07,False,False,0.999999849635721,1.000000093656628,0.9999999913406069,0.9999999859312574,0.999999982681214,False,False,False,0.0023458924365695566,0.0006538777925866069,0.0003413411862388146,2.965731535513185e-05,1.1651380542292112e-07,7,outer,1,False,False,0.9111747044600887,0.7186759143505435,0.8781085134718111,0.9086617336589887,0.771074561431674,False,False,False,32768
Bcc3,fno_plain,0.0006152967794332653,False,7.262212119687397e-05,False,1.2586481180559324,1.3631111503015922,1.4780222335358273,1.9636887267732135,2.184549722826236,0.00011151223390789641,False,1.5569029403047457e-05,False,1.2434978311129404e-08,False,0.000488855281000724,5.32767420916527e-05,7.544692588360401e-05,7.928460957572898e-06,5.692238625286037e-09,False,False,0.999999487109211,1.0000001268389482,0.9999998879042279,1.0000008632592932,0.9999997758084684,False,False,False,0.0004888555317302234,5.327673533408762e-05,7.544693434088637e-05,7.928454113261203e-06,5.692239901438018e-09,8,outer,1,False,False,1.2586474725069061,1.363111323197177,1.4780220678557838,1.963690421945756,2.1845492330686875,False,False,False,32768
Bcc3,fno_full,0.010797557421028614,False,0.023290424406946317,False,1.0,0.4134230933730885,0.8909750930052905,0.9099300294551758,0.7938366163557861,0.004794305622638932,False,0.0002648280290999902,False,2.2985366403267276e-05,False,0.010797557421028614,0.05633556707469209,0.005380964810663303,0.0002910421906380615,2.8954782293596758e-05,False,False,0.0020249628730702614,3.0632144701949364e-05,0.005403614559665162,0.0033187888068927146,2.9199050309425313e-05,False,False,False,5.332224884033202,1839.0996654931255,0.9958084077330523,0.08769530318820011,0.9916343849118371,1,inner,1,False,False,0.0020249628730702614,1.266403601933197e-05,0.004814485984862409,0.0030198655968113955,2.317927529843656e-05,False,False,False,32768
Bcc3,fno_full,0.010797557421028614,False,0.029945543502295283,False,1.0,0.6572638288957295,0.8124984105504379,1.4112855594159024,0.6601536671469878,0.004348808536801038,False,0.0004097902250022093,False,1.891213568975358e-05,False,0.010797557421028614,0.04556091813633934,0.005352390208191151,0.00029036662514410745,2.8648080940740517e-05,False,False,0.011752267915398594,0.0007168642326483073,0.027432967600277403,0.019791476511430164,0.00075256771135787,False,False,False,0.9187637227773666,63.55585348152175,0.1951079550043659,0.014671296756278498,0.038067114105985664,2,inner,1,False,False,0.011752267915398594,0.00047116893034882554,0.02228924257190705,0.02793142500010041,0.0004968103344293137,False,False,False,32768
Bcc3,fno_full,0.010797557421028614,False,0.020199061047837145,False,1.0,0.4997137886516691,0.742481173575847,0.6883404372169235,0.5512782931145669,0.0036759528437889273,False,0.0003235398785212434,False,1.35126293097599e-05,False,0.010797557421028614,0.040421260142407475,0.004950903773203101,0.00047002887093103193,2.4511448171516703e-05,False,False,0.034869907654103596,0.006114311526178428,0.08810010633006081,0.10178005841857332,0.00776162873536802,False,False,False,0.3096525958180427,6.61092585311426,0.05619634276779293,0.004618084114257679,0.003158028940475273,3,middle,1,False,False,0.034869907654103596,0.003055405777743191,0.06541267034010045,0.07005932991180476,0.0042788174410226575,False,False,False,32768
Bcc3,fno_full,0.010797557421028614,False,0.013074318957120537,False,1.0,1.0428149114455139,0.8502138372810552,0.9044065717060004,0.7228635691041766,0.003477080270816454,False,0.0002349467152573864,False,1.2090087209701023e-05,False,0.010797557421028614,0.012537525896131815,0.004089653823955626,0.0002597799735291636,1.6725268399794875e-05,False,False,0.1233155352386473,0.030702838304035546,0.27308170605219845,0.23123465971719334,0.07457361818037933,False,False,False,0.0875603986158967,0.4083507124643879,0.014975934796503379,0.0011234473839124377,0.00022427862302912068,4,middle,1,False,False,0.1233155352386473,0.03201737760714876,0.2321778451938968,0.20913014585443043,0.053906551798881104,False,False,False,32768
Bcc3,fno_full,0.010797557421028614,False,0.00904717506795941,False,1.0,0.7816151284478294,0.9200343825770504,0.9245052672209699,0.8464632651239343,0.0025153099196923577,False,0.00017444744718336967,False,6.326783992102776e-06,False,0.010797557421028614,0.011574974355890149,0.0027339303479581726,0.0001886927564055449,7.4743751474866955e-06,False,False,0.38459183666990643,0.187411588749566,0.6223092938978394,0.5694449218539904,0.3872688572716275,False,False,False,0.028075368199497464,0.061762319145362635,0.004393201860820971,0.0003313626114905052,1.930022258992084e-05,5,middle,1,False,False,0.38459183666990643,0.1464837330131038,0.5725459469832588,0.5264548296462477,0.3278088614069567,False,False,False,32768
Bcc3,fno_full,0.0080211840569973,False,0.004819978595935698,False,0.9173716910668346,0.813637293193745,1.0145296211881416,0.9201500594575575,1.0292703522681537,0.001233428164470607,False,8.330298252359662e-05,False,1.5213450369093306e-06,False,0.008743657707236707,0.0059239892717011374,0.00121576358019602,9.053195363884995e-05,1.4780810829310447e-06,False,False,0.9999998769762636,0.8967704394173747,0.9863711255969028,0.9748255634150528,0.9729279974113012,False,False,False,0.00874365878291428,0.006605914971450119,0.001232562013066127,9.286990107408996e-05,1.5192091160536231e-06,6,middle,1,False,False,0.9173715782083416,0.729645872943718,1.0007027244027467,0.8969858001371077,1.0014059426270794,False,False,False,32768
Bcc3,fno_full,0.002686829539015889,False,0.0008587730961260883,False,1.145333818863468,1.3133540019751595,1.047824166500288,1.0960535002803298,1.0979354839020232,0.000357665540865739,False,3.250600384659123e-05,False,1.279246391227816e-07,False,0.0023458920838311317,0.0006538778538265961,0.0003413411832830071,2.9657314937890715e-05,1.1651380340504346e-07,False,False,0.999999849635721,1.000000093656628,0.9999999913406069,0.9999999859312574,0.999999982681214,False,False,False,0.0023458924365695566,0.0006538777925866069,0.0003413411862388146,2.965731535513185e-05,1.1651380542292112e-07,7,outer,1,False,False,1.1453336466461743,1.3133541249794667,1.0478241574267666,1.0960534848602352,1.0979354648871136,False,False,False,32768
Bcc3,fno_full,0.0007534876657882705,False,6.733718362087077e-05,False,1.5413307272569987,1.2639133133371727,1.712547643658686,1.6947726523609092,2.9328194318009166,0.00012920645514325756,False,1.3436938806205735e-05,False,1.6694308050686626e-08,False,0.000488855281000724,5.32767420916527e-05,7.544692588360401e-05,7.928460957572898e-06,5.692238625286037e-09,False,False,0.999999487109211,1.0000001268389482,0.9999998879042279,1.0000008632592932,0.9999997758084684,False,False,False,0.0004888555317302234,5.327673533408762e-05,7.544693434088637e-05,7.928454113261203e-06,5.692239901438018e-09,8,outer,1,False,False,1.541329936722666,1.263913473650608,1.7125474516893355,1.6947741153891513,2.932818774287637,False,False,False,32768
Bcc3,localno_plain,0.010797557421028614,False,0.03404100371049631,False,1.0,0.6042542123586561,0.7109571691914217,2.202971904107574,0.5054600964246797,0.0038256355093078363,False,0.00064115776888557,False,1.4635487050077027e-05,False,0.010797557421028614,0.05633556707469209,0.005380964810663303,0.0002910421906380615,2.8954782293596758e-05,False,False,0.0020249628730702614,3.0632144701949364e-05,0.005403614559665162,0.0033187888068927146,2.9199050309425313e-05,False,False,False,5.332224884033202,1839.0996654931255,0.9958084077330523,0.08769530318820011,0.9916343849118371,1,inner,1,False,False,0.0020249628730702614,1.8509602469732792e-05,0.003841738510741094,0.007311198497251347,1.4758954784911195e-05,False,False,False,32768
Bcc3,localno_plain,0.010797557421028614,False,0.03098121263296245,False,1.0,0.6799953534793204,0.7413204038602672,2.147664717191581,0.5495559411795498,0.003967836070754004,False,0.0006236101558719933,False,1.5743723084376576e-05,False,0.010797557421028614,0.04556091813633934,0.005352390208191151,0.00029036662514410745,2.8648080940740517e-05,False,False,0.011752267915398594,0.0007168642326483073,0.027432967600277403,0.019791476511430164,0.00075256771135787,False,False,False,0.9187637227773666,63.55585348152175,0.1951079550043659,0.014671296756278498,0.038067114105985664,2,inner,1,False,False,0.011752267915398594,0.0004874643472763675,0.020336618620523272,0.04250545580472448,0.00041357805691661395,False,False,False,32768
Bcc3,localno_plain,0.010797557421028614,False,0.024935753607467644,False,1.0,0.6168969873679568,0.7058202911561908,0.9363130210858119,0.49818228340780996,0.0034944483426884963,False,0.0004400941521389877,False,1.2211169219718379e-05,False,0.010797557421028614,0.040421260142407475,0.004950903773203101,0.00047002887093103193,2.4511448171516703e-05,False,False,0.034869907654103596,0.006114311526178428,0.08810010633006081,0.10178005841857332,0.00776162873536802,False,False,False,0.3096525958180427,6.61092585311426,0.05619634276779293,0.004618084114257679,0.003158028940475273,3,middle,1,False,False,0.034869907654103596,0.0037719003603286466,0.06218284270077489,0.09529799398418481,0.0038667059263493126,False,False,False,32768
Bcc3,localno_plain,0.010797557421028614,False,0.014541508008488647,False,1.0,1.1598387216871167,0.8158627459336166,1.1318681262801644,0.6656320202023411,0.0033365961987303528,False,0.00029403667188356513,False,1.113287419338184e-05,False,0.010797557421028614,0.012537525896131815,0.004089653823955626,0.0002597799735291636,1.6725268399794875e-05,False,False,0.1233155352386473,0.030702838304035546,0.27308170605219845,0.23123465971719334,0.07457361818037933,False,False,False,0.0875603986158967,0.4083507124643879,0.014975934796503379,0.0011234473839124377,0.00022427862302912068,4,middle,1,False,False,0.1233155352386473,0.03561034073071883,0.22279719056398337,0.26172714102513106,0.049638588123203924,False,False,False,32768
Bcc3,localno_plain,0.010797557421028614,False,0.01412558977401401,False,1.0,1.220356031875434,0.8597296206737703,1.2119805170603943,0.739135020663865,0.0023504409009985888,False,0.00022869194447394336,False,5.524572429087058e-06,False,0.010797557421028614,0.011574974355890149,0.0027339303479581726,0.0001886927564055449,7.4743751474866955e-06,False,False,0.38459183666990643,0.187411588749566,0.6223092938978394,0.5694449218539904,0.3872688572716275,False,False,False,0.028075368199497464,0.061762319145362635,0.004393201860820971,0.0003313626114905052,1.930022258992084e-05,5,middle,1,False,False,0.38459183666990643,0.2287088627738911,0.5350177331845514,0.6901561508260151,0.2862439748219358,False,False,False,32768
Bcc3,localno_plain,0.005303890684153884,False,0.002563314015988637,False,0.6065986183063992,0.4327006512711921,0.7069997761908535,0.9102118924328116,0.4998486835339169,0.000859544579099577,False,8.240326084725718e-05,False,7.38816883459469e-07,False,0.008743657707236707,0.0059239892717011374,0.00121576358019602,9.053195363884995e-05,1.4780810829310447e-06,False,False,0.9999998769762636,0.8967704394173747,0.9863711255969028,0.9748255634150528,0.9729279974113012,False,False,False,0.00874365878291428,0.006605914971450119,0.001232562013066127,9.286990107408996e-05,1.5192091160536231e-06,6,middle,1,False,False,0.6065985436803706,0.38803315317665116,0.6973641650381305,0.887297820867897,0.48631677867932904,False,False,False,32768
Bcc3,localno_plain,0.002533336647320539,False,0.00031247031311011896,False,1.0799033189895448,0.4778726046179627,1.045011889773347,1.2186593583249596,1.0920498497676614,0.0003567055950000456,False,3.614216439185114e-05,False,1.2723888150433656e-07,False,0.0023458920838311317,0.0006538778538265961,0.0003413411832830071,2.9657314937890715e-05,1.1651380340504346e-07,False,False,0.999999849635721,1.000000093656628,0.9999999913406069,0.9999999859312574,0.999999982681214,False,False,False,0.0023458924365695566,0.0006538777925866069,0.0003413411862388146,2.965731535513185e-05,1.1651380542292112e-07,7,outer,1,False,False,1.079903156610661,0.4778726493738995,1.0450118807241782,1.218659341179955,1.092049830854684,False,False,False,32768
Bcc3,localno_plain,0.0007648427470121533,False,0.00013716320296581997,False,1.5645586265253426,2.5745418653763825,1.7786919270081076,4.730835662755765,3.1637449712038146,0.00013419683798674548,False,3.750824584885259e-05,False,1.8008791325640813e-08,False,0.000488855281000724,5.32767420916527e-05,7.544692588360401e-05,7.928460957572898e-06,5.692238625286037e-09,False,False,0.999999487109211,1.0000001268389482,0.9999998879042279,1.0000008632592932,0.9999997758084684,False,False,False,0.0004888555317302234,5.327673533408762e-05,7.544693434088637e-05,7.928454113261203e-06,5.692239901438018e-09,8,outer,1,False,False,1.5645578240776343,2.574542191928565,1.7786917276242626,4.730839746693616,3.163744261918984,False,False,False,32768
vel3,persistence,0.07675067499279976,False,0.9391260768439798,False,0.6574952446942736,0.3485360248787636,0.4944858191111947,0.4426893529808807,0.24451622530206918,0.010883834425966993,False,0.0008119383955470758,False,0.00011845785181186427,False,0.11673190888017416,2.6944878285412526,0.02201040758970593,0.0018341041863325378,0.0004844580422649844,False,False,0.07667398618810956,0.006996170526561741,0.0642071137726351,0.03729344773355421,0.004122553459012109,False,False,False,1.5224447649531063,385.1375289254785,0.34280325491108904,0.049180333216613026,0.1175140715776371,1,inner,1,False,False,0.050412781310436444,0.0024384174647017957,0.03174950724662714,0.016509412247593405,0.0010080312104036294,False,False,False,32768
vel3,persistence,0.14099662087857723,False,2.4966776017925842,False,0.9715618703335192,1.253160375360939,1.0074827456990945,1.062250256439856,1.0150214828813862,0.05381198983004947,False,0.004234392765672282,False,0.002895730249469348,False,0.1451236665248871,1.9923049362883691,0.05341231902955243,0.003986247816841107,0.0028528758241146888,False,False,0.22649451574862087,0.06457217362073281,0.26478924325151143,0.2535877926676986,0.07011334334170809,False,False,False,0.6407381037250159,30.853923982646922,0.2017163475890086,0.015719399482547986,0.04068948488464974,2,inner,1,False,False,0.2200534353410148,0.08091928933242926,0.26677059382261814,0.26937369779127984,0.0711665497284723,False,False,False,32768
vel3,persistence,0.1044483856484294,False,0.7242584104645692,False,1.04828602695862,1.323290862160443,1.084065567848008,0.936936255960622,1.1751981553936237,0.04185191275574793,False,0.002880464390266502,False,0.001751582601314736,False,0.09963729646522551,0.5473161125605628,0.038606440419308476,0.003074344035617684,0.0014904572418496154,False,False,0.30785174855243935,0.12608269644103645,0.4157378100853643,0.43246350727557026,0.17283792673457446,False,False,False,0.32365350183565167,4.340929628012194,0.09286247120843143,0.007108909732026661,0.008623438558936755,3,middle,1,False,False,0.3227166863823007,0.16684408007697255,0.4506870451660777,0.405190739346372,0.2031188126805302,False,False,False,32768
vel3,persistence,0.09812243954278528,False,0.3084231538222768,False,1.0135349599954853,1.00344313458159,1.012695507960112,0.9895200463446635,1.0255521918425894,0.034440868631636014,False,0.0023492251080426438,False,0.0011861734321016097,False,0.0968120917538181,0.3073648552599658,0.03400910575875939,0.002374105624965152,0.0011566192745104814,False,False,0.5520519527037034,0.4857724288617314,0.6567424348995329,0.6719797399307395,0.4313106257977672,False,False,False,0.17536771907005452,0.632734253733147,0.05178454132320845,0.003533001791407952,0.0026816387200550833,4,middle,1,False,False,0.5595239537989777,0.48744500871032814,0.6650801137095432,0.6649374233989402,0.44233155765189897,False,False,False,32768
vel3,persistence,0.10011007013497875,False,0.15536209062022638,False,1.0089682629604197,0.934137773649973,0.9825720023974676,0.9797696741258914,0.9654477398953693,0.030760500335744043,False,0.001818125513883236,False,0.0009462083809053095,False,0.09922023695893585,0.16631603496042918,0.031306103024194336,0.001855666246768956,0.0009800720865614696,False,False,0.7689750777211983,0.6077392884915194,0.8867232724664778,0.8337197662909732,0.7862781619336591,False,False,False,0.12902919721789657,0.27366345752180216,0.035305381054355774,0.0022257673642840287,0.0012464699313932638,5,middle,1,False,False,0.7758714484282113,0.5677122259110865,0.8712694613998222,0.8168533437312212,0.7591104743679363,False,False,False,32768
vel3,persistence,0.08464301754953339,False,0.13180563899775732,False,0.9635642663053948,0.8710605851673419,0.9535548593999302,0.9560148870602174,0.9092668698852207,0.02123361499021177,False,0.0013294382043612385,False,0.00045086640555254604,False,0.08784366596955806,0.15131627035154596,0.022267848337088895,0.0013906040819608072,0.0004958570695635927,False,False,0.9999999728587633,1.0000000667764926,0.9999999953608859,0.9999999930191543,0.999999990721772,False,False,False,0.08784366835374385,0.15131626024717684,0.022267848440391983,0.0013906040916683998,0.0004958570741642677,6,middle,1,False,False,0.9635642401530691,0.8710606433337125,0.9535548549762806,0.956014880386425,0.9092668614488354,False,False,False,32768
vel3,persistence,0.056612339904531836,False,0.04526299113739143,False,0.9510201560483116,0.8229752374737018,0.9534725666773323,0.9499893775537437,0.90910993540626,0.012084979593226797,False,0.0007770889493425659,False,0.00014604673176870812,False,0.059528012676164505,0.054999213920865764,0.012674700893955048,0.0008179975141865244,0.00016064804275122487,False,False,0.9999998238360416,1.0000001325731045,1.0000000013896615,1.0000000052338813,1.000000002779323,False,False,False,0.0595280231628567,0.0549992066294502,0.012674700876341503,0.0008179975099052225,0.00016064804230473206,7,outer,1,False,False,0.9510199885128364,0.8229753465780838,0.9534725680023364,0.9499893825258753,0.9091099379329701,False,False,False,32768
vel3,persistence,0.02943920310586691,False,0.02384250000335497,False,0.9476987213534284,0.871856370133155,0.9476172482183076,0.9504607508117837,0.8979784491208375,0.0052829200547337965,False,0.0003997209698845547,False,2.7909244304708536e-05,False,0.031063883956521716,0.027346820898623024,0.005574951347357433,0.00042055494615969683,3.108008252540245e-05,False,False,1.0000000046845126,1.0000000255219013,1.00000000142288,1.0000000106596316,1.0000000028457603,False,False,False,0.031063883811002564,0.027346820200680178,0.0055749513394249455,0.00042055494167673606,3.108008243695599e-05,8,outer,1,False,False,0.9476987257929349,0.8718563923845871,0.9476172495666533,0.9504607609433452,0.8979784516762688,False,False,False,32768
vel3,fno_plain,0.08042671725153923,False,1.6255961039659113,False,0.6889865677952515,0.6033043039745256,1.0533478925344524,2.836153765135943,1.1095417827067722,0.023184616448441057,False,0.005201801493718622,False,0.0005375264398613236,False,0.11673190888017416,2.6944878285412526,0.02201040758970593,0.0018341041863325378,0.0004844580422649844,False,False,0.07667398618810956,0.006996170526561741,0.0642071137726351,0.03729344773355421,0.004122553459012109,False,False,False,1.5224447649531063,385.1375289254785,0.34280325491108904,0.049180333216613026,0.1175140715776371,1,inner,1,False,False,0.052827346582926114,0.004220819790014422,0.067632427978125,0.10576995220442027,0.004574145314216265,False,False,False,32768
vel3,fno_plain,0.10774898529052734,False,1.3785846679437959,False,0.7424632237502736,0.6919546515364642,0.7851317565214554,0.8798756314153277,0.616431875098466,0.04193570785955686,False,0.0035074023148210405,False,0.001758603593682099,False,0.1451236665248871,1.9923049362883691,0.05341231902955243,0.003986247816841107,0.0028528758241146888,False,False,0.22649451574862087,0.06457217362073281,0.26478924325151143,0.2535877926676986,0.07011334334170809,False,False,False,0.6407381037250159,30.853923982646922,0.2017163475890086,0.015719399482547986,0.04068948488464974,2,inner,1,False,False,0.16816384832447817,0.04468101589668624,0.2078944436620461,0.2231257191927105,0.043220099705551664,False,False,False,32768
vel3,fno_plain,0.10762846678495407,False,0.4540858636446709,False,1.0802026008656063,0.8296592284124003,0.9349709875301111,0.9350246815806958,0.8741707475230309,0.03609590172386324,False,0.002874587552972936,False,0.0013029141212587932,False,0.09963729646522551,0.5473161125605628,0.038606440419308476,0.003074344035617684,0.0014904572418496154,False,False,0.30785174855243935,0.12608269644103645,0.4157378100853643,0.43246350727557026,0.17283792673457446,False,False,False,0.32365350183565167,4.340929628012194,0.09286247120843143,0.007108909732026661,0.008623438558936755,3,middle,1,False,False,0.3325422594673696,0.10460567264542518,0.38870279084911885,0.40436405318561097,0.15108985961389382,False,False,False,32768
vel3,fno_plain,0.09867328247055411,False,0.20058800874822474,False,1.0192247753665813,0.6526055445687491,0.8679061807920155,0.9436673428351109,0.7532611386569826,0.029516713091236605,False,0.0022403659467207554,False,0.0008712363517103784,False,0.0968120917538181,0.3073648552599658,0.03400910575875939,0.002374105624965152,0.0011566192745104814,False,False,0.5520519527037034,0.4857724288617314,0.6567424348995329,0.6719797399307395,0.4313106257977672,False,False,False,0.17536771907005452,0.632734253733147,0.05178454132320845,0.003533001791407952,0.0026816387200550833,4,middle,1,False,False,0.5626650274851147,0.31701778047379414,0.5699908184377024,0.6341253356194697,0.3248895331032819,False,False,False,32768
vel3,fno_plain,0.1003070326987654,False,0.17266794919588077,False,1.0109533677114613,1.0381918330181625,0.7930273346891794,0.9355310744850902,0.6288923535642239,0.024826595440781692,False,0.001736033437725476,False,0.0006163598411802423,False,0.09922023695893585,0.16631603496042918,0.031306103024194336,0.001855666246768956,0.0009800720865614696,False,False,0.7689750777211983,0.6077392884915194,0.8867232724664778,0.8337197662909732,0.7862781619336591,False,False,False,0.12902919721789657,0.27366345752180216,0.035305381054355774,0.0022257673642840287,0.0012464699313932638,5,middle,1,False,False,0.7773979445084281,0.6309499659161644,0.7031957933709578,0.7799707487776525,0.49448432381461077,False,False,False,32768
vel3,fno_plain,0.09776873995549974,False,0.11138684988247577,False,1.1129856532784184,0.7361194511581336,1.0669479962745658,0.9700729787867385,1.1383780267543109,0.023758636164602918,False,0.001348987444100718,False,0.0005644727924019777,False,0.08784366596955806,0.15131627035154596,0.022267848337088895,0.0013906040819608072,0.0004958570695635927,False,False,0.9999999728587633,1.0000000667764926,0.9999999953608859,0.9999999930191543,0.999999990721772,False,False,False,0.08784366835374385,0.15131626024717684,0.022267848440391983,0.0013906040916683998,0.0004958570741642677,6,middle,1,False,False,1.1129856230706112,0.7361195003136086,1.0669479913248723,0.9700729720148087,1.13837801619218,False,False,False,32768
vel3,fno_plain,0.08203558723442249,False,0.18164543498701755,False,1.3781005537796192,3.3026914757067893,1.2923665370798438,1.2687128011554336,1.6702112661637478,0.016380359302843487,False,0.001037803917561767,False,0.00026831617089025117,False,0.059528012676164505,0.054999213920865764,0.012674700893955048,0.0008179975141865244,0.00016064804275122487,False,False,0.9999998238360416,1.0000001325731045,1.0000000013896615,1.0000000052338813,1.000000002779323,False,False,False,0.0595280231628567,0.0549992066294502,0.012674700876341503,0.0008179975099052225,0.00016064804230473206,7,outer,1,False,False,1.3781003110079706,3.302691913554851,1.292366538875796,1.268712807795726,1.6702112708058043,False,False,False,32768
vel3,fno_plain,0.024021492339670658,False,0.02962977117198235,False,0.7732932679407418,1.0834813772987513,0.6585498157603896,0.8978887523691149,0.43368785983804303,0.003671383182675373,False,0.0003776115559099905,False,1.347905447403155e-05,False,0.031063883956521716,0.027346820898623024,0.005574951347357433,0.00042055494615969683,3.108008252540245e-05,False,False,1.0000000046845126,1.0000000255219013,1.00000000142288,1.0000000106596316,1.0000000028457603,False,False,False,0.031063883811002564,0.027346820200680178,0.0055749513394249455,0.00042055494167673606,3.108008243695599e-05,8,outer,1,False,False,0.7732932715632438,1.0834814049512562,0.658549816697427,0.8978887619402783,0.4336878610722147,False,False,False,32768
vel3,fno_full,0.06903329610824585,False,1.1319047239526359,False,0.5913832539062549,0.42008158729201933,0.582878661139023,0.8654194317653934,0.3397475336112199,0.012829396907011981,False,0.001587269402734434,False,0.00016459342499764858,False,0.11673190888017416,2.6944878285412526,0.02201040758970593,0.0018341041863325378,0.0004844580422649844,False,False,0.07667398618810956,0.006996170526561741,0.0642071137726351,0.03729344773355421,0.004122553459012109,False,False,False,1.5224447649531063,385.1375289254785,0.34280325491108904,0.049180333216613026,0.1175140715776371,1,inner,1,False,False,0.04534371144188747,0.002938962419763699,0.03742495651139447,0.03227447434614488,0.0014006273698797674,False,False,False,32768
vel3,fno_full,0.1016685007372871,False,2.606647421451042,False,0.7005645817241813,1.308357658495382,0.8697969020870979,0.7279759908767286,0.7565466508803126,0.04645786962519245,False,0.002901892704345101,False,0.0021583336501113794,False,0.1451236665248871,1.9923049362883691,0.05341231902955243,0.003986247816841107,0.0028528758241146888,False,False,0.22649451574862087,0.06457217362073281,0.26478924325151143,0.2535877926676986,0.07011334334170809,False,False,False,0.6407381037250159,30.853923982646922,0.2017163475890086,0.015719399482547986,0.04068948488464974,2,inner,1,False,False,0.15867403568825358,0.08448349788237926,0.23031286348615163,0.1846058246415103,0.05304401508719071,False,False,False,32768
vel3,fno_full,0.1004885481740348,False,0.5269441094333246,False,1.0085435046815665,0.9627783603301393,1.0224178195501594,0.8132988766268813,1.0453381977337022,0.03947191263410251,False,0.002500360550532415,False,0.0015580318869942216,False,0.09963729646522551,0.5473161125605628,0.038606440419308476,0.003074344035617684,0.0014904572418496154,False,False,0.30785174855243935,0.12608269644103645,0.4157378100853643,0.43246350727557026,0.17283792673457446,False,False,False,0.32365350183565167,4.340929628012194,0.09286247120843143,0.007108909732026661,0.008623438558936755,3,middle,1,False,False,0.31048188140742555,0.12138969174550376,0.42505774529203644,0.35172208464934235,0.18067408683274974,False,False,False,32768
vel3,fno_full,0.09705464000348002,False,0.3006632306440675,False,1.0025053507807546,0.9781965162860596,0.9391632504507854,0.9232645486369288,0.8820276109972846,0.031940102309321,False,0.002191927558249845,False,0.0010201701355298924,False,0.0968120917538181,0.3073648552599658,0.03400910575875939,0.002374105624965152,0.0011566192745104814,False,False,0.5520519527037034,0.4857724288617314,0.6567424348995329,0.6719797399307395,0.4313106257977672,False,False,False,0.17536771907005452,0.632734253733147,0.05178454132320845,0.003533001791407952,0.0026816387200550833,4,middle,1,False,False,0.5534350364944268,0.47518089762036336,0.6167883598692087,0.6204150712803149,0.38042788087014834,False,False,False,32768
vel3,fno_full,0.10213254950940609,False,0.25545112294788586,False,1.0293520015647166,1.5359380291182638,1.0418290344076893,1.018671554803405,1.0854077369348583,0.03261560708476403,False,0.0018903144207923315,False,0.0010637778255077092,False,0.09922023695893585,0.16631603496042918,0.031306103024194336,0.001855666246768956,0.0009800720865614696,False,False,0.7689750777211983,0.6077392884915194,0.8867232724664778,0.8337197662909732,0.7862781619336591,False,False,False,0.12902919721789657,0.27366345752180216,0.035305381054355774,0.0022257673642840287,0.0012464699313932638,5,middle,1,False,False,0.7915460354056991,0.9334498849834002,0.9238140507405769,0.8492866105979572,0.8534324003457129,False,False,False,32768
vel3,fno_full,0.10345683386549354,False,0.24535835019388869,False,1.177738118321999,1.621493509084378,1.0670654768678518,1.0887961047815091,1.1386287319232158,0.023761252204636762,False,0.0015140843077321934,False,0.0005645971063323554,False,0.08784366596955806,0.15131627035154596,0.022267848337088895,0.0013906040819608072,0.0004958570695635927,False,False,0.9999999728587633,1.0000000667764926,0.9999999953608859,0.9999999930191543,0.999999990721772,False,False,False,0.08784366835374385,0.15131626024717684,0.022267848440391983,0.0013906040916683998,0.0004958570741642677,6,middle,1,False,False,1.1777380863567302,1.6214936173620271,1.0670654719176134,1.0887960971807915,1.138628721358759,False,False,False,32768
vel3,fno_full,0.054385964293032885,False,0.052523611850801406,False,0.9136196867329566,0.9549884099502528,0.9273430488441216,0.9434515529053349,0.8599651302395109,0.011753795770187586,False,0.0007717410250319801,False,0.0001381517150072796,False,0.059528012676164505,0.054999213920865764,0.012674700893955048,0.0008179975141865244,0.00016064804275122487,False,False,0.9999998238360416,1.0000001325731045,1.0000000013896615,1.0000000052338813,1.000000002779323,False,False,False,0.0595280231628567,0.0549992066294502,0.012674700876341503,0.0008179975099052225,0.00016064804230473206,7,outer,1,False,False,0.9136195257860962,0.954988536556031,0.9273430501328145,0.9434515578432483,0.8599651326296318,False,False,False,32768
vel3,fno_full,0.02668543468695134,False,0.016961461238179428,False,0.8590501665632465,0.6202352112904457,0.8191997992237019,0.9337197680489572,0.6710883110481534,0.004566999024437115,False,0.0003926804667800738,False,2.0857480089209558e-05,False,0.031063883956521716,0.027346820898623024,0.005574951347357433,0.00042055494615969683,3.108008252540245e-05,False,False,1.0000000046845126,1.0000000255219013,1.00000000142288,1.0000000106596316,1.0000000028457603,False,False,False,0.031063883811002564,0.027346820200680178,0.0055749513394249455,0.00042055494167673606,3.108008243695599e-05,8,outer,1,False,False,0.8590501705874777,0.6202352271200275,0.8191998003893249,0.933719778002066,0.6710883129579098,False,False,False,32768
vel3,localno_plain,0.0887442868668586,False,5.3390415744658695,False,0.7602401752716562,1.9814680615411542,1.1762389300796259,5.327299243061342,1.383538020634863,0.02588949827393218,False,0.009770821843544967,False,0.0006702661208759373,False,0.11673190888017416,2.6944878285412526,0.02201040758970593,0.0018341041863325378,0.0004844580422649844,False,False,0.07667398618810956,0.006996170526561741,0.0642071137726351,0.03729344773355421,0.004122553459012109,False,False,False,1.5224447649531063,385.1375289254785,0.34280325491108904,0.049180333216613026,0.1175140715776371,1,inner,1,False,False,0.058290644698424945,0.013862688451477648,0.07552290680742513,0.19867335588211105,0.005703709452643021,False,False,False,32768
vel3,localno_plain,0.10795023216865957,False,2.2875891062791864,False,0.74384995055336,1.1482123366822183,0.7804911629155422,1.2381400482683012,0.6091664553892554,0.04168784299339132,False,0.004935533064353058,False,0.0017378762534416459,False,0.1451236665248871,1.9923049362883691,0.05341231902955243,0.003986247816841107,0.0028528758241146888,False,False,0.22649451574862087,0.06457217362073281,0.26478924325151143,0.2535877926676986,0.07011334334170809,False,False,False,0.6407381037250159,30.853923982646922,0.2017163475890086,0.015719399482547986,0.04068948488464974,2,inner,1,False,False,0.16847793434021885,0.07414256635771152,0.20666566439289855,0.31397720185383626,0.042710696838958166,False,False,False,32768
vel3,localno_plain,0.1077680753543973,False,0.8607408207639998,False,1.0816037686451028,1.5726575575075095,0.961146174444091,1.1588420524447993,0.9238019686485109,0.03710643251792207,False,0.0035626791521566237,False,0.0013768873342071045,False,0.09963729646522551,0.5473161125605628,0.038606440419308476,0.003074344035617684,0.0014904572418496154,False,False,0.30785174855243935,0.12608269644103645,0.4157378100853643,0.43246350727557026,0.17283792673457446,False,False,False,0.32365350183565167,4.340929628012194,0.09286247120843143,0.007108909732026661,0.008623438558936755,3,middle,1,False,False,0.332973611418303,0.19828490542892116,0.3995848057353119,0.5011568983786981,0.159668016974527,False,False,False,32768
vel3,localno_plain,0.10312528368085623,False,0.21232279234921894,False,1.065210779073877,0.6907842217993292,0.9697233327000402,1.0118897566151008,0.9403633419828729,0.03297942337853229,False,0.0024023331630245296,False,0.0010876423663804822,False,0.0968120917538181,0.3073648552599658,0.03400910575875939,0.002374105624965152,0.0011566192745104814,False,False,0.5520519527037034,0.4857724288617314,0.6567424348995329,0.6719797399307395,0.4313106257977672,False,False,False,0.17536771907005452,0.632734253733147,0.05178454132320845,0.003533001791407952,0.0026816387200550833,4,middle,1,False,False,0.588051690628767,0.3355639292428211,0.6368584626963142,0.6799694154887946,0.40558870150791265,False,False,False,32768
vel3,localno_plain,0.10357338255736977,False,0.2778095603833932,False,1.0438735658355216,1.67037147349918,0.9952177919671,1.0859584514438565,0.9904584534478701,0.03115639072683324,False,0.0020151764437378486,False,0.0009707206831231002,False,0.09922023695893585,0.16631603496042918,0.031306103024194336,0.001855666246768956,0.0009800720865614696,False,False,0.7689750777211983,0.6077392884915194,0.8867232724664778,0.8337197662909732,0.7862781619336591,False,False,False,0.12902919721789657,0.27366345752180216,0.035305381054355774,0.0022257673642840287,0.0012464699313932638,5,middle,1,False,False,0.8027127564194746,1.0151503708209224,0.8824827773099292,0.9053850263394793,0.7787758522486459,False,False,False,32768
vel3,localno_plain,0.10304452962940559,False,0.5449757790250639,False,1.173044504598833,3.601567615689624,1.0080947458600915,1.1889735696735828,1.0162550166307223,0.02244810091022869,False,0.0016533914993315964,False,0.0005039172344758101,False,0.08784366596955806,0.15131627035154596,0.022267848337088895,0.0013906040819608072,0.0004958570695635927,False,False,0.9999999728587633,1.0000000667764926,0.9999999953608859,0.9999999930191543,0.999999990721772,False,False,False,0.08784366835374385,0.15131626024717684,0.022267848440391983,0.0013906040916683998,0.0004958570741642677,6,middle,1,False,False,1.1730444727609544,3.6015678561896767,1.008094741183425,1.1889735613735417,1.0162550072016765,False,False,False,32768
vel3,localno_plain,0.05380265343934297,False,0.20187062271172107,False,0.9038207563224429,3.6704274174205023,0.8747240676353786,1.223681865902915,0.7651421945005823,0.011086865922022128,False,0.0010009687244637124,False,0.00012291859597289556,False,0.059528012676164505,0.054999213920865764,0.012674700893955048,0.0008179975141865244,0.00016064804275122487,False,False,0.9999998238360416,1.0000001325731045,1.0000000013896615,1.0000000052338813,1.000000002779323,False,False,False,0.0595280231628567,0.0549992066294502,0.012674700876341503,0.0008179975099052225,0.00016064804230473206,7,outer,1,False,False,0.9038205971018008,3.6704279040204595,0.874724068850949,1.2236818723075207,0.7651421966271597,False,False,False,32768
vel3,localno_plain,0.018592249481007423,False,0.05977361137971964,False,0.5985165765823068,2.1857608824552393,0.5677477423129417,1.9929844093039077,0.3223374989014424,0.0031651660409666746,False,0.0008381594509519201,False,1.0018276066888653e-05,False,0.031063883956521716,0.027346820898623024,0.005574951347357433,0.00042055494615969683,3.108008252540245e-05,False,False,1.0000000046845126,1.0000000255219013,1.00000000142288,1.0000000106596316,1.0000000028457603,False,False,False,0.031063883811002564,0.027346820200680178,0.0055749513394249455,0.00042055494167673606,3.108008243695599e-05,8,outer,1,False,False,0.5985165793860653,2.185760938240013,0.5677477431207786,1.9929844305483875,0.32233749981873766,False,False,False,32768
Bcc3,persistence,0.010797557421028614,False,0.0503971823393108,False,1.0,2.6566200471246706,0.9979545415143032,4.0417395913001855,0.9959132669290232,0.005387735732788486,False,0.00023090431385136762,False,2.902769632636589e-05,False,0.010797557421028614,0.01897041407703634,0.005398778710514307,5.7129933444595844e-05,2.9146811565102524e-05,False,False,0.0005709033349997287,7.378415566012077e-07,0.00167290252127444,0.00021320811759815847,2.798602845686378e-06,False,False,False,18.913109731674183,25710.68802958406,3.2271926438376357,0.26795383819424184,10.41477236043975,1,inner,3,False,False,0.0005709033349997287,1.9601646708684407e-06,0.0016694806686165559,0.000861731690083063,2.787165702884382e-06,False,False,False,32768
Bcc3,persistence,0.010797557421028614,False,0.04968162389506616,False,1.0,2.618900340989694,0.9866599834759743,5.900090727451553,0.9734979229928097,0.005326758913306488,False,0.0003370717905763843,False,2.8374360520490112e-05,False,0.010797557421028614,0.01897041407703634,0.005398778710514307,5.7129933444595844e-05,2.9146811565102524e-05,False,False,0.00477717801258469,4.939874360353891e-05,0.01222931377759268,0.0016006580676444118,0.00014955611547081812,False,False,False,2.2602376115322107,384.0262462804278,0.4414621137946669,0.03569152875271506,0.19488879791605543,2,inner,3,False,False,0.00477717801258469,0.0001293703864677705,0.012066174529722097,0.009444027822729314,0.00014559256778171425,False,False,False,32768
Bcc3,persistence,0.010797557421028614,False,0.03339779571917259,False,1.0,2.4089911006521345,0.9160214306875093,7.515705778365816,0.8390952614787912,0.004916999978068124,False,0.000461714121661713,False,2.417688878432193e-05,False,0.010797557421028614,0.013863810335426944,0.005367778321930445,6.143323531780221e-05,2.8813044113386426e-05,False,False,0.02426384752817039,0.0009549451906173834,0.062474092717299645,0.009162722806878965,0.0039030122608497524,False,False,False,0.445005987137556,14.517912097618739,0.08592006843893002,0.006704692110917169,0.007382258160550419,3,middle,3,False,False,0.02426384752817039,0.002300454465807833,0.05722760779180493,0.06886432874522448,0.003274999093572651,False,False,False,32768
Bcc3,persistence,0.010797557421028614,False,0.013557726929751617,False,1.0,1.0633552733347884,0.8079775564964666,1.396791604166134,0.6528277318020009,0.003858169881007193,False,0.00027744657067974195,False,1.4885474830711057e-05,False,0.010797557421028614,0.012749950340898982,0.004775095359996011,0.00019863132757400406,2.2801535697055434e-05,False,False,0.10543335966696878,0.022348334948386134,0.2514802002543584,0.13662958140875428,0.06324229111997219,False,False,False,0.10241120509803295,0.5705100791779438,0.01898795752177016,0.0014537944530457088,0.0003605425308485481,4,middle,3,False,False,0.10543335966696878,0.023764219817618542,0.20319035770875862,0.19084305219248127,0.04128632146581328,False,False,False,32768
Bcc3,persistence,0.010797557421028614,False,0.011189709145907369,False,1.0,0.8695471798131877,0.8264636375865468,0.7878091313003959,0.6830421442527869,0.0025828183902915462,False,0.00017504176034496434,False,6.670950837228213e-06,False,0.010797557421028614,0.012868432450452372,0.0031251446195914153,0.00022218803183460432,9.766528893361172e-06,False,False,0.3379643280036133,0.17838237996725378,0.6036332018773666,0.5542745117653763,0.36437304240872154,False,False,False,0.03194880798459053,0.07213959390391961,0.0051772245295187,0.0004008627983396361,2.6803653829050126e-05,5,middle,3,False,False,0.3379643280036133,0.15511189542889,0.4988808917915827,0.43666252161583224,0.2488821441947648,False,False,False,32768
Bcc3,persistence,0.008225936957169324,False,0.005525215172021204,False,0.8332764258497929,0.8411545038987716,0.8454773194491565,0.8534737192542325,0.7148318977029309,0.001149646941381253,False,8.589468492160115e-05,False,1.3216880898272698e-06,False,0.009871798483654857,0.006568609151364817,0.0013597608296935374,0.00010064127691788347,1.8489495139688572e-06,False,False,1.0000000150946775,0.7911928269567697,0.9683106789215249,0.9465801854374021,0.9376255709134643,False,False,False,0.009871798334643245,0.008302159634877126,0.0014042609043700704,0.00010632092079064435,1.9719486875422483e-06,6,middle,3,False,False,0.8332764384278318,0.6655154098470882,0.8186847172085636,0.8078813114376208,0.6702446661908656,False,False,False,32768
Bcc3,persistence,0.0021685082325711845,False,0.0005593956006779477,False,0.7869460834586097,0.6317956722563148,0.8406752370342718,0.8531835186384918,0.706734854162629,0.0003230164400193819,False,2.817241801786488e-05,False,1.0433962052279495e-07,False,0.0027555994980502873,0.0008854058760488075,0.00038423451267449846,3.302034955248826e-05,1.4763616073020933e-07,False,False,1.0000000849161197,1.0000000051342588,1.0000000103167506,1.0000001346624208,1.0000000206335014,False,False,False,0.00275559926405549,0.0008854058715029047,0.0003842345087104469,3.302034510588865e-05,1.4763615768395846e-07,7,outer,3,False,False,0.7869461502830176,0.6317956755001173,0.8406752457073086,0.8531836335302498,0.7067348687450437,False,False,False,32768
Bcc3,persistence,0.0004546673709410243,False,4.323275789966667e-05,False,0.8373306365768584,0.5335098971668389,0.811385092881024,0.8383290378068989,0.658345768949548,7.047504247486989e-05,False,7.484579649705961e-06,False,4.966731611834715e-09,False,0.0005429962204652838,8.103459397707659e-05,8.685769937506587e-05,8.927973757518778e-06,7.54425994072932e-09,False,False,1.0000000487747172,0.9999998268094892,0.9999999383795678,1.0000000381599607,0.9999998767591396,False,False,False,0.000542996193980798,8.103460801150174e-05,8.685770472727518e-05,8.927973416827662e-06,7.54426087049052e-09,8,outer,3,False,False,0.8373306774174234,0.5335098047679873,0.811385042883124,0.8383290697975021,0.6583456878144489,False,False,False,32768
Bcc3,fno_plain,0.010797557421028614,False,0.017916115551081427,False,1.0,0.9444240636143446,0.8334724523228472,4.704856594717148,0.6946763287810607,0.004499733331400738,False,0.0002687881441225585,False,2.024760005371878e-05,False,0.010797557421028614,0.01897041407703634,0.005398778710514307,5.7129933444595844e-05,2.9146811565102524e-05,False,False,0.0005709033349997287,7.378415566012077e-07,0.00167290252127444,0.00021320811759815847,2.798602845686378e-06,False,False,False,18.913109731674183,25710.68802958406,3.2271926438376357,0.26795383819424184,10.41477236043975,1,inner,3,False,False,0.0005709033349997287,6.968353211888461e-07,0.0013943181669036817,0.0010031136181289251,1.9441231505576425e-06,False,False,False,32768
Bcc3,fno_plain,0.010797557421028614,False,0.01887398218194787,False,1.0,0.99491672165421,0.7472780451671993,6.392040507238142,0.5584244767889107,0.004034388801083424,False,0.00036517684875367573,False,1.627629299830735e-05,False,0.010797557421028614,0.01897041407703634,0.005398778710514307,5.7129933444595844e-05,2.9146811565102524e-05,False,False,0.00477717801258469,4.939874360353891e-05,0.01222931377759268,0.0016006580676444118,0.00014955611547081812,False,False,False,2.2602376115322107,384.0262462804278,0.4414621137946669,0.03569152875271506,0.19488879791605543,2,inner,3,False,False,0.00477717801258469,4.91476360398698e-05,0.009138697693455756,0.01023147120662061,8.351579553237353e-05,False,False,False,32768
Bcc3,fno_plain,0.010797557421028614,False,0.022956675485701582,False,1.0,1.6558705673460599,0.6774819004651104,6.4046665218032155,0.4589817254578177,0.003636572658816859,False,0.0003934593855659867,False,1.3224660702854319e-05,False,0.010797557421028614,0.013863810335426944,0.005367778321930445,6.143323531780221e-05,2.8813044113386426e-05,False,False,0.02426384752817039,0.0009549451906173834,0.062474092717299645,0.009162722806878965,0.0039030122608497524,False,False,False,0.445005987137556,14.517912097618739,0.08592006843893002,0.006704692110917169,0.007382258160550419,3,middle,3,False,False,0.02426384752817039,0.0015812656345719981,0.04232506706394967,0.05868418400978049,0.0017914113019678374,False,False,False,32768
Bcc3,fno_plain,0.010797557421028614,False,0.01563987575339877,False,1.0,1.2266616994757664,0.8337788877329089,1.4080191456511764,0.6951872336291266,0.003981373698076048,False,0.00027967671215030815,False,1.5851336523731747e-05,False,0.010797557421028614,0.012749950340898982,0.004775095359996011,0.00019863132757400406,2.2801535697055434e-05,False,False,0.10543335966696878,0.022348334948386134,0.2514802002543584,0.13662958140875428,0.06324229111997219,False,False,False,0.10241120509803295,0.5705100791779438,0.01898795752177016,0.0014537944530457088,0.0003605425308485481,4,middle,3,False,False,0.10543335966696878,0.027413846528240995,0.20967888165492812,0.19237706648583203,0.04396523341206135,False,False,False,32768
Bcc3,fno_plain,0.010797557421028614,False,0.009936263989384473,False,1.0,0.7721425299967423,0.829032490943802,1.0551227809458552,0.6872948710404853,0.0025908464285394916,False,0.0002344356540422139,False,6.71248521627584e-06,False,0.010797557421028614,0.012868432450452372,0.0031251446195914153,0.00022218803183460432,9.766528893361172e-06,False,False,0.3379643280036133,0.17838237996725378,0.6036332018773666,0.5542745117653763,0.36437304240872154,False,False,False,0.03194880798459053,0.07213959390391961,0.0051772245295187,0.0004008627983396361,2.6803653829050126e-05,5,middle,3,False,False,0.3379643280036133,0.13773662217475555,0.5004315369687761,0.5848276642612901,0.2504317231929315,False,False,False,32768
Bcc3,fno_plain,0.006296619768254459,False,0.002343373814016623,False,0.6378391717253985,0.35675342527112,0.6957408421044087,0.6291336848207361,0.4840553193721516,0.0009460411447115711,False,6.331681739241211e-05,False,8.949938474871797e-07,False,0.009871798483654857,0.006568609151364817,0.0013597608296935374,0.00010064127691788347,1.8489495139688572e-06,False,False,1.0000000150946775,0.7911928269567697,0.9683106789215249,0.9465801854374021,0.9376255709134643,False,False,False,0.009871798334643245,0.008302159634877126,0.0014042609043700704,0.00010632092079064435,1.9719486875422483e-06,6,middle,3,False,False,0.6378391813533751,0.2822607510667681,0.6736932871715533,0.5955254800425284,0.45386264518001296,False,False,False,32768
Bcc3,fno_plain,0.002594170509837568,False,0.0005490285162236477,False,0.9414178336413046,0.6200868224115815,0.9075313546677722,0.9013729672066412,0.8236131597051218,0.0003487048677975989,False,2.9763650454326827e-05,False,1.2159508482574093e-07,False,0.0027555994980502873,0.0008854058760488075,0.00038423451267449846,3.302034955248826e-05,1.4763616073020933e-07,False,False,1.0000000849161197,1.0000000051342588,1.0000000103167506,1.0000001346624208,1.0000000206335014,False,False,False,0.00275559926405549,0.0008854058715029047,0.0003842345087104469,3.302034510588865e-05,1.4763615768395846e-07,7,outer,3,False,False,0.9414179135828541,0.6200868255952677,0.9075313640305469,0.901373088587707,0.8236131766991451,False,False,False,32768
Bcc3,fno_plain,0.000528806442162022,False,7.390716773151749e-05,False,0.9738676297026472,0.9120446478996941,1.4188625608114982,1.9407159559289187,2.013170966472563,0.00012323913776150124,False,1.7326661125331353e-05,False,1.5187885076198283e-08,False,0.0005429962204652838,8.103459397707659e-05,8.685769937506587e-05,8.927973757518778e-06,7.54425994072932e-09,False,False,1.0000000487747172,0.9999998268094892,0.9999999383795678,1.0000000381599607,0.9999998767591396,False,False,False,0.000542996193980798,8.103460801150174e-05,8.685770472727518e-05,8.927973416827662e-06,7.54426087049052e-09,8,outer,3,False,False,0.9738676772027655,0.9120444899422157,1.4188624733805741,1.9407160299865633,2.0131707183676406,False,False,False,32768
Bcc3,fno_full,0.010797557421028614,False,0.016556126113907856,False,1.0,0.8727340397882524,0.8319640665623824,5.095261483084929,0.6921642080510163,0.004491589890469898,False,0.0002910919494114547,False,2.017437974417139e-05,False,0.010797557421028614,0.01897041407703634,0.005398778710514307,5.7129933444595844e-05,2.9146811565102524e-05,False,False,0.0005709033349997287,7.378415566012077e-07,0.00167290252127444,0.00021320811759815847,2.798602845686378e-06,False,False,False,18.913109731674183,25710.68802958406,3.2271926438376357,0.26795383819424184,10.41477236043975,1,inner,3,False,False,0.0005709033349997287,6.439394424162245e-07,0.0013917947845619458,0.0010863511094789389,1.9370927223338327e-06,False,False,False,32768
Bcc3,fno_full,0.010797557421028614,False,0.018336411696415072,False,1.0,0.9665794126555873,0.7827213796729305,5.214429495209046,0.6126527581970959,0.0042257395208426035,False,0.00029790001001283033,False,1.7856874498011074e-05,False,0.010797557421028614,0.01897041407703634,0.005398778710514307,5.7129933444595844e-05,2.9146811565102524e-05,False,False,0.00477717801258469,4.939874360353891e-05,0.01222931377759268,0.0016006580676444118,0.00014955611547081812,False,False,False,2.2602376115322107,384.0262462804278,0.4414621137946669,0.03569152875271506,0.19488879791605543,2,inner,3,False,False,0.00477717801258469,4.774780857823259e-05,0.00957214535245052,0.008346518639669337,9.162596664844008e-05,False,False,False,32768
Bcc3,fno_full,0.010797557421028614,False,0.01750788735015728,False,1.0,1.2628481583752218,0.6882857179739337,5.613902438797002,0.4737372295668933,0.003694565156234813,False,0.00034488018957379995,False,1.3649811693664369e-05,False,0.010797557421028614,0.013863810335426944,0.005367778321930445,6.143323531780221e-05,2.8813044113386426e-05,False,False,0.02426384752817039,0.0009549451906173834,0.062474092717299645,0.009162722806878965,0.0039030122608497524,False,False,False,0.445005987137556,14.517912097618739,0.08592006843893002,0.006704692110917169,0.007382258160550419,3,middle,3,False,False,0.02426384752817039,0.0012059507753204377,0.043000025760696683,0.05143863191155873,0.0018490022154205783,False,False,False,32768
Bcc3,fno_full,0.010797557421028614,False,0.008364877221653496,False,1.0,0.6560713569856695,0.7118126215551387,1.2947671071660736,0.5066772082051992,0.0033989731463745397,False,0.00025718130939554997,False,1.1553018449775239e-05,False,0.010797557421028614,0.012749950340898982,0.004775095359996011,0.00019863132757400406,2.2801535697055434e-05,False,False,0.10543335966696878,0.022348334948386134,0.2514802002543584,0.13662958140875428,0.06324229111997219,False,False,False,0.10241120509803295,0.5705100791779438,0.01898795752177016,0.0014537944530457088,0.0003605425308485481,4,middle,3,False,False,0.10543335966696878,0.014662102435957954,0.17900678061226613,0.17690348787392432,0.032043427505167976,False,False,False,32768
Bcc3,fno_full,0.010797557421028614,False,0.0075082739934852144,False,1.0,0.5834645379221205,0.7907898956739591,0.8641341819457194,0.625348659100031,0.0024713327876927297,False,0.00019200027312752527,False,6.1074857475251185e-06,False,0.010797557421028614,0.012868432450452372,0.0031251446195914153,0.00022218803183460432,9.766528893361172e-06,False,False,0.3379643280036133,0.17838237996725378,0.6036332018773666,0.5542745117653763,0.36437304240872154,False,False,False,0.03194880798459053,0.07213959390391961,0.0051772245295187,0.0004008627983396361,2.6803653829050126e-05,5,middle,3,False,False,0.3379643280036133,0.10407979290104186,0.47734703673794054,0.47896755179773653,0.22786019348249273,False,False,False,32768
Bcc3,fno_full,0.007813327014446259,False,0.0047280054046596005,False,0.7914795898015043,0.7197879026912755,0.9935992495521229,0.8343551113798046,0.9872394687105417,0.0013510573399538707,False,8.397056381222641e-05,False,1.8253559358432288e-06,False,0.009871798483654857,0.006568609151364817,0.0013597608296935374,0.00010064127691788347,1.8489495139688572e-06,False,False,1.0000000150946775,0.7911928269567697,0.9683106789215249,0.9465801854374021,0.9376255709134643,False,False,False,0.009871798334643245,0.008302159634877126,0.0014042609043700704,0.00010632092079064435,1.9719486875422483e-06,6,middle,3,False,False,0.7914796017486335,0.5694910255395945,0.9621127639097338,0.7897840160505396,0.9256609704780268,False,False,False,32768
Bcc3,fno_full,0.006229870079550892,False,0.004272424218543244,False,2.260803895471316,4.8253849834487985,2.3868454752516994,1.8912269838912448,5.697031322729511,0.0009171084080126684,False,6.244897609118699e-05,False,8.41087832047531e-07,False,0.0027555994980502873,0.0008854058760488075,0.00038423451267449846,3.302034955248826e-05,1.4763616073020933e-07,False,False,1.0000000849161197,1.0000000051342588,1.0000000103167506,1.0000001346624208,1.0000000206335014,False,False,False,0.00275559926405549,0.0008854058715029047,0.0003842345087104469,3.302034510588865e-05,1.4763615768395846e-07,7,outer,3,False,False,2.26080408745001,4.825385008223573,2.386845499876189,1.891227238568449,5.697031440279214,False,False,False,32768
Bcc3,fno_full,0.0026867173961363728,False,0.0013378900519112607,False,4.94794861340687,16.510109895654303,6.194879402241479,4.50212941508773,38.37653080831574,0.0005380729727846781,False,4.019489327085661e-05,False,2.89522524041341e-07,False,0.0005429962204652838,8.103459397707659e-05,8.685769937506587e-05,8.927973757518778e-06,7.54425994072932e-09,False,False,1.0000000487747172,0.9999998268094892,0.9999999383795678,1.0000000381599607,0.9999998767591396,False,False,False,0.000542996193980798,8.103460801150174e-05,8.685770472727518e-05,8.927973416827662e-06,7.54426087049052e-09,8,outer,3,False,False,4.947948854741665,16.510107036259935,6.194879020510332,4.502129586888811,38.37652607875906,False,False,False,32768
Bcc3,localno_plain,0.010797557421028614,False,0.0261668562769911,False,1.0,1.3793508233784966,0.5001551288826998,9.98851558489801,0.25015515294767,0.002700226861766459,False,0.0005706432305755317,False,7.291225105005139e-06,False,0.010797557421028614,0.01897041407703634,0.005398778710514307,5.7129933444595844e-05,2.9146811565102524e-05,False,False,0.0005709033349997287,7.378415566012077e-07,0.00167290252127444,0.00021320811759815847,2.798602845686378e-06,False,False,False,18.913109731674183,25710.68802958406,3.2271926438376357,0.26795383819424184,10.41477236043975,1,inner,3,False,False,0.0005709033349997287,1.0177423586207474e-06,0.000836710776136211,0.0021296326054559738,7.000849229024605e-07,False,False,False,32768
Bcc3,localno_plain,0.010797557421028614,False,0.013860315087853124,False,1.0,0.7306279679277542,0.514397931125146,8.604560298115311,0.2646052315458305,0.002777120599291043,False,0.0004915779571513395,False,7.712398823006643e-06,False,0.010797557421028614,0.01897041407703634,0.005398778710514307,5.7129933444595844e-05,2.9146811565102524e-05,False,False,0.00477717801258469,4.939874360353891e-05,0.01222931377759268,0.0016006580676444118,0.00014955611547081812,False,False,False,2.2602376115322107,384.0262462804278,0.4414621137946669,0.03569152875271506,0.19488879791605543,2,inner,3,False,False,0.00477717801258469,3.6092103657237774e-05,0.006290733706273918,0.013772958859711077,3.957333056325079e-05,False,False,False,32768
Bcc3,localno_plain,0.010797557421028614,False,0.02225198655243296,False,1.0,1.6050411837769631,0.5413281464598616,6.5326881586462875,0.2930361621496694,0.002905729489618034,False,0.0004013241689079374,False,8.443263866835881e-06,False,0.010797557421028614,0.013863810335426944,0.005367778321930445,6.143323531780221e-05,2.8813044113386426e-05,False,False,0.02426384752817039,0.0009549451906173834,0.062474092717299645,0.009162722806878965,0.0039030122608497524,False,False,False,0.445005987137556,14.517912097618739,0.08592006843893002,0.006704692110917169,0.007382258160550419,3,middle,3,False,False,0.02426384752817039,0.0015327263591906428,0.03381898481241736,0.059857210781456484,0.0011437237337425157,False,False,False,32768
Bcc3,localno_plain,0.010797557421028614,False,0.01529810060601191,False,1.0,1.1998557011582258,0.6924937332005828,1.6427362607874074,0.47954757052208014,0.003306723612232419,False,0.0003262988843341581,False,1.0934421047695418e-05,False,0.010797557421028614,0.012749950340898982,0.004775095359996011,0.00019863132757400406,2.2801535697055434e-05,False,False,0.10543335966696878,0.022348334948386134,0.2514802002543584,0.13662958140875428,0.06324229111997219,False,False,False,0.10241120509803295,0.5705100791779438,0.01898795752177016,0.0014537944530457088,0.0003605425308485481,4,middle,3,False,False,0.10543335966696878,0.026814777099214728,0.17414846270017081,0.22444636767636567,0.030327687060832786,False,False,False,32768
Bcc3,localno_plain,0.010797557421028614,False,0.01764244338908178,False,1.0,1.3709862065182294,0.6708338745165343,1.115908198761155,0.4500180871988653,0.00209645287358501,False,0.0002479414463908395,False,4.395114651162846e-06,False,0.010797557421028614,0.012868432450452372,0.0031251446195914153,0.00022218803183460432,9.766528893361172e-06,False,False,0.3379643280036133,0.17838237996725378,0.6036332018773666,0.5542745117653763,0.36437304240872154,False,False,False,0.03194880798459053,0.07213959390391961,0.0051772245295187,0.0004008627983396361,2.6803653829050126e-05,5,middle,3,False,False,0.3379643280036133,0.24455978242099868,0.4049375996022151,0.6185194720433198,0.1639744595716039,False,False,False,32768
Bcc3,localno_plain,0.003370823565637693,False,0.0008517008940234666,False,0.3414599245739168,0.1296622883775177,0.4167646868678399,0.583762709578064,0.17369280422004865,0.0005667002964023813,False,5.875062450897992e-05,False,3.211492259425468e-07,False,0.009871798483654857,0.006568609151364817,0.0013597608296935374,0.00010064127691788347,1.8489495139688572e-06,False,False,1.0000000150946775,0.7911928269567697,0.9683106789215249,0.9465801854374021,0.9376255709134643,False,False,False,0.009871798334643245,0.008302159634877126,0.0014042609043700704,0.00010632092079064435,1.9719486875422483e-06,6,middle,3,False,False,0.3414599297281442,0.10258787249109212,0.40355769689151477,0.5525782138838441,0.1628588147203837,False,False,False,32768
Bcc3,localno_plain,0.0019079357106238605,False,0.00037686045676072605,False,0.6923849826412772,0.42563582076334877,0.7886805218866069,1.1835838879300793,0.6220169656033305,0.0003030382759829695,False,3.9082353704144305e-05,False,9.18321967107304e-08,False,0.0027555994980502873,0.0008854058760488075,0.00038423451267449846,3.302034955248826e-05,1.4763616073020933e-07,False,False,1.0000000849161197,1.0000000051342588,1.0000000103167506,1.0000001346624208,1.0000000206335014,False,False,False,0.00275559926405549,0.0008854058715029047,0.0003842345087104469,3.302034510588865e-05,1.4763615768395846e-07,7,outer,3,False,False,0.6923850414359234,0.4256358229486732,0.788680530023227,1.1835840473143509,0.6220169784377185,False,False,False,32768
Bcc3,localno_plain,0.0008415595136466436,False,0.0001680192001104786,False,1.5498441461075478,2.073425581153755,1.8875464152603054,5.044482197846277,3.562831469762029,0.00016394793909316286,False,4.50370046826422e-05,False,2.6878926732895438e-08,False,0.0005429962204652838,8.103459397707659e-05,8.685769937506587e-05,8.927973757518778e-06,7.54425994072932e-09,False,False,1.0000000487747172,0.9999998268094892,0.9999999383795678,1.0000000381599607,0.9999998767591396,False,False,False,0.000542996193980798,8.103460801150174e-05,8.685770472727518e-05,8.927973416827662e-06,7.54426087049052e-09,8,outer,3,False,False,1.5498442217007578,2.0734252220561196,1.8875462989488796,5.04448239034352,3.562831030675613,False,False,False,32768
vel3,persistence,0.07675067499279976,True,0.9391260768439798,True,,,,,,0.010883834425966993,True,0.0008119383955470758,True,0.00011845785181186427,True,0.0,0.0,0.0,0.0,0.0,False,False,0.0,0.0,0.0,0.0,0.0,False,False,False,1.2960541576147058,264.629598512356,0.2698954094699822,0.043377793992852,0.07284353205296934,1,inner,3,False,False,0.05921872519127892,0.003548832338194136,0.04032611909680329,0.018717835113534607,0.0016261958814095636,False,False,False,32768
vel3,persistence,0.14099662087857723,True,2.4966776017925842,False,,10900.995901493097,515.9230443849698,595.6815593804383,266176.5877274555,0.05381198983004947,False,0.004234392765672282,False,0.002895730249469348,False,0.0,0.00022903206499239368,0.00010430235752349186,7.108483885377325e-06,1.0878981784958318e-08,False,False,0.0,8.286403959642092e-06,0.0008267575355586045,0.0004566801392430702,6.835280226029374e-07,False,False,False,0.5242653180658816,27.639500331852766,0.12615833909880148,0.015565563891522333,0.015915926524168178,2,inner,3,False,False,0.2689413471002462,0.09033005560217462,0.42654326471361015,0.27203593748238775,0.18193915667254495,False,False,False,32768
vel3,persistence,0.1044483856484294,False,0.7242584104645692,False,1.5739709659686378,0.8245223889010812,1.9595282971551997,1.032072144648013,3.8397511473519574,0.04185191275574793,False,0.002880464390266502,False,0.001751582601314736,False,0.06635979183018208,0.878397506500529,0.021358156866888637,0.0027909525561789876,0.0004561708647506222,False,False,0.21797449903758312,0.1350078877778301,0.2699538603652866,0.33982183470644906,0.07287508672612064,False,False,False,0.3044383270666003,6.506268048175273,0.07911780493891794,0.008212987722198363,0.006259627058352668,3,middle,3,False,False,0.3430855328067146,0.11131702615106556,0.5289822283120627,0.3507206497437075,0.2798221978699951,False,False,False,32768
vel3,persistence,0.09812243954278528,False,0.3084231538222768,False,1.1025396709967068,0.6017188717062554,1.0921187850114664,0.9100510454205056,1.1927234405749219,0.034440868631636014,False,0.0023492251080426438,False,0.0011861734321016097,False,0.08899674281477929,0.5125701857209517,0.03153582660083483,0.0025814212508894394,0.0009945083593979214,False,False,0.5320683182041013,0.3758095233558471,0.6343691573761191,0.6263507033001854,0.4024242278300873,False,False,False,0.16726563069038092,1.363909517629782,0.049712105694535144,0.004121367210554987,0.0024712934525846332,4,middle,3,False,False,0.5866264285005209,0.22613168237014594,0.6928064734023548,0.5700111123382027,0.4799808095882079,False,False,False,32768
vel3,persistence,0.10011007013497875,False,0.15536209062022638,False,1.0259704419410336,0.7024592722237241,0.959121401301321,0.9109834756359606,0.9199138624342098,0.030760500335744043,False,0.001818125513883236,False,0.0009462083809053095,False,0.0975759788416326,0.22116882325206977,0.03207153994688126,0.0019957831975096984,0.0010285836745644,False,False,0.7353728626394711,0.45966410031508764,0.8671476122022928,0.7712145451560168,0.7519449813481379,False,False,False,0.1326891211234033,0.4811531357364309,0.036985098610176924,0.0025878443424662734,0.0013678975192045108,5,middle,3,False,False,0.7544708208736611,0.32289530937470934,0.8316998329505575,0.7025637068072347,0.6917246121299854,False,False,False,32768
vel3,persistence,0.08464301754953339,False,0.13180563899775732,False,0.8852963086309261,0.6765407935978138,0.8682278649791322,0.8746595044545376,0.7538196255262221,0.02123361499021177,False,0.0013294382043612385,False,0.00045086640555254604,False,0.09560981642454863,0.1948228994393979,0.024456269888000107,0.0015199494175625677,0.0005981091368347008,False,False,1.000000336547093,0.9684415427707022,0.9984381572745326,0.9940612946849238,0.9968787539017644,False,False,False,0.09560978424735367,0.20117156362583477,0.024494526486006044,0.0015290298754105788,0.0005999818277736516,6,middle,3,False,False,0.8852966065748253,0.655190209899182,0.8668718296041664,0.8694651594065516,0.7514667689612748,False,False,False,32768
vel3,persistence,0.056612339904531836,False,0.04526299113739143,False,0.8690467391935363,0.7167579513594178,0.8709590410621303,0.8678582866840593,0.7585696512078656,0.012084979593226797,False,0.0007770889493425659,False,0.00014604673176870812,False,0.06514303241856396,0.0631496184333145,0.01387548555496849,0.0008954099549036886,0.00019252909938613922,False,False,0.9999999955323188,0.9999999479992765,0.9999999929413581,0.9999999860273315,0.9999999858827163,False,False,False,0.06514303270960227,0.06314962171714052,0.013875485652910574,0.0008954099674149552,0.00019252910210412717,7,outer,3,False,False,0.8690467353109125,0.7167579140874858,0.8709590349143423,0.8678582745577631,0.7585696404989226,False,False,False,32768
vel3,persistence,0.02943920310586691,False,0.02384250000335497,False,0.8657860532602872,0.7950296692347687,0.8652465387348863,0.88041882191007,0.7486515727927011,0.0052829200547337965,False,0.0003997209698845547,False,2.7909244304708536e-05,False,0.03400286132469773,0.029989446842032745,0.006105681812328516,0.00045401229498633327,3.727935039339923e-05,False,False,0.999999998288154,0.9999999735192933,1.0000000003629157,1.000000001480568,1.0000000007258312,False,False,False,0.03400286138290539,0.029989447636174515,0.006105681810112669,0.00045401229431413725,3.727935036634072e-05,8,outer,3,False,False,0.8657860517781949,0.7950296481818211,0.8652465390488978,0.8804188232135899,0.7486515733360958,False,False,False,32768
vel3,fno_plain,0.09591223679482937,True,0.9635333548966715,True,,,,,,0.022515328557757917,True,0.005078555691224084,True,0.0005069400200637892,True,0.0,0.0,0.0,0.0,0.0,False,False,0.0,0.0,0.0,0.0,0.0,False,False,False,1.2960541576147058,264.629598512356,0.2698954094699822,0.043377793992852,0.07284353205296934,1,inner,3,False,False,0.07400326308226882,0.0036410641905262253,0.08342242130747346,0.11707731592023682,0.006959300376801603,False,False,False,32768
vel3,fno_plain,0.10783835500478745,True,1.026415716759669,False,,4481.537189099513,336.9721213986092,422.84354197871164,113550.21059987905,0.03514698668156724,False,0.003005776504191542,False,0.001235310672794265,False,0.0,0.00022903206499239368,0.00010430235752349186,7.108483885377325e-06,1.0878981784958318e-08,False,False,0.0,8.286403959642092e-06,0.0008267575355586045,0.0004566801392430702,6.835280226029374e-07,False,False,False,0.5242653180658816,27.639500331852766,0.12615833909880148,0.015565563891522333,0.015915926524168178,2,inner,3,False,False,0.20569423780047943,0.037135827509037496,0.2785942406394691,0.19310424762887105,0.07761475091748243,False,False,False,32768
vel3,fno_plain,0.10718810142949224,False,0.42074180884775,False,1.6152567461904008,0.47898793625218083,1.5844729887375248,0.9324738529632545,2.5105546520388247,0.03384142264480393,False,0.0026024902834978643,False,0.001145241886624248,False,0.06635979183018208,0.878397506500529,0.021358156866888637,0.0027909525561789876,0.0004561708647506222,False,False,0.21797449903758312,0.1350078877778301,0.2699538603652866,0.33982183470644906,0.07287508672612064,False,False,False,0.3044383270666003,6.506268048175273,0.07911780493891794,0.008212987722198363,0.006259627058352668,3,middle,3,False,False,0.35208478006792915,0.06466714954446887,0.4277345999542181,0.3168749755297647,0.18295688799799498,False,False,False,32768
vel3,fno_plain,0.0982448854483664,False,0.28476551464346916,False,1.103915518041311,0.555563945341328,0.7825500956875391,0.9256389681158023,0.6123846522605768,0.024678364124068937,False,0.002389464102945504,False,0.0006090216558401328,False,0.08899674281477929,0.5125701857209517,0.03153582660083483,0.0025814212508894394,0.0009945083593979214,False,False,0.5320683182041013,0.3758095233558471,0.6343691573761191,0.6263507033001854,0.4024242278300873,False,False,False,0.16726563069038092,1.363909517629782,0.049712105694535144,0.004121367210554987,0.0024712934525846332,4,middle,3,False,False,0.5873584731236496,0.20878622149241838,0.4964256448059055,0.5797746186813906,0.2464384208209591,False,False,False,32768
vel3,fno_plain,0.10233195032924414,False,0.25124448255692666,False,1.0487412121720097,1.135985076298838,0.7058765239380869,0.9171688209116766,0.4982616670469166,0.022638547135046035,False,0.0018304701220553058,False,0.0005125038163857011,False,0.0975759788416326,0.22116882325206977,0.03207153994688126,0.0019957831975096984,0.0010285836745644,False,False,0.7353728626394711,0.45966410031508764,0.8671476122022928,0.7712145451560168,0.7519449813481379,False,False,False,0.1326891211234033,0.4811531357364309,0.036985098610176924,0.0025878443424662734,0.0013678975192045108,5,middle,3,False,False,0.7712158273629196,0.5221715580682715,0.6120991422425666,0.7073339350506789,0.3746653599340858,False,False,False,32768
vel3,fno_plain,0.07787780828308315,False,0.06961886897814078,False,0.8145377869702441,0.3573443839428978,0.8703143835005577,0.775301471890318,0.7574471261279558,0.021284643450298065,False,0.0011784190206350902,False,0.0004530360468063164,False,0.09560981642454863,0.1948228994393979,0.024456269888000107,0.0015199494175625677,0.0005981091368347008,False,False,1.000000336547093,0.9684415427707022,0.9984381572745326,0.9940612946849238,0.9968787539017644,False,False,False,0.09560978424735367,0.20117156362583477,0.024494526486006044,0.0015290298754105788,0.0005999818277736516,6,middle,3,False,False,0.8145380611005686,0.3460671464861061,0.8689550893118176,0.7706971849184165,0.7550829472409092,False,False,False,32768
vel3,fno_plain,0.10381493531167507,False,0.33757295400945597,False,1.5936460348457877,5.345605601179211,1.4956362087389494,1.4160809087943105,2.236927668891018,0.02075267860984513,False,0.001267972942683488,False,0.00043067366948352354,False,0.06514303241856396,0.0631496184333145,0.01387548555496849,0.0008954099549036886,0.00019252909938613922,False,False,0.9999999955323188,0.9999999479992765,0.9999999929413581,0.9999999860273315,0.9999999858827163,False,False,False,0.06514303270960227,0.06314962171714052,0.013875485652910574,0.0008954099674149552,0.00019252910210412717,7,outer,3,False,False,1.5936460277258853,5.345605323203853,1.495636198181789,1.4160808890078813,2.2369276373116755,False,False,False,32768
vel3,fno_plain,0.013654038375243536,False,0.024159602688962615,False,0.4015555704227169,0.805603478324278,0.40166354782014957,0.5808098154149918,0.1613336056474696,0.0024524298186008324,False,0.000263694797247149,False,6.014412015162512e-06,False,0.03400286132469773,0.029989446842032745,0.006105681812328516,0.00045401229498633327,3.727935039339923e-05,False,False,0.999999998288154,0.9999999735192933,1.0000000003629157,1.000000001480568,1.0000000007258312,False,False,False,0.03400286138290539,0.029989447636174515,0.006105681810112669,0.00045401229431413725,3.727935036634072e-05,8,outer,3,False,False,0.40155556973531564,0.8056034569913285,0.4016635479659195,0.5808098162749201,0.16133360576457056,False,False,False,32768
vel3,fno_full,0.07966230023652315,True,1.1946161715063168,True,,,,,,0.02107476367372575,True,0.003008804508152015,True,0.00044414566390339044,True,0.0,0.0,0.0,0.0,0.0,False,False,0.0,0.0,0.0,0.0,0.0,False,False,False,1.2960541576147058,264.629598512356,0.2698954094699822,0.043377793992852,0.07284353205296934,1,inner,3,False,False,0.061465255729078384,0.00451429537066897,0.07808492821390386,0.06936278291717232,0.006097256014170521,False,False,False,32768
vel3,fno_full,0.10188248794758692,True,1.6253326093996636,False,,7096.528643068568,425.60270718614987,406.8037345332057,181137.66436417965,0.04439136572789582,False,0.002891757791440608,False,0.0019705933511878037,False,0.0,0.00022903206499239368,0.00010430235752349186,7.108483885377325e-06,1.0878981784958318e-08,False,False,0.0,8.286403959642092e-06,0.0008267575355586045,0.0004566801392430702,6.835280226029374e-07,False,False,False,0.5242653180658816,27.639500331852766,0.12615833909880148,0.015565563891522333,0.015915926524168178,2,inner,3,False,False,0.19433383143377014,0.05880470304763691,0.3518702453202917,0.18577918613122535,0.12381266954176227,False,False,False,32768
vel3,fno_full,0.10194523097015917,False,0.5085783268420104,False,1.5362500116191136,0.5789842560780358,1.653613744244812,0.905750178986669,2.734438415155347,0.03531814174682376,False,0.0025279057773024195,False,0.0012473711364487355,False,0.06635979183018208,0.878397506500529,0.021358156866888637,0.0027909525561789876,0.0004561708647506222,False,False,0.21797449903758312,0.1350078877778301,0.2699538603652866,0.33982183470644906,0.07287508672612064,False,False,False,0.3044383270666003,6.506268048175273,0.07911780493891794,0.008212987722198363,0.006259627058352668,3,middle,3,False,False,0.3348633266791575,0.07816744146971391,0.4463994138119827,0.3077936876089445,0.19927243665168182,False,False,False,32768
vel3,fno_full,0.09556168313138187,False,0.23559493936934942,False,1.0737660740041417,0.45963449676257534,0.7031209423250934,0.7978209247317165,0.4943790595361273,0.02217350011657973,False,0.002059511889506717,False,0.0004916641074199613,False,0.08899674281477929,0.5125701857209517,0.03153582660083483,0.0025814212508894394,0.0009945083593979214,False,False,0.5320683182041013,0.3758095233558471,0.6343691573761191,0.6263507033001854,0.4024242278300873,False,False,False,0.16726563069038092,1.363909517629782,0.049712105694535144,0.004121367210554987,0.0024712934525846332,4,middle,3,False,False,0.5713169091400043,0.17273502114624809,0.44603823971627227,0.4997156973133149,0.1989501112891908,False,False,False,32768
vel3,fno_full,0.10284766741096973,False,0.26793997059109076,False,1.0540264994716904,1.2114726056380702,0.7920509378166214,0.9050742406701899,0.6273446880961896,0.025402293292150536,False,0.001806331962028414,False,0.0006452765045004361,False,0.0975759788416326,0.22116882325206977,0.03207153994688126,0.0019957831975096984,0.0010285836745644,False,False,0.7353728626394711,0.45966410031508764,0.8671476122022928,0.7712145451560168,0.7519449813481379,False,False,False,0.1326891211234033,0.4811531357364309,0.036985098610176924,0.0025878443424662734,0.0013678975192045108,5,middle,3,False,False,0.7751024842143579,0.5568704653269985,0.6868250794702699,0.6980064188508878,0.4717286897893426,False,False,False,32768
vel3,fno_full,0.08011620678007603,False,0.18389170507884625,False,0.8379495932125387,0.9438916349566395,0.808474757534268,0.8646254406076529,0.6536314335700935,0.019772276867893505,False,0.0013141869348613805,False,0.00039094293254063664,False,0.09560981642454863,0.1948228994393979,0.024456269888000107,0.0015199494175625677,0.0005981091368347008,False,False,1.000000336547093,0.9684415427707022,0.9984381572745326,0.9940612946849238,0.9968787539017644,False,False,False,0.09560978424735367,0.20117156362583477,0.024494526486006044,0.0015290298754105788,0.0005999818277736516,6,middle,3,False,False,0.8379498752220385,0.9141038711657684,0.8072120471154891,0.8594906849079662,0.6515912890083786,False,False,False,32768
vel3,fno_full,0.05561160668730735,False,0.0819001283534268,False,0.8536846478067788,1.296921982828965,0.8140134952296104,0.9263388768414431,0.6626179704159271,0.011294832494607871,False,0.0008294530519381301,False,0.00012757324108124987,False,0.06514303241856396,0.0631496184333145,0.01387548555496849,0.0008954099549036886,0.00019252909938613922,False,False,0.9999999955323188,0.9999999479992765,0.9999999929413581,0.9999999860273315,0.9999999858827163,False,False,False,0.06514303270960227,0.06314962171714052,0.013875485652910574,0.0008954099674149552,0.00019252910210412717,7,outer,3,False,False,0.8536846439927879,1.2969219153880838,0.8140134894837807,0.926338863898017,0.6626179610615612,False,False,False,32768
vel3,fno_full,0.023515645032748573,False,0.012292507364074405,False,0.6915784177159278,0.40989443482650095,0.6787806224392662,0.93257294126096,0.4607431333990376,0.004144418500988457,False,0.00042339958130404345,False,1.7176204711335407e-05,False,0.03400286132469773,0.029989446842032745,0.006105681812328516,0.00045401229498633327,3.727935039339923e-05,False,False,0.999999998288154,0.9999999735192933,1.0000000003629157,1.000000001480568,1.0000000007258312,False,False,False,0.03400286138290539,0.029989447636174515,0.006105681810112669,0.00045401229431413725,3.727935036634072e-05,8,outer,3,False,False,0.6915784165320521,0.4098944239722066,0.6787806226856062,0.9325729426416977,0.4607431337334593,False,False,False,32768
vel3,localno_plain,0.08399183368310331,True,2.7653288322142573,True,,,,,,0.015263274536172962,True,0.005833354375962273,True,0.00023296754956658594,True,0.0,0.0,0.0,0.0,0.0,False,False,0.0,0.0,0.0,0.0,0.0,False,False,False,1.2960541576147058,264.629598512356,0.2698954094699822,0.043377793992852,0.07284353205296934,1,inner,3,False,False,0.0648058055210318,0.010449809272129245,0.05655255332481135,0.1344778938487172,0.0031981912875556316,False,False,False,32768
vel3,localno_plain,0.0824699270632118,True,0.7784315453335369,False,,3398.788485618331,245.86488030886045,490.25718708904236,60449.53936929029,0.025644286648445296,False,0.003484985314112874,False,0.0006576294377076298,False,0.0,0.00022903206499239368,0.00010430235752349186,7.108483885377325e-06,1.0878981784958318e-08,False,False,0.0,8.286403959642092e-06,0.0008267575355586045,0.0004566801392430702,6.835280226029374e-07,False,False,False,0.5242653180658816,27.639500331852766,0.12615833909880148,0.015565563891522333,0.015915926524168178,2,inner,3,False,False,0.15730570804771077,0.02816373436521369,0.20327064252456475,0.22389072046473982,0.041318954112349406,False,False,False,32768
vel3,localno_plain,0.10849453237839043,False,0.9487648461148243,False,1.6349438324947312,1.0801087652156864,1.3003308949761887,1.209913669733506,1.6908604364295763,0.027772671233763133,False,0.003376811649298628,False,0.0007713212674586942,False,0.06635979183018208,0.878397506500529,0.021358156866888637,0.0027909525561789876,0.0004561708647506222,False,False,0.21797449903758312,0.1350078877778301,0.2699538603652866,0.33982183470644906,0.07287508672612064,False,False,False,0.3044383270666003,6.506268048175273,0.07911780493891794,0.008212987722198363,0.006259627058352668,3,middle,3,False,False,0.35637606284262524,0.14582320296209003,0.35102934485107024,0.4111550830852526,0.12322160094657159,False,False,False,32768
vel3,localno_plain,0.10498978995718061,False,0.5188451542993644,False,1.1797037356264395,1.0122421645917363,0.9373605981779646,1.0570677914767357,0.8786448910165517,0.0295604412865951,False,0.0027287372605488123,False,0.0008738196890582363,False,0.08899674281477929,0.5125701857209517,0.03153582660083483,0.0025814212508894394,0.0009945083593979214,False,False,0.5320683182041013,0.3758095233558471,0.6343691573761191,0.6263507033001854,0.4024242278300873,False,False,False,0.16726563069038092,1.363909517629782,0.049712105694535144,0.004121367210554987,0.0024712934525846332,4,middle,3,False,False,0.6276829825938554,0.38041024539591134,0.5946326528237302,0.6620951546274271,0.353587991804187,False,False,False,32768
vel3,localno_plain,0.10443574427161366,False,0.4318496263500521,False,1.0703017844290814,1.9525791203304723,0.9001007991583616,1.1399449055063207,0.8101814486455214,0.02886761873642714,False,0.0022750828884962955,False,0.0008333394115117192,False,0.0975759788416326,0.22116882325206977,0.03207153994688126,0.0019957831975096984,0.0010285836745644,False,False,0.7353728626394711,0.45966410031508764,0.8671476122022928,0.7712145451560168,0.7519449813481379,False,False,False,0.1326891211234033,0.4811531357364309,0.036985098610176924,0.0025878443424662734,0.0013678975192045108,5,middle,3,False,False,0.7870708871037476,0.8975305246407318,0.7805202587315488,0.8791420918029755,0.6092118742903639,False,False,False,32768
vel3,localno_plain,0.07266966680297628,False,0.21125902956715692,False,0.7600649130031979,1.0843644672933928,0.6330017656947182,0.8382319063186529,0.40069123537263096,0.015480862021410637,False,0.0012740700977913971,False,0.00023965708892595422,False,0.09560981642454863,0.1948228994393979,0.024456269888000107,0.0015199494175625677,0.0005981091368347008,False,False,1.000000336547093,0.9684415427707022,0.9984381572745326,0.9940612946849238,0.9968787539017644,False,False,False,0.09560978424735367,0.20117156362583477,0.024494526486006044,0.0015290298754105788,0.0005999818277736516,6,middle,3,False,False,0.760065168800835,1.0501435976313438,0.63201311649176,0.8332538940413318,0.3994405794176269,False,False,False,32768
vel3,localno_plain,0.04020509615773335,False,0.08450608341734388,False,0.6171818330378493,1.3381883456125967,0.5511653365136844,0.9479747312558505,0.3037832281742429,0.0076476866651949745,False,0.0008488260113636374,False,5.848711132900103e-05,False,0.06514303241856396,0.0631496184333145,0.01387548555496849,0.0008954099549036886,0.00019252909938613922,False,False,0.9999999955323188,0.9999999479992765,0.9999999929413581,0.9999999860273315,0.9999999858827163,False,False,False,0.06514303270960227,0.06314962171714052,0.013875485652910574,0.0008954099674149552,0.00019252910210412717,7,outer,3,False,False,0.6171818302804776,1.3381882760258346,0.5511653326232057,0.9479747180101138,0.30378322388564893,False,False,False,32768
vel3,localno_plain,0.013291173810139296,False,0.04434163444269024,False,0.3908839812985194,1.4785746024678819,0.41999439866796046,1.6855216122880294,0.17639529491246173,0.002564352161226818,False,0.0007652475354439529,False,6.575902006788654e-06,False,0.03400286132469773,0.029989446842032745,0.006105681812328516,0.00045401229498633327,3.727935039339923e-05,False,False,0.999999998288154,0.9999999735192933,1.0000000003629157,1.000000001480568,1.0000000007258312,False,False,False,0.03400286138290539,0.029989447636174515,0.006105681810112669,0.00045401229431413725,3.727935036634072e-05,8,outer,3,False,False,0.39088398062938623,1.4785745633141814,0.419994398820383,1.6855216147835586,0.17639529504049492,False,False,False,32768
Bcc3,persistence,0.010797557421028614,False,0.0503971823393108,False,1.0,2.6566200471246706,0.9979545415143032,4.0417395913001855,0.9959132669290232,0.005387735732788486,False,0.00023090431385136762,False,2.902769632636589e-05,False,0.010797557421028614,0.01897041407703634,0.005398778710514307,5.7129933444595844e-05,2.9146811565102524e-05,False,False,0.00034493228747677724,2.69666707104907e-07,0.0009124315308020617,0.00010703176097390677,8.325312984017938e-07,False,False,False,31.30341175079345,70347.63126935199,5.916913793814838,0.5337661730009612,35.009868843436294,1,inner,5,False,False,0.00034493228747677724,7.164019801369929e-07,0.0009105651899847653,0.0004325945058548171,8.291289652119919e-07,False,False,False,32768
Bcc3,persistence,0.010797557421028614,False,0.04968162389506616,False,1.0,2.618900340989694,0.9866599834759743,5.900090727451553,0.9734979229928097,0.005326758913306488,False,0.0003370717905763843,False,2.8374360520490112e-05,False,0.010797557421028614,0.01897041407703634,0.005398778710514307,5.7129933444595844e-05,2.9146811565102524e-05,False,False,0.0032530692986947143,2.1720330748650746e-05,0.0070514408349093526,0.0009902174684069203,4.972281784822711e-05,False,False,False,3.3191907179355526,873.3943463643974,0.7656277400480677,0.05769433005106193,0.5861858363311114,2,inner,5,False,False,0.0032530692986947143,5.688338160405037e-05,0.006957374497653472,0.0058423729035082216,4.84050599005989e-05,False,False,False,32768
Bcc3,persistence,0.010797557421028614,False,0.03339779571917259,False,1.0,1.936575283928933,0.9124266137012664,7.756839052318984,0.8325223253903602,0.004916999978068124,False,0.000461714121661713,False,2.417688878432193e-05,False,0.010797557421028614,0.017245802936932557,0.005388926522125731,5.952348869784516e-05,2.9040529060870126e-05,False,False,0.017506643467193925,0.000529011472000935,0.03671748592349273,0.005645009443554393,0.0013481737725418864,False,False,False,0.6167691391706462,32.60005472414798,0.1467673068181873,0.010544444485528806,0.021540642350663934,3,middle,5,False,False,0.017506643467193925,0.0010244705415918733,0.03350201134479639,0.04378742970247217,0.001122384764146866,False,False,False,32768
Bcc3,persistence,0.010797557421028614,False,0.013557726929751617,False,1.0,1.2233021644616646,0.7268968172751751,3.625928552669508,0.5283789829647793,0.003858169881007193,False,0.00027744657067974195,False,1.4885474830711057e-05,False,0.010797557421028614,0.011082892946337531,0.005307727024407425,7.651738489868428e-05,2.81719661656249e-05,False,False,0.08197582943041622,0.009295339399817491,0.1803516462172202,0.03447532856176914,0.03252671629326136,False,False,False,0.13171635463833808,1.1923064311729314,0.029429878438784314,0.0022194823977265007,0.0008661177449216218,4,middle,5,False,False,0.08197582943041622,0.011371008807202527,0.13109703762563574,0.12500507819478132,0.01718643327421735,False,False,False,32768
Bcc3,persistence,0.010797557421028614,False,0.011189709145907369,False,1.0,0.7538667524330971,0.6849495884174878,0.7041228807518295,0.4691559386732858,0.0025828183902915462,False,0.00017504176034496434,False,6.670950837228213e-06,False,0.010797557421028614,0.014843086141937814,0.003770815303734845,0.000248595472651113,1.4219048054880911e-05,False,False,0.2960899472884974,0.14461627903693963,0.5696891283526104,0.46953644996557714,0.3245457029631571,False,False,False,0.03646715303882957,0.10263772682290086,0.006619075415111116,0.0005294487204759889,4.381215935092839e-05,5,middle,5,False,False,0.2960899472884974,0.10902140462653627,0.39020833399103794,0.3306113577677494,0.1522625439160614,False,False,False,32768
Bcc3,persistence,0.008225936957169324,False,0.005525215172021204,False,0.7618331291435441,0.7644026887918575,0.7477016257178472,0.746781371444412,0.5590577211011115,0.001149646941381253,False,8.589468492160115e-05,False,1.3216880898272698e-06,False,0.010797557421028614,0.007228147222707753,0.001537574484043029,0.00011501985481435495,2.3641352939801873e-06,False,False,0.9510862590645439,0.7233478666807744,0.950477921449734,0.9218629833170929,0.9034082791634068,False,False,False,0.011352868699468673,0.009992629488043622,0.0016176856393442735,0.00012476892650628495,2.6169068277406907e-06,6,middle,5,False,False,0.7245690208285689,0.552929054222638,0.7106738870768864,0.6884301029653758,0.505057373772971,False,False,False,32768
Bcc3,persistence,0.0021685082325711845,False,0.0005593956006779477,False,0.6755509425501384,0.46789009889531313,0.7396587433421702,0.7588623668921097,0.5470950566025184,0.0003230164400193819,False,2.817241801786488e-05,False,1.0433962052279495e-07,False,0.003209984763525426,0.0011955705025574995,0.0004367100949281319,3.71245422714054e-05,1.9071570701213798e-07,False,False,0.9999998313602104,1.0000000693135784,0.9999999513993814,0.9999998523979777,0.9999999027987652,False,False,False,0.0032099853048566723,0.0011955704196882353,0.0004367101161525137,3.712454775106372e-05,1.90715725549942e-07,7,outer,5,False,False,0.6755508286253695,0.46789013132645024,0.7396587073942977,0.7588622548824897,0.5470950034242034,False,False,False,32768
Bcc3,persistence,0.0004546673709410243,False,4.323275789966667e-05,False,0.6938635821783482,0.3539950344356572,0.6969030865882354,0.7385965111846607,0.48567391209620947,7.047504247486989e-05,False,7.484579649705961e-06,False,4.966731611834715e-09,False,0.0006552691085380501,0.00012212814783853907,0.00010112603004800581,1.0133516116534563e-05,1.0226473953270176e-08,False,False,0.9999998814117482,0.9999996510430397,1.0000000367174566,0.9999987196658727,1.0000000734349146,False,False,False,0.0006552691862452773,0.00012212819045602117,0.00010112602633491533,1.0133529090837688e-05,1.022647320228999e-08,8,outer,5,False,False,0.693863499894279,0.35399491090662605,0.6969031121767442,0.7385955655343412,0.4856739477616317,False,False,False,32768
Bcc3,fno_plain,0.010797557421028614,False,0.018290943296238205,False,1.0,0.9641826067665737,0.8115679829208949,4.931261977255136,0.6586425909022902,0.0043814759483283665,False,0.000281722668558452,False,1.919733148577996e-05,False,0.010797557421028614,0.01897041407703634,0.005398778710514307,5.7129933444595844e-05,2.9146811565102524e-05,False,False,0.00034493228747677724,2.69666707104907e-07,0.0009124315308020617,0.00010703176097390677,8.325312984017938e-07,False,False,False,31.30341175079345,70347.63126935199,5.916913793814838,0.5337661730009612,35.009868843436294,1,inner,5,False,False,0.00034493228747677724,2.600079486145674e-07,0.0007405002170064537,0.0005278016532492865,5.48340571386605e-07,False,False,False,32768
Bcc3,fno_plain,0.010797557421028614,False,0.016347638754039853,False,1.0,0.8617439075211671,0.7387498525706905,6.454544016292796,0.5457513446732168,0.003988346976454227,False,0.00036874767006602176,False,1.590691160459157e-05,False,0.010797557421028614,0.01897041407703634,0.005398778710514307,5.7129933444595844e-05,2.9146811565102524e-05,False,False,0.0032530692986947143,2.1720330748650746e-05,0.0070514408349093526,0.0009902174684069203,4.972281784822711e-05,False,False,False,3.3191907179355526,873.3943463643974,0.7656277400480677,0.05769433005106193,0.5861858363311114,2,inner,5,False,False,0.0032530692986947143,1.8717362691994453e-05,0.005209250877200231,0.006391402235534488,2.7136294701611373e-05,False,False,False,32768
Bcc3,fno_plain,0.010797557421028614,False,0.02239579999832379,False,1.0,1.2986232117011098,0.653835866995811,6.677849505118236,0.4275013409701639,0.003523473444770798,False,0.0003974888995438162,False,1.2414865116004994e-05,False,0.010797557421028614,0.017245802936932557,0.005388926522125731,5.952348869784516e-05,2.9040529060870126e-05,False,False,0.017506643467193925,0.000529011472000935,0.03671748592349273,0.005645009443554393,0.0013481737725418864,False,False,False,0.6167691391706462,32.60005472414798,0.1467673068181873,0.010544444485528806,0.021540642350663934,3,middle,5,False,False,0.017506643467193925,0.0006869865767965859,0.024007209242693357,0.037696523519027476,0.0005763460956224613,False,False,False,32768
Bcc3,fno_plain,0.010797557421028614,False,0.01595904916385273,False,1.0,1.439971426334726,0.7619655904230729,3.926332900355749,0.580591560988782,0.004044305355957103,False,0.00030043272577688824,False,1.635640581222331e-05,False,0.010797557421028614,0.011082892946337531,0.005307727024407425,7.651738489868428e-05,2.81719661656249e-05,False,False,0.08197582943041622,0.009295339399817491,0.1803516462172202,0.03447532856176914,0.03252671629326136,False,False,False,0.13171635463833808,1.1923064311729314,0.029429878438784314,0.0022194823977265007,0.0008661177449216218,4,middle,5,False,False,0.08197582943041622,0.013385023133820569,0.13742174859367734,0.1353616167826484,0.01888473698654386,False,False,False,32768
Bcc3,fno_plain,0.010797557421028614,False,0.009965303710232958,False,1.0,0.6713768022996837,0.6799606254461282,0.9996016299814937,0.46234645215708986,0.0025640059323693773,False,0.0002484964396680724,False,6.574126421225359e-06,False,0.010797557421028614,0.014843086141937814,0.003770815303734845,0.000248595472651113,1.4219048054880911e-05,False,False,0.2960899472884974,0.14461627903693963,0.5696891283526104,0.46953644996557714,0.3245457029631571,False,False,False,0.03646715303882957,0.10263772682290086,0.006619075415111116,0.0005294487204759889,4.381215935092839e-05,5,middle,5,False,False,0.2960899472884974,0.0970920149802993,0.38736617602450063,0.469349400721315,0.15005255432784442,False,False,False,32768
Bcc3,fno_plain,0.005680323047563433,False,0.0021247855083394366,False,0.5260748173008841,0.29395991017784856,0.5896446078823749,0.5286163107827234,0.34768076360475964,0.0009066225037334968,False,6.080137131872878e-05,False,8.219643642759945e-07,False,0.010797557421028614,0.007228147222707753,0.001537574484043029,0.00011501985481435495,2.3641352939801873e-06,False,False,0.9510862590645439,0.7233478666807744,0.950477921449734,0.9218629833170929,0.9034082791634068,False,False,False,0.011352868699468673,0.009992629488043622,0.0016176856393442735,0.00012476892650628495,2.6169068277406907e-06,6,middle,5,False,False,0.5003425299747613,0.21263527391681883,0.5604441812940831,0.4873118092882369,0.3140976803463952,False,False,False,32768
Bcc3,fno_plain,0.00303157907910645,False,0.0006899688231153217,False,0.9444216413591202,0.5771042541108014,0.9478461001577427,0.9122306260078065,0.8984122295842416,0.00041393396037714745,False,3.386614443649742e-05,False,1.7134132355350986e-07,False,0.003209984763525426,0.0011955705025574995,0.0004367100949281319,3.71245422714054e-05,1.9071570701213798e-07,False,False,0.9999998313602104,1.0000000693135784,0.9999999513993814,0.9999998523979777,0.9999999027987652,False,False,False,0.0032099853048566723,0.0011955704196882353,0.0004367101161525137,3.712454775106372e-05,1.90715725549942e-07,7,outer,5,False,False,0.9444214820920533,0.5771042941119624,0.9478460540918359,0.9122304913607213,0.8984121422574635,False,False,False,32768
Bcc3,fno_plain,0.0006291687459452078,False,7.32726585198768e-05,False,0.9601684830663328,0.5999653627495257,1.2685202042659338,1.7884541920390455,1.6091435086308863,0.0001282804122930993,False,1.812332937871147e-05,False,1.645586417808754e-08,False,0.0006552691085380501,0.00012212814783853907,0.00010112603004800581,1.0133516116534563e-05,1.0226473953270176e-08,False,False,0.9999998814117482,0.9999996510430397,1.0000000367174566,0.9999987196658727,1.0000000734349146,False,False,False,0.0006552691862452773,0.00012212819045602117,0.00010112602633491533,1.0133529090837688e-05,1.022647320228999e-08,8,outer,5,False,False,0.9601683692016311,0.5999651533874365,1.2685202508427693,1.7884519022201084,1.6091436267982022,False,False,False,32768
Bcc3,fno_full,0.010797557421028614,False,0.01698668390924654,False,1.0,0.8954303179817724,0.8106905512501523,5.346911153026352,0.6572191698862758,0.00437673888890443,False,0.0003054686783065627,False,1.9155843301648383e-05,False,0.010797557421028614,0.01897041407703634,0.005398778710514307,5.7129933444595844e-05,2.9146811565102524e-05,False,False,0.00034493228747677724,2.69666707104907e-07,0.0009124315308020617,0.00010703176097390677,8.325312984017938e-07,False,False,False,31.30341175079345,70347.63126935199,5.916913793814838,0.5337661730009612,35.009868843436294,1,inner,5,False,False,0.00034493228747677724,2.414677452920444e-07,0.0007396996206839437,0.0005722893164794327,5.471555288399702e-07,False,False,False,32768
Bcc3,fno_full,0.010797557421028614,False,0.01845066193391029,False,1.0,0.9726019610844863,0.7953782254239298,5.274301389812763,0.6326265214785195,0.004294071030225361,False,0.0003013204873667425,False,1.8439046012620693e-05,False,0.010797557421028614,0.01897041407703634,0.005398778710514307,5.7129933444595844e-05,2.9146811565102524e-05,False,False,0.0032530692986947143,2.1720330748650746e-05,0.0070514408349093526,0.0009902174684069203,4.972281784822711e-05,False,False,False,3.3191907179355526,873.3943463643974,0.7656277400480677,0.05769433005106193,0.5861858363311114,2,inner,5,False,False,0.0032530692986947143,2.1125236281541382e-05,0.005608562497952035,0.005222705369835495,3.145597329343396e-05,False,False,False,32768
Bcc3,fno_full,0.010797557421028614,False,0.017366129376987026,False,1.0,1.0069771433950916,0.7039964661372031,5.7346887386544925,0.49561102433367027,0.003793785227849563,False,0.0003413486803209606,False,1.4392806355049562e-05,False,0.010797557421028614,0.017245802936932557,0.005388926522125731,5.952348869784516e-05,2.9040529060870126e-05,False,False,0.017506643467193925,0.000529011472000935,0.03671748592349273,0.005645009443554393,0.0013481737725418864,False,False,False,0.6167691391706462,32.60005472414798,0.1467673068181873,0.010544444485528806,0.021540642350663934,3,middle,5,False,False,0.017506643467193925,0.0005327024608987339,0.025848980335581383,0.03237237208554964,0.000668169784389273,False,False,False,32768
Bcc3,fno_full,0.010797557421028614,False,0.006793130213795327,False,1.0,0.6129383588461165,0.6088274905391633,3.554671583072465,0.3706709132362149,0.003231490124736873,False,0.0002719941737103712,False,1.044252842627193e-05,False,0.010797557421028614,0.011082892946337531,0.005307727024407425,7.651738489868428e-05,2.81719661656249e-05,False,False,0.08197582943041622,0.009295339399817491,0.1803516462172202,0.03447532856176914,0.03252671629326136,False,False,False,0.13171635463833808,1.1923064311729314,0.029429878438784314,0.0022194823977265007,0.0008661177449216218,4,middle,5,False,False,0.08197582943041622,0.005697470076641778,0.10980304018103715,0.12254847075560728,0.012056707632998459,False,False,False,32768
Bcc3,fno_full,0.010797557421028614,False,0.006822554860652828,False,1.0,0.4596453052560484,0.6394075978522762,0.8499721332978943,0.4088420761912182,0.0024110879553056984,False,0.00021129922421746488,False,5.813345128220214e-06,False,0.010797557421028614,0.014843086141937814,0.003770815303734845,0.000248595472651113,1.4219048054880911e-05,False,False,0.2960899472884974,0.14461627903693963,0.5696891283526104,0.46953644996557714,0.3245457029631571,False,False,False,0.03646715303882957,0.10263772682290086,0.006619075415111116,0.0005294487204759889,4.381215935092839e-05,5,middle,5,False,False,0.2960899472884974,0.066472193722928,0.3642635570824997,0.3990928980383616,0.13268793901839554,False,False,False,32768
Bcc3,fno_full,0.007712725084275007,False,0.004594509514078745,False,0.7143027615907104,0.6356413853393519,0.9167877354954166,0.7783316013757446,0.8404997519548137,0.0014096294293813422,False,8.952358778766254e-05,False,1.9870551281779683e-06,False,0.010797557421028614,0.007228147222707753,0.001537574484043029,0.00011501985481435495,2.3641352939801873e-06,False,False,0.9510862590645439,0.7233478666807744,0.950477921449734,0.9218629833170929,0.9034082791634068,False,False,False,0.011352868699468673,0.009992629488043622,0.0016176856393442735,0.00012476892650628495,2.6169068277406907e-06,6,middle,5,False,False,0.6793635413607815,0.45978984005923224,0.8713865012442921,0.7175150920542143,0.7593144345507686,False,False,False,32768
Bcc3,fno_full,0.005909775587497279,False,0.0036689274444696566,False,1.8410603236031429,3.0687671171388775,3.3707511387323095,3.1953491915702514,11.361963239265162,0.0014720410497748957,False,0.00011862587613435086,False,2.166904852222377e-06,False,0.003209984763525426,0.0011955705025574995,0.0004367100949281319,3.71245422714054e-05,1.9071570701213798e-07,False,False,0.9999998313602104,1.0000000693135784,0.9999999513993814,0.9999998523979777,0.9999999027987652,False,False,False,0.0032099853048566723,0.0011955704196882353,0.0004367101161525137,3.712454775106372e-05,1.90715725549942e-07,7,outer,5,False,False,1.8410600131271173,3.068767329846108,3.370750974911719,3.1953487199302484,11.361962134868305,False,False,False,32768
Bcc3,fno_full,0.005756099009886384,False,0.0017768227628494264,False,8.784328354389592,14.548839021111624,11.063936649603955,8.105151061982738,122.41069418644958,0.0011188519900770823,False,8.21336789135493e-05,False,1.2518297756994476e-06,False,0.0006552691085380501,0.00012212814783853907,0.00010112603004800581,1.0133516116534563e-05,1.0226473953270176e-08,False,False,0.9999998814117482,0.9999996510430397,1.0000000367174566,0.9999987196658727,1.0000000734349146,False,False,False,0.0006552691862452773,0.00012212819045602117,0.00010112602633491533,1.0133529090837688e-05,1.022647320228999e-08,8,outer,5,False,False,8.784327312671449,14.548833944192983,11.063937055843567,8.105140684681226,122.41070317566844,False,False,False,32768
Bcc3,localno_plain,0.010797557421028614,False,0.011969142871148341,False,1.0,0.6309373544796247,0.35831089829577606,7.315412151855849,0.12838669983752593,0.0019344412494644928,False,0.0004179290093553123,False,3.7420629476297475e-06,False,0.010797557421028614,0.01897041407703634,0.005398778710514307,5.7129933444595844e-05,2.9146811565102524e-05,False,False,0.00034493228747677724,2.69666707104907e-07,0.0009124315308020617,0.00010703176097390677,8.325312984017938e-07,False,False,False,31.30341175079345,70347.63126935199,5.916913793814838,0.5337661730009612,35.009868843436294,1,inner,5,False,False,0.00034493228747677724,1.7014279877200187e-07,0.00032693416143507676,0.0007829814448630482,1.0688594591325684e-07,False,False,False,32768
Bcc3,localno_plain,0.010797557421028614,False,0.013742613504070184,False,1.0,0.7244234863964092,0.42888643965126627,7.896195108547169,0.18394357811673925,0.0023154629796175354,False,0.00045110910101684305,False,5.361368809979315e-06,False,0.010797557421028614,0.01897041407703634,0.005398778710514307,5.7129933444595844e-05,2.9146811565102524e-05,False,False,0.0032530692986947143,2.1720330748650746e-05,0.0070514408349093526,0.0009902174684069203,4.972281784822711e-05,False,False,False,3.3191907179355526,873.3943463643974,0.7656277400480677,0.05769433005106193,0.5861858363311114,2,inner,5,False,False,0.0032530692986947143,1.5734717726620702e-05,0.0030242673540958245,0.007818950330432685,9.14619302904976e-06,False,False,False,32768
Bcc3,localno_plain,0.010797557421028614,False,0.021585690237699958,False,1.0,1.2516488978007143,0.5033558571396343,7.603608163527468,0.25336711891677594,0.0027125477286071057,False,0.0004525932845845704,False,7.357915179971569e-06,False,0.010797557421028614,0.017245802936932557,0.005388926522125731,5.952348869784516e-05,2.9040529060870126e-05,False,False,0.017506643467193925,0.000529011472000935,0.03671748592349273,0.005645009443554393,0.0013481737725418864,False,False,False,0.6167691391706462,32.60005472414798,0.1467673068181873,0.010544444485528806,0.021540642350663934,3,middle,5,False,False,0.017506643467193925,0.0006621366258539038,0.018481961599032138,0.04292243988819983,0.00034158290454809864,False,False,False,32768
Bcc3,localno_plain,0.010797557421028614,False,0.019743396672148524,False,1.0,1.7814298818678886,0.6156522800776197,4.6191480147696655,0.37902772996477185,0.0032677142446060313,False,0.00035344512655012387,False,1.0677956384401164e-05,False,0.010797557421028614,0.011082892946337531,0.005307727024407425,7.651738489868428e-05,2.81719661656249e-05,False,False,0.08197582943041622,0.009295339399817491,0.1803516462172202,0.03447532856176914,0.03252671629326136,False,False,False,0.13171635463833808,1.1923064311729314,0.029429878438784314,0.0022194823977265007,0.0008661177449216218,4,middle,5,False,False,0.08197582943041622,0.016558995368938803,0.11103390220938383,0.15924664548462786,0.012328527439843012,False,False,False,32768
Bcc3,localno_plain,0.010797557421028614,False,0.02021059276182693,False,1.0,1.3616166185766252,0.5193990445704553,1.2129128348366645,0.26977536750070175,0.0019585578660115295,False,0.000301524639460822,False,3.8359489145156366e-06,False,0.010797557421028614,0.014843086141937814,0.003770815303734845,0.000248595472651113,1.4219048054880911e-05,False,False,0.2960899472884974,0.14461627903693963,0.5696891283526104,0.46953644996557714,0.3245457029631571,False,False,False,0.03646715303882957,0.10263772682290086,0.006619075415111116,0.0005294487204759889,4.381215935092839e-05,5,middle,5,False,False,0.2960899472884974,0.1969119288534114,0.2958959889685213,0.5695067865868918,0.08755443628765931,False,False,False,32768
Bcc3,localno_plain,0.0027823106863070273,False,0.0010377738500958005,False,0.25767963788628545,0.14357397796707266,0.3173750246582407,0.634658587283578,0.10072690627681886,0.00048798773978703805,False,7.299833856604077e-05,False,2.3813203418246196e-07,False,0.010797557421028614,0.007228147222707753,0.001537574484043029,0.00011501985481435495,2.3641352939801873e-06,False,False,0.9510862590645439,0.7233478666807744,0.950477921449734,0.9218629833170929,0.9034082791634068,False,False,False,0.011352868699468673,0.009992629488043622,0.0016176856393442735,0.00012476892650628495,2.6169068277406907e-06,6,middle,5,False,False,0.24507556283437354,0.10385393067335452,0.30165795375722265,0.5850682586610508,0.0909975210649947,False,False,False,32768
Bcc3,localno_plain,0.0021962105674901977,False,0.0012941959637842086,False,0.6841809943914401,1.0824923841929313,0.8038975501851262,1.5453895782862488,0.6462512711936476,0.00035107017545383916,False,5.737188072487721e-05,False,1.2325026809318941e-07,False,0.003209984763525426,0.0011955705025574995,0.0004367100949281319,3.71245422714054e-05,1.9071570701213798e-07,False,False,0.9999998313602104,1.0000000693135784,0.9999999513993814,0.9999998523979777,0.9999999027987652,False,False,False,0.0032099853048566723,0.0011955704196882353,0.0004367101161525137,3.712454775106372e-05,1.90715725549942e-07,7,outer,5,False,False,0.6841808790113012,1.082492459224352,0.803897511115208,1.5453893501836218,0.646251208377226,False,False,False,32768
Bcc3,localno_plain,0.001191854805801995,False,0.0002715718543380611,False,1.8188783665708035,2.223663087866491,2.1928215295108453,5.337778247769256,4.808466260286283,0.00022175133588322782,False,5.4090461900257374e-05,False,4.917365496599612e-08,False,0.0006552691085380501,0.00012212814783853907,0.00010112603004800581,1.0133516116534563e-05,1.0226473953270176e-08,False,False,0.9999998814117482,0.9999996510430397,1.0000000367174566,0.9999987196658727,1.0000000734349146,False,False,False,0.0006552691862452773,0.00012212819045602117,0.00010112602633491533,1.0133529090837688e-05,1.022647320228999e-08,8,outer,5,False,False,1.8188781508731977,2.2236623119037793,2.1928216100256748,5.337771413629601,4.808466613395591,False,False,False,32768
vel3,persistence,0.07675067499279976,True,0.9391260768439798,True,,,,,,0.010883834425966993,True,0.0008119383955470758,True,0.00011845785181186427,True,0.0,0.0,0.0,0.0,0.0,False,False,0.0,0.0,0.0,0.0,0.0,False,False,False,1.2526306402683234,415.7558668073258,0.2835289429400764,0.05633724077040189,0.0803886614847171,1,inner,5,False,False,0.06127159317798514,0.002258840227693528,0.038387031366555344,0.01441210794927051,0.0014735641771369038,False,False,False,32768
vel3,persistence,0.14099662087857723,True,2.4966776017925842,True,,,,,,0.05381198983004947,True,0.004234392765672282,True,0.002895730249469348,True,0.0,0.0,0.0,0.0,0.0,False,False,0.0,0.0,0.0,0.0,0.0,False,False,False,0.4974280704557895,39.32997126770642,0.11098618520673582,0.01887076251591559,0.012317933306743864,2,inner,5,False,False,0.28345127517508834,0.06348028033884148,0.4848530448164605,0.22438906547104268,0.2350824750677927,False,False,False,32768
vel3,persistence,0.1044483856484294,False,0.7242584104645692,False,1.7469306552130504,2.605149651670412,3.2784919729665645,2.889547553757011,10.748509616806196,0.04185191275574793,False,0.002880464390266502,False,0.001751582601314736,False,0.059789657555520535,0.27801029011910217,0.012765598665742029,0.0009968565447283611,0.00016296050929479468,False,False,0.2030936746262193,0.03188310543930413,0.1836666162365861,0.11210126914483909,0.03373342591979739,False,False,False,0.2943944840505718,8.719674143673062,0.06950418604815099,0.008892464396994334,0.004830831878215987,3,middle,5,False,False,0.35479056608440734,0.08306026102937417,0.6021495270335779,0.32392194803052604,0.36258405290676166,False,False,False,32768
vel3,persistence,0.09812243954278528,False,0.3084231538222768,False,1.1348185181864507,0.3480494138377521,1.1079691808122147,0.940181724148345,1.2275957056296904,0.034440868631636014,False,0.0023492251080426438,False,0.0011861734321016097,False,0.08646531403064728,0.8861476030700985,0.031084681079656545,0.002498692590701726,0.0009662573978239576,False,False,0.4861219976368433,0.3357088703009215,0.6147059499011599,0.5108861993853904,0.37786340484388725,False,False,False,0.17786751978099347,2.6396311848292147,0.050568375146937704,0.004890898587019418,0.002557160565001427,4,middle,5,False,False,0.5516602450160798,0.11684327552836966,0.6810752477523824,0.48032586778175146,0.46386349310096914,False,False,False,32768
vel3,persistence,0.10011007013497875,False,0.15536209062022638,False,1.029117542613577,0.22948531498338853,0.9115700523609968,0.740033082886753,0.8309599603614306,0.030760500335744043,False,0.001818125513883236,False,0.0009462083809053095,False,0.09727758588269353,0.6770023198716326,0.03374452710032907,0.0024568165341892737,0.0011386931092248428,False,False,0.7270752437045337,0.6393888737097962,0.8578073873835678,0.7762337756838086,0.7358335138498224,False,False,False,0.13379301073029637,1.0588271828122369,0.039338116687540524,0.00316504719473845,0.001547487424522554,5,middle,5,False,False,0.7482458880963773,0.14673035708016663,0.7819515250328888,0.5744386740601132,0.6114481875012606,False,False,False,32768
vel3,persistence,0.08464301754953339,False,0.13180563899775732,False,0.8379241748432725,0.5028180751788645,0.8058164384437047,0.7909282873056616,0.6493401324660967,0.02123361499021177,False,0.0013294382043612385,False,0.00045086640555254604,False,0.10101512772962451,0.2621338521907171,0.026350436622043644,0.0016808580824565513,0.0006943455101723389,False,False,0.9914563512522744,0.9173221979066326,0.994773886779626,0.9817669894652835,0.9895750858186441,False,False,False,0.101885602530092,0.28575984838142743,0.026488870458137692,0.0017120743521556226,0.0007016602581479998,6,middle,5,False,False,0.8307652450161838,0.46124618187025834,0.8016051505015592,0.7765072835110122,0.6425708173106274,False,False,False,32768
vel3,persistence,0.056612339904531836,False,0.04526299113739143,False,0.8038488693321182,0.5466895147297992,0.8022854555548025,0.7837681225417591,0.643661952194777,0.012084979593226797,False,0.0007770889493425659,False,0.00014604673176870812,False,0.07042659642174838,0.08279469409572017,0.015063191672681765,0.0009914781259825513,0.00022689974336794928,False,False,0.9999999991734989,1.0000000162902132,1.0000000015024024,0.9999999966362195,1.000000003004805,False,False,False,0.07042659647995604,0.08279469274697698,0.015063191650050788,0.000991478129317666,0.00022689974268615977,7,outer,5,False,False,0.8038488686677362,0.5466895236354878,0.8022854567601582,0.7837681199053352,0.6436619541288556,False,False,False,32768
vel3,persistence,0.02943920310586691,False,0.02384250000335497,False,0.8051413448607285,0.7223824179231404,0.7973098307170918,0.8220812303604654,0.6357029661581176,0.0052829200547337965,False,0.0003997209698845547,False,2.7909244304708536e-05,False,0.03656401859596371,0.03300537140965099,0.006625931164027409,0.0004862305026831539,4.3902963790429606e-05,False,False,0.9999999864685248,0.9999999760255722,0.9999999999177899,0.9999999911831603,0.9999999998355796,False,False,False,0.03656401909072883,0.033005372200935905,0.0066259311645721275,0.0004862305069701703,4.390296379764815e-05,8,outer,5,False,False,0.8051413339659783,0.7223824006044353,0.7973098306515449,0.822081223112307,0.6357029660535951,False,False,False,32768
vel3,fno_plain,0.09872405163478107,True,0.7481943804950056,True,,,,,,0.020918867339956314,True,0.004202153425601697,True,0.00043759901078669087,True,0.0,0.0,0.0,0.0,0.0,False,False,0.0,0.0,0.0,0.0,0.0,False,False,False,1.2526306402683234,415.7558668073258,0.2835289429400764,0.05633724077040189,0.0803886614847171,1,inner,5,False,False,0.07881337759200398,0.001799600294857035,0.07378035950417061,0.07458926578827763,0.005443541448564658,False,False,False,32768
vel3,fno_plain,0.10660454630851746,True,0.8995157104459433,True,,,,,,0.0319291215806624,True,0.0026430589157193838,True,0.001019468804912721,True,0.0,0.0,0.0,0.0,0.0,False,False,0.0,0.0,0.0,0.0,0.0,False,False,False,0.4974280704557895,39.32997126770642,0.11098618520673582,0.01887076251591559,0.012317933306743864,2,inner,5,False,False,0.2143114806746562,0.022870998412971882,0.2876855486219973,0.14006105548147454,0.08276297488593957,False,False,False,32768
vel3,fno_plain,0.10573228541761637,False,0.39119868626656606,False,1.7684042648920277,1.4071374340099891,2.5656732750564712,2.580018684958499,6.582679354339,0.03275235533679087,False,0.0025719085116223395,False,0.0010727167801074136,False,0.059789657555520535,0.27801029011910217,0.012765598665742029,0.0009968565447283611,0.00016296050929479468,False,False,0.2030936746262193,0.03188310543930413,0.1836666162365861,0.11210126914483909,0.03373342591979739,False,False,False,0.2943944840505718,8.719674143673062,0.06950418604815099,0.008892464396994334,0.004830831878215987,3,middle,5,False,False,0.35915172038160004,0.04486391117613234,0.4712285287982619,0.2892233690012465,0.22205632635337436,False,False,False,32768
vel3,fno_plain,0.09802791167981922,False,0.3614627204996575,False,1.1337252721371442,0.40790351319278356,0.7019729879370623,1.001890930775773,0.492766075793287,0.021820606456557173,False,0.0025034174454206803,False,0.00047613886613194457,False,0.08646531403064728,0.8861476030700985,0.031084681079656545,0.002498692590701726,0.0009662573978239576,False,False,0.4861219976368433,0.3357088703009215,0.6147059499011599,0.5108861993853904,0.37786340484388725,False,False,False,0.17786751978099347,2.6396311848292147,0.050568375146937704,0.004890898587019418,0.002557160565001427,4,middle,5,False,False,0.5511287940626823,0.1369368276057264,0.43150697235480734,0.5118522498227259,0.18619826719081242,False,False,False,32768
vel3,fno_plain,0.10281594377011061,False,0.3278740644941433,False,1.056933545761464,0.4843027193116738,0.6378813748422526,0.7968332257321695,0.40689264837064243,0.021525005340159557,False,0.001957673043970168,False,0.0004633258548938975,False,0.09727758588269353,0.6770023198716326,0.03374452710032907,0.0024568165341892737,0.0011386931092248428,False,False,0.7270752437045337,0.6393888737097962,0.8578073873835678,0.7762337756838086,0.7358335138498224,False,False,False,0.13379301073029637,1.0588271828122369,0.039338116687540524,0.00316504719473845,0.001547487424522554,5,middle,5,False,False,0.7684702153640134,0.3096577702352827,0.5471793556140709,0.6185288634003905,0.29940524721023004,False,False,False,32768
vel3,fno_plain,0.08631893801502884,False,0.06910301058398666,False,0.8545149618190727,0.2636172703619765,0.7734682791867084,0.6643133792754048,0.5982531789080479,0.020381226869870518,False,0.0011166165128390886,False,0.00041539440872113205,False,0.10101512772962451,0.2621338521907171,0.026350436622043644,0.0016808580824565513,0.0006943455101723389,False,False,0.9914563512522744,0.9173221979066326,0.994773886779626,0.9817669894652835,0.9895750858186441,False,False,False,0.101885602530092,0.28575984838142743,0.026488870458137692,0.0017120743521556226,0.0007016602581479998,6,middle,5,False,False,0.8472142861356143,0.24182197385459528,0.7694260463873108,0.6522009464327233,0.5920164408592081,False,False,False,32768
vel3,fno_plain,0.10410579053685069,False,0.4403834102384015,False,1.4782169780492453,5.31898106573433,1.520880777498507,1.379072995315231,2.3130783393644627,0.022909318662757278,False,0.0013673207089882889,False,0.0005248368815917589,False,0.07042659642174838,0.08279469409572017,0.015063191672681765,0.0009914781259825513,0.00022689974336794928,False,False,0.9999999991734989,1.0000000162902132,1.0000000015024024,0.9999999966362195,1.000000003004805,False,False,False,0.07042659647995604,0.08279469274697698,0.015063191650050788,0.000991478129317666,0.00022689974268615977,7,outer,5,False,False,1.4782169768274975,5.318981152381665,1.520880779783482,1.3790729906763322,2.3130783463148124,False,False,False,32768
vel3,fno_plain,0.007516401503235099,False,0.02421741068687084,False,0.20556825512786583,0.7337414988091758,0.30645130519507047,0.4778507995941029,0.09391240245576221,0.002030525253348892,False,0.0002323456344941877,False,4.123032804487581e-06,False,0.03656401859596371,0.03300537140965099,0.006625931164027409,0.0004862305026831539,4.3902963790429606e-05,False,False,0.9999999864685248,0.9999999760255722,0.9999999999177899,0.9999999911831603,0.9999999998355796,False,False,False,0.03656401909072883,0.033005372200935905,0.0066259311645721275,0.0004862305069701703,4.390296379764815e-05,8,outer,5,False,False,0.20556825234622408,0.7337414812181432,0.30645130516987706,0.47785079538096903,0.0939124024403211,False,False,False,32768
vel3,fno_full,0.08371304089203477,True,1.2454394420592478,True,,,,,,0.026276031983268944,True,0.0038291141264854708,True,0.0006904298567857724,True,0.0,0.0,0.0,0.0,0.0,False,False,0.0,0.0,0.0,0.0,0.0,False,False,False,1.2526306402683234,415.7558668073258,0.2835289429400764,0.05633724077040189,0.0803886614847171,1,inner,5,False,False,0.0668297886072009,0.002995602808021043,0.09267495484163801,0.06796772568416569,0.008588647254899646,False,False,False,32768
vel3,fno_full,0.10203953243792058,True,1.4016739473213524,True,,,,,,0.04332431352532078,True,0.0029179606378748855,True,0.0018769961424402936,True,0.0,0.0,0.0,0.0,0.0,False,False,0.0,0.0,0.0,0.0,0.0,False,False,False,0.4974280704557895,39.32997126770642,0.11098618520673582,0.01887076251591559,0.012317933306743864,2,inner,5,False,False,0.2051342465342226,0.035638824594623024,0.39035771384177104,0.15462865559427602,0.15237914475577405,False,False,False,32768
vel3,fno_full,0.10362722165882587,False,0.6363498181567573,False,1.7331964405816822,2.2889433980452276,2.6651862748971307,2.6742359831341362,7.1032178799000425,0.03402269835478078,False,0.0026658296419353467,False,0.0011575440033404025,False,0.059789657555520535,0.27801029011910217,0.012765598665742029,0.0009968565447283611,0.00016296050929479468,False,False,0.2030936746262193,0.03188310543930413,0.1836666162365861,0.11210126914483909,0.03373342591979739,False,False,False,0.2943944840505718,8.719674143673062,0.06950418604815099,0.008892464396994334,0.004830831878215987,3,middle,5,False,False,0.3520012339668176,0.07297862370447507,0.4895057447505477,0.29978524770213316,0.23961587414378835,False,False,False,32768
vel3,fno_full,0.09728905428666622,False,0.2857926596038492,False,1.1251801416251437,0.3225113498176913,0.6375375814713519,0.8797713692959994,0.4064541677883406,0.019817652396332524,False,0.002198278201971426,False,0.0003927393465018642,False,0.08646531403064728,0.8861476030700985,0.031084681079656545,0.002498692590701726,0.0009662573978239576,False,False,0.4861219976368433,0.3357088703009215,0.6147059499011599,0.5108861993853904,0.37786340484388725,False,False,False,0.17786751978099347,2.6396311848292147,0.050568375146937704,0.004890898587019418,0.002557160565001427,4,middle,5,False,False,0.546974818148121,0.10826992090652245,0.39189814461603545,0.44946305118771385,0.15358415575349102,False,False,False,32768
vel3,fno_full,0.10303575918078423,False,0.23795165663610543,False,1.0591932174903522,0.35147834749107476,0.6583716799778313,0.8006443628602485,0.43345326899683195,0.022216440997101104,False,0.001967036308680495,False,0.0004935702505776747,False,0.09727758588269353,0.6770023198716326,0.03374452710032907,0.0024568165341892737,0.0011386931092248428,False,False,0.7270752437045337,0.6393888737097962,0.8578073873835678,0.7762337756838086,0.7358335138498224,False,False,False,0.13379301073029637,1.0588271828122369,0.039338116687540524,0.00316504719473845,0.001547487424522554,5,middle,5,False,False,0.770113166736987,0.22473134473569867,0.5647560907291138,0.6214871967629679,0.3189494420156312,False,False,False,32768
vel3,fno_full,0.07217936366796485,False,0.13314050178373116,False,0.7145401415633408,0.5079103697254026,0.6991301255998478,0.7723537741152476,0.4887829325212589,0.0184223840651802,False,0.0012982170837374356,False,0.0003393842346450054,False,0.10101512772962451,0.2621338521907171,0.026350436622043644,0.0016808580824565513,0.0006943455101723389,False,False,0.9914563512522744,0.9173221979066326,0.994773886779626,0.9817669894652835,0.9895750858186441,False,False,False,0.101885602530092,0.28575984838142743,0.026488870458137692,0.0017120743521556226,0.0007016602581479998,6,middle,5,False,False,0.7084353615776734,0.4659174566960767,0.6954763924076887,0.7582714396152763,0.4836874123964133,False,False,False,32768
vel3,fno_full,0.054716380564495924,False,0.07965546049566229,False,0.776927799219884,0.9620841210376528,0.8137455989352962,1.0116511684473164,0.6621818997865638,0.012257605929563589,False,0.0010030300046402036,False,0.00015024890312447244,False,0.07042659642174838,0.08279469409572017,0.015063191672681765,0.0009914781259825513,0.00022689974336794928,False,False,0.9999999991734989,1.0000000162902132,1.0000000015024024,0.9999999966362195,1.000000003004805,False,False,False,0.07042659647995604,0.08279469274697698,0.015063191650050788,0.000991478129317666,0.00022689974268615977,7,outer,5,False,False,0.7769277985777523,0.9620841367102082,0.8137456001578697,1.011651165044344,0.6621819017762913,False,False,False,32768
vel3,fno_full,0.027422100044786926,False,0.022732199319768914,False,0.7499750054227913,0.6887424182453485,0.8161344779601478,1.2421342822987311,0.6660754861152831,0.005407650871553384,False,0.0006039635764820906,False,2.9242687948612074e-05,False,0.03656401859596371,0.03300537140965099,0.006625931164027409,0.0004862305026831539,4.3902963790429606e-05,False,False,0.9999999864685248,0.9999999760255722,0.9999999999177899,0.9999999911831603,0.9999999998355796,False,False,False,0.03656401909072883,0.033005372200935905,0.0066259311645721275,0.0004862305069701703,4.390296379764815e-05,8,outer,5,False,False,0.749974995274523,0.6887424017331432,0.8161344778930534,1.2421342713470322,0.6660754860057667,False,False,False,32768
vel3,localno_plain,0.046179388863965866,True,1.1904020780079614,True,,,,,,0.010417756108540151,True,0.003913701715587363,True,0.00010852964233702561,True,0.0,0.0,0.0,0.0,0.0,False,False,0.0,0.0,0.0,0.0,0.0,False,False,False,1.2526306402683234,415.7558668073258,0.2835289429400764,0.05633724077040189,0.0803886614847171,1,inner,5,False,False,0.0368659262989718,0.0028632237643434885,0.03674318396038296,0.06946917637548766,0.0013500615675465435,False,False,False,32768
vel3,localno_plain,0.07698751792311669,True,0.7406015078523049,True,,,,,,0.020033498109862456,True,0.0031606087843709836,True,0.00040134104651786263,True,0.0,0.0,0.0,0.0,0.0,False,False,0.0,0.0,0.0,0.0,0.0,False,False,False,0.4974280704557895,39.32997126770642,0.11098618520673582,0.01887076251591559,0.012317933306743864,2,inner,5,False,False,0.15477115686811485,0.018830461451681962,0.1805044301013295,0.1674870732809725,0.03258184928620575,False,False,False,32768
vel3,localno_plain,0.1071889971382916,False,0.925149982694451,False,1.7927682064202517,3.327754459369501,1.8244226996355295,3.552843471205186,3.3285181869453937,0.023289847980216785,False,0.0035416752666663186,False,0.000542417018941608,False,0.059789657555520535,0.27801029011910217,0.012765598665742029,0.0009968565447283611,0.00016296050929479468,False,False,0.2030936746262193,0.03188310543930413,0.1836666162365861,0.11210126914483909,0.03373342591979739,False,False,False,0.2943944840505718,8.719674143673062,0.06950418604815099,0.008892464396994334,0.004830831878215987,3,middle,5,False,False,0.3640998827949454,0.10609914630419232,0.3350855438272751,0.39827826219505696,0.11228232168202076,False,False,False,32768
vel3,localno_plain,0.10489143872633576,False,0.9545431565535456,False,1.2131042361004716,1.0771830259953168,0.8634953970565005,1.377279889930054,0.7456243007377634,0.026841479031252717,False,0.003441399056290715,False,0.0007204649965851793,False,0.08646531403064728,0.8861476030700985,0.031084681079656545,0.002498692590701726,0.0009662573978239576,False,False,0.4861219976368433,0.3357088703009215,0.6147059499011599,0.5108861993853904,0.37786340484388725,False,False,False,0.17786751978099347,2.6396311848292147,0.050568375146937704,0.004890898587019418,0.002557160565001427,4,middle,5,False,False,0.589716654594878,0.36161989676421596,0.5307957582828954,0.703633288456294,0.28174413701111384,False,False,False,32768
vel3,localno_plain,0.1036609008256346,False,1.21930869895754,False,1.0656195863108555,1.8010406510700507,0.822681788047706,1.2180895036860135,0.6768053243853706,0.027761007891722988,False,0.0029926224327782042,False,0.0007706735591643059,False,0.09727758588269353,0.6770023198716326,0.03374452710032907,0.0024568165341892737,0.0011386931092248428,False,False,0.7270752437045337,0.6393888737097962,0.8578073873835678,0.7762337756838086,0.7358335138498224,False,False,False,0.13379301073029637,1.0588271828122369,0.039338116687540524,0.00316504719473845,0.001547487424522554,5,middle,5,False,False,0.7747856204132897,1.1515653533932377,0.7057025152532448,0.9455222145670108,0.49801604003475614,False,False,False,32768
vel3,localno_plain,0.051749990463722494,False,0.39494441886471465,False,0.5122994112548737,1.5066517184410444,0.4637251917937822,0.8776360584588796,0.2150410535041801,0.012219361276407091,False,0.0014751816623159181,False,0.00014931279000335716,False,0.10101512772962451,0.2621338521907171,0.026350436622043644,0.0016808580824565513,0.0006943455101723389,False,False,0.9914563512522744,0.9173221979066326,0.994773886779626,0.9817669894652835,0.9895750858186441,False,False,False,0.101885602530092,0.28575984838142743,0.026488870458137692,0.0017120743521556226,0.0007016602581479998,6,middle,5,False,False,0.5079225050314453,1.3820850658401438,0.46130171143832827,0.8616341109593518,0.21279926897593066,False,False,False,32768
vel3,localno_plain,0.03721044594887643,False,0.08461686359812642,False,0.5283578625047043,1.0220082883608412,0.5153900265028937,0.96266477278589,0.2656268794186535,0.0077634187554016226,False,0.0009544610648711728,False,6.027067077172168e-05,False,0.07042659642174838,0.08279469409572017,0.015063191672681765,0.0009914781259825513,0.00022689974336794928,False,False,0.9999999991734989,1.0000000162902132,1.0000000015024024,0.9999999966362195,1.000000003004805,False,False,False,0.07042659647995604,0.08279469274697698,0.015063191650050788,0.000991478129317666,0.00022689974268615977,7,outer,5,False,False,0.5283578620680159,1.022008305009574,0.5153900272772169,0.9626647695476971,0.26562688021681047,False,False,False,32768
vel3,localno_plain,0.012470230490434915,False,0.03805559369447233,False,0.3410519677345175,1.1530121331506853,0.38183859776573303,1.560118829176822,0.1458007147437013,0.002530036264564497,False,0.0007585773625560996,False,6.401083500011473e-06,False,0.03656401859596371,0.03300537140965099,0.006625931164027409,0.0004862305026831539,4.3902963790429606e-05,False,False,0.9999999864685248,0.9999999760255722,0.9999999999177899,0.9999999911831603,0.9999999998355796,False,False,False,0.03656401909072883,0.033005372200935905,0.0066259311645721275,0.0004862305069701703,4.390296379764815e-05,8,outer,5,False,False,0.3410519631195813,1.1530121055078792,0.38183859773434203,1.5601188154215042,0.14580071471972866,False,False,False,32768
Bcc3,persistence,0.010797557421028614,False,0.0503971823393108,False,1.0,2.6566200471246706,0.9979545415143032,4.0417395913001855,0.9959132669290232,0.005387735732788486,False,0.00023090431385136762,False,2.902769632636589e-05,False,0.010797557421028614,0.01897041407703634,0.005398778710514307,5.7129933444595844e-05,2.9146811565102524e-05,False,False,0.0002530138879515881,1.5158636641805382e-07,0.0006881655622786827,8.06100107670301e-05,4.735718411063356e-07,False,False,False,42.67574996948242,125145.91203221148,7.84517419418322,0.7087200820467111,61.54675813707833,1,inner,10,False,False,0.0002530138879515881,4.027073798969878e-07,0.0006867579481897555,0.00032580467197223986,4.7163647940180294e-07,False,False,False,32768
Bcc3,persistence,0.010797557421028614,False,0.04968162389506616,False,1.0,2.618900340989694,0.9866599834759743,5.900090727451553,0.9734979229928097,0.005326758913306488,False,0.0003370717905763843,False,2.8374360520490112e-05,False,0.010797557421028614,0.01897041407703634,0.005398778710514307,5.7129933444595844e-05,2.9146811565102524e-05,False,False,0.0024872319650947948,1.4384850990363846e-05,0.005393126248708782,0.0007438400570150654,2.9085810734511657e-05,False,False,False,4.341194376945494,1318.7772393154632,1.001048086312995,0.07680405606798178,1.0020972711109093,2,inner,10,False,False,0.0024872319650947948,3.767249116374981e-05,0.00532118185543485,0.004388723823101621,2.8314976338609068e-05,False,False,False,32768
Bcc3,persistence,0.010797557421028614,False,0.03339779571917259,False,1.0,1.760520122731563,0.910761533620946,8.081824952754053,0.8294865711235777,0.004916999978068124,False,0.000461714121661713,False,2.417688878432193e-05,False,0.010797557421028614,0.01897041407703634,0.005398778710514307,5.7129933444595844e-05,2.9146811565102524e-05,False,False,0.013184977779569618,0.00038282438903501143,0.027148242279568087,0.004226385095571325,0.0007370270588701283,False,False,False,0.8189287537336347,49.55382838814219,0.1988629191871275,0.013517446269735387,0.039546460627626005,3,middle,10,False,False,0.013184977779569618,0.000673970040368554,0.02472557477365244,0.03415690452533616,0.000611354047887478,False,False,False,32768
Bcc3,persistence,0.010797557421028614,False,0.013557726929751617,False,1.0,1.012002417959647,0.7191088201975049,4.59761752897289,0.5171174952858475,0.003858169881007193,False,0.00027744657067974195,False,1.4885474830711057e-05,False,0.010797557421028614,0.013396931360189915,0.00536521006646468,6.0345726657633404e-05,2.8785479057293932e-05,False,False,0.05059719596517165,0.00566798490048672,0.10072922317152848,0.01955612090913814,0.010146376400739591,False,False,False,0.21340228870511052,2.3636145112241738,0.05326368949881049,0.003085771812212267,0.0028370206190256944,4,middle,10,False,False,0.05059719596517165,0.00573601442425133,0.07243527283428902,0.08991156429056676,0.00524686875057789,False,False,False,32768
Bcc3,persistence,0.010797557421028614,False,0.011189709145907369,False,1.0,0.9678760852500701,0.5244450842506649,1.3477651852871197,0.27504264639468695,0.0025828183902915462,False,0.00017504176034496434,False,6.670950837228213e-06,False,0.010797557421028614,0.011561096835052272,0.004924859566530052,0.0001298755616006467,2.4254241750042573e-05,False,False,0.10934704580177457,0.01527963183289618,0.2519417484279351,0.10509661522308303,0.06347464460092493,False,False,False,0.0987457625567913,0.756634515902529,0.01954761208596895,0.0012357730201392949,0.00038210913826351934,5,middle,10,False,False,0.10934704580177457,0.014788790242485908,0.13212961148054822,0.14164555908918763,0.01745823423000062,False,False,False,32768
Bcc3,persistence,0.008225936957169324,False,0.005525215172021204,False,0.7618331291435441,0.4097363570512402,0.42312591110769693,0.4762872058310206,0.1790355366507186,0.001149646941381253,False,8.589468492160115e-05,False,1.3216880898272698e-06,False,0.010797557421028614,0.013484805721866267,0.0027170327110708115,0.00018034220501836297,7.382266753028803e-06,False,False,0.42194778037911423,0.2311804168279283,0.6506496477117052,0.56087059469745,0.42334496406736605,False,False,False,0.025589795522391795,0.058330224968420434,0.004175876711263041,0.0003215397753480815,1.7437946307669028e-05,6,middle,10,False,False,0.3214537978613935,0.09472302181266257,0.27530672499991726,0.2671354883812313,0.07579379283018008,False,False,False,32768
Bcc3,persistence,0.0021685082325711845,False,0.0005593956006779477,False,0.415793364301399,0.19302150180244781,0.4626419721130914,0.4777304086175076,0.21403759436069042,0.0003230164400193819,False,2.817241801786488e-05,False,1.0433962052279495e-07,False,0.005215350745711476,0.002898099929045592,0.0006981996003173304,5.8971372786154344e-05,4.874826818832799e-07,False,False,0.999999835712559,1.000000055404703,1.0000000048536968,0.9999999434536672,1.0000000097073936,False,False,False,0.005215351602528244,0.0028980997684772353,0.0006981995969284813,5.8971376120769406e-05,4.874826771510937e-07,7,outer,10,False,False,0.4157932959917712,0.1930215124967468,0.4626419743586152,0.47773038160360487,0.2140375964384376,False,False,False,32768
Bcc3,persistence,0.0004546673709410243,False,4.323275789966667e-05,False,0.42859785142198376,0.12757320584135004,0.4531505283244236,0.5147063714537138,0.2053454013207042,7.047504247486989e-05,False,7.484579649705961e-06,False,4.966731611834715e-09,False,0.0010608251288067548,0.00033888587822611356,0.0001555223663436066,1.4541455215654017e-05,2.4187206433114984e-08,False,False,0.9999996142628155,1.0000000642477835,1.0000000189170366,1.00000003986465,1.0000000378340739,False,False,False,0.001060825538006611,0.0003388858564534484,0.00015552236340158436,1.4541454635964016e-05,2.4187205518014466e-08,8,outer,10,False,False,0.42859768609585525,0.12757321403764577,0.4531505368966887,0.5147063919723033,0.20534540908975726,False,False,False,32768
Bcc3,fno_plain,0.010797557421028614,False,0.015574846292302163,False,1.0,0.8210071867200565,0.7547055466190185,5.3914899666436,0.5695804620975113,0.00407448823779382,False,0.00030801546296155513,False,1.6601454399920183e-05,False,0.010797557421028614,0.01897041407703634,0.005398778710514307,5.7129933444595844e-05,2.9146811565102524e-05,False,False,0.0002530138879515881,1.5158636641805382e-07,0.0006881655622786827,8.06100107670301e-05,4.735718411063356e-07,False,False,False,42.67574996948242,125145.91203221148,7.84517419418322,0.7087200820467111,61.54675813707833,1,inner,10,False,False,0.0002530138879515881,1.2445349623800203e-07,0.0005193623668439174,0.0004346080642614754,2.6973726809371585e-07,False,False,False,32768
Bcc3,fno_plain,0.010797557421028614,False,0.013989927226928173,False,1.0,0.7374602984477265,0.7072932333083495,6.5301242656814535,0.5002637178837793,0.003818519650075946,False,0.00037306556468332176,False,1.4581092318016124e-05,False,0.010797557421028614,0.01897041407703634,0.005398778710514307,5.7129933444595844e-05,2.9146811565102524e-05,False,False,0.0024872319650947948,1.4384850990363846e-05,0.005393126248708782,0.0007438400570150654,2.9085810734511657e-05,False,False,False,4.341194376945494,1318.7772393154632,1.001048086312995,0.07680405606798178,1.0020972711109093,2,inner,10,False,False,0.0024872319650947948,1.0608256504479797e-05,0.003814521702089364,0.004857368006099954,1.4550575815710739e-05,False,False,False,32768
Bcc3,fno_plain,0.010797557421028614,False,0.023577615635707885,False,1.0,1.2428624667844523,0.6480049671302429,7.594584316259509,0.4199104374254673,0.003498435420850279,False,0.0004338780965272772,False,1.2239050393859869e-05,False,0.010797557421028614,0.01897041407703634,0.005398778710514307,5.7129933444595844e-05,2.9146811565102524e-05,False,False,0.013184977779569618,0.00038282438903501143,0.027148242279568087,0.004226385095571325,0.0007370270588701283,False,False,False,0.8189287537336347,49.55382838814219,0.1988629191871275,0.013517446269735387,0.039546460627626005,3,middle,10,False,False,0.013184977779569618,0.00047579806450130516,0.01759219584601539,0.03209763796129893,0.0003094853546845612,False,False,False,32768
Bcc3,fno_plain,0.010797557421028614,False,0.01643305047517212,False,1.0,1.2266279518311398,0.8115574118619339,5.5954602309578725,0.6586254327480405,0.0043541759956356695,False,0.00033766211362104207,False,1.8958848600969873e-05,False,0.010797557421028614,0.013396931360189915,0.00536521006646468,6.0345726657633404e-05,2.8785479057293932e-05,False,False,0.05059719596517165,0.00566798490048672,0.10072922317152848,0.01955612090913814,0.010146376400739591,False,False,False,0.21340228870511052,2.3636145112241738,0.05326368949881049,0.003085771812212267,0.0028370206190256944,4,middle,10,False,False,0.05059719596517165,0.006952508709493852,0.08174754765594879,0.10942549681888619,0.0066826615477616185,False,False,False,32768
Bcc3,fno_plain,0.010797557421028614,False,0.008646595286459025,False,1.0,0.7479044081910357,0.45569638816891794,1.9452657026987055,0.20765919819019713,0.0022442407167068876,False,0.00025264247560047103,False,5.0366163945250445e-06,False,0.010797557421028614,0.011561096835052272,0.004924859566530052,0.0001298755616006467,2.4254241750042573e-05,False,False,0.10934704580177457,0.01527963183289618,0.2519417484279351,0.10509661522308303,0.06347464460092493,False,False,False,0.0987457625567913,0.756634515902529,0.01954761208596895,0.0012357730201392949,0.00038210913826351934,5,middle,10,False,False,0.10934704580177457,0.011427704003359128,0.11480894478757217,0.20444084106318608,0.013181093803235795,False,False,False,32768
Bcc3,fno_plain,0.005139875286258757,False,0.0013914775253705092,False,0.47602203774797003,0.10318854821276073,0.273859193791313,0.32675480752640046,0.07499885802402792,0.0007440843877584779,False,5.892768248966184e-05,False,5.536615761059088e-07,False,0.010797557421028614,0.013484805721866267,0.0027170327110708115,0.00018034220501836297,7.382266753028803e-06,False,False,0.42194778037911423,0.2311804168279283,0.6506496477117052,0.56087059469745,0.42334496406736605,False,False,False,0.025589795522391795,0.058330224968420434,0.004175876711263041,0.0003215397753480815,1.7437946307669028e-05,6,middle,10,False,False,0.20085644223929888,0.023855171587694804,0.1781863879629294,0.18326716321758305,0.03175038885527559,False,False,False,32768
Bcc3,fno_plain,0.004558740765787661,False,0.0013717101130019272,False,0.8741005136684742,0.47331360083696683,0.8672161720813575,0.8379182992299417,0.7520638891194429,0.000605489984735929,False,4.941319238822931e-05,False,3.6661812161551565e-07,False,0.005215350745711476,0.002898099929045592,0.0006981996003173304,5.8971372786154344e-05,4.874826818832799e-07,False,False,0.999999835712559,1.000000055404703,1.0000000048536968,0.9999999434536672,1.0000000097073936,False,False,False,0.005215351602528244,0.0028980997684772353,0.0006981995969284813,5.8971376120769406e-05,4.874826771510937e-07,7,outer,10,False,False,0.8741003700647377,0.47331362706076624,0.8672161762905618,0.8379182518487346,0.752063896420023,False,False,False,32768
Bcc3,fno_plain,0.0007340275915339589,False,0.00012655399779712518,False,0.6919402374636555,0.37344134391072215,0.9707608876070974,1.4247717984029573,0.9423767009077195,0.00015097503039447572,False,2.0718255299003438e-05,False,2.279345980261287e-08,False,0.0010608251288067548,0.00033888587822611356,0.0001555223663436066,1.4541455215654017e-05,2.4187206433114984e-08,False,False,0.9999996142628155,1.0000000642477835,1.0000000189170366,1.00000003986465,1.0000000378340739,False,False,False,0.001060825538006611,0.0003388858564534484,0.00015552236340158436,1.4541454635964016e-05,2.4187205518014466e-08,8,outer,10,False,False,0.6919399705565765,0.3734413679035008,0.9707609059710167,1.4247718552009865,0.9423767365616692,False,False,False,32768
Bcc3,fno_full,0.010797557421028614,False,0.016406727705445427,False,1.0,0.8648587025470228,0.7823727901542041,7.131378637000156,0.6121071827736744,0.004223857563170195,False,0.0004074151869000316,False,1.7840972713950055e-05,False,0.010797557421028614,0.01897041407703634,0.005398778710514307,5.7129933444595844e-05,2.9146811565102524e-05,False,False,0.0002530138879515881,1.5158636641805382e-07,0.0006881655622786827,8.06100107670301e-05,4.735718411063356e-07,False,False,False,42.67574996948242,125145.91203221148,7.84517419418322,0.7087200820467111,61.54675813707833,1,inner,10,False,False,0.0002530138879515881,1.3110078818413562e-07,0.0005384020110480097,0.0005748605087123512,2.8987672550054123e-07,False,False,False,32768
Bcc3,fno_full,0.010797557421028614,False,0.010742011307868594,False,1.0,0.5662507557424266,0.762898252587751,5.528727726897864,0.582013743801444,0.004118718844359316,False,0.0003158558470709666,False,1.6963844918880544e-05,False,0.010797557421028614,0.01897041407703634,0.005398778710514307,5.7129933444595844e-05,2.9146811565102524e-05,False,False,0.0024872319650947948,1.4384850990363846e-05,0.005393126248708782,0.0007438400570150654,2.9085810734511657e-05,False,False,False,4.341194376945494,1318.7772393154632,1.001048086312995,0.07680405606798178,1.0020972711109093,2,inner,10,False,False,0.0024872319650947948,8.14543274453572e-06,0.004114406591125062,0.00411248914759648,1.6928341597093356e-05,False,False,False,32768
Bcc3,fno_full,0.010797557421028614,False,0.013258907736892384,False,1.0,0.6989255839672088,0.6539111375218305,6.326989591628445,0.4275997757750942,0.0035303215278210515,False,0.0003614604942743837,False,1.2463170089796762e-05,False,0.010797557421028614,0.01897041407703634,0.005398778710514307,5.7129933444595844e-05,2.9146811565102524e-05,False,False,0.013184977779569618,0.00038282438903501143,0.027148242279568087,0.004226385095571325,0.0007370270588701283,False,False,False,0.8189287537336347,49.55382838814219,0.1988629191871275,0.013517446269735387,0.039546460627626005,3,middle,10,False,False,0.013184977779569618,0.0002675657596631853,0.01775253799075062,0.026740294509893365,0.00031515260511304406,False,False,False,32768
Bcc3,fno_full,0.010797557421028614,False,0.008166081837236905,False,1.0,0.6095486807899225,0.5427813321203909,4.93565150670821,0.2946115744983861,0.00291213586698143,False,0.0002978454767011501,False,8.480535307759684e-06,False,0.010797557421028614,0.013396931360189915,0.00536521006646468,6.0345726657633404e-05,2.8785479057293932e-05,False,False,0.05059719596517165,0.00566798490048672,0.10072922317152848,0.01955612090913814,0.010146376400739591,False,False,False,0.21340228870511052,2.3636145112241738,0.05326368949881049,0.003085771812212267,0.0028370206190256944,4,middle,10,False,False,0.05059719596517165,0.00345491271882888,0.05467394193649438,0.0965221976305556,0.0029892399268751585,False,False,False,32768
Bcc3,fno_full,0.010797557421028614,False,0.006437927067921887,False,1.0,0.5568612701523816,0.5264372833904015,1.8125614267713615,0.2771362133434659,0.002592629691283311,False,0.00023540743323760004,False,6.7217287161237955e-06,False,0.010797557421028614,0.011561096835052272,0.004924859566530052,0.0001298755616006467,2.4254241750042573e-05,False,False,0.10934704580177457,0.01527963183289618,0.2519417484279351,0.10509661522308303,0.06347464460092493,False,False,False,0.0987457625567913,0.756634515902529,0.01954761208596895,0.0012357730201392949,0.00038210913826351934,5,middle,10,False,False,0.10934704580177457,0.00850863518992733,0.13263152961503008,0.19049407083759215,0.017591122648022605,False,False,False,32768
Bcc3,fno_full,0.007121579416561872,False,0.006953459527620446,False,0.6595546695303839,0.5156514428936172,0.5885205118625992,0.7974462722377025,0.3463563928830159,0.0015990294818668197,False,0.00014381321911902104,False,2.55689528387927e-06,False,0.010797557421028614,0.013484805721866267,0.0027170327110708115,0.00018034220501836297,7.382266753028803e-06,False,False,0.42194778037911423,0.2311804168279283,0.6506496477117052,0.56087059469745,0.42334496406736605,False,False,False,0.025589795522391795,0.058330224968420434,0.004175876711263041,0.0003215397753480815,1.7437946307669028e-05,6,middle,10,False,False,0.2782976288470257,0.11920851550606909,0.3829206637145126,0.4472641649492249,0.14662823469956288,False,False,False,32768
Bcc3,fno_full,0.006493168883025646,False,0.004127373481604459,False,1.2450109685077089,1.4241653437270168,2.988585718772475,2.418000281674146,8.931644598450793,0.0020866293543610236,False,0.00014259279600763227,False,4.354022062481103e-06,False,0.005215350745711476,0.002898099929045592,0.0006981996003173304,5.8971372786154344e-05,4.874826818832799e-07,False,False,0.999999835712559,1.000000055404703,1.0000000048536968,0.9999999434536672,1.0000000097073936,False,False,False,0.005215351602528244,0.0028980997684772353,0.0006981995969284813,5.8971376120769406e-05,4.874826771510937e-07,7,outer,10,False,False,1.2450107639680428,1.4241654226324747,2.9885857332781636,2.418000144945097,8.931644685153781,False,False,False,32768
Bcc3,fno_full,0.006184577709063888,False,0.0021321901087811867,False,5.829969088326999,6.291764413265204,11.089348518705636,9.08772602229914,122.97365056931888,0.0017246417228380692,False,0.00013214876096539658,False,2.9743890721538636e-06,False,0.0010608251288067548,0.00033888587822611356,0.0001555223663436066,1.4541455215654017e-05,2.4187206433114984e-08,False,False,0.9999996142628155,1.0000000642477835,1.0000000189170366,1.00000003986465,1.0000000378340739,False,False,False,0.001060825538006611,0.0003388858564534484,0.00015552236340158436,1.4541454635964016e-05,2.4187205518014466e-08,8,outer,10,False,False,5.829966839491137,6.291764817497122,11.089348728483248,9.08772638457816,122.97365522191303,False,False,False,32768
Bcc3,localno_plain,0.008155834882054477,False,0.012417586869011921,False,0.7553407279104354,0.6545764799116005,0.23865248237509187,6.885717357958402,0.05695500734379354,0.0012884319410580369,False,0.00039338057437846187,False,1.6600568667385806e-06,False,0.010797557421028614,0.01897041407703634,0.005398778710514307,5.7129933444595844e-05,2.9146811565102524e-05,False,False,0.0002530138879515881,1.5158636641805382e-07,0.0006881655622786827,8.06100107670301e-05,4.735718411063356e-07,False,False,False,42.67574996948242,125145.91203221148,7.84517419418322,0.7087200820467111,61.54675813707833,1,inner,10,False,False,0.0001911116942968019,9.922487013251972e-08,0.00016423241972285852,0.000555057750363753,2.6972287688025167e-08,False,False,False,32768
Bcc3,localno_plain,0.010797557421028614,False,0.012773138135345951,False,1.0,0.673318889270204,0.3728123288270621,7.626239133734063,0.13898903252545744,0.002012731263888802,False,0.0004356865341427993,False,4.051087140635414e-06,False,0.010797557421028614,0.01897041407703634,0.005398778710514307,5.7129933444595844e-05,2.9146811565102524e-05,False,False,0.0024872319650947948,1.4384850990363846e-05,0.005393126248708782,0.0007438400570150654,2.9085810734511657e-05,False,False,False,4.341194376945494,1318.7772393154632,1.001048086312995,0.07680405606798178,1.0020972711109093,2,inner,10,False,False,0.0024872319650947948,9.685591891149179e-06,0.0020106239564394784,0.005672702152047268,4.04260869420834e-06,False,False,False,32768
Bcc3,localno_plain,0.010797557421028614,False,0.034130016054373165,False,1.0,1.7991181381584866,0.5280244379161638,12.031291839030335,0.2788098070366808,0.002850687094053069,False,0.0006873469020163121,False,8.126416908200731e-06,False,0.010797557421028614,0.01897041407703634,0.005398778710514307,5.7129933444595844e-05,2.9146811565102524e-05,False,False,0.013184977779569618,0.00038282438903501143,0.027148242279568087,0.004226385095571325,0.0007370270588701283,False,False,False,0.8189287537336347,49.55382838814219,0.1988629191871275,0.013517446269735387,0.039546460627626005,3,middle,10,False,False,0.013184977779569618,0.0006887463020423299,0.014334935370080775,0.05084887250894672,0.00020549037206439287,False,False,False,32768
Bcc3,localno_plain,0.010797557421028614,False,0.04877999130068176,False,1.0,3.6411316882338833,0.5948299489944983,10.383572860604746,0.3538226682207973,0.0031913876301799537,False,0.0006266042495756746,False,1.018495500606562e-05,False,0.010797557421028614,0.013396931360189915,0.00536521006646468,6.0345726657633404e-05,2.8785479057293932e-05,False,False,0.05059719596517165,0.00566798490048672,0.10072922317152848,0.01955612090913814,0.010146376400739591,False,False,False,0.21340228870511052,2.3636145112241738,0.05326368949881049,0.003085771812212267,0.0028370206190256944,4,middle,10,False,False,0.05059719596517165,0.02063787942959337,0.05991675868137571,0.2030624063308318,0.003590017970882212,False,False,False,32768
Bcc3,localno_plain,0.010797557421028614,False,0.0266299993065398,False,1.0,2.303414605593466,0.3816448504381701,3.511945950190225,0.1456527918659732,0.001879547292697353,False,0.00045611595259207233,False,3.5326980254859487e-06,False,0.010797557421028614,0.011561096835052272,0.004924859566530052,0.0001298755616006467,2.4254241750042573e-05,False,False,0.10934704580177457,0.01527963183289618,0.2519417484279351,0.10509661522308303,0.06347464460092493,False,False,False,0.0987457625567913,0.756634515902529,0.01954761208596895,0.0012357730201392949,0.00038210913826351934,5,middle,10,False,False,0.10934704580177457,0.03519532713198392,0.09615227089791036,0.36909363221140684,0.009245259198825137,False,False,False,32768
Bcc3,localno_plain,0.003088461720617488,False,0.0036037250641718847,False,0.28603336849152594,0.2672433803275541,0.21402502258135803,0.8796088653955401,0.04580671029095082,0.0005815129873412188,False,0.00015863060233913212,False,3.3815735444650854e-07,False,0.010797557421028614,0.013484805721866267,0.0027170327110708115,0.00018034220501836297,7.382266753028803e-06,False,False,0.42194778037911423,0.2311804168279283,0.6506496477117052,0.56087059469745,0.42334496406736605,False,False,False,0.025589795522391795,0.058330224968420434,0.004175876711263041,0.0003215397753480815,1.7437946307669028e-05,6,middle,10,False,False,0.12069114494936063,0.061781436058628535,0.13925530554405033,0.49334674743554585,0.01939204012216682,False,False,False,32768
Bcc3,localno_plain,0.004067632957594469,False,0.006119566278729542,False,0.7799346881778254,2.111578768350079,0.8814143374709891,2.3715768230091636,0.7768912342994226,0.0006154031381362091,False,0.00013985514092067696,False,3.787210224278941e-07,False,0.005215350745711476,0.002898099929045592,0.0006981996003173304,5.8971372786154344e-05,4.874826818832799e-07,False,False,0.999999835712559,1.000000055404703,1.0000000048536968,0.9999999434536672,1.0000000097073936,False,False,False,0.005215351602528244,0.0028980997684772353,0.0006981995969284813,5.8971376120769406e-05,4.874826771510937e-07,7,outer,10,False,False,0.7799345600443514,2.111578885341473,0.8814143417491069,2.3715766889051912,0.7768912418410115,False,False,False,32768
Bcc3,localno_plain,0.0016489745175931603,False,0.0003518892326281168,False,1.5544263355148573,1.0383708948571975,1.8233172100781931,4.30021130274878,3.3244856485673244,0.00028356660710638346,False,6.25313300767706e-05,False,8.041002066582603e-08,False,0.0010608251288067548,0.00033888587822611356,0.0001555223663436066,1.4541455215654017e-05,2.4187206433114984e-08,False,False,0.9999996142628155,1.0000000642477835,1.0000000189170366,1.00000003986465,1.0000000378340739,False,False,False,0.001060825538006611,0.0003388858564534484,0.00015552236340158436,1.4541454635964016e-05,2.4187205518014466e-08,8,outer,10,False,False,1.554425735914819,1.038370961570226,1.8233172445699515,4.300211474175199,3.3244857743461598,False,False,False,32768
vel3,persistence,0.07675067499279976,True,0.9391260768439798,True,,,,,,0.010883834425966993,True,0.0008119383955470758,True,0.00011845785181186427,True,0.0,0.0,0.0,0.0,0.0,False,False,0.0,0.0,0.0,0.0,0.0,False,False,False,1.0846018898487086,345.40035098890166,0.25666571336706595,0.05387926063503117,0.06587728841822485,1,inner,10,False,False,0.07076391412475386,0.002718949399313597,0.04240470720918484,0.015069590524766228,0.0017981591934966936,False,False,False,32768
vel3,persistence,0.14099662087857723,True,2.4966776017925842,True,,,,,,0.05381198983004947,True,0.004234392765672282,True,0.002895730249469348,True,0.0,0.0,0.0,0.0,0.0,False,False,0.0,0.0,0.0,0.0,0.0,False,False,False,0.4864145718514919,36.29428855010255,0.10792200240511368,0.018875073881991694,0.011647158603129364,2,inner,10,False,False,0.28986923714453433,0.06878982069991643,0.4986192679047224,0.22433781145154752,0.24862117432584133,False,False,False,32768
vel3,persistence,0.1044483856484294,False,0.7242584104645692,False,1.9643444975276052,2.918910035618543,3.8208958687924484,3.058139060431357,14.599245240155199,0.04185191275574793,False,0.002880464390266502,False,0.001751582601314736,False,0.05317213237285614,0.24812632168400914,0.010953429298499767,0.00094190104941147,0.0001199776133972331,False,False,0.17480193421131057,0.03534915532636771,0.1497931324648669,0.1106671216078045,0.022437982533637154,False,False,False,0.3041850344091652,7.019299878402646,0.07312370813173849,0.008511119072469353,0.0053470766909356785,3,middle,10,False,False,0.3433712176251703,0.10318100423277339,0.5723439610084898,0.33843544729433395,0.32757760970288774,False,False,False,32768
vel3,persistence,0.09812243954278528,False,0.3084231538222768,False,1.1494601010249954,0.3659661739003515,1.1432630013658234,1.0089909005619928,1.307050290291991,0.034440868631636014,False,0.0023492251080426438,False,0.0011861734321016097,False,0.0853639369085431,0.842764101761648,0.030125061854088253,0.0023282916691658574,0.0009075193517126432,False,False,0.3811175902732845,0.5425732977193591,0.47919648893849526,0.5072080905009378,0.22962927501098138,False,False,False,0.22398319859057664,1.5532723510428994,0.06286578167720006,0.0045904071973030805,0.0039521065058853826,4,middle,10,False,False,0.4380794638179324,0.1985634738268502,0.5478476161877887,0.51176834800687,0.30013701056264264,False,False,False,32768
vel3,persistence,0.10011007013497875,False,0.15536209062022638,False,1.0303911015616312,0.4583737376511474,0.8625695188316828,0.9193751883549176,0.744026174817521,0.030760500335744043,False,0.001818125513883236,False,0.0009462083809053095,False,0.0971573512069881,0.33894195469476734,0.03566147384550286,0.0019775664352401066,0.0012717407168334844,False,False,0.5097279431434697,0.42322014252055973,0.7151557602686655,0.5951558898870885,0.5114477614454528,False,False,False,0.1906062881462276,0.8008644217076738,0.04986532420868116,0.0033227705023893585,0.0024865505584368832,5,middle,10,False,False,0.5252191368323442,0.19399299857640026,0.616871560024649,0.5471715583654806,0.3805305215672442,False,False,False,32768
vel3,persistence,0.08464301754953339,False,0.13180563899775732,False,0.8379642134074922,0.49662656033587504,0.6807117053411594,0.6979491047234684,0.46336842578846954,0.02123361499021177,False,0.0013294382043612385,False,0.00045086640555254604,False,0.10101030115038157,0.2654019126738116,0.031193256739385576,0.0019047781498164826,0.0009730192660092236,False,False,0.88408615425892,0.7414206975387511,0.973584268444649,0.9247193299163856,0.9478663277629026,False,False,False,0.11425391141325231,0.3579639920423723,0.03203960638067664,0.0020598446341428974,0.0010265363770286951,6,middle,10,False,False,0.7408325588380308,0.3682092107804951,0.6627302076662822,0.6454070284356269,0.43921132815339364,False,False,False,32768
vel3,persistence,0.056612339904531836,False,0.04526299113739143,False,0.6948033739804981,0.22790411220986337,0.6619988072243005,0.6066824640211567,0.4382424207663966,0.012084979593226797,False,0.0007770889493425659,False,0.00014604673176870812,False,0.08147965600714087,0.1986054165433901,0.018255289075063432,0.001280882496902806,0.00033325557921413035,False,False,1.0000000909266449,0.9999999420727789,0.9999999977139256,0.9999999882366918,0.9999999954278512,False,False,False,0.08147964859846979,0.19860542804805065,0.018255289116796383,0.0012808825119702218,0.00033325558073782444,7,outer,10,False,False,0.6948034371566378,0.22790409900801145,0.661998805710922,0.6066824568845639,0.43824241876268705,False,False,False,32768
vel3,persistence,0.02943920310586691,False,0.02384250000335497,False,0.7313214919188261,0.5170384152383495,0.6752390495065107,0.6932025872512286,0.455947773978456,0.0052829200547337965,False,0.0003997209698845547,False,2.7909244304708536e-05,False,0.040254803709685795,0.046113594852258355,0.007823777458656674,0.0005766293681470189,6.121149372258428e-05,False,False,1.0000000627266377,0.9999999798626353,1.0000000012893844,1.0000000027600755,1.0000000025787688,False,False,False,0.040254801184637465,0.04611359578086465,0.007823777448568818,0.0005766293665554783,6.1211493564734e-05,8,outer,10,False,False,0.7313215377921644,0.5170384048265584,0.6752390503771534,0.6932025891645202,0.45594777515423984,False,False,False,32768
vel3,fno_plain,0.0987959816120565,True,0.7343867585957475,True,,,,,,0.0202687661173275,True,0.0034845742971364654,True,0.00041082287991892324,True,0.0,0.0,0.0,0.0,0.0,False,False,0.0,0.0,0.0,0.0,0.0,False,False,False,1.0846018898487086,345.40035098890166,0.25666571336706595,0.05387926063503117,0.06587728841822485,1,inner,10,False,False,0.09108962702050756,0.0021261899604130535,0.07896951194388975,0.06467375862375639,0.006236183816656147,False,False,False,32768
vel3,fno_plain,0.10482781426981091,True,0.5170834480795238,True,,,,,,0.029287279128207656,True,0.002446291407383096,True,0.0008577447187335478,True,0.0,0.0,0.0,0.0,0.0,False,False,0.0,0.0,0.0,0.0,0.0,False,False,False,0.4864145718514919,36.29428855010255,0.10792200240511368,0.018875073881991694,0.011647158603129364,2,inner,10,False,False,0.21551125384832442,0.014246964708116941,0.27137449709532013,0.1296043354679025,0.07364411767373792,False,False,False,32768
vel3,fno_plain,0.10236077522393316,False,0.5582328886926247,False,1.9250831338896492,2.2497931090258887,2.7332003371611284,3.1833184304089324,7.470384083057707,0.029937916651730147,False,0.002998370970213047,False,0.0008962788534459412,False,0.05317213237285614,0.24812632168400914,0.010953429298499767,0.00094190104941147,0.0001199776133972331,False,False,0.17480193421131057,0.03534915532636771,0.1497931324648669,0.1106671216078045,0.022437982533637154,False,False,False,0.3041850344091652,7.019299878402646,0.07312370813173849,0.008511119072469353,0.0053470766909356785,3,middle,10,False,False,0.33650825532148204,0.07952828606314787,0.40941464015739576,0.3522886878544306,0.16762034757520983,False,False,False,32768
vel3,fno_plain,0.09028864465653896,False,0.4464839022125316,False,1.0576907289699171,0.5297851454270972,0.5986260184381359,1.2485848695371347,0.3583531099510953,0.018033645832915418,False,0.0029070697499898497,False,0.0003252123820270276,False,0.0853639369085431,0.842764101761648,0.030125061854088253,0.0023282916691658574,0.0009075193517126432,False,False,0.3811175902732845,0.5425732977193591,0.47919648893849526,0.5072080905009378,0.22962927501098138,False,False,False,0.22398319859057664,1.5532723510428994,0.06286578167720006,0.0045904071973030805,0.0039521065058853826,4,middle,10,False,False,0.4031045418794085,0.28744727343711035,0.2868594862227856,0.6332923475062927,0.08228836483600052,False,False,False,32768
vel3,fno_plain,0.08015392817324027,False,0.4701122391376067,False,0.8249908748796267,1.3869992564389504,0.5247011093101485,1.0547969453207273,0.27531125411130036,0.018711614886370197,False,0.0020859310350600643,False,0.00035012453165583074,False,0.0971573512069881,0.33894195469476734,0.03566147384550286,0.0019775664352401066,0.0012717407168334844,False,False,0.5097279431434697,0.42322014252055973,0.7151557602686655,0.5951558898870885,0.5114477614454528,False,False,False,0.1906062881462276,0.8008644217076738,0.04986532420868116,0.0033227705023893585,0.0024865505584368832,5,middle,10,False,False,0.42052090176452367,0.5870060229860029,0.37524302074251137,0.62776861464254,0.1408073246159648,False,False,False,32768
vel3,fno_plain,0.06978764842730016,False,0.08833597810537336,False,0.6908963504959963,0.3328385135413151,0.5695253000881584,0.5602864631121907,0.3243590674405069,0.01776534890522554,False,0.0010672214125740595,False,0.0003156076217243983,False,0.10101030115038157,0.2654019126738116,0.031193256739385576,0.0019047781498164826,0.0009730192660092236,False,False,0.88408615425892,0.7414206975387511,0.973584268444649,0.9247193299163856,0.9478663277629026,False,False,False,0.11425391141325231,0.3579639920423723,0.03203960638067664,0.0020598446341428974,0.0010265363770286951,6,middle,10,False,False,0.6108118975015283,0.24677336287756285,0.5544808726470489,0.5181077227303267,0.30744903813143293,False,False,False,32768
vel3,fno_plain,0.10449513767845929,False,0.3566886808187358,False,1.2824690579118467,1.7959665301515513,1.3537296894367672,1.1586261598835839,1.8325840720625663,0.02471272681016403,False,0.0014840639686485944,False,0.0006107188663938001,False,0.08147965600714087,0.1986054165433901,0.018255289075063432,0.001280882496902806,0.00033325557921413035,False,False,1.0000000909266449,0.9999999420727789,0.9999999977139256,0.9999999882366918,0.9999999954278512,False,False,False,0.08147964859846979,0.19860542804805065,0.018255289116796383,0.0012808825119702218,0.00033325558073782444,7,outer,10,False,False,1.2824691745224555,1.7959664261162007,1.3537296863420405,1.158626146254307,1.8325840636837194,False,False,False,32768
vel3,fno_plain,0.004642428979277608,False,0.026521066334260112,False,0.11532608661461646,0.5751246767733025,0.20412495827604674,0.34935653469195865,0.04166699859119783,0.0015970282473093686,False,0.0002014492378574562,False,2.550499222704034e-06,False,0.040254803709685795,0.046113594852258355,0.007823777458656674,0.0005766293681470189,6.121149372258428e-05,False,False,1.0000000627266377,0.9999999798626353,1.0000000012893844,1.0000000027600755,1.0000000025787688,False,False,False,0.040254801184637465,0.04611359578086465,0.007823777448568818,0.0005766293665554783,6.1211493564734e-05,8,outer,10,False,False,0.11532609384863413,0.5751246651918072,0.20412495853924226,0.34935653565620906,0.04166699869864739,False,False,False,32768
vel3,fno_full,0.09194750245660543,True,2.0029617475302723,True,,,,,,0.03326400041188434,True,0.004449837797265761,True,0.0011064937234018415,True,0.0,0.0,0.0,0.0,0.0,False,False,0.0,0.0,0.0,0.0,0.0,False,False,False,1.0846018898487086,345.40035098890166,0.25666571336706595,0.05387926063503117,0.06587728841822485,1,inner,10,False,False,0.0847753478185726,0.0057989568968174875,0.12960048296093377,0.08258906571506605,0.016796285183707283,False,False,False,32768
vel3,fno_full,0.10477875545620918,True,0.9656866590457969,True,,,,,,0.03938742689520344,True,0.0026771291246021705,True,0.0015513693974249956,True,0.0,0.0,0.0,0.0,0.0,False,False,0.0,0.0,0.0,0.0,0.0,False,False,False,0.4864145718514919,36.29428855010255,0.10792200240511368,0.018875073881991694,0.011647158603129364,2,inner,10,False,False,0.21541039582218638,0.0266071246365034,0.36496197269721103,0.1418341004300048,0.1331972415150398,False,False,False,32768
vel3,fno_full,0.104818195104599,False,0.6639289754957524,False,1.9712994462886668,2.6757700311266097,3.0496843500706237,2.810333609232039,9.300574635065681,0.03340450191123979,False,0.0026470561757319815,False,0.0011158607479380227,False,0.05317213237285614,0.24812632168400914,0.010953429298499767,0.00094190104941147,0.0001199776133972331,False,False,0.17480193421131057,0.03534915532636771,0.1497931324648669,0.1106671216078045,0.022437982533637154,False,False,False,0.3041850344091652,7.019299878402646,0.07312370813173849,0.008511119072469353,0.0053470766909356785,3,middle,10,False,False,0.3445869561209445,0.0945862104479343,0.45682177182616035,0.31101153129138215,0.2086861312143925,False,False,False,32768
vel3,fno_full,0.10401625028811395,False,0.6899101036432301,False,1.2185034342963177,0.8186277775727469,0.7435812930665937,1.3952504988256302,0.5529131393985874,0.02240043244717406,False,0.003248550112815222,False,0.0005017793738204084,False,0.0853639369085431,0.842764101761648,0.030125061854088253,0.0023282916691658574,0.0009075193517126432,False,False,0.3811175902732845,0.5425732977193591,0.47919648893849526,0.5072080905009378,0.22962927501098138,False,False,False,0.22398319859057664,1.5532723510428994,0.06286578167720006,0.0045904071973030805,0.0039521065058853826,4,middle,10,False,False,0.464393092618734,0.4441655728823153,0.35632154487785794,0.707682341279829,0.12696504334414332,False,False,False,32768
vel3,fno_full,0.10413258774206043,False,0.6928955454406452,False,1.0717931937050444,2.0442896957522687,0.7557653285056608,1.725957647542054,0.5711812317712696,0.026951705495842502,False,0.0034131959124251397,False,0.0007263944291346269,False,0.0971573512069881,0.33894195469476734,0.03566147384550286,0.0019775664352401066,0.0012717407168334844,False,False,0.5097279431434697,0.42322014252055973,0.7151557602686655,0.5951558898870885,0.5114477614454528,False,False,False,0.1906062881462276,0.8008644217076738,0.04986532420868116,0.0033227705023893585,0.0024865505584368832,5,middle,10,False,False,0.5463229401024426,0.8651845763895869,0.5404899280921636,1.0272138596303169,0.2921293623690721,False,False,False,32768
vel3,fno_full,0.10736810069531202,False,0.27061133345952937,False,1.0629420907820593,1.0196284221663479,0.8556965758203222,1.1545311061829417,0.7322166298706243,0.026691962980576425,False,0.0021991256243407207,False,0.0007124608877564622,False,0.10101030115038157,0.2654019126738116,0.031193256739385576,0.0019047781498164826,0.0009730192660092236,False,False,0.88408615425892,0.7414206975387511,0.973584268444649,0.9247193299163856,0.9478663277629026,False,False,False,0.11425391141325231,0.3579639920423723,0.03203960638067664,0.0020598446341428974,0.0010265363770286951,6,middle,10,False,False,0.9397323852394466,0.7559736159929098,0.8330927247806195,1.0676172308771132,0.694043488082397,False,False,False,32768
vel3,fno_full,0.10696343518793583,False,0.4928389669679184,False,1.3127624787537342,2.4814981159400857,1.3072441047891443,1.6457748991601997,1.7088871495059714,0.023864119024598344,False,0.00210804426217628,False,0.0005694961768201967,False,0.08147965600714087,0.1986054165433901,0.018255289075063432,0.001280882496902806,0.00033325557921413035,False,False,1.0000000909266449,0.9999999420727789,0.9999999977139256,0.9999999882366918,0.9999999954278512,False,False,False,0.08147964859846979,0.19860542804805065,0.018255289116796383,0.0012808825119702218,0.00033325558073782444,7,outer,10,False,False,1.312762598118822,2.4814979721937953,1.307244101800687,1.6457748798004421,1.7088871416926852,False,False,False,32768
vel3,fno_full,0.05591911742463707,False,0.10259528971810926,False,1.3891290547066375,2.224838250993238,1.6340459806460188,2.4402845084429674,2.67010626686541,0.012784412109786862,False,0.001407139714202427,False,0.00016344119299286497,False,0.040254803709685795,0.046113594852258355,0.007823777458656674,0.0005766293681470189,6.121149372258428e-05,False,False,1.0000000627266377,0.9999999798626353,1.0000000012893844,1.0000000027600755,1.0000000025787688,False,False,False,0.040254801184637465,0.04611359578086465,0.007823777448568818,0.0005766293665554783,6.1211493564734e-05,8,outer,10,False,False,1.3891291418420324,2.2248382061908587,1.6340459827529321,2.440284515178337,2.670106273750996,False,False,False,32768
vel3,localno_plain,0.044915456082671876,True,0.726533842738133,True,,,,,,0.009555837534434418,True,0.0032421867334802355,True,9.131403098450567e-05,True,0.0,0.0,0.0,0.0,0.0,False,False,0.0,0.0,0.0,0.0,0.0,False,False,False,1.0846018898487086,345.40035098890166,0.25666571336706595,0.05387926063503117,0.06587728841822485,1,inner,10,False,False,0.04141192865608702,0.002103454268815951,0.03723067412891377,0.060175041291717975,0.001386123096093369,False,False,False,32768
vel3,localno_plain,0.061422730693593615,True,0.5495026792851843,True,,,,,,0.013739025568266592,True,0.0030385130060316657,True,0.00018876082356548315,True,0.0,0.0,0.0,0.0,0.0,False,False,0.0,0.0,0.0,0.0,0.0,False,False,False,0.4864145718514919,36.29428855010255,0.10792200240511368,0.018875073881991694,0.011647158603129364,2,inner,10,False,False,0.12627650207886185,0.015140197018233924,0.12730513947187097,0.1609801913904372,0.01620659853595252,False,False,False,32768
vel3,localno_plain,0.06492331531364472,False,0.7864569390526843,False,1.2210026646737877,3.1695828709952165,1.227553753882102,3.8824563385565662,1.5068882186700403,0.013445923253255589,False,0.0036568896995806434,False,0.00018079285213243936,False,0.05317213237285614,0.24812632168400914,0.010953429298499767,0.00094190104941147,0.0001199776133972331,False,False,0.17480193421131057,0.03534915532636771,0.1497931324648669,0.1106671216078045,0.022437982533637154,False,False,False,0.3041850344091652,7.019299878402646,0.07312370813173849,0.008511119072469353,0.0053470766909356785,3,middle,10,False,False,0.21343362746214234,0.11204207722660443,0.1838791220630063,0.4296602677560309,0.03381153153066197,False,False,False,32768
vel3,localno_plain,0.10416537087410688,False,4.205956563063888,False,1.2202503146698491,4.990668864836657,0.6266747611975547,2.757676225446633,0.39272125632201227,0.018878615943472322,False,0.006420674581964142,False,0.0003564021399411274,False,0.0853639369085431,0.842764101761648,0.030125061854088253,0.0023282916691658574,0.0009075193517126432,False,False,0.3811175902732845,0.5425732977193591,0.47919648893849526,0.5072080905009378,0.22962927501098138,False,False,False,0.22398319859057664,1.5532723510428994,0.06286578167720006,0.0045904071973030805,0.0039521065058853826,4,middle,10,False,False,0.4650588594571901,2.7078036638197553,0.3003003452722382,1.3987156925286206,0.09018029737062547,False,False,False,32768
vel3,localno_plain,0.1047330629779026,False,2.9569903711112264,False,1.077973634282957,8.724179258876733,0.6463992774258294,2.749715566301567,0.41783202585663426,0.02305155092567316,False,0.005437745210375221,False,0.0005313740000789031,False,0.0971573512069881,0.33894195469476734,0.03566147384550286,0.0019775664352401066,0.0012717407168334844,False,False,0.5097279431434697,0.42322014252055973,0.7151557602686655,0.5951558898870885,0.5114477614454528,False,False,False,0.1906062881462276,0.8008644217076738,0.04986532420868116,0.0033227705023893585,0.0024865505584368832,5,middle,10,False,False,0.5494732833659425,3.6922483893167217,0.46227616668458493,1.6365094147985884,0.21369925428459413,False,False,False,32768
vel3,localno_plain,0.05679822369245813,False,1.0299534902713647,False,0.5623013004178492,3.880731227198104,0.3845797845294228,1.578287272369117,0.14790161066869728,0.011996295955603871,False,0.0030062871105421495,False,0.00014391111665443778,False,0.10101030115038157,0.2654019126738116,0.031193256739385576,0.0019047781498164826,0.0009730192660092236,False,False,0.88408615425892,0.7414206975387511,0.973584268444649,0.9247193299163856,0.9478663277629026,False,False,False,0.11425391141325231,0.3579639920423723,0.03203960638067664,0.0020598446341428974,0.0010265363770286951,6,middle,10,False,False,0.49712279422120603,2.8772544534296314,0.37442082817967887,1.4594727489207298,0.1401909565747566,False,False,False,32768
vel3,localno_plain,0.04269134433940053,False,0.2605255193762247,False,0.5239509643445115,1.3117744919072067,0.486411363835072,1.3310942383350048,0.23659601486789478,0.008879580056205094,False,0.0017049753116114795,False,7.884694197455527e-05,False,0.08147965600714087,0.1986054165433901,0.018255289075063432,0.001280882496902806,0.00033325557921413035,False,False,1.0000000909266449,0.9999999420727789,0.9999999977139256,0.9999999882366918,0.9999999954278512,False,False,False,0.08147964859846979,0.19860542804805065,0.018255289116796383,0.0012808825119702218,0.00033325558073782444,7,outer,10,False,False,0.5239510119856148,1.3117744159197557,0.4864113627230994,1.331094222676933,0.2365960137861426,False,False,False,32768
vel3,localno_plain,0.014879672341048715,False,0.06990235420712229,False,0.3696371853744373,1.5158730181648137,0.42532457589628286,1.7720217245181098,0.1809009948613529,0.0033276448295100477,False,0.0010217997673516684,False,1.1073220111364953e-05,False,0.040254803709685795,0.046113594852258355,0.007823777458656674,0.0005766293681470189,6.121149372258428e-05,False,False,1.0000000627266377,0.9999999798626353,1.0000000012893844,1.0000000027600755,1.0000000025787688,False,False,False,0.040254801184637465,0.04611359578086465,0.007823777448568818,0.0005766293665554783,6.1211493564734e-05,8,outer,10,False,False,0.3696372085605351,1.515872987639126,0.42532457644468974,1.7720217294090235,0.1809009953278547,False,False,False,32768
Bcc3,persistence,0.010797557421028614,False,0.0503971823393108,False,1.0,2.6566200471246706,0.9979545415143032,4.0417395913001855,0.9959132669290232,0.005387735732788486,False,0.00023090431385136762,False,2.902769632636589e-05,False,0.010797557421028614,0.01897041407703634,0.005398778710514307,5.7129933444595844e-05,2.9146811565102524e-05,False,False,0.0002084694333158499,1.0449223612986138e-07,0.0005742101236936617,6.37818647019201e-05,3.297172661522902e-07,False,False,False,51.79443935394282,181548.55116183174,9.402096005876986,0.8957081093754226,88.39940930372799,1,inner,19,False,False,0.0002084694333158499,2.7759616927147456e-07,0.0005730356007235796,0.00025778968777270226,3.283697996966336e-07,False,False,False,32768
Bcc3,persistence,0.010797557421028614,False,0.04968162389506616,False,1.0,2.618900340989694,0.9866599834759743,5.900090727451553,0.9734979229928097,0.005326758913306488,False,0.0003370717905763843,False,2.8374360520490112e-05,False,0.010797557421028614,0.01897041407703634,0.005398778710514307,5.7129933444595844e-05,2.9146811565102524e-05,False,False,0.0021797938733613353,1.1942923458458832e-05,0.004658019003520975,0.0006163428173913086,2.169714103716254e-05,False,False,False,4.953476359844208,1588.4229806061544,1.1590289147453874,0.09269181343979992,1.3433480252158707,2,inner,19,False,False,0.0021797938733613353,3.127732631777165e-05,0.0045958809530447795,0.0036364785418218255,2.112212173455979e-05,False,False,False,32768
Bcc3,persistence,0.010797557421028614,False,0.03339779571917259,False,1.0,1.760520122731563,0.910761533620946,8.081824952754053,0.8294865711235777,0.004916999978068124,False,0.000461714121661713,False,2.417688878432193e-05,False,0.010797557421028614,0.01897041407703634,0.005398778710514307,5.7129933444595844e-05,2.9146811565102524e-05,False,False,0.012319825145922975,0.00041583583005839987,0.024988981235247246,0.003607378511540655,0.0006244491831755389,False,False,False,0.876437554359436,45.619960344379514,0.21604637098607557,0.01583696672301697,0.046676034416252996,3,middle,19,False,False,0.012319825145922975,0.0007320873465705955,0.02275900287343882,0.02915420166859804,0.0005179722117931966,False,False,False,32768
Bcc3,persistence,0.010797557421028614,False,0.013557726929751617,False,1.0,0.8885500906711169,0.7174999296553118,4.621498329858871,0.5148061490553774,0.003858169881007193,False,0.00027744657067974195,False,1.4885474830711057e-05,False,0.010797557421028614,0.015258258450586102,0.005377240779466925,6.003390045327886e-05,2.8914718400362068e-05,False,False,0.05503299684939749,0.00925194126261674,0.10705013141939601,0.018086727731203237,0.01145973063690996,False,False,False,0.19620151616632936,1.6491953437100169,0.05023105257479995,0.0033192239826615143,0.0025231586427723164,4,middle,19,False,False,0.05503299684939749,0.008220813247781952,0.07680846176300853,0.08358778200236788,0.005899539798399543,False,False,False,32768
Bcc3,persistence,0.010797557421028614,False,0.011189709145907369,False,1.0,1.0345969661807697,0.5197381015756287,1.5652128548389979,0.2701276942294385,0.0025828183902915462,False,0.00017504176034496434,False,6.670950837228213e-06,False,0.010797557421028614,0.010815524800168659,0.00496946131611579,0.00011183255989995662,2.4695545772371286e-05,False,False,0.1349053787706859,0.015578758686520332,0.25245588562233157,0.11126614125502876,0.06373397418535577,False,False,False,0.0800380052998662,0.6942481758528614,0.01968447399776607,0.0010050906649456783,0.00038747851656872846,5,middle,19,False,False,0.1349053787706859,0.016117736473936245,0.13121094272494466,0.17415519460070275,0.01721631149076871,False,False,False,32768
Bcc3,persistence,0.008225936957169324,False,0.005525215172021204,False,0.7618331291435441,0.44443114500120656,0.3267351473967031,0.5725902294341569,0.1067558565443453,0.001149646941381253,False,8.589468492160115e-05,False,1.3216880898272698e-06,False,0.010797557421028614,0.012432106152250431,0.0035185897524070693,0.00015001074154982297,1.2380473845744042e-05,False,False,0.13284611525360301,0.01975783886606115,0.2633170553339829,0.20236180116995928,0.06933587162975982,False,False,False,0.0812786839902401,0.6292239873261427,0.0133625592460929,0.0007412996953107381,0.00017855798960534285,6,middle,19,False,False,0.10120657167821627,0.008780998949992899,0.08603493688661473,0.11587039016061623,0.0074020103650837814,False,False,False,32768
Bcc3,persistence,0.0021685082325711845,False,0.0005593956006779477,False,0.2008332207011875,0.05635520087371708,0.16645700860729043,0.24911270446171624,0.027707935714487562,0.0003230164400193819,False,2.817241801786488e-05,False,1.0433962052279495e-07,False,0.010797557421028614,0.009926246238239183,0.0019405397388910816,0.00011309105281779971,3.7656944782154673e-06,False,False,0.4021121276376317,0.21040697460726077,0.5646850663080905,0.4854472746638047,0.3188692241113725,False,False,False,0.02685210586525499,0.04717641255365803,0.0034364991296446453,0.0002329625867116478,1.1809526268048405e-05,7,outer,19,False,False,0.08075747367647257,0.011857527319223269,0.09399578694285418,0.12093108346506998,0.008835207963006436,False,False,False,32768
Bcc3,persistence,0.0004546673709410243,False,4.323275789966667e-05,False,0.10851289760669103,0.015685424283177853,0.13671015077452497,0.17599854189729755,0.018689665324793357,7.047504247486989e-05,False,7.484579649705961e-06,False,4.966731611834715e-09,False,0.004189984609838573,0.0027562377095551385,0.0005155070203316785,4.25263730541218e-05,2.657474880112456e-07,False,False,0.9999999077565028,1.0000000886697495,1.000000015167808,1.0000002479187056,1.0000000303356158,False,False,False,0.004189984996337442,0.0027562374651602527,0.0005155070125125672,4.2526362511041055e-05,2.657474799496321e-07,8,outer,19,False,False,0.10851288759708186,0.015685425674000494,0.1367101528481183,0.17599858553062822,0.018689665891755865,False,False,False,32768
Bcc3,fno_plain,0.010797557421028614,False,0.01063416948410957,False,1.0,0.5605660182706406,0.7007298272136967,5.589807053566755,0.49102229074693715,0.0037830852729836746,False,0.0003193453049384011,False,1.4311734182665962e-05,False,0.010797557421028614,0.01897041407703634,0.005398778710514307,5.7129933444595844e-05,2.9146811565102524e-05,False,False,0.0002084694333158499,1.0449223612986138e-07,0.0005742101236936617,6.37818647019201e-05,3.297172661522902e-07,False,False,False,51.79443935394282,181548.55116183174,9.402096005876986,0.8957081093754226,88.39940930372799,1,inner,19,False,False,0.0002084694333158499,5.8574796747511964e-08,0.00040236616076021496,0.00035652831720043334,1.618985273249151e-07,False,False,False,32768
Bcc3,fno_plain,0.010797557421028614,False,0.013147606680748977,False,1.0,0.6930584976879411,0.6568772780814117,6.822578752435675,0.4314877584596443,0.003546335064326512,False,0.00038977347004716384,False,1.2576492388471726e-05,False,0.010797557421028614,0.01897041407703634,0.005398778710514307,5.7129933444595844e-05,2.9146811565102524e-05,False,False,0.0021797938733613353,1.1942923458458832e-05,0.004658019003520975,0.0006163428173913086,2.169714103716254e-05,False,False,False,4.953476359844208,1588.4229806061544,1.1590289147453874,0.09269181343979992,1.3433480252158707,2,inner,19,False,False,0.0021797938733613353,8.277144590121548e-06,0.003059746844284348,0.0042050474101502835,9.362050751108026e-06,False,False,False,32768
Bcc3,fno_plain,0.010797557421028614,False,0.02613164268962525,False,1.0,1.377494586228224,0.7120591825649532,7.59040742976257,0.5070282794750692,0.003844249955457889,False,0.00043363947127970145,False,1.4778257720037981e-05,False,0.010797557421028614,0.01897041407703634,0.005398778710514307,5.7129933444595844e-05,2.9146811565102524e-05,False,False,0.012319825145922975,0.00041583583005839987,0.024988981235247246,0.003607378511540655,0.0006244491831755389,False,False,False,0.876437554359436,45.619960344379514,0.21604637098607557,0.01583696672301697,0.046676034416252996,3,middle,19,False,False,0.012319825145922975,0.0005728116046651656,0.017793633551501105,0.02738147265596403,0.0003166133949651058,False,False,False,32768
Bcc3,fno_plain,0.010797557421028614,False,0.02176305250358909,False,1.0,1.42631300774389,0.8382449588142692,6.037870373431772,0.7026546109775358,0.0045074449757186615,False,0.00036247690894840464,False,2.0317060209131404e-05,False,0.010797557421028614,0.015258258450586102,0.005377240779466925,6.003390045327886e-05,2.8914718400362068e-05,False,False,0.05503299684939749,0.00925194126261674,0.10705013141939601,0.018086727731203237,0.01145973063690996,False,False,False,0.19620151616632936,1.6491953437100169,0.05023105257479995,0.0033192239826615143,0.0025231586427723164,4,middle,19,False,False,0.05503299684939749,0.013196164169752686,0.08973423300271371,0.10920531752055887,0.008052232572585315,False,False,False,32768
Bcc3,fno_plain,0.010797557421028614,False,0.005992892388662846,False,1.0,0.5541009335551976,0.3602014936146121,2.1040642334776716,0.12974511600219743,0.001790007388524944,False,0.00023530288942374804,False,3.2041264509738892e-06,False,0.010797557421028614,0.010815524800168659,0.00496946131611579,0.00011183255989995662,2.4695545772371286e-05,False,False,0.1349053787706859,0.015578758686520332,0.25245588562233157,0.11126614125502876,0.06373397418535577,False,False,False,0.0800380052998662,0.6942481758528614,0.01968447399776607,0.0010050906649456783,0.00038747851656872846,5,middle,19,False,False,0.1349053787706859,0.008632204731832061,0.09093498707296352,0.2341111082117804,0.008269171873960042,False,False,False,32768
Bcc3,fno_plain,0.003998385618906468,False,0.0011807294401302176,False,0.3703046404846595,0.09497420836585156,0.17385366846308395,0.41715808569010926,0.030225098038071916,0.0006117197362725833,False,6.257819377787788e-05,False,3.742010357453989e-07,False,0.010797557421028614,0.012432106152250431,0.0035185897524070693,0.00015001074154982297,1.2380473845744042e-05,False,False,0.13284611525360301,0.01975783886606115,0.2633170553339829,0.20236180116995928,0.06933587162975982,False,False,False,0.0812786839902401,0.6292239873261427,0.0133625592460929,0.0007412996953107381,0.00017855798960534285,6,middle,19,False,False,0.049193532948769096,0.001876485105324212,0.0457786360387098,0.08441686159286271,0.00209568351756466,False,False,False,32768
Bcc3,fno_plain,0.006668993163621053,False,0.0022306560639779515,False,0.6176390551656581,0.22472302322953935,0.45567639038568347,0.6614783925228445,0.20764097275492577,0.0008842581436178647,False,7.480728782663425e-05,False,7.819124645545122e-07,False,0.010797557421028614,0.009926246238239183,0.0019405397388910816,0.00011309105281779971,3.7656944782154673e-06,False,False,0.4021121276376317,0.21040697460726077,0.5646850663080905,0.4854472746638047,0.3188692241113725,False,False,False,0.02685210586525499,0.04717641255365803,0.0034364991296446453,0.0002329625867116478,1.1809526268048405e-05,7,outer,19,False,False,0.24836015458475938,0.04728329144232456,0.257313652719971,0.3211128828992093,0.06621031587609381,False,False,False,32768
Bcc3,fno_plain,0.0012762289575766748,False,0.0016398952832461164,False,0.30459036879990925,0.5949759984637893,0.7422517876704215,0.8614791727284925,0.5509377162999366,0.00038263600739784075,False,3.6635584677808106e-05,False,1.4641031415736043e-07,False,0.004189984609838573,0.0027562377095551385,0.0005155070203316785,4.25263730541218e-05,2.657474880112456e-07,False,False,0.9999999077565028,1.0000000886697495,1.000000015167808,1.0000002479187056,1.0000000303356158,False,False,False,0.004189984996337442,0.0027562374651602527,0.0005155070125125672,4.2526362511041055e-05,2.657474799496321e-07,8,outer,19,False,False,0.30459034070342844,0.5949760512201622,0.7422517989287541,0.8614793863052939,0.5509377330129716,False,False,False,32768
Bcc3,fno_full,0.010797557421028614,False,0.016066961195618453,False,1.0,0.8469483655112983,0.6127210512512585,6.30192761986388,0.37542708664644736,0.00330794536697924,False,0.0003600287054954838,False,1.0942502550919419e-05,False,0.010797557421028614,0.01897041407703634,0.005398778710514307,5.7129933444595844e-05,2.9146811565102524e-05,False,False,0.0002084694333158499,1.0449223612986138e-07,0.0005742101236936617,6.37818647019201e-05,3.297172661522902e-07,False,False,False,51.79443935394282,181548.55116183174,9.402096005876986,0.8957081093754226,88.39940930372799,1,inner,19,False,False,0.0002084694333158499,8.849952859880673e-08,0.0003518306306286956,0.00040194869481145133,1.237847926485856e-07,False,False,False,32768
Bcc3,fno_full,0.010797557421028614,False,0.01176551698652353,False,1.0,0.6202034883764436,0.6490843686691052,6.4081405992878295,0.42131051765057104,0.0035042628708983853,False,0.00036609664594092623,False,1.2279858268356994e-05,False,0.010797557421028614,0.01897041407703634,0.005398778710514307,5.7129933444595844e-05,2.9146811565102524e-05,False,False,0.0021797938733613353,1.1942923458458832e-05,0.004658019003520975,0.0006163428173913086,2.169714103716254e-05,False,False,False,4.953476359844208,1588.4229806061544,1.1590289147453874,0.09269181343979992,1.3433480252158707,2,inner,19,False,False,0.0021797938733613353,7.4070427903490275e-06,0.003023447324149107,0.00394961143120469,9.141233721904395e-06,False,False,False,32768
Bcc3,fno_full,0.010797557421028614,False,0.012886250850273782,False,1.0,0.6792814747187079,0.6291746851869809,6.309602865252968,0.39586078448013656,0.003396774895582014,False,0.0003604671917537333,False,1.1538079691256202e-05,False,0.010797557421028614,0.01897041407703634,0.005398778710514307,5.7129933444595844e-05,2.9146811565102524e-05,False,False,0.012319825145922975,0.00041583583005839987,0.024988981235247246,0.003607378511540655,0.0006244491831755389,False,False,False,0.876437554359436,45.619960344379514,0.21604637098607557,0.01583696672301697,0.046676034416252996,3,middle,19,False,False,0.012319825145922975,0.00028246957588294786,0.01572243440183006,0.022761125792468903,0.00024719494351984933,False,False,False,32768
Bcc3,fno_full,0.010797557421028614,False,0.021703633647400675,False,1.0,1.422418798166772,0.5973915086594853,7.02901766220201,0.3568766146184559,0.003212317981671053,False,0.0004219793466169744,False,1.0318986815367189e-05,False,0.010797557421028614,0.015258258450586102,0.005377240779466925,6.003390045327886e-05,2.8914718400362068e-05,False,False,0.05503299684939749,0.00925194126261674,0.10705013141939601,0.018086727731203237,0.01145973063690996,False,False,False,0.19620151616632936,1.6491953437100169,0.05023105257479995,0.0033192239826615143,0.0025231586427723164,4,middle,19,False,False,0.05503299684939749,0.01316013517148087,0.06395083951082915,0.12713192867406645,0.004089709874139828,False,False,False,32768
Bcc3,fno_full,0.010797557421028614,False,0.011736051367888328,False,1.0,1.0851115951123624,0.6973792394499493,3.0199537480333043,0.48633780361578954,0.0034655991531087737,False,0.000337729158422033,False,1.2010377490028248e-05,False,0.010797557421028614,0.010815524800168659,0.00496946131611579,0.00011183255989995662,2.4695545772371286e-05,False,False,0.1349053787706859,0.015578758686520332,0.25245588562233157,0.11126614125502876,0.06373397418535577,False,False,False,0.0800380052998662,0.6942481758528614,0.01968447399776607,0.0010050906649456783,0.00038747851656872846,5,middle,19,False,False,0.1349053787706859,0.01690469168820065,0.17605749350996497,0.33601860031232716,0.030996241021011353,False,False,False,32768
Bcc3,fno_full,0.008927851682528853,False,0.013753924454144853,False,0.8268399355896506,1.106322958130079,0.6094643248965275,1.600663513505611,0.37144676332158,0.0021444549280386143,False,0.00024011672063272178,False,4.5986869383890985e-06,False,0.010797557421028614,0.012432106152250431,0.0035185897524070693,0.00015001074154982297,1.2380473845744042e-05,False,False,0.13284611525360301,0.01975783886606115,0.2633170553339829,0.20236180116995928,0.06933587162975982,False,False,False,0.0812786839902401,0.6292239873261427,0.0133625592460929,0.0007412996953107381,0.00017855798960534285,6,middle,19,False,False,0.10984247337962441,0.02185855074055822,0.16048235136286748,0.3239131516600309,0.02575458509895485,False,False,False,32768
Bcc3,fno_full,0.010797557421028614,False,0.010535908600266859,False,1.0,1.0614192260996966,1.484964194530323,2.507459552861704,2.2051186590370904,0.002881632030316478,False,0.0002835712407311794,False,8.303803158145867e-06,False,0.010797557421028614,0.009926246238239183,0.0019405397388910816,0.00011309105281779971,3.7656944782154673e-06,False,False,0.4021121276376317,0.21040697460726077,0.5646850663080905,0.4854472746638047,0.3188692241113725,False,False,False,0.02685210586525499,0.04717641255365803,0.0034364991296446453,0.0002329625867116478,1.1809526268048405e-05,7,outer,19,False,False,0.4021121276376317,0.22333000815361725,0.8385371046534954,1.2172394062664365,0.7031444758806672,False,False,False,32768
Bcc3,fno_full,0.008293989580124617,False,0.006080071033287533,False,1.979479724257068,2.2059312998329403,4.854176277627181,5.393317100401053,23.56302733427847,0.0025023619490443065,False,0.00022935821501082968,False,6.26181532402482e-06,False,0.004189984609838573,0.0027562377095551385,0.0005155070203316785,4.25263730541218e-05,2.657474880112456e-07,False,False,0.9999999077565028,1.0000000886697495,1.000000015167808,1.0000002479187056,1.0000000303356158,False,False,False,0.004189984996337442,0.0027562374651602527,0.0005155070125125672,4.2526362511041055e-05,2.657474799496321e-07,8,outer,19,False,False,1.9794795416629356,2.205931495432316,4.854176351254394,5.393318437505248,23.563028049077417,False,False,False,32768
Bcc3,localno_plain,0.002592085471842436,False,0.0013645730431501178,False,0.24006220766136055,0.07193164248333048,0.09336602040159196,2.421993611272711,0.008717213765630486,0.0005040624832295591,False,0.00013836833381524632,False,2.540789869995496e-07,False,0.010797557421028614,0.01897041407703634,0.005398778710514307,5.7129933444595844e-05,2.9146811565102524e-05,False,False,0.0002084694333158499,1.0449223612986138e-07,0.0005742101236936617,6.37818647019201e-05,3.297172661522902e-07,False,False,False,51.79443935394282,181548.55116183174,9.402096005876986,0.8957081093754226,88.39940930372799,1,inner,19,False,False,5.0045632391715714e-05,7.516298171576936e-09,5.361171412358306e-05,0.0001544792688231109,2.874215891268795e-09,False,False,False,32768
Bcc3,localno_plain,0.010797557421028614,False,0.01480869072219188,False,1.0,0.780620320782443,0.30090568658646805,9.049625667967712,0.09054423222007374,0.0016245232146157142,False,0.0005170045121095016,False,2.639075674825374e-06,False,0.010797557421028614,0.01897041407703634,0.005398778710514307,5.7129933444595844e-05,2.9146811565102524e-05,False,False,0.0021797938733613353,1.1942923458458832e-05,0.004658019003520975,0.0006163428173913086,2.169714103716254e-05,False,False,False,4.953476359844208,1588.4229806061544,1.1590289147453874,0.09269181343979992,1.3433480252158707,2,inner,19,False,False,0.0021797938733613353,9.322888741222297e-06,0.0014016244063872949,0.005577671780531922,1.9645509765805363e-06,False,False,False,32768
Bcc3,localno_plain,0.010797557421028614,False,0.03933398956236826,False,1.0,2.073438639907286,0.567108096222012,13.968615614888844,0.32161159280055485,0.0030616911164436976,False,0.0007980260803917418,False,9.373952492510256e-06,False,0.010797557421028614,0.01897041407703634,0.005398778710514307,5.7129933444595844e-05,2.9146811565102524e-05,False,False,0.012319825145922975,0.00041583583005839987,0.024988981235247246,0.003607378511540655,0.0006244491831755389,False,False,False,0.876437554359436,45.619960344379514,0.21604637098607557,0.01583696672301697,0.046676034416252996,3,middle,19,False,False,0.012319825145922975,0.0008622100779010059,0.014171453574848647,0.050390083805121264,0.0002008300964240905,False,False,False,32768
Bcc3,localno_plain,0.010797557421028614,False,0.03731290139835045,False,1.0,2.445423343639666,0.47536252832772263,13.115484646224655,0.2259695333381249,0.0025561387723543314,False,0.0007873736996479582,False,6.533845423533109e-06,False,0.010797557421028614,0.015258258450586102,0.005377240779466925,6.003390045327886e-05,2.8914718400362068e-05,False,False,0.05503299684939749,0.00925194126261674,0.10705013141939601,0.018086727731203237,0.01145973063690996,False,False,False,0.19620151616632936,1.6491953437100169,0.05023105257479995,0.0033192239826615143,0.0025231586427723164,4,middle,19,False,False,0.05503299684939749,0.02262491313758602,0.05088762112933907,0.23721619985904174,0.002589549984203156,False,False,False,32768
Bcc3,localno_plain,0.00870641994988545,False,0.031254237856294095,False,0.8063323592916856,2.8897569404867633,0.3600628792437795,5.705706516229865,0.12964527700932052,0.0017893185497712333,False,0.0006380837657478493,False,3.2016608725554297e-06,False,0.010797557421028614,0.010815524800168659,0.00496946131611579,0.00011183255989995662,2.4695545772371286e-05,False,False,0.1349053787706859,0.015578758686520332,0.25245588562233157,0.11126614125502876,0.06373397418535577,False,False,False,0.0800380052998662,0.6942481758528614,0.01968447399776607,0.0010050906649456783,0.00038747851656872846,5,middle,19,False,False,0.10877857234530562,0.04501882603854058,0.09089999305921498,0.6348519471945703,0.008262808738165331,False,False,False,32768
Bcc3,localno_plain,0.005869976549874991,False,0.01619770827564483,False,0.5436392992403087,1.302893337402268,0.2807464762732823,2.4279727808994793,0.07881858393986466,0.0009878316744395656,False,0.00036422199732551674,False,9.758114170260758e-07,False,0.010797557421028614,0.012432106152250431,0.0035185897524070693,0.00015001074154982297,1.2380473845744042e-05,False,False,0.13284611525360301,0.01975783886606115,0.2633170553339829,0.20236180116995928,0.06933587162975982,False,False,False,0.0812786839902401,0.6292239873261427,0.0133625592460929,0.0007412996953107381,0.00017855798960534285,6,middle,19,False,False,0.07222036900326602,0.02574235662005865,0.0739253354276726,0.4913289451344535,0.005464955218093905,False,False,False,32768
Bcc3,localno_plain,0.009072781435679644,False,0.02244730047762619,False,0.8402623928639722,2.2614087882639624,0.5786374325073507,3.1188007436410268,0.33482127829869884,0.00112286893219042,False,0.0003527084596273004,False,1.2608346388784544e-06,False,0.010797557421028614,0.009926246238239183,0.0019405397388910816,0.00011309105281779971,3.7656944782154673e-06,False,False,0.4021121276376317,0.21040697460726077,0.5646850663080905,0.4854472746638047,0.3188692241113725,False,False,False,0.02685210586525499,0.04717641255365803,0.0034364991296446453,0.0002329625867116478,1.1809526268048405e-05,7,outer,19,False,False,0.33787969856841943,0.47581618148889193,0.3267479169437565,1.514013321219984,0.10676420122708402,False,False,False,32768
Bcc3,localno_plain,0.0007509070279775186,False,0.00015142756893510946,False,0.17921474609102414,0.05493995253390178,0.32148475113700603,0.9386444698180534,0.10335244521362269,0.00016572764614070917,False,3.991714488867091e-05,False,2.746565269534011e-08,False,0.004189984609838573,0.0027562377095551385,0.0005155070203316785,4.25263730541218e-05,2.657474880112456e-07,False,False,0.9999999077565028,1.0000000886697495,1.000000015167808,1.0000002479187056,1.0000000303356158,False,False,False,0.004189984996337442,0.0027562374651602527,0.0005155070125125672,4.2526362511041055e-05,2.657474799496321e-07,8,outer,19,False,False,0.1792147295596292,0.05493995740541361,0.32148475601322496,0.9386447025255753,0.10335244834888277,False,False,False,32768
vel3,persistence,0.07675067499279976,True,0.9391260768439798,False,,11.10741712797966,5.724210684821419,15.238230405605586,32.7665879642237,0.010883834425966993,False,0.0008119383955470758,False,0.00011845785181186427,False,0.0,0.08454945609977271,0.0019013685947701173,5.32829845681027e-05,3.6152025331780907e-06,False,False,0.0,0.00023489186104440205,0.007361272319766921,0.00098339704324431,5.4188330165766665e-05,False,False,False,1.1255866497755043,359.9505564979545,0.2582934732171843,0.054182575526480765,0.0667155183065963,1,inner,19,False,False,0.06818726484372173,0.0026090418805876092,0.04213747366668996,0.014985230725148076,0.0017755666870109903,False,False,False,32768
vel3,persistence,0.14099662087857723,True,2.4966776017925842,True,,,,,,0.05381198983004947,True,0.004234392765672282,True,0.002895730249469348,True,0.0,0.0,0.0,0.0,0.0,False,False,0.0,0.0,0.0,0.0,0.0,False,False,False,0.4643984530866145,34.712072061600104,0.10553558916207553,0.01765780561563299,0.011137760579786396,2,inner,19,False,False,0.30361130607013476,0.07192534047987616,0.5098942475927063,0.23980288705429204,0.25999214372813206,False,False,False,32768
vel3,persistence,0.1044483856484294,False,0.7242584104645692,False,2.012888355923336,2.801581074679924,3.927983709044186,2.764725637919185,15.429056018516517,0.04185191275574793,False,0.002880464390266502,False,0.001751582601314736,False,0.0518898056820035,0.2585177409321679,0.010654808129520462,0.0010418626538416396,0.00011352493627689533,False,False,0.16071831703214817,0.04139629243501294,0.1331889240038483,0.12297976804646729,0.017739289477302876,False,False,False,0.3228618034347888,6.244949142196944,0.07999770408245514,0.008471821588149174,0.00639963265846406,3,middle,19,False,False,0.3235080289376062,0.11597506944784797,0.5231639237122402,0.3400053176634227,0.2737004910739867,False,False,False,32768
vel3,persistence,0.09812243954278528,False,0.3084231538222768,False,1.1499723802412647,0.42248502010524275,1.1866211630614907,0.9928462507215651,1.408069784625405,0.034440868631636014,False,0.0023492251080426438,False,0.0011861734321016097,False,0.08532590975984931,0.7300215135330652,0.029024316861818254,0.0023661519659618105,0.0008424109692952274,False,False,0.23923347642831444,0.40244989085977334,0.3456408962455913,0.3943871381286597,0.11946762915745562,False,False,False,0.35666375389322635,1.8139438725489143,0.08397246152606706,0.005999566763736367,0.007051374294746813,4,middle,19,False,False,0.2751118903216613,0.1700290502312441,0.41014480230455963,0.3915657914238478,0.1682187588574463,False,False,False,32768
vel3,persistence,0.10011007013497875,False,0.15536209062022638,False,1.0365909635147021,0.3049342026080301,0.9060623354255004,0.87960300840139,0.8209489556767122,0.030760500335744043,False,0.001818125513883236,False,0.0009462083809053095,False,0.09657625202089548,0.5094938163428411,0.03394965129115366,0.0020669841923205076,0.0011525788227909313,False,False,0.2356785157789717,0.08921419798202938,0.35325017603881703,0.3136744908292033,0.1247856868714552,False,False,False,0.4097796173812821,5.710905078645324,0.09610653750225757,0.006589583318861548,0.009236466550672843,5,middle,19,False,False,0.24430221975103922,0.02720446032296506,0.32006667949119977,0.27590902579214144,0.10244267932052238,False,False,False,32768
vel3,persistence,0.08464301754953339,False,0.13180563899775732,False,0.8380387401344229,0.48608467344962286,0.6485505308601922,0.7768412653021122,0.42061779107903713,0.02123361499021177,False,0.0013294382043612385,False,0.00045086640555254604,False,0.10100131831131876,0.2711577759947979,0.03274010887331938,0.0017113382923140963,0.0010719147290368062,False,False,0.3156540407164688,0.034695835530100194,0.563102221534527,0.3755862211378001,0.31708411189711955,False,False,False,0.31997473589144254,7.815283069334254,0.05814238982062317,0.004556445886459231,0.0033805374940533046,6,middle,19,False,False,0.26453031460036935,0.016865113883710574,0.3652002447047711,0.2917708752587275,0.13337121873242466,False,False,False,32768
vel3,persistence,0.056612339904531836,False,0.04526299113739143,False,0.5511781526468088,0.10603741689771194,0.5089795913319459,0.4871490024913895,0.25906022439243476,0.012084979593226797,False,0.0007770889493425659,False,0.00014604673176870812,False,0.10271150921471417,0.4268586736798198,0.02374354453309548,0.0015951771334198745,0.0005637559069950882,False,False,0.9911589352314554,0.4477621006472184,0.9496222590405999,0.8571637027921469,0.901782434865372,False,False,False,0.10362768831895662,0.9533157742980397,0.02500314657439001,0.001860994729739143,0.0006251573386204311,7,outer,19,False,False,0.5463051509002516,0.04747953653732435,0.48333834932620384,0.4175664427870202,0.23361595992937945,False,False,False,32768
vel3,persistence,0.02943920310586691,False,0.02384250000335497,False,0.5048619157899373,0.16473665009771724,0.45685025176513194,0.412609087287218,0.20871215253786446,0.0052829200547337965,False,0.0003997209698845547,False,2.7909244304708536e-05,False,0.058311396017670616,0.14473099938120787,0.011563789303655153,0.0009687643394201547,0.0001337212230593293,False,False,0.99999989430837,1.0000000203264037,0.9999999971159375,1.0000000008180518,0.9999999942318749,False,False,False,0.05831140218069776,0.14473099643934723,0.011563789337005845,0.0009687643386276553,0.00013372122383065006,8,outer,19,False,False,0.5048618624302585,0.16473665344622088,0.45685025044754723,0.4126090876247536,0.20871215133398663,False,False,False,32768
vel3,fno_plain,0.10239353734767065,True,1.5949427163996375,False,,18.864021011767633,13.942671132150645,76.07023471415069,194.39807829930692,0.026510157017879152,False,0.004053249142366042,False,0.0007027884251126072,False,0.0,0.08454945609977271,0.0019013685947701173,5.32829845681027e-05,3.6152025331780907e-06,False,False,0.0,0.00023489186104440205,0.007361272319766921,0.00098339704324431,5.4188330165766665e-05,False,False,False,1.1255866497755043,359.9505564979545,0.2582934732171843,0.054182575526480765,0.0667155183065963,1,inner,19,False,False,0.09096904033829187,0.0044310050022348035,0.10263579906871385,0.07480724389679647,0.010534107250473403,False,False,False,32768
vel3,fno_plain,0.10163388887885957,True,0.849837942282536,True,,,,,,0.0309442206896586,True,0.0034955177353567925,True,0.0009575447940902953,True,0.0,0.0,0.0,0.0,0.0,False,False,0.0,0.0,0.0,0.0,0.0,False,False,False,0.4643984530866145,34.712072061600104,0.10553558916207553,0.01765780561563299,0.011137760579786396,2,inner,19,False,False,0.21885061891001592,0.024482489572342787,0.29321123741618793,0.19795878442914247,0.08597282974713212,False,False,False,32768
vel3,fno_plain,0.0950092057697475,False,0.9728434818279348,False,1.8309801804229677,3.76315945791588,2.382344687380687,3.4975659107484938,5.675566209490983,0.025383425542423628,False,0.003643983301758477,False,0.0006443182922677642,False,0.0518898056820035,0.2585177409321679,0.010654808129520462,0.0010418626538416396,0.00011352493627689533,False,False,0.16071831703214817,0.04139629243501294,0.1331889240038483,0.12297976804646729,0.017739289477302876,False,False,False,0.3228618034347888,6.244949142196944,0.07999770408245514,0.008471821588149174,0.00639963265846406,3,middle,19,False,False,0.2942720531167984,0.1557808493994705,0.31730192551851805,0.4301298444310809,0.10068051193775916,False,False,False,32768
vel3,fno_plain,0.0957732988987118,False,0.4165919367668503,False,1.1224409932254666,0.5706570683796449,0.6480431579363691,1.2041183498579007,0.4199599345481419,0.01880900995607851,False,0.002849127000766963,False,0.0003537788555278605,False,0.08532590975984931,0.7300215135330652,0.029024316861818254,0.0023661519659618105,0.0008424109692952274,False,False,0.23923347642831444,0.40244989085977334,0.3456408962455913,0.3943871381286597,0.11946762915745562,False,False,False,0.35666375389322635,1.8139438725489143,0.08397246152606706,0.005999566763736367,0.007051374294746813,4,middle,19,False,False,0.26852546089497853,0.22966087488774634,0.2239902179149499,0.4748887899686617,0.05017161772158675,False,False,False,32768
vel3,fno_plain,0.04597510625608266,False,0.335371224337485,False,0.4760498082503281,0.6582439542540236,0.34096296999723286,0.8211977561993343,0.11625574690933389,0.011575573934602143,False,0.0016974027808330941,False,0.00013399391191544052,False,0.09657625202089548,0.5094938163428411,0.03394965129115366,0.0020669841923205076,0.0011525788227909313,False,False,0.2356785157789717,0.08921419798202938,0.35325017603881703,0.3136744908292033,0.1247856868714552,False,False,False,0.4097796173812821,5.710905078645324,0.09610653750225757,0.006589583318861548,0.009236466550672843,5,middle,19,False,False,0.1121947122453014,0.05872470645529236,0.1204452291742404,0.2575887880459104,0.014507053230835286,False,False,False,32768
vel3,fno_plain,0.058764303065836423,False,0.13508819531217803,False,0.5818171886104082,0.4981903794445108,0.39614173397824876,0.5588178176322086,0.15692827339929366,0.012969723499713388,False,0.000956326329741394,False,0.0001682137276590177,False,0.10100131831131876,0.2711577759947979,0.03274010887331938,0.0017113382923140963,0.0010719147290368062,False,False,0.3156540407164688,0.034695835530100194,0.563102221534527,0.3755862211378001,0.31708411189711955,False,False,False,0.31997473589144254,7.815283069334254,0.05814238982062317,0.004556445886459231,0.0033805374940533046,6,middle,19,False,False,0.1836529465431712,0.017285131467884955,0.22306829044569154,0.20988427242895355,0.049759462202363394,False,False,False,32768
vel3,fno_plain,0.10079809078481047,False,0.4837227411749447,False,0.9813709442638626,1.1332152091579093,0.9506821053531254,1.0427434483748819,0.9037964654386509,0.0225725629052689,False,0.001663360504870999,False,0.0005095205961123215,False,0.10271150921471417,0.4268586736798198,0.02374354453309548,0.0015951771334198745,0.0005637559069950882,False,False,0.9911589352314554,0.4477621006472184,0.9496222590405999,0.8571637027921469,0.901782434865372,False,False,False,0.10362768831895662,0.9533157742980397,0.02500314657439001,0.001860994729739143,0.0006251573386204311,7,outer,19,False,False,0.9726945801836581,0.5074108225379224,0.9027888885149085,0.8938018352712657,0.8150277772259836,False,False,False,32768
vel3,fno_plain,0.0053263741545379155,False,0.02901056456313265,False,0.09134362265866208,0.2004447194254601,0.13613214248356495,0.23806283760662011,0.018531960217165626,0.0015742034131351074,False,0.0002306267876144649,False,2.4781163859262217e-06,False,0.058311396017670616,0.14473099938120787,0.011563789303655153,0.0009687643394201547,0.0001337212230593293,False,False,0.99999989430837,1.0000000203264037,0.9999999971159375,1.0000000008180518,0.9999999942318749,False,False,False,0.05831140218069776,0.14473099643934723,0.011563789337005845,0.0009687643386276553,0.00013372122383065006,8,outer,19,False,False,0.09134361300440572,0.20044472349978038,0.1361321420909513,0.23806283780136786,0.018531960110270963,False,False,False,32768
vel3,fno_full,0.10395551472902298,True,2.7148456387526134,False,,32.10955769542687,21.284916326436186,87.83765267161256,453.0476630233897,0.0404704714453955,False,0.004680252291799897,False,0.0016378590590125724,False,0.0,0.08454945609977271,0.0019013685947701173,5.32829845681027e-05,3.6152025331780907e-06,False,False,0.0,0.00023489186104440205,0.007361272319766921,0.00098339704324431,5.4188330165766665e-05,False,False,False,1.1255866497755043,359.9505564979545,0.2582934732171843,0.054182575526480765,0.0667155183065963,1,inner,19,False,False,0.09235674103789049,0.0075422737643914195,0.1566840653823497,0.08637928792278446,0.024549896344740436,False,False,False,32768
vel3,fno_full,0.10407492006197572,True,0.7383759954518245,True,,,,,,0.03747153950027801,True,0.0027205413210386275,True,0.0014041162725208951,True,0.0,0.0,0.0,0.0,0.0,False,False,0.0,0.0,0.0,0.0,0.0,False,False,False,0.4643984530866145,34.712072061600104,0.10553558916207553,0.01765780561563299,0.011137760579786396,2,inner,19,False,False,0.2241069481826306,0.021271446836751813,0.35506069372229837,0.15407018178012163,0.12606809622655973,False,False,False,32768
vel3,fno_full,0.10313446098007262,False,1.393670316769995,False,1.9875669146288952,5.391004546707989,3.250357043387814,3.5140098364912626,10.56482090950077,0.03463193064973257,False,0.003661115613872413,False,0.0011993706205278864,False,0.0518898056820035,0.2585177409321679,0.010654808129520462,0.0010418626538416396,0.00011352493627689533,False,False,0.16071831703214817,0.04139629243501294,0.1331889240038483,0.12297976804646729,0.017739289477302876,False,False,False,0.3228618034347888,6.244949142196944,0.07999770408245514,0.008471821588149174,0.00639963265846406,3,middle,19,False,False,0.3194384095079354,0.22316760073400826,0.4329115572371525,0.43215211460469993,0.18741241638949643,False,False,False,32768
vel3,fno_full,0.10465146551374346,False,2.224639624039011,False,1.2264910600811187,3.0473617322214017,1.365885899009192,2.0718051578676917,1.8656442891121485,0.03964390512993227,False,0.004902205847378458,False,0.0015716392139510705,False,0.08532590975984931,0.7300215135330652,0.029024316861818254,0.0023661519659618105,0.0008424109692952274,False,False,0.23923347642831444,0.40244989085977334,0.3456408962455913,0.3943871381286597,0.11946762915745562,False,False,False,0.35666375389322635,1.8139438725489143,0.08397246152606706,0.005999566763736367,0.007051374294746813,4,middle,19,False,False,0.2934177201114547,1.2264103965427529,0.47210602630275234,0.817093306971635,0.22288410007137507,False,False,False,32768
vel3,fno_full,0.10501244801562279,False,2.48094745750638,False,1.087352696115211,4.869435855600134,1.1410606239171555,2.2348490407962713,1.302019347454208,0.038738610284053655,False,0.0046193976395485425,False,0.0015006799267397878,False,0.09657625202089548,0.5094938163428411,0.03394965129115366,0.0020669841923205076,0.0011525788227909313,False,False,0.2356785157789717,0.08921419798202938,0.35325017603881703,0.3136744908292033,0.1247856868714552,False,False,False,0.4097796173812821,5.710905078645324,0.09610653750225757,0.006589583318861548,0.009236466550672843,5,middle,19,False,False,0.2562656695486962,0.434422814482303,0.40307986626969755,0.7010151349519038,0.16247337859199726,False,False,False,32768
vel3,fno_full,0.10899446953088045,False,0.8987019565972679,False,1.079139078115042,3.314313791298057,1.0845313693142686,1.9138379170399118,1.176208291026683,0.035507675107879305,False,0.0032752241127130496,False,0.0012607949915667115,False,0.10100131831131876,0.2711577759947979,0.03274010887331938,0.0017113382923140963,0.0010719147290368062,False,False,0.3156540407164688,0.034695835530100194,0.563102221534527,0.3755862211378001,0.31708411189711955,False,False,False,0.31997473589144254,7.815283069334254,0.05814238982062317,0.004556445886459231,0.0033805374940533046,6,middle,19,False,False,0.3406346105020581,0.11499288619802021,0.6107020233847473,0.718811151131259,0.3729569613662244,False,False,False,32768
vel3,fno_full,0.10738167650997639,False,1.1494578817944583,False,1.0454687827193683,2.692830092651811,1.2967635110858629,2.1927386954630577,1.681595603683735,0.030789762174360438,False,0.0034978066265675956,False,0.0009480094547536769,False,0.10271150921471417,0.4268586736798198,0.02374354453309548,0.0015951771334198745,0.0005637559069950882,False,False,0.9911589352314554,0.4477621006472184,0.9496222590405999,0.8571637027921469,0.901782434865372,False,False,False,0.10362768831895662,0.9533157742980397,0.02500314657439001,0.001860994729739143,0.0006251573386204311,7,outer,19,False,False,1.0362257254978546,1.2057472589718186,1.2314354948387771,1.8795360194587363,1.5164333779488237,False,False,False,32768
vel3,fno_full,0.10490537388250232,False,1.119697337472118,False,1.7990544052608846,7.7364029976946425,2.111510462818523,3.2648774546553376,4.458476434592093,0.024417062104496776,False,0.0031628968506469345,False,0.0005961929218148525,False,0.058311396017670616,0.14473099938120787,0.011563789303655153,0.0009687643394201547,0.0001337212230593293,False,False,0.99999989430837,1.0000000203264037,0.9999999971159375,1.0000000008180518,0.9999999942318749,False,False,False,0.05831140218069776,0.14473099643934723,0.011563789337005845,0.0009687643386276553,0.00013372122383065006,8,outer,19,False,False,1.799054215115892,7.736403154947892,2.1115104567287943,3.2648774573261767,4.458476408875042,False,False,False,32768
vel3,localno_plain,0.019484278680756677,True,0.1524215363092054,False,,1.8027500511575159,2.234761014927214,30.416683379979055,4.994156793838511,0.004249104410599198,False,0.00162069167114829,False,1.8054888292173555e-05,False,0.0,0.08454945609977271,0.0019013685947701173,5.32829845681027e-05,3.6152025331780907e-06,False,False,0.0,0.00023489186104440205,0.007361272319766921,0.00098339704324431,5.4188330165766665e-05,False,False,False,1.1255866497755043,359.9505564979545,0.2582934732171843,0.054182575526480765,0.0667155183065963,1,inner,19,False,False,0.017310332069630334,0.0004234513145142799,0.01645068440047793,0.029911676501169753,0.00027062501724412787,False,False,False,32768
vel3,localno_plain,0.039370542760006934,True,0.42335538626288377,True,,,,,,0.008097393744820422,True,0.003331490833738345,True,6.55677854586569e-05,True,0.0,0.0,0.0,0.0,0.0,False,False,0.0,0.0,0.0,0.0,0.0,False,False,False,0.4643984530866145,34.712072061600104,0.10553558916207553,0.01765780561563299,0.011137760579786396,2,inner,19,False,False,0.08477750625208041,0.012196200374083015,0.07672666452247599,0.18866958365363787,0.005886981048744575,False,False,False,32768
vel3,localno_plain,0.043737806598655865,False,1.2123672043063027,False,0.8428978683538427,4.6896866727007875,0.9318224024327971,4.319573345354112,0.8682929896756297,0.009928388908710254,False,0.004500402149054244,False,9.857290632260081e-05,False,0.0518898056820035,0.2585177409321679,0.010654808129520462,0.0010418626538416396,0.00011352493627689533,False,False,0.16071831703214817,0.04139629243501294,0.1331889240038483,0.12297976804646729,0.017739289477302876,False,False,False,0.3228618034347888,6.244949142196944,0.07999770408245514,0.008471821588149174,0.00639963265846406,3,middle,19,False,False,0.1354691268318148,0.19413564093170463,0.12410842314270515,0.5312201280713514,0.015402900694968755,False,False,False,32768
vel3,localno_plain,0.06889317464083433,False,2.693552655352136,False,0.8074121311420518,3.689689420680526,0.4684837579786337,2.750635932537669,0.219477031489783,0.013597421036187239,False,0.006508422619419203,False,0.00018488985883534725,False,0.08532590975984931,0.7300215135330652,0.029024316861818254,0.0023661519659618105,0.0008424109692952274,False,False,0.23923347642831444,0.40244989085977334,0.3456408962455913,0.3943871381286597,0.11946762915745562,False,False,False,0.35666375389322635,1.8139438725489143,0.08397246152606706,0.005999566763736367,0.007051374294746813,4,middle,19,False,False,0.1931600110435072,1.484915104659338,0.16192714598423763,1.0848154334673883,0.026220400606600604,False,False,False,32768
vel3,localno_plain,0.06473921221680928,False,2.6413590261143796,False,0.6703429762712488,5.184280832050364,0.4178830301987065,3.0728197328108506,0.17462622692805305,0.01418698315573672,False,0.006351469813570554,False,0.00020127049106115742,False,0.09657625202089548,0.5094938163428411,0.03394965129115366,0.0020669841923205076,0.0011525788227909313,False,False,0.2356785157789717,0.08921419798202938,0.35325017603881703,0.3136744908292033,0.1247856868714552,False,False,False,0.4097796173812821,5.710905078645324,0.09610653750225757,0.006589583318861548,0.009236466550672843,5,middle,19,False,False,0.15798543771046636,0.4625114565449812,0.14761725398132738,0.963865165099372,0.02179085367298771,False,False,False,32768
vel3,localno_plain,0.0659782838984392,False,2.208396166000145,False,0.6532418091323597,8.144321725232444,0.4264008574402661,3.2473891679801086,0.18181769122579416,0.013960410496271048,False,0.005557381433210373,False,0.00019489306122439485,False,0.10100131831131876,0.2711577759947979,0.03274010887331938,0.0017113382923140963,0.0010719147290368062,False,False,0.3156540407164688,0.034695835530100194,0.563102221534527,0.3755862211378001,0.31708411189711955,False,False,False,0.31997473589144254,7.815283069334254,0.05814238982062317,0.004556445886459231,0.0033805374940533046,6,middle,19,False,False,0.20619841661756563,0.28257404708288675,0.24010727008884103,1.2196746261654738,0.05765150114951565,False,False,False,32768
vel3,localno_plain,0.07489072535187005,False,2.6666042412760476,False,0.7291366461699447,6.247042418719192,0.6115544991474345,3.897641970358449,0.3739989054274696,0.014520471484922014,False,0.006217429345373382,False,0.00021084409214443332,False,0.10271150921471417,0.4268586736798198,0.02374354453309548,0.0015951771334198745,0.0005637559069950882,False,False,0.9911589352314554,0.4477621006472184,0.9496222590405999,0.8571637027921469,0.901782434865372,False,False,False,0.10362768831895662,0.9533157742980397,0.02500314657439001,0.001860994729739143,0.0006251573386204311,7,outer,19,False,False,0.7226903018560368,2.7971888362379853,0.5807457650068294,3.340917223470527,0.3372656435733675,False,False,False,32768
vel3,localno_plain,0.025922826284077004,False,0.1392533808833336,False,0.4445584920693955,0.9621531080328775,0.5215374157838153,1.2103371837579353,0.2720012760624603,0.006030948790096834,False,0.0011725315022989066,False,3.637234330877046e-05,False,0.058311396017670616,0.14473099938120787,0.011563789303655153,0.0009687643394201547,0.0001337212230593293,False,False,0.99999989430837,1.0000000203264037,0.9999999971159375,1.0000000008180518,0.9999999942318749,False,False,False,0.05831140218069776,0.14473099643934723,0.011563789337005845,0.0009687643386276553,0.00013372122383065006,8,outer,19,False,False,0.44455844508328385,0.9621531275899898,0.5215374142796688,1.2103371847480537,0.27200127449352285,False,False,False,32768
