file_path,file,snapshot_index,physical_time,num_cycles,file_size,physical_content_sha256,coordinates,root_grid_size_x1_x2_x3,mesh_block_size_x1_x2_x3,num_meshblocks,max_level,level_distribution,variable_names,dataset_shapes,component_basis_metadata,physical_units_metadata,code_version_metadata
/mnt/d/GRMHD_data/mad98.prim.00000.athdf,mad98.prim.00000.athdf,0,0.0,0,91779072,59b6b705686adcc6b61b293721698edaa84889887aac0758d61416431fbd00e9,kerr-schild,"[88, 32, 16]","[22, 4, 16]",2020,3,"{""0"": 4, ""1"": 96, ""2"": 896, ""3"": 1024}","[""rho"", ""press"", ""vel1"", ""vel2"", ""vel3"", ""Bcc1"", ""Bcc2"", ""Bcc3""]","{""B"": [3, 2020, 16, 4, 22], ""prim"": [5, 2020, 16, 4, 22]}",not_available; project treats stored spherical KS coordinate components,not_available,"""not_available"""
/mnt/d/GRMHD_data/mad98.prim.00001.athdf,mad98.prim.00001.athdf,1,10.000659066192327,5571,91779072,b2d8251f017bef6678393bf1c379743fcbb37fc0257370ace5d3ad8ba1cc3d1e,kerr-schild,"[88, 32, 16]","[22, 4, 16]",2020,3,"{""0"": 4, ""1"": 96, ""2"": 896, ""3"": 1024}","[""rho"", ""press"", ""vel1"", ""vel2"", ""vel3"", ""Bcc1"", ""Bcc2"", ""Bcc3""]","{""B"": [3, 2020, 16, 4, 22], ""prim"": [5, 2020, 16, 4, 22]}",not_available; project treats stored spherical KS coordinate components,not_available,"""not_available"""
/mnt/d/GRMHD_data/mad98.prim.00002.athdf,mad98.prim.00002.athdf,2,20.001318132387638,11142,91779072,83d0f03180ea0536a3d64a4d9b86ea35f342a042dc79d2e5a0fb35b8a117c40e,kerr-schild,"[88, 32, 16]","[22, 4, 16]",2020,3,"{""0"": 4, ""1"": 96, ""2"": 896, ""3"": 1024}","[""rho"", ""press"", ""vel1"", ""vel2"", ""vel3"", ""Bcc1"", ""Bcc2"", ""Bcc3""]","{""B"": [3, 2020, 16, 4, 22], ""prim"": [5, 2020, 16, 4, 22]}",not_available; project treats stored spherical KS coordinate components,not_available,"""not_available"""
/mnt/d/GRMHD_data/mad98.prim.00003.athdf,mad98.prim.00003.athdf,3,30.000182070407362,16712,91779072,8633e3aaa37c8e4d4637da6ab044a3ff4ae50fb445c8b1cb134dbf780b94cb5b,kerr-schild,"[88, 32, 16]","[22, 4, 16]",2020,3,"{""0"": 4, ""1"": 96, ""2"": 896, ""3"": 1024}","[""rho"", ""press"", ""vel1"", ""vel2"", ""vel3"", ""Bcc1"", ""Bcc2"", ""Bcc3""]","{""B"": [3, 2020, 16, 4, 22], ""prim"": [5, 2020, 16, 4, 22]}",not_available; project treats stored spherical KS coordinate components,not_available,"""not_available"""
/mnt/d/GRMHD_data/mad98.prim.00004.athdf,mad98.prim.00004.athdf,4,40.00084113660267,22283,91779072,f665e246d08607e3b5dfc6b81ff65beaaa9e9eaf3f03822a759d06c5b6cbca8b,kerr-schild,"[88, 32, 16]","[22, 4, 16]",2020,3,"{""0"": 4, ""1"": 96, ""2"": 896, ""3"": 1024}","[""rho"", ""press"", ""vel1"", ""vel2"", ""vel3"", ""Bcc1"", ""Bcc2"", ""Bcc3""]","{""B"": [3, 2020, 16, 4, 22], ""prim"": [5, 2020, 16, 4, 22]}",not_available; project treats stored spherical KS coordinate components,not_available,"""not_available"""
/mnt/d/GRMHD_data/mad98.prim.00005.athdf,mad98.prim.00005.athdf,5,50.001500202797985,27854,91779072,f9401657823def0e876b9e538d1ab46609283b8a5cb15634c05b8fa596c84e57,kerr-schild,"[88, 32, 16]","[22, 4, 16]",2020,3,"{""0"": 4, ""1"": 96, ""2"": 896, ""3"": 1024}","[""rho"", ""press"", ""vel1"", ""vel2"", ""vel3"", ""Bcc1"", ""Bcc2"", ""Bcc3""]","{""B"": [3, 2020, 16, 4, 22], ""prim"": [5, 2020, 16, 4, 22]}",not_available; project treats stored spherical KS coordinate components,not_available,"""not_available"""
/mnt/d/GRMHD_data/mad98.prim.00006.athdf,mad98.prim.00006.athdf,6,60.00036414081771,33424,91779072,afc13781573d8944212e942ed4a6e638f6d516074135e09f001a17b7348c61c8,kerr-schild,"[88, 32, 16]","[22, 4, 16]",2020,3,"{""0"": 4, ""1"": 96, ""2"": 896, ""3"": 1024}","[""rho"", ""press"", ""vel1"", ""vel2"", ""vel3"", ""Bcc1"", ""Bcc2"", ""Bcc3""]","{""B"": [3, 2020, 16, 4, 22], ""prim"": [5, 2020, 16, 4, 22]}",not_available; project treats stored spherical KS coordinate components,not_available,"""not_available"""
/mnt/d/GRMHD_data/mad98.prim.00007.athdf,mad98.prim.00007.athdf,7,70.00102320701302,38995,91779072,4e1e58aa6a83b00d375cffcd14d151345b97be6a989805cdd989489ca0683b47,kerr-schild,"[88, 32, 16]","[22, 4, 16]",2020,3,"{""0"": 4, ""1"": 96, ""2"": 896, ""3"": 1024}","[""rho"", ""press"", ""vel1"", ""vel2"", ""vel3"", ""Bcc1"", ""Bcc2"", ""Bcc3""]","{""B"": [3, 2020, 16, 4, 22], ""prim"": [5, 2020, 16, 4, 22]}",not_available; project treats stored spherical KS coordinate components,not_available,"""not_available"""
/mnt/d/GRMHD_data/mad98.prim.00008.athdf,mad98.prim.00008.athdf,8,80.00168227320833,44566,91779072,614fcc10e892f5f1ec34ff4364c19bfa79fa78167623196e7e3a34c0c74a523d,kerr-schild,"[88, 32, 16]","[22, 4, 16]",2020,3,"{""0"": 4, ""1"": 96, ""2"": 896, ""3"": 1024}","[""rho"", ""press"", ""vel1"", ""vel2"", ""vel3"", ""Bcc1"", ""Bcc2"", ""Bcc3""]","{""B"": [3, 2020, 16, 4, 22], ""prim"": [5, 2020, 16, 4, 22]}",not_available; project treats stored spherical KS coordinate components,not_available,"""not_available"""
/mnt/d/GRMHD_data/mad98.prim.00009.athdf,mad98.prim.00009.athdf,9,90.00054621122806,50136,91779072,a2ed0c1b98774ca4d3c57ea70dc67bee3312e3ef75a929b25e71297b7e7173df,kerr-schild,"[88, 32, 16]","[22, 4, 16]",2020,3,"{""0"": 4, ""1"": 96, ""2"": 896, ""3"": 1024}","[""rho"", ""press"", ""vel1"", ""vel2"", ""vel3"", ""Bcc1"", ""Bcc2"", ""Bcc3""]","{""B"": [3, 2020, 16, 4, 22], ""prim"": [5, 2020, 16, 4, 22]}",not_available; project treats stored spherical KS coordinate components,not_available,"""not_available"""
/mnt/d/GRMHD_data/mad98.prim.00010.athdf,mad98.prim.00010.athdf,10,100.00120527742337,55707,91779072,a63c6eb8d337e73f61872085d799564426c1849da721d38becce026237576877,kerr-schild,"[88, 32, 16]","[22, 4, 16]",2020,3,"{""0"": 4, ""1"": 96, ""2"": 896, ""3"": 1024}","[""rho"", ""press"", ""vel1"", ""vel2"", ""vel3"", ""Bcc1"", ""Bcc2"", ""Bcc3""]","{""B"": [3, 2020, 16, 4, 22], ""prim"": [5, 2020, 16, 4, 22]}",not_available; project treats stored spherical KS coordinate components,not_available,"""not_available"""
/mnt/d/GRMHD_data/mad98.prim.00011.athdf,mad98.prim.00011.athdf,11,110.00006921544309,61277,91779072,d629e06a2e82bc17bdbf8a57209f4c78c2ffdda92e1e8401c47bbaf18d0eafe9,kerr-schild,"[88, 32, 16]","[22, 4, 16]",2020,3,"{""0"": 4, ""1"": 96, ""2"": 896, ""3"": 1024}","[""rho"", ""press"", ""vel1"", ""vel2"", ""vel3"", ""Bcc1"", ""Bcc2"", ""Bcc3""]","{""B"": [3, 2020, 16, 4, 22], ""prim"": [5, 2020, 16, 4, 22]}",not_available; project treats stored spherical KS coordinate components,not_available,"""not_available"""
/mnt/d/GRMHD_data/mad98.prim.00012.athdf,mad98.prim.00012.athdf,12,120.0007282816384,66848,91779072,5cf4c843a38dd26c9c18c8dacab6a0a65ca6d5baf0d7071461f1439c7f6f3181,kerr-schild,"[88, 32, 16]","[22, 4, 16]",2020,3,"{""0"": 4, ""1"": 96, ""2"": 896, ""3"": 1024}","[""rho"", ""press"", ""vel1"", ""vel2"", ""vel3"", ""Bcc1"", ""Bcc2"", ""Bcc3""]","{""B"": [3, 2020, 16, 4, 22], ""prim"": [5, 2020, 16, 4, 22]}",not_available; project treats stored spherical KS coordinate components,not_available,"""not_available"""
/mnt/d/GRMHD_data/mad98.prim.00013.athdf,mad98.prim.00013.athdf,13,130.0013873478337,72419,91779072,75c0c63f37f89d60214bac63e3878a2a1658958d6bc1bdc9357f32d75811d17d,kerr-schild,"[88, 32, 16]","[22, 4, 16]",2020,3,"{""0"": 4, ""1"": 96, ""2"": 896, ""3"": 1024}","[""rho"", ""press"", ""vel1"", ""vel2"", ""vel3"", ""Bcc1"", ""Bcc2"", ""Bcc3""]","{""B"": [3, 2020, 16, 4, 22], ""prim"": [5, 2020, 16, 4, 22]}",not_available; project treats stored spherical KS coordinate components,not_available,"""not_available"""
/mnt/d/GRMHD_data/mad98.prim.00014.athdf,mad98.prim.00014.athdf,14,140.00025128585344,77989,91779072,8254462f3b102c98fc35a51398d7b16410c1e555c1d39fb177509ae9ab5263b2,kerr-schild,"[88, 32, 16]","[22, 4, 16]",2020,3,"{""0"": 4, ""1"": 96, ""2"": 896, ""3"": 1024}","[""rho"", ""press"", ""vel1"", ""vel2"", ""vel3"", ""Bcc1"", ""Bcc2"", ""Bcc3""]","{""B"": [3, 2020, 16, 4, 22], ""prim"": [5, 2020, 16, 4, 22]}",not_available; project treats stored spherical KS coordinate components,not_available,"""not_available"""
/mnt/d/GRMHD_data/mad98.prim.00015.athdf,mad98.prim.00015.athdf,15,150.00091035204875,83560,91779072,8bb2703b138b0817584085d6e20a34d938adff6c466dcf06eafff06a07e31871,kerr-schild,"[88, 32, 16]","[22, 4, 16]",2020,3,"{""0"": 4, ""1"": 96, ""2"": 896, ""3"": 1024}","[""rho"", ""press"", ""vel1"", ""vel2"", ""vel3"", ""Bcc1"", ""Bcc2"", ""Bcc3""]","{""B"": [3, 2020, 16, 4, 22], ""prim"": [5, 2020, 16, 4, 22]}",not_available; project treats stored spherical KS coordinate components,not_available,"""not_available"""
/mnt/d/GRMHD_data/mad98.prim.00016.athdf,mad98.prim.00016.athdf,16,160.00156941824406,89131,91779072,52ec2a4b7a78b7c17eb4667373dd50028147b57ffebeab66290b8e3b84faac90,kerr-schild,"[88, 32, 16]","[22, 4, 16]",2020,3,"{""0"": 4, ""1"": 96, ""2"": 896, ""3"": 1024}","[""rho"", ""press"", ""vel1"", ""vel2"", ""vel3"", ""Bcc1"", ""Bcc2"", ""Bcc3""]","{""B"": [3, 2020, 16, 4, 22], ""prim"": [5, 2020, 16, 4, 22]}",not_available; project treats stored spherical KS coordinate components,not_available,"""not_available"""
/mnt/d/GRMHD_data/mad98.prim.00017.athdf,mad98.prim.00017.athdf,17,170.00043335626378,94701,91779072,40abc6064aa648f64ae39cb2e8576e8170cdb38596400f13d65d13d70ae66bae,kerr-schild,"[88, 32, 16]","[22, 4, 16]",2020,3,"{""0"": 4, ""1"": 96, ""2"": 896, ""3"": 1024}","[""rho"", ""press"", ""vel1"", ""vel2"", ""vel3"", ""Bcc1"", ""Bcc2"", ""Bcc3""]","{""B"": [3, 2020, 16, 4, 22], ""prim"": [5, 2020, 16, 4, 22]}",not_available; project treats stored spherical KS coordinate components,not_available,"""not_available"""
/mnt/d/GRMHD_data/mad98.prim.00018.athdf,mad98.prim.00018.athdf,18,180.0010924224591,100272,91779072,a9b7316cabca182ac0a6528a6e8c5c6c32a77bbec1d575e7aa2db9a671b062f7,kerr-schild,"[88, 32, 16]","[22, 4, 16]",2020,3,"{""0"": 4, ""1"": 96, ""2"": 896, ""3"": 1024}","[""rho"", ""press"", ""vel1"", ""vel2"", ""vel3"", ""Bcc1"", ""Bcc2"", ""Bcc3""]","{""B"": [3, 2020, 16, 4, 22], ""prim"": [5, 2020, 16, 4, 22]}",not_available; project treats stored spherical KS coordinate components,not_available,"""not_available"""
/mnt/d/GRMHD_data/mad98.prim.00019.athdf,mad98.prim.00019.athdf,19,190.0017514886544,105843,91779072,d1495e9e6be4db41d6b0716a7c889783f27008628cdf5cfebc645d6b2e9473cc,kerr-schild,"[88, 32, 16]","[22, 4, 16]",2020,3,"{""0"": 4, ""1"": 96, ""2"": 896, ""3"": 1024}","[""rho"", ""press"", ""vel1"", ""vel2"", ""vel3"", ""Bcc1"", ""Bcc2"", ""Bcc3""]","{""B"": [3, 2020, 16, 4, 22], ""prim"": [5, 2020, 16, 4, 22]}",not_available; project treats stored spherical KS coordinate components,not_available,"""not_available"""
/mnt/d/GRMHD_data/mad98.prim.00020.athdf,mad98.prim.00020.athdf,20,200.00061542667413,111413,91779072,2c7aa898e9695568e62560c7d345d233cde89d2ea890942cc90617253417e407,kerr-schild,"[88, 32, 16]","[22, 4, 16]",2020,3,"{""0"": 4, ""1"": 96, ""2"": 896, ""3"": 1024}","[""rho"", ""press"", ""vel1"", ""vel2"", ""vel3"", ""Bcc1"", ""Bcc2"", ""Bcc3""]","{""B"": [3, 2020, 16, 4, 22], ""prim"": [5, 2020, 16, 4, 22]}",not_available; project treats stored spherical KS coordinate components,not_available,"""not_available"""
/mnt/d/GRMHD_data/mad98.prim.00021.athdf,mad98.prim.00021.athdf,21,210.00127449286944,116984,91779072,e415dbce6c192ba3fb43dd144195c0d57a7fe74993d523cd19abde2a3caffd1b,kerr-schild,"[88, 32, 16]","[22, 4, 16]",2020,3,"{""0"": 4, ""1"": 96, ""2"": 896, ""3"": 1024}","[""rho"", ""press"", ""vel1"", ""vel2"", ""vel3"", ""Bcc1"", ""Bcc2"", ""Bcc3""]","{""B"": [3, 2020, 16, 4, 22], ""prim"": [5, 2020, 16, 4, 22]}",not_available; project treats stored spherical KS coordinate components,not_available,"""not_available"""
/mnt/d/GRMHD_data/mad98.prim.00022.athdf,mad98.prim.00022.athdf,22,220.00013843088917,122554,91779072,a930ac4f291b35901f25ab8745993cd28705f5549de64d5b83d226bd942674ba,kerr-schild,"[88, 32, 16]","[22, 4, 16]",2020,3,"{""0"": 4, ""1"": 96, ""2"": 896, ""3"": 1024}","[""rho"", ""press"", ""vel1"", ""vel2"", ""vel3"", ""Bcc1"", ""Bcc2"", ""Bcc3""]","{""B"": [3, 2020, 16, 4, 22], ""prim"": [5, 2020, 16, 4, 22]}",not_available; project treats stored spherical KS coordinate components,not_available,"""not_available"""
/mnt/d/GRMHD_data/mad98.prim.00023.athdf,mad98.prim.00023.athdf,23,230.00079749708448,128125,91779072,d32dbe522e48c38b384fe7dd5f1f87bb9443c7f56f9c8a3599672bfb0370ee47,kerr-schild,"[88, 32, 16]","[22, 4, 16]",2020,3,"{""0"": 4, ""1"": 96, ""2"": 896, ""3"": 1024}","[""rho"", ""press"", ""vel1"", ""vel2"", ""vel3"", ""Bcc1"", ""Bcc2"", ""Bcc3""]","{""B"": [3, 2020, 16, 4, 22], ""prim"": [5, 2020, 16, 4, 22]}",not_available; project treats stored spherical KS coordinate components,not_available,"""not_available"""
/mnt/d/GRMHD_data/mad98.prim.00024.athdf,mad98.prim.00024.athdf,24,240.0014565632798,133696,91779072,e7bdda8166f31018e9be08fba6401ee9c706bd0c13ce0059f03bc8950882eab7,kerr-schild,"[88, 32, 16]","[22, 4, 16]",2020,3,"{""0"": 4, ""1"": 96, ""2"": 896, ""3"": 1024}","[""rho"", ""press"", ""vel1"", ""vel2"", ""vel3"", ""Bcc1"", ""Bcc2"", ""Bcc3""]","{""B"": [3, 2020, 16, 4, 22], ""prim"": [5, 2020, 16, 4, 22]}",not_available; project treats stored spherical KS coordinate components,not_available,"""not_available"""
/mnt/d/GRMHD_data/mad98.prim.00025.athdf,mad98.prim.00025.athdf,25,250.0003205012995,139266,91779072,2d46c9349256e6c4e9bcdb2e897bfbb8d9fd6659366e63b3493f18fa04be78d3,kerr-schild,"[88, 32, 16]","[22, 4, 16]",2020,3,"{""0"": 4, ""1"": 96, ""2"": 896, ""3"": 1024}","[""rho"", ""press"", ""vel1"", ""vel2"", ""vel3"", ""Bcc1"", ""Bcc2"", ""Bcc3""]","{""B"": [3, 2020, 16, 4, 22], ""prim"": [5, 2020, 16, 4, 22]}",not_available; project treats stored spherical KS coordinate components,not_available,"""not_available"""
/mnt/d/GRMHD_data/mad98.prim.00026.athdf,mad98.prim.00026.athdf,26,260.0009795674315,144837,91779072,0df0567ab6e5828d88917f8ad62741a8865509829bd8ae9e90d9a268927676b5,kerr-schild,"[88, 32, 16]","[22, 4, 16]",2020,3,"{""0"": 4, ""1"": 96, ""2"": 896, ""3"": 1024}","[""rho"", ""press"", ""vel1"", ""vel2"", ""vel3"", ""Bcc1"", ""Bcc2"", ""Bcc3""]","{""B"": [3, 2020, 16, 4, 22], ""prim"": [5, 2020, 16, 4, 22]}",not_available; project treats stored spherical KS coordinate components,not_available,"""not_available"""
/mnt/d/GRMHD_data/mad98.prim.00027.athdf,mad98.prim.00027.athdf,27,270.0016386334685,150408,91779072,ff18d905da60da1cdc2876d6d4700ec6a90e774e80297bd12c6677e6fd9f0f09,kerr-schild,"[88, 32, 16]","[22, 4, 16]",2020,3,"{""0"": 4, ""1"": 96, ""2"": 896, ""3"": 1024}","[""rho"", ""press"", ""vel1"", ""vel2"", ""vel3"", ""Bcc1"", ""Bcc2"", ""Bcc3""]","{""B"": [3, 2020, 16, 4, 22], ""prim"": [5, 2020, 16, 4, 22]}",not_available; project treats stored spherical KS coordinate components,not_available,"""not_available"""
/mnt/d/GRMHD_data/mad98.prim.00028.athdf,mad98.prim.00028.athdf,28,280.0005025713299,155978,91779072,b7eabde2ecbed3a365a01a53302ecf07c410ca6dd3a4534e7924a1a32ef7d492,kerr-schild,"[88, 32, 16]","[22, 4, 16]",2020,3,"{""0"": 4, ""1"": 96, ""2"": 896, ""3"": 1024}","[""rho"", ""press"", ""vel1"", ""vel2"", ""vel3"", ""Bcc1"", ""Bcc2"", ""Bcc3""]","{""B"": [3, 2020, 16, 4, 22], ""prim"": [5, 2020, 16, 4, 22]}",not_available; project treats stored spherical KS coordinate components,not_available,"""not_available"""
/mnt/d/GRMHD_data/mad98.prim.00029.athdf,mad98.prim.00029.athdf,29,290.00116163736686,161549,91779072,cee7ec28fde5b5839467d372ba33c770debc1025210e7854c6102a36df42e31d,kerr-schild,"[88, 32, 16]","[22, 4, 16]",2020,3,"{""0"": 4, ""1"": 96, ""2"": 896, ""3"": 1024}","[""rho"", ""press"", ""vel1"", ""vel2"", ""vel3"", ""Bcc1"", ""Bcc2"", ""Bcc3""]","{""B"": [3, 2020, 16, 4, 22], ""prim"": [5, 2020, 16, 4, 22]}",not_available; project treats stored spherical KS coordinate components,not_available,"""not_available"""
/mnt/d/GRMHD_data/mad98.prim.00030.athdf,mad98.prim.00030.athdf,30,300.0000255752283,167119,91779072,41d2817b7d1c4f1316186efd056807ecfcdfb237bd4d45ba1f134122ee8c3848,kerr-schild,"[88, 32, 16]","[22, 4, 16]",2020,3,"{""0"": 4, ""1"": 96, ""2"": 896, ""3"": 1024}","[""rho"", ""press"", ""vel1"", ""vel2"", ""vel3"", ""Bcc1"", ""Bcc2"", ""Bcc3""]","{""B"": [3, 2020, 16, 4, 22], ""prim"": [5, 2020, 16, 4, 22]}",not_available; project treats stored spherical KS coordinate components,not_available,"""not_available"""
/mnt/d/GRMHD_data/mad98.prim.00031.athdf,mad98.prim.00031.athdf,31,310.00068464126525,172690,91779072,eb1d133726ec93074e4bd6d0204add159adda48c2b2b1497d4d74289dd22197f,kerr-schild,"[88, 32, 16]","[22, 4, 16]",2020,3,"{""0"": 4, ""1"": 96, ""2"": 896, ""3"": 1024}","[""rho"", ""press"", ""vel1"", ""vel2"", ""vel3"", ""Bcc1"", ""Bcc2"", ""Bcc3""]","{""B"": [3, 2020, 16, 4, 22], ""prim"": [5, 2020, 16, 4, 22]}",not_available; project treats stored spherical KS coordinate components,not_available,"""not_available"""
/mnt/d/GRMHD_data/mad98.prim.00032.athdf,mad98.prim.00032.athdf,32,320.0013437073022,178261,91779072,55955e8e1317f9ccaff00b0d8a60bd07f6cbefeda0bae08770fcb70dcf555bad,kerr-schild,"[88, 32, 16]","[22, 4, 16]",2020,3,"{""0"": 4, ""1"": 96, ""2"": 896, ""3"": 1024}","[""rho"", ""press"", ""vel1"", ""vel2"", ""vel3"", ""Bcc1"", ""Bcc2"", ""Bcc3""]","{""B"": [3, 2020, 16, 4, 22], ""prim"": [5, 2020, 16, 4, 22]}",not_available; project treats stored spherical KS coordinate components,not_available,"""not_available"""
/mnt/d/GRMHD_data/mad98.prim.00033.athdf,mad98.prim.00033.athdf,33,330.00020764516364,183831,91779072,919fbb3408b40651b73dfd3f06f0771c01535a3acbdcea10a3c852f86dd65889,kerr-schild,"[88, 32, 16]","[22, 4, 16]",2020,3,"{""0"": 4, ""1"": 96, ""2"": 896, ""3"": 1024}","[""rho"", ""press"", ""vel1"", ""vel2"", ""vel3"", ""Bcc1"", ""Bcc2"", ""Bcc3""]","{""B"": [3, 2020, 16, 4, 22], ""prim"": [5, 2020, 16, 4, 22]}",not_available; project treats stored spherical KS coordinate components,not_available,"""not_available"""
/mnt/d/GRMHD_data/mad98.prim.00034.athdf,mad98.prim.00034.athdf,34,340.0008667112006,189402,91779072,35b22fcc927047ea6711d4acea4236a6b93b7cc54a184f0f146d6b3b41bb855e,kerr-schild,"[88, 32, 16]","[22, 4, 16]",2020,3,"{""0"": 4, ""1"": 96, ""2"": 896, ""3"": 1024}","[""rho"", ""press"", ""vel1"", ""vel2"", ""vel3"", ""Bcc1"", ""Bcc2"", ""Bcc3""]","{""B"": [3, 2020, 16, 4, 22], ""prim"": [5, 2020, 16, 4, 22]}",not_available; project treats stored spherical KS coordinate components,not_available,"""not_available"""
/mnt/d/GRMHD_data/mad98.prim.00035.athdf,mad98.prim.00035.athdf,35,350.0015257772376,194973,91779072,a1f56f31925fce29defd76686f7dcdc7a14ab080046bcf2103fd843f98c5f35c,kerr-schild,"[88, 32, 16]","[22, 4, 16]",2020,3,"{""0"": 4, ""1"": 96, ""2"": 896, ""3"": 1024}","[""rho"", ""press"", ""vel1"", ""vel2"", ""vel3"", ""Bcc1"", ""Bcc2"", ""Bcc3""]","{""B"": [3, 2020, 16, 4, 22], ""prim"": [5, 2020, 16, 4, 22]}",not_available; project treats stored spherical KS coordinate components,not_available,"""not_available"""
/mnt/d/GRMHD_data/mad98.prim.00036.athdf,mad98.prim.00036.athdf,36,360.000389715099,200543,91779072,f8e291f75fb8827758d9bda8782624d976680188056e07a03a77f9c9571eb97e,kerr-schild,"[88, 32, 16]","[22, 4, 16]",2020,3,"{""0"": 4, ""1"": 96, ""2"": 896, ""3"": 1024}","[""rho"", ""press"", ""vel1"", ""vel2"", ""vel3"", ""Bcc1"", ""Bcc2"", ""Bcc3""]","{""B"": [3, 2020, 16, 4, 22], ""prim"": [5, 2020, 16, 4, 22]}",not_available; project treats stored spherical KS coordinate components,not_available,"""not_available"""
/mnt/d/GRMHD_data/mad98.prim.00037.athdf,mad98.prim.00037.athdf,37,370.001048781136,206114,91779072,aae7ede7b2b6bca2acc680a7c6af8a99d0e859a6d1a80c8a37e1eabd832d35b5,kerr-schild,"[88, 32, 16]","[22, 4, 16]",2020,3,"{""0"": 4, ""1"": 96, ""2"": 896, ""3"": 1024}","[""rho"", ""press"", ""vel1"", ""vel2"", ""vel3"", ""Bcc1"", ""Bcc2"", ""Bcc3""]","{""B"": [3, 2020, 16, 4, 22], ""prim"": [5, 2020, 16, 4, 22]}",not_available; project treats stored spherical KS coordinate components,not_available,"""not_available"""
/mnt/d/GRMHD_data/mad98.prim.00038.athdf,mad98.prim.00038.athdf,38,380.00170784717295,211685,91779072,ee7ae97a854c122366d398ea3fd2a941b8d3fe60296862d719852dc5c9d2679a,kerr-schild,"[88, 32, 16]","[22, 4, 16]",2020,3,"{""0"": 4, ""1"": 96, ""2"": 896, ""3"": 1024}","[""rho"", ""press"", ""vel1"", ""vel2"", ""vel3"", ""Bcc1"", ""Bcc2"", ""Bcc3""]","{""B"": [3, 2020, 16, 4, 22], ""prim"": [5, 2020, 16, 4, 22]}",not_available; project treats stored spherical KS coordinate components,not_available,"""not_available"""
/mnt/d/GRMHD_data/mad98.prim.00039.athdf,mad98.prim.00039.athdf,39,390.00057178503437,217255,91779072,97c807aba28621da97699e8dbdb516eca3672ee0072b4abff82222f21dcc8ccc,kerr-schild,"[88, 32, 16]","[22, 4, 16]",2020,3,"{""0"": 4, ""1"": 96, ""2"": 896, ""3"": 1024}","[""rho"", ""press"", ""vel1"", ""vel2"", ""vel3"", ""Bcc1"", ""Bcc2"", ""Bcc3""]","{""B"": [3, 2020, 16, 4, 22], ""prim"": [5, 2020, 16, 4, 22]}",not_available; project treats stored spherical KS coordinate components,not_available,"""not_available"""
/mnt/d/GRMHD_data/mad98.prim.00040.athdf,mad98.prim.00040.athdf,40,400.00123085107134,222826,91779072,836238e939f7693b3411775f354ea2073f760af58bb9e1f9472e6ef7fe330398,kerr-schild,"[88, 32, 16]","[22, 4, 16]",2020,3,"{""0"": 4, ""1"": 96, ""2"": 896, ""3"": 1024}","[""rho"", ""press"", ""vel1"", ""vel2"", ""vel3"", ""Bcc1"", ""Bcc2"", ""Bcc3""]","{""B"": [3, 2020, 16, 4, 22], ""prim"": [5, 2020, 16, 4, 22]}",not_available; project treats stored spherical KS coordinate components,not_available,"""not_available"""
/mnt/d/GRMHD_data/mad98.prim.00041.athdf,mad98.prim.00041.athdf,41,410.00009478893276,228396,91779072,6ceff65c7afb3be5729b0cb841ba7e73d357a0de846ec5dbf9f8fe3978636283,kerr-schild,"[88, 32, 16]","[22, 4, 16]",2020,3,"{""0"": 4, ""1"": 96, ""2"": 896, ""3"": 1024}","[""rho"", ""press"", ""vel1"", ""vel2"", ""vel3"", ""Bcc1"", ""Bcc2"", ""Bcc3""]","{""B"": [3, 2020, 16, 4, 22], ""prim"": [5, 2020, 16, 4, 22]}",not_available; project treats stored spherical KS coordinate components,not_available,"""not_available"""
/mnt/d/GRMHD_data/mad98.prim.00042.athdf,mad98.prim.00042.athdf,42,420.00075385496973,233967,91779072,4e8407e65a7d54bbc0d723227153e4da662749ebe9c44f907e04a3961976cce4,kerr-schild,"[88, 32, 16]","[22, 4, 16]",2020,3,"{""0"": 4, ""1"": 96, ""2"": 896, ""3"": 1024}","[""rho"", ""press"", ""vel1"", ""vel2"", ""vel3"", ""Bcc1"", ""Bcc2"", ""Bcc3""]","{""B"": [3, 2020, 16, 4, 22], ""prim"": [5, 2020, 16, 4, 22]}",not_available; project treats stored spherical KS coordinate components,not_available,"""not_available"""
/mnt/d/GRMHD_data/mad98.prim.00043.athdf,mad98.prim.00043.athdf,43,430.0014129210067,239538,91779072,17e7301545b5806778b08191bf8854d92b755b953541b0630299e50c2a1ed868,kerr-schild,"[88, 32, 16]","[22, 4, 16]",2020,3,"{""0"": 4, ""1"": 96, ""2"": 896, ""3"": 1024}","[""rho"", ""press"", ""vel1"", ""vel2"", ""vel3"", ""Bcc1"", ""Bcc2"", ""Bcc3""]","{""B"": [3, 2020, 16, 4, 22], ""prim"": [5, 2020, 16, 4, 22]}",not_available; project treats stored spherical KS coordinate components,not_available,"""not_available"""
/mnt/d/GRMHD_data/mad98.prim.00044.athdf,mad98.prim.00044.athdf,44,440.0002768588681,245108,91779072,cdf86a5129b9cf0dabff02d4a7d4a1ebb2c1a522c3639fd50c78cff5bb8ee99d,kerr-schild,"[88, 32, 16]","[22, 4, 16]",2020,3,"{""0"": 4, ""1"": 96, ""2"": 896, ""3"": 1024}","[""rho"", ""press"", ""vel1"", ""vel2"", ""vel3"", ""Bcc1"", ""Bcc2"", ""Bcc3""]","{""B"": [3, 2020, 16, 4, 22], ""prim"": [5, 2020, 16, 4, 22]}",not_available; project treats stored spherical KS coordinate components,not_available,"""not_available"""
/mnt/d/GRMHD_data/mad98.prim.00045.athdf,mad98.prim.00045.athdf,45,450.0009359249051,250679,91779072,db98b95294e93262e244937aa8422d22e4dbac7acafab10083f512610f92996f,kerr-schild,"[88, 32, 16]","[22, 4, 16]",2020,3,"{""0"": 4, ""1"": 96, ""2"": 896, ""3"": 1024}","[""rho"", ""press"", ""vel1"", ""vel2"", ""vel3"", ""Bcc1"", ""Bcc2"", ""Bcc3""]","{""B"": [3, 2020, 16, 4, 22], ""prim"": [5, 2020, 16, 4, 22]}",not_available; project treats stored spherical KS coordinate components,not_available,"""not_available"""
/mnt/d/GRMHD_data/mad98.prim.00046.athdf,mad98.prim.00046.athdf,46,460.00159499094207,256250,91779072,27f05d4407f23ce605181b0079b448b1cac375539abee5478a1d2a405b5613a0,kerr-schild,"[88, 32, 16]","[22, 4, 16]",2020,3,"{""0"": 4, ""1"": 96, ""2"": 896, ""3"": 1024}","[""rho"", ""press"", ""vel1"", ""vel2"", ""vel3"", ""Bcc1"", ""Bcc2"", ""Bcc3""]","{""B"": [3, 2020, 16, 4, 22], ""prim"": [5, 2020, 16, 4, 22]}",not_available; project treats stored spherical KS coordinate components,not_available,"""not_available"""
/mnt/d/GRMHD_data/mad98.prim.00047.athdf,mad98.prim.00047.athdf,47,470.0004589288035,261820,91779072,9a686895f29104dbb9c2579d9ab2605ad526e39ef6369adb256d76f7eb70a6ab,kerr-schild,"[88, 32, 16]","[22, 4, 16]",2020,3,"{""0"": 4, ""1"": 96, ""2"": 896, ""3"": 1024}","[""rho"", ""press"", ""vel1"", ""vel2"", ""vel3"", ""Bcc1"", ""Bcc2"", ""Bcc3""]","{""B"": [3, 2020, 16, 4, 22], ""prim"": [5, 2020, 16, 4, 22]}",not_available; project treats stored spherical KS coordinate components,not_available,"""not_available"""
/mnt/d/GRMHD_data/mad98.prim.00048.athdf,mad98.prim.00048.athdf,48,480.00111799484046,267391,91779072,b541706312536b7f4f4bf3d5929e5b698fea72d44b721894e7dbe94676de6235,kerr-schild,"[88, 32, 16]","[22, 4, 16]",2020,3,"{""0"": 4, ""1"": 96, ""2"": 896, ""3"": 1024}","[""rho"", ""press"", ""vel1"", ""vel2"", ""vel3"", ""Bcc1"", ""Bcc2"", ""Bcc3""]","{""B"": [3, 2020, 16, 4, 22], ""prim"": [5, 2020, 16, 4, 22]}",not_available; project treats stored spherical KS coordinate components,not_available,"""not_available"""
/mnt/d/GRMHD_data/mad98.prim.00049.athdf,mad98.prim.00049.athdf,49,490.00177706087743,272962,91779072,2047c47a6e17a4d7e6ef91c26f190e72701d94bb3afb472e65a3fe83ffba40ed,kerr-schild,"[88, 32, 16]","[22, 4, 16]",2020,3,"{""0"": 4, ""1"": 96, ""2"": 896, ""3"": 1024}","[""rho"", ""press"", ""vel1"", ""vel2"", ""vel3"", ""Bcc1"", ""Bcc2"", ""Bcc3""]","{""B"": [3, 2020, 16, 4, 22], ""prim"": [5, 2020, 16, 4, 22]}",not_available; project treats stored spherical KS coordinate components,not_available,"""not_available"""
/mnt/d/GRMHD_data/mad98.prim.00050.athdf,mad98.prim.00050.athdf,50,500.00064099873885,278532,91779072,448b5c70c03556a88bd84ffbae65d70eb9db577da1de040ab48d031e9b8d2289,kerr-schild,"[88, 32, 16]","[22, 4, 16]",2020,3,"{""0"": 4, ""1"": 96, ""2"": 896, ""3"": 1024}","[""rho"", ""press"", ""vel1"", ""vel2"", ""vel3"", ""Bcc1"", ""Bcc2"", ""Bcc3""]","{""B"": [3, 2020, 16, 4, 22], ""prim"": [5, 2020, 16, 4, 22]}",not_available; project treats stored spherical KS coordinate components,not_available,"""not_available"""
/mnt/d/GRMHD_data/mad98.prim.00051.athdf,mad98.prim.00051.athdf,51,510.0013000647758,284103,91779072,0f3007c3401d9e89a58876c0e5a3f6e04987b8c6c835e724d1104be6d45d7902,kerr-schild,"[88, 32, 16]","[22, 4, 16]",2020,3,"{""0"": 4, ""1"": 96, ""2"": 896, ""3"": 1024}","[""rho"", ""press"", ""vel1"", ""vel2"", ""vel3"", ""Bcc1"", ""Bcc2"", ""Bcc3""]","{""B"": [3, 2020, 16, 4, 22], ""prim"": [5, 2020, 16, 4, 22]}",not_available; project treats stored spherical KS coordinate components,not_available,"""not_available"""
/mnt/d/GRMHD_data/mad98.prim.00052.athdf,mad98.prim.00052.athdf,52,520.0001640026372,289673,91779072,cceff69489f39b1b2d48f41e7811ebc46397f7802edf8244359af395e59fb4af,kerr-schild,"[88, 32, 16]","[22, 4, 16]",2020,3,"{""0"": 4, ""1"": 96, ""2"": 896, ""3"": 1024}","[""rho"", ""press"", ""vel1"", ""vel2"", ""vel3"", ""Bcc1"", ""Bcc2"", ""Bcc3""]","{""B"": [3, 2020, 16, 4, 22], ""prim"": [5, 2020, 16, 4, 22]}",not_available; project treats stored spherical KS coordinate components,not_available,"""not_available"""
/mnt/d/GRMHD_data/mad98.prim.00053.athdf,mad98.prim.00053.athdf,53,530.0008230686742,295244,91779072,9a6e9b0dc69083208df93e918e7250b4a24eda2462819e63ec258e569b58e5a3,kerr-schild,"[88, 32, 16]","[22, 4, 16]",2020,3,"{""0"": 4, ""1"": 96, ""2"": 896, ""3"": 1024}","[""rho"", ""press"", ""vel1"", ""vel2"", ""vel3"", ""Bcc1"", ""Bcc2"", ""Bcc3""]","{""B"": [3, 2020, 16, 4, 22], ""prim"": [5, 2020, 16, 4, 22]}",not_available; project treats stored spherical KS coordinate components,not_available,"""not_available"""
/mnt/d/GRMHD_data/mad98.prim.00054.athdf,mad98.prim.00054.athdf,54,540.0014821347112,300815,91779072,10cd0e5f58bc16326a4af32001764dc1685d218723e224cf90345f99cff78951,kerr-schild,"[88, 32, 16]","[22, 4, 16]",2020,3,"{""0"": 4, ""1"": 96, ""2"": 896, ""3"": 1024}","[""rho"", ""press"", ""vel1"", ""vel2"", ""vel3"", ""Bcc1"", ""Bcc2"", ""Bcc3""]","{""B"": [3, 2020, 16, 4, 22], ""prim"": [5, 2020, 16, 4, 22]}",not_available; project treats stored spherical KS coordinate components,not_available,"""not_available"""
/mnt/d/GRMHD_data/mad98.prim.00055.athdf,mad98.prim.00055.athdf,55,550.0003460725726,306385,91779072,0a0feb35a4eedc418e19b578d5cc30565d3d9f9a4f5caba448b0900265bfc279,kerr-schild,"[88, 32, 16]","[22, 4, 16]",2020,3,"{""0"": 4, ""1"": 96, ""2"": 896, ""3"": 1024}","[""rho"", ""press"", ""vel1"", ""vel2"", ""vel3"", ""Bcc1"", ""Bcc2"", ""Bcc3""]","{""B"": [3, 2020, 16, 4, 22], ""prim"": [5, 2020, 16, 4, 22]}",not_available; project treats stored spherical KS coordinate components,not_available,"""not_available"""
/mnt/d/GRMHD_data/mad98.prim.00056.athdf,mad98.prim.00056.athdf,56,560.0010051386096,311956,91779072,0fd17ab978b9f051b279132d005fc2ead18c0666c114b7aa5f24ebc4c4c5fb11,kerr-schild,"[88, 32, 16]","[22, 4, 16]",2020,3,"{""0"": 4, ""1"": 96, ""2"": 896, ""3"": 1024}","[""rho"", ""press"", ""vel1"", ""vel2"", ""vel3"", ""Bcc1"", ""Bcc2"", ""Bcc3""]","{""B"": [3, 2020, 16, 4, 22], ""prim"": [5, 2020, 16, 4, 22]}",not_available; project treats stored spherical KS coordinate components,not_available,"""not_available"""
/mnt/d/GRMHD_data/mad98.prim.00057.athdf,mad98.prim.00057.athdf,57,570.0016642046465,317527,91779072,81abedc0dd50536218152a0a872ff705470e5a33ac4ccec6cdc84f787bde8220,kerr-schild,"[88, 32, 16]","[22, 4, 16]",2020,3,"{""0"": 4, ""1"": 96, ""2"": 896, ""3"": 1024}","[""rho"", ""press"", ""vel1"", ""vel2"", ""vel3"", ""Bcc1"", ""Bcc2"", ""Bcc3""]","{""B"": [3, 2020, 16, 4, 22], ""prim"": [5, 2020, 16, 4, 22]}",not_available; project treats stored spherical KS coordinate components,not_available,"""not_available"""
/mnt/d/GRMHD_data/mad98.prim.00058.athdf,mad98.prim.00058.athdf,58,580.000528142508,323097,91779072,3462339d3f5ad5b4fa7f87b1f3b427afcc03a413b726c11738e0ca910d450c37,kerr-schild,"[88, 32, 16]","[22, 4, 16]",2020,3,"{""0"": 4, ""1"": 96, ""2"": 896, ""3"": 1024}","[""rho"", ""press"", ""vel1"", ""vel2"", ""vel3"", ""Bcc1"", ""Bcc2"", ""Bcc3""]","{""B"": [3, 2020, 16, 4, 22], ""prim"": [5, 2020, 16, 4, 22]}",not_available; project treats stored spherical KS coordinate components,not_available,"""not_available"""
/mnt/d/GRMHD_data/mad98.prim.00059.athdf,mad98.prim.00059.athdf,59,590.0011872085449,328668,91779072,86127fbcb378b38a6f5b03f1904ed891fd72ceb5d08269ddf9c103e8488d8b29,kerr-schild,"[88, 32, 16]","[22, 4, 16]",2020,3,"{""0"": 4, ""1"": 96, ""2"": 896, ""3"": 1024}","[""rho"", ""press"", ""vel1"", ""vel2"", ""vel3"", ""Bcc1"", ""Bcc2"", ""Bcc3""]","{""B"": [3, 2020, 16, 4, 22], ""prim"": [5, 2020, 16, 4, 22]}",not_available; project treats stored spherical KS coordinate components,not_available,"""not_available"""
/mnt/d/GRMHD_data/mad98.prim.00060.athdf,mad98.prim.00060.athdf,60,600.0000511464063,334238,91779072,f76403fbd7a2f2157cbea5f960af57e4a9906a5ce24ac890001d7757674dab73,kerr-schild,"[88, 32, 16]","[22, 4, 16]",2020,3,"{""0"": 4, ""1"": 96, ""2"": 896, ""3"": 1024}","[""rho"", ""press"", ""vel1"", ""vel2"", ""vel3"", ""Bcc1"", ""Bcc2"", ""Bcc3""]","{""B"": [3, 2020, 16, 4, 22], ""prim"": [5, 2020, 16, 4, 22]}",not_available; project treats stored spherical KS coordinate components,not_available,"""not_available"""
/mnt/d/GRMHD_data/mad98.prim.00061.athdf,mad98.prim.00061.athdf,61,610.0007102124433,339809,91779072,8574531ca433d990e5d15f4e2a15cd4a06f8d4c409ad87b71d167c3af98b919c,kerr-schild,"[88, 32, 16]","[22, 4, 16]",2020,3,"{""0"": 4, ""1"": 96, ""2"": 896, ""3"": 1024}","[""rho"", ""press"", ""vel1"", ""vel2"", ""vel3"", ""Bcc1"", ""Bcc2"", ""Bcc3""]","{""B"": [3, 2020, 16, 4, 22], ""prim"": [5, 2020, 16, 4, 22]}",not_available; project treats stored spherical KS coordinate components,not_available,"""not_available"""
/mnt/d/GRMHD_data/mad98.prim.00062.athdf,mad98.prim.00062.athdf,62,620.0013692784803,345380,91779072,5e779fe85f4435c378c223bb6ab1277552ddfec0e8dddcdb88560da2686f50fa,kerr-schild,"[88, 32, 16]","[22, 4, 16]",2020,3,"{""0"": 4, ""1"": 96, ""2"": 896, ""3"": 1024}","[""rho"", ""press"", ""vel1"", ""vel2"", ""vel3"", ""Bcc1"", ""Bcc2"", ""Bcc3""]","{""B"": [3, 2020, 16, 4, 22], ""prim"": [5, 2020, 16, 4, 22]}",not_available; project treats stored spherical KS coordinate components,not_available,"""not_available"""
/mnt/d/GRMHD_data/mad98.prim.00063.athdf,mad98.prim.00063.athdf,63,630.0002332163417,350950,91779072,8415a1e9098aea861c23537991f7b2dc13bf1e1378264c2978dfe193a809e6ed,kerr-schild,"[88, 32, 16]","[22, 4, 16]",2020,3,"{""0"": 4, ""1"": 96, ""2"": 896, ""3"": 1024}","[""rho"", ""press"", ""vel1"", ""vel2"", ""vel3"", ""Bcc1"", ""Bcc2"", ""Bcc3""]","{""B"": [3, 2020, 16, 4, 22], ""prim"": [5, 2020, 16, 4, 22]}",not_available; project treats stored spherical KS coordinate components,not_available,"""not_available"""
/mnt/d/GRMHD_data/mad98.prim.00064.athdf,mad98.prim.00064.athdf,64,640.0008922823787,356521,91779072,625f8d343594538132e57f7ac1d3acf11d4e291ea9ed182247144238c29edef1,kerr-schild,"[88, 32, 16]","[22, 4, 16]",2020,3,"{""0"": 4, ""1"": 96, ""2"": 896, ""3"": 1024}","[""rho"", ""press"", ""vel1"", ""vel2"", ""vel3"", ""Bcc1"", ""Bcc2"", ""Bcc3""]","{""B"": [3, 2020, 16, 4, 22], ""prim"": [5, 2020, 16, 4, 22]}",not_available; project treats stored spherical KS coordinate components,not_available,"""not_available"""
/mnt/d/GRMHD_data/mad98.prim.00065.athdf,mad98.prim.00065.athdf,65,650.0015513484157,362092,91779072,f5d29fece4a7d83b6b4a049a3d7bc1283294efe455141c21d0df9b3de0a5fffa,kerr-schild,"[88, 32, 16]","[22, 4, 16]",2020,3,"{""0"": 4, ""1"": 96, ""2"": 896, ""3"": 1024}","[""rho"", ""press"", ""vel1"", ""vel2"", ""vel3"", ""Bcc1"", ""Bcc2"", ""Bcc3""]","{""B"": [3, 2020, 16, 4, 22], ""prim"": [5, 2020, 16, 4, 22]}",not_available; project treats stored spherical KS coordinate components,not_available,"""not_available"""
/mnt/d/GRMHD_data/mad98.prim.00066.athdf,mad98.prim.00066.athdf,66,660.0004152862771,367662,91779072,1d1d7a40b28a95cc4c7a1f551be333a8e29ff2543d725022c6e4f39f09ea0678,kerr-schild,"[88, 32, 16]","[22, 4, 16]",2020,3,"{""0"": 4, ""1"": 96, ""2"": 896, ""3"": 1024}","[""rho"", ""press"", ""vel1"", ""vel2"", ""vel3"", ""Bcc1"", ""Bcc2"", ""Bcc3""]","{""B"": [3, 2020, 16, 4, 22], ""prim"": [5, 2020, 16, 4, 22]}",not_available; project treats stored spherical KS coordinate components,not_available,"""not_available"""
/mnt/d/GRMHD_data/mad98.prim.00067.athdf,mad98.prim.00067.athdf,67,670.001074352314,373233,91779072,ef421df65f142ad88a7d5b9747ccbacf77a674d3c3807446abedf86bdcea596c,kerr-schild,"[88, 32, 16]","[22, 4, 16]",2020,3,"{""0"": 4, ""1"": 96, ""2"": 896, ""3"": 1024}","[""rho"", ""press"", ""vel1"", ""vel2"", ""vel3"", ""Bcc1"", ""Bcc2"", ""Bcc3""]","{""B"": [3, 2020, 16, 4, 22], ""prim"": [5, 2020, 16, 4, 22]}",not_available; project treats stored spherical KS coordinate components,not_available,"""not_available"""
/mnt/d/GRMHD_data/mad98.prim.00068.athdf,mad98.prim.00068.athdf,68,680.001733418351,378804,91779072,af9275a9cf68be8ae5363d08db39d19ea700292b7a46b021bc80ece1308790c9,kerr-schild,"[88, 32, 16]","[22, 4, 16]",2020,3,"{""0"": 4, ""1"": 96, ""2"": 896, ""3"": 1024}","[""rho"", ""press"", ""vel1"", ""vel2"", ""vel3"", ""Bcc1"", ""Bcc2"", ""Bcc3""]","{""B"": [3, 2020, 16, 4, 22], ""prim"": [5, 2020, 16, 4, 22]}",not_available; project treats stored spherical KS coordinate components,not_available,"""not_available"""
/mnt/d/GRMHD_data/mad98.prim.00069.athdf,mad98.prim.00069.athdf,69,690.0005973562124,384374,91779072,7d973d06a8da95f33bc0b006ff4abb5b586c95039846b03abb3ee248ee89ded1,kerr-schild,"[88, 32, 16]","[22, 4, 16]",2020,3,"{""0"": 4, ""1"": 96, ""2"": 896, ""3"": 1024}","[""rho"", ""press"", ""vel1"", ""vel2"", ""vel3"", ""Bcc1"", ""Bcc2"", ""Bcc3""]","{""B"": [3, 2020, 16, 4, 22], ""prim"": [5, 2020, 16, 4, 22]}",not_available; project treats stored spherical KS coordinate components,not_available,"""not_available"""
/mnt/d/GRMHD_data/mad98.prim.00070.athdf,mad98.prim.00070.athdf,70,700.0012564222494,389945,91779072,2f3b495199572ea3ff31bf730e51616b39605930bbde33d6ca1e1be3c863f9ad,kerr-schild,"[88, 32, 16]","[22, 4, 16]",2020,3,"{""0"": 4, ""1"": 96, ""2"": 896, ""3"": 1024}","[""rho"", ""press"", ""vel1"", ""vel2"", ""vel3"", ""Bcc1"", ""Bcc2"", ""Bcc3""]","{""B"": [3, 2020, 16, 4, 22], ""prim"": [5, 2020, 16, 4, 22]}",not_available; project treats stored spherical KS coordinate components,not_available,"""not_available"""
/mnt/d/GRMHD_data/mad98.prim.00071.athdf,mad98.prim.00071.athdf,71,710.0001203601108,395515,91779072,245b5ddf5135edaa5d54ec484ca79867a8ca695a60edc6b405f3137725905d68,kerr-schild,"[88, 32, 16]","[22, 4, 16]",2020,3,"{""0"": 4, ""1"": 96, ""2"": 896, ""3"": 1024}","[""rho"", ""press"", ""vel1"", ""vel2"", ""vel3"", ""Bcc1"", ""Bcc2"", ""Bcc3""]","{""B"": [3, 2020, 16, 4, 22], ""prim"": [5, 2020, 16, 4, 22]}",not_available; project treats stored spherical KS coordinate components,not_available,"""not_available"""
/mnt/d/GRMHD_data/mad98.prim.00072.athdf,mad98.prim.00072.athdf,72,720.0007794261478,401086,91779072,ae8891b9119259a52f338485b5b1408560b632fbf1ee06630d28641d798a3b32,kerr-schild,"[88, 32, 16]","[22, 4, 16]",2020,3,"{""0"": 4, ""1"": 96, ""2"": 896, ""3"": 1024}","[""rho"", ""press"", ""vel1"", ""vel2"", ""vel3"", ""Bcc1"", ""Bcc2"", ""Bcc3""]","{""B"": [3, 2020, 16, 4, 22], ""prim"": [5, 2020, 16, 4, 22]}",not_available; project treats stored spherical KS coordinate components,not_available,"""not_available"""
/mnt/d/GRMHD_data/mad98.prim.00073.athdf,mad98.prim.00073.athdf,73,730.0014384921848,406657,91779072,af22d30989c0a65761098f762d00bbed732cca497e4191c54ff4bbf38b335a0d,kerr-schild,"[88, 32, 16]","[22, 4, 16]",2020,3,"{""0"": 4, ""1"": 96, ""2"": 896, ""3"": 1024}","[""rho"", ""press"", ""vel1"", ""vel2"", ""vel3"", ""Bcc1"", ""Bcc2"", ""Bcc3""]","{""B"": [3, 2020, 16, 4, 22], ""prim"": [5, 2020, 16, 4, 22]}",not_available; project treats stored spherical KS coordinate components,not_available,"""not_available"""
/mnt/d/GRMHD_data/mad98.prim.00074.athdf,mad98.prim.00074.athdf,74,740.0003024300462,412227,91779072,f42b9a94c8769325838918c545a27c1ad1a0564b75deb57539d7c6bc6effeda9,kerr-schild,"[88, 32, 16]","[22, 4, 16]",2020,3,"{""0"": 4, ""1"": 96, ""2"": 896, ""3"": 1024}","[""rho"", ""press"", ""vel1"", ""vel2"", ""vel3"", ""Bcc1"", ""Bcc2"", ""Bcc3""]","{""B"": [3, 2020, 16, 4, 22], ""prim"": [5, 2020, 16, 4, 22]}",not_available; project treats stored spherical KS coordinate components,not_available,"""not_available"""
/mnt/d/GRMHD_data/mad98.prim.00075.athdf,mad98.prim.00075.athdf,75,750.0009614960832,417798,91779072,7cebb6c8f2e3db84ba435177b8598ab0b2fe19b509302305ebf41be9275c3409,kerr-schild,"[88, 32, 16]","[22, 4, 16]",2020,3,"{""0"": 4, ""1"": 96, ""2"": 896, ""3"": 1024}","[""rho"", ""press"", ""vel1"", ""vel2"", ""vel3"", ""Bcc1"", ""Bcc2"", ""Bcc3""]","{""B"": [3, 2020, 16, 4, 22], ""prim"": [5, 2020, 16, 4, 22]}",not_available; project treats stored spherical KS coordinate components,not_available,"""not_available"""
/mnt/d/GRMHD_data/mad98.prim.00076.athdf,mad98.prim.00076.athdf,76,760.0016205621201,423369,91779072,16ea19eb5dbb0778c7c2a25e76329970ba999996ec0a42e1c8beae0fcc2bc066,kerr-schild,"[88, 32, 16]","[22, 4, 16]",2020,3,"{""0"": 4, ""1"": 96, ""2"": 896, ""3"": 1024}","[""rho"", ""press"", ""vel1"", ""vel2"", ""vel3"", ""Bcc1"", ""Bcc2"", ""Bcc3""]","{""B"": [3, 2020, 16, 4, 22], ""prim"": [5, 2020, 16, 4, 22]}",not_available; project treats stored spherical KS coordinate components,not_available,"""not_available"""
/mnt/d/GRMHD_data/mad98.prim.00077.athdf,mad98.prim.00077.athdf,77,770.0004844999816,428939,91779072,7976ca9c92bdd1ab41188c81b9f5ecb3e78306cb6d22dce7f244dd1daecb6c0a,kerr-schild,"[88, 32, 16]","[22, 4, 16]",2020,3,"{""0"": 4, ""1"": 96, ""2"": 896, ""3"": 1024}","[""rho"", ""press"", ""vel1"", ""vel2"", ""vel3"", ""Bcc1"", ""Bcc2"", ""Bcc3""]","{""B"": [3, 2020, 16, 4, 22], ""prim"": [5, 2020, 16, 4, 22]}",not_available; project treats stored spherical KS coordinate components,not_available,"""not_available"""
/mnt/d/GRMHD_data/mad98.prim.00078.athdf,mad98.prim.00078.athdf,78,780.0011435660185,434510,91779072,905916be49a0a17c53081899bb0378ee86fb8de584a760a9221ee999d4849322,kerr-schild,"[88, 32, 16]","[22, 4, 16]",2020,3,"{""0"": 4, ""1"": 96, ""2"": 896, ""3"": 1024}","[""rho"", ""press"", ""vel1"", ""vel2"", ""vel3"", ""Bcc1"", ""Bcc2"", ""Bcc3""]","{""B"": [3, 2020, 16, 4, 22], ""prim"": [5, 2020, 16, 4, 22]}",not_available; project treats stored spherical KS coordinate components,not_available,"""not_available"""
/mnt/d/GRMHD_data/mad98.prim.00079.athdf,mad98.prim.00079.athdf,79,790.0000075038799,440080,91779072,a4aca7894ed28c0104dba74b2e6eb12229a94646dd85a9676b7703b8be6ff80f,kerr-schild,"[88, 32, 16]","[22, 4, 16]",2020,3,"{""0"": 4, ""1"": 96, ""2"": 896, ""3"": 1024}","[""rho"", ""press"", ""vel1"", ""vel2"", ""vel3"", ""Bcc1"", ""Bcc2"", ""Bcc3""]","{""B"": [3, 2020, 16, 4, 22], ""prim"": [5, 2020, 16, 4, 22]}",not_available; project treats stored spherical KS coordinate components,not_available,"""not_available"""
/mnt/d/GRMHD_data/mad98.prim.00080.athdf,mad98.prim.00080.athdf,80,800.0006665699169,445651,91779072,ae86f54a8e965f5ec6c46c1273cf95654d5314bb5249f910f441bc5bf4927e32,kerr-schild,"[88, 32, 16]","[22, 4, 16]",2020,3,"{""0"": 4, ""1"": 96, ""2"": 896, ""3"": 1024}","[""rho"", ""press"", ""vel1"", ""vel2"", ""vel3"", ""Bcc1"", ""Bcc2"", ""Bcc3""]","{""B"": [3, 2020, 16, 4, 22], ""prim"": [5, 2020, 16, 4, 22]}",not_available; project treats stored spherical KS coordinate components,not_available,"""not_available"""
/mnt/d/GRMHD_data/mad98.prim.00081.athdf,mad98.prim.00081.athdf,81,810.0013256359539,451222,91779072,325e85a4496c95c6c487c99458c4553a62556f41dbb1a5a3810805618f588329,kerr-schild,"[88, 32, 16]","[22, 4, 16]",2020,3,"{""0"": 4, ""1"": 96, ""2"": 896, ""3"": 1024}","[""rho"", ""press"", ""vel1"", ""vel2"", ""vel3"", ""Bcc1"", ""Bcc2"", ""Bcc3""]","{""B"": [3, 2020, 16, 4, 22], ""prim"": [5, 2020, 16, 4, 22]}",not_available; project treats stored spherical KS coordinate components,not_available,"""not_available"""
/mnt/d/GRMHD_data/mad98.prim.00082.athdf,mad98.prim.00082.athdf,82,820.0001895738153,456792,91779072,ad34b19c94e3ab82c44f36f85a6cad2a5f626799cc1003ba2e9b24e07c16a078,kerr-schild,"[88, 32, 16]","[22, 4, 16]",2020,3,"{""0"": 4, ""1"": 96, ""2"": 896, ""3"": 1024}","[""rho"", ""press"", ""vel1"", ""vel2"", ""vel3"", ""Bcc1"", ""Bcc2"", ""Bcc3""]","{""B"": [3, 2020, 16, 4, 22], ""prim"": [5, 2020, 16, 4, 22]}",not_available; project treats stored spherical KS coordinate components,not_available,"""not_available"""
/mnt/d/GRMHD_data/mad98.prim.00083.athdf,mad98.prim.00083.athdf,83,830.0008486398523,462363,91779072,7e09c875af9f77e0dd69bda6510009055868e0d0f1ad35ffabde3c5442b0206c,kerr-schild,"[88, 32, 16]","[22, 4, 16]",2020,3,"{""0"": 4, ""1"": 96, ""2"": 896, ""3"": 1024}","[""rho"", ""press"", ""vel1"", ""vel2"", ""vel3"", ""Bcc1"", ""Bcc2"", ""Bcc3""]","{""B"": [3, 2020, 16, 4, 22], ""prim"": [5, 2020, 16, 4, 22]}",not_available; project treats stored spherical KS coordinate components,not_available,"""not_available"""
/mnt/d/GRMHD_data/mad98.prim.00084.athdf,mad98.prim.00084.athdf,84,840.0015077058893,467934,91779072,4afd7266a4488c4bff9429937a11ef2376bd99491424e0099de63aa1aac62ad0,kerr-schild,"[88, 32, 16]","[22, 4, 16]",2020,3,"{""0"": 4, ""1"": 96, ""2"": 896, ""3"": 1024}","[""rho"", ""press"", ""vel1"", ""vel2"", ""vel3"", ""Bcc1"", ""Bcc2"", ""Bcc3""]","{""B"": [3, 2020, 16, 4, 22], ""prim"": [5, 2020, 16, 4, 22]}",not_available; project treats stored spherical KS coordinate components,not_available,"""not_available"""
/mnt/d/GRMHD_data/mad98.prim.00085.athdf,mad98.prim.00085.athdf,85,850.0003716437507,473504,91779072,c417e6fb7a5b5e75fc34a915797387839b0dd858badc489a2aeefae2dc006cb7,kerr-schild,"[88, 32, 16]","[22, 4, 16]",2020,3,"{""0"": 4, ""1"": 96, ""2"": 896, ""3"": 1024}","[""rho"", ""press"", ""vel1"", ""vel2"", ""vel3"", ""Bcc1"", ""Bcc2"", ""Bcc3""]","{""B"": [3, 2020, 16, 4, 22], ""prim"": [5, 2020, 16, 4, 22]}",not_available; project treats stored spherical KS coordinate components,not_available,"""not_available"""
/mnt/d/GRMHD_data/mad98.prim.00086.athdf,mad98.prim.00086.athdf,86,860.0010307097876,479075,91779072,51347c04d674c13d80c604e07b62f749dfd620223fa852d487783456773bd8b1,kerr-schild,"[88, 32, 16]","[22, 4, 16]",2020,3,"{""0"": 4, ""1"": 96, ""2"": 896, ""3"": 1024}","[""rho"", ""press"", ""vel1"", ""vel2"", ""vel3"", ""Bcc1"", ""Bcc2"", ""Bcc3""]","{""B"": [3, 2020, 16, 4, 22], ""prim"": [5, 2020, 16, 4, 22]}",not_available; project treats stored spherical KS coordinate components,not_available,"""not_available"""
/mnt/d/GRMHD_data/mad98.prim.00087.athdf,mad98.prim.00087.athdf,87,870.0016897758246,484646,91779072,179f2debb16bbad5b4fbb40f4951b9136ef50730ac6c63c278a9196b71a4024d,kerr-schild,"[88, 32, 16]","[22, 4, 16]",2020,3,"{""0"": 4, ""1"": 96, ""2"": 896, ""3"": 1024}","[""rho"", ""press"", ""vel1"", ""vel2"", ""vel3"", ""Bcc1"", ""Bcc2"", ""Bcc3""]","{""B"": [3, 2020, 16, 4, 22], ""prim"": [5, 2020, 16, 4, 22]}",not_available; project treats stored spherical KS coordinate components,not_available,"""not_available"""
/mnt/d/GRMHD_data/mad98.prim.00088.athdf,mad98.prim.00088.athdf,88,880.000553713686,490216,91779072,c45bfda1503a65a8ef2a77953bd01e2798b875b72844944c06ad50c01a0b6916,kerr-schild,"[88, 32, 16]","[22, 4, 16]",2020,3,"{""0"": 4, ""1"": 96, ""2"": 896, ""3"": 1024}","[""rho"", ""press"", ""vel1"", ""vel2"", ""vel3"", ""Bcc1"", ""Bcc2"", ""Bcc3""]","{""B"": [3, 2020, 16, 4, 22], ""prim"": [5, 2020, 16, 4, 22]}",not_available; project treats stored spherical KS coordinate components,not_available,"""not_available"""
/mnt/d/GRMHD_data/mad98.prim.00089.athdf,mad98.prim.00089.athdf,89,890.001212779723,495787,91779072,bd9c60c611c8bd63b5517b00af4f784402269cb5c6e704b1043842a8d8344fef,kerr-schild,"[88, 32, 16]","[22, 4, 16]",2020,3,"{""0"": 4, ""1"": 96, ""2"": 896, ""3"": 1024}","[""rho"", ""press"", ""vel1"", ""vel2"", ""vel3"", ""Bcc1"", ""Bcc2"", ""Bcc3""]","{""B"": [3, 2020, 16, 4, 22], ""prim"": [5, 2020, 16, 4, 22]}",not_available; project treats stored spherical KS coordinate components,not_available,"""not_available"""
/mnt/d/GRMHD_data/mad98.prim.00090.athdf,mad98.prim.00090.athdf,90,900.0000767175844,501357,91779072,e08455809988a95a9d0fcf01a9ad0f80ae92ade2cc066c218b93a933be2d5575,kerr-schild,"[88, 32, 16]","[22, 4, 16]",2020,3,"{""0"": 4, ""1"": 96, ""2"": 896, ""3"": 1024}","[""rho"", ""press"", ""vel1"", ""vel2"", ""vel3"", ""Bcc1"", ""Bcc2"", ""Bcc3""]","{""B"": [3, 2020, 16, 4, 22], ""prim"": [5, 2020, 16, 4, 22]}",not_available; project treats stored spherical KS coordinate components,not_available,"""not_available"""
/mnt/d/GRMHD_data/mad98.prim.00091.athdf,mad98.prim.00091.athdf,91,910.0007357836214,506928,91779072,9fa34dc7437b5ba3fcdef127be60e271828d9b720f8f4b928ad7f902816df11d,kerr-schild,"[88, 32, 16]","[22, 4, 16]",2020,3,"{""0"": 4, ""1"": 96, ""2"": 896, ""3"": 1024}","[""rho"", ""press"", ""vel1"", ""vel2"", ""vel3"", ""Bcc1"", ""Bcc2"", ""Bcc3""]","{""B"": [3, 2020, 16, 4, 22], ""prim"": [5, 2020, 16, 4, 22]}",not_available; project treats stored spherical KS coordinate components,not_available,"""not_available"""
/mnt/d/GRMHD_data/mad98.prim.00092.athdf,mad98.prim.00092.athdf,92,920.0013948496584,512499,91779072,beb485c1282e2ba0c0abc554751e55cf40673e8497e716158c15a85db35b6747,kerr-schild,"[88, 32, 16]","[22, 4, 16]",2020,3,"{""0"": 4, ""1"": 96, ""2"": 896, ""3"": 1024}","[""rho"", ""press"", ""vel1"", ""vel2"", ""vel3"", ""Bcc1"", ""Bcc2"", ""Bcc3""]","{""B"": [3, 2020, 16, 4, 22], ""prim"": [5, 2020, 16, 4, 22]}",not_available; project treats stored spherical KS coordinate components,not_available,"""not_available"""
/mnt/d/GRMHD_data/mad98.prim.00093.athdf,mad98.prim.00093.athdf,93,930.0002587875198,518069,91779072,5a90926ed953c68fe331b3e9ae549536bc9ba1555d58fabcf418673a249864ba,kerr-schild,"[88, 32, 16]","[22, 4, 16]",2020,3,"{""0"": 4, ""1"": 96, ""2"": 896, ""3"": 1024}","[""rho"", ""press"", ""vel1"", ""vel2"", ""vel3"", ""Bcc1"", ""Bcc2"", ""Bcc3""]","{""B"": [3, 2020, 16, 4, 22], ""prim"": [5, 2020, 16, 4, 22]}",not_available; project treats stored spherical KS coordinate components,not_available,"""not_available"""
/mnt/d/GRMHD_data/mad98.prim.00094.athdf,mad98.prim.00094.athdf,94,940.0009178535568,523640,91779072,9a3f1bb0a5ed4746fc7150cbc1d954ff9698b856e5ad2815359720e1c1382dd9,kerr-schild,"[88, 32, 16]","[22, 4, 16]",2020,3,"{""0"": 4, ""1"": 96, ""2"": 896, ""3"": 1024}","[""rho"", ""press"", ""vel1"", ""vel2"", ""vel3"", ""Bcc1"", ""Bcc2"", ""Bcc3""]","{""B"": [3, 2020, 16, 4, 22], ""prim"": [5, 2020, 16, 4, 22]}",not_available; project treats stored spherical KS coordinate components,not_available,"""not_available"""
/mnt/d/GRMHD_data/mad98.prim.00095.athdf,mad98.prim.00095.athdf,95,950.0015769195937,529211,91779072,536e9fbad6bf1a4c3b73199aaabbab68b615d3b615d739e6dce100e1a3daf170,kerr-schild,"[88, 32, 16]","[22, 4, 16]",2020,3,"{""0"": 4, ""1"": 96, ""2"": 896, ""3"": 1024}","[""rho"", ""press"", ""vel1"", ""vel2"", ""vel3"", ""Bcc1"", ""Bcc2"", ""Bcc3""]","{""B"": [3, 2020, 16, 4, 22], ""prim"": [5, 2020, 16, 4, 22]}",not_available; project treats stored spherical KS coordinate components,not_available,"""not_available"""
/mnt/d/GRMHD_data/mad98.prim.00096.athdf,mad98.prim.00096.athdf,96,960.0004408574551,534781,91779072,f761a106df63b443a54c4416dc8e5b7b61c226b596059420383f9c574739ae6c,kerr-schild,"[88, 32, 16]","[22, 4, 16]",2020,3,"{""0"": 4, ""1"": 96, ""2"": 896, ""3"": 1024}","[""rho"", ""press"", ""vel1"", ""vel2"", ""vel3"", ""Bcc1"", ""Bcc2"", ""Bcc3""]","{""B"": [3, 2020, 16, 4, 22], ""prim"": [5, 2020, 16, 4, 22]}",not_available; project treats stored spherical KS coordinate components,not_available,"""not_available"""
/mnt/d/GRMHD_data/mad98.prim.00097.athdf,mad98.prim.00097.athdf,97,970.0010999234921,540352,91779072,0237230e4b7b167938904646032381070fd10338ffdcf8fdee403ac0162c6943,kerr-schild,"[88, 32, 16]","[22, 4, 16]",2020,3,"{""0"": 4, ""1"": 96, ""2"": 896, ""3"": 1024}","[""rho"", ""press"", ""vel1"", ""vel2"", ""vel3"", ""Bcc1"", ""Bcc2"", ""Bcc3""]","{""B"": [3, 2020, 16, 4, 22], ""prim"": [5, 2020, 16, 4, 22]}",not_available; project treats stored spherical KS coordinate components,not_available,"""not_available"""
/mnt/d/GRMHD_data/mad98.prim.00098.athdf,mad98.prim.00098.athdf,98,980.0017589895291,545923,91779072,aa8834684b79b1aa9fac6aaaa675ce206e0ab2f058487b2dc2d9ce80ba40c865,kerr-schild,"[88, 32, 16]","[22, 4, 16]",2020,3,"{""0"": 4, ""1"": 96, ""2"": 896, ""3"": 1024}","[""rho"", ""press"", ""vel1"", ""vel2"", ""vel3"", ""Bcc1"", ""Bcc2"", ""Bcc3""]","{""B"": [3, 2020, 16, 4, 22], ""prim"": [5, 2020, 16, 4, 22]}",not_available; project treats stored spherical KS coordinate components,not_available,"""not_available"""
/mnt/d/GRMHD_data/mad98.prim.00099.athdf,mad98.prim.00099.athdf,99,990.0006229273905,551493,91779072,389ac910c6cf38335ec3f374144fed97860e755aa4be8eef7a6ce721b1d51e95,kerr-schild,"[88, 32, 16]","[22, 4, 16]",2020,3,"{""0"": 4, ""1"": 96, ""2"": 896, ""3"": 1024}","[""rho"", ""press"", ""vel1"", ""vel2"", ""vel3"", ""Bcc1"", ""Bcc2"", ""Bcc3""]","{""B"": [3, 2020, 16, 4, 22], ""prim"": [5, 2020, 16, 4, 22]}",not_available; project treats stored spherical KS coordinate components,not_available,"""not_available"""
/mnt/d/GRMHD_data/mad98.prim.00100.athdf,mad98.prim.00100.athdf,100,1000.0012819934275,557064,91779072,0d3818f1a35b095c0cc1d265f6fc93a5a4b3968d9a2c9034721af0eb94e2d79f,kerr-schild,"[88, 32, 16]","[22, 4, 16]",2020,3,"{""0"": 4, ""1"": 96, ""2"": 896, ""3"": 1024}","[""rho"", ""press"", ""vel1"", ""vel2"", ""vel3"", ""Bcc1"", ""Bcc2"", ""Bcc3""]","{""B"": [3, 2020, 16, 4, 22], ""prim"": [5, 2020, 16, 4, 22]}",not_available; project treats stored spherical KS coordinate components,not_available,"""not_available"""
/mnt/d/GRMHD_data/mad98.prim.00101.athdf,mad98.prim.00101.athdf,101,1010.0001459312889,562634,91779072,62431f8ac216a013fed712ac4c1af9e61283d07f3c3336671125348b0f8f5854,kerr-schild,"[88, 32, 16]","[22, 4, 16]",2020,3,"{""0"": 4, ""1"": 96, ""2"": 896, ""3"": 1024}","[""rho"", ""press"", ""vel1"", ""vel2"", ""vel3"", ""Bcc1"", ""Bcc2"", ""Bcc3""]","{""B"": [3, 2020, 16, 4, 22], ""prim"": [5, 2020, 16, 4, 22]}",not_available; project treats stored spherical KS coordinate components,not_available,"""not_available"""
/mnt/d/GRMHD_data/mad98.prim.00102.athdf,mad98.prim.00102.athdf,102,1020.0008049973259,568205,91779072,64ea9c2932ecbb1641386071b5e1e4799f723be7e8cdd25df178ece1ad9513d4,kerr-schild,"[88, 32, 16]","[22, 4, 16]",2020,3,"{""0"": 4, ""1"": 96, ""2"": 896, ""3"": 1024}","[""rho"", ""press"", ""vel1"", ""vel2"", ""vel3"", ""Bcc1"", ""Bcc2"", ""Bcc3""]","{""B"": [3, 2020, 16, 4, 22], ""prim"": [5, 2020, 16, 4, 22]}",not_available; project treats stored spherical KS coordinate components,not_available,"""not_available"""
/mnt/d/GRMHD_data/mad98.prim.00103.athdf,mad98.prim.00103.athdf,103,1030.001464063743,573776,91779072,19f2b33205deb1c88271a14bad6dd5c562571a0c38c4ba77556654cba79fcdff,kerr-schild,"[88, 32, 16]","[22, 4, 16]",2020,3,"{""0"": 4, ""1"": 96, ""2"": 896, ""3"": 1024}","[""rho"", ""press"", ""vel1"", ""vel2"", ""vel3"", ""Bcc1"", ""Bcc2"", ""Bcc3""]","{""B"": [3, 2020, 16, 4, 22], ""prim"": [5, 2020, 16, 4, 22]}",not_available; project treats stored spherical KS coordinate components,not_available,"""not_available"""
/mnt/d/GRMHD_data/mad98.prim.00104.athdf,mad98.prim.00104.athdf,104,1040.0003280022377,579346,91779072,83965b136fd300cd272f97def8968c42616b250ec8a4777b9e20a284bdd34d49,kerr-schild,"[88, 32, 16]","[22, 4, 16]",2020,3,"{""0"": 4, ""1"": 96, ""2"": 896, ""3"": 1024}","[""rho"", ""press"", ""vel1"", ""vel2"", ""vel3"", ""Bcc1"", ""Bcc2"", ""Bcc3""]","{""B"": [3, 2020, 16, 4, 22], ""prim"": [5, 2020, 16, 4, 22]}",not_available; project treats stored spherical KS coordinate components,not_available,"""not_available"""
/mnt/d/GRMHD_data/mad98.prim.00105.athdf,mad98.prim.00105.athdf,105,1050.000987068908,584917,91779072,fed59b84874cd137d4a122c229791fe07376a2267233a5cd8908af53971d4e87,kerr-schild,"[88, 32, 16]","[22, 4, 16]",2020,3,"{""0"": 4, ""1"": 96, ""2"": 896, ""3"": 1024}","[""rho"", ""press"", ""vel1"", ""vel2"", ""vel3"", ""Bcc1"", ""Bcc2"", ""Bcc3""]","{""B"": [3, 2020, 16, 4, 22], ""prim"": [5, 2020, 16, 4, 22]}",not_available; project treats stored spherical KS coordinate components,not_available,"""not_available"""
/mnt/d/GRMHD_data/mad98.prim.00106.athdf,mad98.prim.00106.athdf,106,1060.0016461355783,590488,91779072,6cc69197eb9b1ba7d899fca6c3de4bf52259e6975e58e431eb7c0851e9b7efdc,kerr-schild,"[88, 32, 16]","[22, 4, 16]",2020,3,"{""0"": 4, ""1"": 96, ""2"": 896, ""3"": 1024}","[""rho"", ""press"", ""vel1"", ""vel2"", ""vel3"", ""Bcc1"", ""Bcc2"", ""Bcc3""]","{""B"": [3, 2020, 16, 4, 22], ""prim"": [5, 2020, 16, 4, 22]}",not_available; project treats stored spherical KS coordinate components,not_available,"""not_available"""
/mnt/d/GRMHD_data/mad98.prim.00107.athdf,mad98.prim.00107.athdf,107,1070.000510074073,596058,91779072,3c0fe2028a5554cfec10bb7013d510bee17bd91e7aa24d5a49230b06af094f3a,kerr-schild,"[88, 32, 16]","[22, 4, 16]",2020,3,"{""0"": 4, ""1"": 96, ""2"": 896, ""3"": 1024}","[""rho"", ""press"", ""vel1"", ""vel2"", ""vel3"", ""Bcc1"", ""Bcc2"", ""Bcc3""]","{""B"": [3, 2020, 16, 4, 22], ""prim"": [5, 2020, 16, 4, 22]}",not_available; project treats stored spherical KS coordinate components,not_available,"""not_available"""
/mnt/d/GRMHD_data/mad98.prim.00108.athdf,mad98.prim.00108.athdf,108,1080.0011691407433,601629,91779072,6f132c6425bd8a4dc77cf6d2342f491566609580fcbcad3cb5bb172472d392ad,kerr-schild,"[88, 32, 16]","[22, 4, 16]",2020,3,"{""0"": 4, ""1"": 96, ""2"": 896, ""3"": 1024}","[""rho"", ""press"", ""vel1"", ""vel2"", ""vel3"", ""Bcc1"", ""Bcc2"", ""Bcc3""]","{""B"": [3, 2020, 16, 4, 22], ""prim"": [5, 2020, 16, 4, 22]}",not_available; project treats stored spherical KS coordinate components,not_available,"""not_available"""
/mnt/d/GRMHD_data/mad98.prim.00109.athdf,mad98.prim.00109.athdf,109,1090.000033079238,607199,91779072,6b9547b77dbff4642384a9ad998d1d9c3c0dc8c7fb4ab60510bcfcc69fbc9443,kerr-schild,"[88, 32, 16]","[22, 4, 16]",2020,3,"{""0"": 4, ""1"": 96, ""2"": 896, ""3"": 1024}","[""rho"", ""press"", ""vel1"", ""vel2"", ""vel3"", ""Bcc1"", ""Bcc2"", ""Bcc3""]","{""B"": [3, 2020, 16, 4, 22], ""prim"": [5, 2020, 16, 4, 22]}",not_available; project treats stored spherical KS coordinate components,not_available,"""not_available"""
/mnt/d/GRMHD_data/mad98.prim.00110.athdf,mad98.prim.00110.athdf,110,1100.0006921459083,612770,91779072,1979529ecea480ee972d1d1d9c20fcc45b45a9c3bfc361a1e3fabbc2f1e1abfd,kerr-schild,"[88, 32, 16]","[22, 4, 16]",2020,3,"{""0"": 4, ""1"": 96, ""2"": 896, ""3"": 1024}","[""rho"", ""press"", ""vel1"", ""vel2"", ""vel3"", ""Bcc1"", ""Bcc2"", ""Bcc3""]","{""B"": [3, 2020, 16, 4, 22], ""prim"": [5, 2020, 16, 4, 22]}",not_available; project treats stored spherical KS coordinate components,not_available,"""not_available"""
/mnt/d/GRMHD_data/mad98.prim.00111.athdf,mad98.prim.00111.athdf,111,1110.0013512125786,618341,91779072,379c25962f0cbe2a8b5099a12c89e0193a7b73d746025cc0e9faf9dfe43e01e5,kerr-schild,"[88, 32, 16]","[22, 4, 16]",2020,3,"{""0"": 4, ""1"": 96, ""2"": 896, ""3"": 1024}","[""rho"", ""press"", ""vel1"", ""vel2"", ""vel3"", ""Bcc1"", ""Bcc2"", ""Bcc3""]","{""B"": [3, 2020, 16, 4, 22], ""prim"": [5, 2020, 16, 4, 22]}",not_available; project treats stored spherical KS coordinate components,not_available,"""not_available"""
/mnt/d/GRMHD_data/mad98.prim.00112.athdf,mad98.prim.00112.athdf,112,1120.0002151510732,623911,91779072,0939adc9df3ba43df486aeec1150ee1a2a125190e116e5be59e259872f038cd6,kerr-schild,"[88, 32, 16]","[22, 4, 16]",2020,3,"{""0"": 4, ""1"": 96, ""2"": 896, ""3"": 1024}","[""rho"", ""press"", ""vel1"", ""vel2"", ""vel3"", ""Bcc1"", ""Bcc2"", ""Bcc3""]","{""B"": [3, 2020, 16, 4, 22], ""prim"": [5, 2020, 16, 4, 22]}",not_available; project treats stored spherical KS coordinate components,not_available,"""not_available"""
/mnt/d/GRMHD_data/mad98.prim.00113.athdf,mad98.prim.00113.athdf,113,1130.0008742177436,629482,91779072,fb98e7a5939482390868e53fab7522c3f23c36d220a773d165149d3e1e7f79d5,kerr-schild,"[88, 32, 16]","[22, 4, 16]",2020,3,"{""0"": 4, ""1"": 96, ""2"": 896, ""3"": 1024}","[""rho"", ""press"", ""vel1"", ""vel2"", ""vel3"", ""Bcc1"", ""Bcc2"", ""Bcc3""]","{""B"": [3, 2020, 16, 4, 22], ""prim"": [5, 2020, 16, 4, 22]}",not_available; project treats stored spherical KS coordinate components,not_available,"""not_available"""
/mnt/d/GRMHD_data/mad98.prim.00114.athdf,mad98.prim.00114.athdf,114,1140.0015332844139,635053,91779072,6f9a0c6172ffcdba44ad173f77c577a4c6f052e10651fc869f1aad5baacfa119,kerr-schild,"[88, 32, 16]","[22, 4, 16]",2020,3,"{""0"": 4, ""1"": 96, ""2"": 896, ""3"": 1024}","[""rho"", ""press"", ""vel1"", ""vel2"", ""vel3"", ""Bcc1"", ""Bcc2"", ""Bcc3""]","{""B"": [3, 2020, 16, 4, 22], ""prim"": [5, 2020, 16, 4, 22]}",not_available; project treats stored spherical KS coordinate components,not_available,"""not_available"""
/mnt/d/GRMHD_data/mad98.prim.00115.athdf,mad98.prim.00115.athdf,115,1150.0003972229085,640623,91779072,6cf09572c006cabfeef2d40263e4e429070554adc52a4953b3a1c8b41261d9a9,kerr-schild,"[88, 32, 16]","[22, 4, 16]",2020,3,"{""0"": 4, ""1"": 96, ""2"": 896, ""3"": 1024}","[""rho"", ""press"", ""vel1"", ""vel2"", ""vel3"", ""Bcc1"", ""Bcc2"", ""Bcc3""]","{""B"": [3, 2020, 16, 4, 22], ""prim"": [5, 2020, 16, 4, 22]}",not_available; project treats stored spherical KS coordinate components,not_available,"""not_available"""
/mnt/d/GRMHD_data/mad98.prim.00116.athdf,mad98.prim.00116.athdf,116,1160.0010562895789,646194,91779072,ae485645ee73834a3d228648c09b2233c6b9a66cf68435dcbf88773f44d07520,kerr-schild,"[88, 32, 16]","[22, 4, 16]",2020,3,"{""0"": 4, ""1"": 96, ""2"": 896, ""3"": 1024}","[""rho"", ""press"", ""vel1"", ""vel2"", ""vel3"", ""Bcc1"", ""Bcc2"", ""Bcc3""]","{""B"": [3, 2020, 16, 4, 22], ""prim"": [5, 2020, 16, 4, 22]}",not_available; project treats stored spherical KS coordinate components,not_available,"""not_available"""
/mnt/d/GRMHD_data/mad98.prim.00117.athdf,mad98.prim.00117.athdf,117,1170.0017153562492,651765,91779072,512d0c74b8ae903db1f20494f24d28a6587da9e5444f8155136209192b2463ed,kerr-schild,"[88, 32, 16]","[22, 4, 16]",2020,3,"{""0"": 4, ""1"": 96, ""2"": 896, ""3"": 1024}","[""rho"", ""press"", ""vel1"", ""vel2"", ""vel3"", ""Bcc1"", ""Bcc2"", ""Bcc3""]","{""B"": [3, 2020, 16, 4, 22], ""prim"": [5, 2020, 16, 4, 22]}",not_available; project treats stored spherical KS coordinate components,not_available,"""not_available"""
/mnt/d/GRMHD_data/mad98.prim.00118.athdf,mad98.prim.00118.athdf,118,1180.0005792947438,657335,91779072,cea3a160e9bf3e9e5bcb99190f17e0bb1a1eece9942fbd23340fc7d3833dd869,kerr-schild,"[88, 32, 16]","[22, 4, 16]",2020,3,"{""0"": 4, ""1"": 96, ""2"": 896, ""3"": 1024}","[""rho"", ""press"", ""vel1"", ""vel2"", ""vel3"", ""Bcc1"", ""Bcc2"", ""Bcc3""]","{""B"": [3, 2020, 16, 4, 22], ""prim"": [5, 2020, 16, 4, 22]}",not_available; project treats stored spherical KS coordinate components,not_available,"""not_available"""
/mnt/d/GRMHD_data/mad98.prim.00119.athdf,mad98.prim.00119.athdf,119,1190.0012383614142,662906,91779072,f87c8fdaf6d70a073d1aa37050400367be30df56da3363a27bdee7cf6de9b7e5,kerr-schild,"[88, 32, 16]","[22, 4, 16]",2020,3,"{""0"": 4, ""1"": 96, ""2"": 896, ""3"": 1024}","[""rho"", ""press"", ""vel1"", ""vel2"", ""vel3"", ""Bcc1"", ""Bcc2"", ""Bcc3""]","{""B"": [3, 2020, 16, 4, 22], ""prim"": [5, 2020, 16, 4, 22]}",not_available; project treats stored spherical KS coordinate components,not_available,"""not_available"""
/mnt/d/GRMHD_data/mad98.prim.00120.athdf,mad98.prim.00120.athdf,120,1200.0001022999088,668476,91779072,97f4a783d9766b43949f071163a826210caabf52a2a722132de06b839518f6ea,kerr-schild,"[88, 32, 16]","[22, 4, 16]",2020,3,"{""0"": 4, ""1"": 96, ""2"": 896, ""3"": 1024}","[""rho"", ""press"", ""vel1"", ""vel2"", ""vel3"", ""Bcc1"", ""Bcc2"", ""Bcc3""]","{""B"": [3, 2020, 16, 4, 22], ""prim"": [5, 2020, 16, 4, 22]}",not_available; project treats stored spherical KS coordinate components,not_available,"""not_available"""
/mnt/d/GRMHD_data/mad98.prim.00121.athdf,mad98.prim.00121.athdf,121,1210.0007613665791,674047,91779072,e3149594cc656ae17e742a75eef9996722f38a4a426f64f42eb76cc9892ca5f0,kerr-schild,"[88, 32, 16]","[22, 4, 16]",2020,3,"{""0"": 4, ""1"": 96, ""2"": 896, ""3"": 1024}","[""rho"", ""press"", ""vel1"", ""vel2"", ""vel3"", ""Bcc1"", ""Bcc2"", ""Bcc3""]","{""B"": [3, 2020, 16, 4, 22], ""prim"": [5, 2020, 16, 4, 22]}",not_available; project treats stored spherical KS coordinate components,not_available,"""not_available"""
/mnt/d/GRMHD_data/mad98.prim.00122.athdf,mad98.prim.00122.athdf,122,1220.0014204332495,679618,91779072,79845956a797a8adb9020c62f36c63957e636e498954b4e205859eac2887b1d6,kerr-schild,"[88, 32, 16]","[22, 4, 16]",2020,3,"{""0"": 4, ""1"": 96, ""2"": 896, ""3"": 1024}","[""rho"", ""press"", ""vel1"", ""vel2"", ""vel3"", ""Bcc1"", ""Bcc2"", ""Bcc3""]","{""B"": [3, 2020, 16, 4, 22], ""prim"": [5, 2020, 16, 4, 22]}",not_available; project treats stored spherical KS coordinate components,not_available,"""not_available"""
/mnt/d/GRMHD_data/mad98.prim.00123.athdf,mad98.prim.00123.athdf,123,1230.000284371744,685188,91779072,c7c441828e6d302f893f03dff9b98c38b49199daa61c3b87a72d7d057e7dfde1,kerr-schild,"[88, 32, 16]","[22, 4, 16]",2020,3,"{""0"": 4, ""1"": 96, ""2"": 896, ""3"": 1024}","[""rho"", ""press"", ""vel1"", ""vel2"", ""vel3"", ""Bcc1"", ""Bcc2"", ""Bcc3""]","{""B"": [3, 2020, 16, 4, 22], ""prim"": [5, 2020, 16, 4, 22]}",not_available; project treats stored spherical KS coordinate components,not_available,"""not_available"""
/mnt/d/GRMHD_data/mad98.prim.00124.athdf,mad98.prim.00124.athdf,124,1240.0009434384144,690759,91779072,7a05d2ed8069cdc1f5480f902d53abd2ecf70142c1e8a4d8f8e2c490b53a0651,kerr-schild,"[88, 32, 16]","[22, 4, 16]",2020,3,"{""0"": 4, ""1"": 96, ""2"": 896, ""3"": 1024}","[""rho"", ""press"", ""vel1"", ""vel2"", ""vel3"", ""Bcc1"", ""Bcc2"", ""Bcc3""]","{""B"": [3, 2020, 16, 4, 22], ""prim"": [5, 2020, 16, 4, 22]}",not_available; project treats stored spherical KS coordinate components,not_available,"""not_available"""
/mnt/d/GRMHD_data/mad98.prim.00125.athdf,mad98.prim.00125.athdf,125,1250.0016025050847,696330,91779072,90a83b435acd40a6192e76e9cd34de6065499f5ee51aec864fa144e1ac9c61a4,kerr-schild,"[88, 32, 16]","[22, 4, 16]",2020,3,"{""0"": 4, ""1"": 96, ""2"": 896, ""3"": 1024}","[""rho"", ""press"", ""vel1"", ""vel2"", ""vel3"", ""Bcc1"", ""Bcc2"", ""Bcc3""]","{""B"": [3, 2020, 16, 4, 22], ""prim"": [5, 2020, 16, 4, 22]}",not_available; project treats stored spherical KS coordinate components,not_available,"""not_available"""
/mnt/d/GRMHD_data/mad98.prim.00126.athdf,mad98.prim.00126.athdf,126,1260.0004664435794,701900,91779072,6cbd880df23c4b7b1217db9e44bea0fb8a3689b75014ed67c4079c0e05c2358d,kerr-schild,"[88, 32, 16]","[22, 4, 16]",2020,3,"{""0"": 4, ""1"": 96, ""2"": 896, ""3"": 1024}","[""rho"", ""press"", ""vel1"", ""vel2"", ""vel3"", ""Bcc1"", ""Bcc2"", ""Bcc3""]","{""B"": [3, 2020, 16, 4, 22], ""prim"": [5, 2020, 16, 4, 22]}",not_available; project treats stored spherical KS coordinate components,not_available,"""not_available"""
/mnt/d/GRMHD_data/mad98.prim.00127.athdf,mad98.prim.00127.athdf,127,1270.0011255102497,707471,91779072,b127dbd51928e31731ebd2ac30a41653817f38d08253501c11ed69555a6f4558,kerr-schild,"[88, 32, 16]","[22, 4, 16]",2020,3,"{""0"": 4, ""1"": 96, ""2"": 896, ""3"": 1024}","[""rho"", ""press"", ""vel1"", ""vel2"", ""vel3"", ""Bcc1"", ""Bcc2"", ""Bcc3""]","{""B"": [3, 2020, 16, 4, 22], ""prim"": [5, 2020, 16, 4, 22]}",not_available; project treats stored spherical KS coordinate components,not_available,"""not_available"""
/mnt/d/GRMHD_data/mad98.prim.00128.athdf,mad98.prim.00128.athdf,128,1280.00178457692,713042,91779072,741ed198a8971fb1050daffee62c14f9b91db8f45731aefc7a6821037553dc43,kerr-schild,"[88, 32, 16]","[22, 4, 16]",2020,3,"{""0"": 4, ""1"": 96, ""2"": 896, ""3"": 1024}","[""rho"", ""press"", ""vel1"", ""vel2"", ""vel3"", ""Bcc1"", ""Bcc2"", ""Bcc3""]","{""B"": [3, 2020, 16, 4, 22], ""prim"": [5, 2020, 16, 4, 22]}",not_available; project treats stored spherical KS coordinate components,not_available,"""not_available"""
/mnt/d/GRMHD_data/mad98.prim.00129.athdf,mad98.prim.00129.athdf,129,1290.0006485154147,718612,91779072,5882d242900f4441d832510cb7728b34aeda25b0186ced9f8a1a8d660e47e2f9,kerr-schild,"[88, 32, 16]","[22, 4, 16]",2020,3,"{""0"": 4, ""1"": 96, ""2"": 896, ""3"": 1024}","[""rho"", ""press"", ""vel1"", ""vel2"", ""vel3"", ""Bcc1"", ""Bcc2"", ""Bcc3""]","{""B"": [3, 2020, 16, 4, 22], ""prim"": [5, 2020, 16, 4, 22]}",not_available; project treats stored spherical KS coordinate components,not_available,"""not_available"""
/mnt/d/GRMHD_data/mad98.prim.00130.athdf,mad98.prim.00130.athdf,130,1300.001307582085,724183,91779072,16419374b35c4d6b8e4c2ad55860a063c6df255a82ae3e5337e83bd435129c35,kerr-schild,"[88, 32, 16]","[22, 4, 16]",2020,3,"{""0"": 4, ""1"": 96, ""2"": 896, ""3"": 1024}","[""rho"", ""press"", ""vel1"", ""vel2"", ""vel3"", ""Bcc1"", ""Bcc2"", ""Bcc3""]","{""B"": [3, 2020, 16, 4, 22], ""prim"": [5, 2020, 16, 4, 22]}",not_available; project treats stored spherical KS coordinate components,not_available,"""not_available"""
/mnt/d/GRMHD_data/mad98.prim.00131.athdf,mad98.prim.00131.athdf,131,1310.0001715205797,729753,91779072,267522b029530afea2303e00e6b067422e2357aa03d9d48e7898413c83706b56,kerr-schild,"[88, 32, 16]","[22, 4, 16]",2020,3,"{""0"": 4, ""1"": 96, ""2"": 896, ""3"": 1024}","[""rho"", ""press"", ""vel1"", ""vel2"", ""vel3"", ""Bcc1"", ""Bcc2"", ""Bcc3""]","{""B"": [3, 2020, 16, 4, 22], ""prim"": [5, 2020, 16, 4, 22]}",not_available; project treats stored spherical KS coordinate components,not_available,"""not_available"""
/mnt/d/GRMHD_data/mad98.prim.00132.athdf,mad98.prim.00132.athdf,132,1320.00083058725,735324,91779072,da3e632d119fb75a0bad690e729fb75fcce38588c101f3629c5d2a5885a3419b,kerr-schild,"[88, 32, 16]","[22, 4, 16]",2020,3,"{""0"": 4, ""1"": 96, ""2"": 896, ""3"": 1024}","[""rho"", ""press"", ""vel1"", ""vel2"", ""vel3"", ""Bcc1"", ""Bcc2"", ""Bcc3""]","{""B"": [3, 2020, 16, 4, 22], ""prim"": [5, 2020, 16, 4, 22]}",not_available; project treats stored spherical KS coordinate components,not_available,"""not_available"""
/mnt/d/GRMHD_data/mad98.prim.00133.athdf,mad98.prim.00133.athdf,133,1330.0014896539203,740895,91779072,1ae7cbd316bc7d8219b653a999bcffd8e0f55695f781e3d77daa0fd9ca3b63ed,kerr-schild,"[88, 32, 16]","[22, 4, 16]",2020,3,"{""0"": 4, ""1"": 96, ""2"": 896, ""3"": 1024}","[""rho"", ""press"", ""vel1"", ""vel2"", ""vel3"", ""Bcc1"", ""Bcc2"", ""Bcc3""]","{""B"": [3, 2020, 16, 4, 22], ""prim"": [5, 2020, 16, 4, 22]}",not_available; project treats stored spherical KS coordinate components,not_available,"""not_available"""
/mnt/d/GRMHD_data/mad98.prim.00134.athdf,mad98.prim.00134.athdf,134,1340.000353592415,746465,91779072,64a12ece37df9552d2f76c3332bb25978a4cf32125df6b06adfe882125424a8d,kerr-schild,"[88, 32, 16]","[22, 4, 16]",2020,3,"{""0"": 4, ""1"": 96, ""2"": 896, ""3"": 1024}","[""rho"", ""press"", ""vel1"", ""vel2"", ""vel3"", ""Bcc1"", ""Bcc2"", ""Bcc3""]","{""B"": [3, 2020, 16, 4, 22], ""prim"": [5, 2020, 16, 4, 22]}",not_available; project treats stored spherical KS coordinate components,not_available,"""not_available"""
/mnt/d/GRMHD_data/mad98.prim.00135.athdf,mad98.prim.00135.athdf,135,1350.0010126590853,752036,91779072,edf7b8ed63774bed50ed33568d50b0d830c07a6426f2b214553754657307eae9,kerr-schild,"[88, 32, 16]","[22, 4, 16]",2020,3,"{""0"": 4, ""1"": 96, ""2"": 896, ""3"": 1024}","[""rho"", ""press"", ""vel1"", ""vel2"", ""vel3"", ""Bcc1"", ""Bcc2"", ""Bcc3""]","{""B"": [3, 2020, 16, 4, 22], ""prim"": [5, 2020, 16, 4, 22]}",not_available; project treats stored spherical KS coordinate components,not_available,"""not_available"""
/mnt/d/GRMHD_data/mad98.prim.00136.athdf,mad98.prim.00136.athdf,136,1360.0016717257556,757607,91779072,fedb76b451f05f8dfa92f41dec16ad0e70646c9ea5aee281158725e416537ef0,kerr-schild,"[88, 32, 16]","[22, 4, 16]",2020,3,"{""0"": 4, ""1"": 96, ""2"": 896, ""3"": 1024}","[""rho"", ""press"", ""vel1"", ""vel2"", ""vel3"", ""Bcc1"", ""Bcc2"", ""Bcc3""]","{""B"": [3, 2020, 16, 4, 22], ""prim"": [5, 2020, 16, 4, 22]}",not_available; project treats stored spherical KS coordinate components,not_available,"""not_available"""
/mnt/d/GRMHD_data/mad98.prim.00137.athdf,mad98.prim.00137.athdf,137,1370.0005356642503,763177,91779072,13e575a98a1da0aa736dd8a9514fc569afac07c6a9a43d446837a165463184b8,kerr-schild,"[88, 32, 16]","[22, 4, 16]",2020,3,"{""0"": 4, ""1"": 96, ""2"": 896, ""3"": 1024}","[""rho"", ""press"", ""vel1"", ""vel2"", ""vel3"", ""Bcc1"", ""Bcc2"", ""Bcc3""]","{""B"": [3, 2020, 16, 4, 22], ""prim"": [5, 2020, 16, 4, 22]}",not_available; project treats stored spherical KS coordinate components,not_available,"""not_available"""
/mnt/d/GRMHD_data/mad98.prim.00138.athdf,mad98.prim.00138.athdf,138,1380.0011947309206,768748,91779072,f2b034f9a39a90740b2248fd11474cc0539b3457ebd3ab35f8c0af27d4912a87,kerr-schild,"[88, 32, 16]","[22, 4, 16]",2020,3,"{""0"": 4, ""1"": 96, ""2"": 896, ""3"": 1024}","[""rho"", ""press"", ""vel1"", ""vel2"", ""vel3"", ""Bcc1"", ""Bcc2"", ""Bcc3""]","{""B"": [3, 2020, 16, 4, 22], ""prim"": [5, 2020, 16, 4, 22]}",not_available; project treats stored spherical KS coordinate components,not_available,"""not_available"""
/mnt/d/GRMHD_data/mad98.prim.00139.athdf,mad98.prim.00139.athdf,139,1390.0000586694152,774318,91779072,4c1cbe8d62ad9c83932851dd14b069c0a8cab884feb1f438758228583cc61736,kerr-schild,"[88, 32, 16]","[22, 4, 16]",2020,3,"{""0"": 4, ""1"": 96, ""2"": 896, ""3"": 1024}","[""rho"", ""press"", ""vel1"", ""vel2"", ""vel3"", ""Bcc1"", ""Bcc2"", ""Bcc3""]","{""B"": [3, 2020, 16, 4, 22], ""prim"": [5, 2020, 16, 4, 22]}",not_available; project treats stored spherical KS coordinate components,not_available,"""not_available"""
/mnt/d/GRMHD_data/mad98.prim.00140.athdf,mad98.prim.00140.athdf,140,1400.0007177360856,779889,91779072,f26c5fe2c63b517d2dcb2c3ce1065ec31885f2a9ad3809c05fd2dc849f77ce84,kerr-schild,"[88, 32, 16]","[22, 4, 16]",2020,3,"{""0"": 4, ""1"": 96, ""2"": 896, ""3"": 1024}","[""rho"", ""press"", ""vel1"", ""vel2"", ""vel3"", ""Bcc1"", ""Bcc2"", ""Bcc3""]","{""B"": [3, 2020, 16, 4, 22], ""prim"": [5, 2020, 16, 4, 22]}",not_available; project treats stored spherical KS coordinate components,not_available,"""not_available"""
/mnt/d/GRMHD_data/mad98.prim.00141.athdf,mad98.prim.00141.athdf,141,1410.0013768027559,785460,91779072,db79f414b2fa8103b037a7657452a0d699617b1d20aabffd9fa7ba85035d6dd3,kerr-schild,"[88, 32, 16]","[22, 4, 16]",2020,3,"{""0"": 4, ""1"": 96, ""2"": 896, ""3"": 1024}","[""rho"", ""press"", ""vel1"", ""vel2"", ""vel3"", ""Bcc1"", ""Bcc2"", ""Bcc3""]","{""B"": [3, 2020, 16, 4, 22], ""prim"": [5, 2020, 16, 4, 22]}",not_available; project treats stored spherical KS coordinate components,not_available,"""not_available"""
/mnt/d/GRMHD_data/mad98.prim.00142.athdf,mad98.prim.00142.athdf,142,1420.0002407412505,791030,91779072,eec8e5f266236fd4e437bff182bcd8166bcc1899fe3df7a4cda8f960fcb3dff4,kerr-schild,"[88, 32, 16]","[22, 4, 16]",2020,3,"{""0"": 4, ""1"": 96, ""2"": 896, ""3"": 1024}","[""rho"", ""press"", ""vel1"", ""vel2"", ""vel3"", ""Bcc1"", ""Bcc2"", ""Bcc3""]","{""B"": [3, 2020, 16, 4, 22], ""prim"": [5, 2020, 16, 4, 22]}",not_available; project treats stored spherical KS coordinate components,not_available,"""not_available"""
/mnt/d/GRMHD_data/mad98.prim.00143.athdf,mad98.prim.00143.athdf,143,1430.0008998079209,796601,91779072,0fa4ef0aa7b36e464d0373cc5c540aa03957d9c4b45b7101236a358623d6df39,kerr-schild,"[88, 32, 16]","[22, 4, 16]",2020,3,"{""0"": 4, ""1"": 96, ""2"": 896, ""3"": 1024}","[""rho"", ""press"", ""vel1"", ""vel2"", ""vel3"", ""Bcc1"", ""Bcc2"", ""Bcc3""]","{""B"": [3, 2020, 16, 4, 22], ""prim"": [5, 2020, 16, 4, 22]}",not_available; project treats stored spherical KS coordinate components,not_available,"""not_available"""
/mnt/d/GRMHD_data/mad98.prim.00144.athdf,mad98.prim.00144.athdf,144,1440.0015588745912,802172,91779072,86324496dd7c19c953cbf7f62331a9f459fc9a085401fe4d9c91351df48e44d6,kerr-schild,"[88, 32, 16]","[22, 4, 16]",2020,3,"{""0"": 4, ""1"": 96, ""2"": 896, ""3"": 1024}","[""rho"", ""press"", ""vel1"", ""vel2"", ""vel3"", ""Bcc1"", ""Bcc2"", ""Bcc3""]","{""B"": [3, 2020, 16, 4, 22], ""prim"": [5, 2020, 16, 4, 22]}",not_available; project treats stored spherical KS coordinate components,not_available,"""not_available"""
/mnt/d/GRMHD_data/mad98.prim.00145.athdf,mad98.prim.00145.athdf,145,1450.0004228130858,807742,91779072,f60403e884e794ed86eda1a13a04f886b103cf710b91baf1c35936ed03f8cad0,kerr-schild,"[88, 32, 16]","[22, 4, 16]",2020,3,"{""0"": 4, ""1"": 96, ""2"": 896, ""3"": 1024}","[""rho"", ""press"", ""vel1"", ""vel2"", ""vel3"", ""Bcc1"", ""Bcc2"", ""Bcc3""]","{""B"": [3, 2020, 16, 4, 22], ""prim"": [5, 2020, 16, 4, 22]}",not_available; project treats stored spherical KS coordinate components,not_available,"""not_available"""
/mnt/d/GRMHD_data/mad98.prim.00146.athdf,mad98.prim.00146.athdf,146,1460.0010818797562,813313,91779072,58c0254095af732f4b4ce91ad0d9622a3ece01c5944c49ae3a0dd19e32eac875,kerr-schild,"[88, 32, 16]","[22, 4, 16]",2020,3,"{""0"": 4, ""1"": 96, ""2"": 896, ""3"": 1024}","[""rho"", ""press"", ""vel1"", ""vel2"", ""vel3"", ""Bcc1"", ""Bcc2"", ""Bcc3""]","{""B"": [3, 2020, 16, 4, 22], ""prim"": [5, 2020, 16, 4, 22]}",not_available; project treats stored spherical KS coordinate components,not_available,"""not_available"""
/mnt/d/GRMHD_data/mad98.prim.00147.athdf,mad98.prim.00147.athdf,147,1470.0017409464265,818884,91779072,c8df342063b6f2d42dbde1ecae7e1bd9ab454d69a61a5ab261b62d2b6a08ca32,kerr-schild,"[88, 32, 16]","[22, 4, 16]",2020,3,"{""0"": 4, ""1"": 96, ""2"": 896, ""3"": 1024}","[""rho"", ""press"", ""vel1"", ""vel2"", ""vel3"", ""Bcc1"", ""Bcc2"", ""Bcc3""]","{""B"": [3, 2020, 16, 4, 22], ""prim"": [5, 2020, 16, 4, 22]}",not_available; project treats stored spherical KS coordinate components,not_available,"""not_available"""
/mnt/d/GRMHD_data/mad98.prim.00148.athdf,mad98.prim.00148.athdf,148,1480.0006048849211,824454,91779072,cb20fb0f0252cb8a14a3f83cfab504da76e94d87dd6fe2e0b1d8c4af4cd4f58d,kerr-schild,"[88, 32, 16]","[22, 4, 16]",2020,3,"{""0"": 4, ""1"": 96, ""2"": 896, ""3"": 1024}","[""rho"", ""press"", ""vel1"", ""vel2"", ""vel3"", ""Bcc1"", ""Bcc2"", ""Bcc3""]","{""B"": [3, 2020, 16, 4, 22], ""prim"": [5, 2020, 16, 4, 22]}",not_available; project treats stored spherical KS coordinate components,not_available,"""not_available"""
/mnt/d/GRMHD_data/mad98.prim.00149.athdf,mad98.prim.00149.athdf,149,1490.0012639515915,830025,91779072,68d026fe1bef33f1bb669be00f11c9bc93f5166e78a76901f075f961628dff54,kerr-schild,"[88, 32, 16]","[22, 4, 16]",2020,3,"{""0"": 4, ""1"": 96, ""2"": 896, ""3"": 1024}","[""rho"", ""press"", ""vel1"", ""vel2"", ""vel3"", ""Bcc1"", ""Bcc2"", ""Bcc3""]","{""B"": [3, 2020, 16, 4, 22], ""prim"": [5, 2020, 16, 4, 22]}",not_available; project treats stored spherical KS coordinate components,not_available,"""not_available"""
/mnt/d/GRMHD_data/mad98.prim.00150.athdf,mad98.prim.00150.athdf,150,1500.000127890086,835595,91779072,4b9caab6fcd1b4d355988b06f3121ebe3dd3da39ee5818de2d8002d54c45c76e,kerr-schild,"[88, 32, 16]","[22, 4, 16]",2020,3,"{""0"": 4, ""1"": 96, ""2"": 896, ""3"": 1024}","[""rho"", ""press"", ""vel1"", ""vel2"", ""vel3"", ""Bcc1"", ""Bcc2"", ""Bcc3""]","{""B"": [3, 2020, 16, 4, 22], ""prim"": [5, 2020, 16, 4, 22]}",not_available; project treats stored spherical KS coordinate components,not_available,"""not_available"""
/mnt/d/GRMHD_data/mad98.prim.00151.athdf,mad98.prim.00151.athdf,151,1510.0007869567564,841166,91779072,0d034bd0e2ce62a5e3f56d786087f3f45dc4b2436eed1c82f6daa1ee1a862a5e,kerr-schild,"[88, 32, 16]","[22, 4, 16]",2020,3,"{""0"": 4, ""1"": 96, ""2"": 896, ""3"": 1024}","[""rho"", ""press"", ""vel1"", ""vel2"", ""vel3"", ""Bcc1"", ""Bcc2"", ""Bcc3""]","{""B"": [3, 2020, 16, 4, 22], ""prim"": [5, 2020, 16, 4, 22]}",not_available; project treats stored spherical KS coordinate components,not_available,"""not_available"""
/mnt/d/GRMHD_data/mad98.prim.00152.athdf,mad98.prim.00152.athdf,152,1520.0014460234268,846737,91779072,d6423fcd2deafa36a1989ed8927317d378748dc2241893a64f211bd4c279a316,kerr-schild,"[88, 32, 16]","[22, 4, 16]",2020,3,"{""0"": 4, ""1"": 96, ""2"": 896, ""3"": 1024}","[""rho"", ""press"", ""vel1"", ""vel2"", ""vel3"", ""Bcc1"", ""Bcc2"", ""Bcc3""]","{""B"": [3, 2020, 16, 4, 22], ""prim"": [5, 2020, 16, 4, 22]}",not_available; project treats stored spherical KS coordinate components,not_available,"""not_available"""
/mnt/d/GRMHD_data/mad98.prim.00153.athdf,mad98.prim.00153.athdf,153,1530.0003099619214,852307,91779072,26fc57e9122fe96c3d1ed417d1eaf85626bf810ab07cba20cc92504a2c81f51c,kerr-schild,"[88, 32, 16]","[22, 4, 16]",2020,3,"{""0"": 4, ""1"": 96, ""2"": 896, ""3"": 1024}","[""rho"", ""press"", ""vel1"", ""vel2"", ""vel3"", ""Bcc1"", ""Bcc2"", ""Bcc3""]","{""B"": [3, 2020, 16, 4, 22], ""prim"": [5, 2020, 16, 4, 22]}",not_available; project treats stored spherical KS coordinate components,not_available,"""not_available"""
/mnt/d/GRMHD_data/mad98.prim.00154.athdf,mad98.prim.00154.athdf,154,1540.0009690285917,857878,91779072,f5c3dc422bfd72bf3503815ae5b75929bb85fd7d5b231916a5d4fae5e157e417,kerr-schild,"[88, 32, 16]","[22, 4, 16]",2020,3,"{""0"": 4, ""1"": 96, ""2"": 896, ""3"": 1024}","[""rho"", ""press"", ""vel1"", ""vel2"", ""vel3"", ""Bcc1"", ""Bcc2"", ""Bcc3""]","{""B"": [3, 2020, 16, 4, 22], ""prim"": [5, 2020, 16, 4, 22]}",not_available; project treats stored spherical KS coordinate components,not_available,"""not_available"""
/mnt/d/GRMHD_data/mad98.prim.00155.athdf,mad98.prim.00155.athdf,155,1550.001628095262,863449,91779072,db03a6a1f8d5e6a7064660cbc3d12840abdc81d4c8286cccb01dc7034b47d56d,kerr-schild,"[88, 32, 16]","[22, 4, 16]",2020,3,"{""0"": 4, ""1"": 96, ""2"": 896, ""3"": 1024}","[""rho"", ""press"", ""vel1"", ""vel2"", ""vel3"", ""Bcc1"", ""Bcc2"", ""Bcc3""]","{""B"": [3, 2020, 16, 4, 22], ""prim"": [5, 2020, 16, 4, 22]}",not_available; project treats stored spherical KS coordinate components,not_available,"""not_available"""
/mnt/d/GRMHD_data/mad98.prim.00156.athdf,mad98.prim.00156.athdf,156,1560.0004920337567,869019,91779072,c819a700593a5176ebf5a6473e278c4db9f0fad204a25cadfc5f6b61673995b7,kerr-schild,"[88, 32, 16]","[22, 4, 16]",2020,3,"{""0"": 4, ""1"": 96, ""2"": 896, ""3"": 1024}","[""rho"", ""press"", ""vel1"", ""vel2"", ""vel3"", ""Bcc1"", ""Bcc2"", ""Bcc3""]","{""B"": [3, 2020, 16, 4, 22], ""prim"": [5, 2020, 16, 4, 22]}",not_available; project treats stored spherical KS coordinate components,not_available,"""not_available"""
/mnt/d/GRMHD_data/mad98.prim.00157.athdf,mad98.prim.00157.athdf,157,1570.001151100427,874590,91779072,e4a96e16d030052502ce14666d487c8e17cddc619f5bc24d1f6c8efca489863a,kerr-schild,"[88, 32, 16]","[22, 4, 16]",2020,3,"{""0"": 4, ""1"": 96, ""2"": 896, ""3"": 1024}","[""rho"", ""press"", ""vel1"", ""vel2"", ""vel3"", ""Bcc1"", ""Bcc2"", ""Bcc3""]","{""B"": [3, 2020, 16, 4, 22], ""prim"": [5, 2020, 16, 4, 22]}",not_available; project treats stored spherical KS coordinate components,not_available,"""not_available"""
/mnt/d/GRMHD_data/mad98.prim.00158.athdf,mad98.prim.00158.athdf,158,1580.0000150389217,880160,91779072,f048486cdc0acf7425c451e9c60e0c00bd950702004a1fc3bdd77de10d0086bc,kerr-schild,"[88, 32, 16]","[22, 4, 16]",2020,3,"{""0"": 4, ""1"": 96, ""2"": 896, ""3"": 1024}","[""rho"", ""press"", ""vel1"", ""vel2"", ""vel3"", ""Bcc1"", ""Bcc2"", ""Bcc3""]","{""B"": [3, 2020, 16, 4, 22], ""prim"": [5, 2020, 16, 4, 22]}",not_available; project treats stored spherical KS coordinate components,not_available,"""not_available"""
/mnt/d/GRMHD_data/mad98.prim.00159.athdf,mad98.prim.00159.athdf,159,1590.000674105592,885731,91779072,fafcdad83d5e72604dc84bed997b863a2709d407e211bd8d25d6e92364cd186f,kerr-schild,"[88, 32, 16]","[22, 4, 16]",2020,3,"{""0"": 4, ""1"": 96, ""2"": 896, ""3"": 1024}","[""rho"", ""press"", ""vel1"", ""vel2"", ""vel3"", ""Bcc1"", ""Bcc2"", ""Bcc3""]","{""B"": [3, 2020, 16, 4, 22], ""prim"": [5, 2020, 16, 4, 22]}",not_available; project treats stored spherical KS coordinate components,not_available,"""not_available"""
/mnt/d/GRMHD_data/mad98.prim.00160.athdf,mad98.prim.00160.athdf,160,1600.0013331722623,891302,91779072,692dbbe257327e3de9255417bce7c84caf9da8512b32ae58be5e472c30be7975,kerr-schild,"[88, 32, 16]","[22, 4, 16]",2020,3,"{""0"": 4, ""1"": 96, ""2"": 896, ""3"": 1024}","[""rho"", ""press"", ""vel1"", ""vel2"", ""vel3"", ""Bcc1"", ""Bcc2"", ""Bcc3""]","{""B"": [3, 2020, 16, 4, 22], ""prim"": [5, 2020, 16, 4, 22]}",not_available; project treats stored spherical KS coordinate components,not_available,"""not_available"""
/mnt/d/GRMHD_data/mad98.prim.00161.athdf,mad98.prim.00161.athdf,161,1610.000197110757,896872,91779072,dca14c9b1255003a4aeeb0a94c386f8fdc7f639495f620bd277bed62b1b594b3,kerr-schild,"[88, 32, 16]","[22, 4, 16]",2020,3,"{""0"": 4, ""1"": 96, ""2"": 896, ""3"": 1024}","[""rho"", ""press"", ""vel1"", ""vel2"", ""vel3"", ""Bcc1"", ""Bcc2"", ""Bcc3""]","{""B"": [3, 2020, 16, 4, 22], ""prim"": [5, 2020, 16, 4, 22]}",not_available; project treats stored spherical KS coordinate components,not_available,"""not_available"""
/mnt/d/GRMHD_data/mad98.prim.00162.athdf,mad98.prim.00162.athdf,162,1620.0008561774273,902443,91779072,dc643f01415070c64396de92e9988de71c86236fc31e0fa1653764ff2007413d,kerr-schild,"[88, 32, 16]","[22, 4, 16]",2020,3,"{""0"": 4, ""1"": 96, ""2"": 896, ""3"": 1024}","[""rho"", ""press"", ""vel1"", ""vel2"", ""vel3"", ""Bcc1"", ""Bcc2"", ""Bcc3""]","{""B"": [3, 2020, 16, 4, 22], ""prim"": [5, 2020, 16, 4, 22]}",not_available; project treats stored spherical KS coordinate components,not_available,"""not_available"""
/mnt/d/GRMHD_data/mad98.prim.00163.athdf,mad98.prim.00163.athdf,163,1630.0015152440976,908014,91779072,79d61e3cc371b6ea80fb30edbf13a54ac0b14838eb26ff54e7aea3e5d173a4ea,kerr-schild,"[88, 32, 16]","[22, 4, 16]",2020,3,"{""0"": 4, ""1"": 96, ""2"": 896, ""3"": 1024}","[""rho"", ""press"", ""vel1"", ""vel2"", ""vel3"", ""Bcc1"", ""Bcc2"", ""Bcc3""]","{""B"": [3, 2020, 16, 4, 22], ""prim"": [5, 2020, 16, 4, 22]}",not_available; project treats stored spherical KS coordinate components,not_available,"""not_available"""
/mnt/d/GRMHD_data/mad98.prim.00164.athdf,mad98.prim.00164.athdf,164,1640.0003791825923,913584,91779072,9fd7c78bc303c3fcdb745d9287491322d1e092ce8b0be4319d3dce0f6076b907,kerr-schild,"[88, 32, 16]","[22, 4, 16]",2020,3,"{""0"": 4, ""1"": 96, ""2"": 896, ""3"": 1024}","[""rho"", ""press"", ""vel1"", ""vel2"", ""vel3"", ""Bcc1"", ""Bcc2"", ""Bcc3""]","{""B"": [3, 2020, 16, 4, 22], ""prim"": [5, 2020, 16, 4, 22]}",not_available; project treats stored spherical KS coordinate components,not_available,"""not_available"""
/mnt/d/GRMHD_data/mad98.prim.00165.athdf,mad98.prim.00165.athdf,165,1650.0010382492626,919155,91779072,97cca3fdd3c92d68b94867420b0a06b20352a3df352b0bf5083a948f3714f65e,kerr-schild,"[88, 32, 16]","[22, 4, 16]",2020,3,"{""0"": 4, ""1"": 96, ""2"": 896, ""3"": 1024}","[""rho"", ""press"", ""vel1"", ""vel2"", ""vel3"", ""Bcc1"", ""Bcc2"", ""Bcc3""]","{""B"": [3, 2020, 16, 4, 22], ""prim"": [5, 2020, 16, 4, 22]}",not_available; project treats stored spherical KS coordinate components,not_available,"""not_available"""
/mnt/d/GRMHD_data/mad98.prim.00166.athdf,mad98.prim.00166.athdf,166,1660.001697315933,924726,91779072,8c82e468e4983f886a02ebdc19f95af31e01d8caf8c3a1a242cb95ffea4358a3,kerr-schild,"[88, 32, 16]","[22, 4, 16]",2020,3,"{""0"": 4, ""1"": 96, ""2"": 896, ""3"": 1024}","[""rho"", ""press"", ""vel1"", ""vel2"", ""vel3"", ""Bcc1"", ""Bcc2"", ""Bcc3""]","{""B"": [3, 2020, 16, 4, 22], ""prim"": [5, 2020, 16, 4, 22]}",not_available; project treats stored spherical KS coordinate components,not_available,"""not_available"""
/mnt/d/GRMHD_data/mad98.prim.00167.athdf,mad98.prim.00167.athdf,167,1670.0005612544276,930296,91779072,bf7736ee53a96eefe09237afc599e454313eb81557be1099e4c234d3d0119c25,kerr-schild,"[88, 32, 16]","[22, 4, 16]",2020,3,"{""0"": 4, ""1"": 96, ""2"": 896, ""3"": 1024}","[""rho"", ""press"", ""vel1"", ""vel2"", ""vel3"", ""Bcc1"", ""Bcc2"", ""Bcc3""]","{""B"": [3, 2020, 16, 4, 22], ""prim"": [5, 2020, 16, 4, 22]}",not_available; project treats stored spherical KS coordinate components,not_available,"""not_available"""
/mnt/d/GRMHD_data/mad98.prim.00168.athdf,mad98.prim.00168.athdf,168,1680.001220321098,935867,91779072,5b70b81a9e0dd66d38e178446a8edb75bc53bface1121badac688fa7c1562bca,kerr-schild,"[88, 32, 16]","[22, 4, 16]",2020,3,"{""0"": 4, ""1"": 96, ""2"": 896, ""3"": 1024}","[""rho"", ""press"", ""vel1"", ""vel2"", ""vel3"", ""Bcc1"", ""Bcc2"", ""Bcc3""]","{""B"": [3, 2020, 16, 4, 22], ""prim"": [5, 2020, 16, 4, 22]}",not_available; project treats stored spherical KS coordinate components,not_available,"""not_available"""
/mnt/d/GRMHD_data/mad98.prim.00169.athdf,mad98.prim.00169.athdf,169,1690.0000842595925,941437,91779072,2dfd3178e594d63518f2ae95d8811cce93e1bbb7f28832307b2a97e7da24f279,kerr-schild,"[88, 32, 16]","[22, 4, 16]",2020,3,"{""0"": 4, ""1"": 96, ""2"": 896, ""3"": 1024}","[""rho"", ""press"", ""vel1"", ""vel2"", ""vel3"", ""Bcc1"", ""Bcc2"", ""Bcc3""]","{""B"": [3, 2020, 16, 4, 22], ""prim"": [5, 2020, 16, 4, 22]}",not_available; project treats stored spherical KS coordinate components,not_available,"""not_available"""
/mnt/d/GRMHD_data/mad98.prim.00170.athdf,mad98.prim.00170.athdf,170,1700.0007433262629,947008,91779072,546a92388ad59fc83fc931968acdafeb3bca7921c6f8c731204650c3fd2ae2a0,kerr-schild,"[88, 32, 16]","[22, 4, 16]",2020,3,"{""0"": 4, ""1"": 96, ""2"": 896, ""3"": 1024}","[""rho"", ""press"", ""vel1"", ""vel2"", ""vel3"", ""Bcc1"", ""Bcc2"", ""Bcc3""]","{""B"": [3, 2020, 16, 4, 22], ""prim"": [5, 2020, 16, 4, 22]}",not_available; project treats stored spherical KS coordinate components,not_available,"""not_available"""
/mnt/d/GRMHD_data/mad98.prim.00171.athdf,mad98.prim.00171.athdf,171,1710.0014023929332,952579,91779072,679566c4e61a5ee14f66df950c1549bf9bda193168741502044cc7aff88f05e9,kerr-schild,"[88, 32, 16]","[22, 4, 16]",2020,3,"{""0"": 4, ""1"": 96, ""2"": 896, ""3"": 1024}","[""rho"", ""press"", ""vel1"", ""vel2"", ""vel3"", ""Bcc1"", ""Bcc2"", ""Bcc3""]","{""B"": [3, 2020, 16, 4, 22], ""prim"": [5, 2020, 16, 4, 22]}",not_available; project treats stored spherical KS coordinate components,not_available,"""not_available"""
/mnt/d/GRMHD_data/mad98.prim.00172.athdf,mad98.prim.00172.athdf,172,1720.0002663314278,958149,91779072,2c21a6f8e3e1872661fdf3da0755dda3dda2c9073d5f3feefe044e2d8dc2fb59,kerr-schild,"[88, 32, 16]","[22, 4, 16]",2020,3,"{""0"": 4, ""1"": 96, ""2"": 896, ""3"": 1024}","[""rho"", ""press"", ""vel1"", ""vel2"", ""vel3"", ""Bcc1"", ""Bcc2"", ""Bcc3""]","{""B"": [3, 2020, 16, 4, 22], ""prim"": [5, 2020, 16, 4, 22]}",not_available; project treats stored spherical KS coordinate components,not_available,"""not_available"""
/mnt/d/GRMHD_data/mad98.prim.00173.athdf,mad98.prim.00173.athdf,173,1730.0009253980982,963720,91779072,f6a3a7bb4e8930343f2e817a9468051673abd2b0062987e610830c27e32e7750,kerr-schild,"[88, 32, 16]","[22, 4, 16]",2020,3,"{""0"": 4, ""1"": 96, ""2"": 896, ""3"": 1024}","[""rho"", ""press"", ""vel1"", ""vel2"", ""vel3"", ""Bcc1"", ""Bcc2"", ""Bcc3""]","{""B"": [3, 2020, 16, 4, 22], ""prim"": [5, 2020, 16, 4, 22]}",not_available; project treats stored spherical KS coordinate components,not_available,"""not_available"""
/mnt/d/GRMHD_data/mad98.prim.00174.athdf,mad98.prim.00174.athdf,174,1740.0015844647685,969291,91779072,4cc5ee104ae7e58d62c2f05cdca18d1db234cad0d0ae1c5c4e4e001400e1b3ca,kerr-schild,"[88, 32, 16]","[22, 4, 16]",2020,3,"{""0"": 4, ""1"": 96, ""2"": 896, ""3"": 1024}","[""rho"", ""press"", ""vel1"", ""vel2"", ""vel3"", ""Bcc1"", ""Bcc2"", ""Bcc3""]","{""B"": [3, 2020, 16, 4, 22], ""prim"": [5, 2020, 16, 4, 22]}",not_available; project treats stored spherical KS coordinate components,not_available,"""not_available"""
/mnt/d/GRMHD_data/mad98.prim.00175.athdf,mad98.prim.00175.athdf,175,1750.0004484032631,974861,91779072,0984359767592a309bdac3629c94ea8021d74b68790ffd2ffadf4dcd514afad7,kerr-schild,"[88, 32, 16]","[22, 4, 16]",2020,3,"{""0"": 4, ""1"": 96, ""2"": 896, ""3"": 1024}","[""rho"", ""press"", ""vel1"", ""vel2"", ""vel3"", ""Bcc1"", ""Bcc2"", ""Bcc3""]","{""B"": [3, 2020, 16, 4, 22], ""prim"": [5, 2020, 16, 4, 22]}",not_available; project treats stored spherical KS coordinate components,not_available,"""not_available"""
/mnt/d/GRMHD_data/mad98.prim.00176.athdf,mad98.prim.00176.athdf,176,1760.0011074699335,980432,91779072,4bb19a71a305883b66a24531936b21836c4c62ebe30c2ca171d3dd75a183e3e6,kerr-schild,"[88, 32, 16]","[22, 4, 16]",2020,3,"{""0"": 4, ""1"": 96, ""2"": 896, ""3"": 1024}","[""rho"", ""press"", ""vel1"", ""vel2"", ""vel3"", ""Bcc1"", ""Bcc2"", ""Bcc3""]","{""B"": [3, 2020, 16, 4, 22], ""prim"": [5, 2020, 16, 4, 22]}",not_available; project treats stored spherical KS coordinate components,not_available,"""not_available"""
/mnt/d/GRMHD_data/mad98.prim.00177.athdf,mad98.prim.00177.athdf,177,1770.0017665366038,986003,91779072,acc7e70b4ae4fc6e36a00a9b51899c9f28d589c56120d3ba6fa0435e446fa464,kerr-schild,"[88, 32, 16]","[22, 4, 16]",2020,3,"{""0"": 4, ""1"": 96, ""2"": 896, ""3"": 1024}","[""rho"", ""press"", ""vel1"", ""vel2"", ""vel3"", ""Bcc1"", ""Bcc2"", ""Bcc3""]","{""B"": [3, 2020, 16, 4, 22], ""prim"": [5, 2020, 16, 4, 22]}",not_available; project treats stored spherical KS coordinate components,not_available,"""not_available"""
/mnt/d/GRMHD_data/mad98.prim.00178.athdf,mad98.prim.00178.athdf,178,1780.0006304750984,991573,91779072,c51b6e4f5edae0ade261cdf49f723b930221f05d2d65d22516a573d77b3fc38b,kerr-schild,"[88, 32, 16]","[22, 4, 16]",2020,3,"{""0"": 4, ""1"": 96, ""2"": 896, ""3"": 1024}","[""rho"", ""press"", ""vel1"", ""vel2"", ""vel3"", ""Bcc1"", ""Bcc2"", ""Bcc3""]","{""B"": [3, 2020, 16, 4, 22], ""prim"": [5, 2020, 16, 4, 22]}",not_available; project treats stored spherical KS coordinate components,not_available,"""not_available"""
/mnt/d/GRMHD_data/mad98.prim.00179.athdf,mad98.prim.00179.athdf,179,1790.0012895417688,997144,91779072,46c8337ad40106f4deb8d71aea76e45202a2903698eaad7b3300056e2feb519b,kerr-schild,"[88, 32, 16]","[22, 4, 16]",2020,3,"{""0"": 4, ""1"": 96, ""2"": 896, ""3"": 1024}","[""rho"", ""press"", ""vel1"", ""vel2"", ""vel3"", ""Bcc1"", ""Bcc2"", ""Bcc3""]","{""B"": [3, 2020, 16, 4, 22], ""prim"": [5, 2020, 16, 4, 22]}",not_available; project treats stored spherical KS coordinate components,not_available,"""not_available"""
/mnt/d/GRMHD_data/mad98.prim.00180.athdf,mad98.prim.00180.athdf,180,1800.0001534802634,1002714,91779072,5776753e6b49708afc36b4d38d361ab395eae33aa8c61751d2624c12594cb66f,kerr-schild,"[88, 32, 16]","[22, 4, 16]",2020,3,"{""0"": 4, ""1"": 96, ""2"": 896, ""3"": 1024}","[""rho"", ""press"", ""vel1"", ""vel2"", ""vel3"", ""Bcc1"", ""Bcc2"", ""Bcc3""]","{""B"": [3, 2020, 16, 4, 22], ""prim"": [5, 2020, 16, 4, 22]}",not_available; project treats stored spherical KS coordinate components,not_available,"""not_available"""
/mnt/d/GRMHD_data/mad98.prim.00181.athdf,mad98.prim.00181.athdf,181,1810.0008125469337,1008285,91779072,afda741a1dd75cc0d2fcbe807eb62ca83a824592197a7a028193d3993b8695ad,kerr-schild,"[88, 32, 16]","[22, 4, 16]",2020,3,"{""0"": 4, ""1"": 96, ""2"": 896, ""3"": 1024}","[""rho"", ""press"", ""vel1"", ""vel2"", ""vel3"", ""Bcc1"", ""Bcc2"", ""Bcc3""]","{""B"": [3, 2020, 16, 4, 22], ""prim"": [5, 2020, 16, 4, 22]}",not_available; project treats stored spherical KS coordinate components,not_available,"""not_available"""
/mnt/d/GRMHD_data/mad98.prim.00182.athdf,mad98.prim.00182.athdf,182,1820.001471613604,1013856,91779072,b91477b5f5af002e18b510d0ff7363a96cd92c73a62de4d731472b706c452316,kerr-schild,"[88, 32, 16]","[22, 4, 16]",2020,3,"{""0"": 4, ""1"": 96, ""2"": 896, ""3"": 1024}","[""rho"", ""press"", ""vel1"", ""vel2"", ""vel3"", ""Bcc1"", ""Bcc2"", ""Bcc3""]","{""B"": [3, 2020, 16, 4, 22], ""prim"": [5, 2020, 16, 4, 22]}",not_available; project treats stored spherical KS coordinate components,not_available,"""not_available"""
/mnt/d/GRMHD_data/mad98.prim.00183.athdf,mad98.prim.00183.athdf,183,1830.0003355520987,1019426,91779072,b933a5e9c1d33c290c3378b282362ce7f5eef533f106008873af7e94a7a3c580,kerr-schild,"[88, 32, 16]","[22, 4, 16]",2020,3,"{""0"": 4, ""1"": 96, ""2"": 896, ""3"": 1024}","[""rho"", ""press"", ""vel1"", ""vel2"", ""vel3"", ""Bcc1"", ""Bcc2"", ""Bcc3""]","{""B"": [3, 2020, 16, 4, 22], ""prim"": [5, 2020, 16, 4, 22]}",not_available; project treats stored spherical KS coordinate components,not_available,"""not_available"""
/mnt/d/GRMHD_data/mad98.prim.00184.athdf,mad98.prim.00184.athdf,184,1840.000994618769,1024997,91779072,475cdd261f4a8176c59f06b9558f997af312731755805f1197be730ee3f64327,kerr-schild,"[88, 32, 16]","[22, 4, 16]",2020,3,"{""0"": 4, ""1"": 96, ""2"": 896, ""3"": 1024}","[""rho"", ""press"", ""vel1"", ""vel2"", ""vel3"", ""Bcc1"", ""Bcc2"", ""Bcc3""]","{""B"": [3, 2020, 16, 4, 22], ""prim"": [5, 2020, 16, 4, 22]}",not_available; project treats stored spherical KS coordinate components,not_available,"""not_available"""
/mnt/d/GRMHD_data/mad98.prim.00185.athdf,mad98.prim.00185.athdf,185,1850.0016536854394,1030568,91779072,97ffd758fee5a63235b6ba8554fb1e3dde3d1bda16a1f0dae1624533e7db04b4,kerr-schild,"[88, 32, 16]","[22, 4, 16]",2020,3,"{""0"": 4, ""1"": 96, ""2"": 896, ""3"": 1024}","[""rho"", ""press"", ""vel1"", ""vel2"", ""vel3"", ""Bcc1"", ""Bcc2"", ""Bcc3""]","{""B"": [3, 2020, 16, 4, 22], ""prim"": [5, 2020, 16, 4, 22]}",not_available; project treats stored spherical KS coordinate components,not_available,"""not_available"""
/mnt/d/GRMHD_data/mad98.prim.00186.athdf,mad98.prim.00186.athdf,186,1860.000517623934,1036138,91779072,d8065bb1e61833669eb42287a80b18c0b27cfcd632690fa3b62794c045b33fed,kerr-schild,"[88, 32, 16]","[22, 4, 16]",2020,3,"{""0"": 4, ""1"": 96, ""2"": 896, ""3"": 1024}","[""rho"", ""press"", ""vel1"", ""vel2"", ""vel3"", ""Bcc1"", ""Bcc2"", ""Bcc3""]","{""B"": [3, 2020, 16, 4, 22], ""prim"": [5, 2020, 16, 4, 22]}",not_available; project treats stored spherical KS coordinate components,not_available,"""not_available"""
/mnt/d/GRMHD_data/mad98.prim.00187.athdf,mad98.prim.00187.athdf,187,1870.0011766906043,1041709,91779072,c11d72d9b2c366ec7da4cc0cf12a8c06ceeb8cbc707d72c878ad865912c4d0b0,kerr-schild,"[88, 32, 16]","[22, 4, 16]",2020,3,"{""0"": 4, ""1"": 96, ""2"": 896, ""3"": 1024}","[""rho"", ""press"", ""vel1"", ""vel2"", ""vel3"", ""Bcc1"", ""Bcc2"", ""Bcc3""]","{""B"": [3, 2020, 16, 4, 22], ""prim"": [5, 2020, 16, 4, 22]}",not_available; project treats stored spherical KS coordinate components,not_available,"""not_available"""
/mnt/d/GRMHD_data/mad98.prim.00188.athdf,mad98.prim.00188.athdf,188,1880.000040629099,1047279,91779072,51e562522c8ef01d9220a258344210a51d878a522b9ea396e4f930efd39a6c97,kerr-schild,"[88, 32, 16]","[22, 4, 16]",2020,3,"{""0"": 4, ""1"": 96, ""2"": 896, ""3"": 1024}","[""rho"", ""press"", ""vel1"", ""vel2"", ""vel3"", ""Bcc1"", ""Bcc2"", ""Bcc3""]","{""B"": [3, 2020, 16, 4, 22], ""prim"": [5, 2020, 16, 4, 22]}",not_available; project treats stored spherical KS coordinate components,not_available,"""not_available"""
/mnt/d/GRMHD_data/mad98.prim.00189.athdf,mad98.prim.00189.athdf,189,1890.0006996957693,1052850,91779072,a51b944cf02b3de95054d4c5e27e8aedd34720bffad3f289b2dc7543673526b0,kerr-schild,"[88, 32, 16]","[22, 4, 16]",2020,3,"{""0"": 4, ""1"": 96, ""2"": 896, ""3"": 1024}","[""rho"", ""press"", ""vel1"", ""vel2"", ""vel3"", ""Bcc1"", ""Bcc2"", ""Bcc3""]","{""B"": [3, 2020, 16, 4, 22], ""prim"": [5, 2020, 16, 4, 22]}",not_available; project treats stored spherical KS coordinate components,not_available,"""not_available"""
/mnt/d/GRMHD_data/mad98.prim.00190.athdf,mad98.prim.00190.athdf,190,1900.0013587624396,1058421,91779072,113751c86c6931db14911c480b390451b5da299b1a31babf74d3dd74f073c8df,kerr-schild,"[88, 32, 16]","[22, 4, 16]",2020,3,"{""0"": 4, ""1"": 96, ""2"": 896, ""3"": 1024}","[""rho"", ""press"", ""vel1"", ""vel2"", ""vel3"", ""Bcc1"", ""Bcc2"", ""Bcc3""]","{""B"": [3, 2020, 16, 4, 22], ""prim"": [5, 2020, 16, 4, 22]}",not_available; project treats stored spherical KS coordinate components,not_available,"""not_available"""
/mnt/d/GRMHD_data/mad98.prim.00191.athdf,mad98.prim.00191.athdf,191,1910.0002227009343,1063991,91779072,5a5d559bfab76eda2081c55fe4ec5c26743b689bef95aca9f2eebb254973f24e,kerr-schild,"[88, 32, 16]","[22, 4, 16]",2020,3,"{""0"": 4, ""1"": 96, ""2"": 896, ""3"": 1024}","[""rho"", ""press"", ""vel1"", ""vel2"", ""vel3"", ""Bcc1"", ""Bcc2"", ""Bcc3""]","{""B"": [3, 2020, 16, 4, 22], ""prim"": [5, 2020, 16, 4, 22]}",not_available; project treats stored spherical KS coordinate components,not_available,"""not_available"""
/mnt/d/GRMHD_data/mad98.prim.00192.athdf,mad98.prim.00192.athdf,192,1920.0008817676046,1069562,91779072,47b54d231d0d98812235f54d28b0a0751580f8362d21833a76a886c07969f829,kerr-schild,"[88, 32, 16]","[22, 4, 16]",2020,3,"{""0"": 4, ""1"": 96, ""2"": 896, ""3"": 1024}","[""rho"", ""press"", ""vel1"", ""vel2"", ""vel3"", ""Bcc1"", ""Bcc2"", ""Bcc3""]","{""B"": [3, 2020, 16, 4, 22], ""prim"": [5, 2020, 16, 4, 22]}",not_available; project treats stored spherical KS coordinate components,not_available,"""not_available"""
/mnt/d/GRMHD_data/mad98.prim.00193.athdf,mad98.prim.00193.athdf,193,1930.001540834275,1075133,91779072,ab7247daa568557659746982e4da4bbcf6bf1bfd2f013e53254528cd8b52f3f1,kerr-schild,"[88, 32, 16]","[22, 4, 16]",2020,3,"{""0"": 4, ""1"": 96, ""2"": 896, ""3"": 1024}","[""rho"", ""press"", ""vel1"", ""vel2"", ""vel3"", ""Bcc1"", ""Bcc2"", ""Bcc3""]","{""B"": [3, 2020, 16, 4, 22], ""prim"": [5, 2020, 16, 4, 22]}",not_available; project treats stored spherical KS coordinate components,not_available,"""not_available"""
/mnt/d/GRMHD_data/mad98.prim.00194.athdf,mad98.prim.00194.athdf,194,1940.0004047727696,1080703,91779072,fc6eb33c12e279fffdf8464be876be3b3d49341a53062f67fcd30d624a371f6a,kerr-schild,"[88, 32, 16]","[22, 4, 16]",2020,3,"{""0"": 4, ""1"": 96, ""2"": 896, ""3"": 1024}","[""rho"", ""press"", ""vel1"", ""vel2"", ""vel3"", ""Bcc1"", ""Bcc2"", ""Bcc3""]","{""B"": [3, 2020, 16, 4, 22], ""prim"": [5, 2020, 16, 4, 22]}",not_available; project treats stored spherical KS coordinate components,not_available,"""not_available"""
/mnt/d/GRMHD_data/mad98.prim.00195.athdf,mad98.prim.00195.athdf,195,1950.00106383944,1086274,91779072,d6608737b6113ee1dd379c94bd85cfeb414dc782162004885ac885572b0806f5,kerr-schild,"[88, 32, 16]","[22, 4, 16]",2020,3,"{""0"": 4, ""1"": 96, ""2"": 896, ""3"": 1024}","[""rho"", ""press"", ""vel1"", ""vel2"", ""vel3"", ""Bcc1"", ""Bcc2"", ""Bcc3""]","{""B"": [3, 2020, 16, 4, 22], ""prim"": [5, 2020, 16, 4, 22]}",not_available; project treats stored spherical KS coordinate components,not_available,"""not_available"""
/mnt/d/GRMHD_data/mad98.prim.00196.athdf,mad98.prim.00196.athdf,196,1960.0017229061102,1091845,91779072,77b3adcd3d4e1eea629cb9db3b68b4ef1a3f2bda1753d0c876363b581ad094cc,kerr-schild,"[88, 32, 16]","[22, 4, 16]",2020,3,"{""0"": 4, ""1"": 96, ""2"": 896, ""3"": 1024}","[""rho"", ""press"", ""vel1"", ""vel2"", ""vel3"", ""Bcc1"", ""Bcc2"", ""Bcc3""]","{""B"": [3, 2020, 16, 4, 22], ""prim"": [5, 2020, 16, 4, 22]}",not_available; project treats stored spherical KS coordinate components,not_available,"""not_available"""
/mnt/d/GRMHD_data/mad98.prim.00197.athdf,mad98.prim.00197.athdf,197,1970.0005868446049,1097415,91779072,de9992a9e824a4b87fbca62fb04004bcf374ef790279ff511a89811eea502b0e,kerr-schild,"[88, 32, 16]","[22, 4, 16]",2020,3,"{""0"": 4, ""1"": 96, ""2"": 896, ""3"": 1024}","[""rho"", ""press"", ""vel1"", ""vel2"", ""vel3"", ""Bcc1"", ""Bcc2"", ""Bcc3""]","{""B"": [3, 2020, 16, 4, 22], ""prim"": [5, 2020, 16, 4, 22]}",not_available; project treats stored spherical KS coordinate components,not_available,"""not_available"""
/mnt/d/GRMHD_data/mad98.prim.00198.athdf,mad98.prim.00198.athdf,198,1980.0012459112752,1102986,91779072,10ae13ab2f94d7eee3e7699c0d95a26e85a78806ac8c359e402db8e24b8a39a8,kerr-schild,"[88, 32, 16]","[22, 4, 16]",2020,3,"{""0"": 4, ""1"": 96, ""2"": 896, ""3"": 1024}","[""rho"", ""press"", ""vel1"", ""vel2"", ""vel3"", ""Bcc1"", ""Bcc2"", ""Bcc3""]","{""B"": [3, 2020, 16, 4, 22], ""prim"": [5, 2020, 16, 4, 22]}",not_available; project treats stored spherical KS coordinate components,not_available,"""not_available"""
/mnt/d/GRMHD_data/mad98.prim.00199.athdf,mad98.prim.00199.athdf,199,1990.0001098497698,1108556,91779072,a7a7d4dd3572e36225ee099b3f7b2f0ac01bc8509f9f8e88ff8d10b9b0141e17,kerr-schild,"[88, 32, 16]","[22, 4, 16]",2020,3,"{""0"": 4, ""1"": 96, ""2"": 896, ""3"": 1024}","[""rho"", ""press"", ""vel1"", ""vel2"", ""vel3"", ""Bcc1"", ""Bcc2"", ""Bcc3""]","{""B"": [3, 2020, 16, 4, 22], ""prim"": [5, 2020, 16, 4, 22]}",not_available; project treats stored spherical KS coordinate components,not_available,"""not_available"""
/mnt/d/GRMHD_data/mad98.prim.00200.athdf,mad98.prim.00200.athdf,200,2000.0007689164402,1114127,91779072,120a0616734be09fa3a28796bf013e3b029d6a333036d491282f44d334288f96,kerr-schild,"[88, 32, 16]","[22, 4, 16]",2020,3,"{""0"": 4, ""1"": 96, ""2"": 896, ""3"": 1024}","[""rho"", ""press"", ""vel1"", ""vel2"", ""vel3"", ""Bcc1"", ""Bcc2"", ""Bcc3""]","{""B"": [3, 2020, 16, 4, 22], ""prim"": [5, 2020, 16, 4, 22]}",not_available; project treats stored spherical KS coordinate components,not_available,"""not_available"""
/mnt/d/GRMHD_data/mad98.prim.00201.athdf,mad98.prim.00201.athdf,201,2010.0014279831105,1119698,91779072,a95888702bfc584d75802d87fc7f59b4a45ce4fddb943a193d4e3f83f21d134b,kerr-schild,"[88, 32, 16]","[22, 4, 16]",2020,3,"{""0"": 4, ""1"": 96, ""2"": 896, ""3"": 1024}","[""rho"", ""press"", ""vel1"", ""vel2"", ""vel3"", ""Bcc1"", ""Bcc2"", ""Bcc3""]","{""B"": [3, 2020, 16, 4, 22], ""prim"": [5, 2020, 16, 4, 22]}",not_available; project treats stored spherical KS coordinate components,not_available,"""not_available"""
/mnt/d/GRMHD_data/mad98.prim.00202.athdf,mad98.prim.00202.athdf,202,2020.0002919216051,1125268,91779072,13cd7eb6913765af97d1d55547c43c1433b923dc8924094ad7e889de8b2761be,kerr-schild,"[88, 32, 16]","[22, 4, 16]",2020,3,"{""0"": 4, ""1"": 96, ""2"": 896, ""3"": 1024}","[""rho"", ""press"", ""vel1"", ""vel2"", ""vel3"", ""Bcc1"", ""Bcc2"", ""Bcc3""]","{""B"": [3, 2020, 16, 4, 22], ""prim"": [5, 2020, 16, 4, 22]}",not_available; project treats stored spherical KS coordinate components,not_available,"""not_available"""
/mnt/d/GRMHD_data/mad98.prim.00203.athdf,mad98.prim.00203.athdf,203,2030.0009509882755,1130839,91779072,84c639e40ce4b4683e883e85f94165e53188b1b213c6e343ca16701f65d8c3fe,kerr-schild,"[88, 32, 16]","[22, 4, 16]",2020,3,"{""0"": 4, ""1"": 96, ""2"": 896, ""3"": 1024}","[""rho"", ""press"", ""vel1"", ""vel2"", ""vel3"", ""Bcc1"", ""Bcc2"", ""Bcc3""]","{""B"": [3, 2020, 16, 4, 22], ""prim"": [5, 2020, 16, 4, 22]}",not_available; project treats stored spherical KS coordinate components,not_available,"""not_available"""
/mnt/d/GRMHD_data/mad98.prim.00204.athdf,mad98.prim.00204.athdf,204,2040.0016100549458,1136410,91779072,08c424143d5708676adf41b2a58b9526bc6e8e5fd622cdb52ce0e2af46020144,kerr-schild,"[88, 32, 16]","[22, 4, 16]",2020,3,"{""0"": 4, ""1"": 96, ""2"": 896, ""3"": 1024}","[""rho"", ""press"", ""vel1"", ""vel2"", ""vel3"", ""Bcc1"", ""Bcc2"", ""Bcc3""]","{""B"": [3, 2020, 16, 4, 22], ""prim"": [5, 2020, 16, 4, 22]}",not_available; project treats stored spherical KS coordinate components,not_available,"""not_available"""
/mnt/d/GRMHD_data/mad98.prim.00205.athdf,mad98.prim.00205.athdf,205,2050.00047399344,1141980,91779072,068a1cbac5aa946e6a75a818bfef912ac374f9db70d42f8af26bf1355a22038d,kerr-schild,"[88, 32, 16]","[22, 4, 16]",2020,3,"{""0"": 4, ""1"": 96, ""2"": 896, ""3"": 1024}","[""rho"", ""press"", ""vel1"", ""vel2"", ""vel3"", ""Bcc1"", ""Bcc2"", ""Bcc3""]","{""B"": [3, 2020, 16, 4, 22], ""prim"": [5, 2020, 16, 4, 22]}",not_available; project treats stored spherical KS coordinate components,not_available,"""not_available"""
/mnt/d/GRMHD_data/mad98.prim.00206.athdf,mad98.prim.00206.athdf,206,2060.0011330601105,1147551,91779072,9e212a9cda6c75015b5baf13cd08ffd54814c872dec10f4bd115157387066a6a,kerr-schild,"[88, 32, 16]","[22, 4, 16]",2020,3,"{""0"": 4, ""1"": 96, ""2"": 896, ""3"": 1024}","[""rho"", ""press"", ""vel1"", ""vel2"", ""vel3"", ""Bcc1"", ""Bcc2"", ""Bcc3""]","{""B"": [3, 2020, 16, 4, 22], ""prim"": [5, 2020, 16, 4, 22]}",not_available; project treats stored spherical KS coordinate components,not_available,"""not_available"""
/mnt/d/GRMHD_data/mad98.prim.00207.athdf,mad98.prim.00207.athdf,207,2070.001792126781,1153122,91779072,7b456a20bd2521f6e8eccf40fef5b4950fa1b5630e198f8eabf63238dfb41699,kerr-schild,"[88, 32, 16]","[22, 4, 16]",2020,3,"{""0"": 4, ""1"": 96, ""2"": 896, ""3"": 1024}","[""rho"", ""press"", ""vel1"", ""vel2"", ""vel3"", ""Bcc1"", ""Bcc2"", ""Bcc3""]","{""B"": [3, 2020, 16, 4, 22], ""prim"": [5, 2020, 16, 4, 22]}",not_available; project treats stored spherical KS coordinate components,not_available,"""not_available"""
/mnt/d/GRMHD_data/mad98.prim.00208.athdf,mad98.prim.00208.athdf,208,2080.0006560652755,1158692,91779072,c177b207111b3a01bb4db93793db28f3d7bb7c07bafb15c9eda34599a630abc6,kerr-schild,"[88, 32, 16]","[22, 4, 16]",2020,3,"{""0"": 4, ""1"": 96, ""2"": 896, ""3"": 1024}","[""rho"", ""press"", ""vel1"", ""vel2"", ""vel3"", ""Bcc1"", ""Bcc2"", ""Bcc3""]","{""B"": [3, 2020, 16, 4, 22], ""prim"": [5, 2020, 16, 4, 22]}",not_available; project treats stored spherical KS coordinate components,not_available,"""not_available"""
/mnt/d/GRMHD_data/mad98.prim.00209.athdf,mad98.prim.00209.athdf,209,2090.001315131946,1164263,91779072,3aca8214389dad293cd7d866afc86d1e863fcebb0c794ceadedfbc6c2c212dce,kerr-schild,"[88, 32, 16]","[22, 4, 16]",2020,3,"{""0"": 4, ""1"": 96, ""2"": 896, ""3"": 1024}","[""rho"", ""press"", ""vel1"", ""vel2"", ""vel3"", ""Bcc1"", ""Bcc2"", ""Bcc3""]","{""B"": [3, 2020, 16, 4, 22], ""prim"": [5, 2020, 16, 4, 22]}",not_available; project treats stored spherical KS coordinate components,not_available,"""not_available"""
/mnt/d/GRMHD_data/mad98.prim.00210.athdf,mad98.prim.00210.athdf,210,2100.0001790704405,1169833,91779072,ce9c0ff2f45edc590e1b747f4bf7fbddb600f1531807770ddfbb5e5dd8170e64,kerr-schild,"[88, 32, 16]","[22, 4, 16]",2020,3,"{""0"": 4, ""1"": 96, ""2"": 896, ""3"": 1024}","[""rho"", ""press"", ""vel1"", ""vel2"", ""vel3"", ""Bcc1"", ""Bcc2"", ""Bcc3""]","{""B"": [3, 2020, 16, 4, 22], ""prim"": [5, 2020, 16, 4, 22]}",not_available; project treats stored spherical KS coordinate components,not_available,"""not_available"""
/mnt/d/GRMHD_data/mad98.prim.00211.athdf,mad98.prim.00211.athdf,211,2110.000838137111,1175404,91779072,da1d1b2038fea5eed890c4a7a5b2e30229edf7e84c0fcf548cd62ca969a2a948,kerr-schild,"[88, 32, 16]","[22, 4, 16]",2020,3,"{""0"": 4, ""1"": 96, ""2"": 896, ""3"": 1024}","[""rho"", ""press"", ""vel1"", ""vel2"", ""vel3"", ""Bcc1"", ""Bcc2"", ""Bcc3""]","{""B"": [3, 2020, 16, 4, 22], ""prim"": [5, 2020, 16, 4, 22]}",not_available; project treats stored spherical KS coordinate components,not_available,"""not_available"""
