channel,display_name,radial_index,region,sample_count,skill_mean,skill_median,variant
Bcc1,W1,0,inner,42,-38.53734777433102,-18.440503433547054,mixed_basis
Bcc1,W1,1,inner,42,-16.47649081421368,-6.620375837860557,mixed_basis
Bcc1,W1,2,inner,42,-61.215151192791815,-10.654309826266118,mixed_basis
Bcc1,W1,3,inner,42,-57.98163216512318,-18.30268375952638,mixed_basis
Bcc1,W1,4,inner,42,-72.0493851520208,-20.386846635718914,mixed_basis
Bcc1,W1,5,inner,42,-164.98573375110837,-24.948237868407098,mixed_basis
Bcc1,W1,6,inner,42,-512.6092861514014,-42.00962554259833,mixed_basis
Bcc1,W1,7,inner,42,-130.85193718887632,-94.96787437658244,mixed_basis
Bcc1,W1,8,inner,42,-534.9651631912238,-135.24366838853103,mixed_basis
Bcc1,W1,9,inner,42,-677.5618423915139,-319.96364702040404,mixed_basis
Bcc1,W1,10,inner,42,-252.75665675081777,-86.9694318081235,mixed_basis
Bcc1,W1,11,inner,42,-963.6187158711463,-129.5240605474146,mixed_basis
Bcc1,W1,12,inner,42,-583.5628652904209,-166.47818022830452,mixed_basis
Bcc1,W1,13,inner,42,-1653.2463542593814,-246.90292670321094,mixed_basis
Bcc1,W1,14,inner,42,-767.6981161521029,-331.5893210128139,mixed_basis
Bcc1,W1,15,inner,42,-558.8235351893511,-370.4745312196328,mixed_basis
Bcc1,W1,16,inner,42,-798.8745528442738,-242.53844189610726,mixed_basis
Bcc1,W1,17,inner,42,-2383.7613234154255,-170.02939095669086,mixed_basis
Bcc1,W1,18,inner,42,-483.27668427533547,-143.02523641064965,mixed_basis
Bcc1,W1,19,inner,42,-2460.606481291632,-131.44244694791388,mixed_basis
Bcc1,W1,20,inner,42,-276.714195945464,-56.79346100462637,mixed_basis
Bcc1,W1,21,middle,42,-130.20685841373907,-58.86431965327459,mixed_basis
Bcc1,W1,22,middle,42,-111.05225259150355,-40.7888887183778,mixed_basis
Bcc1,W1,23,middle,42,-31.645592233813506,-21.96040541045935,mixed_basis
Bcc1,W1,24,middle,42,-32.87377892588542,-20.650535782432193,mixed_basis
Bcc1,W1,25,middle,42,-793.8102983046953,-17.80682009263284,mixed_basis
Bcc1,W1,26,middle,42,-56.1759180090793,-21.295135860256444,mixed_basis
Bcc1,W1,27,middle,42,-414.7029993139103,-27.53454310616382,mixed_basis
Bcc1,W1,28,middle,42,-71.6824221820372,-26.257726083285,mixed_basis
Bcc1,W1,29,middle,42,-96.53276511874952,-22.220815781783944,mixed_basis
Bcc1,W1,30,middle,42,-59.022687724794615,-22.818136850543432,mixed_basis
Bcc1,W1,31,middle,42,-82.7097469483845,-17.471570809720006,mixed_basis
Bcc1,W1,32,middle,42,-49.862643359387235,-19.72276958424139,mixed_basis
Bcc1,W1,33,middle,42,-108.37640215785999,-15.950126364545198,mixed_basis
Bcc1,W1,34,middle,42,-28.06985181596845,-13.47194821270367,mixed_basis
Bcc1,W1,35,middle,42,-115.25719617560306,-12.594014762785102,mixed_basis
Bcc1,W1,36,middle,42,-33.159527116805826,-11.352894297859454,mixed_basis
Bcc1,W1,37,middle,42,-41.796727803298495,-13.991963469270711,mixed_basis
Bcc1,W1,38,middle,42,-43.78947632883004,-9.617019493377825,mixed_basis
Bcc1,W1,39,middle,42,-68.36090995818189,-9.93835518125574,mixed_basis
Bcc1,W1,40,middle,42,-20.70038859132177,-8.524511951035006,mixed_basis
Bcc1,W1,41,middle,42,-55.85589774797406,-5.652690671653216,mixed_basis
Bcc1,W1,42,outer,42,-17.955366011951355,-9.760198162866802,mixed_basis
Bcc1,W1,43,outer,42,-84.53350792923207,-7.044840919480182,mixed_basis
Bcc1,W1,44,outer,42,-32.952489168891574,-6.590173059426117,mixed_basis
Bcc1,W1,45,outer,42,-51.97372005706188,-9.25348077177961,mixed_basis
Bcc1,W1,46,outer,42,-64.72984605300964,-13.864631603836505,mixed_basis
Bcc1,W1,47,outer,42,-62.65999942888615,-25.68863224505184,mixed_basis
Bcc1,W1,48,outer,42,-56.6392729170996,-22.74628059512189,mixed_basis
Bcc1,W1,49,outer,42,-71.04006863828153,-23.207165139838132,mixed_basis
Bcc1,W1,50,outer,42,-117.41332373626587,-32.06232011431848,mixed_basis
Bcc1,W1,51,outer,42,-1254.3994523118386,-37.21776041332386,mixed_basis
Bcc1,W1,52,outer,42,-112.38927017507396,-41.43043686830801,mixed_basis
Bcc1,W1,53,outer,42,-168.48643844732138,-42.06447505437947,mixed_basis
Bcc1,W1,54,outer,42,-119.16431011948201,-49.65750814488323,mixed_basis
Bcc1,W1,55,outer,42,-259.82785976579424,-46.52927226240688,mixed_basis
Bcc1,W1,56,outer,42,-1976.1310382178178,-36.23235776971694,mixed_basis
Bcc1,W1,57,outer,42,-101.38935819055658,-26.508085450950613,mixed_basis
Bcc1,W1,58,outer,42,-198.62146590277266,-27.725844371538713,mixed_basis
Bcc1,W1,59,outer,42,-501.6981427067387,-28.19851159886933,mixed_basis
Bcc1,W1,60,outer,42,-91.08878698224859,-29.13680454194006,mixed_basis
Bcc1,W1,61,outer,42,-602.1390222928139,-48.71722128898389,mixed_basis
Bcc1,W1,62,outer,42,-457.71299359636924,-87.28970379246061,mixed_basis
Bcc1,W1,63,outer,42,-849.6683081716209,-287.2689612868412,mixed_basis
Bcc2,W1,0,inner,42,-13.571396198481104,-2.611600603449842,mixed_basis
Bcc2,W1,1,inner,42,-13.614592260039299,-0.7967806676781923,mixed_basis
Bcc2,W1,2,inner,42,-5.409395843955918,-0.6033720332535373,mixed_basis
Bcc2,W1,3,inner,42,-10.860351176666017,-1.957087403007468,mixed_basis
Bcc2,W1,4,inner,42,-7.990394941671832,-2.6810648177773277,mixed_basis
Bcc2,W1,5,inner,42,-14.39570135618463,-4.148715807268175,mixed_basis
Bcc2,W1,6,inner,42,-47.319549914509714,-4.482777183717301,mixed_basis
Bcc2,W1,7,inner,42,-6.377734108141402,-2.59710996960161,mixed_basis
Bcc2,W1,8,inner,42,-9.376169287849939,-2.1339471350331625,mixed_basis
Bcc2,W1,9,inner,42,-38.70330410242087,-1.5624648988709804,mixed_basis
Bcc2,W1,10,inner,42,-48.17676786328276,-1.9157559539293558,mixed_basis
Bcc2,W1,11,inner,42,-5.100529311195088,-3.0983696041221065,mixed_basis
Bcc2,W1,12,inner,42,-371.3969269253634,-1.9896558797682105,mixed_basis
Bcc2,W1,13,inner,42,-7.731402549139904,-3.263372959666353,mixed_basis
Bcc2,W1,14,inner,42,-7.569943851589075,-3.10175387406585,mixed_basis
Bcc2,W1,15,inner,42,-7.676948423339866,-3.188569821010699,mixed_basis
Bcc2,W1,16,inner,42,-9.883316376807123,-2.3176328769728123,mixed_basis
Bcc2,W1,17,inner,42,-14.06985876601889,-1.428926505896665,mixed_basis
Bcc2,W1,18,inner,42,-23.356035827586577,-1.5787962907978883,mixed_basis
Bcc2,W1,19,inner,42,-2.8050715457001996,-1.459102355536528,mixed_basis
Bcc2,W1,20,inner,42,-1.8291057127755947,-0.872879921039033,mixed_basis
Bcc2,W1,21,middle,42,-6.950613261977175,-1.567202676504441,mixed_basis
Bcc2,W1,22,middle,42,-16.53428312489118,-2.3616827724176135,mixed_basis
Bcc2,W1,23,middle,42,-9.24030426459594,-3.770156640324195,mixed_basis
Bcc2,W1,24,middle,42,-22.42756598102043,-3.516216134636676,mixed_basis
Bcc2,W1,25,middle,42,-8.536002465010991,-2.7193120904362447,mixed_basis
Bcc2,W1,26,middle,42,-6.687676444771584,-2.2153813060057868,mixed_basis
Bcc2,W1,27,middle,42,-7.8307991137015405,-1.1695832297752455,mixed_basis
Bcc2,W1,28,middle,42,-1.5449219952328723,0.005626043766373101,mixed_basis
Bcc2,W1,29,middle,42,-3.1760705591935414,-0.3384189644270361,mixed_basis
Bcc2,W1,30,middle,42,-4.20660093377604,-1.2850549958139157,mixed_basis
Bcc2,W1,31,middle,42,-437.2295597535759,-1.76296711226136,mixed_basis
Bcc2,W1,32,middle,42,-89.81268518489277,-1.9964111718022932,mixed_basis
Bcc2,W1,33,middle,42,-21.357179648246507,-3.536665087691626,mixed_basis
Bcc2,W1,34,middle,42,-4.225654018222203,-1.4542821582003984,mixed_basis
Bcc2,W1,35,middle,42,-11.086481553724388,-0.8922545362947638,mixed_basis
Bcc2,W1,36,middle,42,-11.233058523689307,-1.0595043890162559,mixed_basis
Bcc2,W1,37,middle,42,-9.716774124172705,-2.334995518539647,mixed_basis
Bcc2,W1,38,middle,42,-3.528219282839532,-1.0200008873080975,mixed_basis
Bcc2,W1,39,middle,42,-7.39441736547333,-1.046757765980931,mixed_basis
Bcc2,W1,40,middle,42,-9.543730909247333,-5.711601746921435,mixed_basis
Bcc2,W1,41,middle,42,-30.750054712846854,-12.508970782480667,mixed_basis
Bcc2,W1,42,outer,42,-64.49535266488714,-14.97764100541011,mixed_basis
Bcc2,W1,43,outer,42,-255.50902614283123,-27.352822029671792,mixed_basis
Bcc2,W1,44,outer,42,-286.4425242561597,-38.01961485189013,mixed_basis
Bcc2,W1,45,outer,42,-128.95392003900363,-57.95352524354807,mixed_basis
Bcc2,W1,46,outer,42,-154.21130857812653,-86.6847630519942,mixed_basis
Bcc2,W1,47,outer,42,-188.22904623426706,-120.94179204603257,mixed_basis
Bcc2,W1,48,outer,42,-474.40068931598495,-135.43996943472115,mixed_basis
Bcc2,W1,49,outer,42,-447.0458059196776,-174.86197738551516,mixed_basis
Bcc2,W1,50,outer,42,-4650.438230813494,-273.82857739418114,mixed_basis
Bcc2,W1,51,outer,42,-1037.973308961175,-430.23361599690975,mixed_basis
Bcc2,W1,52,outer,42,-809.7535520988071,-419.63479228799474,mixed_basis
Bcc2,W1,53,outer,42,-798.2929694243714,-419.62084219574274,mixed_basis
Bcc2,W1,54,outer,42,-1107.1914460058922,-545.0015258447725,mixed_basis
Bcc2,W1,55,outer,42,-2270.642535357843,-602.1325187207572,mixed_basis
Bcc2,W1,56,outer,42,-1878.9141572895162,-801.2343951243147,mixed_basis
Bcc2,W1,57,outer,42,-1551.4258405257656,-866.6453091688024,mixed_basis
Bcc2,W1,58,outer,42,-2202.9350228410194,-661.9252189131319,mixed_basis
Bcc2,W1,59,outer,42,-3358.8055147797913,-956.0888858114754,mixed_basis
Bcc2,W1,60,outer,42,-147186.14057728686,-1331.7989933516315,mixed_basis
Bcc2,W1,61,outer,42,-3059.9737916049894,-1097.370456438999,mixed_basis
Bcc2,W1,62,outer,42,-29082.553278094234,-1770.5133436281894,mixed_basis
Bcc2,W1,63,outer,42,-18250.325502802127,-6785.903820781763,mixed_basis
Bcc3,W1,0,inner,42,-5.034008265003066,-0.7346154752553682,mixed_basis
Bcc3,W1,1,inner,42,-18.572854657040676,-0.6305203897144563,mixed_basis
Bcc3,W1,2,inner,42,-5.93784294693895,-0.6221180765446361,mixed_basis
Bcc3,W1,3,inner,42,-19.86023916518673,-3.238705180713487,mixed_basis
Bcc3,W1,4,inner,42,-23.5482320327887,-2.0816219092181436,mixed_basis
Bcc3,W1,5,inner,42,-24.14370022892504,-2.50068178663374,mixed_basis
Bcc3,W1,6,inner,42,-445.05392720433326,-4.92589440758294,mixed_basis
Bcc3,W1,7,inner,42,-52.01397572260108,-9.748465735066631,mixed_basis
Bcc3,W1,8,inner,42,-116.62723279748596,-7.975424608513016,mixed_basis
Bcc3,W1,9,inner,42,-67.41208132173519,-6.744770936542945,mixed_basis
Bcc3,W1,10,inner,42,-39.72080911929927,-3.761135603184376,mixed_basis
Bcc3,W1,11,inner,42,-20.22127226188379,-6.561053692897093,mixed_basis
Bcc3,W1,12,inner,42,-18.508654996043113,-6.621983141546663,mixed_basis
Bcc3,W1,13,inner,42,-25.535276545606216,-5.8347790840853,mixed_basis
Bcc3,W1,14,inner,42,-8.440716456650875,-4.870482200981687,mixed_basis
Bcc3,W1,15,inner,42,-22.16570637949755,-3.5324030402700313,mixed_basis
Bcc3,W1,16,inner,42,-17.30438422474239,-3.375545133332848,mixed_basis
Bcc3,W1,17,inner,42,-9.616364610523906,-4.059718824773695,mixed_basis
Bcc3,W1,18,inner,42,-19.872187295309,-3.8200111103021763,mixed_basis
Bcc3,W1,19,inner,42,-14.73801977458066,-5.234880592125572,mixed_basis
Bcc3,W1,20,inner,42,-9.082142869580828,-5.21956318920345,mixed_basis
Bcc3,W1,21,middle,42,-4.227043270807202,-1.8705271544866986,mixed_basis
Bcc3,W1,22,middle,42,-6.054207696679574,-3.0980521916200345,mixed_basis
Bcc3,W1,23,middle,42,-22.583218127012874,-3.4805406073656817,mixed_basis
Bcc3,W1,24,middle,42,-3.721303064336616,-2.6249240172019435,mixed_basis
Bcc3,W1,25,middle,42,-38.053355569845884,-1.3514820123766893,mixed_basis
Bcc3,W1,26,middle,42,-3.02699121566588,-0.5982618704846243,mixed_basis
Bcc3,W1,27,middle,42,-2.655009609388208,-0.293378018146908,mixed_basis
Bcc3,W1,28,middle,42,-2.7941029365633216,-0.41775638467203324,mixed_basis
Bcc3,W1,29,middle,42,-5.034986084547372,-0.507534650584182,mixed_basis
Bcc3,W1,30,middle,42,-13.632408768815909,-0.7135974725912249,mixed_basis
Bcc3,W1,31,middle,42,-14.067208831868765,-1.150729680187772,mixed_basis
Bcc3,W1,32,middle,42,-5.170968130849037,-1.992435306747969,mixed_basis
Bcc3,W1,33,middle,42,-15.266028231593115,-5.4253425816122824,mixed_basis
Bcc3,W1,34,middle,42,-15.627089039096976,-5.802679924208945,mixed_basis
Bcc3,W1,35,middle,42,-15.244793503397334,-7.97446561700356,mixed_basis
Bcc3,W1,36,middle,42,-32.74585302842423,-9.258347303374146,mixed_basis
Bcc3,W1,37,middle,42,-53.92868462734151,-10.883505908624638,mixed_basis
Bcc3,W1,38,middle,42,-144.1235442811006,-12.440046957490313,mixed_basis
Bcc3,W1,39,middle,42,-173.62016042803592,-17.825977869904925,mixed_basis
Bcc3,W1,40,middle,42,-70.6278386280386,-21.029175610045797,mixed_basis
Bcc3,W1,41,middle,42,-51.038908149931686,-23.462220638345194,mixed_basis
Bcc3,W1,42,outer,42,-119.63162405157055,-24.24419191527681,mixed_basis
Bcc3,W1,43,outer,42,-212.69643818512736,-32.40661497917679,mixed_basis
Bcc3,W1,44,outer,42,-78.02608661794632,-28.901555631504873,mixed_basis
Bcc3,W1,45,outer,42,-63.825456128755086,-29.766011347460925,mixed_basis
Bcc3,W1,46,outer,42,-182.5876819324948,-19.670011381917046,mixed_basis
Bcc3,W1,47,outer,42,-52.53672280092137,-15.228790954337287,mixed_basis
Bcc3,W1,48,outer,42,-56.71516521882466,-27.304134464092773,mixed_basis
Bcc3,W1,49,outer,42,-52.333109763688775,-30.746400358805197,mixed_basis
Bcc3,W1,50,outer,42,-212.9275958793612,-36.82698942416557,mixed_basis
Bcc3,W1,51,outer,42,-158.43125260227512,-31.040434006508562,mixed_basis
Bcc3,W1,52,outer,42,-75.36355428242125,-48.08757572210153,mixed_basis
Bcc3,W1,53,outer,42,-217.87779882822392,-60.54440991309026,mixed_basis
Bcc3,W1,54,outer,42,-438.5486224611463,-51.11696446880772,mixed_basis
Bcc3,W1,55,outer,42,-167.67025555553425,-72.65061906746925,mixed_basis
Bcc3,W1,56,outer,42,-197.84038236780913,-105.90422533151443,mixed_basis
Bcc3,W1,57,outer,42,-720.9135319986402,-91.5995990774353,mixed_basis
Bcc3,W1,58,outer,42,-466.4704883071126,-119.49789629703662,mixed_basis
Bcc3,W1,59,outer,42,-439.88933047154785,-149.0907621733267,mixed_basis
Bcc3,W1,60,outer,42,-601.4249550365932,-129.87263968773203,mixed_basis
Bcc3,W1,61,outer,42,-21711.635537656573,-612.188352067645,mixed_basis
Bcc3,W1,62,outer,42,-2181.0421799670125,-394.4362803364472,mixed_basis
Bcc3,W1,63,outer,42,-3483.139833550805,-999.9360881933853,mixed_basis
aggregate_focus,W1,0,inner,126,-6.781807917442555,-0.9021739704875775,mixed_basis
aggregate_focus,W1,1,inner,126,-11.55823500753742,-0.5085619291414384,mixed_basis
aggregate_focus,W1,2,inner,126,-5.406513080196864,-0.6184052963004745,mixed_basis
aggregate_focus,W1,3,inner,126,-16.576788740956896,-1.7488348009885224,mixed_basis
aggregate_focus,W1,4,inner,126,-12.690127312654898,-1.8551879775257323,mixed_basis
aggregate_focus,W1,5,inner,126,-15.814993917429266,-3.2403495222149123,mixed_basis
aggregate_focus,W1,6,inner,126,-466.35706955508863,-3.9932905077608916,mixed_basis
aggregate_focus,W1,7,inner,126,-30.853774636462624,-3.654604683740691,mixed_basis
aggregate_focus,W1,8,inner,126,-44.41114453760488,-3.957581777964217,mixed_basis
aggregate_focus,W1,9,inner,126,-39.38782164158309,-2.685891159038081,mixed_basis
aggregate_focus,W1,10,inner,126,-34.07527603927465,-2.7740761648029526,mixed_basis
aggregate_focus,W1,11,inner,126,-13.73152544608885,-3.162000054690786,mixed_basis
aggregate_focus,W1,12,inner,126,-134.1514451691572,-2.902870870885088,mixed_basis
aggregate_focus,W1,13,inner,126,-14.811724126332273,-3.094191497244111,mixed_basis
aggregate_focus,W1,14,inner,126,-7.1693344769853065,-2.68072522780452,mixed_basis
aggregate_focus,W1,15,inner,126,-12.415481162169133,-2.224071124792637,mixed_basis
aggregate_focus,W1,16,inner,126,-11.906812303324118,-1.8917112062330816,mixed_basis
aggregate_focus,W1,17,inner,126,-9.10148506489604,-1.8354103914028082,mixed_basis
aggregate_focus,W1,18,inner,126,-15.214919508358943,-1.6448567987324458,mixed_basis
aggregate_focus,W1,19,inner,126,-6.5811180632746895,-1.7035660554872671,mixed_basis
aggregate_focus,W1,20,inner,126,-6.578779592407651,-1.3820643471572434,mixed_basis
aggregate_focus,W1,21,middle,126,-7.704242486587478,-1.6363961165265317,mixed_basis
aggregate_focus,W1,22,middle,126,-9.361389519159228,-2.2549370756373506,mixed_basis
aggregate_focus,W1,23,middle,126,-12.567246370260769,-2.3486693100262643,mixed_basis
aggregate_focus,W1,24,middle,126,-10.374827469009098,-2.5716302741984967,mixed_basis
aggregate_focus,W1,25,middle,126,-16.48398144225359,-1.6173327991524566,mixed_basis
aggregate_focus,W1,26,middle,126,-3.9094396910639553,-0.9312858143756335,mixed_basis
aggregate_focus,W1,27,middle,126,-3.8290767768904206,-0.5096529217816076,mixed_basis
aggregate_focus,W1,28,middle,126,-1.5485232645479563,-0.13388453417471413,mixed_basis
aggregate_focus,W1,29,middle,126,-2.750303709202366,-0.12325831603227877,mixed_basis
aggregate_focus,W1,30,middle,126,-6.55473896813833,-0.47369067955254274,mixed_basis
aggregate_focus,W1,31,middle,126,-151.01889590353258,-0.7622511597769349,mixed_basis
aggregate_focus,W1,32,middle,126,-32.89471105004456,-1.0546007629245828,mixed_basis
aggregate_focus,W1,33,middle,126,-13.021110335382033,-1.5411955046024892,mixed_basis
aggregate_focus,W1,34,middle,126,-7.446537846644155,-1.960102561404112,mixed_basis
aggregate_focus,W1,35,middle,126,-9.355727126914692,-2.023298096380193,mixed_basis
aggregate_focus,W1,36,middle,126,-14.886833058484433,-2.09141982434829,mixed_basis
aggregate_focus,W1,37,middle,126,-22.08836343308462,-3.442042790366396,mixed_basis
aggregate_focus,W1,38,middle,126,-50.48960411343016,-1.7242792450198163,mixed_basis
aggregate_focus,W1,39,middle,126,-66.09963777948863,-2.602156598850849,mixed_basis
aggregate_focus,W1,40,middle,126,-27.785396533145796,-7.164600567316418,mixed_basis
aggregate_focus,W1,41,middle,126,-28.689451201085475,-10.82466495382197,mixed_basis
aggregate_focus,W1,42,outer,126,-62.46657817743212,-11.059499192517237,mixed_basis
aggregate_focus,W1,43,outer,126,-157.0446017427497,-17.699672116533335,mixed_basis
aggregate_focus,W1,44,outer,126,-122.81485147008429,-20.01777125150919,mixed_basis
aggregate_focus,W1,45,outer,126,-67.50121640531427,-23.39263269350128,mixed_basis
aggregate_focus,W1,46,outer,126,-114.17060803008745,-23.365358627239416,mixed_basis
aggregate_focus,W1,47,outer,126,-83.16102200110014,-25.19129698297737,mixed_basis
aggregate_focus,W1,48,outer,126,-186.1365144094486,-37.75819442619935,mixed_basis
aggregate_focus,W1,49,outer,126,-168.96280366427465,-35.481544164182935,mixed_basis
aggregate_focus,W1,50,outer,126,-1626.215957878429,-50.001981695010585,mixed_basis
aggregate_focus,W1,51,outer,126,-406.64992567157685,-49.03097904934177,mixed_basis
aggregate_focus,W1,52,outer,126,-298.32806439271377,-49.81494807123812,mixed_basis
aggregate_focus,W1,53,outer,126,-347.1964477076083,-77.21949551877229,mixed_basis
aggregate_focus,W1,54,outer,126,-531.2587309062204,-83.40987412876751,mixed_basis
aggregate_focus,W1,55,outer,126,-816.6430719833195,-72.65061906746925,mixed_basis
aggregate_focus,W1,56,outer,126,-695.6445755112754,-105.90422533151443,mixed_basis
aggregate_focus,W1,57,outer,126,-771.210635466121,-115.89428632592174,mixed_basis
aggregate_focus,W1,58,outer,126,-894.2309089987342,-113.58400607112985,mixed_basis
aggregate_focus,W1,59,outer,126,-1318.3563170010266,-149.0907621733267,mixed_basis
aggregate_focus,W1,60,outer,126,-49266.41360411349,-129.87263968773203,mixed_basis
aggregate_focus,W1,61,outer,126,-8270.552927740195,-473.61250881815965,mixed_basis
aggregate_focus,W1,62,outer,126,-10488.400227142502,-304.4410490861601,mixed_basis
aggregate_focus,W1,63,outer,126,-7274.9667056809885,-1062.9181265093534,mixed_basis
press,W1,0,inner,42,-1641289072749.2302,-275.7311716674851,mixed_basis
press,W1,1,inner,42,-9672882293663.955,-2913.714030790018,mixed_basis
press,W1,2,inner,42,-8841869464.91976,-2073.1908219788857,mixed_basis
press,W1,3,inner,42,-7150104.820886252,-1794.9535502427816,mixed_basis
press,W1,4,inner,42,-113679.43383919363,-551.735091498995,mixed_basis
press,W1,5,inner,42,-3668.441837589341,-220.99398062160614,mixed_basis
press,W1,6,inner,42,-1056.0978428826847,-127.48981732338295,mixed_basis
press,W1,7,inner,42,-463.2767051518728,-98.55190174686942,mixed_basis
press,W1,8,inner,42,-117.76689119649336,-63.367622167505615,mixed_basis
press,W1,9,inner,42,-41.5643196673607,-28.11082229851739,mixed_basis
press,W1,10,inner,42,-54.82133666969615,-19.65503108324087,mixed_basis
press,W1,11,inner,42,-136.3276462255062,-15.793146098457404,mixed_basis
press,W1,12,inner,42,-32.81638930746065,-11.10496571115557,mixed_basis
press,W1,13,inner,42,-63.92501971143927,-9.017863090281622,mixed_basis
press,W1,14,inner,42,-18.02857117589697,-7.593130587788375,mixed_basis
press,W1,15,inner,42,-11.148023373305726,-5.078968589248124,mixed_basis
press,W1,16,inner,42,-8.830080347310943,-3.7795174084448178,mixed_basis
press,W1,17,inner,42,-8.740507117671545,-3.3518528131816416,mixed_basis
press,W1,18,inner,42,-8.03035796999159,-2.76999544672649,mixed_basis
press,W1,19,inner,42,-7.194447401380829,-3.1842132435083506,mixed_basis
press,W1,20,inner,42,-6.334114810782689,-2.588984440089507,mixed_basis
press,W1,21,middle,42,-7.373001802783141,-2.3044148099765667,mixed_basis
press,W1,22,middle,42,-4.23450989908117,-1.9861684035280922,mixed_basis
press,W1,23,middle,42,-22.24011468239761,-1.2758409524465901,mixed_basis
press,W1,24,middle,42,-5.840028386702277,-0.9240637389463667,mixed_basis
press,W1,25,middle,42,-4.6577780588473905,-0.03182321513785197,mixed_basis
press,W1,26,middle,42,-1.0204617123703077,0.12617666645787623,mixed_basis
press,W1,27,middle,42,-0.4682488247150309,0.1404827872743059,mixed_basis
press,W1,28,middle,42,-3.2340018514689115,0.1117059519170947,mixed_basis
press,W1,29,middle,42,-0.2127391102190758,0.14686385508368605,mixed_basis
press,W1,30,middle,42,0.06562073200805336,0.2229970541377595,mixed_basis
press,W1,31,middle,42,0.21497892667868815,0.32209996728673396,mixed_basis
press,W1,32,middle,42,-1.1210095911002635,0.28959365197539205,mixed_basis
press,W1,33,middle,42,-1.1761685915281983,0.1462659660699252,mixed_basis
press,W1,34,middle,42,-1.4520349884205923,0.22491463952530089,mixed_basis
press,W1,35,middle,42,0.1250785560892839,0.18355558028792196,mixed_basis
press,W1,36,middle,42,-0.15903058335805167,0.05146844432640468,mixed_basis
press,W1,37,middle,42,0.0031709259337163015,-0.015729522347221914,mixed_basis
press,W1,38,middle,42,-0.21153480093713595,0.0007783538507161181,mixed_basis
press,W1,39,middle,42,-0.952801792071901,-0.016127285635673783,mixed_basis
press,W1,40,middle,42,-0.31270344062644184,0.01677273644757088,mixed_basis
press,W1,41,middle,42,-0.8059515558112434,0.029032402254869416,mixed_basis
press,W1,42,outer,42,-1.4511126667705927,-0.08753946957295988,mixed_basis
press,W1,43,outer,42,-0.297385499994929,-0.23365882050271447,mixed_basis
press,W1,44,outer,42,-0.42717212503906976,-0.30602646273664846,mixed_basis
press,W1,45,outer,42,-0.5116552881850214,-0.4084071223399457,mixed_basis
press,W1,46,outer,42,-0.5053972695688888,-0.4348682492569438,mixed_basis
press,W1,47,outer,42,-0.5188193834397258,-0.2656558337033874,mixed_basis
press,W1,48,outer,42,-2.0630887893312684,-1.1323258268408989,mixed_basis
press,W1,49,outer,42,-0.4609247801237219,-0.49270026991880256,mixed_basis
press,W1,50,outer,42,-8.541082330689465,-0.8500625337803387,mixed_basis
press,W1,51,outer,42,-0.49948226172998583,-0.21879188937252092,mixed_basis
press,W1,52,outer,42,-10.083459092800537,-0.919477998373902,mixed_basis
press,W1,53,outer,42,-71.41173298349408,-1.4519740228297175,mixed_basis
press,W1,54,outer,42,-28.179352393968344,-13.968955785570266,mixed_basis
press,W1,55,outer,42,-3.704890971997698,-3.270668571826112,mixed_basis
press,W1,56,outer,42,-1.4715726074369055,-1.477494270933026,mixed_basis
press,W1,57,outer,42,-0.9654306246610206,-1.24380623701887,mixed_basis
press,W1,58,outer,42,-0.8343939075854871,-1.0910088627488541,mixed_basis
press,W1,59,outer,42,-1.406258670630503,-1.3946244576197402,mixed_basis
press,W1,60,outer,42,-1.6645236439180455,-0.19568001904018018,mixed_basis
press,W1,61,outer,42,-0.6399757690586151,-0.6277528472901541,mixed_basis
press,W1,62,outer,42,-2.9744447204704354,-1.8010801155264606,mixed_basis
press,W1,63,outer,42,-10.167736792942446,-7.522205580585688,mixed_basis
rho,W1,0,inner,42,-380631.34096216393,-17184.357418549,mixed_basis
rho,W1,1,inner,42,-1.3465885620769026e+21,-1606164.8487947797,mixed_basis
rho,W1,2,inner,42,-70563519.16788988,-58007.13271270043,mixed_basis
rho,W1,3,inner,42,-16369579.44755907,-21236.368351783058,mixed_basis
rho,W1,4,inner,42,-135075.00734785362,-5472.432152481244,mixed_basis
rho,W1,5,inner,42,-12582.82099885106,-2570.043864153766,mixed_basis
rho,W1,6,inner,42,-2706.7822740455194,-1005.2128970878935,mixed_basis
rho,W1,7,inner,42,-1354.1637301616531,-418.03426405572986,mixed_basis
rho,W1,8,inner,42,-1743.8430130974525,-209.8321645299294,mixed_basis
rho,W1,9,inner,42,-429.1287151429133,-156.10550069579205,mixed_basis
rho,W1,10,inner,42,-532.7351433689821,-113.92160729700858,mixed_basis
rho,W1,11,inner,42,-452.2409144301673,-103.37227517453317,mixed_basis
rho,W1,12,inner,42,-205.1053717165946,-82.56028735683665,mixed_basis
rho,W1,13,inner,42,-115.38253687680312,-74.1812331967605,mixed_basis
rho,W1,14,inner,42,-83.0328950184923,-45.987415725320126,mixed_basis
rho,W1,15,inner,42,-491.4414236818936,-50.099677098018944,mixed_basis
rho,W1,16,inner,42,-127.58071340447084,-38.49988087281115,mixed_basis
rho,W1,17,inner,42,-104.62066218353468,-34.97293853931518,mixed_basis
rho,W1,18,inner,42,-55.37592372080574,-30.209599604562236,mixed_basis
rho,W1,19,inner,42,-157.43819818396523,-23.070593697970974,mixed_basis
rho,W1,20,inner,42,-74.13772531149559,-17.488830566751083,mixed_basis
rho,W1,21,middle,42,-33.5740572675272,-20.473599024837217,mixed_basis
rho,W1,22,middle,42,-47.36670911960763,-14.071135337440014,mixed_basis
rho,W1,23,middle,42,-94.75097482444475,-9.521102219922852,mixed_basis
rho,W1,24,middle,42,-60.38862985149732,-6.123059582749136,mixed_basis
rho,W1,25,middle,42,-6.782221967675739,-3.7993101148507047,mixed_basis
rho,W1,26,middle,42,-4.304446494711898,-3.0230670882778607,mixed_basis
rho,W1,27,middle,42,-11.196171184254025,-1.660207278044689,mixed_basis
rho,W1,28,middle,42,-11.353158147193701,-1.6064009395174923,mixed_basis
rho,W1,29,middle,42,-30.68927383275305,-1.514529805515131,mixed_basis
rho,W1,30,middle,42,-3.2845683791451146,-1.578688533992448,mixed_basis
rho,W1,31,middle,42,-3.0909549080016654,-2.1504551487668557,mixed_basis
rho,W1,32,middle,42,-32.19697183320577,-1.7500561793007954,mixed_basis
rho,W1,33,middle,42,-16.24562310490543,-1.363229274965353,mixed_basis
rho,W1,34,middle,42,-4.892229428556187,-0.9667547948367918,mixed_basis
rho,W1,35,middle,42,-1.0163062389665032,-1.0886771299111584,mixed_basis
rho,W1,36,middle,42,-0.4805164347801675,-0.07218986832837399,mixed_basis
rho,W1,37,middle,42,-2.193608213095533,0.2532123661033334,mixed_basis
rho,W1,38,middle,42,-0.08819465646135945,0.4594029614154394,mixed_basis
rho,W1,39,middle,42,-0.10248306076874107,0.21630417249776307,mixed_basis
rho,W1,40,middle,42,-0.44628224614061973,-0.5584874383172007,mixed_basis
rho,W1,41,middle,42,-10.620838355533781,0.04385556602849783,mixed_basis
rho,W1,42,outer,42,-5.447804411583181,-0.4368851112125999,mixed_basis
rho,W1,43,outer,42,-2.252454531636517,-1.2588514556855128,mixed_basis
rho,W1,44,outer,42,-3.1558653027715398,-2.361294880343931,mixed_basis
rho,W1,45,outer,42,-3.8377077988868136,-2.7230329272072096,mixed_basis
rho,W1,46,outer,42,-5.614117784441074,-4.838020363171444,mixed_basis
rho,W1,47,outer,42,-32.46077388357215,-13.35505193391656,mixed_basis
rho,W1,48,outer,42,-202.4282945972193,-38.49950856152586,mixed_basis
rho,W1,49,outer,42,-55.394382845452796,-19.70259762970206,mixed_basis
rho,W1,50,outer,42,-73.28951690278048,-19.728651195486698,mixed_basis
rho,W1,51,outer,42,-49.153521513584174,-20.455776158947565,mixed_basis
rho,W1,52,outer,42,-404.7186341445722,-36.64185487945442,mixed_basis
rho,W1,53,outer,42,-1280.2528321677037,-115.37175664851557,mixed_basis
rho,W1,54,outer,42,-701.5744069738233,-109.9651483615325,mixed_basis
rho,W1,55,outer,42,-52.21385879931837,-50.5478156513159,mixed_basis
rho,W1,56,outer,42,-28.696741492865012,-23.580377686362205,mixed_basis
rho,W1,57,outer,42,-19.086951444121706,-16.595195224778813,mixed_basis
rho,W1,58,outer,42,-14.832012323340967,-13.9637439990491,mixed_basis
rho,W1,59,outer,42,-20.357810414232414,-16.188622419670544,mixed_basis
rho,W1,60,outer,42,-70.49422278723779,-26.760109498807513,mixed_basis
rho,W1,61,outer,42,-35.45555362568306,-26.16184701400317,mixed_basis
rho,W1,62,outer,42,-203.35645549759388,-197.0814905374299,mixed_basis
rho,W1,63,outer,42,-776.6664982046952,-749.3847052273974,mixed_basis
vel1,W1,0,inner,42,-23.218005726804662,-0.7403716795276396,mixed_basis
vel1,W1,1,inner,42,-3.238471475032942,-0.7022569236822854,mixed_basis
vel1,W1,2,inner,42,-5.0791383495575495,-0.938457028050868,mixed_basis
vel1,W1,3,inner,42,-19.227972718697735,-1.7107614341726753,mixed_basis
vel1,W1,4,inner,42,-10.418881704563947,-1.5518637012501928,mixed_basis
vel1,W1,5,inner,42,-31.332323462389656,-1.756660014079626,mixed_basis
vel1,W1,6,inner,42,-60.29457057919341,-2.192740909054952,mixed_basis
vel1,W1,7,inner,42,-4.63422856126486,-2.054045716422582,mixed_basis
vel1,W1,8,inner,42,-3.627401834957805,-1.8981898840967053,mixed_basis
vel1,W1,9,inner,42,-6.443371394504613,-2.0801057774151275,mixed_basis
vel1,W1,10,inner,42,-4.112958187399739,-1.390840464198882,mixed_basis
vel1,W1,11,inner,42,-3.625395706786311,-0.9963618102936597,mixed_basis
vel1,W1,12,inner,42,-2.0979481517043204,-0.9447361118725601,mixed_basis
vel1,W1,13,inner,42,-4.032594912693493,-0.7908651633442165,mixed_basis
vel1,W1,14,inner,42,-5.7149469079912585,-0.9499333104550868,mixed_basis
vel1,W1,15,inner,42,-2.6477317683086596,-0.8241750327232044,mixed_basis
vel1,W1,16,inner,42,-2.2654942424413824,-0.9833335456485991,mixed_basis
vel1,W1,17,inner,42,-2.5632229314616106,-1.234391864531534,mixed_basis
vel1,W1,18,inner,42,-3.692361440481224,-1.2585658255042744,mixed_basis
vel1,W1,19,inner,42,-3.4304606686610657,-1.0516742066338343,mixed_basis
vel1,W1,20,inner,42,-2.05296687821731,-1.2755129887681649,mixed_basis
vel1,W1,21,middle,42,-2.682025254083931,-1.2304855286109602,mixed_basis
vel1,W1,22,middle,42,-2.3822726204221167,-1.1010064574190215,mixed_basis
vel1,W1,23,middle,42,-1.495937009687816,-1.2862369271924994,mixed_basis
vel1,W1,24,middle,42,-4.286698784655853,-0.9056431534706914,mixed_basis
vel1,W1,25,middle,42,-1.8170421101484608,-0.8749612262787086,mixed_basis
vel1,W1,26,middle,42,-2.239512446269128,-0.9760804609832594,mixed_basis
vel1,W1,27,middle,42,-14.602633245601329,-0.8541676864462228,mixed_basis
vel1,W1,28,middle,42,-9.04835679247865,-0.781373333665795,mixed_basis
vel1,W1,29,middle,42,-8.398815489417704,-0.8929864043810825,mixed_basis
vel1,W1,30,middle,42,-11.628986665748851,-0.879798550816275,mixed_basis
vel1,W1,31,middle,42,-19.527333953767545,-0.7493706062103868,mixed_basis
vel1,W1,32,middle,42,-3.319142620805075,-0.8335841390156996,mixed_basis
vel1,W1,33,middle,42,-1.6938953556629872,-0.893152849444201,mixed_basis
vel1,W1,34,middle,42,-1.8197718177731774,-0.8869694622595605,mixed_basis
vel1,W1,35,middle,42,-8.214969174404981,-0.9560553025400296,mixed_basis
vel1,W1,36,middle,42,-2.8672405781077823,-0.9719677553915689,mixed_basis
vel1,W1,37,middle,42,-1.7880533173473028,-1.1719146924342787,mixed_basis
vel1,W1,38,middle,42,-4.546509556083889,-1.146568245715979,mixed_basis
vel1,W1,39,middle,42,-2.0875550991174734,-1.1107980893667053,mixed_basis
vel1,W1,40,middle,42,-2.332358619360845,-1.2015389446674356,mixed_basis
vel1,W1,41,middle,42,-3.8146708850222044,-1.7231725430426816,mixed_basis
vel1,W1,42,outer,42,-3.382641996363746,-0.9635774599660707,mixed_basis
vel1,W1,43,outer,42,-4.288182089118142,-1.753460583824811,mixed_basis
vel1,W1,44,outer,42,-6.909142578951466,-1.9542712273030178,mixed_basis
vel1,W1,45,outer,42,-5.5476820083704474,-1.9753864383220503,mixed_basis
vel1,W1,46,outer,42,-7.31925808791919,-1.931746689642137,mixed_basis
vel1,W1,47,outer,42,-4.129013320573332,-2.6376879953615897,mixed_basis
vel1,W1,48,outer,42,-8.30237419610358,-2.7404882307608514,mixed_basis
vel1,W1,49,outer,42,-44.25035401145731,-2.73291545315778,mixed_basis
vel1,W1,50,outer,42,-10.71460816591025,-3.2551426720646206,mixed_basis
vel1,W1,51,outer,42,-10.03682516155455,-2.7780597664518027,mixed_basis
vel1,W1,52,outer,42,-4.761683764210067,-2.602677374797331,mixed_basis
vel1,W1,53,outer,42,-7.831151964159912,-3.681867429190723,mixed_basis
vel1,W1,54,outer,42,-12.096869220918176,-4.179814628166394,mixed_basis
vel1,W1,55,outer,42,-18.165490484643122,-5.9311147935825135,mixed_basis
vel1,W1,56,outer,42,-23.18893146314862,-6.735263433129672,mixed_basis
vel1,W1,57,outer,42,-15.48442859355961,-7.6202274435119675,mixed_basis
vel1,W1,58,outer,42,-31.57726640591904,-7.580091011571433,mixed_basis
vel1,W1,59,outer,42,-21.33687957419649,-8.873939515605363,mixed_basis
vel1,W1,60,outer,42,-30.070266888417603,-14.408292696164054,mixed_basis
vel1,W1,61,outer,42,-37.45133967565924,-12.032772429557628,mixed_basis
vel1,W1,62,outer,42,-73.50371486393509,-12.170470401465295,mixed_basis
vel1,W1,63,outer,42,-139.7255090728316,-14.533918784512796,mixed_basis
vel2,W1,0,inner,42,-1.2619004607869453,-0.29303849105902724,mixed_basis
vel2,W1,1,inner,42,-15.423866193833446,-0.24598521726536116,mixed_basis
vel2,W1,2,inner,42,-5.233683055605099,-2.0509061974476266,mixed_basis
vel2,W1,3,inner,42,-2.5653015788721096,-0.9655764431902678,mixed_basis
vel2,W1,4,inner,42,-9.07306063071025,-0.5504375164913012,mixed_basis
vel2,W1,5,inner,42,-130.02096570506313,-0.43263991825440484,mixed_basis
vel2,W1,6,inner,42,-2.155787992373558,-0.3012508956675781,mixed_basis
vel2,W1,7,inner,42,-1.54360377547222,-0.14369247144307384,mixed_basis
vel2,W1,8,inner,42,-1.441644430491559,-0.11369440343570103,mixed_basis
vel2,W1,9,inner,42,-0.9216720855011422,-0.05125602691801645,mixed_basis
vel2,W1,10,inner,42,-8.979699010825986,-0.5632067698681232,mixed_basis
vel2,W1,11,inner,42,-2.991848092525351,-0.5852082302013621,mixed_basis
vel2,W1,12,inner,42,-15.523708521305602,-0.8159189437266039,mixed_basis
vel2,W1,13,inner,42,-1.954199197909007,-0.7172660448723202,mixed_basis
vel2,W1,14,inner,42,-3.51452612046591,-0.49533645580559393,mixed_basis
vel2,W1,15,inner,42,-13.757389493957294,-0.6353081574179748,mixed_basis
vel2,W1,16,inner,42,-1.6596749882035753,-0.7675589740544,mixed_basis
vel2,W1,17,inner,42,-2.185365699855395,-0.5605562747819864,mixed_basis
vel2,W1,18,inner,42,-2.8566383159634148,-0.34681136909115684,mixed_basis
vel2,W1,19,inner,42,-3.5981221804176178,-0.5652777314522993,mixed_basis
vel2,W1,20,inner,42,-5.004684420632517,-0.5074557835292666,mixed_basis
vel2,W1,21,middle,42,-18.654428995858098,-1.1343406165296934,mixed_basis
vel2,W1,22,middle,42,-2.4336540703697542,-0.36155874015506095,mixed_basis
vel2,W1,23,middle,42,-5.254498732006557,-1.1606235891940824,mixed_basis
vel2,W1,24,middle,42,-7.0603444144177585,-2.084275473528116,mixed_basis
vel2,W1,25,middle,42,-4.1982527632980275,-2.8128116537102783,mixed_basis
vel2,W1,26,middle,42,-5.174993574418968,-1.7109814767568263,mixed_basis
vel2,W1,27,middle,42,-20.352319479901357,-2.559284392285707,mixed_basis
vel2,W1,28,middle,42,-7.023194618616121,-1.6360952543959246,mixed_basis
vel2,W1,29,middle,42,-3.033120246163435,-0.467538779514836,mixed_basis
vel2,W1,30,middle,42,-38.530068939057,-0.8600419369251456,mixed_basis
vel2,W1,31,middle,42,-127.81103431694258,-2.0838269936052365,mixed_basis
vel2,W1,32,middle,42,-12.603978682107984,-5.164589103260974,mixed_basis
vel2,W1,33,middle,42,-28.753721344504022,-6.447712682530568,mixed_basis
vel2,W1,34,middle,42,-15.91195629856485,-7.837691809556157,mixed_basis
vel2,W1,35,middle,42,-163.0485652975101,-8.774925447443795,mixed_basis
vel2,W1,36,middle,42,-31.17945602544476,-10.184737924407354,mixed_basis
vel2,W1,37,middle,42,-26.284869774639873,-9.261393263139535,mixed_basis
vel2,W1,38,middle,42,-156.26002055695895,-11.201799188695706,mixed_basis
vel2,W1,39,middle,42,-33.97329460034516,-11.999631815027385,mixed_basis
vel2,W1,40,middle,42,-64.10955431075789,-16.33727240564248,mixed_basis
vel2,W1,41,middle,42,-32.646958010464104,-11.045877468608744,mixed_basis
vel2,W1,42,outer,42,-22.892505213173244,-10.047509162834682,mixed_basis
vel2,W1,43,outer,42,-52.88837005884087,-12.827311827306612,mixed_basis
vel2,W1,44,outer,42,-36.96920199551068,-13.235624635244802,mixed_basis
vel2,W1,45,outer,42,-100.99396423815027,-11.342775002098685,mixed_basis
vel2,W1,46,outer,42,-26.09051693238417,-11.586963342825044,mixed_basis
vel2,W1,47,outer,42,-33.28959700268528,-10.990877622143827,mixed_basis
vel2,W1,48,outer,42,-36.921770615712504,-16.973064474324506,mixed_basis
vel2,W1,49,outer,42,-62.282845935698276,-13.608961295330563,mixed_basis
vel2,W1,50,outer,42,-32.459135099229,-19.139341325917567,mixed_basis
vel2,W1,51,outer,42,-4569.11901399175,-14.874789655274906,mixed_basis
vel2,W1,52,outer,42,-28.376605480389664,-10.276278495508649,mixed_basis
vel2,W1,53,outer,42,-17.72947943514019,-8.892392026454209,mixed_basis
vel2,W1,54,outer,42,-15.95584320800562,-10.234305086884952,mixed_basis
vel2,W1,55,outer,42,-4082.1277926574535,-15.258754496401613,mixed_basis
vel2,W1,56,outer,42,-338.6579664495206,-21.101091517808882,mixed_basis
vel2,W1,57,outer,42,-121.32907038055961,-16.55193963896508,mixed_basis
vel2,W1,58,outer,42,-144.00804596834345,-34.813661535648215,mixed_basis
vel2,W1,59,outer,42,-134.46523179558753,-24.64666067429651,mixed_basis
vel2,W1,60,outer,42,-159.16121332272172,-31.29818584814555,mixed_basis
vel2,W1,61,outer,42,-139.2452307721554,-36.00278591574509,mixed_basis
vel2,W1,62,outer,42,-185.3892911338333,-88.09684494323253,mixed_basis
vel2,W1,63,outer,42,-102.06790642377443,-56.79430749473545,mixed_basis
vel3,W1,0,inner,42,-1.7400192888434973,-0.6308575832778638,mixed_basis
vel3,W1,1,inner,42,-2.48725810553229,-0.42537249410359346,mixed_basis
vel3,W1,2,inner,42,-4.872300449695722,-0.6279888267553143,mixed_basis
vel3,W1,3,inner,42,-19.009775881017944,-0.4949746383498107,mixed_basis
vel3,W1,4,inner,42,-6.531754963504163,-0.7983924255625419,mixed_basis
vel3,W1,5,inner,42,-8.905580167178124,-2.202086173007905,mixed_basis
vel3,W1,6,inner,42,-906.6977315464229,-1.77478284388838,mixed_basis
vel3,W1,7,inner,42,-34.169614078645395,-2.8982118352987305,mixed_basis
vel3,W1,8,inner,42,-7.2300315274787526,-2.8611845768003255,mixed_basis
vel3,W1,9,inner,42,-12.048079500593225,-1.3735896614989414,mixed_basis
vel3,W1,10,inner,42,-14.328251135241912,-1.4054060980409946,mixed_basis
vel3,W1,11,inner,42,-15.872774765187671,-1.3752353968462279,mixed_basis
vel3,W1,12,inner,42,-12.54875358606508,-1.036099870053323,mixed_basis
vel3,W1,13,inner,42,-11.168493284250697,-1.4338770153149418,mixed_basis
vel3,W1,14,inner,42,-5.497343122715965,-1.4550167167980088,mixed_basis
vel3,W1,15,inner,42,-7.403788683669983,-1.3134546047970534,mixed_basis
vel3,W1,16,inner,42,-8.532736308422837,-1.5974082440386803,mixed_basis
vel3,W1,17,inner,42,-3.6182318181453352,-1.5081919117343328,mixed_basis
vel3,W1,18,inner,42,-2.416535402181247,-0.9936674692589034,mixed_basis
vel3,W1,19,inner,42,-2.200262869543203,-1.2398668197281857,mixed_basis
vel3,W1,20,inner,42,-8.82509019486653,-1.4532915126221573,mixed_basis
vel3,W1,21,middle,42,-11.93507092697806,-1.6311351801017915,mixed_basis
vel3,W1,22,middle,42,-5.495677735906928,-1.2258508957309462,mixed_basis
vel3,W1,23,middle,42,-5.8782167191735,-1.2973302447368735,mixed_basis
vel3,W1,24,middle,42,-4.97561336167024,-1.3632605388870542,mixed_basis
vel3,W1,25,middle,42,-2.862586291903907,-0.9731617262426324,mixed_basis
vel3,W1,26,middle,42,-2.0136514127544025,-0.5635717767281816,mixed_basis
vel3,W1,27,middle,42,-1.0014216075815123,-0.2743407141342932,mixed_basis
vel3,W1,28,middle,42,-0.3065448618476747,-0.07620856693793365,mixed_basis
vel3,W1,29,middle,42,-0.03985448386618369,-0.02516656719117194,mixed_basis
vel3,W1,30,middle,42,-1.8252072018230403,-0.06305423436871704,mixed_basis
vel3,W1,31,middle,42,-1.7599191251530517,-0.14629659380569005,mixed_basis
vel3,W1,32,middle,42,-3.7004798343918734,-0.3887003364828586,mixed_basis
vel3,W1,33,middle,42,-2.4401231263064735,-0.3540839256830083,mixed_basis
vel3,W1,34,middle,42,-2.4868704826132872,-0.4016329780721546,mixed_basis
vel3,W1,35,middle,42,-1.7359063236223595,-0.37929387887622146,mixed_basis
vel3,W1,36,middle,42,-0.6815876233397629,-0.31665932717899903,mixed_basis
vel3,W1,37,middle,42,-2.619631547739649,-0.3815334480457804,mixed_basis
vel3,W1,38,middle,42,-3.817048776350338,-0.40299635325598904,mixed_basis
vel3,W1,39,middle,42,-17.284335544956605,-0.1639414042406404,mixed_basis
vel3,W1,40,middle,42,-3.1846200621514797,-0.15770483830212345,mixed_basis
vel3,W1,41,middle,42,-4.279390740477907,-0.3541367322702016,mixed_basis
vel3,W1,42,outer,42,-3.2727578158386774,0.006898100573575039,mixed_basis
vel3,W1,43,outer,42,-2.9283409002905096,-0.1797271627603808,mixed_basis
vel3,W1,44,outer,42,-3.97594353614686,-0.6881877401140423,mixed_basis
vel3,W1,45,outer,42,-9.724273048184155,-0.32126804301223566,mixed_basis
vel3,W1,46,outer,42,-5.7128335796410274,-0.46069685350377165,mixed_basis
vel3,W1,47,outer,42,-8.717296968111896,-0.7007264209864,mixed_basis
vel3,W1,48,outer,42,-27.293688693536275,-2.3663565043347377,mixed_basis
vel3,W1,49,outer,42,-7.509495309457607,-3.0024422272080513,mixed_basis
vel3,W1,50,outer,42,-15.282046942430153,-3.8383501102770334,mixed_basis
vel3,W1,51,outer,42,-23.545215451280406,-5.490726061966044,mixed_basis
vel3,W1,52,outer,42,-9.867086796913112,-5.177771136569041,mixed_basis
vel3,W1,53,outer,42,-25.4185748702299,-5.380178204283478,mixed_basis
vel3,W1,54,outer,42,-48.03612425162294,-8.171107007102286,mixed_basis
vel3,W1,55,outer,42,-11.616425036580727,-8.425532477765024,mixed_basis
vel3,W1,56,outer,42,-10.179186876500918,-5.9746456701642225,mixed_basis
vel3,W1,57,outer,42,-41.29253387395712,-4.758492746404533,mixed_basis
vel3,W1,58,outer,42,-13.287215848070858,-4.388750845578411,mixed_basis
vel3,W1,59,outer,42,-156.37410575174044,-3.591153330423235,mixed_basis
vel3,W1,60,outer,42,-11.675280017035139,-5.872615974076458,mixed_basis
vel3,W1,61,outer,42,-40.049453959018244,-8.351671947450754,mixed_basis
vel3,W1,62,outer,42,-201.60522336624712,-10.643076185991207,mixed_basis
vel3,W1,63,outer,42,-91.43478069003145,-25.28892924027089,mixed_basis
Bcc1,W2,0,inner,42,-33.27701125057357,-10.084251996291405,mixed_basis_boundary
Bcc1,W2,1,inner,42,-32.091503260610125,-10.66065023868532,mixed_basis_boundary
Bcc1,W2,2,inner,42,-31.299675656340053,-5.246219838251528,mixed_basis_boundary
Bcc1,W2,3,inner,42,-29.28638942157301,-4.0938891490875,mixed_basis_boundary
Bcc1,W2,4,inner,42,-100.77246155408504,-7.048307537870215,mixed_basis_boundary
Bcc1,W2,5,inner,42,-76.8433377861032,-5.09582107134236,mixed_basis_boundary
Bcc1,W2,6,inner,42,-345.3263256648103,-12.645527799032891,mixed_basis_boundary
Bcc1,W2,7,inner,42,-114.78257059493815,-30.80001127781765,mixed_basis_boundary
Bcc1,W2,8,inner,42,-154.00898570012265,-83.96643371046883,mixed_basis_boundary
Bcc1,W2,9,inner,42,-453.74457852305517,-161.6442339447953,mixed_basis_boundary
Bcc1,W2,10,inner,42,-209.02028839471345,-73.137859703075,mixed_basis_boundary
Bcc1,W2,11,inner,42,-341.0039162658689,-81.76105085323664,mixed_basis_boundary
Bcc1,W2,12,inner,42,-176.75537883521008,-92.12549991114705,mixed_basis_boundary
Bcc1,W2,13,inner,42,-1063.6596378652766,-87.73277818468716,mixed_basis_boundary
Bcc1,W2,14,inner,42,-311.1663225282707,-106.0418307216553,mixed_basis_boundary
Bcc1,W2,15,inner,42,-296.605149274296,-163.83425605422508,mixed_basis_boundary
Bcc1,W2,16,inner,42,-433.70047916101913,-142.47056157411512,mixed_basis_boundary
Bcc1,W2,17,inner,42,-2988.348124691651,-152.51341104582758,mixed_basis_boundary
Bcc1,W2,18,inner,42,-346.55046868538517,-129.82290278628196,mixed_basis_boundary
Bcc1,W2,19,inner,42,-1877.478667586016,-68.19424518080437,mixed_basis_boundary
Bcc1,W2,20,inner,42,-162.06500040567204,-46.58471192481199,mixed_basis_boundary
Bcc1,W2,21,middle,42,-81.74700250014412,-38.5454203365862,mixed_basis_boundary
Bcc1,W2,22,middle,42,-81.73517183958162,-28.325620496475516,mixed_basis_boundary
Bcc1,W2,23,middle,42,-45.55630379872593,-25.993617534657744,mixed_basis_boundary
Bcc1,W2,24,middle,42,-59.116359477045954,-18.707972385367107,mixed_basis_boundary
Bcc1,W2,25,middle,42,-152.82387883270297,-15.924375601175544,mixed_basis_boundary
Bcc1,W2,26,middle,42,-29.78876599450592,-13.96303361039191,mixed_basis_boundary
Bcc1,W2,27,middle,42,-73.96867017421599,-12.165087942801481,mixed_basis_boundary
Bcc1,W2,28,middle,42,-23.77798740180828,-7.50228252878378,mixed_basis_boundary
Bcc1,W2,29,middle,42,-34.06318516328889,-6.79482143960691,mixed_basis_boundary
Bcc1,W2,30,middle,42,-37.95982008227246,-7.084135240024105,mixed_basis_boundary
Bcc1,W2,31,middle,42,-60.57800484802766,-11.655387419032419,mixed_basis_boundary
Bcc1,W2,32,middle,42,-41.88020300615695,-13.553712191738562,mixed_basis_boundary
Bcc1,W2,33,middle,42,-98.8037318649928,-18.362908963253748,mixed_basis_boundary
Bcc1,W2,34,middle,42,-33.836084698539466,-17.36387812047355,mixed_basis_boundary
Bcc1,W2,35,middle,42,-129.21448592737812,-16.049640511652733,mixed_basis_boundary
Bcc1,W2,36,middle,42,-47.34144749083136,-20.1886005221259,mixed_basis_boundary
Bcc1,W2,37,middle,42,-60.28212087996707,-20.653691585755308,mixed_basis_boundary
Bcc1,W2,38,middle,42,-77.80138943464901,-23.230340058794354,mixed_basis_boundary
Bcc1,W2,39,middle,42,-235.63385144555772,-25.36037290575932,mixed_basis_boundary
Bcc1,W2,40,middle,42,-124.63104159974075,-31.846718935953167,mixed_basis_boundary
Bcc1,W2,41,middle,42,-218.91136996202744,-42.96054235964565,mixed_basis_boundary
Bcc1,W2,42,outer,42,-116.38099147074756,-45.68013339098651,mixed_basis_boundary
Bcc1,W2,43,outer,42,-352.85579604078345,-56.57807550245405,mixed_basis_boundary
Bcc1,W2,44,outer,42,-113.3322748436027,-45.0391251554538,mixed_basis_boundary
Bcc1,W2,45,outer,42,-115.54683454212153,-40.57595179717373,mixed_basis_boundary
Bcc1,W2,46,outer,42,-133.14990965385545,-36.41179199630417,mixed_basis_boundary
Bcc1,W2,47,outer,42,-220.08887994810323,-33.98791575155288,mixed_basis_boundary
Bcc1,W2,48,outer,42,-92.18931215128968,-27.83268116889009,mixed_basis_boundary
Bcc1,W2,49,outer,42,-91.64280413339463,-20.253008843004505,mixed_basis_boundary
Bcc1,W2,50,outer,42,-116.88148073965728,-23.86699975721517,mixed_basis_boundary
Bcc1,W2,51,outer,42,-827.8447195069973,-18.254958596071905,mixed_basis_boundary
Bcc1,W2,52,outer,42,-61.71357613529283,-28.72424458967644,mixed_basis_boundary
Bcc1,W2,53,outer,42,-93.72784242220652,-31.72706145725214,mixed_basis_boundary
Bcc1,W2,54,outer,42,-89.91466807786225,-20.013368823746205,mixed_basis_boundary
Bcc1,W2,55,outer,42,-40.1144200719422,-19.199312322228696,mixed_basis_boundary
Bcc1,W2,56,outer,42,-379.9490046959612,-25.665034691394478,mixed_basis_boundary
Bcc1,W2,57,outer,42,-100.80453947983912,-19.340724620690604,mixed_basis_boundary
Bcc1,W2,58,outer,42,-839.8963693500681,-25.548497245672774,mixed_basis_boundary
Bcc1,W2,59,outer,42,-254.73779785816973,-21.899267644895566,mixed_basis_boundary
Bcc1,W2,60,outer,42,-50.86846988631706,-16.702074633816338,mixed_basis_boundary
Bcc1,W2,61,outer,42,-410.10736639283994,-22.595141599371516,mixed_basis_boundary
Bcc1,W2,62,outer,42,-130.05413225117505,-35.642801072612926,mixed_basis_boundary
Bcc1,W2,63,outer,42,-298.9380280418304,-40.79770146518894,mixed_basis_boundary
Bcc2,W2,0,inner,42,-166.17278992508392,-5.921721003020272,mixed_basis_boundary
Bcc2,W2,1,inner,42,-63.06039723280535,-8.912254495959026,mixed_basis_boundary
Bcc2,W2,2,inner,42,-8.538064040775089,-3.5975572785891767,mixed_basis_boundary
Bcc2,W2,3,inner,42,-9.625312300657505,-3.720903671937632,mixed_basis_boundary
Bcc2,W2,4,inner,42,-10.504039416559973,-3.709188443398329,mixed_basis_boundary
Bcc2,W2,5,inner,42,-14.497661962169778,-4.0637812867247405,mixed_basis_boundary
Bcc2,W2,6,inner,42,-41.09725244898436,-4.567416414558271,mixed_basis_boundary
Bcc2,W2,7,inner,42,-6.465936624328526,-2.9451161713473497,mixed_basis_boundary
Bcc2,W2,8,inner,42,-9.73648718419301,-2.545653313449137,mixed_basis_boundary
Bcc2,W2,9,inner,42,-23.035299185512542,-1.638602849278683,mixed_basis_boundary
Bcc2,W2,10,inner,42,-44.70887569220819,-1.9042447341731303,mixed_basis_boundary
Bcc2,W2,11,inner,42,-4.472649392194518,-1.9197622533662617,mixed_basis_boundary
Bcc2,W2,12,inner,42,-368.72800231864045,-1.343234237660073,mixed_basis_boundary
Bcc2,W2,13,inner,42,-6.368896646357491,-1.800835460084589,mixed_basis_boundary
Bcc2,W2,14,inner,42,-5.975454939448943,-2.654103823901952,mixed_basis_boundary
Bcc2,W2,15,inner,42,-5.06691575257607,-1.0005170532532242,mixed_basis_boundary
Bcc2,W2,16,inner,42,-7.1487646489694825,-0.43486117545194114,mixed_basis_boundary
Bcc2,W2,17,inner,42,-8.689924204062542,-0.830266672350256,mixed_basis_boundary
Bcc2,W2,18,inner,42,-23.62083081252187,-1.3031209607727272,mixed_basis_boundary
Bcc2,W2,19,inner,42,-3.4804534709971295,-1.8085261641519543,mixed_basis_boundary
Bcc2,W2,20,inner,42,-2.575285010557612,-0.837023023188018,mixed_basis_boundary
Bcc2,W2,21,middle,42,-7.567588702187375,-1.2652246014373956,mixed_basis_boundary
Bcc2,W2,22,middle,42,-19.53512463630512,-1.3765397570004365,mixed_basis_boundary
Bcc2,W2,23,middle,42,-7.383484186702692,-2.194241533929464,mixed_basis_boundary
Bcc2,W2,24,middle,42,-20.419907047584676,-1.7763497384602969,mixed_basis_boundary
Bcc2,W2,25,middle,42,-7.854734304264877,-1.80505214107683,mixed_basis_boundary
Bcc2,W2,26,middle,42,-5.643195555145756,-1.896489755569033,mixed_basis_boundary
Bcc2,W2,27,middle,42,-6.164412099737904,-0.8981514530515796,mixed_basis_boundary
Bcc2,W2,28,middle,42,-2.4307478748412015,-0.9448039009450994,mixed_basis_boundary
Bcc2,W2,29,middle,42,-2.9355076295891145,-0.9310451843609936,mixed_basis_boundary
Bcc2,W2,30,middle,42,-2.3094053369494767,-0.9234853717127262,mixed_basis_boundary
Bcc2,W2,31,middle,42,-41.8478774333278,-1.2554672056593499,mixed_basis_boundary
Bcc2,W2,32,middle,42,-9.358442691829413,-1.933361293552135,mixed_basis_boundary
Bcc2,W2,33,middle,42,-20.126454469151053,-1.803186804227239,mixed_basis_boundary
Bcc2,W2,34,middle,42,-3.082633123264411,-2.1343756817506794,mixed_basis_boundary
Bcc2,W2,35,middle,42,-7.12811413502771,-2.169155095034644,mixed_basis_boundary
Bcc2,W2,36,middle,42,-12.863288787621414,-1.9000503147295096,mixed_basis_boundary
Bcc2,W2,37,middle,42,-16.640064931482947,-1.237464315662091,mixed_basis_boundary
Bcc2,W2,38,middle,42,-3.9468938506902926,-1.7523029275031654,mixed_basis_boundary
Bcc2,W2,39,middle,42,-24.073781848999978,-4.097145689911514,mixed_basis_boundary
Bcc2,W2,40,middle,42,-16.258128844980376,-5.68399516186906,mixed_basis_boundary
Bcc2,W2,41,middle,42,-45.35603713757381,-8.418778015615139,mixed_basis_boundary
Bcc2,W2,42,outer,42,-98.34809067828634,-9.96071618296818,mixed_basis_boundary
Bcc2,W2,43,outer,42,-140.34517307829583,-10.84996133618101,mixed_basis_boundary
Bcc2,W2,44,outer,42,-280.9346442627675,-20.00900700646192,mixed_basis_boundary
Bcc2,W2,45,outer,42,-70.78449847987297,-23.00653128270233,mixed_basis_boundary
Bcc2,W2,46,outer,42,-64.9513512705415,-25.434233803507837,mixed_basis_boundary
Bcc2,W2,47,outer,42,-87.31074150420645,-47.34728138801619,mixed_basis_boundary
Bcc2,W2,48,outer,42,-183.59270649810816,-59.47321916982109,mixed_basis_boundary
Bcc2,W2,49,outer,42,-222.82556691801008,-75.63418081889859,mixed_basis_boundary
Bcc2,W2,50,outer,42,-1698.7822599423782,-116.27943906801123,mixed_basis_boundary
Bcc2,W2,51,outer,42,-730.8634315493858,-177.26826887822534,mixed_basis_boundary
Bcc2,W2,52,outer,42,-498.6930071572933,-224.95925558905975,mixed_basis_boundary
Bcc2,W2,53,outer,42,-496.2978941233235,-208.78114936265646,mixed_basis_boundary
Bcc2,W2,54,outer,42,-558.5153096124797,-256.41934831420826,mixed_basis_boundary
Bcc2,W2,55,outer,42,-1037.3109555209421,-241.10454826955777,mixed_basis_boundary
Bcc2,W2,56,outer,42,-665.2784719799432,-282.05150829418557,mixed_basis_boundary
Bcc2,W2,57,outer,42,-407.17545184656603,-263.5485126555254,mixed_basis_boundary
Bcc2,W2,58,outer,42,-535.1928380686137,-201.78216074737875,mixed_basis_boundary
Bcc2,W2,59,outer,42,-759.614294773123,-299.5040783526431,mixed_basis_boundary
Bcc2,W2,60,outer,42,-56376.636281958614,-413.95902438315755,mixed_basis_boundary
Bcc2,W2,61,outer,42,-1079.252910905646,-409.0537083733701,mixed_basis_boundary
Bcc2,W2,62,outer,42,-16453.787081654948,-520.8986016728662,mixed_basis_boundary
Bcc2,W2,63,outer,42,-2515.2448511031794,-846.7820876275684,mixed_basis_boundary
Bcc3,W2,0,inner,42,-5.0712495485154045,-0.5352638463449392,mixed_basis_boundary
Bcc3,W2,1,inner,42,-50.72104329300501,-0.29964465088603887,mixed_basis_boundary
Bcc3,W2,2,inner,42,-3.0403943300780782,-0.5721856702188577,mixed_basis_boundary
Bcc3,W2,3,inner,42,-4.088707704070547,-0.836791789208824,mixed_basis_boundary
Bcc3,W2,4,inner,42,-7.2917045692833105,-0.6247225103862966,mixed_basis_boundary
Bcc3,W2,5,inner,42,-2.206828689056684,-0.24759175345509843,mixed_basis_boundary
Bcc3,W2,6,inner,42,-57.155480547024204,-0.5367580620184693,mixed_basis_boundary
Bcc3,W2,7,inner,42,-7.997378022735782,-1.2081315781973017,mixed_basis_boundary
Bcc3,W2,8,inner,42,-16.003539244227884,-1.040955684647026,mixed_basis_boundary
Bcc3,W2,9,inner,42,-2.509021172900882,-0.6520839192464503,mixed_basis_boundary
Bcc3,W2,10,inner,42,-0.9744462767018938,-0.2250900947848885,mixed_basis_boundary
Bcc3,W2,11,inner,42,-1.5214628960052663,-0.45247268536445817,mixed_basis_boundary
Bcc3,W2,12,inner,42,-2.3634188425206277,-0.7441017406257903,mixed_basis_boundary
Bcc3,W2,13,inner,42,-4.515756782617859,-0.6936735305775404,mixed_basis_boundary
Bcc3,W2,14,inner,42,-2.7015318031041238,-0.9432788739837024,mixed_basis_boundary
Bcc3,W2,15,inner,42,-4.5716406435219525,-0.8348633708182552,mixed_basis_boundary
Bcc3,W2,16,inner,42,-4.52561254117194,-0.7992573654440024,mixed_basis_boundary
Bcc3,W2,17,inner,42,-2.529194510431524,-0.9381073748535242,mixed_basis_boundary
Bcc3,W2,18,inner,42,-10.630053361608246,-1.7913905825158456,mixed_basis_boundary
Bcc3,W2,19,inner,42,-4.484458695689504,-1.5619150730731601,mixed_basis_boundary
Bcc3,W2,20,inner,42,-3.4739966236051547,-1.7268908053529797,mixed_basis_boundary
Bcc3,W2,21,middle,42,-1.8335660334753368,-0.7187356301907171,mixed_basis_boundary
Bcc3,W2,22,middle,42,-3.1263742288867427,-1.25821078218372,mixed_basis_boundary
Bcc3,W2,23,middle,42,-19.451437410666017,-1.4088608074197249,mixed_basis_boundary
Bcc3,W2,24,middle,42,-2.209990590748651,-1.5334351843304155,mixed_basis_boundary
Bcc3,W2,25,middle,42,-29.858586774211435,-1.4001663752372342,mixed_basis_boundary
Bcc3,W2,26,middle,42,-4.111421018481543,-1.3945752427630487,mixed_basis_boundary
Bcc3,W2,27,middle,42,-5.31566806082296,-1.7636359750086341,mixed_basis_boundary
Bcc3,W2,28,middle,42,-5.208161999286813,-2.0818277862540024,mixed_basis_boundary
Bcc3,W2,29,middle,42,-63.740012334583916,-2.8891810720979327,mixed_basis_boundary
Bcc3,W2,30,middle,42,-17.36267978451903,-1.9186603843956265,mixed_basis_boundary
Bcc3,W2,31,middle,42,-19.888793148592793,-2.760498496511284,mixed_basis_boundary
Bcc3,W2,32,middle,42,-7.205415289205249,-3.4544164983997034,mixed_basis_boundary
Bcc3,W2,33,middle,42,-16.702449096543244,-5.481154785001278,mixed_basis_boundary
Bcc3,W2,34,middle,42,-18.174351332243113,-8.156199999891289,mixed_basis_boundary
Bcc3,W2,35,middle,42,-15.092815281146505,-6.240309542577018,mixed_basis_boundary
Bcc3,W2,36,middle,42,-20.52947004688056,-5.673056165623247,mixed_basis_boundary
Bcc3,W2,37,middle,42,-42.65290890996279,-5.88922679240463,mixed_basis_boundary
Bcc3,W2,38,middle,42,-102.91962632732603,-8.202363270789501,mixed_basis_boundary
Bcc3,W2,39,middle,42,-92.34854567242508,-12.206177298366548,mixed_basis_boundary
Bcc3,W2,40,middle,42,-71.34390323520381,-16.24168411101083,mixed_basis_boundary
Bcc3,W2,41,middle,42,-38.30463583229244,-20.102871730670465,mixed_basis_boundary
Bcc3,W2,42,outer,42,-86.25499723071228,-19.1902647704759,mixed_basis_boundary
Bcc3,W2,43,outer,42,-188.91947130406697,-23.086376466526858,mixed_basis_boundary
Bcc3,W2,44,outer,42,-66.98719408513743,-18.32297552718969,mixed_basis_boundary
Bcc3,W2,45,outer,42,-84.45622406540676,-25.430268882882068,mixed_basis_boundary
Bcc3,W2,46,outer,42,-1324.7565033093617,-30.338516274172083,mixed_basis_boundary
Bcc3,W2,47,outer,42,-56.00069547475852,-27.13529546720399,mixed_basis_boundary
Bcc3,W2,48,outer,42,-75.02348351267639,-37.659821029490026,mixed_basis_boundary
Bcc3,W2,49,outer,42,-66.57009781312962,-37.22830321998182,mixed_basis_boundary
Bcc3,W2,50,outer,42,-117.09907779113774,-52.32998964223569,mixed_basis_boundary
Bcc3,W2,51,outer,42,-144.21209637795744,-49.169520698782634,mixed_basis_boundary
Bcc3,W2,52,outer,42,-102.08232097867514,-41.56033266019285,mixed_basis_boundary
Bcc3,W2,53,outer,42,-215.77126437328678,-68.04436461404865,mixed_basis_boundary
Bcc3,W2,54,outer,42,-191.87114036353827,-66.15880547336573,mixed_basis_boundary
Bcc3,W2,55,outer,42,-222.6374833165589,-48.862455807617536,mixed_basis_boundary
Bcc3,W2,56,outer,42,-245.62613477566248,-63.434711459955516,mixed_basis_boundary
Bcc3,W2,57,outer,42,-623.2640126416021,-78.38167630090413,mixed_basis_boundary
Bcc3,W2,58,outer,42,-579.0069092595344,-105.2189142714576,mixed_basis_boundary
Bcc3,W2,59,outer,42,-247.2859346535284,-108.58748436599413,mixed_basis_boundary
Bcc3,W2,60,outer,42,-335.1021507493052,-150.50509357695432,mixed_basis_boundary
Bcc3,W2,61,outer,42,-6434.098945876483,-217.73787241940903,mixed_basis_boundary
Bcc3,W2,62,outer,42,-1779.267269994637,-240.67014629310574,mixed_basis_boundary
Bcc3,W2,63,outer,42,-1201.0388250389578,-294.1245580402582,mixed_basis_boundary
aggregate_focus,W2,0,inner,126,-57.32773735756237,-0.6568118873556433,mixed_basis_boundary
aggregate_focus,W2,1,inner,126,-38.544524133917285,-0.6448841611579255,mixed_basis_boundary
aggregate_focus,W2,2,inner,126,-5.708824046990923,-0.9429779800231377,mixed_basis_boundary
aggregate_focus,W2,3,inner,126,-12.573488580811837,-1.3902182190048649,mixed_basis_boundary
aggregate_focus,W2,4,inner,126,-8.34270221239254,-1.9054921688319246,mixed_basis_boundary
aggregate_focus,W2,5,inner,126,-8.79439421657234,-1.7448048819780206,mixed_basis_boundary
aggregate_focus,W2,6,inner,126,-364.58119055391677,-1.9043829775965708,mixed_basis_boundary
aggregate_focus,W2,7,inner,126,-13.567643390501145,-1.9032064325201692,mixed_basis_boundary
aggregate_focus,W2,8,inner,126,-10.703783751570564,-1.7981302002151083,mixed_basis_boundary
aggregate_focus,W2,9,inner,126,-11.488666756945214,-1.2096892667173746,mixed_basis_boundary
aggregate_focus,W2,10,inner,126,-19.44874972847626,-0.7488811728759808,mixed_basis_boundary
aggregate_focus,W2,11,inner,126,-6.333989238730515,-1.024092090046527,mixed_basis_boundary
aggregate_focus,W2,12,inner,126,-126.97191230319127,-0.9152616847569013,mixed_basis_boundary
aggregate_focus,W2,13,inner,126,-6.431061482771953,-0.8089067150294393,mixed_basis_boundary
aggregate_focus,W2,14,inner,126,-4.097657396068794,-0.7961751375294539,mixed_basis_boundary
aggregate_focus,W2,15,inner,126,-4.580902623069003,-0.6864975410202392,mixed_basis_boundary
aggregate_focus,W2,16,inner,126,-5.6495372470485234,-0.519437254751604,mixed_basis_boundary
aggregate_focus,W2,17,inner,126,-4.328156789886318,-0.7485652990750136,mixed_basis_boundary
aggregate_focus,W2,18,inner,126,-11.90807209012919,-1.055176604012622,mixed_basis_boundary
aggregate_focus,W2,19,inner,126,-3.208515630035937,-1.123908808903049,mixed_basis_boundary
aggregate_focus,W2,20,inner,126,-5.361856976145782,-0.837023023188018,mixed_basis_boundary
aggregate_focus,W2,21,middle,126,-6.182035884370574,-0.665991964878819,mixed_basis_boundary
aggregate_focus,W2,22,middle,126,-8.286154945340149,-1.0502921931154736,mixed_basis_boundary
aggregate_focus,W2,23,middle,126,-9.850552666323056,-1.1408873746649169,mixed_basis_boundary
aggregate_focus,W2,24,middle,126,-8.551785576233735,-1.380951971203896,mixed_basis_boundary
aggregate_focus,W2,25,middle,126,-14.466062598057237,-0.98011571019621,mixed_basis_boundary
aggregate_focus,W2,26,middle,126,-4.52074496070247,-1.1678561891409311,mixed_basis_boundary
aggregate_focus,W2,27,middle,126,-5.65738522652504,-0.9775100485977819,mixed_basis_boundary
aggregate_focus,W2,28,middle,126,-5.096789543180875,-1.2234220322498082,mixed_basis_boundary
aggregate_focus,W2,29,middle,126,-23.432594113831264,-1.4027012633122593,mixed_basis_boundary
aggregate_focus,W2,30,middle,126,-8.472671634902978,-1.7016586946762224,mixed_basis_boundary
aggregate_focus,W2,31,middle,126,-23.00583622133698,-2.140672467909956,mixed_basis_boundary
aggregate_focus,W2,32,middle,126,-9.826833061997831,-2.3692638250540945,mixed_basis_boundary
aggregate_focus,W2,33,middle,126,-17.656965984574327,-3.032987876649755,mixed_basis_boundary
aggregate_focus,W2,34,middle,126,-10.68326914586683,-3.256416073143619,mixed_basis_boundary
aggregate_focus,W2,35,middle,126,-10.902790114201686,-3.402535053132453,mixed_basis_boundary
aggregate_focus,W2,36,middle,126,-13.30808120504206,-3.25479108582427,mixed_basis_boundary
aggregate_focus,W2,37,middle,126,-24.222425955010245,-3.6621050297045143,mixed_basis_boundary
aggregate_focus,W2,38,middle,126,-42.99958469454517,-3.6451756640542006,mixed_basis_boundary
aggregate_focus,W2,39,middle,126,-68.0601562674275,-6.101248362989332,mixed_basis_boundary
aggregate_focus,W2,40,middle,126,-34.89325663535727,-7.334521898876894,mixed_basis_boundary
aggregate_focus,W2,41,middle,126,-35.608862791362874,-8.472894317829827,mixed_basis_boundary
aggregate_focus,W2,42,outer,126,-64.24697927524232,-8.241181805643532,mixed_basis_boundary
aggregate_focus,W2,43,outer,126,-112.90277968042847,-11.34499549866722,mixed_basis_boundary
aggregate_focus,W2,44,outer,126,-122.42777508030079,-13.309656785710754,mixed_basis_boundary
aggregate_focus,W2,45,outer,126,-55.32280520317147,-13.208160961644477,mixed_basis_boundary
aggregate_focus,W2,46,outer,126,-466.19432468091594,-16.32992990559162,mixed_basis_boundary
aggregate_focus,W2,47,outer,126,-51.08969833764966,-16.995562864612296,mixed_basis_boundary
aggregate_focus,W2,48,outer,126,-104.0235996883518,-27.334762788616324,mixed_basis_boundary
aggregate_focus,W2,49,outer,126,-100.21653538036722,-24.021704888844553,mixed_basis_boundary
aggregate_focus,W2,50,outer,126,-611.6835305905693,-47.46564914232411,mixed_basis_boundary
aggregate_focus,W2,51,outer,126,-298.1346742879534,-42.57372290909134,mixed_basis_boundary
aggregate_focus,W2,52,outer,126,-202.55372818234505,-33.32847589623108,mixed_basis_boundary
aggregate_focus,W2,53,outer,126,-242.63591089012974,-60.24490584774771,mixed_basis_boundary
aggregate_focus,W2,54,outer,126,-266.9043509563454,-66.6534299739015,mixed_basis_boundary
aggregate_focus,W2,55,outer,126,-425.0224870218953,-47.02325401394813,mixed_basis_boundary
aggregate_focus,W2,56,outer,126,-309.6603442191115,-55.86109459038737,mixed_basis_boundary
aggregate_focus,W2,57,outer,126,-368.78116267771765,-74.24991861175442,mixed_basis_boundary
aggregate_focus,W2,58,outer,126,-382.1584723581107,-70.85617639870905,mixed_basis_boundary
aggregate_focus,W2,59,outer,126,-561.406844303694,-91.95676244035067,mixed_basis_boundary
aggregate_focus,W2,60,outer,126,-18913.869748843546,-99.94398903012677,mixed_basis_boundary
aggregate_focus,W2,61,outer,126,-2532.616081238753,-182.20217065098086,mixed_basis_boundary
aggregate_focus,W2,62,outer,126,-6147.2996591874535,-183.20542834399495,mixed_basis_boundary
aggregate_focus,W2,63,outer,126,-1311.202742233183,-223.34537029429873,mixed_basis_boundary
press,W2,0,inner,42,-1245487037.2959306,-1624.3384222747575,mixed_basis_boundary
press,W2,1,inner,42,-3035589003330.5415,-1308.890702580072,mixed_basis_boundary
press,W2,2,inner,42,-60112.96955772862,-265.4201100844554,mixed_basis_boundary
press,W2,3,inner,42,-1676.777112920357,-163.98533032593247,mixed_basis_boundary
press,W2,4,inner,42,-1219.009733947725,-114.01655258279838,mixed_basis_boundary
press,W2,5,inner,42,-362.0141974609226,-43.00978712824801,mixed_basis_boundary
press,W2,6,inner,42,-137.15201558048946,-31.79097715798305,mixed_basis_boundary
press,W2,7,inner,42,-125.97633100888399,-25.972226376823116,mixed_basis_boundary
press,W2,8,inner,42,-32.30653289397122,-17.1041541263078,mixed_basis_boundary
press,W2,9,inner,42,-12.581867953195063,-9.661947028209628,mixed_basis_boundary
press,W2,10,inner,42,-20.60274483060808,-5.876109153129545,mixed_basis_boundary
press,W2,11,inner,42,-66.1432956412494,-4.732689306761488,mixed_basis_boundary
press,W2,12,inner,42,-14.238409605101321,-3.973151963628468,mixed_basis_boundary
press,W2,13,inner,42,-21.409512207776604,-2.8225183340095157,mixed_basis_boundary
press,W2,14,inner,42,-8.392060274929104,-1.4333713326141229,mixed_basis_boundary
press,W2,15,inner,42,-2.9258733304473585,-1.029038420794141,mixed_basis_boundary
press,W2,16,inner,42,-2.0279089882450094,-0.7604313485130003,mixed_basis_boundary
press,W2,17,inner,42,-1.3873665511776658,-0.7106805956503787,mixed_basis_boundary
press,W2,18,inner,42,-1.3869667518694795,-0.27092988126261686,mixed_basis_boundary
press,W2,19,inner,42,-1.3358002986781077,-0.41700444673382664,mixed_basis_boundary
press,W2,20,inner,42,-0.8361138635816936,-0.5071230763158311,mixed_basis_boundary
press,W2,21,middle,42,-1.890118916215549,-0.4244275455244019,mixed_basis_boundary
press,W2,22,middle,42,-1.8961147984815026,-0.8502555059291351,mixed_basis_boundary
press,W2,23,middle,42,-18.063854366056177,-0.6354607738082726,mixed_basis_boundary
press,W2,24,middle,42,-0.6108754262098782,0.23180364890723837,mixed_basis_boundary
press,W2,25,middle,42,-2.074525857002886,0.08686885434051372,mixed_basis_boundary
press,W2,26,middle,42,-0.703266879663117,0.054878496616081296,mixed_basis_boundary
press,W2,27,middle,42,-0.7733337702490931,-0.008625966735198054,mixed_basis_boundary
press,W2,28,middle,42,-5.15273850420235,-0.043162480889472665,mixed_basis_boundary
press,W2,29,middle,42,-0.2567423154585857,0.038030356002786925,mixed_basis_boundary
press,W2,30,middle,42,-0.15727170110873004,0.15449288378229548,mixed_basis_boundary
press,W2,31,middle,42,0.03121496802300606,0.1469794848591941,mixed_basis_boundary
press,W2,32,middle,42,-2.4836658926101665,0.07501574037456532,mixed_basis_boundary
press,W2,33,middle,42,-1.8851414014581418,-0.03906473519884657,mixed_basis_boundary
press,W2,34,middle,42,-6.7066321099127375,-0.052841151465476965,mixed_basis_boundary
press,W2,35,middle,42,-1.9934626661304395,0.02868287158840699,mixed_basis_boundary
press,W2,36,middle,42,-0.22505464819232446,0.20108586682224033,mixed_basis_boundary
press,W2,37,middle,42,0.21282590636838616,0.2116694435682247,mixed_basis_boundary
press,W2,38,middle,42,-1.099811579980342,0.40294122391464404,mixed_basis_boundary
press,W2,39,middle,42,-8.422927392189077,0.3753283214500953,mixed_basis_boundary
press,W2,40,middle,42,-3.301199607617973,0.08438646588588333,mixed_basis_boundary
press,W2,41,middle,42,-2.771130223762872,0.4035860812849248,mixed_basis_boundary
press,W2,42,outer,42,-3.5266615738526794,0.10892673643520234,mixed_basis_boundary
press,W2,43,outer,42,-4.880409800736345,0.32553478059271435,mixed_basis_boundary
press,W2,44,outer,42,0.18315346041612987,0.412408540172878,mixed_basis_boundary
press,W2,45,outer,42,0.4980643286677817,0.6452916971308168,mixed_basis_boundary
press,W2,46,outer,42,-0.13340579729597904,0.21414778695365144,mixed_basis_boundary
press,W2,47,outer,42,-17.0468754509529,-1.7522932622435368,mixed_basis_boundary
press,W2,48,outer,42,-17.287946901544895,-3.264739508984137,mixed_basis_boundary
press,W2,49,outer,42,-5.42720622913472,-4.6569531945851095,mixed_basis_boundary
press,W2,50,outer,42,-24.658351703251064,-3.443877006821339,mixed_basis_boundary
press,W2,51,outer,42,-9.750445712813983,-2.7830908980020794,mixed_basis_boundary
press,W2,52,outer,42,-24.90129849367313,-4.716670472217064,mixed_basis_boundary
press,W2,53,outer,42,-82.94342441844805,-5.234925183172936,mixed_basis_boundary
press,W2,54,outer,42,-57.405095052139316,-15.161407677350255,mixed_basis_boundary
press,W2,55,outer,42,-6.632344045119541,-5.656472051598628,mixed_basis_boundary
press,W2,56,outer,42,-2.7868286017529664,-2.334172923420713,mixed_basis_boundary
press,W2,57,outer,42,-1.7048343208489811,-1.3340057439374788,mixed_basis_boundary
press,W2,58,outer,42,-1.3244345750118007,-1.1889959150833742,mixed_basis_boundary
press,W2,59,outer,42,-1.4091538686322758,-1.2663656936880359,mixed_basis_boundary
press,W2,60,outer,42,-3.6058225139386444,-1.893456388192828,mixed_basis_boundary
press,W2,61,outer,42,-0.41904959817274734,0.15400040870470688,mixed_basis_boundary
press,W2,62,outer,42,-2.9928392136837796,-1.2220483829364435,mixed_basis_boundary
press,W2,63,outer,42,-5.511794732302601,-4.626626916509277,mixed_basis_boundary
rho,W2,0,inner,42,-305874.16569715564,-3393.889627295339,mixed_basis_boundary
rho,W2,1,inner,42,-6741100746.2321615,-3246.163807793218,mixed_basis_boundary
rho,W2,2,inner,42,-15985.417896628807,-1613.8484694776705,mixed_basis_boundary
rho,W2,3,inner,42,-6708.520178305405,-790.6115093998601,mixed_basis_boundary
rho,W2,4,inner,42,-2839.2731996342386,-381.1616944086643,mixed_basis_boundary
rho,W2,5,inner,42,-711.4035449341904,-281.35774707174664,mixed_basis_boundary
rho,W2,6,inner,42,-388.8326169441307,-193.8945836536896,mixed_basis_boundary
rho,W2,7,inner,42,-275.7037718060928,-176.00429514097954,mixed_basis_boundary
rho,W2,8,inner,42,-340.20114393136765,-111.85753430754721,mixed_basis_boundary
rho,W2,9,inner,42,-205.52496201479352,-65.87730599522109,mixed_basis_boundary
rho,W2,10,inner,42,-126.94743155943718,-46.3040495741406,mixed_basis_boundary
rho,W2,11,inner,42,-219.76649034280126,-48.38782034388893,mixed_basis_boundary
rho,W2,12,inner,42,-86.19819165387855,-48.27872984982356,mixed_basis_boundary
rho,W2,13,inner,42,-68.33415410958872,-45.42894721280278,mixed_basis_boundary
rho,W2,14,inner,42,-44.96322797857362,-33.591863948008324,mixed_basis_boundary
rho,W2,15,inner,42,-401.6315572888965,-27.815066905099904,mixed_basis_boundary
rho,W2,16,inner,42,-58.2921392791914,-18.515618052667563,mixed_basis_boundary
rho,W2,17,inner,42,-49.37740579954303,-16.56574799303943,mixed_basis_boundary
rho,W2,18,inner,42,-31.724317007554788,-11.964688736688341,mixed_basis_boundary
rho,W2,19,inner,42,-64.42189037493247,-8.489643759088418,mixed_basis_boundary
rho,W2,20,inner,42,-33.30121855818693,-6.230018899021314,mixed_basis_boundary
rho,W2,21,middle,42,-8.187304544138565,-4.115276873808627,mixed_basis_boundary
rho,W2,22,middle,42,-7.764446056436345,-2.7461159556567427,mixed_basis_boundary
rho,W2,23,middle,42,-14.981126340945664,-1.4245516495561201,mixed_basis_boundary
rho,W2,24,middle,42,-4.715840799502899,-0.4733568666861099,mixed_basis_boundary
rho,W2,25,middle,42,-1.8806063760908496,0.13062867449005222,mixed_basis_boundary
rho,W2,26,middle,42,-5.810979457755288,-0.2643796499911626,mixed_basis_boundary
rho,W2,27,middle,42,-6.462924262072911,-0.7251552744664139,mixed_basis_boundary
rho,W2,28,middle,42,-5.1507675637198345,-0.8582741177461041,mixed_basis_boundary
rho,W2,29,middle,42,-78.18111516412544,-0.6012478856719404,mixed_basis_boundary
rho,W2,30,middle,42,-1.8778036615691538,-0.9698362819885703,mixed_basis_boundary
rho,W2,31,middle,42,-1.943951809760002,-0.893276208516934,mixed_basis_boundary
rho,W2,32,middle,42,-23.019368907558658,-0.7084632599633769,mixed_basis_boundary
rho,W2,33,middle,42,-12.079765699425487,-1.3939772054966402,mixed_basis_boundary
rho,W2,34,middle,42,-4.78344705118556,-0.797492173697164,mixed_basis_boundary
rho,W2,35,middle,42,-1.5657151977922685,-0.7978455412858304,mixed_basis_boundary
rho,W2,36,middle,42,-2.2140932770864934,-2.45600097466112,mixed_basis_boundary
rho,W2,37,middle,42,-8.02682313919522,-3.4858642581102526,mixed_basis_boundary
rho,W2,38,middle,42,-5.243308032361178,-1.619039329787856,mixed_basis_boundary
rho,W2,39,middle,42,-4.79175726359429,-3.413795069496065,mixed_basis_boundary
rho,W2,40,middle,42,-7.866645979746897,-5.501040792529839,mixed_basis_boundary
rho,W2,41,middle,42,-53.20970773461032,-5.101791552938671,mixed_basis_boundary
rho,W2,42,outer,42,-34.50160231203891,-5.837745225380824,mixed_basis_boundary
rho,W2,43,outer,42,-8.492880659686156,-8.725033426475179,mixed_basis_boundary
rho,W2,44,outer,42,-8.613373602430023,-7.306135999930808,mixed_basis_boundary
rho,W2,45,outer,42,-7.94007915513731,-7.394694162327007,mixed_basis_boundary
rho,W2,46,outer,42,-9.434895315705685,-9.500290591325133,mixed_basis_boundary
rho,W2,47,outer,42,-36.87649930748769,-19.367270743547945,mixed_basis_boundary
rho,W2,48,outer,42,-271.2198831667162,-41.51548861619834,mixed_basis_boundary
rho,W2,49,outer,42,-66.76003977518702,-26.59970797459674,mixed_basis_boundary
rho,W2,50,outer,42,-65.56920084671466,-21.283820611373763,mixed_basis_boundary
rho,W2,51,outer,42,-54.38435208191444,-18.216959586038453,mixed_basis_boundary
rho,W2,52,outer,42,-307.405643087346,-36.71431236236781,mixed_basis_boundary
rho,W2,53,outer,42,-915.2569929148035,-119.86613787700225,mixed_basis_boundary
rho,W2,54,outer,42,-433.12044912354366,-91.86472705036726,mixed_basis_boundary
rho,W2,55,outer,42,-43.265534081857744,-41.24686804719576,mixed_basis_boundary
rho,W2,56,outer,42,-22.913201834859393,-24.784818877777358,mixed_basis_boundary
rho,W2,57,outer,42,-14.776934864447417,-14.299498904731859,mixed_basis_boundary
rho,W2,58,outer,42,-11.871717111752675,-12.224141460415485,mixed_basis_boundary
rho,W2,59,outer,42,-15.072715088380267,-14.08673226380888,mixed_basis_boundary
rho,W2,60,outer,42,-51.29611559640625,-21.799242988414775,mixed_basis_boundary
rho,W2,61,outer,42,-10.55302438113824,-7.194042713836017,mixed_basis_boundary
rho,W2,62,outer,42,-38.93727437182282,-39.311267957852166,mixed_basis_boundary
rho,W2,63,outer,42,-80.4762737973984,-81.91718555195607,mixed_basis_boundary
vel1,W2,0,inner,42,-46.035771865563795,-1.7951601999414681,mixed_basis_boundary
vel1,W2,1,inner,42,-5.827249926115913,-1.7309121970893373,mixed_basis_boundary
vel1,W2,2,inner,42,-10.303733676474263,-2.059087902007372,mixed_basis_boundary
vel1,W2,3,inner,42,-33.3103234229195,-3.1937285693905757,mixed_basis_boundary
vel1,W2,4,inner,42,-16.711294871241716,-2.8239516666591733,mixed_basis_boundary
vel1,W2,5,inner,42,-30.78053483196711,-2.4717261156912835,mixed_basis_boundary
vel1,W2,6,inner,42,-44.349159038988766,-2.352043389815625,mixed_basis_boundary
vel1,W2,7,inner,42,-4.691862472134217,-1.6835656358609834,mixed_basis_boundary
vel1,W2,8,inner,42,-3.746246352595886,-1.7018198556453923,mixed_basis_boundary
vel1,W2,9,inner,42,-6.751292266265236,-1.7264479490758347,mixed_basis_boundary
vel1,W2,10,inner,42,-3.352455268993292,-0.9687513090621914,mixed_basis_boundary
vel1,W2,11,inner,42,-2.06301459586389,-0.6752134747780821,mixed_basis_boundary
vel1,W2,12,inner,42,-1.3902633196932601,-0.4776834827602494,mixed_basis_boundary
vel1,W2,13,inner,42,-3.174402399111705,-0.4592604316221127,mixed_basis_boundary
vel1,W2,14,inner,42,-3.7261324565361966,-0.45445586253530434,mixed_basis_boundary
vel1,W2,15,inner,42,-2.168952938660187,-0.31866110590624497,mixed_basis_boundary
vel1,W2,16,inner,42,-1.6933914203197753,-0.4327393519467677,mixed_basis_boundary
vel1,W2,17,inner,42,-1.7517347742624683,-0.6812675538566619,mixed_basis_boundary
vel1,W2,18,inner,42,-2.2732401503388067,-0.6895594059942438,mixed_basis_boundary
vel1,W2,19,inner,42,-2.458348088894376,-0.8593955922694544,mixed_basis_boundary
vel1,W2,20,inner,42,-1.4294976941126742,-0.8094408340775816,mixed_basis_boundary
vel1,W2,21,middle,42,-2.346042376997601,-0.970662861229529,mixed_basis_boundary
vel1,W2,22,middle,42,-2.068556549009112,-0.8776787826183926,mixed_basis_boundary
vel1,W2,23,middle,42,-1.5672759004866688,-1.1831062302947486,mixed_basis_boundary
vel1,W2,24,middle,42,-5.041227773212604,-0.9127835830687815,mixed_basis_boundary
vel1,W2,25,middle,42,-2.383726228877268,-0.8893299233896428,mixed_basis_boundary
vel1,W2,26,middle,42,-3.161373310254772,-1.262131264330116,mixed_basis_boundary
vel1,W2,27,middle,42,-20.571643698535777,-1.2544820640005356,mixed_basis_boundary
vel1,W2,28,middle,42,-12.917854021892461,-1.175348755701526,mixed_basis_boundary
vel1,W2,29,middle,42,-12.001239893343758,-1.365558529483972,mixed_basis_boundary
vel1,W2,30,middle,42,-16.021995047038676,-1.260938737092084,mixed_basis_boundary
vel1,W2,31,middle,42,-25.99134135695446,-1.0208234841638002,mixed_basis_boundary
vel1,W2,32,middle,42,-4.506702834794664,-1.044653909612525,mixed_basis_boundary
vel1,W2,33,middle,42,-2.2196365712180124,-1.166895772966269,mixed_basis_boundary
vel1,W2,34,middle,42,-2.272846799990439,-1.036971440934115,mixed_basis_boundary
vel1,W2,35,middle,42,-9.88312046410357,-1.0807997883583085,mixed_basis_boundary
vel1,W2,36,middle,42,-3.3202158759207983,-1.0272980409446983,mixed_basis_boundary
vel1,W2,37,middle,42,-1.903240405147439,-1.204145756880896,mixed_basis_boundary
vel1,W2,38,middle,42,-4.373525956177891,-1.1618423283107533,mixed_basis_boundary
vel1,W2,39,middle,42,-1.9893338329988135,-1.0907128731633082,mixed_basis_boundary
vel1,W2,40,middle,42,-2.1275674967489624,-1.149585630077781,mixed_basis_boundary
vel1,W2,41,middle,42,-3.4212602066749134,-1.658305496664811,mixed_basis_boundary
vel1,W2,42,outer,42,-3.0437948516562026,-0.8985429858478916,mixed_basis_boundary
vel1,W2,43,outer,42,-3.91180532353112,-1.3745883917988275,mixed_basis_boundary
vel1,W2,44,outer,42,-6.336514668828921,-1.769446412775605,mixed_basis_boundary
vel1,W2,45,outer,42,-5.313176555154337,-1.8725411512721992,mixed_basis_boundary
vel1,W2,46,outer,42,-7.341201603607378,-1.9915499510194075,mixed_basis_boundary
vel1,W2,47,outer,42,-4.283163260211346,-2.7748701037243864,mixed_basis_boundary
vel1,W2,48,outer,42,-9.008294074669774,-2.8858525912417763,mixed_basis_boundary
vel1,W2,49,outer,42,-47.80773286213838,-3.11720125460609,mixed_basis_boundary
vel1,W2,50,outer,42,-12.500888402748076,-3.990581237178602,mixed_basis_boundary
vel1,W2,51,outer,42,-11.92693144862524,-3.3149613745433877,mixed_basis_boundary
vel1,W2,52,outer,42,-6.236545185922087,-3.881340761883629,mixed_basis_boundary
vel1,W2,53,outer,42,-10.602621202549809,-5.078191307044246,mixed_basis_boundary
vel1,W2,54,outer,42,-16.50207041842478,-5.393930886404219,mixed_basis_boundary
vel1,W2,55,outer,42,-26.424362345029625,-8.246912285259462,mixed_basis_boundary
vel1,W2,56,outer,42,-35.76565855772483,-10.418624763957881,mixed_basis_boundary
vel1,W2,57,outer,42,-23.968849533037016,-12.477337988913607,mixed_basis_boundary
vel1,W2,58,outer,42,-48.640341050528974,-11.0648209204292,mixed_basis_boundary
vel1,W2,59,outer,42,-33.762751104491656,-13.438224437483978,mixed_basis_boundary
vel1,W2,60,outer,42,-39.86688543117265,-19.293406855523454,mixed_basis_boundary
vel1,W2,61,outer,42,-49.99648986557442,-16.838208600414575,mixed_basis_boundary
vel1,W2,62,outer,42,-91.19652561516678,-15.829529097051932,mixed_basis_boundary
vel1,W2,63,outer,42,-147.2301041280908,-14.858431464885356,mixed_basis_boundary
vel2,W2,0,inner,42,-1.4979837404638208,-0.3441277030613453,mixed_basis_boundary
vel2,W2,1,inner,42,-5.989915503925219,-0.14960108903271152,mixed_basis_boundary
vel2,W2,2,inner,42,-1.997134431506657,-0.15986395392185682,mixed_basis_boundary
vel2,W2,3,inner,42,-1.9874915069595496,-0.3620123193836149,mixed_basis_boundary
vel2,W2,4,inner,42,-4.869036812529068,-0.7207525413880346,mixed_basis_boundary
vel2,W2,5,inner,42,-185.7163468671017,-1.8884071827497935,mixed_basis_boundary
vel2,W2,6,inner,42,-8.329432042371517,-1.7451113738087103,mixed_basis_boundary
vel2,W2,7,inner,42,-4.192963769650347,-1.1696456798032637,mixed_basis_boundary
vel2,W2,8,inner,42,-3.464960404584864,-0.7969338955601392,mixed_basis_boundary
vel2,W2,9,inner,42,-2.274903039162445,-1.0377392221540611,mixed_basis_boundary
vel2,W2,10,inner,42,-6.945110146475579,-1.4781286167698346,mixed_basis_boundary
vel2,W2,11,inner,42,-2.9566835083890246,-1.3899987039091914,mixed_basis_boundary
vel2,W2,12,inner,42,-28.25977364601345,-0.6750644020583965,mixed_basis_boundary
vel2,W2,13,inner,42,-1.834743168753602,-0.590158416807993,mixed_basis_boundary
vel2,W2,14,inner,42,-3.192874229535448,-0.7450702542743936,mixed_basis_boundary
vel2,W2,15,inner,42,-9.2439717872842,-1.0716598030515039,mixed_basis_boundary
vel2,W2,16,inner,42,-3.020185283627044,-1.8088151051021475,mixed_basis_boundary
vel2,W2,17,inner,42,-4.54039873671348,-1.8031996048228496,mixed_basis_boundary
vel2,W2,18,inner,42,-8.663812279066187,-1.808117126301813,mixed_basis_boundary
vel2,W2,19,inner,42,-8.430568919345726,-1.9196642029949915,mixed_basis_boundary
vel2,W2,20,inner,42,-15.158176239686119,-3.479417025364971,mixed_basis_boundary
vel2,W2,21,middle,42,-50.77071165561636,-4.887401679992266,mixed_basis_boundary
vel2,W2,22,middle,42,-21.025250338356482,-5.316592818241601,mixed_basis_boundary
vel2,W2,23,middle,42,-23.106015610384574,-5.797240864547846,mixed_basis_boundary
vel2,W2,24,middle,42,-22.278205842289605,-5.529066740798361,mixed_basis_boundary
vel2,W2,25,middle,42,-29.198251929985055,-5.2272928511305485,mixed_basis_boundary
vel2,W2,26,middle,42,-20.135478311836437,-5.5343811879391716,mixed_basis_boundary
vel2,W2,27,middle,42,-29.121254123641318,-6.710535787195944,mixed_basis_boundary
vel2,W2,28,middle,42,-69.88887893299652,-6.767049418480431,mixed_basis_boundary
vel2,W2,29,middle,42,-17.503564748747497,-7.998649750189005,mixed_basis_boundary
vel2,W2,30,middle,42,-687.1984203437205,-8.511794947006361,mixed_basis_boundary
vel2,W2,31,middle,42,-616.6892527335186,-9.441682273968114,mixed_basis_boundary
vel2,W2,32,middle,42,-31.89265253136147,-14.730011303859051,mixed_basis_boundary
vel2,W2,33,middle,42,-58.24315546770669,-16.895927413994983,mixed_basis_boundary
vel2,W2,34,middle,42,-33.62158412683891,-15.02467349885297,mixed_basis_boundary
vel2,W2,35,middle,42,-339.67830086086843,-15.730607521503972,mixed_basis_boundary
vel2,W2,36,middle,42,-56.14322831112907,-19.339898102027128,mixed_basis_boundary
vel2,W2,37,middle,42,-49.19032451295371,-15.163073560413912,mixed_basis_boundary
vel2,W2,38,middle,42,-300.7665775370298,-20.085510467714602,mixed_basis_boundary
vel2,W2,39,middle,42,-55.1906361437582,-22.249836866593583,mixed_basis_boundary
vel2,W2,40,middle,42,-105.92948525576078,-21.179605610711935,mixed_basis_boundary
vel2,W2,41,middle,42,-51.217214362326246,-17.59273272702735,mixed_basis_boundary
vel2,W2,42,outer,42,-34.24844014063687,-21.103374803246922,mixed_basis_boundary
vel2,W2,43,outer,42,-78.97450379642852,-20.80412937269667,mixed_basis_boundary
vel2,W2,44,outer,42,-52.308990058574764,-26.077780701080318,mixed_basis_boundary
vel2,W2,45,outer,42,-101.15359454096073,-15.850787610355363,mixed_basis_boundary
vel2,W2,46,outer,42,-40.85653674675708,-13.041089013918825,mixed_basis_boundary
vel2,W2,47,outer,42,-52.71430134683487,-14.31347993889053,mixed_basis_boundary
vel2,W2,48,outer,42,-42.24908988082758,-17.580653310279878,mixed_basis_boundary
vel2,W2,49,outer,42,-63.457589063492854,-14.97144651168695,mixed_basis_boundary
vel2,W2,50,outer,42,-36.625714543419186,-18.646774231996318,mixed_basis_boundary
vel2,W2,51,outer,42,-10440.656308157058,-13.414404532004827,mixed_basis_boundary
vel2,W2,52,outer,42,-40.982819279992285,-14.944172160283678,mixed_basis_boundary
vel2,W2,53,outer,42,-18.863308636621493,-7.669098759086563,mixed_basis_boundary
vel2,W2,54,outer,42,-15.944649502270822,-8.516707817640588,mixed_basis_boundary
vel2,W2,55,outer,42,-3098.0637545806003,-13.047696727421997,mixed_basis_boundary
vel2,W2,56,outer,42,-249.26197721215618,-13.507503696412474,mixed_basis_boundary
vel2,W2,57,outer,42,-89.5716394514405,-14.492968281000561,mixed_basis_boundary
vel2,W2,58,outer,42,-108.27932974572843,-27.013998681788337,mixed_basis_boundary
vel2,W2,59,outer,42,-140.1929837842847,-35.447933758476445,mixed_basis_boundary
vel2,W2,60,outer,42,-180.3906728506632,-55.12879038388702,mixed_basis_boundary
vel2,W2,61,outer,42,-193.26387575360937,-68.71001876095487,mixed_basis_boundary
vel2,W2,62,outer,42,-124.94531188607505,-76.80396106170085,mixed_basis_boundary
vel2,W2,63,outer,42,-201.62845399150476,-84.6398291325666,mixed_basis_boundary
vel3,W2,0,inner,42,-0.7391725990877969,-0.29396000230597275,mixed_basis_boundary
vel3,W2,1,inner,42,-1.8521318759415024,-0.48764489076363227,mixed_basis_boundary
vel3,W2,2,inner,42,-5.548013770119606,-0.7191250696082667,mixed_basis_boundary
vel3,W2,3,inner,42,-24.00644573770746,-0.7675577429381629,mixed_basis_boundary
vel3,W2,4,inner,42,-7.232362651334352,-1.18056945332765,mixed_basis_boundary
vel3,W2,5,inner,42,-9.678691998490551,-2.6952075401258613,mixed_basis_boundary
vel3,W2,6,inner,42,-995.4908386657416,-1.5886681005998549,mixed_basis_boundary
vel3,W2,7,inner,42,-26.239615524439127,-1.9561456943184103,mixed_basis_boundary
vel3,W2,8,inner,42,-6.371324826290799,-2.227255158802863,mixed_basis_boundary
vel3,W2,9,inner,42,-8.921679912422222,-0.9654718107381078,mixed_basis_boundary
vel3,W2,10,inner,42,-12.6629272165187,-1.1747064762330497,mixed_basis_boundary
vel3,W2,11,inner,42,-13.007855427991764,-0.900192230470924,mixed_basis_boundary
vel3,W2,12,inner,42,-9.824315748412783,-0.8644996805801303,mixed_basis_boundary
vel3,W2,13,inner,42,-8.408531019340508,-0.6897243516246653,mixed_basis_boundary
vel3,W2,14,inner,42,-3.6159854456533185,-0.5248870745107123,mixed_basis_boundary
vel3,W2,15,inner,42,-4.104151473108985,-0.42259767700192685,mixed_basis_boundary
vel3,W2,16,inner,42,-5.2742345510041435,-0.2585782635029171,mixed_basis_boundary
vel3,W2,17,inner,42,-1.7653516551648842,-0.4696341697682397,mixed_basis_boundary
vel3,W2,18,inner,42,-1.4733320962574563,-0.32123996180417325,mixed_basis_boundary
vel3,W2,19,inner,42,-1.6606347234211774,-0.12335795539936012,mixed_basis_boundary
vel3,W2,20,inner,42,-10.036289294274578,-0.345643098580683,mixed_basis_boundary
vel3,W2,21,middle,42,-9.14495291744901,-0.46464365012753306,mixed_basis_boundary
vel3,W2,22,middle,42,-2.1969659708285834,-0.35401602558580103,mixed_basis_boundary
vel3,W2,23,middle,42,-2.716736401600459,-0.7841633824859984,mixed_basis_boundary
vel3,W2,24,middle,42,-3.025459090367877,-0.3808614194352239,mixed_basis_boundary
vel3,W2,25,middle,42,-5.684866715695402,-0.4212922344398703,mixed_basis_boundary
vel3,W2,26,middle,42,-3.807618308480109,-0.6157639407193323,mixed_basis_boundary
vel3,W2,27,middle,42,-5.492075519014257,-0.7027981167692828,mixed_basis_boundary
vel3,W2,28,middle,42,-7.651458755414606,-0.9660729270660571,mixed_basis_boundary
vel3,W2,29,middle,42,-3.622262377320775,-1.3033032686228392,mixed_basis_boundary
vel3,W2,30,middle,42,-5.745929783240431,-2.4667846910773985,mixed_basis_boundary
vel3,W2,31,middle,42,-7.280838082090366,-2.2445675734976414,mixed_basis_boundary
vel3,W2,32,middle,42,-12.916641204958832,-2.2775199151888046,mixed_basis_boundary
vel3,W2,33,middle,42,-16.14199438802868,-3.0633635062280975,mixed_basis_boundary
vel3,W2,34,middle,42,-10.79282298209296,-3.236227922055657,mixed_basis_boundary
vel3,W2,35,middle,42,-10.48744092643085,-2.986664530234349,mixed_basis_boundary
vel3,W2,36,middle,42,-6.531484780624195,-2.629822949114458,mixed_basis_boundary
vel3,W2,37,middle,42,-13.374304023584997,-3.143284663444959,mixed_basis_boundary
vel3,W2,38,middle,42,-22.132233905619174,-2.9517528514294336,mixed_basis_boundary
vel3,W2,39,middle,42,-87.7581412808574,-2.7787781190684546,mixed_basis_boundary
vel3,W2,40,middle,42,-17.077737825887638,-3.418275930139144,mixed_basis_boundary
vel3,W2,41,middle,42,-23.165915404222346,-4.352006251826057,mixed_basis_boundary
vel3,W2,42,outer,42,-8.137849916728353,-1.8568129436433147,mixed_basis_boundary
vel3,W2,43,outer,42,-9.443694658922613,-3.870202774151395,mixed_basis_boundary
vel3,W2,44,outer,42,-19.361486892997505,-2.15216505091849,mixed_basis_boundary
vel3,W2,45,outer,42,-10.727693064234709,-2.72676119126327,mixed_basis_boundary
vel3,W2,46,outer,42,-8.875119462844992,-3.154523075401002,mixed_basis_boundary
vel3,W2,47,outer,42,-9.957658033983996,-3.4714084545165194,mixed_basis_boundary
vel3,W2,48,outer,42,-53.454609054270804,-4.118933811204647,mixed_basis_boundary
vel3,W2,49,outer,42,-11.253941409961945,-6.4330121777737075,mixed_basis_boundary
vel3,W2,50,outer,42,-19.16925403819169,-3.955508693987411,mixed_basis_boundary
vel3,W2,51,outer,42,-19.328494936516986,-4.5531462371758575,mixed_basis_boundary
vel3,W2,52,outer,42,-6.885856411066818,-3.5629365890766853,mixed_basis_boundary
vel3,W2,53,outer,42,-15.838574173778895,-4.379358002086311,mixed_basis_boundary
vel3,W2,54,outer,42,-50.326602893018375,-9.099869684805695,mixed_basis_boundary
vel3,W2,55,outer,42,-15.119022228184964,-10.659660154071474,mixed_basis_boundary
vel3,W2,56,outer,42,-18.076425901728733,-12.171265399596416,mixed_basis_boundary
vel3,W2,57,outer,42,-75.90402354498471,-11.623319114783506,mixed_basis_boundary
vel3,W2,58,outer,42,-32.27566974618368,-11.955248937174316,mixed_basis_boundary
vel3,W2,59,outer,42,-677.3203034844303,-16.358022290528478,mixed_basis_boundary
vel3,W2,60,outer,42,-29.8708138227223,-20.20433474431998,mixed_basis_boundary
vel3,W2,61,outer,42,-84.49638693412834,-18.53070588466509,mixed_basis_boundary
vel3,W2,62,outer,42,-208.84462591277838,-19.33518568247651,mixed_basis_boundary
vel3,W2,63,outer,42,-217.3245505574126,-22.378743293104314,mixed_basis_boundary
Bcc1,Stage-T,0,inner,42,-48.62640688556345,-28.25681755431602,stage_t
Bcc1,Stage-T,1,inner,42,-62.37739100838999,-31.23665575630404,stage_t
Bcc1,Stage-T,2,inner,42,-163.66721320973664,-28.112183725603614,stage_t
Bcc1,Stage-T,3,inner,42,-78.38962551333344,-28.027750201244125,stage_t
Bcc1,Stage-T,4,inner,42,-126.12147447237687,-38.59210798254509,stage_t
Bcc1,Stage-T,5,inner,42,-259.07774704059517,-42.3495314446896,stage_t
Bcc1,Stage-T,6,inner,42,-888.7012679430107,-81.32521831567584,stage_t
Bcc1,Stage-T,7,inner,42,-312.6841101691132,-138.24788233327644,stage_t
Bcc1,Stage-T,8,inner,42,-757.4902898049869,-310.42164101637877,stage_t
Bcc1,Stage-T,9,inner,42,-1089.6124355491459,-488.9283688405951,stage_t
Bcc1,Stage-T,10,inner,42,-460.00309477707043,-169.5075671216007,stage_t
Bcc1,Stage-T,11,inner,42,-1015.1699605237171,-213.2882963630944,stage_t
Bcc1,Stage-T,12,inner,42,-752.1594709320461,-256.4107110379058,stage_t
Bcc1,Stage-T,13,inner,42,-1063.8808009536683,-259.67961260618256,stage_t
Bcc1,Stage-T,14,inner,42,-740.2771181698183,-327.8887323796134,stage_t
Bcc1,Stage-T,15,inner,42,-442.42385086145777,-280.4156069874241,stage_t
Bcc1,Stage-T,16,inner,42,-482.92332536303354,-224.56766028466396,stage_t
Bcc1,Stage-T,17,inner,42,-2687.820926642523,-211.17570672172317,stage_t
Bcc1,Stage-T,18,inner,42,-739.7043196983801,-201.1742067157988,stage_t
Bcc1,Stage-T,19,inner,42,-5860.174860451251,-156.24128273421246,stage_t
Bcc1,Stage-T,20,inner,42,-358.37145697331243,-81.09411695075437,stage_t
Bcc1,Stage-T,21,middle,42,-135.41069935350652,-56.99979367640105,stage_t
Bcc1,Stage-T,22,middle,42,-129.6642681191486,-41.717770489455354,stage_t
Bcc1,Stage-T,23,middle,42,-57.95143798777195,-26.849534104409628,stage_t
Bcc1,Stage-T,24,middle,42,-72.41009594926494,-21.647099225171516,stage_t
Bcc1,Stage-T,25,middle,42,-1346.8703306311163,-16.480971944166175,stage_t
Bcc1,Stage-T,26,middle,42,-118.094640159034,-20.22224988880434,stage_t
Bcc1,Stage-T,27,middle,42,-827.3573463751794,-22.060818994450482,stage_t
Bcc1,Stage-T,28,middle,42,-99.90520537173937,-9.333370290024654,stage_t
Bcc1,Stage-T,29,middle,42,-96.94487807166772,-7.298381574666213,stage_t
Bcc1,Stage-T,30,middle,42,-57.69280301654724,-8.530878933690019,stage_t
Bcc1,Stage-T,31,middle,42,-39.60129042053922,-8.739704053362015,stage_t
Bcc1,Stage-T,32,middle,42,-61.93835512405004,-11.658443120088048,stage_t
Bcc1,Stage-T,33,middle,42,-169.23837947697538,-12.843192640373069,stage_t
Bcc1,Stage-T,34,middle,42,-26.520757234007153,-8.860445953829348,stage_t
Bcc1,Stage-T,35,middle,42,-232.49340406846818,-8.808658169864128,stage_t
Bcc1,Stage-T,36,middle,42,-33.211904043857764,-10.158871321722273,stage_t
Bcc1,Stage-T,37,middle,42,-38.34007607560477,-13.864376359310834,stage_t
Bcc1,Stage-T,38,middle,42,-31.017377340562454,-8.421115762665682,stage_t
Bcc1,Stage-T,39,middle,42,-51.659252663920675,-3.4580381392505277,stage_t
Bcc1,Stage-T,40,middle,42,-10.386846646076785,-2.110854129110786,stage_t
Bcc1,Stage-T,41,middle,42,-30.720397672050815,-2.0805771776891344,stage_t
Bcc1,Stage-T,42,outer,42,-8.64068685345144,-2.721802302667972,stage_t
Bcc1,Stage-T,43,outer,42,-16.635763793405477,-1.6346352345395176,stage_t
Bcc1,Stage-T,44,outer,42,-14.522406822565674,-1.0992394203366178,stage_t
Bcc1,Stage-T,45,outer,42,-27.970784318578467,-1.5448479524620211,stage_t
Bcc1,Stage-T,46,outer,42,-35.89556265195031,-3.5328701275342,stage_t
Bcc1,Stage-T,47,outer,42,-16.108996973878003,-4.1617887999985586,stage_t
Bcc1,Stage-T,48,outer,42,-7.954318789786787,-2.7142969921390674,stage_t
Bcc1,Stage-T,49,outer,42,-7.938440258537405,-2.0334651509474972,stage_t
Bcc1,Stage-T,50,outer,42,-13.52046968104293,-2.586086165224714,stage_t
Bcc1,Stage-T,51,outer,42,-142.6735780568605,-1.5181014904013639,stage_t
Bcc1,Stage-T,52,outer,42,-8.287712326545014,-1.4185447865459997,stage_t
Bcc1,Stage-T,53,outer,42,-5.767538380121594,-0.6509559149500748,stage_t
Bcc1,Stage-T,54,outer,42,-2.4512257224550056,-0.9553840396683643,stage_t
Bcc1,Stage-T,55,outer,42,-15.621290263748097,-1.0171490430925276,stage_t
Bcc1,Stage-T,56,outer,42,-224.9232916225764,-1.1962771567790023,stage_t
Bcc1,Stage-T,57,outer,42,-9.591596527875947,-1.8264519500594272,stage_t
Bcc1,Stage-T,58,outer,42,-38.19322273654662,-2.7435695537557008,stage_t
Bcc1,Stage-T,59,outer,42,-101.22589761395177,-5.385171555710468,stage_t
Bcc1,Stage-T,60,outer,42,-39.49364418672325,-9.57262920205725,stage_t
Bcc1,Stage-T,61,outer,42,-157.30769725956793,-14.508804389763625,stage_t
Bcc1,Stage-T,62,outer,42,-65.62642731069984,-15.522405790017768,stage_t
Bcc1,Stage-T,63,outer,42,-496.0576578373435,-93.66508022837203,stage_t
Bcc2,Stage-T,0,inner,42,-2.8196552996397406,-0.3301195005355604,stage_t
Bcc2,Stage-T,1,inner,42,-3.394365662530934,-0.2894229949272169,stage_t
Bcc2,Stage-T,2,inner,42,-2.1168528920174623,-0.09181235276111332,stage_t
Bcc2,Stage-T,3,inner,42,-2.2478276218579105,-0.33800788089457157,stage_t
Bcc2,Stage-T,4,inner,42,-2.25961800404058,-0.03650226589430883,stage_t
Bcc2,Stage-T,5,inner,42,-1.9858962983342525,-0.6579633336195723,stage_t
Bcc2,Stage-T,6,inner,42,-2.8978609109865383,-0.8396343613912151,stage_t
Bcc2,Stage-T,7,inner,42,-2.3769762051025274,-0.6274248785850656,stage_t
Bcc2,Stage-T,8,inner,42,-6.924482766385303,-1.436114420047361,stage_t
Bcc2,Stage-T,9,inner,42,-18.000989558439606,-0.7845576342525633,stage_t
Bcc2,Stage-T,10,inner,42,-57.698661031143104,-1.3682628803674217,stage_t
Bcc2,Stage-T,11,inner,42,-6.816770481606912,-1.2005350243727966,stage_t
Bcc2,Stage-T,12,inner,42,-1429.2439522731165,-0.7487982071918385,stage_t
Bcc2,Stage-T,13,inner,42,-12.439356724035452,-2.6304835880338926,stage_t
Bcc2,Stage-T,14,inner,42,-13.867990646331076,-3.7901564847296876,stage_t
Bcc2,Stage-T,15,inner,42,-14.634098970129804,-3.428852873537444,stage_t
Bcc2,Stage-T,16,inner,42,-25.73825636917072,-3.1748979478042356,stage_t
Bcc2,Stage-T,17,inner,42,-47.7743054469309,-2.755965503393063,stage_t
Bcc2,Stage-T,18,inner,42,-83.46898678941622,-2.981896905732552,stage_t
Bcc2,Stage-T,19,inner,42,-9.805784467990238,-3.220511654451652,stage_t
Bcc2,Stage-T,20,inner,42,-4.09007701303227,-2.3496415257173338,stage_t
Bcc2,Stage-T,21,middle,42,-4.179143610439493,-1.8178683649682559,stage_t
Bcc2,Stage-T,22,middle,42,-6.493369018364804,-0.4659068726180563,stage_t
Bcc2,Stage-T,23,middle,42,-2.6346887247512347,-0.5198942125810809,stage_t
Bcc2,Stage-T,24,middle,42,-9.315328486755938,-0.19534787135215947,stage_t
Bcc2,Stage-T,25,middle,42,-3.572771003943639,-0.6833485227624224,stage_t
Bcc2,Stage-T,26,middle,42,-5.041706068639009,-1.0658154380687725,stage_t
Bcc2,Stage-T,27,middle,42,-5.558768313126187,-0.5416453007693683,stage_t
Bcc2,Stage-T,28,middle,42,-3.07498514377903,-0.7434477184596805,stage_t
Bcc2,Stage-T,29,middle,42,-7.052113111698852,-1.3647720134236536,stage_t
Bcc2,Stage-T,30,middle,42,-7.254250054013013,-1.2907682149854562,stage_t
Bcc2,Stage-T,31,middle,42,-483.464508823466,-1.5796847808397363,stage_t
Bcc2,Stage-T,32,middle,42,-103.98662459414945,-1.7802035386192179,stage_t
Bcc2,Stage-T,33,middle,42,-28.376746636896954,-2.217574851616393,stage_t
Bcc2,Stage-T,34,middle,42,-9.254699920405136,-1.724974319534183,stage_t
Bcc2,Stage-T,35,middle,42,-15.260329823072416,-2.698023730436077,stage_t
Bcc2,Stage-T,36,middle,42,-31.832981858521993,-4.956076128089364,stage_t
Bcc2,Stage-T,37,middle,42,-23.5477638099747,-4.954329695746942,stage_t
Bcc2,Stage-T,38,middle,42,-8.835490148673285,-3.53105199569491,stage_t
Bcc2,Stage-T,39,middle,42,-118.13158195865145,-2.394062425168838,stage_t
Bcc2,Stage-T,40,middle,42,-22.54722765008724,-3.723382931998874,stage_t
Bcc2,Stage-T,41,middle,42,-28.534164383456208,-8.581738282792406,stage_t
Bcc2,Stage-T,42,outer,42,-36.74931419820362,-8.822884393339276,stage_t
Bcc2,Stage-T,43,outer,42,-166.77623429110008,-7.089947616417298,stage_t
Bcc2,Stage-T,44,outer,42,-103.652374503337,-10.56512110529463,stage_t
Bcc2,Stage-T,45,outer,42,-69.92451849352763,-23.16577542302852,stage_t
Bcc2,Stage-T,46,outer,42,-113.06355893743913,-30.97976800950951,stage_t
Bcc2,Stage-T,47,outer,42,-89.8329573225684,-39.462794491167415,stage_t
Bcc2,Stage-T,48,outer,42,-272.74417756212415,-53.08268122350036,stage_t
Bcc2,Stage-T,49,outer,42,-136.52222084479595,-45.7039554049412,stage_t
Bcc2,Stage-T,50,outer,42,-315.66648350906456,-95.49302377652077,stage_t
Bcc2,Stage-T,51,outer,42,-220.96284188154544,-51.398723395774965,stage_t
Bcc2,Stage-T,52,outer,42,-131.6555249144901,-31.486318019313675,stage_t
Bcc2,Stage-T,53,outer,42,-51.951320578988486,-22.058012313722188,stage_t
Bcc2,Stage-T,54,outer,42,-38.78524172874136,-15.554994530492499,stage_t
Bcc2,Stage-T,55,outer,42,-37.80582093779518,-9.24535348695525,stage_t
Bcc2,Stage-T,56,outer,42,-49.769490406863554,-5.851766364877047,stage_t
Bcc2,Stage-T,57,outer,42,-54.19606935838259,-8.028999392885899,stage_t
Bcc2,Stage-T,58,outer,42,-38.648141096476856,-10.492627294964546,stage_t
Bcc2,Stage-T,59,outer,42,-112.77447525910462,-47.47378282489201,stage_t
Bcc2,Stage-T,60,outer,42,-30853.167532911983,-393.395346456944,stage_t
Bcc2,Stage-T,61,outer,42,-569.3230639941142,-241.8417098073711,stage_t
Bcc2,Stage-T,62,outer,42,-6686.53019446211,-424.4379554511194,stage_t
Bcc2,Stage-T,63,outer,42,-3780.7779431028694,-1361.5160557140716,stage_t
Bcc3,Stage-T,0,inner,42,-2.376499189580422,-0.13946048436384084,stage_t
Bcc3,Stage-T,1,inner,42,-11.956111759132407,0.027512525361501228,stage_t
Bcc3,Stage-T,2,inner,42,-0.4803580161710371,0.05490127024403407,stage_t
Bcc3,Stage-T,3,inner,42,-0.9772001425870263,-0.25933449562614164,stage_t
Bcc3,Stage-T,4,inner,42,-5.766955506414085,-0.36576648473036344,stage_t
Bcc3,Stage-T,5,inner,42,-3.396474503415911,-0.48828022823179784,stage_t
Bcc3,Stage-T,6,inner,42,-12.964874499719727,-0.5872908763815168,stage_t
Bcc3,Stage-T,7,inner,42,-7.973489916850259,-0.7065809044251293,stage_t
Bcc3,Stage-T,8,inner,42,-27.75402227566043,-1.1452588839968763,stage_t
Bcc3,Stage-T,9,inner,42,-5.02290209439908,-1.732096302506781,stage_t
Bcc3,Stage-T,10,inner,42,-3.335551775292019,-1.5594155171276367,stage_t
Bcc3,Stage-T,11,inner,42,-3.08055769566,-1.6492045530645885,stage_t
Bcc3,Stage-T,12,inner,42,-4.034879483789654,-1.3052059984427893,stage_t
Bcc3,Stage-T,13,inner,42,-7.5427122845222945,-1.1550443018113803,stage_t
Bcc3,Stage-T,14,inner,42,-2.2172818353126558,-0.8164181259774508,stage_t
Bcc3,Stage-T,15,inner,42,-4.134852497003642,-0.4953092728148677,stage_t
Bcc3,Stage-T,16,inner,42,-2.328544331102448,-0.5434456255900137,stage_t
Bcc3,Stage-T,17,inner,42,-1.5514194130112728,-0.7015504981766553,stage_t
Bcc3,Stage-T,18,inner,42,-11.592800172436089,-0.5837458050846225,stage_t
Bcc3,Stage-T,19,inner,42,-2.5640868879349785,-0.742058091553617,stage_t
Bcc3,Stage-T,20,inner,42,-1.8317345988013252,-0.6344940287161509,stage_t
Bcc3,Stage-T,21,middle,42,-1.5830241236388976,-0.29621638545393325,stage_t
Bcc3,Stage-T,22,middle,42,-1.903951249371619,-0.6899189595123983,stage_t
Bcc3,Stage-T,23,middle,42,-14.444810310180705,-1.1499442679311394,stage_t
Bcc3,Stage-T,24,middle,42,-1.594899634715023,-0.5610413319225708,stage_t
Bcc3,Stage-T,25,middle,42,-34.41681376387622,-0.5622740654734946,stage_t
Bcc3,Stage-T,26,middle,42,-1.8547222049349226,-0.8470419018606061,stage_t
Bcc3,Stage-T,27,middle,42,-2.394886501328079,-1.0449079055736448,stage_t
Bcc3,Stage-T,28,middle,42,-6.293350434741334,-1.3170764290088672,stage_t
Bcc3,Stage-T,29,middle,42,-36.05336081346699,-1.4428507350787416,stage_t
Bcc3,Stage-T,30,middle,42,-7.10847789402659,-1.8723590167147268,stage_t
Bcc3,Stage-T,31,middle,42,-20.370814869809493,-3.627849158759977,stage_t
Bcc3,Stage-T,32,middle,42,-11.380360377135588,-5.36630838755652,stage_t
Bcc3,Stage-T,33,middle,42,-16.65959997072206,-5.522455229207642,stage_t
Bcc3,Stage-T,34,middle,42,-26.061283600637196,-7.005855072058146,stage_t
Bcc3,Stage-T,35,middle,42,-18.64091317751855,-5.299596280894198,stage_t
Bcc3,Stage-T,36,middle,42,-25.008132920294635,-7.887098913204073,stage_t
Bcc3,Stage-T,37,middle,42,-103.41023058188969,-6.330095822041949,stage_t
Bcc3,Stage-T,38,middle,42,-37.467213908208386,-7.931448292772215,stage_t
Bcc3,Stage-T,39,middle,42,-76.94459160610822,-4.253641049935096,stage_t
Bcc3,Stage-T,40,middle,42,-53.81513749109284,-5.190113603954491,stage_t
Bcc3,Stage-T,41,middle,42,-9.061448081767846,-3.1298748317829093,stage_t
Bcc3,Stage-T,42,outer,42,-16.922310929017808,-1.4907571314403987,stage_t
Bcc3,Stage-T,43,outer,42,-100.75173045013116,-2.0889906272600545,stage_t
Bcc3,Stage-T,44,outer,42,-21.08420608648457,-3.0836317713747237,stage_t
Bcc3,Stage-T,45,outer,42,-29.49202592509881,-4.141952530498623,stage_t
Bcc3,Stage-T,46,outer,42,-619.7157126428656,-9.887792147848177,stage_t
Bcc3,Stage-T,47,outer,42,-25.610139367888987,-6.914146662585553,stage_t
Bcc3,Stage-T,48,outer,42,-27.177837591643,-9.017494758448692,stage_t
Bcc3,Stage-T,49,outer,42,-23.711526358691238,-9.10484649882406,stage_t
Bcc3,Stage-T,50,outer,42,-33.06162622081616,-9.670187775285552,stage_t
Bcc3,Stage-T,51,outer,42,-33.510815553999976,-6.306579046193148,stage_t
Bcc3,Stage-T,52,outer,42,-12.404716562508781,-4.656833459367667,stage_t
Bcc3,Stage-T,53,outer,42,-20.668280276293814,-3.594489829008561,stage_t
Bcc3,Stage-T,54,outer,42,-17.037479405518624,-2.45571611313074,stage_t
Bcc3,Stage-T,55,outer,42,-16.960115058495134,-3.010973086117737,stage_t
Bcc3,Stage-T,56,outer,42,-13.053961423227141,-4.464900819988982,stage_t
Bcc3,Stage-T,57,outer,42,-44.366488972424236,-3.713586692910811,stage_t
Bcc3,Stage-T,58,outer,42,-359.443020063953,-4.677327514373623,stage_t
Bcc3,Stage-T,59,outer,42,-53.35912810359078,-13.587212391690823,stage_t
Bcc3,Stage-T,60,outer,42,-465.65724407562215,-68.85261627800489,stage_t
Bcc3,Stage-T,61,outer,42,-4977.046517602152,-82.13902390680022,stage_t
Bcc3,Stage-T,62,outer,42,-329.641103310199,-125.9875332216543,stage_t
Bcc3,Stage-T,63,outer,42,-2020.6773973200854,-509.5372614615842,stage_t
aggregate_focus,Stage-T,0,inner,126,-1.7549054532369999,-0.04884579678777501,stage_t
aggregate_focus,Stage-T,1,inner,126,-5.122571498645423,-0.015921511388874765,stage_t
aggregate_focus,Stage-T,2,inner,126,-1.3270244220915792,0.010153130205260819,stage_t
aggregate_focus,Stage-T,3,inner,126,-2.7828299438680615,-0.25933449562614164,stage_t
aggregate_focus,Stage-T,4,inner,126,-3.736640852857426,-0.3433623385902578,stage_t
aggregate_focus,Stage-T,5,inner,126,-2.9757260665730727,-0.6105893825489691,stage_t
aggregate_focus,Stage-T,6,inner,126,-78.1577118001792,-0.7361304687460615,stage_t
aggregate_focus,Stage-T,7,inner,126,-9.639089804658473,-0.7141404263363118,stage_t
aggregate_focus,Stage-T,8,inner,126,-12.984543727687045,-1.5264205870124323,stage_t
aggregate_focus,Stage-T,9,inner,126,-12.372766864874292,-1.520210786869898,stage_t
aggregate_focus,Stage-T,10,inner,126,-24.840987703614037,-1.91342632693264,stage_t
aggregate_focus,Stage-T,11,inner,126,-9.278136107091889,-2.166079049165579,stage_t
aggregate_focus,Stage-T,12,inner,126,-484.0948231215729,-2.0994562755721224,stage_t
aggregate_focus,Stage-T,13,inner,126,-15.578958652218514,-2.5259663813690794,stage_t
aggregate_focus,Stage-T,14,inner,126,-8.249894248633911,-2.3138001684319836,stage_t
aggregate_focus,Stage-T,15,inner,126,-10.019587836338168,-2.0259366675609174,stage_t
aggregate_focus,Stage-T,16,inner,126,-13.504007558506204,-1.7401554863321727,stage_t
aggregate_focus,Stage-T,17,inner,126,-18.216042125884574,-1.9490238306756074,stage_t
aggregate_focus,Stage-T,18,inner,126,-32.71132576163253,-1.5357312145678,stage_t
aggregate_focus,Stage-T,19,inner,126,-4.813416336861651,-1.4431697909424328,stage_t
aggregate_focus,Stage-T,20,inner,126,-3.2394578747190534,-0.9824031206826486,stage_t
aggregate_focus,Stage-T,21,middle,126,-2.9938887140474613,-0.6734393150211918,stage_t
aggregate_focus,Stage-T,22,middle,126,-3.843253977591774,-0.5582340236723209,stage_t
aggregate_focus,Stage-T,23,middle,126,-6.849478301766591,-0.44590113119434405,stage_t
aggregate_focus,Stage-T,24,middle,126,-4.55121460514255,-0.2459169944127827,stage_t
aggregate_focus,Stage-T,25,middle,126,-12.84688592702669,-0.28138724506231483,stage_t
aggregate_focus,Stage-T,26,middle,126,-2.4625831290568936,-0.3177170225612912,stage_t
aggregate_focus,Stage-T,27,middle,126,-2.8578602016444896,-0.26034738744673314,stage_t
aggregate_focus,Stage-T,28,middle,126,-3.529224514277724,-0.5729999166157855,stage_t
aggregate_focus,Stage-T,29,middle,126,-14.637043316376829,-0.5548629571543916,stage_t
aggregate_focus,Stage-T,30,middle,126,-5.420236074005084,-0.7643436611770783,stage_t
aggregate_focus,Stage-T,31,middle,126,-168.30478932623896,-0.8721168870318635,stage_t
aggregate_focus,Stage-T,32,middle,126,-38.83704470971312,-1.0105668056961465,stage_t
aggregate_focus,Stage-T,33,middle,126,-15.387155807730858,-1.3154020399875128,stage_t
aggregate_focus,Stage-T,34,middle,126,-12.136226251412277,-1.1582909933604726,stage_t
aggregate_focus,Stage-T,35,middle,126,-11.487680742104676,-1.5311325999681253,stage_t
aggregate_focus,Stage-T,36,middle,126,-19.20095584637367,-1.5989452679041867,stage_t
aggregate_focus,Stage-T,37,middle,126,-42.67175087476577,-1.950219488926195,stage_t
aggregate_focus,Stage-T,38,middle,126,-15.821101444322464,-1.5425230161901218,stage_t
aggregate_focus,Stage-T,39,middle,126,-66.75151784214334,-1.081703021042819,stage_t
aggregate_focus,Stage-T,40,middle,126,-26.123698859586536,-1.1161570609069762,stage_t
aggregate_focus,Stage-T,41,middle,126,-13.072650104361868,-1.6098729032657029,stage_t
aggregate_focus,Stage-T,42,outer,126,-18.00882460126027,-0.7068140332999425,stage_t
aggregate_focus,Stage-T,43,outer,126,-89.3991602089335,-1.1995627676502378,stage_t
aggregate_focus,Stage-T,44,outer,126,-42.08188651060127,-1.515576784685225,stage_t
aggregate_focus,Stage-T,45,outer,126,-33.96924381431922,-2.26600075572948,stage_t
aggregate_focus,Stage-T,46,outer,126,-244.92121781638542,-4.072126234587847,stage_t
aggregate_focus,Stage-T,47,outer,126,-39.448742751979196,-4.962974039964152,stage_t
aggregate_focus,Stage-T,48,outer,126,-102.22089435635635,-6.424917759501046,stage_t
aggregate_focus,Stage-T,49,outer,126,-53.879657317993235,-5.7525175308305485,stage_t
aggregate_focus,Stage-T,50,outer,126,-116.94913095914275,-6.2868959575315095,stage_t
aggregate_focus,Stage-T,51,outer,126,-85.70011344210185,-5.8512323164092095,stage_t
aggregate_focus,Stage-T,52,outer,126,-48.402116882392704,-3.5132725675558234,stage_t
aggregate_focus,Stage-T,53,outer,126,-25.350131782561505,-3.788850686043615,stage_t
aggregate_focus,Stage-T,54,outer,126,-20.86819622473922,-4.110693348445479,stage_t
aggregate_focus,Stage-T,55,outer,126,-18.865672108149024,-3.010973086117737,stage_t
aggregate_focus,Stage-T,56,outer,126,-21.455959860132424,-3.0512272939366905,stage_t
aggregate_focus,Stage-T,57,outer,126,-34.441994248033794,-2.9886585342751077,stage_t
aggregate_focus,Stage-T,58,outer,126,-133.07122802425275,-3.640703166978556,stage_t
aggregate_focus,Stage-T,59,outer,126,-66.81290546847772,-7.9386291140338106,stage_t
aggregate_focus,Stage-T,60,outer,126,-10440.191568638878,-33.95404923680157,stage_t
aggregate_focus,Stage-T,61,outer,126,-1851.3920797949204,-43.231631639575824,stage_t
aggregate_focus,Stage-T,62,outer,126,-2345.4029835129404,-99.69939505946417,stage_t
aggregate_focus,Stage-T,63,outer,126,-1938.5326217945376,-289.8931344509042,stage_t
press,Stage-T,0,inner,42,-2391.0884616764747,-254.39889083194515,stage_t
press,Stage-T,1,inner,42,-198.46486904229434,-82.73077491404948,stage_t
press,Stage-T,2,inner,42,-281.41473581138484,-52.0236230591954,stage_t
press,Stage-T,3,inner,42,-95.3629704569593,-39.60753928464486,stage_t
press,Stage-T,4,inner,42,-73.80466353130728,-18.19696346328715,stage_t
press,Stage-T,5,inner,42,-26.50107606513308,-9.172806097968527,stage_t
press,Stage-T,6,inner,42,-8.38592359509449,-3.4629410417441044,stage_t
press,Stage-T,7,inner,42,-15.530120746425512,-2.733159585114352,stage_t
press,Stage-T,8,inner,42,-6.342656843298874,-2.2466976588600804,stage_t
press,Stage-T,9,inner,42,-4.231401412814255,-1.8417775252324746,stage_t
press,Stage-T,10,inner,42,-13.97794116078232,-1.0786495401831593,stage_t
press,Stage-T,11,inner,42,-71.56671871193747,-1.8629412668654486,stage_t
press,Stage-T,12,inner,42,-7.973498774041089,-1.8702089222834073,stage_t
press,Stage-T,13,inner,42,-5.277489277158372,-1.2689878313252352,stage_t
press,Stage-T,14,inner,42,-6.4774121157679625,-1.244119780388798,stage_t
press,Stage-T,15,inner,42,-6.316784600823943,-1.0329027667465447,stage_t
press,Stage-T,16,inner,42,-3.92713049943392,-1.0251764034494864,stage_t
press,Stage-T,17,inner,42,-4.095700428655046,-0.9813501393636054,stage_t
press,Stage-T,18,inner,42,-4.531544707726924,-1.2026358717398518,stage_t
press,Stage-T,19,inner,42,-4.730635532051004,-1.3574569336373155,stage_t
press,Stage-T,20,inner,42,-4.163879635425113,-1.2789065619563076,stage_t
press,Stage-T,21,middle,42,-6.564883777159867,-1.9331538789049627,stage_t
press,Stage-T,22,middle,42,-4.511872523730795,-2.4439214708866475,stage_t
press,Stage-T,23,middle,42,-5.21485056198708,-0.970906320275083,stage_t
press,Stage-T,24,middle,42,-1.8425536857194198,-0.4582336031161047,stage_t
press,Stage-T,25,middle,42,-1.840940915346903,0.05547158278040165,stage_t
press,Stage-T,26,middle,42,-0.2947733348893727,0.26523696660913876,stage_t
press,Stage-T,27,middle,42,-0.18044616939041266,0.28241837623517685,stage_t
press,Stage-T,28,middle,42,-5.534902539665417,0.2352942443873094,stage_t
press,Stage-T,29,middle,42,0.05478745934533789,0.325670517781392,stage_t
press,Stage-T,30,middle,42,-0.08232754842395237,0.21147953168858163,stage_t
press,Stage-T,31,middle,42,0.18389405005262066,0.3617532345450427,stage_t
press,Stage-T,32,middle,42,-1.1937376966397493,0.25931034135623093,stage_t
press,Stage-T,33,middle,42,-0.6319364950664893,0.42438901520686106,stage_t
press,Stage-T,34,middle,42,-2.2861616612569495,0.42844916830506463,stage_t
press,Stage-T,35,middle,42,-0.43090822982816185,0.48545102774966903,stage_t
press,Stage-T,36,middle,42,-0.480225366288489,0.5349046210795443,stage_t
press,Stage-T,37,middle,42,0.4473922201906455,0.5884857156950469,stage_t
press,Stage-T,38,middle,42,-1.4149292961903184,0.36324677484039397,stage_t
press,Stage-T,39,middle,42,-7.775109186551465,0.2497478512732495,stage_t
press,Stage-T,40,middle,42,-2.858882259099024,0.21944131375313874,stage_t
press,Stage-T,41,middle,42,-1.993683031106832,0.6294171496458378,stage_t
press,Stage-T,42,outer,42,-3.690595732542974,0.508107206555797,stage_t
press,Stage-T,43,outer,42,-3.0048737283265603,0.6309211576426328,stage_t
press,Stage-T,44,outer,42,0.3068199501601328,0.5347403271255435,stage_t
press,Stage-T,45,outer,42,0.42058829795241404,0.5679821718264482,stage_t
press,Stage-T,46,outer,42,0.0038058900750400507,0.4498629820631436,stage_t
press,Stage-T,47,outer,42,-10.5101721404937,-0.4577162140834523,stage_t
press,Stage-T,48,outer,42,-7.2726293385460155,-2.9485478377527317,stage_t
press,Stage-T,49,outer,42,-2.7112017435006295,-1.6670225607481457,stage_t
press,Stage-T,50,outer,42,-9.103109213845451,-1.8942663616047777,stage_t
press,Stage-T,51,outer,42,-5.146390430438452,-1.4235438390219362,stage_t
press,Stage-T,52,outer,42,-20.114090523969253,-2.3317768671424526,stage_t
press,Stage-T,53,outer,42,-78.66629149945457,-2.806133131326589,stage_t
press,Stage-T,54,outer,42,-48.359001073534664,-20.017927690763102,stage_t
press,Stage-T,55,outer,42,-7.678573308421611,-7.15819277938359,stage_t
press,Stage-T,56,outer,42,-3.495260024522856,-3.821696681816215,stage_t
press,Stage-T,57,outer,42,-2.2073053644719876,-2.1059898782015747,stage_t
press,Stage-T,58,outer,42,-1.8163554420257408,-1.8214589861504105,stage_t
press,Stage-T,59,outer,42,-2.750148488262731,-2.017320473693049,stage_t
press,Stage-T,60,outer,42,-8.587908097944057,-2.8264160054137744,stage_t
press,Stage-T,61,outer,42,-2.7334952537691968,-0.764575363456847,stage_t
press,Stage-T,62,outer,42,-11.146758693806031,-7.725312259600892,stage_t
press,Stage-T,63,outer,42,-37.436987888289956,-35.833469221068796,stage_t
rho,Stage-T,0,inner,42,-30.917370430012646,-11.75562768798591,stage_t
rho,Stage-T,1,inner,42,-46.00125040938817,-26.884534630345453,stage_t
rho,Stage-T,2,inner,42,-139.10783137086165,-27.461717397094723,stage_t
rho,Stage-T,3,inner,42,-194.12563871905104,-21.30320393559652,stage_t
rho,Stage-T,4,inner,42,-258.8777525768249,-9.5993343094419,stage_t
rho,Stage-T,5,inner,42,-33.17180278961026,-5.264723573438266,stage_t
rho,Stage-T,6,inner,42,-8.946219726541274,-3.266283341151599,stage_t
rho,Stage-T,7,inner,42,-4.908651950897669,-1.7466455506222938,stage_t
rho,Stage-T,8,inner,42,-8.4672590232431,-2.113974262413486,stage_t
rho,Stage-T,9,inner,42,-4.217594837593806,-1.8123372252344436,stage_t
rho,Stage-T,10,inner,42,-3.290227044454475,-1.3231967283126238,stage_t
rho,Stage-T,11,inner,42,-6.485393539409015,-1.241265917978616,stage_t
rho,Stage-T,12,inner,42,-3.781496973060322,-1.019075257299899,stage_t
rho,Stage-T,13,inner,42,-2.578547502864455,-1.4623735670569202,stage_t
rho,Stage-T,14,inner,42,-3.4963013846197724,-1.4011366445130016,stage_t
rho,Stage-T,15,inner,42,-49.40125566592987,-1.8748322282085235,stage_t
rho,Stage-T,16,inner,42,-9.98311166962684,-1.7512838442809937,stage_t
rho,Stage-T,17,inner,42,-6.589869349741757,-1.7355712910489862,stage_t
rho,Stage-T,18,inner,42,-3.580507307949428,-2.3609424486521853,stage_t
rho,Stage-T,19,inner,42,-10.129099898200115,-2.1536424664505414,stage_t
rho,Stage-T,20,inner,42,-5.614558456335523,-1.9874596365093604,stage_t
rho,Stage-T,21,middle,42,-7.653574874421909,-2.996521491375188,stage_t
rho,Stage-T,22,middle,42,-11.738395598868108,-3.2743842385551893,stage_t
rho,Stage-T,23,middle,42,-39.81119543693647,-1.8807445014367556,stage_t
rho,Stage-T,24,middle,42,-3.2880615491100675,-0.5511573620146165,stage_t
rho,Stage-T,25,middle,42,-0.5527067664677984,0.09366535321602765,stage_t
rho,Stage-T,26,middle,42,-0.8542187263760342,0.28605206083655216,stage_t
rho,Stage-T,27,middle,42,-1.255349161821393,0.2170091283157416,stage_t
rho,Stage-T,28,middle,42,-2.213942636194826,0.05468160164101582,stage_t
rho,Stage-T,29,middle,42,-12.98918961710475,-0.12318838250774833,stage_t
rho,Stage-T,30,middle,42,-0.27923979006465505,-0.1483195340825343,stage_t
rho,Stage-T,31,middle,42,-0.242605337460312,-0.11376752916390276,stage_t
rho,Stage-T,32,middle,42,-6.484804034477727,-0.01761616514217168,stage_t
rho,Stage-T,33,middle,42,-3.4294058757959363,0.1058147132062176,stage_t
rho,Stage-T,34,middle,42,-0.84137219553763,0.19767921542058087,stage_t
rho,Stage-T,35,middle,42,0.07587282176975864,0.2962395746415898,stage_t
rho,Stage-T,36,middle,42,0.26431183237536826,0.5090728414117411,stage_t
rho,Stage-T,37,middle,42,-0.5422398224541011,0.4123151764262093,stage_t
rho,Stage-T,38,middle,42,-0.9520013053418908,0.5963187084054654,stage_t
rho,Stage-T,39,middle,42,-0.9780332705933904,-0.04665715372625723,stage_t
rho,Stage-T,40,middle,42,-2.138837278624235,-0.06795591181937344,stage_t
rho,Stage-T,41,middle,42,-25.812014027709395,-0.18037109710694132,stage_t
rho,Stage-T,42,outer,42,-12.677214951760591,-0.20214293537486028,stage_t
rho,Stage-T,43,outer,42,-1.5907609139170267,-1.341904303309477,stage_t
rho,Stage-T,44,outer,42,-1.2661699305195502,-0.6566467600111368,stage_t
rho,Stage-T,45,outer,42,-0.7804340967756089,-0.07425637557668818,stage_t
rho,Stage-T,46,outer,42,-0.763557295069782,-0.5890335623243098,stage_t
rho,Stage-T,47,outer,42,-5.840947734616577,-2.5304749997581863,stage_t
rho,Stage-T,48,outer,42,-34.124640659816116,-9.092708585400388,stage_t
rho,Stage-T,49,outer,42,-17.61094658453248,-3.961160819667037,stage_t
rho,Stage-T,50,outer,42,-9.274071928699303,-4.175812754123454,stage_t
rho,Stage-T,51,outer,42,-5.577974358441007,-2.851627088535235,stage_t
rho,Stage-T,52,outer,42,-50.36996258152608,-7.874360123335739,stage_t
rho,Stage-T,53,outer,42,-185.06793684768257,-22.33391601355406,stage_t
rho,Stage-T,54,outer,42,-97.62158083087381,-19.713584200579646,stage_t
rho,Stage-T,55,outer,42,-9.99850907053043,-10.721425040102744,stage_t
rho,Stage-T,56,outer,42,-5.509630189133583,-5.858909373291466,stage_t
rho,Stage-T,57,outer,42,-3.6141281821318976,-3.1789809412263295,stage_t
rho,Stage-T,58,outer,42,-2.877637691183625,-2.785730052504049,stage_t
rho,Stage-T,59,outer,42,-4.071607513530566,-3.162796625307407,stage_t
rho,Stage-T,60,outer,42,-11.778290200971822,-4.1955892239905115,stage_t
rho,Stage-T,61,outer,42,-4.288924315999599,-1.7823533351056764,stage_t
rho,Stage-T,62,outer,42,-17.629798274104996,-14.767645470954058,stage_t
rho,Stage-T,63,outer,42,-35.686533106565356,-32.33892092932728,stage_t
vel1,Stage-T,0,inner,42,-21.260357645847446,-0.9710017838285812,stage_t
vel1,Stage-T,1,inner,42,-3.1649812665649373,-0.679389938437152,stage_t
vel1,Stage-T,2,inner,42,-5.611566184937212,-1.3081023358190944,stage_t
vel1,Stage-T,3,inner,42,-25.329109721443803,-1.474378645642543,stage_t
vel1,Stage-T,4,inner,42,-17.12380201770781,-2.4362465973872283,stage_t
vel1,Stage-T,5,inner,42,-25.704742109167547,-2.8285839794685836,stage_t
vel1,Stage-T,6,inner,42,-73.63325025185807,-3.1228054577696067,stage_t
vel1,Stage-T,7,inner,42,-6.1490277517575676,-2.501686120726509,stage_t
vel1,Stage-T,8,inner,42,-5.79197216797114,-2.4352670586445666,stage_t
vel1,Stage-T,9,inner,42,-10.101309580758809,-2.6895048107770765,stage_t
vel1,Stage-T,10,inner,42,-8.361477942432893,-2.534076898481525,stage_t
vel1,Stage-T,11,inner,42,-10.063989690082236,-2.2070216533411617,stage_t
vel1,Stage-T,12,inner,42,-5.571617772076088,-1.997960170591338,stage_t
vel1,Stage-T,13,inner,42,-11.699761628778381,-2.011551025300153,stage_t
vel1,Stage-T,14,inner,42,-17.6261733450542,-1.9568384044632978,stage_t
vel1,Stage-T,15,inner,42,-7.608859272187591,-1.3476372185198424,stage_t
vel1,Stage-T,16,inner,42,-4.812315133138982,-0.9420760229539307,stage_t
vel1,Stage-T,17,inner,42,-3.3574921563936564,-0.6427153206389481,stage_t
vel1,Stage-T,18,inner,42,-3.3225856216754486,-0.2758172098970011,stage_t
vel1,Stage-T,19,inner,42,-2.2715698897329757,0.058666116901161136,stage_t
vel1,Stage-T,20,inner,42,-0.014396586983995072,0.3816766123043005,stage_t
vel1,Stage-T,21,middle,42,-0.274489556127509,0.05410623237203038,stage_t
vel1,Stage-T,22,middle,42,-0.2524962515670637,-0.03512127879796534,stage_t
vel1,Stage-T,23,middle,42,-0.5099702160656555,-0.06994025817652494,stage_t
vel1,Stage-T,24,middle,42,-2.771572478814968,-0.35136722490126204,stage_t
vel1,Stage-T,25,middle,42,-1.2547284745457359,-0.37856462044661965,stage_t
vel1,Stage-T,26,middle,42,-1.4628762739469998,-0.4498672771109189,stage_t
vel1,Stage-T,27,middle,42,-7.0693857632979515,-0.6555939026287927,stage_t
vel1,Stage-T,28,middle,42,-3.4552636559998446,-0.5627122232352995,stage_t
vel1,Stage-T,29,middle,42,-4.099886703945087,-0.6144869003440819,stage_t
vel1,Stage-T,30,middle,42,-6.233870412561226,-0.5607540066513323,stage_t
vel1,Stage-T,31,middle,42,-9.788155876407808,-0.4368154001308965,stage_t
vel1,Stage-T,32,middle,42,-1.0937822837830429,-0.393424136165201,stage_t
vel1,Stage-T,33,middle,42,-0.38814589886196915,-0.3505217165946912,stage_t
vel1,Stage-T,34,middle,42,-0.29865961545266984,-0.26628946506435125,stage_t
vel1,Stage-T,35,middle,42,-2.427973426183011,-0.2759849287122649,stage_t
vel1,Stage-T,36,middle,42,-0.7624986056195521,-0.2468950014044854,stage_t
vel1,Stage-T,37,middle,42,-0.28208566962728054,-0.21891999357088232,stage_t
vel1,Stage-T,38,middle,42,-1.3838572145897097,-0.18639624521291065,stage_t
vel1,Stage-T,39,middle,42,-0.2100542609046898,-0.13487768777167675,stage_t
vel1,Stage-T,40,middle,42,-0.24087037225935898,-0.16237366882912152,stage_t
vel1,Stage-T,41,middle,42,-0.3518908430065991,-0.10853104108235545,stage_t
vel1,Stage-T,42,outer,42,-0.37855887247516806,-0.08889796391911242,stage_t
vel1,Stage-T,43,outer,42,-0.47097674560712804,-0.1954132720623738,stage_t
vel1,Stage-T,44,outer,42,-0.8691983749466685,-0.22209137599862205,stage_t
vel1,Stage-T,45,outer,42,-1.2198901072406212,-0.35721083555462996,stage_t
vel1,Stage-T,46,outer,42,-1.6719667246523267,-0.4444866447942747,stage_t
vel1,Stage-T,47,outer,42,-0.7856555122823708,-0.4254442351548394,stage_t
vel1,Stage-T,48,outer,42,-1.7543285818877077,-0.6606823134404617,stage_t
vel1,Stage-T,49,outer,42,-11.22446343775473,-0.6468823993744919,stage_t
vel1,Stage-T,50,outer,42,-2.7789740922134545,-0.5922654156347236,stage_t
vel1,Stage-T,51,outer,42,-2.512675521384834,-0.6161630571592908,stage_t
vel1,Stage-T,52,outer,42,-0.9607212119750341,-0.5942995987890365,stage_t
vel1,Stage-T,53,outer,42,-1.9730474811202863,-0.8084343779279421,stage_t
vel1,Stage-T,54,outer,42,-3.1948005976198637,-1.2084346813418538,stage_t
vel1,Stage-T,55,outer,42,-4.91340214166178,-1.706340561542878,stage_t
vel1,Stage-T,56,outer,42,-6.821895080635184,-1.8238968937839073,stage_t
vel1,Stage-T,57,outer,42,-4.309539778583067,-1.9329576797954569,stage_t
vel1,Stage-T,58,outer,42,-10.700985451527302,-1.767634559649373,stage_t
vel1,Stage-T,59,outer,42,-7.081352938248399,-2.624582808377106,stage_t
vel1,Stage-T,60,outer,42,-9.851591555009682,-4.961874770359078,stage_t
vel1,Stage-T,61,outer,42,-11.036188607573132,-2.5891405907790377,stage_t
vel1,Stage-T,62,outer,42,-23.090710387667396,-3.2090640674825375,stage_t
vel1,Stage-T,63,outer,42,-48.69966841165667,-2.678114354503749,stage_t
vel2,Stage-T,0,inner,42,-6.275386081424614,-1.6467123713791674,stage_t
vel2,Stage-T,1,inner,42,-21.019920896587557,-2.0707110296204636,stage_t
vel2,Stage-T,2,inner,42,-8.554635789422678,-3.2185072269553667,stage_t
vel2,Stage-T,3,inner,42,-6.279428914189019,-2.528528923479784,stage_t
vel2,Stage-T,4,inner,42,-7.682542320162482,-2.7142751006102133,stage_t
vel2,Stage-T,5,inner,42,-116.29491571235233,-1.9796002459211761,stage_t
vel2,Stage-T,6,inner,42,-5.7185284338403495,-1.0649057584069783,stage_t
vel2,Stage-T,7,inner,42,-4.724683230792586,-1.2320933108699001,stage_t
vel2,Stage-T,8,inner,42,-6.189541395569682,-1.3539452745874592,stage_t
vel2,Stage-T,9,inner,42,-4.5849489618586015,-1.2249430329422384,stage_t
vel2,Stage-T,10,inner,42,-14.633702959953084,-1.8603109133422315,stage_t
vel2,Stage-T,11,inner,42,-7.057542293427428,-2.13396699532308,stage_t
vel2,Stage-T,12,inner,42,-34.93845856214539,-2.8764876189375315,stage_t
vel2,Stage-T,13,inner,42,-7.155040551944993,-2.588832226560965,stage_t
vel2,Stage-T,14,inner,42,-7.291819334815872,-2.373273599119392,stage_t
vel2,Stage-T,15,inner,42,-6.145207731501805,-1.6232192921596431,stage_t
vel2,Stage-T,16,inner,42,-4.7895436029947565,-1.9921014177547502,stage_t
vel2,Stage-T,17,inner,42,-6.92154888808496,-1.0275409576385286,stage_t
vel2,Stage-T,18,inner,42,-4.41435747577391,-1.4902215059556798,stage_t
vel2,Stage-T,19,inner,42,-7.266820550534853,-2.7563192610737985,stage_t
vel2,Stage-T,20,inner,42,-23.79958525934565,-3.793806792740904,stage_t
vel2,Stage-T,21,middle,42,-63.99895704684286,-6.18771998029149,stage_t
vel2,Stage-T,22,middle,42,-19.905083274775148,-10.279039867507791,stage_t
vel2,Stage-T,23,middle,42,-50.95192819885479,-12.246971576486459,stage_t
vel2,Stage-T,24,middle,42,-79.607727635976,-19.58109547055264,stage_t
vel2,Stage-T,25,middle,42,-139.58529256078137,-18.521945055712504,stage_t
vel2,Stage-T,26,middle,42,-117.46521642656275,-24.644095325886077,stage_t
vel2,Stage-T,27,middle,42,-118.1669537983129,-31.346530301855573,stage_t
vel2,Stage-T,28,middle,42,-371.6083514289753,-24.413614395061973,stage_t
vel2,Stage-T,29,middle,42,-102.95588615198069,-18.03710611369784,stage_t
vel2,Stage-T,30,middle,42,-496.8570667650071,-17.939389319029125,stage_t
vel2,Stage-T,31,middle,42,-810.587224192063,-14.743191031054582,stage_t
vel2,Stage-T,32,middle,42,-40.66988259526231,-7.976198744206425,stage_t
vel2,Stage-T,33,middle,42,-25.437498437013534,-5.581161125567224,stage_t
vel2,Stage-T,34,middle,42,-24.673041833063248,-3.2536240169422137,stage_t
vel2,Stage-T,35,middle,42,-52.881029874085556,-4.480540088939957,stage_t
vel2,Stage-T,36,middle,42,-45.86215488057633,-8.868975811994925,stage_t
vel2,Stage-T,37,middle,42,-31.79903647397918,-6.392066350881793,stage_t
vel2,Stage-T,38,middle,42,-72.9859718903143,-4.799239688786749,stage_t
vel2,Stage-T,39,middle,42,-76.06216778915986,-7.8988383279420145,stage_t
vel2,Stage-T,40,middle,42,-136.028513734854,-7.848635075120369,stage_t
vel2,Stage-T,41,middle,42,-43.76946145514852,-7.5596589694344924,stage_t
vel2,Stage-T,42,outer,42,-20.849400678462253,-5.0292203882652196,stage_t
vel2,Stage-T,43,outer,42,-25.06661974224964,-6.41743035378259,stage_t
vel2,Stage-T,44,outer,42,-29.16809868573738,-7.192778738161007,stage_t
vel2,Stage-T,45,outer,42,-24.72253163199791,-4.818015569071006,stage_t
vel2,Stage-T,46,outer,42,-15.263032560777251,-6.796445151744798,stage_t
vel2,Stage-T,47,outer,42,-27.380350889381173,-6.61890327952738,stage_t
vel2,Stage-T,48,outer,42,-24.359845377426083,-13.227559588185535,stage_t
vel2,Stage-T,49,outer,42,-54.20218766088475,-10.430378565467905,stage_t
vel2,Stage-T,50,outer,42,-24.077361310828447,-12.897473884845411,stage_t
vel2,Stage-T,51,outer,42,-1766.8186590544733,-9.087153908658223,stage_t
vel2,Stage-T,52,outer,42,-8.888534730395413,-3.7140860242179343,stage_t
vel2,Stage-T,53,outer,42,-3.9883577803523984,-0.4794362321772705,stage_t
vel2,Stage-T,54,outer,42,-3.4077025605570426,-1.6091902725879048,stage_t
vel2,Stage-T,55,outer,42,-469.70393169026335,-2.947437317870186,stage_t
vel2,Stage-T,56,outer,42,-140.84751164793013,-5.386525636372843,stage_t
vel2,Stage-T,57,outer,42,-37.39334417097568,-6.267101867702332,stage_t
vel2,Stage-T,58,outer,42,-38.824175837638464,-13.86688433930451,stage_t
vel2,Stage-T,59,outer,42,-37.84266325685705,-8.187504740581298,stage_t
vel2,Stage-T,60,outer,42,-38.86186238394849,-9.648030677935424,stage_t
vel2,Stage-T,61,outer,42,-56.81502517327107,-24.022545621322358,stage_t
vel2,Stage-T,62,outer,42,-109.65135341131203,-18.830114500542884,stage_t
vel2,Stage-T,63,outer,42,-588.6698440723954,-251.93888319766847,stage_t
vel3,Stage-T,0,inner,42,-0.06856187049083683,0.030627518502170326,stage_t
vel3,Stage-T,1,inner,42,-0.017237074272924133,0.009344857623345859,stage_t
vel3,Stage-T,2,inner,42,-1.3838623580862373,0.04736955315265745,stage_t
vel3,Stage-T,3,inner,42,-5.123462067159248,-0.17938300981324173,stage_t
vel3,Stage-T,4,inner,42,-3.1833490481176163,-0.4130083983888059,stage_t
vel3,Stage-T,5,inner,42,-3.544807397969056,-0.7958802828847047,stage_t
vel3,Stage-T,6,inner,42,-218.61039998983128,-0.9194726685617444,stage_t
vel3,Stage-T,7,inner,42,-18.566803292022627,-1.1420324463305647,stage_t
vel3,Stage-T,8,inner,42,-4.275126141015403,-2.024457990494184,stage_t
vel3,Stage-T,9,inner,42,-14.094408941784184,-1.9109118498785018,stage_t
vel3,Stage-T,10,inner,42,-13.488750304407,-2.2348488684196814,stage_t
vel3,Stage-T,11,inner,42,-17.937080144008764,-3.0530663327383096,stage_t
vel3,Stage-T,12,inner,42,-19.00563760781276,-3.132777728680245,stage_t
vel3,Stage-T,13,inner,42,-26.754806948097798,-3.4832498737854536,stage_t
vel3,Stage-T,14,inner,42,-8.664410264258,-3.6034179075289514,stage_t
vel3,Stage-T,15,inner,42,-11.289812041881065,-3.7793027024775565,stage_t
vel3,Stage-T,16,inner,42,-12.445221975245435,-4.30488476604065,stage_t
vel3,Stage-T,17,inner,42,-5.3224015177115405,-3.1897718889961904,stage_t
vel3,Stage-T,18,inner,42,-3.0721903230452674,-1.8983591078129416,stage_t
vel3,Stage-T,19,inner,42,-2.0703776546597408,-1.2729167102982122,stage_t
vel3,Stage-T,20,inner,42,-3.796562012323566,-0.6322498806438125,stage_t
vel3,Stage-T,21,middle,42,-3.219498408063993,-0.7940760637256788,stage_t
vel3,Stage-T,22,middle,42,-3.132441665038898,-0.2600927205618686,stage_t
vel3,Stage-T,23,middle,42,-3.4689358703678357,-0.10145756416581853,stage_t
vel3,Stage-T,24,middle,42,-2.7434156939566927,-0.19214632856838598,stage_t
vel3,Stage-T,25,middle,42,-0.5510730132601998,-0.14362381211484154,stage_t
vel3,Stage-T,26,middle,42,-0.4913211135967497,-0.11501712835051758,stage_t
vel3,Stage-T,27,middle,42,-0.6199257904792017,-0.14041417405388956,stage_t
vel3,Stage-T,28,middle,42,-1.2193379643128097,-0.1356982429504111,stage_t
vel3,Stage-T,29,middle,42,-0.8056560239646509,-0.12568570436266768,stage_t
vel3,Stage-T,30,middle,42,-1.8979802739756448,-0.3356861555259839,stage_t
vel3,Stage-T,31,middle,42,-1.0790442854415085,-0.20711203089677177,stage_t
vel3,Stage-T,32,middle,42,-1.1441491578542944,-0.30644948220101587,stage_t
vel3,Stage-T,33,middle,42,-1.1251208155735668,-0.02784910843492594,stage_t
vel3,Stage-T,34,middle,42,-1.0926952331945092,-0.027547781038607444,stage_t
vel3,Stage-T,35,middle,42,-0.5617992257230646,-0.00972615595497961,stage_t
vel3,Stage-T,36,middle,42,-0.7617527603044003,-0.04886368663804197,stage_t
vel3,Stage-T,37,middle,42,-1.0572582324329272,-0.05358398208960635,stage_t
vel3,Stage-T,38,middle,42,-1.160600276085716,0.004578123138442747,stage_t
vel3,Stage-T,39,middle,42,-5.178379961670321,-0.04185117925397519,stage_t
vel3,Stage-T,40,middle,42,-2.008731437579519,-0.01495581009190966,stage_t
vel3,Stage-T,41,middle,42,-1.6223378478615464,0.035576780632929794,stage_t
vel3,Stage-T,42,outer,42,-0.3548486765593565,0.07811928272489066,stage_t
vel3,Stage-T,43,outer,42,-0.669515885569246,0.18379743442487367,stage_t
vel3,Stage-T,44,outer,42,-1.5090789419822668,0.07185143315712861,stage_t
vel3,Stage-T,45,outer,42,-2.491187024331184,-0.11670082816115901,stage_t
vel3,Stage-T,46,outer,42,-1.984381868851742,-0.27342997494138244,stage_t
vel3,Stage-T,47,outer,42,-2.903131565480175,-0.35700982853859076,stage_t
vel3,Stage-T,48,outer,42,-6.74066791530196,-0.20203376001000295,stage_t
vel3,Stage-T,49,outer,42,-1.4052247504924995,-0.09091934195852996,stage_t
vel3,Stage-T,50,outer,42,-2.119283147547571,-0.02276739904034869,stage_t
vel3,Stage-T,51,outer,42,-2.6266828907601543,-0.009444069188369764,stage_t
vel3,Stage-T,52,outer,42,-1.1461091701792143,-0.022312217937757173,stage_t
vel3,Stage-T,53,outer,42,-3.4307944924022165,-0.22684727759735912,stage_t
vel3,Stage-T,54,outer,42,-6.781867539957662,-0.4544959885186918,stage_t
vel3,Stage-T,55,outer,42,-1.8310803281567483,-0.3047562222532353,stage_t
vel3,Stage-T,56,outer,42,-1.544427750306589,-0.3865100578938383,stage_t
vel3,Stage-T,57,outer,42,-4.763424413294553,-0.30571502745258317,stage_t
vel3,Stage-T,58,outer,42,-1.1225229123283822,-0.40158681983996347,stage_t
vel3,Stage-T,59,outer,42,-34.305113042737666,-0.3984759793828401,stage_t
vel3,Stage-T,60,outer,42,-1.7499289290254194,-0.46743463190461954,stage_t
vel3,Stage-T,61,outer,42,-7.80665778849427,-1.8723367201916885,stage_t
vel3,Stage-T,62,outer,42,-20.037652766514412,-0.2646045223140525,stage_t
vel3,Stage-T,63,outer,42,-14.142524960657465,-1.2043627184412025,stage_t
